frame_name,left_temp,right_temp,frame_index,motion_coordinate_valid,motion_center_step_norm,motion_scale_step_log,motion_angle_step_rad,motion_score,motion_center_flag,motion_scale_flag,motion_angle_flag,motion_artifact_raw,motion_artifact,motion_center_threshold,motion_scale_threshold,motion_angle_threshold,left_missing_raw,right_missing_raw,left_quality_valid,right_quality_valid,quality_any_valid,left_temp_motion_filtered,right_temp_motion_filtered,left_temp_used,right_temp_used,left_repaired,right_repaired,left_motion_interpolated,right_motion_interpolated,left_norm,right_norm,fused_norm,fused_repaired,fusion_source,selected_fusion_mode,peak_retune_rule,edge_peak_completion,edge_peak_added,smoothing_method,butterworth_order,butterworth_cutoff_hz,rr_estimator,time_peak_count,spectral_count,autocorr_count,joint_count,joint_adjusted,smoothed_norm,is_peak,source_peak_rejected,quality_peak_rejected,mad_ibi_peak_rejected,motion_peak_rejected,motion_interval_peak_rejected,motion_reconstructed_peak,peak_number,event_source,target_time_seconds
frame_000000.jpg,,,0,False,,,,0.0,False,False,False,False,False,1.1602686808009983,0.21646845063349857,0.18,True,True,False,False,False,,,32.87770874562097,33.842780628192116,True,True,False,False,0.6485049609882083,0.9478206634733267,0.6485049609882083,False,missing,left,none,none,0,moving_average,4,2.0,peak,11,-1,-1,11,False,,False,False,False,False,False,False,False,,,0.0
frame_000001.jpg,,,1,False,,,,0.0,False,False,False,False,False,1.1602686808009983,0.21646845063349857,0.18,True,True,False,False,False,,,32.87770874562097,33.842780628192116,True,True,False,False,0.6485049609882083,0.9478206634733267,0.6485049609882083,False,missing,left,none,none,0,moving_average,4,2.0,peak,11,-1,-1,11,False,0.6485049609882083,False,False,False,False,False,False,False,,,0.1149425287356322
frame_000002.jpg,,,2,False,,,,0.0,False,False,False,False,False,1.1602686808009983,0.21646845063349857,0.18,True,True,False,False,False,,,32.87770874562097,33.842780628192116,True,True,False,False,0.6485049609882083,0.9478206634733267,0.6485049609882083,False,missing,left,none,none,0,moving_average,4,2.0,peak,11,-1,-1,11,False,0.6485049609882083,False,False,False,False,False,False,False,,,0.2298850574712644
frame_000003.jpg,32.87770874562097,33.842780628192116,3,True,,,,0.0,False,False,False,False,False,1.1602686808009983,0.21646845063349857,0.18,False,False,True,True,True,32.87770874562097,33.842780628192116,32.87770874562097,33.842780628192116,False,False,False,False,0.6485049609882083,0.9478206634733267,0.6485049609882083,False,both,left,none,none,0,moving_average,4,2.0,peak,11,-1,-1,11,False,0.6505171094301643,False,False,False,False,False,False,False,,,0.3448275862068966
frame_000004.jpg,,,4,False,,,,0.0,False,False,False,False,False,1.1602686808009983,0.21646845063349857,0.18,True,True,False,False,False,,,32.89849503652324,33.789205193929256,True,True,False,False,0.6545414063140763,0.9414988408376227,0.6545414063140763,False,missing,left,none,none,0,moving_average,4,2.0,peak,11,-1,-1,11,False,0.6545414063140755,False,False,False,False,False,False,False,,,0.4597701149425288
frame_000005.jpg,,,5,False,,,,0.0,False,False,False,False,False,1.1602686808009983,0.21646845063349857,0.18,True,True,False,False,False,,,32.919281327425495,33.73562975966639,True,True,False,False,0.6605778516399422,0.9351770182019179,0.6605778516399422,False,missing,left,none,none,0,moving_average,4,2.0,peak,11,-1,-1,11,False,0.6605778516399429,False,False,False,False,False,False,False,,,0.574712643678161
frame_000006.jpg,,,6,False,,,,0.0,False,False,False,False,False,1.1602686808009983,0.21646845063349857,0.18,True,True,False,False,False,,,32.94006761832776,33.68205432540353,True,True,False,False,0.6666142969658102,0.928855195566214,0.6666142969658102,False,missing,left,none,none,0,moving_average,4,2.0,peak,11,-1,-1,11,False,0.6666142969658102,False,False,False,False,False,False,False,,,0.6896551724137931
frame_000007.jpg,,,7,False,,,,0.0,False,False,False,False,False,1.1602686808009983,0.21646845063349857,0.18,True,True,False,False,False,,,32.960853909230025,33.62847889114066,True,True,False,False,0.6726507422916782,0.9225333729305092,0.6726507422916782,False,missing,left,none,none,0,moving_average,4,2.0,peak,11,-1,-1,11,False,0.6726507422916782,False,False,False,False,False,False,False,,,0.8045977011494253
frame_000008.jpg,,,8,False,,,,0.0,False,False,False,False,False,1.1602686808009983,0.21646845063349857,0.18,True,True,False,False,False,,,32.98164020013229,33.5749034568778,True,True,False,False,0.6786871876175462,0.9162115502948052,0.6786871876175462,False,missing,left,none,none,0,moving_average,4,2.0,peak,11,-1,-1,11,False,0.6786871876175455,False,False,False,False,False,False,False,,,0.9195402298850576
frame_000009.jpg,,,9,False,,,,0.0,False,False,False,False,False,1.1602686808009983,0.21646845063349857,0.18,True,True,False,False,False,,,33.00242649103455,33.52132802261493,True,True,False,False,0.6847236329434121,0.9098897276591004,0.6847236329434121,False,missing,left,none,none,0,moving_average,4,2.0,peak,11,-1,-1,11,False,0.6847236329434128,False,False,False,False,False,False,False,,,1.0344827586206897
frame_000010.jpg,,,10,False,,,,0.0,False,False,False,False,False,1.1602686808009983,0.21646845063349857,0.18,True,True,False,False,False,,,33.02321278193681,33.46775258835207,True,True,False,False,0.6907600782692801,0.9035679050233965,0.6907600782692801,False,missing,left,none,none,0,moving_average,4,2.0,peak,11,-1,-1,11,False,0.69076007826928,False,False,False,False,False,False,False,,,1.149425287356322
frame_000011.jpg,,,11,False,,,,0.0,False,False,False,False,False,1.1602686808009983,0.21646845063349857,0.18,True,True,False,False,False,,,33.04399907283908,33.4141771540892,True,True,False,False,0.6967965235951481,0.8972460823876917,0.6967965235951481,False,missing,left,none,none,0,moving_average,4,2.0,peak,11,-1,-1,11,False,0.6967965235951481,False,False,False,False,False,False,False,,,1.264367816091954
frame_000012.jpg,,,12,False,,,,0.0,False,False,False,False,False,1.1602686808009983,0.21646845063349857,0.18,True,True,False,False,False,,,33.06478536374134,33.36060171982634,True,True,False,False,0.7028329689210161,0.8909242597519877,0.7028329689210161,False,missing,left,none,none,0,moving_average,4,2.0,peak,11,-1,-1,11,False,0.7028329689210153,False,False,False,False,False,False,False,,,1.3793103448275863
frame_000013.jpg,,,13,False,,,,0.0,False,False,False,False,False,1.1602686808009983,0.21646845063349857,0.18,True,True,False,False,False,,,33.0855716546436,33.307026285563474,True,True,False,False,0.708869414246882,0.884602437116283,0.708869414246882,False,missing,left,none,none,0,moving_average,4,2.0,peak,11,-1,-1,11,False,0.7088694142468827,True,False,False,False,False,False,False,1,,1.4942528735632186
frame_000014.jpg,33.10635794554587,33.25345085130061,14,True,,,,0.0,False,False,False,False,True,1.1602686808009983,0.21646845063349857,0.18,False,False,True,True,True,33.10635794554587,33.25345085130061,33.10635794554587,33.25345085130061,False,False,True,True,0.71490585957275,0.8782806144805789,0.71490585957275,False,both,left,none,none,0,moving_average,4,2.0,peak,11,-1,-1,11,False,0.6665496783034598,False,False,False,False,False,False,False,,,1.6091954022988506
frame_000015.jpg,32.62760571840071,32.79922603187765,15,True,0.516684498380657,0.5328648495881252,0.03536451912210781,2.461628232791833,False,True,False,True,True,1.1602686808009983,0.21646845063349857,0.18,False,False,True,True,True,32.62760571840071,32.79922603187765,32.62760571840071,32.79922603187765,False,False,True,True,0.5758737610907475,0.8246827522395032,0.5758737610907475,False,both,left,none,none,0,moving_average,4,2.0,peak,11,-1,-1,11,False,0.6222177939180816,False,False,False,False,False,False,False,,,1.7241379310344829
frame_000016.jpg,32.62760571840071,32.79922603187765,16,True,0.0,0.0,0.0,0.0,False,False,False,False,True,1.1602686808009983,0.21646845063349857,0.18,False,False,True,True,True,32.62760571840071,32.79922603187765,32.62760571840071,32.79922603187765,False,False,True,True,0.5758737610907475,0.8246827522395032,0.5758737610907475,False,both,left,none,none,0,moving_average,4,2.0,peak,11,-1,-1,11,False,0.6136886569784975,False,False,False,False,False,False,False,,,1.8390804597701151
frame_000017.jpg,33.01824858051358,33.469293179339886,17,True,0.5279733110146243,0.09653864859868078,0.005406386214285616,0.45504400812588924,False,False,False,False,False,1.1602686808009983,0.21646845063349857,0.18,False,False,True,True,True,33.01824858051358,33.469293179339886,33.01824858051358,33.469293179339886,False,False,False,False,0.6893184487539976,0.9037496924995623,0.6893184487539976,False,both,left,none,none,0,moving_average,4,2.0,peak,11,-1,-1,11,False,0.6623422539168696,False,False,False,False,False,False,False,,,1.9540229885057472
frame_000018.jpg,33.13021665818776,33.72369954926296,18,True,0.6426287127658521,0.07772754726278103,0.009980930463513478,0.553861983348727,False,False,False,False,True,1.1602686808009983,0.21646845063349857,0.18,False,False,True,True,True,33.13021665818776,33.72369954926296,33.13021665818776,33.72369954926296,False,False,True,True,0.721834551905864,0.933769270878638,0.721834551905864,False,both,left,none,none,0,moving_average,4,2.0,peak,11,-1,-1,11,False,0.7732027189746395,False,False,False,False,False,False,False,,,2.0689655172413794
frame_000019.jpg,33.77283826099142,34.046124483511875,19,True,1.557727828928419,0.012917414525946806,0.0013587987667287877,1.3425578529388835,True,False,False,True,True,1.1602686808009983,0.21646845063349857,0.18,False,False,True,True,True,33.77283826099142,34.046124483511875,33.77283826099142,34.046124483511875,False,False,True,True,0.9084551562640573,0.9718149400495016,0.9084551562640573,False,both,left,none,none,0,moving_average,4,2.0,peak,11,-1,-1,11,False,0.8462482881446595,False,False,False,False,False,False,False,,,2.1839080459770117
frame_000020.jpg,33.77283826099142,34.046124483511875,20,True,0.0,0.0,0.0,0.0,False,False,False,False,True,1.1602686808009983,0.21646845063349857,0.18,False,False,True,True,True,33.77283826099142,34.046124483511875,33.77283826099142,34.046124483511875,False,False,True,True,0.9084551562640573,0.9718149400495016,0.9084551562640573,False,both,left,none,none,0,moving_average,4,2.0,peak,11,-1,-1,11,False,0.8627238092388735,True,False,False,False,False,False,False,2,,2.298850574712644
frame_000021.jpg,33.30041532101496,33.21276719046492,21,True,0.7058419862250541,0.03484682976922227,0.016477087703563736,0.6083435655074064,False,False,False,False,False,1.1602686808009983,0.21646845063349857,0.18,False,False,True,True,True,33.30041532101496,33.21276719046492,33.30041532101496,33.21276719046492,False,False,False,False,0.771261115188506,0.8734800021941256,0.771261115188506,False,both,left,none,none,0,moving_average,4,2.0,peak,11,-1,-1,11,False,0.8112817854391349,False,False,False,False,False,False,False,,,2.4137931034482762
frame_000022.jpg,33.24142176655865,33.45857840104863,22,True,0.5721099181419114,0.09393404079733267,0.028873343912293573,0.49308399649894186,False,False,False,False,False,1.1602686808009983,0.21646845063349857,0.18,False,False,True,True,True,33.24142176655865,33.45857840104863,33.24142176655865,33.45857840104863,False,False,False,False,0.7541290848648415,0.9024853643822037,0.7541290848648415,False,both,left,none,none,0,moving_average,4,2.0,peak,11,-1,-1,11,False,0.7632300250410692,False,False,False,False,False,False,False,,,2.528735632183908
frame_000023.jpg,33.27644453119821,33.508796275820785,23,True,0.4824011745847163,0.04711815506264575,0.0008131378988494378,0.4157667810628895,False,False,False,False,False,1.1602686808009983,0.21646845063349857,0.18,False,False,True,True,True,33.27644453119821,33.508796275820785,33.27644453119821,33.508796275820785,False,False,False,False,0.7642998750698602,0.9084109999243061,0.7642998750698602,False,both,left,none,none,0,moving_average,4,2.0,peak,11,-1,-1,11,False,0.78997813920342,False,False,False,False,False,False,False,,,2.6436781609195403
frame_000024.jpg,33.57673394168548,33.732698454110775,24,True,0.45550277146358853,0.0398360498495778,0.025828487381684646,0.39258387216754786,False,False,False,False,False,1.1602686808009983,0.21646845063349857,0.18,False,False,True,True,True,33.57673394168548,33.732698454110775,33.57673394168548,33.732698454110775,False,False,False,False,0.8515054576755585,0.9348311284472457,0.8515054576755585,False,both,left,none,none,0,moving_average,4,2.0,peak,11,-1,-1,11,False,0.8044248467515982,False,False,False,False,False,False,False,,,2.7586206896551726
frame_000025.jpg,33.390661981353375,33.66906359941281,25,True,0.39354110435728223,0.0063372838943806615,0.018500025880389515,0.3391810111478652,False,False,False,False,False,1.1602686808009983,0.21646845063349857,0.18,False,False,True,True,True,33.390661981353375,33.66906359941281,33.390661981353375,33.66906359941281,False,False,False,False,0.797469207509376,0.9273223089596506,0.797469207509376,False,both,left,none,none,0,moving_average,4,2.0,peak,11,-1,-1,11,False,0.7910566225436155,False,False,False,False,False,False,False,,,2.873563218390805
frame_000026.jpg,33.138345476754836,33.559861514509016,26,True,0.3609950683566302,0.03893648721692149,0.030349725278710354,0.3111305806405247,False,False,False,False,False,1.1602686808009983,0.21646845063349857,0.18,False,False,True,True,True,33.138345476754836,33.559861514509016,33.138345476754836,33.559861514509016,False,False,False,False,0.7241952024459124,0.9144366231652301,0.7241952024459124,False,both,left,none,none,0,moving_average,4,2.0,peak,11,-1,-1,11,False,0.7709314202458042,False,False,False,False,False,False,False,,,2.988505747126437
frame_000027.jpg,33.36883262550695,33.84097648188617,27,True,0.40365395273566257,0.004104845374724416,0.025447722064006292,0.3478969650865674,False,False,False,False,False,1.1602686808009983,0.21646845063349857,0.18,False,False,True,True,True,33.36883262550695,33.84097648188617,33.36883262550695,33.84097648188617,False,False,False,False,0.7911298507821245,0.9476077768563173,0.7911298507821245,False,both,left,none,none,0,moving_average,4,2.0,peak,11,-1,-1,11,False,0.7715368566883918,False,False,False,False,False,False,False,,,3.1034482758620694
frame_000028.jpg,33.39691637976457,34.200630055480275,28,True,0.22323552330532512,0.004314577638029309,0.020436780451394878,0.19239985272308924,False,False,False,False,False,1.1602686808009983,0.21646845063349857,0.18,False,False,True,True,True,33.39691637976457,34.200630055480275,33.39691637976457,34.200630055480275,False,False,False,False,0.7992855168371384,0.990046370847055,0.7992855168371384,False,both,left,none,none,0,moving_average,4,2.0,peak,11,-1,-1,11,False,0.7875084559663801,False,False,False,False,False,False,False,,,3.218390804597701
frame_000029.jpg,33.30333842749556,33.916701816547885,29,True,0.22428511037927334,0.021678117753395395,0.01706669260098877,0.1933044596398455,False,False,False,False,False,1.1602686808009983,0.21646845063349857,0.18,False,False,True,True,True,33.30333842749556,33.916701816547885,33.30333842749556,33.916701816547885,False,False,False,False,0.7721100002798773,0.9565432552401579,0.7721100002798773,False,both,left,none,none,0,moving_average,4,2.0,peak,11,-1,-1,11,False,0.7568608807837298,False,False,False,False,False,False,False,,,3.3333333333333335
frame_000030.jpg,33.05223102698058,33.32844337031489,30,True,0.3081957679315173,0.06419311309498996,0.0315625585115934,0.29654720079128266,False,False,False,False,False,1.1602686808009983,0.21646845063349857,0.18,False,False,True,True,True,33.05223102698058,33.32844337031489,33.05223102698058,33.32844337031489,False,False,False,False,0.6991871252341737,0.8871296216932294,0.6991871252341737,False,both,left,none,none,0,moving_average,4,2.0,peak,11,-1,-1,11,False,0.665504405798239,False,False,False,False,False,False,False,,,3.4482758620689657
frame_000031.jpg,32.45316778485079,32.63514279797114,31,True,0.40106172839570736,0.0,0.0,0.34566280641034974,False,False,False,False,False,1.1602686808009983,0.21646845063349857,0.18,False,False,True,True,True,32.45316778485079,32.63514279797114,32.45316778485079,32.63514279797114,False,False,False,False,0.5252160918806662,0.8053211713858551,0.5252160918806662,False,both,left,none,none,0,moving_average,4,2.0,peak,11,-1,-1,11,False,0.6339238334338495,False,False,False,False,False,False,False,,,3.563218390804598
frame_000032.jpg,32.97709859829682,32.754587633921325,32,True,0.15167199044478186,0.09462675238881711,0.029067691185062212,0.4371387706240347,False,False,False,False,False,1.1602686808009983,0.21646845063349857,0.18,False,False,True,True,True,32.97709859829682,32.754587633921325,32.97709859829682,32.754587633921325,False,False,False,False,0.6773682831867086,0.819415486775311,0.6773682831867086,False,both,left,none,none,0,moving_average,4,2.0,peak,11,-1,-1,11,False,0.6334246621296165,False,False,False,False,False,False,False,,,3.6781609195402303
frame_000033.jpg,,,33,False,,,,0.0,False,False,False,False,False,1.1602686808009983,0.21646845063349857,0.18,True,True,False,False,False,,,33.047074389565815,32.899216281196566,True,True,False,False,0.6976896113214749,0.8364814549507602,0.6976896113214749,False,missing,left,none,none,0,moving_average,4,2.0,peak,11,-1,-1,11,False,0.6976896113214749,False,False,False,False,False,False,False,,,3.7931034482758625
frame_000034.jpg,,,34,False,,,,0.0,False,False,False,False,False,1.1602686808009983,0.21646845063349857,0.18,True,True,False,False,False,,,33.11705018083481,33.043844928471806,True,True,False,False,0.7180109394562412,0.8535474231262096,0.7180109394562412,False,missing,left,none,none,0,moving_average,4,2.0,peak,11,-1,-1,11,False,0.7180109394562418,False,False,False,False,False,False,False,,,3.9080459770114944
frame_000035.jpg,,,35,False,,,,0.0,False,False,False,False,False,1.1602686808009983,0.21646845063349857,0.18,True,True,False,False,False,,,33.18702597210381,33.18847357574705,True,True,False,False,0.7383322675910095,0.8706133913016589,0.7383322675910095,False,missing,left,none,none,0,moving_average,4,2.0,peak,11,-1,-1,11,False,0.7383322675910087,False,False,False,False,False,False,False,,,4.022988505747127
frame_000036.jpg,,,36,False,,,,0.0,False,False,False,False,False,1.1602686808009983,0.21646845063349857,0.18,True,True,False,False,False,,,33.257001763372806,33.33310222302229,True,True,False,False,0.7586535957257757,0.8876793594771083,0.7586535957257757,False,missing,left,none,none,0,moving_average,4,2.0,peak,11,-1,-1,11,False,0.7586535957257756,False,False,False,False,False,False,False,,,4.137931034482759
frame_000037.jpg,,,37,False,,,,0.0,False,False,False,False,False,1.1602686808009983,0.21646845063349857,0.18,True,True,False,False,False,,,33.3269775546418,33.47773087029753,True,True,False,False,0.778974923860542,0.9047453276525577,0.778974923860542,False,missing,left,none,none,0,moving_average,4,2.0,peak,11,-1,-1,11,False,0.778974923860542,False,False,False,False,False,False,False,,,4.252873563218391
frame_000038.jpg,,,38,False,,,,0.0,False,False,False,False,False,1.1602686808009983,0.21646845063349857,0.18,True,True,False,False,False,,,33.396953345910795,33.62235951757277,True,True,False,False,0.7992962519953083,0.921811295828007,0.7992962519953083,False,missing,left,none,none,0,moving_average,4,2.0,peak,11,-1,-1,11,False,0.7992962519953082,False,False,False,False,False,False,False,,,4.367816091954023
frame_000039.jpg,,,39,False,,,,0.0,False,False,False,False,False,1.1602686808009983,0.21646845063349857,0.18,True,True,False,False,False,,,33.46692913717979,33.76698816484801,True,True,False,False,0.8196175801300746,0.9388772640034563,0.8196175801300746,False,missing,left,none,none,0,moving_average,4,2.0,peak,11,-1,-1,11,False,0.8196175801300751,False,False,False,False,False,False,False,,,4.482758620689656
frame_000040.jpg,,,40,False,,,,0.0,False,False,False,False,False,1.1602686808009983,0.21646845063349857,0.18,True,True,False,False,False,,,33.53690492844879,33.91161681212325,True,True,False,False,0.839938908264843,0.9559432321789056,0.839938908264843,False,missing,left,none,none,0,moving_average,4,2.0,peak,11,-1,-1,11,False,0.8399389082648422,False,False,False,False,False,False,False,,,4.597701149425288
frame_000041.jpg,,,41,False,,,,0.0,False,False,False,False,False,1.1602686808009983,0.21646845063349857,0.18,True,True,False,False,False,,,33.606880719717786,34.05624545939849,True,True,False,False,0.8602602363996092,0.973009200354355,0.8602602363996092,False,missing,left,none,none,0,moving_average,4,2.0,peak,11,-1,-1,11,False,0.8602602363996092,True,False,False,False,False,False,False,3,,4.71264367816092
frame_000042.jpg,33.67685651098678,34.20087410667373,42,True,,,,0.0,False,False,False,False,False,1.1602686808009983,0.21646845063349857,0.18,False,False,True,True,True,33.67685651098678,34.20087410667373,33.67685651098678,34.20087410667373,False,False,False,False,0.8805815645343755,0.9900751685298044,0.8805815645343755,False,both,left,none,none,0,moving_average,4,2.0,peak,11,-1,-1,11,False,0.8503025981166337,False,False,False,False,False,False,False,,,4.8275862068965525
frame_000043.jpg,33.434038578365666,34.284983893778225,43,True,0.8734134449304101,0.022072327016704158,0.013788472063719364,0.7527682677148917,False,False,False,False,True,1.1602686808009983,0.21646845063349857,0.18,False,False,True,True,True,33.434038578365666,34.284983893778225,33.434038578365666,34.284983893778225,False,False,True,True,0.8100659934159163,1.0,0.8100659934159163,False,both,left,none,none,0,moving_average,4,2.0,peak,11,-1,-1,11,False,0.8399943186675841,False,False,False,False,False,False,False,,,4.942528735632185
frame_000044.jpg,33.50039210741566,33.814950495570905,44,True,1.3737670569349427,0.004794542756538341,0.02085557258606198,1.1840077041350066,True,False,False,True,True,1.1602686808009983,0.21646845063349857,0.18,False,False,True,True,True,33.50039210741566,33.814950495570905,33.50039210741566,33.814950495570905,False,False,True,True,0.8293353980524605,0.9445367486571404,0.8293353980524605,False,both,left,none,none,0,moving_average,4,2.0,peak,11,-1,-1,11,False,0.7927449884879083,False,False,False,False,False,False,False,,,5.057471264367816
frame_000045.jpg,33.188752203385505,33.29655871944602,45,True,0.484260409440612,0.0013227638310111345,0.0011300767230260304,0.41736919857760874,False,False,False,False,True,1.1602686808009983,0.21646845063349857,0.18,False,False,True,True,True,33.188752203385505,33.29655871944602,33.188752203385505,33.29655871944602,False,False,True,True,0.738833573995348,0.8833672796727168,0.738833573995348,False,both,left,none,none,0,moving_average,4,2.0,peak,11,-1,-1,11,False,0.7537373371486629,False,False,False,False,False,False,False,,,5.172413793103448
frame_000046.jpg,33.031074079701,33.01713991762164,46,True,0.5861379696676643,0.028402100220077314,0.013886007329541402,0.5051743439829992,False,False,False,False,False,1.1602686808009983,0.21646845063349857,0.18,False,False,True,True,True,33.031074079701,33.01713991762164,33.031074079701,33.01713991762164,False,False,False,False,0.6930430393981802,0.850396271028198,0.6930430393981802,False,both,left,none,none,0,moving_average,4,2.0,peak,11,-1,-1,11,False,0.7364482850585787,False,False,False,False,False,False,False,,,5.287356321839081
frame_000047.jpg,33.32178934696546,33.540552898306046,47,True,0.8417444291050064,0.01915485532087162,0.00832383091258507,0.7254737140055381,False,False,False,False,False,1.1602686808009983,0.21646845063349857,0.18,False,False,True,True,True,33.32178934696546,33.540552898306046,33.32178934696546,33.540552898306046,False,False,False,False,0.7774682417822081,0.912158234783399,0.7774682417822081,False,both,left,none,none,0,moving_average,4,2.0,peak,11,-1,-1,11,False,0.7727901507938673,False,False,False,False,False,False,False,,,5.402298850574713
frame_000048.jpg,33.56417808020125,33.96349048562326,48,True,0.8878355140479107,0.06736858593352271,0.019731300690099946,0.7651982068799688,False,False,False,False,False,1.1602686808009983,0.21646845063349857,0.18,False,False,True,True,True,33.56417808020125,33.96349048562326,33.56417808020125,33.96349048562326,False,False,False,False,0.8478591712012136,0.9620642495414625,0.8478591712012136,False,both,left,none,none,0,moving_average,4,2.0,peak,11,-1,-1,11,False,0.7610639373522577,False,False,False,False,False,False,False,,,5.517241379310345
frame_000049.jpg,32.9099376472704,33.592571910451184,49,True,0.8324318317354151,0.07648393293539496,0.0040195253152131225,0.717447471874136,False,False,False,False,False,1.1602686808009983,0.21646845063349857,0.18,False,False,True,True,True,32.9099376472704,33.592571910451184,32.9099376472704,33.592571910451184,False,False,False,False,0.6578643990733518,0.9182964018928359,0.6578643990733518,False,both,left,none,none,0,moving_average,4,2.0,peak,11,-1,-1,11,False,0.7211959897826391,False,False,False,False,False,False,False,,,5.6321839080459775
frame_000050.jpg,32.9099376472704,33.592571910451184,50,True,0.0,0.0,0.0,0.0,False,False,False,False,False,1.1602686808009983,0.21646845063349857,0.18,False,False,True,True,True,32.9099376472704,33.592571910451184,32.9099376472704,33.592571910451184,False,False,False,False,0.6578643990733518,0.9182964018928359,0.6578643990733518,False,both,left,none,none,0,moving_average,4,2.0,peak,11,-1,-1,11,False,0.6727276723723676,False,False,False,False,False,False,False,,,5.74712643678161
frame_000051.jpg,33.063481151373345,33.69437482603262,51,True,0.5393863731016406,0.0949518442926239,0.037094782844307075,0.46488057639310926,False,False,False,False,False,1.1602686808009983,0.21646845063349857,0.18,False,False,True,True,True,33.063481151373345,33.69437482603262,33.063481151373345,33.69437482603262,False,False,False,False,0.7024542189703992,0.9303089965634783,0.7024542189703992,False,both,left,none,none,0,moving_average,4,2.0,peak,11,-1,-1,11,False,0.6504342341541467,False,False,False,False,False,False,False,,,5.862068965517242
frame_000052.jpg,32.67963759467331,33.06417112445228,52,True,0.20508901850178826,0.040673013617876785,0.023372707055166895,0.1878934944045958,False,False,False,False,False,1.1602686808009983,0.21646845063349857,0.18,False,False,True,True,True,32.67963759467331,33.06417112445228,32.67963759467331,33.06417112445228,False,False,False,False,0.5909840844186893,0.8559458844287657,0.5909840844186893,False,both,left,none,none,0,moving_average,4,2.0,peak,11,-1,-1,11,False,0.5588087485366922,False,False,False,False,False,False,False,,,5.977011494252874
frame_000053.jpg,31.963410065908498,32.40701532199281,53,True,1.0591670365677586,0.024421356794502636,0.014737785196419433,0.9128635927986579,False,False,False,False,False,1.1602686808009983,0.21646845063349857,0.18,False,False,True,True,True,31.963410065908498,32.40701532199281,31.963410065908498,32.40701532199281,False,False,False,False,0.3829879422209879,0.7784024639351611,0.3829879422209879,False,both,left,none,none,0,moving_average,4,2.0,peak,11,-1,-1,11,False,0.4550344030652659,False,False,False,False,False,False,False,,,6.0919540229885065
frame_000054.jpg,,,54,False,,,,0.0,False,False,False,False,False,1.1602686808009983,0.21646845063349857,0.18,True,True,False,False,False,,,31.991451032629055,32.44471316217567,True,True,False,False,0.3911311825561205,0.7828507537654564,0.3911311825561205,False,missing,left,none,none,0,moving_average,4,2.0,peak,11,-1,-1,11,False,0.39113118255612045,False,False,False,False,False,False,False,,,6.206896551724139
frame_000055.jpg,,,55,False,,,,0.0,False,False,False,False,False,1.1602686808009983,0.21646845063349857,0.18,True,True,False,False,False,,,32.01949199934961,32.482411002358525,True,True,False,False,0.3992744228912531,0.7872990435957519,0.3992744228912531,False,missing,left,none,none,0,moving_average,4,2.0,peak,11,-1,-1,11,False,0.39927442289125337,False,False,False,False,False,False,False,,,6.321839080459771
frame_000056.jpg,,,56,False,,,,0.0,False,False,False,False,False,1.1602686808009983,0.21646845063349857,0.18,True,True,False,False,False,,,32.04753296607017,32.520108842541376,True,True,False,False,0.4074176632263867,0.7917473334260464,0.4074176632263867,False,missing,left,none,none,0,moving_average,4,2.0,peak,11,-1,-1,11,False,0.4074176632263866,False,False,False,False,False,False,False,,,6.436781609195402
frame_000057.jpg,,,57,False,,,,0.0,False,False,False,False,False,1.1602686808009983,0.21646845063349857,0.18,True,True,False,False,False,,,32.07557393279073,32.557806682724234,True,True,False,False,0.4155609035615203,0.7961956232563417,0.4155609035615203,False,missing,left,none,none,0,moving_average,4,2.0,peak,11,-1,-1,11,False,0.41556090356151953,False,False,False,False,False,False,False,,,6.551724137931035
frame_000058.jpg,,,58,False,,,,0.0,False,False,False,False,False,1.1602686808009983,0.21646845063349857,0.18,True,True,False,False,False,,,32.103614899511285,32.59550452290709,True,True,False,False,0.42370414389665184,0.8006439130866372,0.42370414389665184,False,missing,left,none,none,0,moving_average,4,2.0,peak,11,-1,-1,11,False,0.42370414389665245,False,False,False,False,False,False,False,,,6.666666666666667
frame_000059.jpg,,,59,False,,,,0.0,False,False,False,False,False,1.1602686808009983,0.21646845063349857,0.18,True,True,False,False,False,,,32.131655866231846,32.63320236308995,True,True,False,False,0.4318473842317855,0.8050922029169325,0.4318473842317855,False,missing,left,none,none,0,moving_average,4,2.0,peak,11,-1,-1,11,False,0.4318473842317847,False,False,False,False,False,False,False,,,6.781609195402299
frame_000060.jpg,,,60,False,,,,0.0,False,False,False,False,False,1.1602686808009983,0.21646845063349857,0.18,True,True,False,False,False,,,32.1596968329524,32.67090020327281,True,True,False,False,0.439990624566917,0.809540492747228,0.439990624566917,False,missing,left,none,none,0,moving_average,4,2.0,peak,11,-1,-1,11,False,0.4399906245669176,False,False,False,False,False,False,False,,,6.8965517241379315
frame_000061.jpg,,,61,False,,,,0.0,False,False,False,False,False,1.1602686808009983,0.21646845063349857,0.18,True,True,False,False,False,,,32.18773779967296,32.70859804345566,True,True,False,False,0.4481338649020506,0.8139887825775225,0.4481338649020506,False,missing,left,none,none,0,moving_average,4,2.0,peak,11,-1,-1,11,False,0.44813386490205054,False,False,False,False,False,False,False,,,7.011494252873564
frame_000062.jpg,,,62,False,,,,0.0,False,False,False,False,False,1.1602686808009983,0.21646845063349857,0.18,True,True,False,False,False,,,32.21577876639352,32.74629588363852,True,True,False,False,0.45627710523718423,0.8184370724078179,0.45627710523718423,False,missing,left,none,none,0,moving_average,4,2.0,peak,11,-1,-1,11,False,0.45627710523718346,False,False,False,False,False,False,False,,,7.126436781609196
frame_000063.jpg,,,63,False,,,,0.0,False,False,False,False,False,1.1602686808009983,0.21646845063349857,0.18,True,True,False,False,False,,,32.24381973311407,32.783993723821375,True,True,False,False,0.46442034557231576,0.8228853622381133,0.46442034557231576,False,missing,left,none,none,0,moving_average,4,2.0,peak,11,-1,-1,11,False,0.4644203455723164,False,False,False,False,False,False,False,,,7.241379310344828
frame_000064.jpg,,,64,False,,,,0.0,False,False,False,False,False,1.1602686808009983,0.21646845063349857,0.18,True,True,False,False,False,,,32.27186069983463,32.82169156400423,True,True,False,False,0.4725635859074494,0.8273336520684087,0.4725635859074494,False,missing,left,none,none,0,moving_average,4,2.0,peak,11,-1,-1,11,False,0.4725635859074493,False,False,False,False,False,False,False,,,7.356321839080461
frame_000065.jpg,,,65,False,,,,0.0,False,False,False,False,False,1.1602686808009983,0.21646845063349857,0.18,True,True,False,False,False,,,32.29990166655519,32.85938940418709,True,True,False,False,0.480706826242583,0.831781941898704,0.480706826242583,False,missing,left,none,none,0,moving_average,4,2.0,peak,11,-1,-1,11,False,0.48070682624258226,False,False,False,False,False,False,False,,,7.471264367816093
frame_000066.jpg,,,66,False,,,,0.0,False,False,False,False,False,1.1602686808009983,0.21646845063349857,0.18,True,True,False,False,False,,,32.32794263327575,32.89708724436994,True,True,False,False,0.4888500665777145,0.8362302317289986,0.4888500665777145,False,missing,left,none,none,0,moving_average,4,2.0,peak,11,-1,-1,11,False,0.4888500665777151,False,False,False,False,False,False,False,,,7.586206896551725
frame_000067.jpg,,,67,False,,,,0.0,False,False,False,False,False,1.1602686808009983,0.21646845063349857,0.18,True,True,False,False,False,,,32.35598359999631,32.9347850845528,True,True,False,False,0.49699330691284815,0.840678521559294,0.49699330691284815,False,missing,left,none,none,0,moving_average,4,2.0,peak,11,-1,-1,11,False,0.49699330691284804,False,False,False,False,False,False,False,,,7.701149425287357
frame_000068.jpg,,,68,False,,,,0.0,False,False,False,False,False,1.1602686808009983,0.21646845063349857,0.18,True,True,False,False,False,,,32.38402456671687,32.97248292473566,True,True,False,False,0.5051365472479817,0.8451268113895893,0.5051365472479817,False,missing,left,none,none,0,moving_average,4,2.0,peak,11,-1,-1,11,False,0.5051365472479811,False,False,False,False,False,False,False,,,7.816091954022989
frame_000069.jpg,,,69,False,,,,0.0,False,False,False,False,False,1.1602686808009983,0.21646845063349857,0.18,True,True,False,False,False,,,32.41206553343742,33.010180764918516,True,True,False,False,0.5132797875831133,0.8495751012198848,0.5132797875831133,False,missing,left,none,none,0,moving_average,4,2.0,peak,11,-1,-1,11,False,0.513279787583114,False,False,False,False,False,False,False,,,7.931034482758621
frame_000070.jpg,,,70,False,,,,0.0,False,False,False,False,False,1.1602686808009983,0.21646845063349857,0.18,True,True,False,False,False,,,32.44010650015798,33.047878605101374,True,True,False,False,0.5214230279182469,0.8540233910501801,0.5214230279182469,False,missing,left,none,none,0,moving_average,4,2.0,peak,11,-1,-1,11,False,0.5214230279182462,False,False,False,False,False,False,False,,,8.045977011494253
frame_000071.jpg,,,71,False,,,,0.0,False,False,False,False,False,1.1602686808009983,0.21646845063349857,0.18,True,True,False,False,False,,,32.468147466878534,33.085576445284225,True,True,False,False,0.5295662682533785,0.8584716808804747,0.5295662682533785,False,missing,left,none,none,0,moving_average,4,2.0,peak,11,-1,-1,11,False,0.5295662682533792,False,False,False,False,False,False,False,,,8.160919540229886
frame_000072.jpg,,,72,False,,,,0.0,False,False,False,False,False,1.1602686808009983,0.21646845063349857,0.18,True,True,False,False,False,,,32.496188433599094,33.12327428546708,True,True,False,False,0.5377095085885121,0.8629199707107701,0.5377095085885121,False,missing,left,none,none,0,moving_average,4,2.0,peak,11,-1,-1,11,False,0.5377095085885121,False,False,False,False,False,False,False,,,8.275862068965518
frame_000073.jpg,,,73,False,,,,0.0,False,False,False,False,False,1.1602686808009983,0.21646845063349857,0.18,True,True,False,False,False,,,32.524229400319655,33.16097212564994,True,True,False,False,0.5458527489236457,0.8673682605410654,0.5458527489236457,False,missing,left,none,none,0,moving_average,4,2.0,peak,11,-1,-1,11,False,0.545852748923645,False,False,False,False,False,False,False,,,8.39080459770115
frame_000074.jpg,,,74,False,,,,0.0,False,False,False,False,False,1.1602686808009983,0.21646845063349857,0.18,True,True,False,False,False,,,32.55227036704021,33.1986699658328,True,True,False,False,0.5539959892587772,0.8718165503713609,0.5539959892587772,False,missing,left,none,none,0,moving_average,4,2.0,peak,11,-1,-1,11,False,0.5539959892587779,False,False,False,False,False,False,False,,,8.505747126436782
frame_000075.jpg,,,75,False,,,,0.0,False,False,False,False,False,1.1602686808009983,0.21646845063349857,0.18,True,True,False,False,False,,,32.58031133376077,33.23636780601566,True,True,False,False,0.5621392295939108,0.8762648402016562,0.5621392295939108,False,missing,left,none,none,0,moving_average,4,2.0,peak,11,-1,-1,11,False,0.5621392295939108,False,False,False,False,False,False,False,,,8.620689655172415
frame_000076.jpg,,,76,False,,,,0.0,False,False,False,False,False,1.1602686808009983,0.21646845063349857,0.18,True,True,False,False,False,,,32.60835230048133,33.27406564619851,True,True,False,False,0.5702824699290444,0.8807131300319507,0.5702824699290444,False,missing,left,none,none,0,moving_average,4,2.0,peak,11,-1,-1,11,False,0.5702824699290437,False,False,False,False,False,False,False,,,8.735632183908047
frame_000077.jpg,,,77,False,,,,0.0,False,False,False,False,False,1.1602686808009983,0.21646845063349857,0.18,True,True,False,False,False,,,32.63639326720188,33.311763486381366,True,True,False,False,0.578425710264176,0.8851614198622462,0.578425710264176,False,missing,left,none,none,0,moving_average,4,2.0,peak,11,-1,-1,11,False,0.5784257102641767,False,False,False,False,False,False,False,,,8.85057471264368
frame_000078.jpg,,,78,False,,,,0.0,False,False,False,False,False,1.1602686808009983,0.21646845063349857,0.18,True,True,False,False,False,,,32.66443423392244,33.349461326564224,True,True,False,False,0.5865689505993096,0.8896097096925415,0.5865689505993096,False,missing,left,none,none,0,moving_average,4,2.0,peak,11,-1,-1,11,False,0.5865689505993089,False,False,False,False,False,False,False,,,8.965517241379311
frame_000079.jpg,,,79,False,,,,0.0,False,False,False,False,False,1.1602686808009983,0.21646845063349857,0.18,True,True,False,False,False,,,32.692475200642996,33.38715916674708,True,True,False,False,0.5947121909344412,0.8940579995228369,0.5947121909344412,False,missing,left,none,none,0,moving_average,4,2.0,peak,11,-1,-1,11,False,0.5947121909344418,False,False,False,False,False,False,False,,,9.080459770114944
frame_000080.jpg,,,80,False,,,,0.0,False,False,False,False,False,1.1602686808009983,0.21646845063349857,0.18,True,True,False,False,False,,,32.720516167363556,33.42485700692994,True,True,False,False,0.6028554312695747,0.8985062893531324,0.6028554312695747,False,missing,left,none,none,0,moving_average,4,2.0,peak,11,-1,-1,11,False,0.6028554312695747,False,False,False,False,False,False,False,,,9.195402298850576
frame_000081.jpg,,,81,False,,,,0.0,False,False,False,False,False,1.1602686808009983,0.21646845063349857,0.18,True,True,False,False,False,,,32.748557134084116,33.4625548471128,True,True,False,False,0.6109986716047083,0.9029545791834277,0.6109986716047083,False,missing,left,none,none,0,moving_average,4,2.0,peak,11,-1,-1,11,False,0.6109986716047077,False,False,False,False,False,False,False,,,9.310344827586208
frame_000082.jpg,,,82,False,,,,0.0,False,False,False,False,False,1.1602686808009983,0.21646845063349857,0.18,True,True,False,False,False,,,32.77659810080467,33.50025268729565,True,True,False,False,0.6191419119398399,0.9074028690137222,0.6191419119398399,False,missing,left,none,none,0,moving_average,4,2.0,peak,11,-1,-1,11,False,0.6191419119398406,False,False,False,False,False,False,False,,,9.42528735632184
frame_000083.jpg,,,83,False,,,,0.0,False,False,False,False,False,1.1602686808009983,0.21646845063349857,0.18,True,True,False,False,False,,,32.80463906752523,33.53795052747851,True,True,False,False,0.6272851522749735,0.9118511588440177,0.6272851522749735,False,missing,left,none,none,0,moving_average,4,2.0,peak,11,-1,-1,11,False,0.6272851522749735,False,False,False,False,False,False,False,,,9.540229885057473
frame_000084.jpg,,,84,False,,,,0.0,False,False,False,False,False,1.1602686808009983,0.21646845063349857,0.18,True,True,False,False,False,,,32.83268003424579,33.575648367661366,True,True,False,False,0.6354283926101071,0.916299448674313,0.6354283926101071,False,missing,left,none,none,0,moving_average,4,2.0,peak,11,-1,-1,11,False,0.6354283926101064,False,False,False,False,False,False,False,,,9.655172413793105
frame_000085.jpg,,,85,False,,,,0.0,False,False,False,False,False,1.1602686808009983,0.21646845063349857,0.18,True,True,False,False,False,,,32.86072100096634,33.613346207844224,True,True,False,False,0.6435716329452387,0.9207477385046084,0.6435716329452387,False,missing,left,none,none,0,moving_average,4,2.0,peak,11,-1,-1,11,False,0.6435716329452393,False,False,False,False,False,False,False,,,9.770114942528737
frame_000086.jpg,,,86,False,,,,0.0,False,False,False,False,False,1.1602686808009983,0.21646845063349857,0.18,True,True,False,False,False,,,32.888761967686904,33.65104404802708,True,True,False,False,0.6517148732803723,0.9251960283349038,0.6517148732803723,False,missing,left,none,none,0,moving_average,4,2.0,peak,11,-1,-1,11,False,0.6517148732803723,False,False,False,False,False,False,False,,,9.88505747126437
frame_000087.jpg,,,87,False,,,,0.0,False,False,False,False,False,1.1602686808009983,0.21646845063349857,0.18,True,True,False,False,False,,,32.916802934407464,33.68874188820993,True,True,False,False,0.659858113615506,0.9296443181651983,0.659858113615506,False,missing,left,none,none,0,moving_average,4,2.0,peak,11,-1,-1,11,False,0.6598581136155052,False,False,False,False,False,False,False,,,10.0
frame_000088.jpg,,,88,False,,,,0.0,False,False,False,False,False,1.1602686808009983,0.21646845063349857,0.18,True,True,False,False,False,,,32.94484390112802,33.72643972839279,True,True,False,False,0.6680013539506374,0.9340926079954938,0.6680013539506374,False,missing,left,none,none,0,moving_average,4,2.0,peak,11,-1,-1,11,False,0.6680013539506381,False,False,False,False,False,False,False,,,10.114942528735632
frame_000089.jpg,,,89,False,,,,0.0,False,False,False,False,False,1.1602686808009983,0.21646845063349857,0.18,True,True,False,False,False,,,32.97288486784858,33.76413756857565,True,True,False,False,0.676144594285771,0.9385408978257891,0.676144594285771,False,missing,left,none,none,0,moving_average,4,2.0,peak,11,-1,-1,11,False,0.6761445942857703,False,False,False,False,False,False,False,,,10.229885057471265
frame_000090.jpg,,,90,False,,,,0.0,False,False,False,False,False,1.1602686808009983,0.21646845063349857,0.18,True,True,False,False,False,,,33.00092583456913,33.80183540875851,True,True,False,False,0.6842878346209026,0.9429891876560845,0.6842878346209026,False,missing,left,none,none,0,moving_average,4,2.0,peak,11,-1,-1,11,False,0.6842878346209033,False,False,False,False,False,False,False,,,10.344827586206897
frame_000091.jpg,,,91,False,,,,0.0,False,False,False,False,False,1.1602686808009983,0.21646845063349857,0.18,True,True,False,False,False,,,33.02896680128969,33.839533248941365,True,True,False,False,0.6924310749560362,0.9474374774863799,0.6924310749560362,False,missing,left,none,none,0,moving_average,4,2.0,peak,11,-1,-1,11,False,0.6924310749560362,False,False,False,False,False,False,False,,,10.459770114942529
frame_000092.jpg,,,92,False,,,,0.0,False,False,False,False,False,1.1602686808009983,0.21646845063349857,0.18,True,True,False,False,False,,,33.05700776801025,33.877231089124216,True,True,False,False,0.7005743152911699,0.9518857673166744,0.7005743152911699,False,missing,left,none,none,0,moving_average,4,2.0,peak,11,-1,-1,11,False,0.7005743152911691,False,False,False,False,False,False,False,,,10.574712643678161
frame_000093.jpg,,,93,False,,,,0.0,False,False,False,False,False,1.1602686808009983,0.21646845063349857,0.18,True,True,False,False,False,,,33.085048734730805,33.914928929307074,True,True,False,False,0.7087175556263013,0.9563340571469698,0.7087175556263013,False,missing,left,none,none,0,moving_average,4,2.0,peak,11,-1,-1,11,False,0.708717555626302,False,False,False,False,False,False,False,,,10.689655172413794
frame_000094.jpg,33.113089701451365,33.95262676948993,94,True,,,,0.0,False,False,False,False,False,1.1602686808009983,0.21646845063349857,0.18,False,False,True,True,True,33.113089701451365,33.95262676948993,33.113089701451365,33.95262676948993,False,False,False,False,0.7168607959614349,0.9607823469772652,0.7168607959614349,False,both,left,none,none,0,moving_average,4,2.0,peak,11,-1,-1,11,False,0.7025704551621011,False,False,False,False,False,False,False,,,10.804597701149426
frame_000095.jpg,32.99350578386731,33.29165744217729,95,True,0.8707073041592196,0.21562829955855595,0.041945354899558134,0.996118828991089,False,False,False,False,False,1.1602686808009983,0.21646845063349857,0.18,False,False,True,True,True,32.99350578386731,33.29165744217729,32.99350578386731,33.29165744217729,False,False,False,False,0.6821330138985673,0.8827889361462922,0.6821330138985673,False,both,left,none,none,0,moving_average,4,2.0,peak,11,-1,-1,11,False,0.708263702177215,False,False,False,False,False,False,False,,,10.919540229885058
frame_000096.jpg,33.14386223286396,33.21936323981055,96,True,0.8435316019121218,0.01862126447220002,0.003029702969535462,0.7270140234499692,False,False,False,False,False,1.1602686808009983,0.21646845063349857,0.18,False,False,True,True,True,33.14386223286396,33.21936323981055,33.14386223286396,33.21936323981055,False,False,False,False,0.7257972966716429,0.8742583263390088,0.7257972966716429,False,both,left,none,none,0,moving_average,4,2.0,peak,11,-1,-1,11,False,0.726763875206305,False,False,False,False,False,False,False,,,11.03448275862069
frame_000097.jpg,33.30420382121834,33.676105544702665,97,True,0.8188203618219807,0.10263208891358178,0.0066003520089472295,0.7057161633085737,False,False,False,False,False,1.1602686808009983,0.21646845063349857,0.18,False,False,True,True,True,33.30420382121834,33.676105544702665,33.30420382121834,33.676105544702665,False,False,False,False,0.772361315048705,0.9281532481717227,0.772361315048705,False,both,left,none,none,0,moving_average,4,2.0,peak,11,-1,-1,11,False,0.7795616578810033,False,False,False,False,False,False,False,,,11.149425287356323
frame_000098.jpg,33.5389278048212,33.33789901501705,98,True,0.9251682168835317,0.10069111199054452,0.004395843675296492,0.7973741187643162,False,False,False,False,False,1.1602686808009983,0.21646845063349857,0.18,False,False,True,True,True,33.5389278048212,33.33789901501705,33.5389278048212,33.33789901501705,False,False,False,False,0.8405263619226622,0.8882453738945086,0.8405263619226622,False,both,left,none,none,0,moving_average,4,2.0,peak,11,-1,-1,11,False,0.8230230585502996,False,False,False,False,False,False,False,,,11.264367816091955
frame_000099.jpg,33.59283572731137,33.46988266723434,99,True,0.8624378909158555,0.0726012431326172,0.0360255130828277,0.7433087742405203,False,False,False,False,False,1.1602686808009983,0.21646845063349857,0.18,False,False,True,True,True,33.59283572731137,33.46988266723434,33.59283572731137,33.46988266723434,False,False,False,False,0.8561814986795315,0.9038192512061951,0.8561814986795315,False,both,left,none,none,0,moving_average,4,2.0,peak,11,-1,-1,11,False,0.8268340870134938,True,False,False,False,False,False,False,4,,11.379310344827587
frame_000100.jpg,33.34357325570984,28.492334381645744,100,True,0.8745423154159672,0.06971186798044025,0.029890083436442057,0.7537412065731376,False,False,False,False,False,1.1602686808009983,0.21646845063349857,0.18,False,False,True,True,True,33.34357325570984,28.492334381645744,33.34357325570984,28.492334381645744,False,False,False,False,0.7837944004382881,0.3164758566990427,0.7837944004382881,False,both,left,none,none,0,moving_average,4,2.0,peak,11,-1,-1,11,False,0.7758149141484951,False,False,False,False,False,False,False,,,11.49425287356322
frame_000101.jpg,,,101,False,,,,0.0,False,False,False,False,False,1.1602686808009983,0.21646845063349857,0.18,True,True,False,False,False,,,33.01187952813744,28.82279600062506,True,True,False,False,0.687468843327666,0.3554698428764545,0.687468843327666,False,missing,left,none,none,0,moving_average,4,2.0,peak,11,-1,-1,11,False,0.6874688433276659,False,False,False,False,False,False,False,,,11.609195402298852
frame_000102.jpg,,,102,False,,,,0.0,False,False,False,False,False,1.1602686808009983,0.21646845063349857,0.18,True,True,False,False,False,,,32.68018580056504,29.15325761960438,True,True,False,False,0.5911432862170438,0.3944638290538663,0.5911432862170438,False,missing,left,none,none,0,moving_average,4,2.0,peak,11,-1,-1,11,False,0.5911432862170432,False,False,False,False,False,False,False,,,11.724137931034484
frame_000103.jpg,,,103,False,,,,0.0,False,False,False,False,False,1.1602686808009983,0.21646845063349857,0.18,True,True,False,False,False,,,32.348492072992634,29.483719238583692,True,True,False,False,0.4948177291064197,0.4334578152312777,0.4948177291064197,False,missing,left,none,none,0,moving_average,4,2.0,peak,11,-1,-1,11,False,0.4948177291064203,False,False,False,False,False,False,False,,,11.839080459770116
frame_000104.jpg,,,104,False,,,,0.0,False,False,False,False,False,1.1602686808009983,0.21646845063349857,0.18,True,True,False,False,False,,,32.016798345420234,29.81418085756301,True,True,False,False,0.3984921719957976,0.4724518014086895,0.3984921719957976,False,missing,left,none,none,0,moving_average,4,2.0,peak,11,-1,-1,11,False,0.3984921719957976,False,False,False,False,False,False,False,,,11.954022988505749
frame_000105.jpg,31.685104617847834,30.144642476542327,105,True,,,,0.0,False,False,False,False,False,1.1602686808009983,0.21646845063349857,0.18,False,False,True,True,True,31.685104617847834,30.144642476542327,31.685104617847834,30.144642476542327,False,False,False,False,0.30216661488517554,0.5114457875861013,0.30216661488517554,False,both,left,none,none,0,moving_average,4,2.0,peak,11,-1,-1,11,False,0.33392409523079575,False,False,False,False,False,False,False,,,12.06896551724138
frame_000106.jpg,,,106,False,,,,0.0,False,False,False,False,False,1.1602686808009983,0.21646845063349857,0.18,True,True,False,False,False,,,31.681478249036168,31.738636047592493,True,True,False,False,0.30111349881141414,0.6995346902199157,0.30111349881141414,False,missing,left,none,none,0,moving_average,4,2.0,peak,11,-1,-1,11,False,0.30111349881141414,False,False,False,False,False,False,False,,,12.183908045977013
frame_000107.jpg,31.6778518802245,33.33262961864266,107,True,,,,0.0,False,False,False,False,False,1.1602686808009983,0.21646845063349857,0.18,False,False,True,True,True,31.6778518802245,33.33262961864266,31.6778518802245,33.33262961864266,False,False,False,False,0.3000603827376527,0.8876235928537305,0.3000603827376527,False,both,left,none,none,0,moving_average,4,2.0,peak,11,-1,-1,11,False,0.3098975735348469,False,False,False,False,False,False,False,,,12.298850574712645
frame_000108.jpg,,,108,False,,,,0.0,False,False,False,False,False,1.1602686808009983,0.21646845063349857,0.18,True,True,False,False,False,,,31.775847591229567,33.27244495778882,True,True,False,False,0.32851883905547397,0.8805218911775251,0.32851883905547397,False,missing,left,none,none,0,moving_average,4,2.0,peak,11,-1,-1,11,False,0.32851883905547397,False,False,False,False,False,False,False,,,12.413793103448278
frame_000109.jpg,,,109,False,,,,0.0,False,False,False,False,False,1.1602686808009983,0.21646845063349857,0.18,True,True,False,False,False,,,31.873843302234633,33.21226029693498,True,True,False,False,0.35697729537329526,0.8734201895013198,0.35697729537329526,False,missing,left,none,none,0,moving_average,4,2.0,peak,11,-1,-1,11,False,0.35697729537329526,False,False,False,False,False,False,False,,,12.52873563218391
frame_000110.jpg,,,110,False,,,,0.0,False,False,False,False,False,1.1602686808009983,0.21646845063349857,0.18,True,True,False,False,False,,,31.9718390132397,33.152075636081136,True,True,False,False,0.38543575169111655,0.8663184878251144,0.38543575169111655,False,missing,left,none,none,0,moving_average,4,2.0,peak,11,-1,-1,11,False,0.38543575169111655,False,False,False,False,False,False,False,,,12.643678160919542
frame_000111.jpg,,,111,False,,,,0.0,False,False,False,False,False,1.1602686808009983,0.21646845063349857,0.18,True,True,False,False,False,,,32.069834724244764,33.091890975227294,True,True,False,False,0.4138942080089378,0.8592167861489092,0.4138942080089378,False,missing,left,none,none,0,moving_average,4,2.0,peak,11,-1,-1,11,False,0.41389420800893745,False,False,False,False,False,False,False,,,12.758620689655173
frame_000112.jpg,,,112,False,,,,0.0,False,False,False,False,False,1.1602686808009983,0.21646845063349857,0.18,True,True,False,False,False,,,32.167830435249826,33.03170631437345,True,True,False,False,0.442352664326758,0.8521150844727038,0.442352664326758,False,missing,left,none,none,0,moving_average,4,2.0,peak,11,-1,-1,11,False,0.4423526643267587,False,False,False,False,False,False,False,,,12.873563218390805
frame_000113.jpg,,,113,False,,,,0.0,False,False,False,False,False,1.1602686808009983,0.21646845063349857,0.18,True,True,False,False,False,,,32.265826146254895,32.97152165351961,True,True,False,False,0.47081112064458036,0.8450133827964985,0.47081112064458036,False,missing,left,none,none,0,moving_average,4,2.0,peak,11,-1,-1,11,False,0.47081112064457964,False,False,False,False,False,False,False,,,12.988505747126437
frame_000114.jpg,,,114,False,,,,0.0,False,False,False,False,False,1.1602686808009983,0.21646845063349857,0.18,True,True,False,False,False,,,32.36382185725996,32.91133699266577,True,True,False,False,0.4992695769624006,0.8379116811202931,0.4992695769624006,False,missing,left,none,none,0,moving_average,4,2.0,peak,11,-1,-1,11,False,0.4992695769624012,False,False,False,False,False,False,False,,,13.10344827586207
frame_000115.jpg,,,115,False,,,,0.0,False,False,False,False,False,1.1602686808009983,0.21646845063349857,0.18,True,True,False,False,False,,,32.461817568265026,32.851152331811925,True,True,False,False,0.5277280332802229,0.8308099794440879,0.5277280332802229,False,missing,left,none,none,0,moving_average,4,2.0,peak,11,-1,-1,11,False,0.5277280332802222,False,False,False,False,False,False,False,,,13.218390804597702
frame_000116.jpg,,,116,False,,,,0.0,False,False,False,False,False,1.1602686808009983,0.21646845063349857,0.18,True,True,False,False,False,,,32.55981327927009,32.79096767095808,True,True,False,False,0.5561864895980432,0.8237082777678825,0.5561864895980432,False,missing,left,none,none,0,moving_average,4,2.0,peak,11,-1,-1,11,False,0.5561864895980438,False,False,False,False,False,False,False,,,13.333333333333334
frame_000117.jpg,,,117,False,,,,0.0,False,False,False,False,False,1.1602686808009983,0.21646845063349857,0.18,True,True,False,False,False,,,32.65780899027516,32.73078301010424,True,True,False,False,0.5846449459158655,0.8166065760916772,0.5846449459158655,False,missing,left,none,none,0,moving_average,4,2.0,peak,11,-1,-1,11,False,0.5846449459158647,False,False,False,False,False,False,False,,,13.448275862068966
frame_000118.jpg,32.75580470128022,32.6705983492504,118,True,,,,0.0,False,False,False,False,False,1.1602686808009983,0.21646845063349857,0.18,False,False,True,True,True,32.75580470128022,32.6705983492504,32.75580470128022,32.6705983492504,False,False,False,False,0.6131034022336856,0.8095048744154718,0.6131034022336856,False,both,left,none,none,0,moving_average,4,2.0,peak,11,-1,-1,11,False,0.6299886382319699,False,False,False,False,False,False,False,,,13.563218390804598
frame_000119.jpg,33.028231592458326,33.161552957528265,119,True,0.2222555918961432,0.12870451930350113,0.044260236764817995,0.5945647918985201,False,False,False,False,False,1.1602686808009983,0.21646845063349857,0.18,False,False,True,True,True,33.028231592458326,33.161552957528265,33.028231592458326,33.161552957528265,False,False,False,False,0.6922175665463589,0.8674367978504955,0.6922175665463589,False,both,left,none,none,0,moving_average,4,2.0,peak,11,-1,-1,11,False,0.6949914818161803,False,False,False,False,False,False,False,,,13.67816091954023
frame_000120.jpg,33.32931412778995,32.24444443651535,120,True,0.09567241120495444,0.06651596445571278,0.16741543147353238,0.9300857304085133,False,False,False,False,True,1.1602686808009983,0.21646845063349857,0.18,False,False,True,True,True,33.32931412778995,32.24444443651535,33.32931412778995,32.24444443651535,False,False,True,True,0.7796534766684966,0.7592193379771831,0.7796534766684966,False,both,left,none,none,0,moving_average,4,2.0,peak,11,-1,-1,11,False,0.7866954622003052,False,False,False,False,False,False,False,,,13.793103448275863
frame_000121.jpg,33.70314316469251,32.368556097772434,121,True,0.374016992386558,0.2881688022228774,0.07868574848366153,1.3312277210815089,False,True,False,True,True,1.1602686808009983,0.21646845063349857,0.18,False,False,True,True,True,33.70314316469251,32.368556097772434,33.70314316469251,32.368556097772434,False,False,True,True,0.8882153433860601,0.7738643319055617,0.8882153433860601,False,both,left,none,none,0,moving_average,4,2.0,peak,11,-1,-1,11,False,0.8546618499007727,False,False,False,False,False,False,False,,,13.908045977011495
frame_000122.jpg,33.730351315267995,32.03987782907113,122,True,0.15060195669900692,0.21236191663665874,0.09690721720506688,0.9810294110535647,False,False,False,False,True,1.1602686808009983,0.21646845063349857,0.18,False,False,True,True,True,33.730351315267995,32.03987782907113,33.730351315267995,32.03987782907113,False,False,True,True,0.8961167296477615,0.7350807784443762,0.8961167296477615,False,both,left,none,none,0,moving_average,4,2.0,peak,11,-1,-1,11,False,0.8597145033813993,True,False,False,False,False,False,False,5,,14.022988505747128
frame_000123.jpg,33.38151004081839,31.880696978992294,123,True,0.31857772190501815,0.2796014173780603,0.1426616534626392,1.2916497372240716,False,True,False,True,True,1.1602686808009983,0.21646845063349857,0.18,False,False,True,True,True,33.38151004081839,31.880696978992294,33.38151004081839,31.880696978992294,False,False,True,True,0.7948114371103767,0.7162976716894847,0.7948114371103767,False,both,left,none,none,0,moving_average,4,2.0,peak,11,-1,-1,11,False,0.8343127481992667,False,False,False,False,False,False,False,,,14.13793103448276
frame_000124.jpg,33.440732965904864,32.04936134505141,124,True,0.1698890905799655,0.23482905294257456,0.16832016026253027,1.0848188373656455,False,True,False,True,True,1.1602686808009983,0.21646845063349857,0.18,False,False,True,True,True,33.440732965904864,32.04936134505141,33.440732965904864,32.04936134505141,False,False,True,True,0.8120100778396622,0.7361998194155802,0.8120100778396622,False,both,left,none,none,0,moving_average,4,2.0,peak,11,-1,-1,11,False,0.806277197596567,False,False,False,False,False,False,False,,,14.252873563218392
frame_000125.jpg,33.440732965904864,32.04936134505141,125,True,0.0,0.0,0.0,0.0,False,False,False,False,True,1.1602686808009983,0.21646845063349857,0.18,False,False,True,True,True,33.440732965904864,32.04936134505141,33.440732965904864,32.04936134505141,False,False,True,True,0.8120100778396622,0.7361998194155802,0.8120100778396622,False,both,left,none,none,0,moving_average,4,2.0,peak,11,-1,-1,11,False,0.8130443268839296,False,False,False,False,False,False,False,,,14.367816091954024
frame_000126.jpg,33.45141716844741,31.936604688542804,126,True,0.11379351162082205,0.06036292636926212,0.01997492348379587,0.2788532286927217,False,False,False,False,True,1.1602686808009983,0.21646845063349857,0.18,False,False,True,True,True,33.45141716844741,31.936604688542804,33.45141716844741,31.936604688542804,False,False,True,True,0.8151128249724645,0.7228946993871544,0.8151128249724645,False,both,left,none,none,0,moving_average,4,2.0,peak,11,-1,-1,11,False,0.7919542865105864,False,False,False,False,False,False,False,,,14.482758620689657
frame_000127.jpg,33.22286449000123,31.869376659265306,127,True,0.23724824167570716,0.24251828587557978,0.26561236575411745,1.4756242541895415,False,True,True,True,True,1.1602686808009983,0.21646845063349857,0.18,False,False,True,True,True,33.22286449000123,31.869376659265306,33.22286449000123,31.869376659265306,False,False,True,True,0.7487399567196326,0.7149618905711768,0.7487399567196326,False,both,left,none,none,0,moving_average,4,2.0,peak,11,-1,-1,11,False,0.7771320907968041,False,False,False,False,False,False,False,,,14.597701149425289
frame_000128.jpg,33.28761380953811,31.80046429727284,128,True,0.18529673027068516,0.07028326180614075,0.03578979358384922,0.3246813177645777,False,False,False,False,True,1.1602686808009983,0.21646845063349857,0.18,False,False,True,True,True,33.28761380953811,31.80046429727284,33.28761380953811,31.80046429727284,False,False,True,True,0.7675434906983154,0.7068303329661308,0.7675434906983154,False,both,left,none,none,0,moving_average,4,2.0,peak,11,-1,-1,11,False,0.7252471201810885,False,False,False,False,False,False,False,,,14.712643678160921
frame_000129.jpg,,,129,False,,,,0.0,False,False,False,False,False,1.1602686808009983,0.21646845063349857,0.18,True,True,False,False,False,,,32.91542485784763,31.63573754241134,True,True,False,False,0.6594579131253177,0.6873928175839855,0.6594579131253177,False,missing,left,none,none,0,moving_average,4,2.0,peak,11,-1,-1,11,False,0.6594579131253177,False,False,False,False,False,False,False,,,14.827586206896553
frame_000130.jpg,,,130,False,,,,0.0,False,False,False,False,False,1.1602686808009983,0.21646845063349857,0.18,True,True,False,False,False,,,32.54323590615716,31.471010787549844,True,True,False,False,0.5513723355523199,0.6679553022018401,0.5513723355523199,False,missing,left,none,none,0,moving_average,4,2.0,peak,11,-1,-1,11,False,0.5513723355523199,False,False,False,False,False,False,False,,,14.942528735632186
frame_000131.jpg,,,131,False,,,,0.0,False,False,False,False,False,1.1602686808009983,0.21646845063349857,0.18,True,True,False,False,False,,,32.17104695446668,31.306284032688346,True,True,False,False,0.44328675797932215,0.6485177868196947,0.44328675797932215,False,missing,left,none,none,0,moving_average,4,2.0,peak,11,-1,-1,11,False,0.4432867579793225,False,False,False,False,False,False,False,,,15.057471264367818
frame_000132.jpg,,,132,False,,,,0.0,False,False,False,False,False,1.1602686808009983,0.21646845063349857,0.18,True,True,False,False,False,,,31.79885800277621,31.141557277826852,True,True,False,False,0.3352011804063254,0.6290802714375497,0.3352011804063254,False,missing,left,none,none,0,moving_average,4,2.0,peak,11,-1,-1,11,False,0.33520118040632507,False,False,False,False,False,False,False,,,15.17241379310345
frame_000133.jpg,,,133,False,,,,0.0,False,False,False,False,False,1.1602686808009983,0.21646845063349857,0.18,True,True,False,False,False,,,31.426669051085735,30.976830522965354,True,True,False,False,0.22711560283332763,0.6096427560554044,0.22711560283332763,False,missing,left,none,none,0,moving_average,4,2.0,peak,11,-1,-1,11,False,0.22711560283332766,False,False,False,False,False,False,False,,,15.287356321839082
frame_000134.jpg,,,134,False,,,,0.0,False,False,False,False,False,1.1602686808009983,0.21646845063349857,0.18,True,True,False,False,False,,,31.05448009939526,30.812103768103857,True,True,False,False,0.11903002526032987,0.590205240673259,0.11903002526032987,False,missing,left,none,none,0,moving_average,4,2.0,peak,11,-1,-1,11,False,0.11903002526032985,False,False,False,False,False,False,False,,,15.402298850574715
frame_000135.jpg,30.682291147704785,30.64737701324236,135,True,,,,0.0,False,False,False,False,False,1.1602686808009983,0.21646845063349857,0.18,False,False,True,True,True,30.682291147704785,30.64737701324236,30.682291147704785,30.64737701324236,False,False,False,False,0.010944447687332094,0.5707677252911136,0.010944447687332094,False,both,left,none,none,0,moving_average,4,2.0,peak,11,-1,-1,11,False,0.04332482431588732,False,False,False,False,False,False,False,,,15.517241379310347
frame_000136.jpg,30.644604320257077,30.754030386188354,136,True,0.2576110052605255,0.06658401236456109,0.08669435153758441,0.4816352863199134,False,False,False,False,False,1.1602686808009983,0.21646845063349857,0.18,False,False,True,True,True,30.644604320257077,30.754030386188354,30.644604320257077,30.754030386188354,False,False,False,False,0.0,0.5833526668140527,0.0,False,both,left,none,none,0,moving_average,4,2.0,peak,11,-1,-1,11,False,0.004740124017384125,False,False,False,False,False,False,False,,,15.632183908045977
frame_000137.jpg,30.655884852614285,30.506003548158194,137,True,0.04851699576531682,0.029793752800850434,0.04609612893483778,0.25608960519354323,False,False,False,False,False,1.1602686808009983,0.21646845063349857,0.18,False,False,True,True,True,30.655884852614285,30.506003548158194,30.655884852614285,30.506003548158194,False,False,False,False,0.0032759243648202803,0.5540858638381206,0.0032759243648202803,False,both,left,none,none,0,moving_average,4,2.0,peak,11,-1,-1,11,False,0.00391367961358881,False,False,False,False,False,False,False,,,15.74712643678161
frame_000138.jpg,30.673753649459805,30.508040246455696,138,True,0.14088912852132582,0.14898467061780107,0.05632664269474361,0.6882511986471698,False,False,False,False,False,1.1602686808009983,0.21646845063349857,0.18,False,False,True,True,True,30.673753649459805,30.508040246455696,30.673753649459805,30.508040246455696,False,False,False,False,0.00846511447594615,0.5543261912489276,0.00846511447594615,False,both,left,none,none,0,moving_average,4,2.0,peak,11,-1,-1,11,False,0.010444216198428613,False,False,False,False,False,False,False,,,15.862068965517242
frame_000139.jpg,30.71206735149766,30.634913150589686,139,True,0.20915085772849398,0.11119972772826817,0.0894860686570241,0.5136994670717155,False,False,False,False,False,1.1602686808009983,0.21646845063349857,0.18,False,False,True,True,True,30.71206735149766,30.634913150589686,30.71206735149766,30.634913150589686,False,False,False,False,0.019591609754519408,0.5692970077854117,0.019591609754519408,False,both,left,none,none,0,moving_average,4,2.0,peak,11,-1,-1,11,False,0.020330795602216054,False,False,False,False,False,False,False,,,15.977011494252874
frame_000140.jpg,,,140,False,,,,0.0,False,False,False,False,False,1.1602686808009983,0.21646845063349857,0.18,True,True,False,False,False,,,30.758017136311853,30.712967414098898,True,True,False,False,0.032935662576182606,0.5785072963561906,0.032935662576182606,False,missing,left,none,none,0,moving_average,4,2.0,peak,11,-1,-1,11,False,0.03293566257618226,False,False,False,False,False,False,False,,,16.091954022988507
frame_000141.jpg,,,141,False,,,,0.0,False,False,False,False,False,1.1602686808009983,0.21646845063349857,0.18,True,True,False,False,False,,,30.803966921126044,30.791021677608107,True,True,False,False,0.04627971539784478,0.587717584926969,0.04627971539784478,False,missing,left,none,none,0,moving_average,4,2.0,peak,11,-1,-1,11,False,0.04627971539784512,False,False,False,False,False,False,False,,,16.20689655172414
frame_000142.jpg,,,142,False,,,,0.0,False,False,False,False,False,1.1602686808009983,0.21646845063349857,0.18,True,True,False,False,False,,,30.849916705940238,30.86907594111732,True,True,False,False,0.059623768219507975,0.5969278734977479,0.059623768219507975,False,missing,left,none,none,0,moving_average,4,2.0,peak,11,-1,-1,11,False,0.05962376821950797,False,False,False,False,False,False,False,,,16.32183908045977
frame_000143.jpg,,,143,False,,,,0.0,False,False,False,False,False,1.1602686808009983,0.21646845063349857,0.18,True,True,False,False,False,,,30.895866490754432,30.947130204626532,True,True,False,False,0.07296782104117117,0.6061381620685268,0.07296782104117117,False,missing,left,none,none,0,moving_average,4,2.0,peak,11,-1,-1,11,False,0.07296782104117117,False,False,False,False,False,False,False,,,16.436781609195403
frame_000144.jpg,,,144,False,,,,0.0,False,False,False,False,False,1.1602686808009983,0.21646845063349857,0.18,True,True,False,False,False,,,30.941816275568627,31.025184468135745,True,True,False,False,0.08631187386283437,0.6153484506393057,0.08631187386283437,False,missing,left,none,none,0,moving_average,4,2.0,peak,11,-1,-1,11,False,0.08631187386283401,False,False,False,False,False,False,False,,,16.551724137931036
frame_000145.jpg,,,145,False,,,,0.0,False,False,False,False,False,1.1602686808009983,0.21646845063349857,0.18,True,True,False,False,False,,,30.987766060382818,31.103238731644954,True,True,False,False,0.09965592668449653,0.6245587392100841,0.09965592668449653,False,missing,left,none,none,0,moving_average,4,2.0,peak,11,-1,-1,11,False,0.09965592668449688,False,False,False,False,False,False,False,,,16.666666666666668
frame_000146.jpg,,,146,False,,,,0.0,False,False,False,False,False,1.1602686808009983,0.21646845063349857,0.18,True,True,False,False,False,,,31.033715845197012,31.181292995154166,True,True,False,False,0.11299997950615974,0.633769027780863,0.11299997950615974,False,missing,left,none,none,0,moving_average,4,2.0,peak,11,-1,-1,11,False,0.11299997950615973,False,False,False,False,False,False,False,,,16.7816091954023
frame_000147.jpg,,,147,False,,,,0.0,False,False,False,False,False,1.1602686808009983,0.21646845063349857,0.18,True,True,False,False,False,,,31.079665630011206,31.25934725866338,True,True,False,False,0.12634403232782293,0.6429793163516418,0.12634403232782293,False,missing,left,none,none,0,moving_average,4,2.0,peak,11,-1,-1,11,False,0.1263440323278226,False,False,False,False,False,False,False,,,16.896551724137932
frame_000148.jpg,,,148,False,,,,0.0,False,False,False,False,False,1.1602686808009983,0.21646845063349857,0.18,True,True,False,False,False,,,31.125615414825397,31.337401522172588,True,True,False,False,0.1396880851494851,0.6521896049224204,0.1396880851494851,False,missing,left,none,none,0,moving_average,4,2.0,peak,11,-1,-1,11,False,0.13968808514948544,False,False,False,False,False,False,False,,,17.011494252873565
frame_000149.jpg,,,149,False,,,,0.0,False,False,False,False,False,1.1602686808009983,0.21646845063349857,0.18,True,True,False,False,False,,,31.17156519963959,31.4154557856818,True,True,False,False,0.1530321379711483,0.6613998934931993,0.1530321379711483,False,missing,left,none,none,0,moving_average,4,2.0,peak,11,-1,-1,11,False,0.15303213797114829,False,False,False,False,False,False,False,,,17.126436781609197
frame_000150.jpg,,,150,False,,,,0.0,False,False,False,False,False,1.1602686808009983,0.21646845063349857,0.18,True,True,False,False,False,,,31.217514984453786,31.493510049191013,True,True,False,False,0.1663761907928115,0.6706101820639782,0.1663761907928115,False,missing,left,none,none,0,moving_average,4,2.0,peak,11,-1,-1,11,False,0.16637619079281116,False,False,False,False,False,False,False,,,17.24137931034483
frame_000151.jpg,,,151,False,,,,0.0,False,False,False,False,False,1.1602686808009983,0.21646845063349857,0.18,True,True,False,False,False,,,31.263464769267976,31.571564312700225,True,True,False,False,0.17972024361447367,0.679820470634757,0.17972024361447367,False,missing,left,none,none,0,moving_average,4,2.0,peak,11,-1,-1,11,False,0.179720243614474,False,False,False,False,False,False,False,,,17.35632183908046
frame_000152.jpg,,,152,False,,,,0.0,False,False,False,False,False,1.1602686808009983,0.21646845063349857,0.18,True,True,False,False,False,,,31.30941455408217,31.649618576209434,True,True,False,False,0.19306429643613687,0.6890307592055355,0.19306429643613687,False,missing,left,none,none,0,moving_average,4,2.0,peak,11,-1,-1,11,False,0.19306429643613687,False,False,False,False,False,False,False,,,17.471264367816094
frame_000153.jpg,,,153,False,,,,0.0,False,False,False,False,False,1.1602686808009983,0.21646845063349857,0.18,True,True,False,False,False,,,31.355364338896365,31.727672839718647,True,True,False,False,0.20640834925780008,0.6982410477763143,0.20640834925780008,False,missing,left,none,none,0,moving_average,4,2.0,peak,11,-1,-1,11,False,0.20640834925780005,False,False,False,False,False,False,False,,,17.586206896551726
frame_000154.jpg,,,154,False,,,,0.0,False,False,False,False,False,1.1602686808009983,0.21646845063349857,0.18,True,True,False,False,False,,,31.40131412371056,31.80572710322786,True,True,False,False,0.21975240207946325,0.7074513363470932,0.21975240207946325,False,missing,left,none,none,0,moving_average,4,2.0,peak,11,-1,-1,11,False,0.21975240207946292,False,False,False,False,False,False,False,,,17.70114942528736
frame_000155.jpg,,,155,False,,,,0.0,False,False,False,False,False,1.1602686808009983,0.21646845063349857,0.18,True,True,False,False,False,,,31.44726390852475,31.883781366737068,True,True,False,False,0.23309645490112543,0.7166616249178717,0.23309645490112543,False,missing,left,none,none,0,moving_average,4,2.0,peak,11,-1,-1,11,False,0.23309645490112574,False,False,False,False,False,False,False,,,17.81609195402299
frame_000156.jpg,31.493213693338944,31.96183563024628,156,True,,,,0.0,False,False,False,False,False,1.1602686808009983,0.21646845063349857,0.18,False,False,True,True,True,31.493213693338944,31.96183563024628,31.493213693338944,31.96183563024628,False,False,False,False,0.24644050772278864,0.7258719134886505,0.24644050772278864,False,both,left,none,none,0,moving_average,4,2.0,peak,11,-1,-1,11,False,0.3127900067883041,False,False,False,False,False,False,False,,,17.931034482758623
frame_000157.jpg,,,157,False,,,,0.0,False,False,False,False,False,1.1602686808009983,0.21646845063349857,0.18,True,True,False,False,False,,,32.22458010052455,32.63160042615937,True,True,False,False,0.4588330577409982,0.8049031767095294,0.4588330577409982,False,missing,left,none,none,0,moving_average,4,2.0,peak,11,-1,-1,11,False,0.4588330577409982,False,False,False,False,False,False,False,,,18.045977011494255
frame_000158.jpg,32.95594650771015,33.30136522207246,158,True,,,,0.0,False,False,False,False,False,1.1602686808009983,0.21646845063349857,0.18,False,False,True,True,True,32.95594650771015,33.30136522207246,32.95594650771015,33.30136522207246,False,False,False,False,0.6712256077592078,0.8839344399304077,0.6712256077592078,False,both,left,none,none,0,moving_average,4,2.0,peak,11,-1,-1,11,False,0.6004280910864712,False,False,False,False,False,False,False,,,18.160919540229887
frame_000159.jpg,32.95594650771015,33.30136522207246,159,True,0.0,0.0,0.0,0.0,False,False,False,False,True,1.1602686808009983,0.21646845063349857,0.18,False,False,True,True,True,32.95594650771015,33.30136522207246,32.95594650771015,33.30136522207246,False,False,True,True,0.6712256077592078,0.8839344399304077,0.6712256077592078,False,both,left,none,none,0,moving_average,4,2.0,peak,11,-1,-1,11,False,0.7227885654096682,False,False,False,False,False,False,False,,,18.27586206896552
frame_000160.jpg,33.48861229675192,33.430987740072915,160,True,0.4417215725234701,0.37743896745908906,0.04937811374084505,1.7436211436563045,False,True,False,True,True,1.1602686808009983,0.21646845063349857,0.18,False,False,True,True,True,33.48861229675192,33.430987740072915,33.48861229675192,33.430987740072915,False,False,True,True,0.8259144807105891,0.8992297068688273,0.8259144807105891,False,both,left,none,none,0,moving_average,4,2.0,peak,11,-1,-1,11,False,0.7672699600310583,False,False,False,False,False,False,False,,,18.390804597701152
frame_000161.jpg,33.41545694394808,33.183341426888866,161,True,0.907832602355216,0.23979889123181883,0.035162640801098946,1.1077775561752456,False,True,False,True,True,1.1602686808009983,0.21646845063349857,0.18,False,False,True,True,True,33.41545694394808,33.183341426888866,33.41545694394808,33.183341426888866,False,False,True,True,0.804669791623378,0.8700078052664201,0.804669791623378,False,both,left,none,none,0,moving_average,4,2.0,peak,11,-1,-1,11,False,0.8377546931669443,False,False,False,False,False,False,False,,,18.505747126436784
frame_000162.jpg,33.68408173699116,33.68523713799746,162,True,0.3616037575781079,0.03186767271913868,0.007349383083585256,0.3116551912169797,False,False,False,False,True,1.1602686808009983,0.21646845063349857,0.18,False,False,True,True,True,33.68408173699116,33.68523713799746,33.68408173699116,33.68523713799746,False,False,True,True,0.8826798071668658,0.9292307627823903,0.8826798071668658,False,both,left,none,none,0,moving_average,4,2.0,peak,11,-1,-1,11,False,0.8565909229162221,False,False,False,False,False,False,False,,,18.620689655172416
frame_000163.jpg,33.683198015631476,33.672289098260485,163,True,0.20073980089288335,0.016180729069430723,0.0027447567130201795,0.17301147933623567,False,False,False,False,False,1.1602686808009983,0.21646845063349857,0.18,False,False,True,True,True,33.683198015631476,33.672289098260485,33.683198015631476,33.672289098260485,False,False,False,False,0.8824231699584228,0.9277029130911381,0.8824231699584228,False,both,left,none,none,0,moving_average,4,2.0,peak,11,-1,-1,11,False,0.8825087156945703,False,False,False,False,False,False,False,,,18.73563218390805
frame_000164.jpg,33.683198015631476,33.672289098260485,164,True,0.0,0.0,0.0,0.0,False,False,False,False,False,1.1602686808009983,0.21646845063349857,0.18,False,False,True,True,True,33.683198015631476,33.672289098260485,33.683198015631476,33.672289098260485,False,False,False,False,0.8824231699584228,0.9277029130911381,0.8824231699584228,False,both,left,none,none,0,moving_average,4,2.0,peak,11,-1,-1,11,False,0.8635470917293636,False,False,False,False,False,False,False,,,18.85057471264368
frame_000165.jpg,33.48820064616219,33.741391169744254,165,True,0.10400062255723529,0.04888933585953232,0.021346566393889058,0.22584970565667586,False,False,False,False,False,1.1602686808009983,0.21646845063349857,0.18,False,False,True,True,True,33.48820064616219,33.741391169744254,33.48820064616219,33.741391169744254,False,False,False,False,0.8257949352712453,0.9358568561378109,0.8257949352712453,False,both,left,none,none,0,moving_average,4,2.0,peak,11,-1,-1,11,False,0.852720629115004,False,False,False,False,False,False,False,,,18.965517241379313
frame_000166.jpg,33.57135636585448,33.73518226346071,166,True,0.046997636726375025,0.0036773813816685526,0.007057733106105229,0.04050582206005072,False,False,False,False,False,1.1602686808009983,0.21646845063349857,0.18,False,False,True,True,True,33.57135636585448,33.73518226346071,33.57135636585448,33.73518226346071,False,False,False,False,0.8499437821153442,0.935124214306226,0.8499437821153442,False,both,left,none,none,0,moving_average,4,2.0,peak,11,-1,-1,11,False,0.8480589514321943,False,False,False,False,False,False,False,,,19.080459770114945
frame_000167.jpg,33.63504103755421,33.80698061524338,167,True,0.007066526983818578,0.002577943456078124,0.00080823489213587,0.011909095521928157,False,False,False,False,False,1.1602686808009983,0.21646845063349857,0.18,False,False,True,True,True,33.63504103755421,33.80698061524338,33.63504103755421,33.80698061524338,False,False,False,False,0.8684381369099938,0.943596314472115,0.8684381369099938,False,both,left,none,none,0,moving_average,4,2.0,peak,11,-1,-1,11,False,0.8680507580655406,False,False,False,False,False,False,False,,,19.195402298850578
frame_000168.jpg,33.694723932256636,33.83135602145969,168,True,0.015883100676463053,0.03637667691355764,0.0390095174939852,0.21671954163325113,False,False,False,False,False,1.1602686808009983,0.21646845063349857,0.18,False,False,True,True,True,33.694723932256636,33.83135602145969,33.694723932256636,33.83135602145969,False,False,False,False,0.8857703551712841,0.9464725766413897,0.8857703551712841,False,both,left,none,none,0,moving_average,4,2.0,peak,11,-1,-1,11,False,0.8979159146024104,False,False,False,False,False,False,False,,,19.31034482758621
frame_000169.jpg,33.87987526966537,34.13602526974734,169,True,0.055755125519207874,0.039385987729315286,0.0018823769274231054,0.1819479356647656,False,False,False,False,False,1.1602686808009983,0.21646845063349857,0.18,False,False,True,True,True,33.87987526966537,34.13602526974734,33.87987526966537,34.13602526974734,False,False,False,False,0.9395392517259533,0.9824231009204429,0.9395392517259533,False,both,left,none,none,0,moving_average,4,2.0,peak,11,-1,-1,11,False,0.9235210371682554,False,False,False,False,False,False,False,,,19.425287356321842
frame_000170.jpg,33.89955210201843,33.90662661324654,170,True,0.11570834213247733,0.03669955462952531,0.012978645460739995,0.16953766020925196,False,False,False,False,False,1.1602686808009983,0.21646845063349857,0.18,False,False,True,True,True,33.89955210201843,33.90662661324654,33.89955210201843,33.90662661324654,False,False,False,False,0.9452535046075289,0.9553543960332073,0.9452535046075289,False,both,left,none,none,0,moving_average,4,2.0,peak,11,-1,-1,11,False,0.9309520016087492,True,False,False,False,False,False,False,6,,19.540229885057474
frame_000171.jpg,33.77148874012257,33.4910142459685,171,True,0.21647816516521595,0.031055902562563856,0.011482349206746907,0.18657589293521995,False,False,False,False,True,1.1602686808009983,0.21646845063349857,0.18,False,False,True,True,True,33.77148874012257,33.4910142459685,33.77148874012257,33.4910142459685,False,False,True,True,0.9080632484927655,0.9063127464920075,0.9080632484927655,False,both,left,none,none,0,moving_average,4,2.0,peak,11,-1,-1,11,False,0.9039276337145383,False,False,False,False,False,False,False,,,19.655172413793107
frame_000172.jpg,33.60070283845406,27.22484536767913,172,True,0.40426093308439176,0.23061041849450234,0.012429017054565304,1.0653303879600795,False,True,False,True,True,1.1602686808009983,0.21646845063349857,0.18,False,False,True,True,True,33.60070283845406,27.22484536767913,33.60070283845406,27.22484536767913,False,False,True,True,0.8584661480433209,0.16691401274484718,0.8584661480433209,False,both,left,none,none,0,moving_average,4,2.0,peak,11,-1,-1,11,False,0.8670402385131952,False,False,False,False,False,False,False,,,19.77011494252874
frame_000173.jpg,33.518490689602665,26.457491756729997,173,True,0.21150759380876838,0.0,0.0,0.18229190989000313,False,False,False,False,True,1.1602686808009983,0.21646845063349857,0.18,False,False,True,True,True,33.518490689602665,26.457491756729997,33.518490689602665,26.457491756729997,False,False,True,True,0.8345913190034993,0.0763674125346416,0.8345913190034993,False,both,left,none,none,0,moving_average,4,2.0,peak,11,-1,-1,11,False,0.8339200713730697,False,False,False,False,False,False,False,,,19.885057471264368
frame_000174.jpg,33.429344286685996,27.17428039762973,174,True,0.03730903698692047,0.0,0.0,0.03215551501499115,False,False,False,False,False,1.1602686808009983,0.21646845063349857,0.18,False,False,True,True,True,33.429344286685996,27.17428039762973,33.429344286685996,27.17428039762973,False,False,False,False,0.8087027470723893,0.16094742046929775,0.8087027470723893,False,both,left,none,none,0,moving_average,4,2.0,peak,11,-1,-1,11,False,0.8279531966245983,False,False,False,False,False,False,False,,,20.0
frame_000175.jpg,33.53906265738544,27.789360454092503,175,True,0.08300718702283337,0.0,0.0,0.07154134934119645,False,False,False,False,False,1.1602686808009983,0.21646845063349857,0.18,False,False,True,True,True,33.53906265738544,27.789360454092503,33.53906265738544,27.789360454092503,False,False,False,False,0.8405655237979067,0.2335259646699547,0.8405655237979067,False,both,left,none,none,0,moving_average,4,2.0,peak,11,-1,-1,11,False,0.8568562346458509,False,False,False,False,False,False,False,,,20.114942528735632
frame_000176.jpg,33.81707052782025,26.697904676454602,176,True,0.03515675449132773,0.0,0.0,0.030300528724999328,False,False,False,False,False,1.1602686808009983,0.21646845063349857,0.18,False,False,True,True,True,33.81707052782025,26.697904676454602,33.81707052782025,26.697904676454602,False,False,False,False,0.921300433067257,0.10473578432186327,0.921300433067257,False,both,left,none,none,0,moving_average,4,2.0,peak,11,-1,-1,11,False,0.9034262220982355,False,False,False,False,False,False,False,,,20.229885057471265
frame_000177.jpg,33.910430714663,26.811318356515823,177,True,0.019201516735163928,0.0,0.0,0.01654919852004283,False,False,False,False,False,1.1602686808009983,0.21646845063349857,0.18,False,False,True,True,True,33.910430714663,26.811318356515823,33.910430714663,26.811318356515823,False,False,False,False,0.9484127094295433,0.11811843216549515,0.9484127094295433,False,both,left,none,none,0,moving_average,4,2.0,peak,11,-1,-1,11,False,0.9393752839754478,False,False,False,False,False,False,False,,,20.344827586206897
frame_000178.jpg,33.910430714663,26.811318356515823,178,True,0.0,0.0,0.0,0.0,False,False,False,False,False,1.1602686808009983,0.21646845063349857,0.18,False,False,True,True,True,33.910430714663,26.811318356515823,33.910430714663,26.811318356515823,False,False,False,False,0.9484127094295433,0.11811843216549515,0.9484127094295433,False,both,left,none,none,0,moving_average,4,2.0,peak,11,-1,-1,11,False,0.9506800363750322,False,False,False,False,False,False,False,,,20.45977011494253
frame_000179.jpg,33.933853100644455,27.294808729607183,179,True,0.022852190517964815,0.0,0.0,0.01969560231703287,False,False,False,False,False,1.1602686808009983,0.21646845063349857,0.18,False,False,True,True,True,33.933853100644455,27.294808729607183,33.933853100644455,27.294808729607183,False,False,False,False,0.95521469026601,0.17516958680023703,0.95521469026601,False,both,left,none,none,0,moving_average,4,2.0,peak,11,-1,-1,11,False,0.952072365857725,False,False,False,False,False,False,False,,,20.57471264367816
frame_000180.jpg,33.92481403005643,26.09330042113135,180,True,0.12071847469133484,0.0,0.0,0.10404355188489284,False,False,False,False,False,1.1602686808009983,0.21646845063349857,0.18,False,False,True,True,True,33.92481403005643,26.09330042113135,33.92481403005643,26.09330042113135,False,False,False,False,0.9525896978776218,0.03339336928529342,0.9525896978776218,False,both,left,none,none,0,moving_average,4,2.0,peak,11,-1,-1,11,False,0.9607748484459723,False,False,False,False,False,False,False,,,20.689655172413794
frame_000181.jpg,34.00033080894996,26.29375848998619,181,True,0.013862396015582786,0.0,0.0,0.011947574079145875,False,False,False,False,False,1.1602686808009983,0.21646845063349857,0.18,False,False,True,True,True,34.00033080894996,26.29375848998619,34.00033080894996,26.29375848998619,False,False,False,False,0.9745201571942851,0.057047127292711206,0.9745201571942851,False,both,left,none,none,0,moving_average,4,2.0,peak,11,-1,-1,11,False,0.9640424807479017,False,False,False,False,False,False,False,,,20.804597701149426
frame_000182.jpg,33.96760903741993,26.27364381874834,182,True,0.016889320016897986,0.0,0.0,0.014556387064794634,False,False,False,False,False,1.1602686808009983,0.21646845063349857,0.18,False,False,True,True,True,33.96760903741993,26.27364381874834,33.96760903741993,26.27364381874834,False,False,False,False,0.9650175871717982,0.054673625599429995,0.9650175871717982,False,both,left,none,none,0,moving_average,4,2.0,peak,11,-1,-1,11,False,0.9700176112070648,True,False,False,False,False,False,False,7,,20.919540229885058
frame_000183.jpg,33.98653949588857,26.301477297284155,183,True,0.012906284327888462,0.0,0.0,0.011123530731673747,False,False,False,False,False,1.1602686808009983,0.21646845063349857,0.18,False,False,True,True,True,33.98653949588857,26.301477297284155,33.98653949588857,26.301477297284155,False,False,False,False,0.9705150892551111,0.057957935228630166,0.9705150892551111,False,both,left,none,none,0,moving_average,4,2.0,peak,11,-1,-1,11,False,0.9616289041762012,False,False,False,False,False,False,False,,,21.03448275862069
frame_000184.jpg,33.91367214053288,26.525970915916705,184,True,0.023084262164411177,0.0,0.0,0.01989561775335935,False,False,False,False,False,1.1602686808009983,0.21646845063349857,0.18,False,False,True,True,True,33.91367214053288,26.525970915916705,33.91367214053288,26.525970915916705,False,False,False,False,0.9493540361016942,0.08444785284421477,0.9493540361016942,False,both,left,none,none,0,moving_average,4,2.0,peak,11,-1,-1,11,False,0.9448547749214873,False,False,False,False,False,False,False,,,21.149425287356323
frame_000185.jpg,33.794325633944126,26.39901850925267,185,True,0.014682422389598826,0.0,0.0,0.012654329667385944,False,False,False,False,False,1.1602686808009983,0.21646845063349857,0.18,False,False,True,True,True,33.794325633944126,26.39901850925267,33.794325633944126,26.39901850925267,False,False,False,False,0.9146951994076568,0.06946765512583351,0.9146951994076568,False,both,left,none,none,0,moving_average,4,2.0,peak,11,-1,-1,11,False,0.9198235746279694,False,False,False,False,False,False,False,,,21.264367816091955
frame_000186.jpg,33.727957275966396,26.428644182249723,186,True,0.007301894601748743,0.0,0.0,0.006293279067662015,False,False,False,False,False,1.1602686808009983,0.21646845063349857,0.18,False,False,True,True,True,33.727957275966396,26.428644182249723,33.727957275966396,26.428644182249723,False,False,False,False,0.8954214883745574,0.07296344107190403,0.8954214883745574,False,both,left,none,none,0,moving_average,4,2.0,peak,11,-1,-1,11,False,0.893185026595456,False,False,False,False,False,False,False,,,21.379310344827587
frame_000187.jpg,33.638485381409126,26.430553335091396,187,True,0.025088740032777657,0.0,0.0,0.021623215767107924,False,False,False,False,False,1.1602686808009983,0.21646845063349857,0.18,False,False,True,True,True,33.638485381409126,26.430553335091396,33.638485381409126,26.430553335091396,False,False,False,False,0.8694383920041542,0.0731887183060612,0.8694383920041542,False,both,left,none,none,0,moving_average,4,2.0,peak,11,-1,-1,11,False,0.8637542196765138,False,False,False,False,False,False,False,,,21.49425287356322
frame_000188.jpg,33.49029373383697,26.448020544536774,188,True,0.053696832889468894,0.0,0.0,0.04627965382328425,False,False,False,False,False,1.1602686808009983,0.21646845063349857,0.18,False,False,True,True,True,33.49029373383697,26.448020544536774,33.49029373383697,26.448020544536774,False,False,False,False,0.8264027786508297,0.07524982339225782,0.8264027786508297,False,both,left,none,none,0,moving_average,4,2.0,peak,11,-1,-1,11,False,0.8662904158852597,False,False,False,False,False,False,False,,,21.60919540229885
frame_000189.jpg,33.7541571880012,26.858968722520437,189,True,0.10857482611858121,0.0,0.0,0.0935773135267479,False,False,False,False,False,1.1602686808009983,0.21646845063349857,0.18,False,False,True,True,True,33.7541571880012,26.858968722520437,33.7541571880012,26.858968722520437,False,False,False,False,0.9030300770007954,0.12374110544014504,0.9030300770007954,False,both,left,none,none,0,moving_average,4,2.0,peak,11,-1,-1,11,False,0.9082895408993592,False,False,False,False,False,False,False,,,21.724137931034484
frame_000190.jpg,34.072352988778604,27.95812309678739,190,True,0.14856038066656724,0.0,0.0,0.1280396369606458,False,False,False,False,False,1.1602686808009983,0.21646845063349857,0.18,False,False,True,True,True,34.072352988778604,27.95812309678739,34.072352988778604,27.95812309678739,False,False,False,False,0.9954357670464526,0.25343970889487716,0.9954357670464526,False,both,left,none,none,0,moving_average,4,2.0,peak,11,-1,-1,11,False,0.9374766527293582,False,False,False,False,False,False,False,,,21.839080459770116
frame_000191.jpg,33.791808167088995,27.51819693011781,191,True,0.08075108203824824,0.0,0.0,0.0695968816313315,False,False,False,False,False,1.1602686808009983,0.21646845063349857,0.18,False,False,True,True,True,33.791808167088995,27.51819693011781,33.791808167088995,27.51819693011781,False,False,False,False,0.9139641141408268,0.20152906669933374,0.9139641141408268,False,both,left,none,none,0,moving_average,4,2.0,peak,11,-1,-1,11,False,0.9581574241156972,False,False,False,False,False,False,False,,,21.95402298850575
frame_000192.jpg,33.96779775305902,28.78823116681541,192,True,0.12894450389157333,0.0,0.0,0.11113331422731822,False,False,False,False,False,1.1602686808009983,0.21646845063349857,0.18,False,False,True,True,True,33.96779775305902,28.78823116681541,33.96779775305902,28.78823116681541,False,False,False,False,0.9650723911598122,0.35139124320136667,0.9650723911598122,False,both,left,none,none,0,moving_average,4,2.0,peak,11,-1,-1,11,False,0.9489471816048851,False,False,False,False,False,False,False,,,22.06896551724138
frame_000193.jpg,33.97720753324549,29.825196441247215,193,True,0.0858037250934097,0.0,0.0,0.07395159975719985,False,False,False,False,False,1.1602686808009983,0.21646845063349857,0.18,False,False,True,True,True,33.97720753324549,29.825196441247215,33.97720753324549,29.825196441247215,False,False,False,False,0.9678050395140163,0.47375162412106603,0.9678050395140163,False,both,left,none,none,0,moving_average,4,2.0,peak,11,-1,-1,11,False,0.9637149040511879,False,False,False,False,False,False,False,,,22.183908045977013
frame_000194.jpg,33.9443645930127,33.719098341788474,194,True,0.14967118915952382,0.18485971458298503,0.023976089347765284,0.8539799404577894,False,False,False,False,False,1.1602686808009983,0.21646845063349857,0.18,False,False,True,True,True,33.9443645930127,33.719098341788474,33.9443645930127,33.719098341788474,False,False,False,False,0.9582672814797352,0.9332263351476636,0.9582672814797352,False,both,left,none,none,0,moving_average,4,2.0,peak,11,-1,-1,11,False,0.9670430291643748,True,False,False,False,False,False,False,8,,22.298850574712645
frame_000195.jpg,34.002178604550565,33.574607867365266,195,True,0.016925690628293244,0.027688966805025167,0.022495178299057887,0.12791225106472995,False,False,False,False,False,1.1602686808009983,0.21646845063349857,0.18,False,False,True,True,True,34.002178604550565,33.574607867365266,34.002178604550565,33.574607867365266,False,False,False,False,0.9750567664993732,0.9161766711660232,0.9750567664993732,False,both,left,none,none,0,moving_average,4,2.0,peak,11,-1,-1,11,False,0.9621857078011982,False,False,False,False,False,False,False,,,22.413793103448278
frame_000196.jpg,33.92702947840843,33.659653623730435,196,True,0.03693660149156899,0.005120592218674272,0.0011668696280883704,0.0318345242811084,False,False,False,False,False,1.1602686808009983,0.21646845063349857,0.18,False,False,True,True,True,33.92702947840843,33.659653623730435,33.92702947840843,33.659653623730435,False,False,False,False,0.9532330754244864,0.9262119456356992,0.9532330754244864,False,both,left,none,none,0,moving_average,4,2.0,peak,11,-1,-1,11,False,0.9530607466671162,False,False,False,False,False,False,False,,,22.52873563218391
frame_000197.jpg,33.85010012790171,33.45748939283265,197,True,0.003571848081516073,0.0057802060966326944,0.004835373468599401,0.026863185936663342,False,False,False,False,False,1.1602686808009983,0.21646845063349857,0.18,False,False,True,True,True,33.85010012790171,33.45748939283265,33.85010012790171,33.45748939283265,False,False,False,False,0.9308923980774891,0.9023568630105404,0.9308923980774891,False,both,left,none,none,0,moving_average,4,2.0,peak,11,-1,-1,11,False,0.933783825804199,False,False,False,False,False,False,False,,,22.643678160919542
frame_000198.jpg,33.80304037180317,30.223374834533715,198,True,0.07854267212563841,0.14626994946265293,0.0021875927918036317,0.67571024338462,False,False,False,False,False,1.1602686808009983,0.21646845063349857,0.18,False,False,True,True,True,33.80304037180317,30.223374834533715,33.80304037180317,30.223374834533715,False,False,False,False,0.9172260039106217,0.5207360903108585,0.9172260039106217,False,both,left,none,none,0,moving_average,4,2.0,peak,11,-1,-1,11,False,0.9110277024051029,False,False,False,False,False,False,False,,,22.758620689655174
frame_000199.jpg,33.691949704511806,30.18648573690832,199,True,0.01091898213494931,0.0,0.0,0.009410735905938033,False,False,False,False,False,1.1602686808009983,0.21646845063349857,0.18,False,False,True,True,True,33.691949704511806,30.18648573690832,33.691949704511806,30.18648573690832,False,False,False,False,0.8849647052271978,0.516383230915735,0.8849647052271978,False,both,left,none,none,0,moving_average,4,2.0,peak,11,-1,-1,11,False,0.8842889188622732,False,False,False,False,False,False,False,,,22.873563218390807
frame_000200.jpg,33.57387789622895,29.62761652843963,200,True,0.01481397947278698,0.0,0.0,0.012767714683602474,False,False,False,False,False,1.1602686808009983,0.21646845063349857,0.18,False,False,True,True,True,33.57387789622895,29.62761652843963,33.57387789622895,29.62761652843963,False,False,False,False,0.8506760474490004,0.4504374843043167,0.8506760474490004,False,both,left,none,none,0,moving_average,4,2.0,peak,11,-1,-1,11,False,0.8594854478513245,False,False,False,False,False,False,False,,,22.98850574712644
frame_000201.jpg,33.54681068562838,29.646640008323235,201,True,0.0019384101842230125,0.0,0.0,0.0016706563025426313,False,False,False,False,True,1.1602686808009983,0.21646845063349857,0.18,False,False,True,True,True,33.54681068562838,29.646640008323235,33.54681068562838,29.646640008323235,False,False,True,True,0.8428155908777757,0.4526822270188222,0.8428155908777757,False,both,left,none,none,0,moving_average,4,2.0,peak,11,-1,-1,11,False,0.8644198985804527,False,False,False,False,False,False,False,,,23.10344827586207
frame_000202.jpg,33.742924536268674,33.36085033139607,202,True,0.040372976048490564,0.22294470671351593,0.006712834203488991,1.0299177827580162,False,True,False,True,True,1.1602686808009983,0.21646845063349857,0.18,False,False,True,True,True,33.742924536268674,33.36085033139607,33.742924536268674,33.36085033139607,False,False,True,True,0.8997680574145821,0.8909535955524464,0.8997680574145821,False,both,left,none,none,0,moving_average,4,2.0,peak,11,-1,-1,11,False,0.8953007480788238,False,False,False,False,False,False,False,,,23.218390804597703
frame_000203.jpg,33.89288931089288,27.86819025848279,203,True,0.31441904201050236,0.22294470671351588,0.006712834203488991,1.029917782758016,False,True,False,True,True,1.1602686808009983,0.21646845063349857,0.18,False,False,True,True,True,33.89288931089288,27.86819025848279,33.89288931089288,27.86819025848279,False,False,True,True,0.9433185959441138,0.2428277659268062,0.9433185959441138,False,both,left,none,none,0,moving_average,4,2.0,peak,11,-1,-1,11,False,0.9244654400460184,False,False,False,False,False,False,False,,,23.333333333333336
frame_000204.jpg,33.84809351281172,26.4424568641887,204,True,0.2624054190182239,0.0,0.0,0.22615918481663297,False,False,False,False,True,1.1602686808009983,0.21646845063349857,0.18,False,False,True,True,True,33.84809351281172,26.4424568641887,33.84809351281172,26.4424568641887,False,False,True,True,0.9303096667793593,0.07459331727436593,0.9303096667793593,False,both,left,none,none,0,moving_average,4,2.0,peak,11,-1,-1,11,False,0.9430016049725807,False,False,False,False,False,False,False,,,23.448275862068968
frame_000205.jpg,33.9344104666016,26.430504684911924,205,True,0.2067502802117015,0.0,0.0,0.17819172716871942,False,False,False,False,False,1.1602686808009983,0.21646845063349857,0.18,False,False,True,True,True,33.9344104666016,26.430504684911924,33.9344104666016,26.430504684911924,False,False,False,False,0.9553765521942689,0.07318297765626429,0.9553765521942689,False,both,left,none,none,0,moving_average,4,2.0,peak,11,-1,-1,11,False,0.9499482397219086,False,False,False,False,False,False,False,,,23.5632183908046
frame_000206.jpg,33.96465080108938,27.116031238400836,206,True,0.07928054058984803,0.13877417616482715,0.03081949701826294,0.6410826878406631,False,False,False,False,False,1.1602686808009983,0.21646845063349857,0.18,False,False,True,True,True,33.96465080108938,27.116031238400836,33.96465080108938,27.116031238400836,False,False,False,False,0.9641585001920978,0.15407410514501654,0.9641585001920978,False,both,left,none,none,0,moving_average,4,2.0,peak,11,-1,-1,11,False,0.9664482012792706,False,False,False,False,False,False,False,,,23.678160919540232
frame_000207.jpg,34.018544655309995,29.07892726604758,207,True,0.0769435676773384,0.0699136438533008,0.03995617256979603,0.32297382666479735,False,False,False,False,False,1.1602686808009983,0.21646845063349857,0.18,False,False,True,True,True,34.018544655309995,29.07892726604758,34.018544655309995,29.07892726604758,False,False,False,False,0.9798095514514453,0.38569295639365164,0.9798095514514453,False,both,left,none,none,0,moving_average,4,2.0,peak,11,-1,-1,11,False,0.981322683881181,True,False,False,False,False,False,False,9,,23.793103448275865
frame_000208.jpg,34.088069767246154,31.463665470749664,208,True,0.09464150654637311,0.11494963654997908,0.02602755782481558,0.5310225864950622,False,False,False,False,False,1.1602686808009983,0.21646845063349857,0.18,False,False,True,True,True,34.088069767246154,31.463665470749664,34.088069767246154,31.463665470749664,False,False,False,False,1.0,0.6670885655966646,1.0,False,both,left,none,none,0,moving_average,4,2.0,peak,11,-1,-1,11,False,0.9712454862950917,False,False,False,False,False,False,False,,,23.908045977011497
frame_000209.jpg,33.860549356018836,32.03008910627885,209,True,0.024625764759762223,0.04869944528320258,0.005389972377994011,0.22497248509278295,False,False,False,False,False,1.1602686808009983,0.21646845063349857,0.18,False,False,True,True,True,33.860549356018836,32.03008910627885,33.860549356018836,32.03008910627885,False,False,False,False,0.93392690743383,0.7339257235171638,0.93392690743383,False,both,left,none,none,0,moving_average,4,2.0,peak,11,-1,-1,11,False,0.9160958006473887,False,False,False,False,False,False,False,,,24.02298850574713
frame_000210.jpg,33.44882654448947,32.19132397307012,210,True,0.02604008814704297,0.05217926377205165,0.0033107220390641186,0.24104789228799003,False,False,False,False,False,1.1602686808009983,0.21646845063349857,0.18,False,False,True,True,True,33.44882654448947,32.19132397307012,33.44882654448947,32.19132397307012,False,False,False,False,0.8143604945083363,0.7529512012304139,0.8143604945083363,False,both,left,none,none,0,moving_average,4,2.0,peak,11,-1,-1,11,False,0.8423450124639835,False,False,False,False,False,False,False,,,24.13793103448276
frame_000211.jpg,33.326194894852854,32.191405780224265,211,True,0.002932928400858944,0.00552650651543419,0.011233454408659969,0.062408080048110944,False,False,False,False,False,1.1602686808009983,0.21646845063349857,0.18,False,False,True,True,True,33.326194894852854,32.191405780224265,33.326194894852854,32.191405780224265,False,False,False,False,0.7787476354497841,0.7529608543545735,0.7787476354497841,False,both,left,none,none,0,moving_average,4,2.0,peak,11,-1,-1,11,False,0.7833638028227348,False,False,False,False,False,False,False,,,24.252873563218394
frame_000212.jpg,33.25125008375506,31.579382995354965,212,True,0.0050213243428630676,0.0053631042582464655,0.001703223776251199,0.024775454541071693,False,False,False,False,False,1.1602686808009983,0.21646845063349857,0.18,False,False,True,True,True,33.25125008375506,31.579382995354965,33.25125008375506,31.579382995354965,False,False,False,False,0.7569832785100841,0.6807430637162355,0.7569832785100841,False,both,left,none,none,0,moving_average,4,2.0,peak,11,-1,-1,11,False,0.7661945172243225,False,False,False,False,False,False,False,,,24.367816091954026
frame_000213.jpg,33.27146101936661,30.41384775930159,213,True,0.03964217551004708,0.06933027100089431,0.0067129701190342325,0.3202788711149274,False,False,False,False,False,1.1602686808009983,0.21646845063349857,0.18,False,False,True,True,True,33.27146101936661,30.41384775930159,33.27146101936661,30.41384775930159,False,False,False,False,0.7628526377130996,0.5432116159664856,0.7628526377130996,False,both,left,none,none,0,moving_average,4,2.0,peak,11,-1,-1,11,False,0.7658449661972248,False,False,False,False,False,False,False,,,24.48275862068966
frame_000214.jpg,33.32258389420154,26.926652604970663,214,True,0.12125856980225912,0.18087731248985114,0.006881645803882231,0.8355827925986935,False,False,False,False,False,1.1602686808009983,0.21646845063349857,0.18,False,False,True,True,True,33.32258389420154,26.926652604970663,33.32258389420154,26.926652604970663,False,False,False,False,0.777698982368491,0.13172770426166458,0.777698982368491,False,both,left,none,none,0,moving_average,4,2.0,peak,11,-1,-1,11,False,0.8031583939780842,False,False,False,False,False,False,False,,,24.59770114942529
frame_000215.jpg,33.636712581571395,25.81030224733642,215,True,0.11270494181482124,0.16225826111375927,0.043349417571360974,0.7495700211227444,False,False,False,False,False,1.1602686808009983,0.21646845063349857,0.18,False,False,True,True,True,33.636712581571395,25.81030224733642,33.636712581571395,25.81030224733642,False,False,False,False,0.8689235618526621,0.0,0.8689235618526621,False,both,left,none,none,0,moving_average,4,2.0,peak,11,-1,-1,11,False,0.8410794798527813,False,False,False,False,False,False,False,,,24.712643678160923
frame_000216.jpg,33.66320086613209,25.902425425980617,216,True,0.13315241875866166,0.012213723276044324,0.019229293882651922,0.11475998702881396,False,False,False,False,False,1.1602686808009983,0.21646845063349857,0.18,False,False,True,True,True,33.66320086613209,25.902425425980617,33.66320086613209,25.902425425980617,False,False,False,False,0.8766158953371909,0.010870399914417572,0.8766158953371909,False,both,left,none,none,0,moving_average,4,2.0,peak,11,-1,-1,11,False,0.8700468775987211,True,False,False,False,False,False,False,10,,24.827586206896555
frame_000217.jpg,33.62182859388354,26.216543800830717,217,True,0.14020237473678734,0.0,0.0,0.12083612792167915,False,False,False,False,False,1.1602686808009983,0.21646845063349857,0.18,False,False,True,True,True,33.62182859388354,26.216543800830717,33.62182859388354,26.216543800830717,False,False,False,False,0.8646011756063104,0.04793590726382771,0.8646011756063104,False,both,left,none,none,0,moving_average,4,2.0,peak,11,-1,-1,11,False,0.8638832567586445,False,False,False,False,False,False,False,,,24.942528735632187
frame_000218.jpg,33.57303993539796,26.301408734494004,218,True,0.07933416604381283,0.0,0.0,0.06837568518099102,False,False,False,False,False,1.1602686808009983,0.21646845063349857,0.18,False,False,True,True,True,33.57303993539796,26.301408734494004,33.57303993539796,26.301408734494004,False,False,False,False,0.8504326993324323,0.057949844919989495,0.8504326993324323,False,both,left,none,none,0,moving_average,4,2.0,peak,11,-1,-1,11,False,0.848064804617563,False,False,False,False,False,False,False,,,25.05747126436782
frame_000219.jpg,33.49978998601409,26.219256702538896,219,True,0.030731639249394364,0.0,0.0,0.026486657580189612,False,False,False,False,False,1.1602686808009983,0.21646845063349857,0.18,False,False,True,True,True,33.49978998601409,26.219256702538896,33.49978998601409,26.219256702538896,False,False,False,False,0.8291605389139465,0.048256025684950715,0.8291605389139465,False,both,left,none,none,0,moving_average,4,2.0,peak,11,-1,-1,11,False,0.8397774171480561,False,False,False,False,False,False,False,,,25.172413793103452
frame_000220.jpg,33.53621659669237,26.256581946901385,220,True,0.011206046271991415,0.0,0.0,0.009658147683737576,False,False,False,False,False,1.1602686808009983,0.21646845063349857,0.18,False,False,True,True,True,33.53621659669237,26.256581946901385,33.53621659669237,26.256581946901385,False,False,False,False,0.8397390131977897,0.052660349755125076,0.8397390131977897,False,both,left,none,none,0,moving_average,4,2.0,peak,11,-1,-1,11,False,0.8380463890697817,False,False,False,False,False,False,False,,,25.287356321839084
frame_000221.jpg,33.55515772927204,26.288486478021493,221,True,0.005957163209093618,0.0,0.0,0.005134296312282648,False,False,False,False,False,1.1602686808009983,0.21646845063349857,0.18,False,False,True,True,True,33.55515772927204,26.288486478021493,33.55515772927204,26.288486478021493,False,False,False,False,0.8452396150976088,0.05642503761611443,0.8452396150976088,False,both,left,none,none,0,moving_average,4,2.0,peak,11,-1,-1,11,False,0.8525348804590314,False,False,False,False,False,False,False,,,25.402298850574716
frame_000222.jpg,33.649461844447735,26.532581406606827,222,True,0.04182170053270827,0.0,0.0,0.03604484135850018,False,False,False,False,False,1.1602686808009983,0.21646845063349857,0.18,False,False,True,True,True,33.649461844447735,26.532581406606827,33.649461844447735,26.532581406606827,False,False,False,False,0.8726260130816961,0.08522788104655994,0.8726260130816961,False,both,left,none,none,0,moving_average,4,2.0,peak,11,-1,-1,11,False,0.8454952271600443,False,False,False,False,False,False,False,,,25.517241379310345
frame_000223.jpg,33.463494188010834,26.436001737096436,223,True,0.031075964152334087,0.0,0.0,0.026783420656395388,False,False,False,False,False,1.1602686808009983,0.21646845063349857,0.18,False,False,True,True,True,33.463494188010834,26.436001737096436,33.463494188010834,26.436001737096436,False,False,False,False,0.818620053300828,0.07383162174861445,0.818620053300828,False,both,left,none,none,0,moving_average,4,2.0,peak,11,-1,-1,11,False,0.8375366676521623,False,False,False,False,False,False,False,,,25.632183908045977
frame_000224.jpg,33.472942655252446,26.45307179343814,224,True,0.009646615359329539,0.0,0.0,0.008314121995148522,False,False,False,False,False,1.1602686808009983,0.21646845063349857,0.18,False,False,True,True,True,33.472942655252446,26.45307179343814,33.472942655252446,26.45307179343814,False,False,False,False,0.8213639365739629,0.0758458633512913,0.8213639365739629,False,both,left,none,none,0,moving_average,4,2.0,peak,11,-1,-1,11,False,0.8119453824551466,False,False,False,False,False,False,False,,,25.74712643678161
frame_000225.jpg,33.385093725487835,26.4323661965152,225,True,0.004278042645834,0.0,0.0,0.0036871137837493195,False,False,False,False,False,1.1602686808009983,0.21646845063349857,0.18,False,False,True,True,True,33.385093725487835,26.4323661965152,33.385093725487835,26.4323661965152,False,False,False,False,0.7958521574906486,0.07340263329419125,0.7958521574906486,False,both,left,none,none,0,moving_average,4,2.0,peak,11,-1,-1,11,False,0.8040724599000773,False,False,False,False,False,False,False,,,25.862068965517242
frame_000226.jpg,33.38216377765523,26.330584862014508,226,True,0.035036959003047735,0.0,0.0,0.030197280666801902,False,False,False,False,False,1.1602686808009983,0.21646845063349857,0.18,False,False,True,True,True,33.38216377765523,26.330584862014508,33.38216377765523,26.330584862014508,False,False,False,False,0.7950012856356204,0.061392585159412406,0.7950012856356204,False,both,left,none,none,0,moving_average,4,2.0,peak,11,-1,-1,11,False,0.8049403492382243,False,False,False,False,False,False,False,,,25.977011494252874
frame_000227.jpg,33.481908296095604,26.36212114052195,227,True,0.04755017555469795,0.0,0.0,0.040982038334320466,False,False,False,False,False,1.1602686808009983,0.21646845063349857,0.18,False,False,True,True,True,33.481908296095604,26.36212114052195,33.481908296095604,26.36212114052195,False,False,False,False,0.8239676045884038,0.0651138197524172,0.8239676045884038,False,both,left,none,none,0,moving_average,4,2.0,peak,11,-1,-1,11,False,0.8478085440175641,False,False,False,False,False,False,False,,,26.091954022988507
frame_000228.jpg,33.8279391679802,25.955522854807874,228,True,0.11730267341627815,0.0,0.0,0.1010995775007023,False,False,False,False,False,1.1602686808009983,0.21646845063349857,0.18,False,False,True,True,True,33.8279391679802,25.955522854807874,33.8279391679802,25.955522854807874,False,False,False,False,0.9244567418286682,0.017135818610062737,0.9244567418286682,False,both,left,none,none,0,moving_average,4,2.0,peak,11,-1,-1,11,False,0.8981206297803518,False,False,False,False,False,False,False,,,26.20689655172414
frame_000229.jpg,33.90190756432556,25.83208988617965,229,True,0.15017956615858963,0.0,0.0,0.12943516328899982,False,False,False,False,True,1.1602686808009983,0.21646845063349857,0.18,False,False,True,True,True,33.90190756432556,25.83208988617965,33.90190756432556,25.83208988617965,False,False,True,True,0.9459375429239838,0.0025709094160931176,0.9459375429239838,False,both,left,none,none,0,moving_average,4,2.0,peak,11,-1,-1,11,False,0.9173302975773359,True,False,False,False,False,False,False,11,,26.32183908045977
frame_000230.jpg,33.680351778016764,32.989819555479684,230,True,0.1436813387542508,0.3780560909189531,0.1487749890379156,1.7464720138780758,False,True,False,True,True,1.1602686808009983,0.21646845063349857,0.18,False,False,True,True,True,33.680351778016764,32.989819555479684,33.680351778016764,32.989819555479684,False,False,True,True,0.881596607979356,0.847172508380615,0.881596607979356,False,both,left,none,none,0,moving_average,4,2.0,peak,11,-1,-1,11,False,0.8393757808300216,False,False,False,False,False,False,False,,,26.436781609195403
frame_000231.jpg,33.02263811341187,28.895794598147248,231,True,2.7085558712279907,0.3780560909189531,0.1487749890379156,2.33442125608193,True,True,False,True,True,1.1602686808009983,0.21646845063349857,0.18,False,False,True,True,True,33.02263811341187,28.895794598147248,33.02263811341187,28.895794598147248,False,False,True,True,0.6905931915867252,0.364083570278573,0.6905931915867252,False,both,left,none,none,0,moving_average,4,2.0,peak,11,-1,-1,11,False,0.8379126563084758,False,False,False,False,False,False,False,,,26.551724137931036
frame_000232.jpg,33.886792908121805,33.00869342166601,232,True,3.4636362816945763,0.844012190718553,0.10174851640375975,3.8990078611850234,True,True,False,True,True,1.1602686808009983,0.21646845063349857,0.18,False,False,True,True,True,33.886792908121805,33.00869342166601,33.886792908121805,33.00869342166601,False,False,True,True,0.9415481693593463,0.8493995968983589,0.9415481693593463,False,both,left,none,none,0,moving_average,4,2.0,peak,11,-1,-1,11,False,0.8539597083690067,False,False,False,False,False,False,False,,,26.666666666666668
frame_000233.jpg,33.846124185906184,32.8551305153464,233,True,0.16561913913711868,0.21325915618692365,0.13668615555017777,0.9851743086016329,False,False,False,False,True,1.1602686808009983,0.21646845063349857,0.18,False,False,True,True,True,33.846124185906184,32.8551305153464,33.846124185906184,32.8551305153464,False,False,True,True,0.9297377641609491,0.8312793992642588,0.9297377641609491,False,both,left,none,none,0,moving_average,4,2.0,peak,11,-1,-1,11,False,0.901531004765266,False,False,False,False,False,False,False,,,26.7816091954023
frame_000234.jpg,33.51406845963886,33.56415510432067,234,True,0.423607602802837,0.14309789264008888,0.35710467084847375,1.9839148380470764,False,False,True,True,True,1.1602686808009983,0.21646845063349857,0.18,False,False,True,True,True,33.51406845963886,33.56415510432067,33.51406845963886,33.56415510432067,False,False,True,True,0.8333070807755029,0.914943260463335,0.8333070807755029,False,both,left,none,none,0,moving_average,4,2.0,peak,11,-1,-1,11,False,0.8496087526148242,False,False,False,False,False,False,False,,,26.896551724137932
frame_000235.jpg,,,235,False,,,,0.0,False,False,False,False,True,1.1602686808009983,0.21646845063349857,0.18,True,True,False,False,False,,,33.3504154644921,33.58469999779402,True,True,False,False,0.7857814129080204,0.9173675277491716,0.7857814129080204,False,missing,left,none,none,0,moving_average,4,2.0,peak,11,-1,-1,11,False,0.7857814129080211,False,False,False,False,False,False,False,,,27.011494252873565
frame_000236.jpg,,,236,False,,,,0.0,False,False,False,False,False,1.1602686808009983,0.21646845063349857,0.18,True,True,False,False,False,,,33.186762469345354,33.60524489126737,True,True,False,False,0.7382557450405399,0.9197917950350084,0.7382557450405399,False,missing,left,none,none,0,moving_average,4,2.0,peak,11,-1,-1,11,False,0.7382557450405391,False,False,False,False,False,False,False,,,27.126436781609197
frame_000237.jpg,,,237,False,,,,0.0,False,False,False,False,False,1.1602686808009983,0.21646845063349857,0.18,True,True,False,False,False,,,33.0231094741986,33.62578978474071,True,True,False,False,0.6907300771730573,0.9222160623208443,0.6907300771730573,False,missing,left,none,none,0,moving_average,4,2.0,peak,11,-1,-1,11,False,0.6907300771730573,False,False,False,False,False,False,False,,,27.24137931034483
frame_000238.jpg,,,238,False,,,,0.0,False,False,False,False,False,1.1602686808009983,0.21646845063349857,0.18,True,True,False,False,False,,,32.85945647905184,33.64633467821406,True,True,False,False,0.6432044093055749,0.924640329606681,0.6432044093055749,False,missing,left,none,none,0,moving_average,4,2.0,peak,11,-1,-1,11,False,0.6432044093055755,False,False,False,False,False,False,False,,,27.35632183908046
frame_000239.jpg,,,239,False,,,,0.0,False,False,False,False,False,1.1602686808009983,0.21646845063349857,0.18,True,True,False,False,False,,,32.695803483905095,33.66687957168741,True,True,False,False,0.5956787414380944,0.9270645968925176,0.5956787414380944,False,missing,left,none,none,0,moving_average,4,2.0,peak,11,-1,-1,11,False,0.5956787414380937,False,False,False,False,False,False,False,,,27.471264367816094
frame_000240.jpg,,,240,False,,,,0.0,False,False,False,False,False,1.1602686808009983,0.21646845063349857,0.18,True,True,False,False,False,,,32.53215048875834,33.68742446516076,True,True,False,False,0.5481530735706118,0.9294888641783544,0.5481530735706118,False,missing,left,none,none,0,moving_average,4,2.0,peak,11,-1,-1,11,False,0.5481530735706118,False,False,False,False,False,False,False,,,27.586206896551726
frame_000241.jpg,,,241,False,,,,0.0,False,False,False,False,False,1.1602686808009983,0.21646845063349857,0.18,True,True,False,False,False,,,32.368497493611585,33.7079693586341,True,True,False,False,0.5006274057031294,0.9319131314641903,0.5006274057031294,False,missing,left,none,none,0,moving_average,4,2.0,peak,11,-1,-1,11,False,0.5006274057031299,False,False,False,False,False,False,False,,,27.70114942528736
frame_000242.jpg,,,242,False,,,,0.0,False,False,False,False,False,1.1602686808009983,0.21646845063349857,0.18,True,True,False,False,False,,,32.20484449846484,33.72851425210745,True,True,False,False,0.45310173783564883,0.934337398750027,0.45310173783564883,False,missing,left,none,none,0,moving_average,4,2.0,peak,11,-1,-1,11,False,0.4531017378356481,False,False,False,False,False,False,False,,,27.81609195402299
frame_000243.jpg,32.04119150331808,33.7490591455808,243,True,,,,0.0,False,False,False,False,False,1.1602686808009983,0.21646845063349857,0.18,False,False,True,True,True,32.04119150331808,33.7490591455808,32.04119150331808,33.7490591455808,False,False,False,False,0.4055760699681663,0.9367616660358636,0.4055760699681663,False,both,left,none,none,0,moving_average,4,2.0,peak,11,-1,-1,11,False,0.43208247308844105,False,False,False,False,False,False,False,,,27.931034482758623
frame_000244.jpg,32.151360157977216,33.50697356990367,244,True,0.5152370163657823,0.18287964517649824,0.009372216936582557,0.8448327903733679,False,False,False,False,False,1.1602686808009983,0.21646845063349857,0.18,False,False,True,True,True,32.151360157977216,33.50697356990367,32.151360157977216,33.50697356990367,False,False,False,False,0.43756961146150813,0.9081959233004097,0.43756961146150813,False,both,left,none,none,0,moving_average,4,2.0,peak,11,-1,-1,11,False,0.4269050976303942,False,False,False,False,False,False,False,,,28.045977011494255
frame_000245.jpg,32.151360157977216,33.50697356990367,245,True,0.0,0.0,0.0,0.0,False,False,False,False,False,1.1602686808009983,0.21646845063349857,0.18,False,False,True,True,True,32.151360157977216,33.50697356990367,32.151360157977216,33.50697356990367,False,False,False,False,0.43756961146150813,0.9081959233004097,0.43756961146150813,False,both,left,none,none,0,moving_average,4,2.0,peak,11,-1,-1,11,False,0.43423848997406456,False,False,False,False,False,False,False,,,28.160919540229887
frame_000246.jpg,,,246,False,,,,0.0,False,False,False,False,False,1.1602686808009983,0.21646845063349857,0.18,True,True,False,False,False,,,32.11694835275201,33.283488408882526,True,True,False,False,0.42757624699917746,0.8818250022033348,0.42757624699917746,False,missing,left,none,none,0,moving_average,4,2.0,peak,11,-1,-1,11,False,0.4275762469991774,False,False,False,False,False,False,False,,,28.27586206896552
frame_000247.jpg,,,247,False,,,,0.0,False,False,False,False,False,1.1602686808009983,0.21646845063349857,0.18,True,True,False,False,False,,,32.08253654752681,33.06000324786138,True,True,False,False,0.4175828825368468,0.85545408110626,0.4175828825368468,False,missing,left,none,none,0,moving_average,4,2.0,peak,11,-1,-1,11,False,0.4175828825368467,False,False,False,False,False,False,False,,,28.390804597701152
frame_000248.jpg,,,248,False,,,,0.0,False,False,False,False,False,1.1602686808009983,0.21646845063349857,0.18,True,True,False,False,False,,,32.0481247423016,32.83651808684023,True,True,False,False,0.4075895180745161,0.8290831600091844,0.4075895180745161,False,missing,left,none,none,0,moving_average,4,2.0,peak,11,-1,-1,11,False,0.4075895180745161,False,False,False,False,False,False,False,,,28.505747126436784
frame_000249.jpg,,,249,False,,,,0.0,False,False,False,False,False,1.1602686808009983,0.21646845063349857,0.18,True,True,False,False,False,,,32.0137129370764,32.613032925819084,True,True,False,False,0.3975961536121854,0.8027122389121095,0.3975961536121854,False,missing,left,none,none,0,moving_average,4,2.0,peak,11,-1,-1,11,False,0.3975961536121857,False,False,False,False,False,False,False,,,28.620689655172416
frame_000250.jpg,,,250,False,,,,0.0,False,False,False,False,False,1.1602686808009983,0.21646845063349857,0.18,True,True,False,False,False,,,31.979301131851198,32.38954776479794,True,True,False,False,0.38760278914985574,0.7763413178150347,0.38760278914985574,False,missing,left,none,none,0,moving_average,4,2.0,peak,11,-1,-1,11,False,0.38760278914985535,False,False,False,False,False,False,False,,,28.73563218390805
frame_000251.jpg,31.944889326625994,32.166062603776794,251,True,,,,0.0,False,False,False,False,True,1.1602686808009983,0.21646845063349857,0.18,False,False,True,True,True,31.944889326625994,32.166062603776794,31.944889326625994,32.166062603776794,False,False,True,True,0.37760942468752506,0.7499703967179598,0.37760942468752506,False,both,left,none,none,0,moving_average,4,2.0,peak,11,-1,-1,11,False,0.3689994233798602,False,False,False,False,False,False,False,,,28.85057471264368
frame_000252.jpg,31.821532795396365,32.131925484294996,252,True,0.14016333208581755,0.2538881949314066,0.03653324268921944,1.172864656204627,False,True,False,True,True,1.1602686808009983,0.21646845063349857,0.18,False,False,True,True,True,31.821532795396365,32.131925484294996,31.821532795396365,32.131925484294996,False,False,True,True,0.34178605630219977,0.7459422667060047,0.34178605630219977,False,both,left,none,none,0,moving_average,4,2.0,peak,11,-1,-1,11,False,0.3537271790973082,False,False,False,False,False,False,False,,,28.965517241379313
frame_000253.jpg,,,253,False,,,,0.0,False,False,False,False,True,1.1602686808009983,0.21646845063349857,0.18,True,True,False,False,False,,,31.821532795396365,32.131925484294996,True,True,False,False,0.34178605630219977,0.7459422667060047,0.34178605630219977,False,missing,left,none,none,0,moving_average,4,2.0,peak,11,-1,-1,11,False,0.34178605630219977,False,False,False,False,False,False,False,,,29.080459770114945
frame_000254.jpg,,,254,False,,,,0.0,False,False,False,False,False,1.1602686808009983,0.21646845063349857,0.18,True,True,False,False,False,,,31.821532795396365,32.131925484294996,True,True,False,False,0.34178605630219977,0.7459422667060047,0.34178605630219977,False,missing,left,none,none,0,moving_average,4,2.0,peak,11,-1,-1,11,False,0.34178605630219977,False,False,False,False,False,False,False,,,29.195402298850578
frame_000255.jpg,,,255,False,,,,0.0,False,False,False,False,False,1.1602686808009983,0.21646845063349857,0.18,True,True,False,False,False,,,31.821532795396365,32.131925484294996,True,True,False,False,0.34178605630219977,0.7459422667060047,0.34178605630219977,False,missing,left,none,none,0,moving_average,4,2.0,peak,11,-1,-1,11,False,0.34178605630219977,False,False,False,False,False,False,False,,,29.31034482758621
frame_000256.jpg,,,256,False,,,,0.0,False,False,False,False,False,1.1602686808009983,0.21646845063349857,0.18,True,True,False,False,False,,,31.821532795396365,32.131925484294996,True,True,False,False,0.34178605630219977,0.7459422667060047,0.34178605630219977,False,missing,left,none,none,0,moving_average,4,2.0,peak,11,-1,-1,11,False,0.34178605630219977,False,False,False,False,False,False,False,,,29.425287356321842
frame_000257.jpg,,,257,False,,,,0.0,False,False,False,False,False,1.1602686808009983,0.21646845063349857,0.18,True,True,False,False,False,,,31.821532795396365,32.131925484294996,True,True,False,False,0.34178605630219977,0.7459422667060047,0.34178605630219977,False,missing,left,none,none,0,moving_average,4,2.0,peak,11,-1,-1,11,False,0.34178605630219977,False,False,False,False,False,False,False,,,29.540229885057474
frame_000258.jpg,,,258,False,,,,0.0,False,False,False,False,False,1.1602686808009983,0.21646845063349857,0.18,True,True,False,False,False,,,31.821532795396365,32.131925484294996,True,True,False,False,0.34178605630219977,0.7459422667060047,0.34178605630219977,False,missing,left,none,none,0,moving_average,4,2.0,peak,11,-1,-1,11,False,0.34178605630219977,False,False,False,False,False,False,False,,,29.655172413793107
frame_000259.jpg,,,259,False,,,,0.0,False,False,False,False,False,1.1602686808009983,0.21646845063349857,0.18,True,True,False,False,False,,,31.821532795396365,32.131925484294996,True,True,False,False,0.34178605630219977,0.7459422667060047,0.34178605630219977,False,missing,left,none,none,0,moving_average,4,2.0,peak,11,-1,-1,11,False,0.34178605630219977,False,False,False,False,False,False,False,,,29.77011494252874
frame_000260.jpg,,,260,False,,,,0.0,False,False,False,False,False,1.1602686808009983,0.21646845063349857,0.18,True,True,False,False,False,,,31.821532795396365,32.131925484294996,True,True,False,False,0.34178605630219977,0.7459422667060047,0.34178605630219977,False,missing,left,none,none,0,moving_average,4,2.0,peak,11,-1,-1,11,False,,False,False,False,False,False,False,False,,,29.88505747126437
