frame_name,left_temp,right_temp,frame_index,motion_coordinate_valid,motion_center_step_norm,motion_scale_step_log,motion_angle_step_rad,motion_score,motion_center_flag,motion_scale_flag,motion_angle_flag,motion_artifact_raw,motion_artifact,motion_center_threshold,motion_scale_threshold,motion_angle_threshold,left_missing_raw,right_missing_raw,left_quality_valid,right_quality_valid,quality_any_valid,left_temp_motion_filtered,right_temp_motion_filtered,left_temp_used,right_temp_used,left_repaired,right_repaired,left_motion_interpolated,right_motion_interpolated,left_norm,right_norm,fused_norm,fused_repaired,fusion_source,selected_fusion_mode,peak_retune_rule,edge_peak_completion,edge_peak_added,smoothing_method,butterworth_order,butterworth_cutoff_hz,rr_estimator,time_peak_count,spectral_count,autocorr_count,joint_count,joint_adjusted,smoothed_norm,is_peak,source_peak_rejected,quality_peak_rejected,mad_ibi_peak_rejected,motion_peak_rejected,motion_interval_peak_rejected,motion_reconstructed_peak,peak_number,event_source,target_time_seconds
frame_000000.jpg,,,0,False,,,,0.0,False,False,False,False,False,0.2,0.14993902404234194,0.18,True,True,False,False,False,,,30.397266813735794,30.463288296018273,True,True,False,False,0.016917064863612916,0.5355282444336923,0.016917064863612916,False,missing,left,none,none,0,moving_average,4,2.0,peak,3,-1,-1,3,False,,False,False,False,False,False,False,False,,,0.0
frame_000001.jpg,30.397266813735794,30.463288296018273,1,True,,,,0.0,False,False,False,False,False,0.2,0.14993902404234194,0.18,False,False,True,True,True,30.397266813735794,30.463288296018273,30.397266813735794,30.463288296018273,False,False,False,False,0.016917064863612916,0.5355282444336923,0.016917064863612916,False,both,left,none,none,0,moving_average,4,2.0,peak,3,-1,-1,3,False,0.06224934448509328,False,False,False,False,False,False,False,,,0.1149425287356322
frame_000002.jpg,30.564106337534227,30.291449534098415,2,True,0.02747185905786871,0.03370782704910653,0.0016523210788812331,0.22481023378935444,False,False,False,False,False,0.2,0.14993902404234194,0.18,False,False,True,True,True,30.564106337534227,30.291449534098415,30.564106337534227,30.291449534098415,False,False,False,False,0.15291390372805402,0.44204731600063624,0.15291390372805402,False,both,left,none,none,0,moving_average,4,2.0,peak,3,-1,-1,3,False,0.15362830094168967,False,False,False,False,False,False,False,,,0.2298850574712644
frame_000003.jpg,30.733575106804565,30.487178067286717,3,True,0.038027203960881675,0.003991284435822393,0.0031819519942591773,0.19013601980440836,False,False,False,False,False,0.2,0.14993902404234194,0.18,False,False,True,True,True,30.733575106804565,30.487178067286717,30.733575106804565,30.487178067286717,False,False,False,False,0.2910539342334021,0.5485243692502163,0.2910539342334021,False,both,left,none,none,0,moving_average,4,2.0,peak,3,-1,-1,3,False,0.18357144987628438,True,False,False,False,False,False,False,1,,0.3448275862068966
frame_000004.jpg,30.50746865557977,30.273253840890543,4,True,0.0541797064351031,0.009109911560661389,0.07836748344691179,0.43537490803839884,False,False,False,False,False,0.2,0.14993902404234194,0.18,False,False,True,True,True,30.50746865557977,30.273253840890543,30.50746865557977,30.273253840890543,False,False,False,False,0.106746511667397,0.43214879092078134,0.106746511667397,False,both,left,none,none,0,moving_average,4,2.0,peak,3,-1,-1,3,False,0.1326001486335997,False,False,False,False,False,False,False,,,0.4597701149425288
frame_000005.jpg,30.376513132477616,,5,False,,,,0.0,False,False,False,False,False,0.2,0.14993902404234194,0.18,False,True,True,False,True,30.376513132477616,,30.376513132477616,30.19533815208838,False,True,False,False,0.0,0.38976236513796325,0.0,False,left_only,left,none,none,0,moving_average,4,2.0,peak,3,-1,-1,3,False,0.049735676776054755,False,False,False,False,False,False,False,,,0.574712643678161
frame_000006.jpg,30.428603260253734,,6,False,,,,0.0,False,False,False,False,False,0.2,0.14993902404234194,0.18,False,True,True,False,True,30.428603260253734,,30.428603260253734,30.11742246328621,False,True,False,False,0.04246051866076728,0.34737593935514316,0.04246051866076728,False,left_only,left,none,none,0,moving_average,4,2.0,peak,3,-1,-1,3,False,0.01828085507735635,False,False,False,False,False,False,False,,,0.6896551724137931
frame_000007.jpg,30.391703299917207,30.039506774484046,7,True,,,,0.0,False,False,False,False,False,0.2,0.14993902404234194,0.18,False,False,True,True,True,30.391703299917207,30.039506774484046,30.391703299917207,30.039506774484046,False,False,False,False,0.012382046571301772,0.304989513572325,0.012382046571301772,False,both,left,none,none,0,moving_average,4,2.0,peak,3,-1,-1,3,False,0.030130583712559708,False,False,False,False,False,False,False,,,0.8045977011494253
frame_000008.jpg,30.420124508281916,30.150603636656324,8,True,0.01618136691514964,0.005422282150695713,0.005936953023183138,0.0809068345757482,False,False,False,False,False,0.2,0.14993902404234194,0.18,False,False,True,True,True,30.420124508281916,30.150603636656324,30.420124508281916,30.150603636656324,False,False,False,False,0.03554918590561008,0.3654266216254393,0.03554918590561008,False,both,left,none,none,0,moving_average,4,2.0,peak,3,-1,-1,3,False,0.03022020156830256,False,False,False,False,False,False,False,,,0.9195402298850576
frame_000009.jpg,,,9,False,,,,0.0,False,False,False,False,False,0.2,0.14993902404234194,0.18,True,True,False,False,False,,,30.42893308704605,30.144392401069478,True,True,False,False,0.042729372227995825,0.3620476862624993,0.042729372227995825,False,missing,left,none,none,0,moving_average,4,2.0,peak,3,-1,-1,3,False,0.042729372227995825,False,False,False,False,False,False,False,,,1.0344827586206897
frame_000010.jpg,,,10,False,,,,0.0,False,False,False,False,False,0.2,0.14993902404234194,0.18,True,True,False,False,False,,,30.437741665810186,30.13818116548263,True,True,False,False,0.04990955855038158,0.35866875089955924,0.04990955855038158,False,missing,left,none,none,0,moving_average,4,2.0,peak,3,-1,-1,3,False,0.04990955855038254,False,False,False,False,False,False,False,,,1.149425287356322
frame_000011.jpg,,,11,False,,,,0.0,False,False,False,False,False,0.2,0.14993902404234194,0.18,True,True,False,False,False,,,30.446550244574325,30.131969929895785,True,True,False,False,0.05708974487277023,0.3552898155366192,0.05708974487277023,False,missing,left,none,none,0,moving_average,4,2.0,peak,3,-1,-1,3,False,0.05708974487276926,False,False,False,False,False,False,False,,,1.264367816091954
frame_000012.jpg,,,12,False,,,,0.0,False,False,False,False,False,0.2,0.14993902404234194,0.18,True,True,False,False,False,,,30.45535882333846,30.12575869430894,True,True,False,False,0.06426993119515598,0.35191088017367916,0.06426993119515598,False,missing,left,none,none,0,moving_average,4,2.0,peak,3,-1,-1,3,False,0.06426993119515598,False,False,False,False,False,False,False,,,1.3793103448275863
frame_000013.jpg,,,13,False,,,,0.0,False,False,False,False,False,0.2,0.14993902404234194,0.18,True,True,False,False,False,,,30.464167402102596,30.119547458722096,True,True,False,False,0.07145011751754174,0.34853194481074107,0.07145011751754174,False,missing,left,none,none,0,moving_average,4,2.0,peak,3,-1,-1,3,False,0.07145011751754174,False,False,False,False,False,False,False,,,1.4942528735632186
frame_000014.jpg,,,14,False,,,,0.0,False,False,False,False,False,0.2,0.14993902404234194,0.18,True,True,False,False,False,,,30.47297598086673,30.11333622313525,True,True,False,False,0.07863030383992749,0.34515300944780103,0.07863030383992749,False,missing,left,none,none,0,moving_average,4,2.0,peak,3,-1,-1,3,False,0.07863030383992844,False,False,False,False,False,False,False,,,1.6091954022988506
frame_000015.jpg,,,15,False,,,,0.0,False,False,False,False,False,0.2,0.14993902404234194,0.18,True,True,False,False,False,,,30.48178455963087,30.107124987548403,True,True,False,False,0.08581049016231614,0.34177407408486093,0.08581049016231614,False,missing,left,none,none,0,moving_average,4,2.0,peak,3,-1,-1,3,False,0.08581049016231516,False,False,False,False,False,False,False,,,1.7241379310344829
frame_000016.jpg,,,16,False,,,,0.0,False,False,False,False,False,0.2,0.14993902404234194,0.18,True,True,False,False,False,,,30.490593138395006,30.100913751961556,True,True,False,False,0.09299067648470188,0.3383951387219209,0.09299067648470188,False,missing,left,none,none,0,moving_average,4,2.0,peak,3,-1,-1,3,False,0.09299067648470188,True,False,False,False,False,False,False,2,,1.8390804597701151
frame_000017.jpg,30.49940171715914,30.09470251637471,17,True,,,,0.0,False,False,False,False,False,0.2,0.14993902404234194,0.18,False,False,True,True,True,30.49940171715914,30.09470251637471,30.49940171715914,30.09470251637471,False,False,False,False,0.10017086280708763,0.33501620335898086,0.10017086280708763,False,both,left,none,none,0,moving_average,4,2.0,peak,3,-1,-1,3,False,0.0866188616741295,False,False,False,False,False,False,False,,,1.9540229885057472
frame_000018.jpg,30.458333928919064,,18,False,,,,0.0,False,False,False,False,False,0.2,0.14993902404234194,0.18,False,True,True,False,True,30.458333928919064,,30.458333928919064,30.08504490931684,False,True,False,False,0.06669504573059903,0.32976242904098096,0.06669504573059903,False,left_only,left,none,none,0,moving_average,4,2.0,peak,3,-1,-1,3,False,0.07997752541175304,False,False,False,False,False,False,False,,,2.0689655172413794
frame_000019.jpg,30.466150569244455,30.075387302258967,19,True,,,,0.0,False,False,False,False,False,0.2,0.14993902404234194,0.18,False,False,True,True,True,30.466150569244455,30.075387302258967,30.466150569244455,30.075387302258967,False,False,False,False,0.07306666769757249,0.32450865472298107,0.07306666769757249,False,both,left,none,none,0,moving_average,4,2.0,peak,3,-1,-1,3,False,0.07372926141626568,False,False,False,False,False,False,False,,,2.1839080459770117
frame_000020.jpg,30.476405799056668,30.195319521972827,20,True,0.0028997300310236365,0.026421660053292172,0.0025641319579049,0.1762160332978481,False,False,False,False,False,0.2,0.14993902404234194,0.18,False,False,True,True,True,30.476405799056668,30.195319521972827,30.476405799056668,30.195319521972827,False,False,False,False,0.08142607082062553,0.3897522302855055,0.08142607082062553,False,both,left,none,none,0,moving_average,4,2.0,peak,3,-1,-1,3,False,0.09922610416320496,False,False,False,False,False,False,False,,,2.298850574712644
frame_000021.jpg,30.552171722601233,29.47886813632226,21,True,0.020679881093346484,0.07010677217298632,0.002553650332597789,0.46756855075426235,False,False,False,False,False,0.2,0.14993902404234194,0.18,False,False,True,True,True,30.552171722601233,29.47886813632226,30.552171722601233,29.47886813632226,False,False,False,False,0.14318557397141687,0.0,0.14318557397141687,False,both,left,none,none,0,moving_average,4,2.0,peak,3,-1,-1,3,False,0.10084690883152783,False,False,False,False,False,False,False,,,2.4137931034482762
frame_000022.jpg,30.472115728757526,29.659993926113117,22,True,0.001326303578280829,0.04263461256489221,0.006241792059220171,0.2843463390348095,False,False,False,False,False,0.2,0.14993902404234194,0.18,False,False,True,True,True,30.472115728757526,29.659993926113117,30.472115728757526,29.659993926113117,False,False,False,False,0.07792908170254113,0.09853310628900258,0.07792908170254113,False,both,left,none,none,0,moving_average,4,2.0,peak,3,-1,-1,3,False,0.17652048898362105,False,False,False,False,False,False,False,,,2.528735632183908
frame_000023.jpg,,,23,False,,,,0.0,False,False,False,False,False,0.2,0.14993902404234194,0.18,True,True,False,False,False,,,30.754912509553428,29.91412572991149,True,True,False,False,0.3084468112769051,0.23678175693115897,0.3084468112769051,False,missing,left,none,none,0,moving_average,4,2.0,peak,3,-1,-1,3,False,0.3084468112769061,False,False,False,False,False,False,False,,,2.6436781609195403
frame_000024.jpg,,,24,False,,,,0.0,False,False,False,False,False,0.2,0.14993902404234194,0.18,True,True,False,False,False,,,31.037709290349333,30.168257533709866,True,True,False,False,0.538964540851272,0.3750304075733173,0.538964540851272,False,missing,left,none,none,0,moving_average,4,2.0,peak,3,-1,-1,3,False,0.538964540851271,False,False,False,False,False,False,False,,,2.7586206896551726
frame_000025.jpg,,,25,False,,,,0.0,False,False,False,False,False,0.2,0.14993902404234194,0.18,True,True,False,False,False,,,31.320506071145235,30.422389337508243,True,True,False,False,0.769482270425636,0.5132790582154756,0.769482270425636,False,missing,left,none,none,0,moving_average,4,2.0,peak,3,-1,-1,3,False,0.7694822704256359,False,False,False,False,False,False,False,,,2.873563218390805
frame_000026.jpg,31.603302851941137,30.676521141306615,26,True,,,,0.0,False,False,False,False,False,0.2,0.14993902404234194,0.18,False,False,True,True,True,31.603302851941137,30.676521141306615,31.603302851941137,30.676521141306615,False,False,False,False,1.0,0.651527708857632,1.0,False,both,left,none,none,0,moving_average,4,2.0,peak,3,-1,-1,3,False,0.9231607568085451,False,False,False,False,False,False,False,,,2.988505747126437
frame_000027.jpg,31.603302851941137,30.676521141306615,27,True,0.0,0.0,0.0,0.0,False,False,False,False,False,0.2,0.14993902404234194,0.18,False,False,True,True,True,31.603302851941137,30.676521141306615,31.603302851941137,30.676521141306615,False,False,False,False,1.0,0.651527708857632,1.0,False,both,left,none,none,0,moving_average,4,2.0,peak,3,-1,-1,3,False,0.9846116920368737,True,False,False,False,False,False,False,3,,3.1034482758620694
frame_000028.jpg,,,28,False,,,,0.0,False,False,False,False,False,0.2,0.14993902404234194,0.18,True,True,False,False,False,,,31.54666819791383,30.74932330704158,True,True,False,False,0.9538350761106211,0.6911323589889892,0.9538350761106211,False,missing,left,none,none,0,moving_average,4,2.0,peak,3,-1,-1,3,False,0.9538350761106211,False,False,False,False,False,False,False,,,3.218390804597701
frame_000029.jpg,,,29,False,,,,0.0,False,False,False,False,False,0.2,0.14993902404234194,0.18,True,True,False,False,False,,,31.490033543886526,30.82212547277654,True,True,False,False,0.9076701522212423,0.7307370091203463,0.9076701522212423,False,missing,left,none,none,0,moving_average,4,2.0,peak,3,-1,-1,3,False,0.9076701522212423,False,False,False,False,False,False,False,,,3.3333333333333335
frame_000030.jpg,,,30,False,,,,0.0,False,False,False,False,False,0.2,0.14993902404234194,0.18,True,True,False,False,False,,,31.43339888985922,30.894927638511504,True,True,False,False,0.8615052283318634,0.7703416592517035,0.8615052283318634,False,missing,left,none,none,0,moving_average,4,2.0,peak,3,-1,-1,3,False,0.8615052283318634,False,False,False,False,False,False,False,,,3.4482758620689657
frame_000031.jpg,,,31,False,,,,0.0,False,False,False,False,False,0.2,0.14993902404234194,0.18,True,True,False,False,False,,,31.376764235831914,30.967729804246467,True,True,False,False,0.8153403044424845,0.8099463093830607,0.8153403044424845,False,missing,left,none,none,0,moving_average,4,2.0,peak,3,-1,-1,3,False,0.8153403044424835,False,False,False,False,False,False,False,,,3.563218390804598
frame_000032.jpg,,,32,False,,,,0.0,False,False,False,False,False,0.2,0.14993902404234194,0.18,True,True,False,False,False,,,31.320129581804604,31.040531969981433,True,True,False,False,0.7691753805531027,0.8495509595144197,0.7691753805531027,False,missing,left,none,none,0,moving_average,4,2.0,peak,3,-1,-1,3,False,0.7691753805531036,False,False,False,False,False,False,False,,,3.6781609195402303
frame_000033.jpg,,,33,False,,,,0.0,False,False,False,False,False,0.2,0.14993902404234194,0.18,True,True,False,False,False,,,31.263494927777298,31.113334135716396,True,True,False,False,0.7230104566637239,0.8891556096457769,0.7230104566637239,False,missing,left,none,none,0,moving_average,4,2.0,peak,3,-1,-1,3,False,0.7230104566637239,False,False,False,False,False,False,False,,,3.7931034482758625
frame_000034.jpg,,,34,False,,,,0.0,False,False,False,False,False,0.2,0.14993902404234194,0.18,True,True,False,False,False,,,31.206860273749992,31.18613630145136,True,True,False,False,0.676845532774345,0.928760259777134,0.676845532774345,False,missing,left,none,none,0,moving_average,4,2.0,peak,3,-1,-1,3,False,0.676845532774345,False,False,False,False,False,False,False,,,3.9080459770114944
frame_000035.jpg,31.150225619722686,31.258938467186322,35,True,,,,0.0,False,False,False,False,False,0.2,0.14993902404234194,0.18,False,False,True,True,True,31.150225619722686,31.258938467186322,31.150225619722686,31.258938467186322,False,False,False,False,0.6306806088849661,0.9683649099084911,0.6306806088849661,False,both,left,none,none,0,moving_average,4,2.0,peak,3,-1,-1,3,False,0.6304506485433803,False,False,False,False,False,False,False,,,4.022988505747127
frame_000036.jpg,,31.31630528933701,36,False,,,,0.0,False,False,False,False,False,0.2,0.14993902404234194,0.18,True,False,False,True,True,,31.31630528933701,31.092744626746555,31.31630528933701,True,False,False,False,0.5838258039708296,0.9995726754672379,0.5838258039708296,False,right_only,left,none,none,0,moving_average,4,2.0,peak,3,-1,-1,3,False,0.5838258039708286,False,False,False,False,False,False,False,,,4.137931034482759
frame_000037.jpg,,31.31709080698086,37,False,,,,0.0,False,False,False,False,False,0.2,0.14993902404234194,0.18,True,False,False,True,True,,31.31709080698086,31.03526363377042,31.31709080698086,True,False,False,False,0.5369709990566903,1.0,0.5369709990566903,False,right_only,left,none,none,0,moving_average,4,2.0,peak,3,-1,-1,3,False,0.5369709990566912,False,False,False,False,False,False,False,,,4.252873563218391
frame_000038.jpg,30.97778264079429,31.26344215858223,38,True,,,,0.0,False,False,False,False,False,0.2,0.14993902404234194,0.18,False,False,True,True,True,30.97778264079429,31.26344215858223,30.97778264079429,31.26344215858223,False,False,False,False,0.4901161941425538,0.9708149348525822,0.4901161941425538,False,both,left,none,none,0,moving_average,4,2.0,peak,3,-1,-1,3,False,0.5049732893881428,False,False,False,False,False,False,False,,,4.367816091954023
frame_000039.jpg,,,39,False,,,,0.0,False,False,False,False,False,0.2,0.14993902404234194,0.18,True,True,False,False,False,,,30.974981242943294,31.263534414711803,True,True,False,False,0.4878326749651844,0.9708651225317169,0.4878326749651844,False,missing,left,none,none,0,moving_average,4,2.0,peak,3,-1,-1,3,False,0.48783267496518334,False,False,False,False,False,False,False,,,4.482758620689656
frame_000040.jpg,,,40,False,,,,0.0,False,False,False,False,False,0.2,0.14993902404234194,0.18,True,True,False,False,False,,,30.972179845092295,31.263626670841376,True,True,False,False,0.485549155787812,0.9709153102108515,0.485549155787812,False,missing,left,none,none,0,moving_average,4,2.0,peak,3,-1,-1,3,False,0.485549155787813,False,False,False,False,False,False,False,,,4.597701149425288
frame_000041.jpg,,,41,False,,,,0.0,False,False,False,False,False,0.2,0.14993902404234194,0.18,True,True,False,False,False,,,30.9693784472413,31.26371892697095,True,True,False,False,0.4832656366104426,0.9709654978899862,0.4832656366104426,False,missing,left,none,none,0,moving_average,4,2.0,peak,3,-1,-1,3,False,0.4832656366104416,False,False,False,False,False,False,False,,,4.71264367816092
frame_000042.jpg,,,42,False,,,,0.0,False,False,False,False,False,0.2,0.14993902404234194,0.18,True,True,False,False,False,,,30.966577049390303,31.263811183100522,True,True,False,False,0.48098211743307023,0.9710156855691209,0.48098211743307023,False,missing,left,none,none,0,moving_average,4,2.0,peak,3,-1,-1,3,False,0.4809821174330712,False,False,False,False,False,False,False,,,4.8275862068965525
frame_000043.jpg,,,43,False,,,,0.0,False,False,False,False,False,0.2,0.14993902404234194,0.18,True,True,False,False,False,,,30.963775651539308,31.263903439230095,True,True,False,False,0.47869859825570077,0.9710658732482556,0.47869859825570077,False,missing,left,none,none,0,moving_average,4,2.0,peak,3,-1,-1,3,False,0.47869859825570077,False,False,False,False,False,False,False,,,4.942528735632185
frame_000044.jpg,,,44,False,,,,0.0,False,False,False,False,False,0.2,0.14993902404234194,0.18,True,True,False,False,False,,,30.960974253688313,31.263995695359668,True,True,False,False,0.4764150790783313,0.9711160609273902,0.4764150790783313,False,missing,left,none,none,0,moving_average,4,2.0,peak,3,-1,-1,3,False,0.47641507907833036,False,False,False,False,False,False,False,,,5.057471264367816
frame_000045.jpg,,,45,False,,,,0.0,False,False,False,False,False,0.2,0.14993902404234194,0.18,True,True,False,False,False,,,30.958172855837315,31.26408795148924,True,True,False,False,0.47413155990095895,0.9711662486065249,0.47413155990095895,False,missing,left,none,none,0,moving_average,4,2.0,peak,3,-1,-1,3,False,0.4741315599009599,False,False,False,False,False,False,False,,,5.172413793103448
frame_000046.jpg,,,46,False,,,,0.0,False,False,False,False,False,0.2,0.14993902404234194,0.18,True,True,False,False,False,,,30.95537145798632,31.264180207618814,True,True,False,False,0.4718480407235895,0.9712164362856596,0.4718480407235895,False,missing,left,none,none,0,moving_average,4,2.0,peak,3,-1,-1,3,False,0.4718480407235885,False,False,False,False,False,False,False,,,5.287356321839081
frame_000047.jpg,,,47,False,,,,0.0,False,False,False,False,False,0.2,0.14993902404234194,0.18,True,True,False,False,False,,,30.952570060135322,31.264272463748384,True,True,False,False,0.46956452154621714,0.9712666239647924,0.46956452154621714,False,missing,left,none,none,0,moving_average,4,2.0,peak,3,-1,-1,3,False,0.4695645215462181,False,False,False,False,False,False,False,,,5.402298850574713
frame_000048.jpg,,,48,False,,,,0.0,False,False,False,False,False,0.2,0.14993902404234194,0.18,True,True,False,False,False,,,30.949768662284328,31.264364719877957,True,True,False,False,0.4672810023688477,0.971316811643927,0.4672810023688477,False,missing,left,none,none,0,moving_average,4,2.0,peak,3,-1,-1,3,False,0.4672810023688467,False,False,False,False,False,False,False,,,5.517241379310345
frame_000049.jpg,,,49,False,,,,0.0,False,False,False,False,False,0.2,0.14993902404234194,0.18,True,True,False,False,False,,,30.94696726443333,31.26445697600753,True,True,False,False,0.4649974831914753,0.9713669993230617,0.4649974831914753,False,missing,left,none,none,0,moving_average,4,2.0,peak,3,-1,-1,3,False,0.46499748319147627,False,False,False,False,False,False,False,,,5.6321839080459775
frame_000050.jpg,,,50,False,,,,0.0,False,False,False,False,False,0.2,0.14993902404234194,0.18,True,True,False,False,False,,,30.944165866582335,31.264549232137103,True,True,False,False,0.46271396401410586,0.9714171870021964,0.46271396401410586,False,missing,left,none,none,0,moving_average,4,2.0,peak,3,-1,-1,3,False,0.46271396401410586,False,False,False,False,False,False,False,,,5.74712643678161
frame_000051.jpg,,,51,False,,,,0.0,False,False,False,False,False,0.2,0.14993902404234194,0.18,True,True,False,False,False,,,30.94136446873134,31.264641488266676,True,True,False,False,0.4604304448367364,0.971467374681331,0.4604304448367364,False,missing,left,none,none,0,moving_average,4,2.0,peak,3,-1,-1,3,False,0.46043044483673545,False,False,False,False,False,False,False,,,5.862068965517242
frame_000052.jpg,,,52,False,,,,0.0,False,False,False,False,False,0.2,0.14993902404234194,0.18,True,True,False,False,False,,,30.938563070880342,31.26473374439625,True,True,False,False,0.45814692565936405,0.9715175623604656,0.45814692565936405,False,missing,left,none,none,0,moving_average,4,2.0,peak,3,-1,-1,3,False,0.458146925659365,False,False,False,False,False,False,False,,,5.977011494252874
frame_000053.jpg,,,53,False,,,,0.0,False,False,False,False,False,0.2,0.14993902404234194,0.18,True,True,False,False,False,,,30.935761673029347,31.264826000525822,True,True,False,False,0.45586340648199464,0.9715677500396003,0.45586340648199464,False,missing,left,none,none,0,moving_average,4,2.0,peak,3,-1,-1,3,False,0.45586340648199364,False,False,False,False,False,False,False,,,6.0919540229885065
frame_000054.jpg,,,54,False,,,,0.0,False,False,False,False,False,0.2,0.14993902404234194,0.18,True,True,False,False,False,,,30.93296027517835,31.264918256655395,True,True,False,False,0.4535798873046223,0.971617937718735,0.4535798873046223,False,missing,left,none,none,0,moving_average,4,2.0,peak,3,-1,-1,3,False,0.4535798873046232,False,False,False,False,False,False,False,,,6.206896551724139
frame_000055.jpg,,,55,False,,,,0.0,False,False,False,False,False,0.2,0.14993902404234194,0.18,True,True,False,False,False,,,30.930158877327354,31.26501051278497,True,True,False,False,0.4512963681272528,0.9716681253978696,0.4512963681272528,False,missing,left,none,none,0,moving_average,4,2.0,peak,3,-1,-1,3,False,0.4512963681272528,False,False,False,False,False,False,False,,,6.321839080459771
frame_000056.jpg,,,56,False,,,,0.0,False,False,False,False,False,0.2,0.14993902404234194,0.18,True,True,False,False,False,,,30.92735747947636,31.26510276891454,True,True,False,False,0.44901284894988336,0.9717183130770043,0.44901284894988336,False,missing,left,none,none,0,moving_average,4,2.0,peak,3,-1,-1,3,False,0.44901284894988236,False,False,False,False,False,False,False,,,6.436781609195402
frame_000057.jpg,,,57,False,,,,0.0,False,False,False,False,False,0.2,0.14993902404234194,0.18,True,True,False,False,False,,,30.92455608162536,31.265195025044115,True,True,False,False,0.446729329772511,0.971768500756139,0.446729329772511,False,missing,left,none,none,0,moving_average,4,2.0,peak,3,-1,-1,3,False,0.44672932977251195,False,False,False,False,False,False,False,,,6.551724137931035
frame_000058.jpg,,,58,False,,,,0.0,False,False,False,False,False,0.2,0.14993902404234194,0.18,True,True,False,False,False,,,30.921754683774367,31.265287281173688,True,True,False,False,0.44444581059514154,0.9718186884352736,0.44444581059514154,False,missing,left,none,none,0,moving_average,4,2.0,peak,3,-1,-1,3,False,0.44444581059514054,False,False,False,False,False,False,False,,,6.666666666666667
frame_000059.jpg,,,59,False,,,,0.0,False,False,False,False,False,0.2,0.14993902404234194,0.18,True,True,False,False,False,,,30.91895328592337,31.26537953730326,True,True,False,False,0.4421622914177692,0.9718688761144083,0.4421622914177692,False,missing,left,none,none,0,moving_average,4,2.0,peak,3,-1,-1,3,False,0.44216229141777014,False,False,False,False,False,False,False,,,6.781609195402299
frame_000060.jpg,,,60,False,,,,0.0,False,False,False,False,False,0.2,0.14993902404234194,0.18,True,True,False,False,False,,,30.916151888072374,31.265471793432834,True,True,False,False,0.43987877224039973,0.971919063793543,0.43987877224039973,False,missing,left,none,none,0,moving_average,4,2.0,peak,3,-1,-1,3,False,0.43987877224039973,False,False,False,False,False,False,False,,,6.8965517241379315
frame_000061.jpg,,,61,False,,,,0.0,False,False,False,False,False,0.2,0.14993902404234194,0.18,True,True,False,False,False,,,30.91335049022138,31.265564049562407,True,True,False,False,0.43759525306303027,0.9719692514726777,0.43759525306303027,False,missing,left,none,none,0,moving_average,4,2.0,peak,3,-1,-1,3,False,0.43759525306302927,False,False,False,False,False,False,False,,,7.011494252873564
frame_000062.jpg,,,62,False,,,,0.0,False,False,False,False,False,0.2,0.14993902404234194,0.18,True,True,False,False,False,,,30.91054909237038,31.26565630569198,True,True,False,False,0.4353117338856579,0.9720194391518123,0.4353117338856579,False,missing,left,none,none,0,moving_average,4,2.0,peak,3,-1,-1,3,False,0.4353117338856588,False,False,False,False,False,False,False,,,7.126436781609196
frame_000063.jpg,,,63,False,,,,0.0,False,False,False,False,False,0.2,0.14993902404234194,0.18,True,True,False,False,False,,,30.907747694519387,31.26574856182155,True,True,False,False,0.43302821470828845,0.9720696268309451,0.43302821470828845,False,missing,left,none,none,0,moving_average,4,2.0,peak,3,-1,-1,3,False,0.43302821470828745,False,False,False,False,False,False,False,,,7.241379310344828
frame_000064.jpg,,,64,False,,,,0.0,False,False,False,False,False,0.2,0.14993902404234194,0.18,True,True,False,False,False,,,30.90494629666839,31.265840817951123,True,True,False,False,0.4307446955309161,0.9721198145100798,0.4307446955309161,False,missing,left,none,none,0,moving_average,4,2.0,peak,3,-1,-1,3,False,0.43074469553091704,False,False,False,False,False,False,False,,,7.356321839080461
frame_000065.jpg,,,65,False,,,,0.0,False,False,False,False,False,0.2,0.14993902404234194,0.18,True,True,False,False,False,,,30.902144898817394,31.265933074080696,True,True,False,False,0.42846117635354664,0.9721700021892145,0.42846117635354664,False,missing,left,none,none,0,moving_average,4,2.0,peak,3,-1,-1,3,False,0.42846117635354664,False,False,False,False,False,False,False,,,7.471264367816093
frame_000066.jpg,,,66,False,,,,0.0,False,False,False,False,False,0.2,0.14993902404234194,0.18,True,True,False,False,False,,,30.8993435009664,31.26602533021027,True,True,False,False,0.4261776571761772,0.9722201898683491,0.4261776571761772,False,missing,left,none,none,0,moving_average,4,2.0,peak,3,-1,-1,3,False,0.4261776571761762,False,False,False,False,False,False,False,,,7.586206896551725
frame_000067.jpg,,,67,False,,,,0.0,False,False,False,False,False,0.2,0.14993902404234194,0.18,True,True,False,False,False,,,30.8965421031154,31.266117586339842,True,True,False,False,0.4238941379988049,0.9722703775474838,0.4238941379988049,False,missing,left,none,none,0,moving_average,4,2.0,peak,3,-1,-1,3,False,0.4238941379988058,False,False,False,False,False,False,False,,,7.701149425287357
frame_000068.jpg,,,68,False,,,,0.0,False,False,False,False,False,0.2,0.14993902404234194,0.18,True,True,False,False,False,,,30.893740705264406,31.266209842469415,True,True,False,False,0.4216106188214354,0.9723205652266185,0.4216106188214354,False,missing,left,none,none,0,moving_average,4,2.0,peak,3,-1,-1,3,False,0.4216106188214344,False,False,False,False,False,False,False,,,7.816091954022989
frame_000069.jpg,,,69,False,,,,0.0,False,False,False,False,False,0.2,0.14993902404234194,0.18,True,True,False,False,False,,,30.890939307413408,31.266302098598988,True,True,False,False,0.41932709964406306,0.972370752905753,0.41932709964406306,False,missing,left,none,none,0,moving_average,4,2.0,peak,3,-1,-1,3,False,0.419327099644064,False,False,False,False,False,False,False,,,7.931034482758621
frame_000070.jpg,,,70,False,,,,0.0,False,False,False,False,False,0.2,0.14993902404234194,0.18,True,True,False,False,False,,,30.888137909562413,31.26639435472856,True,True,False,False,0.4170435804666936,0.9724209405848877,0.4170435804666936,False,missing,left,none,none,0,moving_average,4,2.0,peak,3,-1,-1,3,False,0.41704358046669265,False,False,False,False,False,False,False,,,8.045977011494253
frame_000071.jpg,,,71,False,,,,0.0,False,False,False,False,False,0.2,0.14993902404234194,0.18,True,True,False,False,False,,,30.885336511711415,31.266486610858134,True,True,False,False,0.41476006128932125,0.9724711282640224,0.41476006128932125,False,missing,left,none,none,0,moving_average,4,2.0,peak,3,-1,-1,3,False,0.4147600612893222,False,False,False,False,False,False,False,,,8.160919540229886
frame_000072.jpg,,,72,False,,,,0.0,False,False,False,False,False,0.2,0.14993902404234194,0.18,True,True,False,False,False,,,30.88253511386042,31.266578866987707,True,True,False,False,0.4124765421119518,0.972521315943157,0.4124765421119518,False,missing,left,none,none,0,moving_average,4,2.0,peak,3,-1,-1,3,False,0.4124765421119517,False,False,False,False,False,False,False,,,8.275862068965518
frame_000073.jpg,,,73,False,,,,0.0,False,False,False,False,False,0.2,0.14993902404234194,0.18,True,True,False,False,False,,,30.879733716009426,31.26667112311728,True,True,False,False,0.4101930229345823,0.9725715036222917,0.4101930229345823,False,missing,left,none,none,0,moving_average,4,2.0,peak,3,-1,-1,3,False,0.4101930229345813,False,False,False,False,False,False,False,,,8.39080459770115
frame_000074.jpg,,,74,False,,,,0.0,False,False,False,False,False,0.2,0.14993902404234194,0.18,True,True,False,False,False,,,30.876932318158428,31.266763379246854,True,True,False,False,0.40790950375720997,0.9726216913014264,0.40790950375720997,False,missing,left,none,none,0,moving_average,4,2.0,peak,3,-1,-1,3,False,0.4079095037572109,False,False,False,False,False,False,False,,,8.505747126436782
frame_000075.jpg,,,75,False,,,,0.0,False,False,False,False,False,0.2,0.14993902404234194,0.18,True,True,False,False,False,,,30.874130920307433,31.266855635376427,True,True,False,False,0.4056259845798405,0.9726718789805611,0.4056259845798405,False,missing,left,none,none,0,moving_average,4,2.0,peak,3,-1,-1,3,False,0.4056259845798395,False,False,False,False,False,False,False,,,8.620689655172415
frame_000076.jpg,,,76,False,,,,0.0,False,False,False,False,False,0.2,0.14993902404234194,0.18,True,True,False,False,False,,,30.871329522456435,31.266947891506,True,True,False,False,0.40334246540246815,0.9727220666596957,0.40334246540246815,False,missing,left,none,none,0,moving_average,4,2.0,peak,3,-1,-1,3,False,0.4033424654024691,False,False,False,False,False,False,False,,,8.735632183908047
frame_000077.jpg,,,77,False,,,,0.0,False,False,False,False,False,0.2,0.14993902404234194,0.18,True,True,False,False,False,,,30.86852812460544,31.267040147635573,True,True,False,False,0.4010589462250987,0.9727722543388304,0.4010589462250987,False,missing,left,none,none,0,moving_average,4,2.0,peak,3,-1,-1,3,False,0.4010589462250987,False,False,False,False,False,False,False,,,8.85057471264368
frame_000078.jpg,,,78,False,,,,0.0,False,False,False,False,False,0.2,0.14993902404234194,0.18,True,True,False,False,False,,,30.865726726754446,31.267132403765146,True,True,False,False,0.3987754270477293,0.9728224420179651,0.3987754270477293,False,missing,left,none,none,0,moving_average,4,2.0,peak,3,-1,-1,3,False,0.3987754270477283,False,False,False,False,False,False,False,,,8.965517241379311
frame_000079.jpg,,,79,False,,,,0.0,False,False,False,False,False,0.2,0.14993902404234194,0.18,True,True,False,False,False,,,30.862925328903447,31.267224659894715,True,True,False,False,0.39649190787035693,0.9728726296970979,0.39649190787035693,False,missing,left,none,none,0,moving_average,4,2.0,peak,3,-1,-1,3,False,0.3964919078703579,False,False,False,False,False,False,False,,,9.080459770114944
frame_000080.jpg,,,80,False,,,,0.0,False,False,False,False,False,0.2,0.14993902404234194,0.18,True,True,False,False,False,,,30.860123931052453,31.26731691602429,True,True,False,False,0.39420838869298747,0.9729228173762325,0.39420838869298747,False,missing,left,none,none,0,moving_average,4,2.0,peak,3,-1,-1,3,False,0.39420838869298647,False,False,False,False,False,False,False,,,9.195402298850576
frame_000081.jpg,,,81,False,,,,0.0,False,False,False,False,False,0.2,0.14993902404234194,0.18,True,True,False,False,False,,,30.857322533201454,31.26740917215386,True,True,False,False,0.3919248695156151,0.9729730050553672,0.3919248695156151,False,missing,left,none,none,0,moving_average,4,2.0,peak,3,-1,-1,3,False,0.391924869515616,False,False,False,False,False,False,False,,,9.310344827586208
frame_000082.jpg,,,82,False,,,,0.0,False,False,False,False,False,0.2,0.14993902404234194,0.18,True,True,False,False,False,,,30.85452113535046,31.267501428283435,True,True,False,False,0.38964135033824565,0.9730231927345019,0.38964135033824565,False,missing,left,none,none,0,moving_average,4,2.0,peak,3,-1,-1,3,False,0.38964135033824565,False,False,False,False,False,False,False,,,9.42528735632184
frame_000083.jpg,,,83,False,,,,0.0,False,False,False,False,False,0.2,0.14993902404234194,0.18,True,True,False,False,False,,,30.851719737499465,31.267593684413008,True,True,False,False,0.3873578311608762,0.9730733804136366,0.3873578311608762,False,missing,left,none,none,0,moving_average,4,2.0,peak,3,-1,-1,3,False,0.3873578311608752,False,False,False,False,False,False,False,,,9.540229885057473
frame_000084.jpg,,,84,False,,,,0.0,False,False,False,False,False,0.2,0.14993902404234194,0.18,True,True,False,False,False,,,30.848918339648467,31.26768594054258,True,True,False,False,0.38507431198350384,0.9731235680927712,0.38507431198350384,False,missing,left,none,none,0,moving_average,4,2.0,peak,3,-1,-1,3,False,0.3850743119835048,False,False,False,False,False,False,False,,,9.655172413793105
frame_000085.jpg,,,85,False,,,,0.0,False,False,False,False,False,0.2,0.14993902404234194,0.18,True,True,False,False,False,,,30.846116941797472,31.267778196672154,True,True,False,False,0.3827907928061344,0.9731737557719059,0.3827907928061344,False,missing,left,none,none,0,moving_average,4,2.0,peak,3,-1,-1,3,False,0.3827907928061334,False,False,False,False,False,False,False,,,9.770114942528737
frame_000086.jpg,,,86,False,,,,0.0,False,False,False,False,False,0.2,0.14993902404234194,0.18,True,True,False,False,False,,,30.843315543946474,31.267870452801727,True,True,False,False,0.380507273628762,0.9732239434510405,0.380507273628762,False,missing,left,none,none,0,moving_average,4,2.0,peak,3,-1,-1,3,False,0.38050727362876297,False,False,False,False,False,False,False,,,9.88505747126437
frame_000087.jpg,,,87,False,,,,0.0,False,False,False,False,False,0.2,0.14993902404234194,0.18,True,True,False,False,False,,,30.84051414609548,31.2679627089313,True,True,False,False,0.37822375445139256,0.9732741311301751,0.37822375445139256,False,missing,left,none,none,0,moving_average,4,2.0,peak,3,-1,-1,3,False,0.37822375445139156,False,False,False,False,False,False,False,,,10.0
frame_000088.jpg,,,88,False,,,,0.0,False,False,False,False,False,0.2,0.14993902404234194,0.18,True,True,False,False,False,,,30.83771274824448,31.268054965060873,True,True,False,False,0.3759402352740202,0.9733243188093098,0.3759402352740202,False,missing,left,none,none,0,moving_average,4,2.0,peak,3,-1,-1,3,False,0.3759402352740211,False,False,False,False,False,False,False,,,10.114942528735632
frame_000089.jpg,,,89,False,,,,0.0,False,False,False,False,False,0.2,0.14993902404234194,0.18,True,True,False,False,False,,,30.834911350393487,31.268147221190446,True,True,False,False,0.37365671609665074,0.9733745064884445,0.37365671609665074,False,missing,left,none,none,0,moving_average,4,2.0,peak,3,-1,-1,3,False,0.37365671609665074,False,False,False,False,False,False,False,,,10.229885057471265
frame_000090.jpg,,,90,False,,,,0.0,False,False,False,False,False,0.2,0.14993902404234194,0.18,True,True,False,False,False,,,30.832109952542492,31.26823947732002,True,True,False,False,0.3713731969192813,0.9734246941675792,0.3713731969192813,False,missing,left,none,none,0,moving_average,4,2.0,peak,3,-1,-1,3,False,0.3713731969192803,False,False,False,False,False,False,False,,,10.344827586206897
frame_000091.jpg,,,91,False,,,,0.0,False,False,False,False,False,0.2,0.14993902404234194,0.18,True,True,False,False,False,,,30.829308554691494,31.268331733449592,True,True,False,False,0.36908967774190893,0.9734748818467138,0.36908967774190893,False,missing,left,none,none,0,moving_average,4,2.0,peak,3,-1,-1,3,False,0.3690896777419099,False,False,False,False,False,False,False,,,10.459770114942529
frame_000092.jpg,,,92,False,,,,0.0,False,False,False,False,False,0.2,0.14993902404234194,0.18,True,True,False,False,False,,,30.8265071568405,31.268423989579166,True,True,False,False,0.3668061585645395,0.9735250695258485,0.3668061585645395,False,missing,left,none,none,0,moving_average,4,2.0,peak,3,-1,-1,3,False,0.3668061585645385,False,False,False,False,False,False,False,,,10.574712643678161
frame_000093.jpg,,,93,False,,,,0.0,False,False,False,False,False,0.2,0.14993902404234194,0.18,True,True,False,False,False,,,30.8237057589895,31.26851624570874,True,True,False,False,0.36452263938716717,0.9735752572049832,0.36452263938716717,False,missing,left,none,none,0,moving_average,4,2.0,peak,3,-1,-1,3,False,0.3645226393871681,False,False,False,False,False,False,False,,,10.689655172413794
frame_000094.jpg,,,94,False,,,,0.0,False,False,False,False,False,0.2,0.14993902404234194,0.18,True,True,False,False,False,,,30.820904361138506,31.26860850183831,True,True,False,False,0.3622391202097977,0.9736254448841178,0.3622391202097977,False,missing,left,none,none,0,moving_average,4,2.0,peak,3,-1,-1,3,False,0.3622391202097977,False,False,False,False,False,False,False,,,10.804597701149426
frame_000095.jpg,,,95,False,,,,0.0,False,False,False,False,False,0.2,0.14993902404234194,0.18,True,True,False,False,False,,,30.81810296328751,31.26870075796788,True,True,False,False,0.35995560103242824,0.9736756325632506,0.35995560103242824,False,missing,left,none,none,0,moving_average,4,2.0,peak,3,-1,-1,3,False,0.3599556010324273,False,False,False,False,False,False,False,,,10.919540229885058
frame_000096.jpg,,,96,False,,,,0.0,False,False,False,False,False,0.2,0.14993902404234194,0.18,True,True,False,False,False,,,30.815301565436513,31.268793014097454,True,True,False,False,0.3576720818550559,0.9737258202423853,0.3576720818550559,False,missing,left,none,none,0,moving_average,4,2.0,peak,3,-1,-1,3,False,0.35767208185505683,False,False,False,False,False,False,False,,,11.03448275862069
frame_000097.jpg,,,97,False,,,,0.0,False,False,False,False,False,0.2,0.14993902404234194,0.18,True,True,False,False,False,,,30.81250016758552,31.268885270227027,True,True,False,False,0.3553885626776864,0.97377600792152,0.3553885626776864,False,missing,left,none,none,0,moving_average,4,2.0,peak,3,-1,-1,3,False,0.3553885626776855,False,False,False,False,False,False,False,,,11.149425287356323
frame_000098.jpg,,,98,False,,,,0.0,False,False,False,False,False,0.2,0.14993902404234194,0.18,True,True,False,False,False,,,30.80969876973452,31.2689775263566,True,True,False,False,0.3531050435003141,0.9738261956006546,0.3531050435003141,False,missing,left,none,none,0,moving_average,4,2.0,peak,3,-1,-1,3,False,0.353105043500315,False,False,False,False,False,False,False,,,11.264367816091955
frame_000099.jpg,,,99,False,,,,0.0,False,False,False,False,False,0.2,0.14993902404234194,0.18,True,True,False,False,False,,,30.806897371883526,31.269069782486174,True,True,False,False,0.3508215243229446,0.9738763832797893,0.3508215243229446,False,missing,left,none,none,0,moving_average,4,2.0,peak,3,-1,-1,3,False,0.35082152432294456,False,False,False,False,False,False,False,,,11.379310344827587
frame_000100.jpg,,,100,False,,,,0.0,False,False,False,False,False,0.2,0.14993902404234194,0.18,True,True,False,False,False,,,30.80409597403253,31.269162038615747,True,True,False,False,0.34853800514557515,0.973926570958924,0.34853800514557515,False,missing,left,none,none,0,moving_average,4,2.0,peak,3,-1,-1,3,False,0.34853800514557415,False,False,False,False,False,False,False,,,11.49425287356322
frame_000101.jpg,,,101,False,,,,0.0,False,False,False,False,False,0.2,0.14993902404234194,0.18,True,True,False,False,False,,,30.801294576181533,31.26925429474532,True,True,False,False,0.3462544859682028,0.9739767586380587,0.3462544859682028,False,missing,left,none,none,0,moving_average,4,2.0,peak,3,-1,-1,3,False,0.34625448596820374,False,False,False,False,False,False,False,,,11.609195402298852
frame_000102.jpg,,,102,False,,,,0.0,False,False,False,False,False,0.2,0.14993902404234194,0.18,True,True,False,False,False,,,30.79849317833054,31.269346550874893,True,True,False,False,0.34397096679083333,0.9740269463171933,0.34397096679083333,False,missing,left,none,none,0,moving_average,4,2.0,peak,3,-1,-1,3,False,0.3439709667908324,False,False,False,False,False,False,False,,,11.724137931034484
frame_000103.jpg,,,103,False,,,,0.0,False,False,False,False,False,0.2,0.14993902404234194,0.18,True,True,False,False,False,,,30.79569178047954,31.269438807004466,True,True,False,False,0.341687447613461,0.9740771339963279,0.341687447613461,False,missing,left,none,none,0,moving_average,4,2.0,peak,3,-1,-1,3,False,0.3416874476134619,False,False,False,False,False,False,False,,,11.839080459770116
frame_000104.jpg,,,104,False,,,,0.0,False,False,False,False,False,0.2,0.14993902404234194,0.18,True,True,False,False,False,,,30.792890382628546,31.26953106313404,True,True,False,False,0.3394039284360915,0.9741273216754626,0.3394039284360915,False,missing,left,none,none,0,moving_average,4,2.0,peak,3,-1,-1,3,False,0.3394039284360915,False,False,False,False,False,False,False,,,11.954022988505749
frame_000105.jpg,,,105,False,,,,0.0,False,False,False,False,False,0.2,0.14993902404234194,0.18,True,True,False,False,False,,,30.79008898477755,31.269623319263612,True,True,False,False,0.3371204092587221,0.9741775093545972,0.3371204092587221,False,missing,left,none,none,0,moving_average,4,2.0,peak,3,-1,-1,3,False,0.3371204092587211,False,False,False,False,False,False,False,,,12.06896551724138
frame_000106.jpg,,,106,False,,,,0.0,False,False,False,False,False,0.2,0.14993902404234194,0.18,True,True,False,False,False,,,30.787287586926553,31.269715575393185,True,True,False,False,0.33483689008134976,0.9742276970337319,0.33483689008134976,False,missing,left,none,none,0,moving_average,4,2.0,peak,3,-1,-1,3,False,0.3348368900813507,False,False,False,False,False,False,False,,,12.183908045977013
frame_000107.jpg,,,107,False,,,,0.0,False,False,False,False,False,0.2,0.14993902404234194,0.18,True,True,False,False,False,,,30.784486189075558,31.26980783152276,True,True,False,False,0.3325533709039803,0.9742778847128666,0.3325533709039803,False,missing,left,none,none,0,moving_average,4,2.0,peak,3,-1,-1,3,False,0.3325533709039793,False,False,False,False,False,False,False,,,12.298850574712645
frame_000108.jpg,,,108,False,,,,0.0,False,False,False,False,False,0.2,0.14993902404234194,0.18,True,True,False,False,False,,,30.78168479122456,31.26990008765233,True,True,False,False,0.33026985172660794,0.9743280723920013,0.33026985172660794,False,missing,left,none,none,0,moving_average,4,2.0,peak,3,-1,-1,3,False,0.3302698517266089,False,False,False,False,False,False,False,,,12.413793103448278
frame_000109.jpg,,,109,False,,,,0.0,False,False,False,False,False,0.2,0.14993902404234194,0.18,True,True,False,False,False,,,30.778883393373565,31.269992343781905,True,True,False,False,0.3279863325492385,0.9743782600711359,0.3279863325492385,False,missing,left,none,none,0,moving_average,4,2.0,peak,3,-1,-1,3,False,0.3279863325492375,False,False,False,False,False,False,False,,,12.52873563218391
frame_000110.jpg,,,110,False,,,,0.0,False,False,False,False,False,0.2,0.14993902404234194,0.18,True,True,False,False,False,,,30.776081995522567,31.270084599911478,True,True,False,False,0.32570281337186613,0.9744284477502706,0.32570281337186613,False,missing,left,none,none,0,moving_average,4,2.0,peak,3,-1,-1,3,False,0.3257028133718671,False,False,False,False,False,False,False,,,12.643678160919542
frame_000111.jpg,,,111,False,,,,0.0,False,False,False,False,False,0.2,0.14993902404234194,0.18,True,True,False,False,False,,,30.773280597671572,31.270176856041047,True,True,False,False,0.32341929419449666,0.9744786354294034,0.32341929419449666,False,missing,left,none,none,0,moving_average,4,2.0,peak,3,-1,-1,3,False,0.32341929419449666,False,False,False,False,False,False,False,,,12.758620689655173
frame_000112.jpg,,,112,False,,,,0.0,False,False,False,False,False,0.2,0.14993902404234194,0.18,True,True,False,False,False,,,30.770479199820578,31.27026911217062,True,True,False,False,0.3211357750171272,0.9745288231085381,0.3211357750171272,False,missing,left,none,none,0,moving_average,4,2.0,peak,3,-1,-1,3,False,0.3211357750171262,False,False,False,False,False,False,False,,,12.873563218390805
frame_000113.jpg,,,113,False,,,,0.0,False,False,False,False,False,0.2,0.14993902404234194,0.18,True,True,False,False,False,,,30.76767780196958,31.270361368300193,True,True,False,False,0.31885225583975485,0.9745790107876727,0.31885225583975485,False,missing,left,none,none,0,moving_average,4,2.0,peak,3,-1,-1,3,False,0.3188522558397558,False,False,False,False,False,False,False,,,12.988505747126437
frame_000114.jpg,,,114,False,,,,0.0,False,False,False,False,False,0.2,0.14993902404234194,0.18,True,True,False,False,False,,,30.764876404118585,31.270453624429766,True,True,False,False,0.3165687366623854,0.9746291984668074,0.3165687366623854,False,missing,left,none,none,0,moving_average,4,2.0,peak,3,-1,-1,3,False,0.3165687366623844,False,False,False,False,False,False,False,,,13.10344827586207
frame_000115.jpg,,,115,False,,,,0.0,False,False,False,False,False,0.2,0.14993902404234194,0.18,True,True,False,False,False,,,30.762075006267587,31.27054588055934,True,True,False,False,0.31428521748501304,0.9746793861459421,0.31428521748501304,False,missing,left,none,none,0,moving_average,4,2.0,peak,3,-1,-1,3,False,0.314285217485014,False,False,False,False,False,False,False,,,13.218390804597702
frame_000116.jpg,,,116,False,,,,0.0,False,False,False,False,False,0.2,0.14993902404234194,0.18,True,True,False,False,False,,,30.759273608416592,31.270638136688913,True,True,False,False,0.31200169830764357,0.9747295738250767,0.31200169830764357,False,missing,left,none,none,0,moving_average,4,2.0,peak,3,-1,-1,3,False,0.31200169830764357,False,False,False,False,False,False,False,,,13.333333333333334
frame_000117.jpg,,,117,False,,,,0.0,False,False,False,False,False,0.2,0.14993902404234194,0.18,True,True,False,False,False,,,30.756472210565597,31.270730392818486,True,True,False,False,0.30971817913027416,0.9747797615042114,0.30971817913027416,False,missing,left,none,none,0,moving_average,4,2.0,peak,3,-1,-1,3,False,0.30971817913027316,False,False,False,False,False,False,False,,,13.448275862068966
frame_000118.jpg,,,118,False,,,,0.0,False,False,False,False,False,0.2,0.14993902404234194,0.18,True,True,False,False,False,,,30.7536708127146,31.27082264894806,True,True,False,False,0.3074346599529018,0.9748299491833461,0.3074346599529018,False,missing,left,none,none,0,moving_average,4,2.0,peak,3,-1,-1,3,False,0.30743465995290276,False,False,False,False,False,False,False,,,13.563218390804598
frame_000119.jpg,,,119,False,,,,0.0,False,False,False,False,False,0.2,0.14993902404234194,0.18,True,True,False,False,False,,,30.750869414863605,31.270914905077632,True,True,False,False,0.30515114077553235,0.9748801368624808,0.30515114077553235,False,missing,left,none,none,0,moving_average,4,2.0,peak,3,-1,-1,3,False,0.30515114077553135,False,False,False,False,False,False,False,,,13.67816091954023
frame_000120.jpg,,,120,False,,,,0.0,False,False,False,False,False,0.2,0.14993902404234194,0.18,True,True,False,False,False,,,30.748068017012606,31.271007161207205,True,True,False,False,0.30286762159816,0.9749303245416154,0.30286762159816,False,missing,left,none,none,0,moving_average,4,2.0,peak,3,-1,-1,3,False,0.30286762159816094,False,False,False,False,False,False,False,,,13.793103448275863
frame_000121.jpg,,,121,False,,,,0.0,False,False,False,False,False,0.2,0.14993902404234194,0.18,True,True,False,False,False,,,30.74526661916161,31.271099417336778,True,True,False,False,0.30058410242079053,0.97498051222075,0.30058410242079053,False,missing,left,none,none,0,moving_average,4,2.0,peak,3,-1,-1,3,False,0.30058410242079053,False,False,False,False,False,False,False,,,13.908045977011495
frame_000122.jpg,,,122,False,,,,0.0,False,False,False,False,False,0.2,0.14993902404234194,0.18,True,True,False,False,False,,,30.742465221310617,31.27119167346635,True,True,False,False,0.29830058324342107,0.9750306998998847,0.29830058324342107,False,missing,left,none,none,0,moving_average,4,2.0,peak,3,-1,-1,3,False,0.2983005832434201,False,False,False,False,False,False,False,,,14.022988505747128
frame_000123.jpg,,,123,False,,,,0.0,False,False,False,False,False,0.2,0.14993902404234194,0.18,True,True,False,False,False,,,30.73966382345962,31.271283929595924,True,True,False,False,0.2960170640660487,0.9750808875790193,0.2960170640660487,False,missing,left,none,none,0,moving_average,4,2.0,peak,3,-1,-1,3,False,0.29601706406604966,False,False,False,False,False,False,False,,,14.13793103448276
frame_000124.jpg,,,124,False,,,,0.0,False,False,False,False,False,0.2,0.14993902404234194,0.18,True,True,False,False,False,,,30.736862425608624,31.271376185725497,True,True,False,False,0.29373354488867925,0.975131075258154,0.29373354488867925,False,missing,left,none,none,0,moving_average,4,2.0,peak,3,-1,-1,3,False,0.2937335448886783,False,False,False,False,False,False,False,,,14.252873563218392
frame_000125.jpg,,,125,False,,,,0.0,False,False,False,False,False,0.2,0.14993902404234194,0.18,True,True,False,False,False,,,30.734061027757626,31.27146844185507,True,True,False,False,0.2914500257113069,0.9751812629372887,0.2914500257113069,False,missing,left,none,none,0,moving_average,4,2.0,peak,3,-1,-1,3,False,0.29145002571130785,False,False,False,False,False,False,False,,,14.367816091954024
frame_000126.jpg,,,126,False,,,,0.0,False,False,False,False,False,0.2,0.14993902404234194,0.18,True,True,False,False,False,,,30.73125962990663,31.271560697984643,True,True,False,False,0.28916650653393744,0.9752314506164234,0.28916650653393744,False,missing,left,none,none,0,moving_average,4,2.0,peak,3,-1,-1,3,False,0.2891665065339374,False,False,False,False,False,False,False,,,14.482758620689657
frame_000127.jpg,,,127,False,,,,0.0,False,False,False,False,False,0.2,0.14993902404234194,0.18,True,True,False,False,False,,,30.728458232055637,31.271652954114217,True,True,False,False,0.286882987356568,0.975281638295558,0.286882987356568,False,missing,left,none,none,0,moving_average,4,2.0,peak,3,-1,-1,3,False,0.286882987356567,False,False,False,False,False,False,False,,,14.597701149425289
frame_000128.jpg,,,128,False,,,,0.0,False,False,False,False,False,0.2,0.14993902404234194,0.18,True,True,False,False,False,,,30.72565683420464,31.271745210243786,True,True,False,False,0.2845994681791956,0.9753318259746908,0.2845994681791956,False,missing,left,none,none,0,moving_average,4,2.0,peak,3,-1,-1,3,False,0.28459946817919657,False,False,False,False,False,False,False,,,14.712643678160921
frame_000129.jpg,,,129,False,,,,0.0,False,False,False,False,False,0.2,0.14993902404234194,0.18,True,True,False,False,False,,,30.722855436353644,31.27183746637336,True,True,False,False,0.28231594900182616,0.9753820136538255,0.28231594900182616,False,missing,left,none,none,0,moving_average,4,2.0,peak,3,-1,-1,3,False,0.2823159490018252,False,False,False,False,False,False,False,,,14.827586206896553
frame_000130.jpg,,,130,False,,,,0.0,False,False,False,False,False,0.2,0.14993902404234194,0.18,True,True,False,False,False,,,30.720054038502646,31.271929722502932,True,True,False,False,0.2800324298244538,0.9754322013329602,0.2800324298244538,False,missing,left,none,none,0,moving_average,4,2.0,peak,3,-1,-1,3,False,0.28003242982445475,False,False,False,False,False,False,False,,,14.942528735632186
frame_000131.jpg,,,131,False,,,,0.0,False,False,False,False,False,0.2,0.14993902404234194,0.18,True,True,False,False,False,,,30.71725264065165,31.272021978632505,True,True,False,False,0.2777489106470844,0.9754823890120948,0.2777489106470844,False,missing,left,none,none,0,moving_average,4,2.0,peak,3,-1,-1,3,False,0.2777489106470834,False,False,False,False,False,False,False,,,15.057471264367818
frame_000132.jpg,,,132,False,,,,0.0,False,False,False,False,False,0.2,0.14993902404234194,0.18,True,True,False,False,False,,,30.714451242800653,31.27211423476208,True,True,False,False,0.27546539146971205,0.9755325766912295,0.27546539146971205,False,missing,left,none,none,0,moving_average,4,2.0,peak,3,-1,-1,3,False,0.275465391469713,False,False,False,False,False,False,False,,,15.17241379310345
frame_000133.jpg,,,133,False,,,,0.0,False,False,False,False,False,0.2,0.14993902404234194,0.18,True,True,False,False,False,,,30.711649844949658,31.27220649089165,True,True,False,False,0.2731818722923426,0.9755827643703642,0.2731818722923426,False,missing,left,none,none,0,moving_average,4,2.0,peak,3,-1,-1,3,False,0.2731818722923426,False,False,False,False,False,False,False,,,15.287356321839082
frame_000134.jpg,,,134,False,,,,0.0,False,False,False,False,False,0.2,0.14993902404234194,0.18,True,True,False,False,False,,,30.708848447098664,31.272298747021225,True,True,False,False,0.2708983531149731,0.9756329520494988,0.2708983531149731,False,missing,left,none,none,0,moving_average,4,2.0,peak,3,-1,-1,3,False,0.2708983531149721,False,False,False,False,False,False,False,,,15.402298850574715
frame_000135.jpg,,,135,False,,,,0.0,False,False,False,False,False,0.2,0.14993902404234194,0.18,True,True,False,False,False,,,30.706047049247665,31.272391003150798,True,True,False,False,0.26861483393760077,0.9756831397286335,0.26861483393760077,False,missing,left,none,none,0,moving_average,4,2.0,peak,3,-1,-1,3,False,0.2686148339376017,False,False,False,False,False,False,False,,,15.517241379310347
frame_000136.jpg,,,136,False,,,,0.0,False,False,False,False,False,0.2,0.14993902404234194,0.18,True,True,False,False,False,,,30.70324565139667,31.27248325928037,True,True,False,False,0.2663313147602313,0.9757333274077682,0.2663313147602313,False,missing,left,none,none,0,moving_average,4,2.0,peak,3,-1,-1,3,False,0.2663313147602303,False,False,False,False,False,False,False,,,15.632183908045977
frame_000137.jpg,,,137,False,,,,0.0,False,False,False,False,False,0.2,0.14993902404234194,0.18,True,True,False,False,False,,,30.700444253545673,31.272575515409944,True,True,False,False,0.26404779558285896,0.9757835150869029,0.26404779558285896,False,missing,left,none,none,0,moving_average,4,2.0,peak,3,-1,-1,3,False,0.2640477955828599,False,False,False,False,False,False,False,,,15.74712643678161
frame_000138.jpg,,,138,False,,,,0.0,False,False,False,False,False,0.2,0.14993902404234194,0.18,True,True,False,False,False,,,30.697642855694678,31.272667771539517,True,True,False,False,0.2617642764054895,0.9758337027660374,0.2617642764054895,False,missing,left,none,none,0,moving_average,4,2.0,peak,3,-1,-1,3,False,0.2617642764054895,False,False,False,False,False,False,False,,,15.862068965517242
frame_000139.jpg,,,139,False,,,,0.0,False,False,False,False,False,0.2,0.14993902404234194,0.18,True,True,False,False,False,,,30.694841457843683,31.27276002766909,True,True,False,False,0.25948075722812003,0.9758838904451721,0.25948075722812003,False,missing,left,none,none,0,moving_average,4,2.0,peak,3,-1,-1,3,False,0.25948075722811903,False,False,False,False,False,False,False,,,15.977011494252874
frame_000140.jpg,,,140,False,,,,0.0,False,False,False,False,False,0.2,0.14993902404234194,0.18,True,True,False,False,False,,,30.692040059992685,31.272852283798663,True,True,False,False,0.2571972380507477,0.9759340781243068,0.2571972380507477,False,missing,left,none,none,0,moving_average,4,2.0,peak,3,-1,-1,3,False,0.2571972380507486,False,False,False,False,False,False,False,,,16.091954022988507
frame_000141.jpg,,,141,False,,,,0.0,False,False,False,False,False,0.2,0.14993902404234194,0.18,True,True,False,False,False,,,30.68923866214169,31.272944539928236,True,True,False,False,0.2549137188733782,0.9759842658034414,0.2549137188733782,False,missing,left,none,none,0,moving_average,4,2.0,peak,3,-1,-1,3,False,0.2549137188733772,False,False,False,False,False,False,False,,,16.20689655172414
frame_000142.jpg,,,142,False,,,,0.0,False,False,False,False,False,0.2,0.14993902404234194,0.18,True,True,False,False,False,,,30.686437264290692,31.27303679605781,True,True,False,False,0.25263019969600586,0.9760344534825761,0.25263019969600586,False,missing,left,none,none,0,moving_average,4,2.0,peak,3,-1,-1,3,False,0.2526301996960068,False,False,False,False,False,False,False,,,16.32183908045977
frame_000143.jpg,,,143,False,,,,0.0,False,False,False,False,False,0.2,0.14993902404234194,0.18,True,True,False,False,False,,,30.683635866439698,31.273129052187382,True,True,False,False,0.2503466805186364,0.9760846411617108,0.2503466805186364,False,missing,left,none,none,0,moving_average,4,2.0,peak,3,-1,-1,3,False,0.2503466805186364,False,False,False,False,False,False,False,,,16.436781609195403
frame_000144.jpg,,,144,False,,,,0.0,False,False,False,False,False,0.2,0.14993902404234194,0.18,True,True,False,False,False,,,30.680834468588703,31.273221308316952,True,True,False,False,0.24806316134126696,0.9761348288408436,0.24806316134126696,False,missing,left,none,none,0,moving_average,4,2.0,peak,3,-1,-1,3,False,0.24806316134126596,False,False,False,False,False,False,False,,,16.551724137931036
frame_000145.jpg,,,145,False,,,,0.0,False,False,False,False,False,0.2,0.14993902404234194,0.18,True,True,False,False,False,,,30.678033070737705,31.273313564446525,True,True,False,False,0.2457796421638946,0.9761850165199782,0.2457796421638946,False,missing,left,none,none,0,moving_average,4,2.0,peak,3,-1,-1,3,False,0.24577964216389556,False,False,False,False,False,False,False,,,16.666666666666668
frame_000146.jpg,,,146,False,,,,0.0,False,False,False,False,False,0.2,0.14993902404234194,0.18,True,True,False,False,False,,,30.67523167288671,31.273405820576098,True,True,False,False,0.24349612298652518,0.9762352041991129,0.24349612298652518,False,missing,left,none,none,0,moving_average,4,2.0,peak,3,-1,-1,3,False,0.24349612298652418,False,False,False,False,False,False,False,,,16.7816091954023
frame_000147.jpg,,,147,False,,,,0.0,False,False,False,False,False,0.2,0.14993902404234194,0.18,True,True,False,False,False,,,30.672430275035712,31.27349807670567,True,True,False,False,0.2412126038091528,0.9762853918782476,0.2412126038091528,False,missing,left,none,none,0,moving_average,4,2.0,peak,3,-1,-1,3,False,0.24121260380915377,False,False,False,False,False,False,False,,,16.896551724137932
frame_000148.jpg,,,148,False,,,,0.0,False,False,False,False,False,0.2,0.14993902404234194,0.18,True,True,False,False,False,,,30.669628877184717,31.273590332835244,True,True,False,False,0.23892908463178336,0.9763355795573823,0.23892908463178336,False,missing,left,none,none,0,moving_average,4,2.0,peak,3,-1,-1,3,False,0.23892908463178236,False,False,False,False,False,False,False,,,17.011494252873565
frame_000149.jpg,,,149,False,,,,0.0,False,False,False,False,False,0.2,0.14993902404234194,0.18,True,True,False,False,False,,,30.66682747933372,31.273682588964817,True,True,False,False,0.236645565454411,0.9763857672365169,0.236645565454411,False,missing,left,none,none,0,moving_average,4,2.0,peak,3,-1,-1,3,False,0.23664556545441195,False,False,False,False,False,False,False,,,17.126436781609197
frame_000150.jpg,,,150,False,,,,0.0,False,False,False,False,False,0.2,0.14993902404234194,0.18,True,True,False,False,False,,,30.664026081482724,31.27377484509439,True,True,False,False,0.23436204627704155,0.9764359549156516,0.23436204627704155,False,missing,left,none,none,0,moving_average,4,2.0,peak,3,-1,-1,3,False,0.23436204627704155,False,False,False,False,False,False,False,,,17.24137931034483
frame_000151.jpg,,,151,False,,,,0.0,False,False,False,False,False,0.2,0.14993902404234194,0.18,True,True,False,False,False,,,30.66122468363173,31.273867101223964,True,True,False,False,0.23207852709967208,0.9764861425947863,0.23207852709967208,False,missing,left,none,none,0,moving_average,4,2.0,peak,3,-1,-1,3,False,0.2320785270996711,False,False,False,False,False,False,False,,,17.35632183908046
frame_000152.jpg,,,152,False,,,,0.0,False,False,False,False,False,0.2,0.14993902404234194,0.18,True,True,False,False,False,,,30.65842328578073,31.273959357353537,True,True,False,False,0.22979500792229973,0.976536330273921,0.22979500792229973,False,missing,left,none,none,0,moving_average,4,2.0,peak,3,-1,-1,3,False,0.22979500792230068,False,False,False,False,False,False,False,,,17.471264367816094
frame_000153.jpg,,,153,False,,,,0.0,False,False,False,False,False,0.2,0.14993902404234194,0.18,True,True,False,False,False,,,30.655621887929737,31.27405161348311,True,True,False,False,0.2275114887449303,0.9765865179530556,0.2275114887449303,False,missing,left,none,none,0,moving_average,4,2.0,peak,3,-1,-1,3,False,0.2275114887449293,False,False,False,False,False,False,False,,,17.586206896551726
frame_000154.jpg,,,154,False,,,,0.0,False,False,False,False,False,0.2,0.14993902404234194,0.18,True,True,False,False,False,,,30.65282049007874,31.274143869612683,True,True,False,False,0.22522796956755795,0.9766367056321903,0.22522796956755795,False,missing,left,none,none,0,moving_average,4,2.0,peak,3,-1,-1,3,False,0.2252279695675589,False,False,False,False,False,False,False,,,17.70114942528736
frame_000155.jpg,,,155,False,,,,0.0,False,False,False,False,False,0.2,0.14993902404234194,0.18,True,True,False,False,False,,,30.650019092227744,31.274236125742256,True,True,False,False,0.22294445039018848,0.9766868933113249,0.22294445039018848,False,missing,left,none,none,0,moving_average,4,2.0,peak,3,-1,-1,3,False,0.22294445039018848,False,False,False,False,False,False,False,,,17.81609195402299
frame_000156.jpg,,,156,False,,,,0.0,False,False,False,False,False,0.2,0.14993902404234194,0.18,True,True,False,False,False,,,30.64721769437675,31.27432838187183,True,True,False,False,0.22066093121281902,0.9767370809904595,0.22066093121281902,False,missing,left,none,none,0,moving_average,4,2.0,peak,3,-1,-1,3,False,0.22066093121281805,False,False,False,False,False,False,False,,,17.931034482758623
frame_000157.jpg,,,157,False,,,,0.0,False,False,False,False,False,0.2,0.14993902404234194,0.18,True,True,False,False,False,,,30.64441629652575,31.274420638001402,True,True,False,False,0.21837741203544667,0.9767872686695942,0.21837741203544667,False,missing,left,none,none,0,moving_average,4,2.0,peak,3,-1,-1,3,False,0.2183774120354476,False,False,False,False,False,False,False,,,18.045977011494255
frame_000158.jpg,,,158,False,,,,0.0,False,False,False,False,False,0.2,0.14993902404234194,0.18,True,True,False,False,False,,,30.641614898674757,31.274512894130975,True,True,False,False,0.2160938928580772,0.9768374563487289,0.2160938928580772,False,missing,left,none,none,0,moving_average,4,2.0,peak,3,-1,-1,3,False,0.21609389285807623,False,False,False,False,False,False,False,,,18.160919540229887
frame_000159.jpg,,,159,False,,,,0.0,False,False,False,False,False,0.2,0.14993902404234194,0.18,True,True,False,False,False,,,30.63881350082376,31.274605150260548,True,True,False,False,0.21381037368070485,0.9768876440278635,0.21381037368070485,False,missing,left,none,none,0,moving_average,4,2.0,peak,3,-1,-1,3,False,0.21381037368070582,False,False,False,False,False,False,False,,,18.27586206896552
frame_000160.jpg,,,160,False,,,,0.0,False,False,False,False,False,0.2,0.14993902404234194,0.18,True,True,False,False,False,,,30.636012102972764,31.274697406390118,True,True,False,False,0.21152685450333542,0.9769378317069963,0.21152685450333542,False,missing,left,none,none,0,moving_average,4,2.0,peak,3,-1,-1,3,False,0.21152685450333542,False,False,False,False,False,False,False,,,18.390804597701152
frame_000161.jpg,,,161,False,,,,0.0,False,False,False,False,False,0.2,0.14993902404234194,0.18,True,True,False,False,False,,,30.63321070512177,31.27478966251969,True,True,False,False,0.20924333532596595,0.976988019386131,0.20924333532596595,False,missing,left,none,none,0,moving_average,4,2.0,peak,3,-1,-1,3,False,0.20924333532596498,False,False,False,False,False,False,False,,,18.505747126436784
frame_000162.jpg,,,162,False,,,,0.0,False,False,False,False,False,0.2,0.14993902404234194,0.18,True,True,False,False,False,,,30.63040930727077,31.274881918649264,True,True,False,False,0.2069598161485936,0.9770382070652657,0.2069598161485936,False,missing,left,none,none,0,moving_average,4,2.0,peak,3,-1,-1,3,False,0.20695981614859454,False,False,False,False,False,False,False,,,18.620689655172416
frame_000163.jpg,,,163,False,,,,0.0,False,False,False,False,False,0.2,0.14993902404234194,0.18,True,True,False,False,False,,,30.627607909419776,31.274974174778837,True,True,False,False,0.20467629697122414,0.9770883947444003,0.20467629697122414,False,missing,left,none,none,0,moving_average,4,2.0,peak,3,-1,-1,3,False,0.20467629697122314,False,False,False,False,False,False,False,,,18.73563218390805
frame_000164.jpg,,,164,False,,,,0.0,False,False,False,False,False,0.2,0.14993902404234194,0.18,True,True,False,False,False,,,30.624806511568778,31.27506643090841,True,True,False,False,0.20239277779385179,0.977138582423535,0.20239277779385179,False,missing,left,none,none,0,moving_average,4,2.0,peak,3,-1,-1,3,False,0.20239277779385273,False,False,False,False,False,False,False,,,18.85057471264368
frame_000165.jpg,,,165,False,,,,0.0,False,False,False,False,False,0.2,0.14993902404234194,0.18,True,True,False,False,False,,,30.622005113717783,31.275158687037983,True,True,False,False,0.20010925861648232,0.9771887701026697,0.20010925861648232,False,missing,left,none,none,0,moving_average,4,2.0,peak,3,-1,-1,3,False,0.20010925861648232,False,False,False,False,False,False,False,,,18.965517241379313
frame_000166.jpg,,,166,False,,,,0.0,False,False,False,False,False,0.2,0.14993902404234194,0.18,True,True,False,False,False,,,30.61920371586679,31.275250943167556,True,True,False,False,0.19782573943911289,0.9772389577818044,0.19782573943911289,False,missing,left,none,none,0,moving_average,4,2.0,peak,3,-1,-1,3,False,0.19782573943911191,False,False,False,False,False,False,False,,,19.080459770114945
frame_000167.jpg,,,167,False,,,,0.0,False,False,False,False,False,0.2,0.14993902404234194,0.18,True,True,False,False,False,,,30.61640231801579,31.27534319929713,True,True,False,False,0.19554222026174053,0.977289145460939,0.19554222026174053,False,missing,left,none,none,0,moving_average,4,2.0,peak,3,-1,-1,3,False,0.19554222026174148,False,False,False,False,False,False,False,,,19.195402298850578
frame_000168.jpg,,,168,False,,,,0.0,False,False,False,False,False,0.2,0.14993902404234194,0.18,True,True,False,False,False,,,30.613600920164796,31.275435455426702,True,True,False,False,0.19325870108437107,0.9773393331400737,0.19325870108437107,False,missing,left,none,none,0,moving_average,4,2.0,peak,3,-1,-1,3,False,0.1932587010843701,False,False,False,False,False,False,False,,,19.31034482758621
frame_000169.jpg,,,169,False,,,,0.0,False,False,False,False,False,0.2,0.14993902404234194,0.18,True,True,False,False,False,,,30.610799522313798,31.275527711556276,True,True,False,False,0.19097518190699872,0.9773895208192084,0.19097518190699872,False,missing,left,none,none,0,moving_average,4,2.0,peak,3,-1,-1,3,False,0.1909751819069997,False,False,False,False,False,False,False,,,19.425287356321842
frame_000170.jpg,,,170,False,,,,0.0,False,False,False,False,False,0.2,0.14993902404234194,0.18,True,True,False,False,False,,,30.607998124462803,31.27561996768585,True,True,False,False,0.18869166272962926,0.977439708498343,0.18869166272962926,False,missing,left,none,none,0,moving_average,4,2.0,peak,3,-1,-1,3,False,0.18869166272962828,False,False,False,False,False,False,False,,,19.540229885057474
frame_000171.jpg,,,171,False,,,,0.0,False,False,False,False,False,0.2,0.14993902404234194,0.18,True,True,False,False,False,,,30.605196726611805,31.27571222381542,True,True,False,False,0.1864081435522569,0.9774898961774777,0.1864081435522569,False,missing,left,none,none,0,moving_average,4,2.0,peak,3,-1,-1,3,False,0.18640814355225785,False,False,False,False,False,False,False,,,19.655172413793107
frame_000172.jpg,,,172,False,,,,0.0,False,False,False,False,False,0.2,0.14993902404234194,0.18,True,True,False,False,False,,,30.60239532876081,31.275804479944995,True,True,False,False,0.18412462437488744,0.9775400838566124,0.18412462437488744,False,missing,left,none,none,0,moving_average,4,2.0,peak,3,-1,-1,3,False,0.18412462437488744,False,False,False,False,False,False,False,,,19.77011494252874
frame_000173.jpg,,,173,False,,,,0.0,False,False,False,False,False,0.2,0.14993902404234194,0.18,True,True,False,False,False,,,30.599593930909815,31.275896736074568,True,True,False,False,0.181841105197518,0.977590271535747,0.181841105197518,False,missing,left,none,none,0,moving_average,4,2.0,peak,3,-1,-1,3,False,0.181841105197517,False,False,False,False,False,False,False,,,19.885057471264368
frame_000174.jpg,,,174,False,,,,0.0,False,False,False,False,False,0.2,0.14993902404234194,0.18,True,True,False,False,False,,,30.596792533058817,31.27598899220414,True,True,False,False,0.17955758602014565,0.9776404592148816,0.17955758602014565,False,missing,left,none,none,0,moving_average,4,2.0,peak,3,-1,-1,3,False,0.1795575860201466,False,False,False,False,False,False,False,,,20.0
frame_000175.jpg,,,175,False,,,,0.0,False,False,False,False,False,0.2,0.14993902404234194,0.18,True,True,False,False,False,,,30.593991135207823,31.276081248333714,True,True,False,False,0.1772740668427762,0.9776906468940163,0.1772740668427762,False,missing,left,none,none,0,moving_average,4,2.0,peak,3,-1,-1,3,False,0.17727406684277522,False,False,False,False,False,False,False,,,20.114942528735632
frame_000176.jpg,,,176,False,,,,0.0,False,False,False,False,False,0.2,0.14993902404234194,0.18,True,True,False,False,False,,,30.591189737356824,31.276173504463284,True,True,False,False,0.17499054766540384,0.9777408345731491,0.17499054766540384,False,missing,left,none,none,0,moving_average,4,2.0,peak,3,-1,-1,3,False,0.17499054766540478,False,False,False,False,False,False,False,,,20.229885057471265
frame_000177.jpg,,,177,False,,,,0.0,False,False,False,False,False,0.2,0.14993902404234194,0.18,True,True,False,False,False,,,30.58838833950583,31.276265760592857,True,True,False,False,0.17270702848803438,0.9777910222522838,0.17270702848803438,False,missing,left,none,none,0,moving_average,4,2.0,peak,3,-1,-1,3,False,0.17270702848803438,False,False,False,False,False,False,False,,,20.344827586206897
frame_000178.jpg,,,178,False,,,,0.0,False,False,False,False,False,0.2,0.14993902404234194,0.18,True,True,False,False,False,,,30.585586941654835,31.27635801672243,True,True,False,False,0.17042350931066494,0.9778412099314184,0.17042350931066494,False,missing,left,none,none,0,moving_average,4,2.0,peak,3,-1,-1,3,False,0.17042350931066394,False,False,False,False,False,False,False,,,20.45977011494253
frame_000179.jpg,,,179,False,,,,0.0,False,False,False,False,False,0.2,0.14993902404234194,0.18,True,True,False,False,False,,,30.582785543803837,31.276450272852003,True,True,False,False,0.16813999013329256,0.9778913976105531,0.16813999013329256,False,missing,left,none,none,0,moving_average,4,2.0,peak,3,-1,-1,3,False,0.16813999013329353,False,False,False,False,False,False,False,,,20.57471264367816
frame_000180.jpg,,,180,False,,,,0.0,False,False,False,False,False,0.2,0.14993902404234194,0.18,True,True,False,False,False,,,30.579984145952842,31.276542528981576,True,True,False,False,0.16585647095592312,0.9779415852896878,0.16585647095592312,False,missing,left,none,none,0,moving_average,4,2.0,peak,3,-1,-1,3,False,0.16585647095592215,False,False,False,False,False,False,False,,,20.689655172413794
frame_000181.jpg,,,181,False,,,,0.0,False,False,False,False,False,0.2,0.14993902404234194,0.18,True,True,False,False,False,,,30.577182748101844,31.27663478511115,True,True,False,False,0.16357295177855077,0.9779917729688224,0.16357295177855077,False,missing,left,none,none,0,moving_average,4,2.0,peak,3,-1,-1,3,False,0.16357295177855175,False,False,False,False,False,False,False,,,20.804597701149426
frame_000182.jpg,,,182,False,,,,0.0,False,False,False,False,False,0.2,0.14993902404234194,0.18,True,True,False,False,False,,,30.57438135025085,31.276727041240722,True,True,False,False,0.1612894326011813,0.9780419606479571,0.1612894326011813,False,missing,left,none,none,0,moving_average,4,2.0,peak,3,-1,-1,3,False,0.1612894326011813,False,False,False,False,False,False,False,,,20.919540229885058
frame_000183.jpg,,,183,False,,,,0.0,False,False,False,False,False,0.2,0.14993902404234194,0.18,True,True,False,False,False,,,30.571579952399855,31.276819297370295,True,True,False,False,0.15900591342381185,0.9780921483270918,0.15900591342381185,False,missing,left,none,none,0,moving_average,4,2.0,peak,3,-1,-1,3,False,0.15900591342381087,False,False,False,False,False,False,False,,,21.03448275862069
frame_000184.jpg,,,184,False,,,,0.0,False,False,False,False,False,0.2,0.14993902404234194,0.18,True,True,False,False,False,,,30.568778554548857,31.27691155349987,True,True,False,False,0.1567223942464395,0.9781423360062265,0.1567223942464395,False,missing,left,none,none,0,moving_average,4,2.0,peak,3,-1,-1,3,False,0.15672239424644047,False,False,False,False,False,False,False,,,21.149425287356323
frame_000185.jpg,,,185,False,,,,0.0,False,False,False,False,False,0.2,0.14993902404234194,0.18,True,True,False,False,False,,,30.565977156697862,31.27700380962944,True,True,False,False,0.15443887506907006,0.9781925236853611,0.15443887506907006,False,missing,left,none,none,0,moving_average,4,2.0,peak,3,-1,-1,3,False,0.1544388750690691,False,False,False,False,False,False,False,,,21.264367816091955
frame_000186.jpg,,,186,False,,,,0.0,False,False,False,False,False,0.2,0.14993902404234194,0.18,True,True,False,False,False,,,30.563175758846864,31.277096065759014,True,True,False,False,0.1521553558916977,0.9782427113644958,0.1521553558916977,False,missing,left,none,none,0,moving_average,4,2.0,peak,3,-1,-1,3,False,0.15215535589169865,False,False,False,False,False,False,False,,,21.379310344827587
frame_000187.jpg,,,187,False,,,,0.0,False,False,False,False,False,0.2,0.14993902404234194,0.18,True,True,False,False,False,,,30.56037436099587,31.277188321888588,True,True,False,False,0.14987183671432824,0.9782928990436305,0.14987183671432824,False,missing,left,none,none,0,moving_average,4,2.0,peak,3,-1,-1,3,False,0.14987183671432727,False,False,False,False,False,False,False,,,21.49425287356322
frame_000188.jpg,,,188,False,,,,0.0,False,False,False,False,False,0.2,0.14993902404234194,0.18,True,True,False,False,False,,,30.55757296314487,31.27728057801816,True,True,False,False,0.1475883175369559,0.9783430867227652,0.1475883175369559,False,missing,left,none,none,0,moving_average,4,2.0,peak,3,-1,-1,3,False,0.14758831753695684,False,False,False,False,False,False,False,,,21.60919540229885
frame_000189.jpg,,,189,False,,,,0.0,False,False,False,False,False,0.2,0.14993902404234194,0.18,True,True,False,False,False,,,30.554771565293876,31.277372834147734,True,True,False,False,0.14530479835958643,0.9783932744018998,0.14530479835958643,False,missing,left,none,none,0,moving_average,4,2.0,peak,3,-1,-1,3,False,0.14530479835958643,False,False,False,False,False,False,False,,,21.724137931034484
frame_000190.jpg,,,190,False,,,,0.0,False,False,False,False,False,0.2,0.14993902404234194,0.18,True,True,False,False,False,,,30.55197016744288,31.277465090277307,True,True,False,False,0.14302127918221696,0.9784434620810344,0.14302127918221696,False,missing,left,none,none,0,moving_average,4,2.0,peak,3,-1,-1,3,False,0.143021279182216,False,False,False,False,False,False,False,,,21.839080459770116
frame_000191.jpg,,,191,False,,,,0.0,False,False,False,False,False,0.2,0.14993902404234194,0.18,True,True,False,False,False,,,30.549168769591883,31.27755734640688,True,True,False,False,0.14073776000484461,0.9784936497601691,0.14073776000484461,False,missing,left,none,none,0,moving_average,4,2.0,peak,3,-1,-1,3,False,0.14073776000484559,False,False,False,False,False,False,False,,,21.95402298850575
frame_000192.jpg,,,192,False,,,,0.0,False,False,False,False,False,0.2,0.14993902404234194,0.18,True,True,False,False,False,,,30.54636737174089,31.27764960253645,True,True,False,False,0.13845424082747518,0.9785438374393018,0.13845424082747518,False,missing,left,none,none,0,moving_average,4,2.0,peak,3,-1,-1,3,False,0.1384542408274742,False,False,False,False,False,False,False,,,22.06896551724138
frame_000193.jpg,,,193,False,,,,0.0,False,False,False,False,False,0.2,0.14993902404234194,0.18,True,True,False,False,False,,,30.54356597388989,31.277741858666023,True,True,False,False,0.13617072165010283,0.9785940251184365,0.13617072165010283,False,missing,left,none,none,0,moving_average,4,2.0,peak,3,-1,-1,3,False,0.13617072165010377,False,False,False,False,False,False,False,,,22.183908045977013
frame_000194.jpg,,,194,False,,,,0.0,False,False,False,False,False,0.2,0.14993902404234194,0.18,True,True,False,False,False,,,30.540764576038896,31.277834114795596,True,True,False,False,0.13388720247273336,0.9786442127975712,0.13388720247273336,False,missing,left,none,none,0,moving_average,4,2.0,peak,3,-1,-1,3,False,0.13388720247273336,False,False,False,False,False,False,False,,,22.298850574712645
frame_000195.jpg,,,195,False,,,,0.0,False,False,False,False,False,0.2,0.14993902404234194,0.18,True,True,False,False,False,,,30.5379631781879,31.27792637092517,True,True,False,False,0.1316036832953639,0.9786944004767059,0.1316036832953639,False,missing,left,none,none,0,moving_average,4,2.0,peak,3,-1,-1,3,False,0.13160368329536293,False,False,False,False,False,False,False,,,22.413793103448278
frame_000196.jpg,,,196,False,,,,0.0,False,False,False,False,False,0.2,0.14993902404234194,0.18,True,True,False,False,False,,,30.535161780336903,31.278018627054742,True,True,False,False,0.12932016411799155,0.9787445881558405,0.12932016411799155,False,missing,left,none,none,0,moving_average,4,2.0,peak,3,-1,-1,3,False,0.12932016411799252,False,False,False,False,False,False,False,,,22.52873563218391
frame_000197.jpg,,,197,False,,,,0.0,False,False,False,False,False,0.2,0.14993902404234194,0.18,True,True,False,False,False,,,30.53236038248591,31.278110883184315,True,True,False,False,0.12703664494062208,0.9787947758349752,0.12703664494062208,False,missing,left,none,none,0,moving_average,4,2.0,peak,3,-1,-1,3,False,0.1270366449406211,False,False,False,False,False,False,False,,,22.643678160919542
frame_000198.jpg,,,198,False,,,,0.0,False,False,False,False,False,0.2,0.14993902404234194,0.18,True,True,False,False,False,,,30.52955898463491,31.278203139313888,True,True,False,False,0.12475312576324975,0.9788449635141099,0.12475312576324975,False,missing,left,none,none,0,moving_average,4,2.0,peak,3,-1,-1,3,False,0.12475312576325069,False,False,False,False,False,False,False,,,22.758620689655174
frame_000199.jpg,,,199,False,,,,0.0,False,False,False,False,False,0.2,0.14993902404234194,0.18,True,True,False,False,False,,,30.526757586783916,31.27829539544346,True,True,False,False,0.12246960658588028,0.9788951511932446,0.12246960658588028,False,missing,left,none,none,0,moving_average,4,2.0,peak,3,-1,-1,3,False,0.12246960658588027,False,False,False,False,False,False,False,,,22.873563218390807
frame_000200.jpg,,,200,False,,,,0.0,False,False,False,False,False,0.2,0.14993902404234194,0.18,True,True,False,False,False,,,30.52395618893292,31.278387651573034,True,True,False,False,0.12018608740851083,0.9789453388723792,0.12018608740851083,False,missing,left,none,none,0,moving_average,4,2.0,peak,3,-1,-1,3,False,0.12018608740850985,False,False,False,False,False,False,False,,,22.98850574712644
frame_000201.jpg,,,201,False,,,,0.0,False,False,False,False,False,0.2,0.14993902404234194,0.18,True,True,False,False,False,,,30.521154791081923,31.278479907702607,True,True,False,False,0.11790256823113848,0.9789955265515139,0.11790256823113848,False,missing,left,none,none,0,moving_average,4,2.0,peak,3,-1,-1,3,False,0.11790256823113944,False,False,False,False,False,False,False,,,23.10344827586207
frame_000202.jpg,,,202,False,,,,0.0,False,False,False,False,False,0.2,0.14993902404234194,0.18,True,True,False,False,False,,,30.518353393230928,31.27857216383218,True,True,False,False,0.11561904905376902,0.9790457142306486,0.11561904905376902,False,missing,left,none,none,0,moving_average,4,2.0,peak,3,-1,-1,3,False,0.11561904905376805,False,False,False,False,False,False,False,,,23.218390804597703
frame_000203.jpg,,,203,False,,,,0.0,False,False,False,False,False,0.2,0.14993902404234194,0.18,True,True,False,False,False,,,30.51555199537993,31.278664419961753,True,True,False,False,0.11333552987639667,0.9790959019097832,0.11333552987639667,False,missing,left,none,none,0,moving_average,4,2.0,peak,3,-1,-1,3,False,0.11333552987639763,False,False,False,False,False,False,False,,,23.333333333333336
frame_000204.jpg,,,204,False,,,,0.0,False,False,False,False,False,0.2,0.14993902404234194,0.18,True,True,False,False,False,,,30.512750597528935,31.278756676091326,True,True,False,False,0.11105201069902722,0.9791460895889179,0.11105201069902722,False,missing,left,none,none,0,moving_average,4,2.0,peak,3,-1,-1,3,False,0.1110520106990272,False,False,False,False,False,False,False,,,23.448275862068968
frame_000205.jpg,,,205,False,,,,0.0,False,False,False,False,False,0.2,0.14993902404234194,0.18,True,True,False,False,False,,,30.50994919967794,31.2788489322209,True,True,False,False,0.10876849152165775,0.9791962772680526,0.10876849152165775,False,missing,left,none,none,0,moving_average,4,2.0,peak,3,-1,-1,3,False,0.10876849152165678,False,False,False,False,False,False,False,,,23.5632183908046
frame_000206.jpg,,,206,False,,,,0.0,False,False,False,False,False,0.2,0.14993902404234194,0.18,True,True,False,False,False,,,30.507147801826942,31.278941188350473,True,True,False,False,0.1064849723442854,0.9792464649471873,0.1064849723442854,False,missing,left,none,none,0,moving_average,4,2.0,peak,3,-1,-1,3,False,0.10648497234428636,False,False,False,False,False,False,False,,,23.678160919540232
frame_000207.jpg,,,207,False,,,,0.0,False,False,False,False,False,0.2,0.14993902404234194,0.18,True,True,False,False,False,,,30.504346403975948,31.279033444480046,True,True,False,False,0.10420145316691595,0.9792966526263218,0.10420145316691595,False,missing,left,none,none,0,moving_average,4,2.0,peak,3,-1,-1,3,False,0.10420145316691498,False,False,False,False,False,False,False,,,23.793103448275865
frame_000208.jpg,,,208,False,,,,0.0,False,False,False,False,False,0.2,0.14993902404234194,0.18,True,True,False,False,False,,,30.50154500612495,31.279125700609615,True,True,False,False,0.1019179339895436,0.9793468403054546,0.1019179339895436,False,missing,left,none,none,0,moving_average,4,2.0,peak,3,-1,-1,3,False,0.10191793398954456,False,False,False,False,False,False,False,,,23.908045977011497
frame_000209.jpg,,,209,False,,,,0.0,False,False,False,False,False,0.2,0.14993902404234194,0.18,True,True,False,False,False,,,30.498743608273955,31.27921795673919,True,True,False,False,0.09963441481217414,0.9793970279845893,0.09963441481217414,False,missing,left,none,none,0,moving_average,4,2.0,peak,3,-1,-1,3,False,0.09963441481217317,False,False,False,False,False,False,False,,,24.02298850574713
frame_000210.jpg,,,210,False,,,,0.0,False,False,False,False,False,0.2,0.14993902404234194,0.18,True,True,False,False,False,,,30.495942210422957,31.27931021286876,True,True,False,False,0.09735089563480179,0.979447215663724,0.09735089563480179,False,missing,left,none,none,0,moving_average,4,2.0,peak,3,-1,-1,3,False,0.09735089563480274,False,False,False,False,False,False,False,,,24.13793103448276
frame_000211.jpg,,,211,False,,,,0.0,False,False,False,False,False,0.2,0.14993902404234194,0.18,True,True,False,False,False,,,30.493140812571962,31.279402468998335,True,True,False,False,0.09506737645743234,0.9794974033428586,0.09506737645743234,False,missing,left,none,none,0,moving_average,4,2.0,peak,3,-1,-1,3,False,0.09506737645743234,False,False,False,False,False,False,False,,,24.252873563218394
frame_000212.jpg,,,212,False,,,,0.0,False,False,False,False,False,0.2,0.14993902404234194,0.18,True,True,False,False,False,,,30.490339414720967,31.279494725127908,True,True,False,False,0.09278385728006289,0.9795475910219933,0.09278385728006289,False,missing,left,none,none,0,moving_average,4,2.0,peak,3,-1,-1,3,False,0.09278385728006192,False,False,False,False,False,False,False,,,24.367816091954026
frame_000213.jpg,,,213,False,,,,0.0,False,False,False,False,False,0.2,0.14993902404234194,0.18,True,True,False,False,False,,,30.48753801686997,31.27958698125748,True,True,False,False,0.09050033810269052,0.979597778701128,0.09050033810269052,False,missing,left,none,none,0,moving_average,4,2.0,peak,3,-1,-1,3,False,0.0905003381026915,False,False,False,False,False,False,False,,,24.48275862068966
frame_000214.jpg,,,214,False,,,,0.0,False,False,False,False,False,0.2,0.14993902404234194,0.18,True,True,False,False,False,,,30.484736619018975,31.279679237387054,True,True,False,False,0.08821681892532107,0.9796479663802626,0.08821681892532107,False,missing,left,none,none,0,moving_average,4,2.0,peak,3,-1,-1,3,False,0.0882168189253201,False,False,False,False,False,False,False,,,24.59770114942529
frame_000215.jpg,,,215,False,,,,0.0,False,False,False,False,False,0.2,0.14993902404234194,0.18,True,True,False,False,False,,,30.481935221167976,31.279771493516627,True,True,False,False,0.08593329974794872,0.9796981540593973,0.08593329974794872,False,missing,left,none,none,0,moving_average,4,2.0,peak,3,-1,-1,3,False,0.08593329974794969,False,False,False,False,False,False,False,,,24.712643678160923
frame_000216.jpg,30.47913382331698,31.2798637496462,216,True,,,,0.0,False,False,False,False,False,0.2,0.14993902404234194,0.18,False,False,True,True,True,30.47913382331698,31.2798637496462,30.47913382331698,31.2798637496462,False,False,False,False,0.08364978057057927,0.979748341738532,0.08364978057057927,False,both,left,none,none,0,moving_average,4,2.0,peak,3,-1,-1,3,False,0.08441095362970241,False,False,False,False,False,False,False,,,24.827586206896555
frame_000217.jpg,,,217,False,,,,0.0,False,False,False,False,False,0.2,0.14993902404234194,0.18,True,True,False,False,False,,,30.47913382331698,31.2798637496462,True,True,False,False,0.08364978057057927,0.979748341738532,0.08364978057057927,False,missing,left,none,none,0,moving_average,4,2.0,peak,3,-1,-1,3,False,0.08364978057057927,False,False,False,False,False,False,False,,,24.942528735632187
frame_000218.jpg,,,218,False,,,,0.0,False,False,False,False,False,0.2,0.14993902404234194,0.18,True,True,False,False,False,,,30.47913382331698,31.2798637496462,True,True,False,False,0.08364978057057927,0.979748341738532,0.08364978057057927,False,missing,left,none,none,0,moving_average,4,2.0,peak,3,-1,-1,3,False,0.08364978057057927,False,False,False,False,False,False,False,,,25.05747126436782
frame_000219.jpg,,,219,False,,,,0.0,False,False,False,False,False,0.2,0.14993902404234194,0.18,True,True,False,False,False,,,30.47913382331698,31.2798637496462,True,True,False,False,0.08364978057057927,0.979748341738532,0.08364978057057927,False,missing,left,none,none,0,moving_average,4,2.0,peak,3,-1,-1,3,False,0.08364978057057927,False,False,False,False,False,False,False,,,25.172413793103452
frame_000220.jpg,,,220,False,,,,0.0,False,False,False,False,False,0.2,0.14993902404234194,0.18,True,True,False,False,False,,,30.47913382331698,31.2798637496462,True,True,False,False,0.08364978057057927,0.979748341738532,0.08364978057057927,False,missing,left,none,none,0,moving_average,4,2.0,peak,3,-1,-1,3,False,0.08364978057057927,False,False,False,False,False,False,False,,,25.287356321839084
frame_000221.jpg,,,221,False,,,,0.0,False,False,False,False,False,0.2,0.14993902404234194,0.18,True,True,False,False,False,,,30.47913382331698,31.2798637496462,True,True,False,False,0.08364978057057927,0.979748341738532,0.08364978057057927,False,missing,left,none,none,0,moving_average,4,2.0,peak,3,-1,-1,3,False,0.08364978057057927,False,False,False,False,False,False,False,,,25.402298850574716
frame_000222.jpg,,,222,False,,,,0.0,False,False,False,False,False,0.2,0.14993902404234194,0.18,True,True,False,False,False,,,30.47913382331698,31.2798637496462,True,True,False,False,0.08364978057057927,0.979748341738532,0.08364978057057927,False,missing,left,none,none,0,moving_average,4,2.0,peak,3,-1,-1,3,False,0.08364978057057927,False,False,False,False,False,False,False,,,25.517241379310345
frame_000223.jpg,,,223,False,,,,0.0,False,False,False,False,False,0.2,0.14993902404234194,0.18,True,True,False,False,False,,,30.47913382331698,31.2798637496462,True,True,False,False,0.08364978057057927,0.979748341738532,0.08364978057057927,False,missing,left,none,none,0,moving_average,4,2.0,peak,3,-1,-1,3,False,0.08364978057057927,False,False,False,False,False,False,False,,,25.632183908045977
frame_000224.jpg,,,224,False,,,,0.0,False,False,False,False,False,0.2,0.14993902404234194,0.18,True,True,False,False,False,,,30.47913382331698,31.2798637496462,True,True,False,False,0.08364978057057927,0.979748341738532,0.08364978057057927,False,missing,left,none,none,0,moving_average,4,2.0,peak,3,-1,-1,3,False,0.08364978057057927,False,False,False,False,False,False,False,,,25.74712643678161
frame_000225.jpg,,,225,False,,,,0.0,False,False,False,False,False,0.2,0.14993902404234194,0.18,True,True,False,False,False,,,30.47913382331698,31.2798637496462,True,True,False,False,0.08364978057057927,0.979748341738532,0.08364978057057927,False,missing,left,none,none,0,moving_average,4,2.0,peak,3,-1,-1,3,False,0.08364978057057927,False,False,False,False,False,False,False,,,25.862068965517242
frame_000226.jpg,,,226,False,,,,0.0,False,False,False,False,False,0.2,0.14993902404234194,0.18,True,True,False,False,False,,,30.47913382331698,31.2798637496462,True,True,False,False,0.08364978057057927,0.979748341738532,0.08364978057057927,False,missing,left,none,none,0,moving_average,4,2.0,peak,3,-1,-1,3,False,0.08364978057057927,False,False,False,False,False,False,False,,,25.977011494252874
frame_000227.jpg,,,227,False,,,,0.0,False,False,False,False,False,0.2,0.14993902404234194,0.18,True,True,False,False,False,,,30.47913382331698,31.2798637496462,True,True,False,False,0.08364978057057927,0.979748341738532,0.08364978057057927,False,missing,left,none,none,0,moving_average,4,2.0,peak,3,-1,-1,3,False,0.08364978057057927,False,False,False,False,False,False,False,,,26.091954022988507
frame_000228.jpg,,,228,False,,,,0.0,False,False,False,False,False,0.2,0.14993902404234194,0.18,True,True,False,False,False,,,30.47913382331698,31.2798637496462,True,True,False,False,0.08364978057057927,0.979748341738532,0.08364978057057927,False,missing,left,none,none,0,moving_average,4,2.0,peak,3,-1,-1,3,False,0.08364978057057927,False,False,False,False,False,False,False,,,26.20689655172414
frame_000229.jpg,,,229,False,,,,0.0,False,False,False,False,False,0.2,0.14993902404234194,0.18,True,True,False,False,False,,,30.47913382331698,31.2798637496462,True,True,False,False,0.08364978057057927,0.979748341738532,0.08364978057057927,False,missing,left,none,none,0,moving_average,4,2.0,peak,3,-1,-1,3,False,0.08364978057057927,False,False,False,False,False,False,False,,,26.32183908045977
frame_000230.jpg,,,230,False,,,,0.0,False,False,False,False,False,0.2,0.14993902404234194,0.18,True,True,False,False,False,,,30.47913382331698,31.2798637496462,True,True,False,False,0.08364978057057927,0.979748341738532,0.08364978057057927,False,missing,left,none,none,0,moving_average,4,2.0,peak,3,-1,-1,3,False,0.08364978057057927,False,False,False,False,False,False,False,,,26.436781609195403
frame_000231.jpg,,,231,False,,,,0.0,False,False,False,False,False,0.2,0.14993902404234194,0.18,True,True,False,False,False,,,30.47913382331698,31.2798637496462,True,True,False,False,0.08364978057057927,0.979748341738532,0.08364978057057927,False,missing,left,none,none,0,moving_average,4,2.0,peak,3,-1,-1,3,False,0.08364978057057927,False,False,False,False,False,False,False,,,26.551724137931036
frame_000232.jpg,,,232,False,,,,0.0,False,False,False,False,False,0.2,0.14993902404234194,0.18,True,True,False,False,False,,,30.47913382331698,31.2798637496462,True,True,False,False,0.08364978057057927,0.979748341738532,0.08364978057057927,False,missing,left,none,none,0,moving_average,4,2.0,peak,3,-1,-1,3,False,0.08364978057057927,False,False,False,False,False,False,False,,,26.666666666666668
frame_000233.jpg,,,233,False,,,,0.0,False,False,False,False,False,0.2,0.14993902404234194,0.18,True,True,False,False,False,,,30.47913382331698,31.2798637496462,True,True,False,False,0.08364978057057927,0.979748341738532,0.08364978057057927,False,missing,left,none,none,0,moving_average,4,2.0,peak,3,-1,-1,3,False,0.08364978057057927,False,False,False,False,False,False,False,,,26.7816091954023
frame_000234.jpg,,,234,False,,,,0.0,False,False,False,False,False,0.2,0.14993902404234194,0.18,True,True,False,False,False,,,30.47913382331698,31.2798637496462,True,True,False,False,0.08364978057057927,0.979748341738532,0.08364978057057927,False,missing,left,none,none,0,moving_average,4,2.0,peak,3,-1,-1,3,False,0.08364978057057927,False,False,False,False,False,False,False,,,26.896551724137932
frame_000235.jpg,,,235,False,,,,0.0,False,False,False,False,False,0.2,0.14993902404234194,0.18,True,True,False,False,False,,,30.47913382331698,31.2798637496462,True,True,False,False,0.08364978057057927,0.979748341738532,0.08364978057057927,False,missing,left,none,none,0,moving_average,4,2.0,peak,3,-1,-1,3,False,0.08364978057057927,False,False,False,False,False,False,False,,,27.011494252873565
frame_000236.jpg,,,236,False,,,,0.0,False,False,False,False,False,0.2,0.14993902404234194,0.18,True,True,False,False,False,,,30.47913382331698,31.2798637496462,True,True,False,False,0.08364978057057927,0.979748341738532,0.08364978057057927,False,missing,left,none,none,0,moving_average,4,2.0,peak,3,-1,-1,3,False,0.08364978057057927,False,False,False,False,False,False,False,,,27.126436781609197
frame_000237.jpg,,,237,False,,,,0.0,False,False,False,False,False,0.2,0.14993902404234194,0.18,True,True,False,False,False,,,30.47913382331698,31.2798637496462,True,True,False,False,0.08364978057057927,0.979748341738532,0.08364978057057927,False,missing,left,none,none,0,moving_average,4,2.0,peak,3,-1,-1,3,False,0.08364978057057927,False,False,False,False,False,False,False,,,27.24137931034483
frame_000238.jpg,,,238,False,,,,0.0,False,False,False,False,False,0.2,0.14993902404234194,0.18,True,True,False,False,False,,,30.47913382331698,31.2798637496462,True,True,False,False,0.08364978057057927,0.979748341738532,0.08364978057057927,False,missing,left,none,none,0,moving_average,4,2.0,peak,3,-1,-1,3,False,0.08364978057057927,False,False,False,False,False,False,False,,,27.35632183908046
frame_000239.jpg,,,239,False,,,,0.0,False,False,False,False,False,0.2,0.14993902404234194,0.18,True,True,False,False,False,,,30.47913382331698,31.2798637496462,True,True,False,False,0.08364978057057927,0.979748341738532,0.08364978057057927,False,missing,left,none,none,0,moving_average,4,2.0,peak,3,-1,-1,3,False,0.08364978057057927,False,False,False,False,False,False,False,,,27.471264367816094
frame_000240.jpg,,,240,False,,,,0.0,False,False,False,False,False,0.2,0.14993902404234194,0.18,True,True,False,False,False,,,30.47913382331698,31.2798637496462,True,True,False,False,0.08364978057057927,0.979748341738532,0.08364978057057927,False,missing,left,none,none,0,moving_average,4,2.0,peak,3,-1,-1,3,False,0.08364978057057927,False,False,False,False,False,False,False,,,27.586206896551726
frame_000241.jpg,,,241,False,,,,0.0,False,False,False,False,False,0.2,0.14993902404234194,0.18,True,True,False,False,False,,,30.47913382331698,31.2798637496462,True,True,False,False,0.08364978057057927,0.979748341738532,0.08364978057057927,False,missing,left,none,none,0,moving_average,4,2.0,peak,3,-1,-1,3,False,0.08364978057057927,False,False,False,False,False,False,False,,,27.70114942528736
frame_000242.jpg,,,242,False,,,,0.0,False,False,False,False,False,0.2,0.14993902404234194,0.18,True,True,False,False,False,,,30.47913382331698,31.2798637496462,True,True,False,False,0.08364978057057927,0.979748341738532,0.08364978057057927,False,missing,left,none,none,0,moving_average,4,2.0,peak,3,-1,-1,3,False,0.08364978057057927,False,False,False,False,False,False,False,,,27.81609195402299
frame_000243.jpg,,,243,False,,,,0.0,False,False,False,False,False,0.2,0.14993902404234194,0.18,True,True,False,False,False,,,30.47913382331698,31.2798637496462,True,True,False,False,0.08364978057057927,0.979748341738532,0.08364978057057927,False,missing,left,none,none,0,moving_average,4,2.0,peak,3,-1,-1,3,False,0.08364978057057927,False,False,False,False,False,False,False,,,27.931034482758623
frame_000244.jpg,,,244,False,,,,0.0,False,False,False,False,False,0.2,0.14993902404234194,0.18,True,True,False,False,False,,,30.47913382331698,31.2798637496462,True,True,False,False,0.08364978057057927,0.979748341738532,0.08364978057057927,False,missing,left,none,none,0,moving_average,4,2.0,peak,3,-1,-1,3,False,0.08364978057057927,False,False,False,False,False,False,False,,,28.045977011494255
frame_000245.jpg,,,245,False,,,,0.0,False,False,False,False,False,0.2,0.14993902404234194,0.18,True,True,False,False,False,,,30.47913382331698,31.2798637496462,True,True,False,False,0.08364978057057927,0.979748341738532,0.08364978057057927,False,missing,left,none,none,0,moving_average,4,2.0,peak,3,-1,-1,3,False,0.08364978057057927,False,False,False,False,False,False,False,,,28.160919540229887
frame_000246.jpg,,,246,False,,,,0.0,False,False,False,False,False,0.2,0.14993902404234194,0.18,True,True,False,False,False,,,30.47913382331698,31.2798637496462,True,True,False,False,0.08364978057057927,0.979748341738532,0.08364978057057927,False,missing,left,none,none,0,moving_average,4,2.0,peak,3,-1,-1,3,False,0.08364978057057927,False,False,False,False,False,False,False,,,28.27586206896552
frame_000247.jpg,,,247,False,,,,0.0,False,False,False,False,False,0.2,0.14993902404234194,0.18,True,True,False,False,False,,,30.47913382331698,31.2798637496462,True,True,False,False,0.08364978057057927,0.979748341738532,0.08364978057057927,False,missing,left,none,none,0,moving_average,4,2.0,peak,3,-1,-1,3,False,0.08364978057057927,False,False,False,False,False,False,False,,,28.390804597701152
frame_000248.jpg,,,248,False,,,,0.0,False,False,False,False,False,0.2,0.14993902404234194,0.18,True,True,False,False,False,,,30.47913382331698,31.2798637496462,True,True,False,False,0.08364978057057927,0.979748341738532,0.08364978057057927,False,missing,left,none,none,0,moving_average,4,2.0,peak,3,-1,-1,3,False,0.08364978057057927,False,False,False,False,False,False,False,,,28.505747126436784
frame_000249.jpg,,,249,False,,,,0.0,False,False,False,False,False,0.2,0.14993902404234194,0.18,True,True,False,False,False,,,30.47913382331698,31.2798637496462,True,True,False,False,0.08364978057057927,0.979748341738532,0.08364978057057927,False,missing,left,none,none,0,moving_average,4,2.0,peak,3,-1,-1,3,False,0.08364978057057927,False,False,False,False,False,False,False,,,28.620689655172416
frame_000250.jpg,,,250,False,,,,0.0,False,False,False,False,False,0.2,0.14993902404234194,0.18,True,True,False,False,False,,,30.47913382331698,31.2798637496462,True,True,False,False,0.08364978057057927,0.979748341738532,0.08364978057057927,False,missing,left,none,none,0,moving_average,4,2.0,peak,3,-1,-1,3,False,0.08364978057057927,False,False,False,False,False,False,False,,,28.73563218390805
frame_000251.jpg,,,251,False,,,,0.0,False,False,False,False,False,0.2,0.14993902404234194,0.18,True,True,False,False,False,,,30.47913382331698,31.2798637496462,True,True,False,False,0.08364978057057927,0.979748341738532,0.08364978057057927,False,missing,left,none,none,0,moving_average,4,2.0,peak,3,-1,-1,3,False,0.08364978057057927,False,False,False,False,False,False,False,,,28.85057471264368
frame_000252.jpg,,,252,False,,,,0.0,False,False,False,False,False,0.2,0.14993902404234194,0.18,True,True,False,False,False,,,30.47913382331698,31.2798637496462,True,True,False,False,0.08364978057057927,0.979748341738532,0.08364978057057927,False,missing,left,none,none,0,moving_average,4,2.0,peak,3,-1,-1,3,False,0.08364978057057927,False,False,False,False,False,False,False,,,28.965517241379313
frame_000253.jpg,,,253,False,,,,0.0,False,False,False,False,False,0.2,0.14993902404234194,0.18,True,True,False,False,False,,,30.47913382331698,31.2798637496462,True,True,False,False,0.08364978057057927,0.979748341738532,0.08364978057057927,False,missing,left,none,none,0,moving_average,4,2.0,peak,3,-1,-1,3,False,0.08364978057057927,False,False,False,False,False,False,False,,,29.080459770114945
frame_000254.jpg,,,254,False,,,,0.0,False,False,False,False,False,0.2,0.14993902404234194,0.18,True,True,False,False,False,,,30.47913382331698,31.2798637496462,True,True,False,False,0.08364978057057927,0.979748341738532,0.08364978057057927,False,missing,left,none,none,0,moving_average,4,2.0,peak,3,-1,-1,3,False,0.08364978057057927,False,False,False,False,False,False,False,,,29.195402298850578
frame_000255.jpg,,,255,False,,,,0.0,False,False,False,False,False,0.2,0.14993902404234194,0.18,True,True,False,False,False,,,30.47913382331698,31.2798637496462,True,True,False,False,0.08364978057057927,0.979748341738532,0.08364978057057927,False,missing,left,none,none,0,moving_average,4,2.0,peak,3,-1,-1,3,False,0.08364978057057927,False,False,False,False,False,False,False,,,29.31034482758621
frame_000256.jpg,,,256,False,,,,0.0,False,False,False,False,False,0.2,0.14993902404234194,0.18,True,True,False,False,False,,,30.47913382331698,31.2798637496462,True,True,False,False,0.08364978057057927,0.979748341738532,0.08364978057057927,False,missing,left,none,none,0,moving_average,4,2.0,peak,3,-1,-1,3,False,0.08364978057057927,False,False,False,False,False,False,False,,,29.425287356321842
frame_000257.jpg,,,257,False,,,,0.0,False,False,False,False,False,0.2,0.14993902404234194,0.18,True,True,False,False,False,,,30.47913382331698,31.2798637496462,True,True,False,False,0.08364978057057927,0.979748341738532,0.08364978057057927,False,missing,left,none,none,0,moving_average,4,2.0,peak,3,-1,-1,3,False,0.08364978057057927,False,False,False,False,False,False,False,,,29.540229885057474
frame_000258.jpg,,,258,False,,,,0.0,False,False,False,False,False,0.2,0.14993902404234194,0.18,True,True,False,False,False,,,30.47913382331698,31.2798637496462,True,True,False,False,0.08364978057057927,0.979748341738532,0.08364978057057927,False,missing,left,none,none,0,moving_average,4,2.0,peak,3,-1,-1,3,False,0.08364978057057927,False,False,False,False,False,False,False,,,29.655172413793107
frame_000259.jpg,,,259,False,,,,0.0,False,False,False,False,False,0.2,0.14993902404234194,0.18,True,True,False,False,False,,,30.47913382331698,31.2798637496462,True,True,False,False,0.08364978057057927,0.979748341738532,0.08364978057057927,False,missing,left,none,none,0,moving_average,4,2.0,peak,3,-1,-1,3,False,0.08364978057057927,False,False,False,False,False,False,False,,,29.77011494252874
frame_000260.jpg,,,260,False,,,,0.0,False,False,False,False,False,0.2,0.14993902404234194,0.18,True,True,False,False,False,,,30.47913382331698,31.2798637496462,True,True,False,False,0.08364978057057927,0.979748341738532,0.08364978057057927,False,missing,left,none,none,0,moving_average,4,2.0,peak,3,-1,-1,3,False,,False,False,False,False,False,False,False,,,29.88505747126437
