frame_name,left_temp,right_temp,frame_index,motion_coordinate_valid,motion_center_step_norm,motion_scale_step_log,motion_angle_step_rad,motion_score,motion_center_flag,motion_scale_flag,motion_angle_flag,motion_artifact_raw,motion_artifact,motion_center_threshold,motion_scale_threshold,motion_angle_threshold,left_missing_raw,right_missing_raw,left_quality_valid,right_quality_valid,quality_any_valid,left_temp_motion_filtered,right_temp_motion_filtered,left_temp_used,right_temp_used,left_repaired,right_repaired,left_motion_interpolated,right_motion_interpolated,left_norm,right_norm,fused_norm,fused_repaired,fusion_source,selected_fusion_mode,peak_retune_rule,edge_peak_completion,edge_peak_added,smoothing_method,butterworth_order,butterworth_cutoff_hz,rr_estimator,time_peak_count,spectral_count,autocorr_count,joint_count,joint_adjusted,smoothed_norm,is_peak,source_peak_rejected,quality_peak_rejected,mad_ibi_peak_rejected,motion_peak_rejected,motion_interval_peak_rejected,motion_reconstructed_peak,peak_number,event_source,target_time_seconds
frame_000000.jpg,32.54982308425313,32.09780747042331,0,True,,,,0.0,False,False,False,False,False,0.21000496232539523,0.12,0.18,False,False,True,True,True,32.54982308425313,32.09780747042331,32.54982308425313,32.09780747042331,False,False,False,False,0.9434388448593672,0.9502554914089703,0.9434388448593672,False,both,min,none,none,0,moving_average,4,2.0,peak,12,-1,-1,12,False,,False,False,False,False,False,False,False,,,0.0
frame_000001.jpg,32.547513254424096,32.085676501106526,1,True,0.0027686563754346786,0.0,0.0,0.013183766444264987,False,False,False,False,False,0.21000496232539523,0.12,0.18,False,False,True,True,True,32.547513254424096,32.085676501106526,32.547513254424096,32.085676501106526,False,False,False,False,0.9423120606619213,0.9476556888295203,0.9423120606619213,False,both,min,none,none,0,moving_average,4,2.0,peak,12,-1,-1,12,False,0.9382627287962645,False,False,False,False,False,False,False,,,0.1149425287356322
frame_000002.jpg,32.52030087213079,32.035789756990866,2,True,0.014602273384639932,0.0,0.0,0.06953299209194032,False,False,False,False,False,0.21000496232539523,0.12,0.18,False,False,True,True,True,32.52030087213079,32.035789756990866,32.52030087213079,32.035789756990866,False,False,False,False,0.929037280867505,0.9369644008833223,0.929037280867505,False,both,min,none,none,0,moving_average,4,2.0,peak,12,-1,-1,12,False,0.9334622074656438,False,False,False,False,False,False,False,,,0.2298850574712644
frame_000003.jpg,32.52030087213079,32.035789756990866,3,True,0.0,0.0,0.0,0.0,False,False,False,False,False,0.21000496232539523,0.12,0.18,False,False,True,True,True,32.52030087213079,32.035789756990866,32.52030087213079,32.035789756990866,False,False,False,False,0.929037280867505,0.9369644008833223,0.929037280867505,False,both,min,none,none,0,moving_average,4,2.0,peak,12,-1,-1,12,False,0.9240898572120592,False,False,False,False,False,False,False,,,0.3448275862068966
frame_000004.jpg,32.48987524113036,32.04105618054344,4,True,0.015768213064033226,0.0,0.0,0.07508495460979127,False,False,False,False,False,0.21000496232539523,0.12,0.18,False,False,True,True,True,32.48987524113036,32.04105618054344,32.48987524113036,32.04105618054344,False,False,False,False,0.9141950099011675,0.9380930544293765,0.9141950099011675,False,both,min,none,none,0,moving_average,4,2.0,peak,12,-1,-1,12,False,0.9099855957977846,False,False,False,False,False,False,False,,,0.4597701149425288
frame_000005.jpg,32.43356258505244,32.28076278075289,5,True,0.039842218611041445,0.0,0.0,0.18972036741354398,False,False,False,False,False,0.21000496232539523,0.12,0.18,False,False,True,True,True,32.43356258505244,32.28076278075289,32.43356258505244,32.28076278075289,False,False,False,False,0.8867244966246814,0.9894648633311895,0.8867244966246814,False,both,min,none,none,0,moving_average,4,2.0,peak,12,-1,-1,12,False,0.9040642960149667,False,False,False,False,False,False,False,,,0.574712643678161
frame_000006.jpg,32.48388610461101,32.27345585634404,6,True,0.05156057969670523,0.0,0.0,0.245520768298865,False,False,False,False,False,0.21000496232539523,0.12,0.18,False,False,True,True,True,32.48388610461101,32.27345585634404,32.48388610461101,32.27345585634404,False,False,False,False,0.9112733815190515,0.9878989076000451,0.9112733815190515,False,both,min,none,none,0,moving_average,4,2.0,peak,12,-1,-1,12,False,0.9030904198875948,False,False,False,False,False,False,False,,,0.6896551724137931
frame_000007.jpg,32.48388610461101,32.27345585634404,7,True,0.0,0.0,0.0,0.0,False,False,False,False,False,0.21000496232539523,0.12,0.18,False,False,True,True,True,32.48388610461101,32.27345585634404,32.48388610461101,32.27345585634404,False,False,False,False,0.9112733815190515,0.9878989076000451,0.9112733815190515,False,both,min,none,none,0,moving_average,4,2.0,peak,12,-1,-1,12,False,0.9109794186453369,False,False,False,False,False,False,False,,,0.8045977011494253
frame_000008.jpg,32.4820782938096,32.25730195823933,8,True,0.005749234172556781,0.0,0.0,0.027376658669848702,False,False,False,False,False,0.21000496232539523,0.12,0.18,False,False,True,True,True,32.4820782938096,32.25730195823933,32.4820782938096,32.25730195823933,False,False,False,False,0.9103914928979079,0.9844369463285176,0.9103914928979079,False,both,min,none,none,0,moving_average,4,2.0,peak,12,-1,-1,12,False,0.9112585172087011,False,False,False,False,False,False,False,,,0.9195402298850576
frame_000009.jpg,32.48560250298177,32.245337516790435,9,True,0.014895760133985837,0.0,0.0,0.0709305150175708,False,False,False,False,False,0.21000496232539523,0.12,0.18,False,False,True,True,True,32.48560250298177,32.245337516790435,32.48560250298177,32.245337516790435,False,False,False,False,0.9121106772091442,0.981872832536104,0.9121106772091442,False,both,min,none,none,0,moving_average,4,2.0,peak,12,-1,-1,12,False,0.9066002348313236,False,False,False,False,False,False,False,,,1.0344827586206897
frame_000010.jpg,32.455238632597194,32.22766623044232,10,True,0.014833938621775459,0.0,0.0,0.07063613382045134,False,False,False,False,False,0.21000496232539523,0.12,0.18,False,False,True,True,True,32.455238632597194,32.22766623044232,32.455238632597194,32.22766623044232,False,False,False,False,0.8972985343869191,0.9780856779707664,0.8972985343869191,False,both,min,none,none,0,moving_average,4,2.0,peak,12,-1,-1,12,False,0.9005963224452138,False,False,False,False,False,False,False,,,1.149425287356322
frame_000011.jpg,32.44515547588646,32.21355511742573,11,True,0.0063758924202466155,0.0,0.0,0.030360675050941876,False,False,False,False,False,0.21000496232539523,0.12,0.18,False,False,True,True,True,32.44515547588646,32.21355511742573,32.44515547588646,32.21355511742573,False,False,False,False,0.8923797557395782,0.9750615084207968,0.8923797557395782,False,both,min,none,none,0,moving_average,4,2.0,peak,12,-1,-1,12,False,0.8949253772283411,False,False,False,False,False,False,False,,,1.264367816091954
frame_000012.jpg,32.450727364200745,32.111559463281246,12,True,0.01057983002021493,0.0,0.0,0.05037895249266472,False,False,False,False,False,0.21000496232539523,0.12,0.18,False,False,True,True,True,32.450727364200745,32.111559463281246,32.450727364200745,32.111559463281246,False,False,False,False,0.8950978415585261,0.9532026974871491,0.8950978415585261,False,both,min,none,none,0,moving_average,4,2.0,peak,12,-1,-1,12,False,0.9009946644045643,False,False,False,False,False,False,False,,,1.3793103448275863
frame_000013.jpg,32.49256349194214,32.02323284811616,13,True,0.060262771504366326,0.0,0.0,0.28695879772112864,False,False,False,False,False,0.21000496232539523,0.12,0.18,False,False,True,True,True,32.49256349194214,32.02323284811616,32.49256349194214,32.02323284811616,False,False,False,False,0.9155063959155889,0.934273314686508,0.9155063959155889,False,both,min,none,none,0,moving_average,4,2.0,peak,12,-1,-1,12,False,0.9024119446032997,False,False,False,False,False,False,False,,,1.4942528735632186
frame_000014.jpg,32.45387145562744,31.950159096381846,14,True,0.00877892342104391,0.0,0.0,0.04180340942344629,False,False,False,False,False,0.21000496232539523,0.12,0.18,False,False,True,True,True,32.45387145562744,31.950159096381846,32.45387145562744,31.950159096381846,False,False,False,False,0.896631596335784,0.9186127913360719,0.896631596335784,False,both,min,none,none,0,moving_average,4,2.0,peak,12,-1,-1,12,False,0.9120313704878972,False,False,False,False,False,False,False,,,1.6091954022988506
frame_000015.jpg,32.50988484146238,31.987837244893413,15,True,0.04542727224885404,0.0,0.0,0.2163152324870595,False,False,False,False,False,0.21000496232539523,0.12,0.18,False,False,True,True,True,32.50988484146238,31.987837244893413,32.50988484146238,31.987837244893413,False,False,False,False,0.9239561192123187,0.9266876405201124,0.9239561192123187,False,both,min,none,none,0,moving_average,4,2.0,peak,12,-1,-1,12,False,0.9116728685880235,False,False,False,False,False,False,False,,,1.7241379310344829
frame_000016.jpg,32.49035877949418,32.00043937376281,16,True,0.007965938050996848,0.0,0.0,0.03793214199697772,False,False,False,False,False,0.21000496232539523,0.12,0.18,False,False,True,True,True,32.49035877949418,32.00043937376281,32.49035877949418,32.00043937376281,False,False,False,False,0.914430890215968,0.9293884178682079,0.914430890215968,False,both,min,none,none,0,moving_average,4,2.0,peak,12,-1,-1,12,False,0.9157051580552807,False,False,False,False,False,False,False,,,1.8390804597701151
frame_000017.jpg,32.47866920087059,32.0346050252307,17,True,0.020688128330493973,0.0,0.0,0.09851256894795873,False,False,False,False,False,0.21000496232539523,0.12,0.18,False,False,True,True,True,32.47866920087059,32.0346050252307,32.47866920087059,32.0346050252307,False,False,False,False,0.9087284647375555,0.9367104995992936,0.9087284647375555,False,both,min,none,none,0,moving_average,4,2.0,peak,12,-1,-1,12,False,0.9078669766199984,False,False,False,False,False,False,False,,,1.9540229885057472
frame_000018.jpg,32.46168164871543,32.08354313154639,18,True,0.018958613467175988,0.0,0.0,0.09027697849253814,False,False,False,False,False,0.21000496232539523,0.12,0.18,False,False,True,True,True,32.46168164871543,32.08354313154639,32.46168164871543,32.08354313154639,False,False,False,False,0.9004415749064716,0.9471984838411538,0.9004415749064716,False,both,min,none,none,0,moving_average,4,2.0,peak,12,-1,-1,12,False,0.9032038715168329,False,False,False,False,False,False,False,,,2.0689655172413794
frame_000019.jpg,32.46168164871543,32.08354313154639,19,True,0.0,0.0,0.0,0.0,False,False,False,False,False,0.21000496232539523,0.12,0.18,False,False,True,True,True,32.46168164871543,32.08354313154639,32.46168164871543,32.08354313154639,False,False,False,False,0.9004415749064716,0.9471984838411538,0.9004415749064716,False,both,min,none,none,0,moving_average,4,2.0,peak,12,-1,-1,12,False,0.894336620484704,False,False,False,False,False,False,False,,,2.1839080459770117
frame_000020.jpg,32.42413744319612,32.08360796808097,20,True,0.03812388002898947,0.0,0.0,0.18153799608752993,False,False,False,False,False,0.21000496232539523,0.12,0.18,False,False,True,True,True,32.42413744319612,32.08360796808097,32.42413744319612,32.08360796808097,False,False,False,False,0.8821267116411688,0.9472123790366187,0.8821267116411688,False,both,min,none,none,0,moving_average,4,2.0,peak,12,-1,-1,12,False,0.888624747231004,False,False,False,False,False,False,False,,,2.298850574712644
frame_000021.jpg,32.42655481098303,32.161118681260895,21,True,0.08460916090005255,0.0,0.0,0.40289124582186614,False,False,False,False,False,0.21000496232539523,0.12,0.18,False,False,True,True,True,32.42655481098303,32.161118681260895,32.42655481098303,32.161118681260895,False,False,False,False,0.8833059551453719,0.9638237929144311,0.8833059551453719,False,both,min,none,none,0,moving_average,4,2.0,peak,12,-1,-1,12,False,0.8870484053690137,False,False,False,False,False,False,False,,,2.4137931034482762
frame_000022.jpg,32.45198747268289,32.08440112758747,22,True,0.10206962349080949,0.0,0.0,0.48603434109645577,False,False,False,False,False,0.21000496232539523,0.12,0.18,False,False,True,True,True,32.45198747268289,32.08440112758747,32.45198747268289,32.08440112758747,False,False,False,False,0.8957125493205008,0.947382362001464,0.8957125493205008,False,both,min,none,none,0,moving_average,4,2.0,peak,12,-1,-1,12,False,0.8940183449837105,False,False,False,False,False,False,False,,,2.528735632183908
frame_000023.jpg,32.46700112853639,32.10339810162334,23,True,0.0827015358473716,0.0,0.0,0.3938075316488403,False,False,False,False,False,0.21000496232539523,0.12,0.18,False,False,True,True,True,32.46700112853639,32.10339810162334,32.46700112853639,32.10339810162334,False,False,False,False,0.9030365304852589,0.9514536262846786,0.9030365304852589,False,both,min,none,none,0,moving_average,4,2.0,peak,12,-1,-1,12,False,0.8782142096450791,False,False,False,False,False,False,False,,,2.6436781609195403
frame_000024.jpg,32.32936265126881,31.94936787845752,24,True,0.0467292155366623,0.0,0.0,0.2225148159320971,False,False,False,False,False,0.21000496232539523,0.12,0.18,False,False,True,True,True,32.32936265126881,31.94936787845752,32.32936265126881,31.94936787845752,False,False,False,False,0.8358935491294779,0.9184432244740302,0.8358935491294779,False,both,min,none,none,0,moving_average,4,2.0,peak,12,-1,-1,12,False,0.8582745429147381,False,False,False,False,False,False,False,,,2.7586206896551726
frame_000025.jpg,32.32936265126881,31.94936787845752,25,True,0.0,0.0,0.0,0.0,False,False,False,False,False,0.21000496232539523,0.12,0.18,False,False,True,True,True,32.32936265126881,31.94936787845752,32.32936265126881,31.94936787845752,False,False,False,False,0.8358935491294779,0.9184432244740302,0.8358935491294779,False,both,min,none,none,0,moving_average,4,2.0,peak,12,-1,-1,12,False,0.8201005433809957,False,False,False,False,False,False,False,,,2.873563218390805
frame_000026.jpg,32.232238936229365,31.7811986676204,26,True,0.03345648266994125,0.07271527108612955,0.016610370741161427,0.6059605923844129,False,False,False,False,False,0.21000496232539523,0.12,0.18,False,False,True,True,True,32.232238936229365,31.7811986676204,32.232238936229365,31.7811986676204,False,False,False,False,0.7885145318840316,0.8824026792627402,0.7885145318840316,False,both,min,none,none,0,moving_average,4,2.0,peak,12,-1,-1,12,False,0.8105260120386618,False,False,False,False,False,False,False,,,2.988505747126437
frame_000027.jpg,32.27048126614562,31.707271197032036,27,True,0.03606103981183087,0.006107308915306345,0.007857797632760663,0.1717151795487364,False,False,False,False,False,0.21000496232539523,0.12,0.18,False,False,True,True,True,32.27048126614562,31.707271197032036,32.27048126614562,31.707271197032036,False,False,False,False,0.8071699551024761,0.8665591944010734,0.8071699551024761,False,both,min,none,none,0,moving_average,4,2.0,peak,12,-1,-1,12,False,0.7952553488826251,False,False,False,False,False,False,False,,,3.1034482758620694
frame_000028.jpg,32.23545123500957,31.782337288928083,28,True,0.09471664315045886,0.01516730889056829,0.00549434493650629,0.45102097636959065,False,False,False,False,False,0.21000496232539523,0.12,0.18,False,False,True,True,True,32.23545123500957,31.782337288928083,32.23545123500957,31.782337288928083,False,False,False,False,0.7900815596613676,0.8826466985604093,0.7900815596613676,False,both,min,none,none,0,moving_average,4,2.0,peak,12,-1,-1,12,False,0.8058690653686577,False,False,False,False,False,False,False,,,3.218390804597701
frame_000029.jpg,32.297511094798544,31.84992751293343,29,True,0.055150762565269185,0.017381539387383023,0.008703086851735802,0.26261647322321385,False,False,False,False,False,0.21000496232539523,0.12,0.18,False,False,True,True,True,32.297511094798544,31.84992751293343,32.297511094798544,31.84992751293343,False,False,False,False,0.8203556813421294,0.8971320405084388,0.8203556813421294,False,both,min,none,none,0,moving_average,4,2.0,peak,12,-1,-1,12,False,0.810264307448542,False,False,False,False,False,False,False,,,3.3333333333333335
frame_000030.jpg,32.297511094798544,31.84992751293343,30,True,0.0,0.0,0.0,0.0,False,False,False,False,False,0.21000496232539523,0.12,0.18,False,False,True,True,True,32.297511094798544,31.84992751293343,32.297511094798544,31.84992751293343,False,False,False,False,0.8203556813421294,0.8971320405084388,0.8203556813421294,False,both,min,none,none,0,moving_average,4,2.0,peak,12,-1,-1,12,False,0.8345214405705379,False,False,False,False,False,False,False,,,3.4482758620689657
frame_000031.jpg,32.384627580699245,32.10851437952572,31,True,0.055189926231465056,0.035695880261560176,0.019592688657109357,0.2974656688463348,False,False,False,False,False,0.21000496232539523,0.12,0.18,False,False,True,True,True,32.384627580699245,32.10851437952572,32.384627580699245,32.10851437952572,False,False,False,False,0.862852959027355,0.952550101936413,0.862852959027355,False,both,min,none,none,0,moving_average,4,2.0,peak,12,-1,-1,12,False,0.8449527488386468,False,False,False,False,False,False,False,,,3.563218390804598
frame_000032.jpg,32.36166148059941,32.044654134334806,32,True,0.06560024651655944,0.026122297982151176,0.01796039905074715,0.31237474481633526,False,False,False,False,False,0.21000496232539523,0.12,0.18,False,False,True,True,True,32.36166148059941,32.044654134334806,32.36166148059941,32.044654134334806,False,False,False,False,0.8516496061464559,0.9388641362203909,0.8516496061464559,False,both,min,none,none,0,moving_average,4,2.0,peak,12,-1,-1,12,False,0.8566139552585655,True,False,False,False,False,False,False,1,,3.6781609195402303
frame_000033.jpg,32.36922509955367,32.01246047006213,33,True,0.11227854128512667,0.04098072558857935,0.026638494182806813,0.5346470866300533,False,False,False,False,False,0.21000496232539523,0.12,0.18,False,False,True,True,True,32.36922509955367,32.01246047006213,32.36922509955367,32.01246047006213,False,False,False,False,0.8553393006018856,0.9319646734295459,0.8553393006018856,False,both,min,none,none,0,moving_average,4,2.0,peak,12,-1,-1,12,False,0.8541136497972066,False,False,False,False,False,False,False,,,3.7931034482758625
frame_000034.jpg,32.36925121985901,32.12052814583821,34,True,0.04384444935760097,0.006317481221487593,0.004798772200897732,0.20877815872591407,False,False,False,False,False,0.21000496232539523,0.12,0.18,False,False,True,True,True,32.36925121985901,32.12052814583821,32.36925121985901,32.12052814583821,False,False,False,False,0.8553520426432787,0.9551247865994835,0.8553520426432787,False,both,min,none,none,0,moving_average,4,2.0,peak,12,-1,-1,12,False,0.8507817197088405,False,False,False,False,False,False,False,,,3.9080459770114944
frame_000035.jpg,32.34117080051054,32.11391794499577,35,True,0.03155313220288659,0.015016591028160269,0.0014638461351399353,0.1502494600770249,False,False,False,False,False,0.21000496232539523,0.12,0.18,False,False,True,True,True,32.34117080051054,32.11391794499577,32.34117080051054,32.11391794499577,False,False,False,False,0.8416538158813576,0.9537081465312349,0.8416538158813576,False,both,min,none,none,0,moving_average,4,2.0,peak,12,-1,-1,12,False,0.8478566785621203,False,False,False,False,False,False,False,,,4.022988505747127
frame_000036.jpg,32.351236702199984,32.064466797600346,36,True,0.022545021261564553,0.018854327457942265,0.0036352459162682267,0.1571193954828522,False,False,False,False,False,0.21000496232539523,0.12,0.18,False,False,True,True,True,32.351236702199984,32.064466797600346,32.351236702199984,32.064466797600346,False,False,False,False,0.846564177161725,0.9431102118404363,0.846564177161725,False,both,min,none,none,0,moving_average,4,2.0,peak,12,-1,-1,12,False,0.8449273900682691,False,False,False,False,False,False,False,,,4.137931034482759
frame_000037.jpg,32.351236702199984,32.064466797600346,37,True,0.0,0.0,0.0,0.0,False,False,False,False,False,0.21000496232539523,0.12,0.18,False,False,True,True,True,32.351236702199984,32.064466797600346,32.351236702199984,32.064466797600346,False,False,False,False,0.846564177161725,0.9431102118404363,0.846564177161725,False,both,min,none,none,0,moving_average,4,2.0,peak,12,-1,-1,12,False,0.8457701328005518,False,False,False,False,False,False,False,,,4.252873563218391
frame_000038.jpg,32.34635349380435,31.92154613647327,38,True,0.05812781989925528,0.02483004401489975,0.017648629127336578,0.2767926017347547,False,False,False,False,False,0.21000496232539523,0.12,0.18,False,False,True,True,True,32.34635349380435,31.92154613647327,32.34635349380435,31.92154613647327,False,False,False,False,0.8441820440782054,0.9124807135908024,0.8441820440782054,False,both,min,none,none,0,moving_average,4,2.0,peak,12,-1,-1,12,False,0.8374703565100676,False,False,False,False,False,False,False,,,4.367816091954023
frame_000039.jpg,32.30019479667762,31.840811849539513,39,True,0.020125598765127376,0.008379828779788706,0.003010141968825021,0.0958339200287252,False,False,False,False,False,0.21000496232539523,0.12,0.18,False,False,True,True,True,32.30019479667762,31.840811849539513,32.30019479667762,31.840811849539513,False,False,False,False,0.8216648482902724,0.8951784517567049,0.8216648482902724,False,both,min,none,none,0,moving_average,4,2.0,peak,12,-1,-1,12,False,0.8285091319434229,False,False,False,False,False,False,False,,,4.482758620689656
frame_000040.jpg,32.296127026747676,31.813091462957665,40,True,0.013409847524200115,0.0028045562418961946,0.02530255861892889,0.1405697701051605,False,False,False,False,False,0.21000496232539523,0.12,0.18,False,False,True,True,True,32.296127026747676,31.813091462957665,32.296127026747676,31.813091462957665,False,False,False,False,0.8196805034617909,0.8892376624712918,0.8196805034617909,False,both,min,none,none,0,moving_average,4,2.0,peak,12,-1,-1,12,False,0.819971226000174,False,False,False,False,False,False,False,,,4.597701149425288
frame_000041.jpg,32.29384714022784,31.78853766900643,41,True,0.12545287206524694,0.09903526489625569,0.018482457437070828,0.8252938741354642,False,False,False,False,False,0.21000496232539523,0.12,0.18,False,False,True,True,True,32.29384714022784,31.78853766900643,32.29384714022784,31.78853766900643,False,False,False,False,0.818568326248459,0.8839755094493258,0.818568326248459,False,both,min,none,none,0,moving_average,4,2.0,peak,12,-1,-1,12,False,0.8189390519862362,False,False,False,False,False,False,False,,,4.71264367816092
frame_000042.jpg,32.29384714022784,31.78853766900643,42,True,0.0,0.0,0.0,0.0,False,False,False,False,False,0.21000496232539523,0.12,0.18,False,False,True,True,True,32.29384714022784,31.78853766900643,32.29384714022784,31.78853766900643,False,False,False,False,0.818568326248459,0.8839755094493258,0.818568326248459,False,both,min,none,none,0,moving_average,4,2.0,peak,12,-1,-1,12,False,0.8265422577277267,False,False,False,False,False,False,False,,,4.8275862068965525
frame_000043.jpg,32.34288516763506,31.728666097409803,43,True,0.14778172076693036,0.0,0.0,0.703705851188163,False,False,False,False,False,0.21000496232539523,0.12,0.18,False,False,True,True,True,32.34288516763506,31.728666097409803,32.34288516763506,31.728666097409803,False,False,False,False,0.8424901206862624,0.8711443611537606,0.8424901206862624,False,both,min,none,none,0,moving_average,4,2.0,peak,12,-1,-1,12,False,0.8418703478971976,False,False,False,False,False,False,False,,,4.942528735632185
frame_000044.jpg,32.39607189666774,31.697908188223074,44,True,0.1109912691397819,0.0,0.0,0.528517364117353,False,False,False,False,False,0.21000496232539523,0.12,0.18,False,False,True,True,True,32.39607189666774,31.697908188223074,32.39607189666774,31.697908188223074,False,False,False,False,0.8684357401577261,0.8645525967568715,0.8645525967568715,False,both,min,none,none,0,moving_average,4,2.0,peak,12,-1,-1,12,False,0.8692492166414338,False,False,False,False,False,False,False,,,5.057471264367816
frame_000045.jpg,32.462221513565424,31.907181821683253,45,True,0.07641885441420514,0.0,0.0,0.3638907079528761,False,False,False,False,False,0.21000496232539523,0.12,0.18,False,False,True,True,True,32.462221513565424,31.907181821683253,32.462221513565424,31.907181821683253,False,False,False,False,0.9007049324811676,0.9094022800651775,0.9007049324811676,False,both,min,none,none,0,moving_average,4,2.0,peak,12,-1,-1,12,False,0.8813660141975989,False,False,False,False,False,False,False,,,5.172413793103448
frame_000046.jpg,32.417400963537226,32.06668799759209,46,True,0.08092898640340603,0.0,0.0,0.3853670194612327,False,False,False,False,False,0.21000496232539523,0.12,0.18,False,False,True,True,True,32.417400963537226,32.06668799759209,32.417400963537226,32.06668799759209,False,False,False,False,0.8788405133547578,0.943586239873911,0.8788405133547578,False,both,min,none,none,0,moving_average,4,2.0,peak,12,-1,-1,12,False,0.8911237076181993,True,False,False,False,False,False,False,2,,5.287356321839081
frame_000047.jpg,32.44811951470459,32.105184027638074,47,True,0.010917627365713306,0.0,0.0,0.051987473271211705,False,False,False,False,False,0.21000496232539523,0.12,0.18,False,False,True,True,True,32.44811951470459,32.105184027638074,32.44811951470459,32.105184027638074,False,False,False,False,0.8938256770186727,0.9518363702302416,0.8938256770186727,False,both,min,none,none,0,moving_average,4,2.0,peak,12,-1,-1,12,False,0.8889446167512589,False,False,False,False,False,False,False,,,5.402298850574713
frame_000048.jpg,32.44882055596582,32.181590833752765,48,True,0.02432478803902208,0.0,0.0,0.11582958692819689,False,False,False,False,False,0.21000496232539523,0.12,0.18,False,False,True,True,True,32.44882055596582,32.181590833752765,32.44882055596582,32.181590833752765,False,False,False,False,0.8941676598803467,0.9682112044613062,0.8941676598803467,False,both,min,none,none,0,moving_average,4,2.0,peak,12,-1,-1,12,False,0.8910449926748212,False,False,False,False,False,False,False,,,5.517241379310345
frame_000049.jpg,32.43031784053484,32.23463050408611,49,True,0.024324788039023222,0.0,0.0,0.11582958692820233,False,False,False,False,False,0.21000496232539523,0.12,0.18,False,False,True,True,True,32.43031784053484,32.23463050408611,32.43031784053484,32.23463050408611,False,False,False,False,0.8851416411254444,0.9795781998056111,0.8851416411254444,False,both,min,none,none,0,moving_average,4,2.0,peak,12,-1,-1,12,False,0.8830447791383227,False,False,False,False,False,False,False,,,5.6321839080459775
frame_000050.jpg,32.398919858087716,32.284507336606005,50,True,0.02432478803902208,0.0,0.0,0.11582958692819689,False,False,False,False,False,0.21000496232539523,0.12,0.18,False,False,True,True,True,32.398919858087716,32.284507336606005,32.398919858087716,32.284507336606005,False,False,False,False,0.8698250364091772,0.990267363585836,0.8698250364091772,False,both,min,none,none,0,moving_average,4,2.0,peak,12,-1,-1,12,False,0.8850598849922328,False,False,False,False,False,False,False,,,5.74712643678161
frame_000051.jpg,32.46121303969225,32.29747309466373,51,True,0.02832515006894298,0.0,0.0,0.13487847980017809,False,False,False,False,False,0.21000496232539523,0.12,0.18,False,False,True,True,True,32.46121303969225,32.29747309466373,32.46121303969225,32.29747309466373,False,False,False,False,0.9002129774420768,0.9930460707412776,0.9002129774420768,False,both,min,none,none,0,moving_average,4,2.0,peak,12,-1,-1,12,False,0.8689637649975793,False,False,False,False,False,False,False,,,5.862068965517242
frame_000052.jpg,32.331330035648385,31.97814964514659,52,True,0.025405303278315798,0.0,0.0,0.1209747760100601,False,False,False,False,False,0.21000496232539523,0.12,0.18,False,False,True,True,True,32.331330035648385,31.97814964514659,32.331330035648385,31.97814964514659,False,False,False,False,0.8368532811414843,0.9246114794028292,0.8368532811414843,False,both,min,none,none,0,moving_average,4,2.0,peak,12,-1,-1,12,False,0.8579731799083484,False,False,False,False,False,False,False,,,5.977011494252874
frame_000053.jpg,32.331330035648385,31.97814964514659,53,True,0.0,0.0,0.0,0.0,False,False,False,False,False,0.21000496232539523,0.12,0.18,False,False,True,True,True,32.331330035648385,31.97814964514659,32.331330035648385,31.97814964514659,False,False,False,False,0.8368532811414843,0.9246114794028292,0.8368532811414843,False,both,min,none,none,0,moving_average,4,2.0,peak,12,-1,-1,12,False,0.797693216819376,False,False,False,False,False,False,False,,,6.0919540229885065
frame_000054.jpg,32.090503749080845,31.796612305134186,54,True,0.11222665427371782,0.0,0.0,0.5344000114617606,False,False,False,False,False,0.21000496232539523,0.12,0.18,False,False,True,True,True,32.090503749080845,31.796612305134186,32.090503749080845,31.796612305134186,False,False,False,False,0.7193730881751597,0.8857059943994452,0.7193730881751597,False,both,min,none,none,0,moving_average,4,2.0,peak,12,-1,-1,12,False,0.7514945250856082,False,False,False,False,False,False,False,,,6.206896551724139
frame_000055.jpg,32.04721764801268,31.826022686486084,55,True,0.06690963239284191,0.022169592363495808,0.048239079878808974,0.3186097683214162,False,False,False,False,False,0.21000496232539523,0.12,0.18,False,False,True,True,True,32.04721764801268,31.826022686486084,32.04721764801268,31.826022686486084,False,False,False,False,0.6982572059401806,0.8920089684903506,0.6982572059401806,False,both,min,none,none,0,moving_average,4,2.0,peak,12,-1,-1,12,False,0.7447996583285683,False,False,False,False,False,False,False,,,6.321839080459771
frame_000056.jpg,32.2901579914224,31.86497891574564,56,True,0.042247208426515304,0.02216959236349587,0.048239079878808974,0.2679948882156054,False,False,False,False,False,0.21000496232539523,0.12,0.18,False,False,True,True,True,32.2901579914224,31.86497891574564,32.2901579914224,31.86497891574564,False,False,False,False,0.8167686808703649,0.9003577246919254,0.8167686808703649,False,both,min,none,none,0,moving_average,4,2.0,peak,12,-1,-1,12,False,0.7772648558936368,False,False,False,False,False,False,False,,,6.436781609195402
frame_000057.jpg,32.2901579914224,31.86497891574564,57,True,0.0,0.0,0.0,0.0,False,False,False,False,False,0.21000496232539523,0.12,0.18,False,False,True,True,True,32.2901579914224,31.86497891574564,32.2901579914224,31.86497891574564,False,False,False,False,0.8167686808703649,0.9003577246919254,0.8167686808703649,False,both,min,none,none,0,moving_average,4,2.0,peak,12,-1,-1,12,False,0.8200181766826681,False,False,False,False,False,False,False,,,6.551724137931035
frame_000058.jpg,32.31014171778344,31.855505481826718,58,True,0.03658288976827162,0.0,0.0,0.17420012062185336,False,False,False,False,False,0.21000496232539523,0.12,0.18,False,False,True,True,True,32.31014171778344,31.855505481826718,32.31014171778344,31.855505481826718,False,False,False,False,0.8265171683072745,0.8983274617100072,0.8265171683072745,False,both,min,none,none,0,moving_average,4,2.0,peak,12,-1,-1,12,False,0.8266111351402767,False,False,False,False,False,False,False,,,6.666666666666667
frame_000059.jpg,32.3307033207094,31.981156455880406,59,True,0.019817445369624362,0.0,0.0,0.09436655758123437,False,False,False,False,False,0.21000496232539523,0.12,0.18,False,False,True,True,True,32.3307033207094,31.981156455880406,32.3307033207094,31.981156455880406,False,False,False,False,0.8365475562431909,0.9252558726163932,0.8365475562431909,False,both,min,none,none,0,moving_average,4,2.0,peak,12,-1,-1,12,False,0.8270777459090362,False,False,False,False,False,False,False,,,6.781609195402299
frame_000060.jpg,32.29302755102752,32.09578921814842,60,True,0.04107778559412178,0.0,0.0,0.1956038806857964,False,False,False,False,False,0.21000496232539523,0.12,0.18,False,False,True,True,True,32.29302755102752,32.09578921814842,32.29302755102752,32.09578921814842,False,False,False,False,0.8181685131766432,0.9498229573440304,0.8181685131766432,False,both,min,none,none,0,moving_average,4,2.0,peak,12,-1,-1,12,False,0.8355014054202139,False,False,False,False,False,False,False,,,6.8965517241379315
frame_000061.jpg,32.361945479460125,32.26188092682603,61,True,0.037583943089461606,0.0,0.0,0.17896692855870053,False,False,False,False,False,0.21000496232539523,0.12,0.18,False,False,True,True,True,32.361945479460125,32.26188092682603,32.361945479460125,32.26188092682603,False,False,False,False,0.8517881468408075,0.9854182705765683,0.8517881468408075,False,both,min,none,none,0,moving_average,4,2.0,peak,12,-1,-1,12,False,0.8633011451240116,False,False,False,False,False,False,False,,,7.011494252873564
frame_000062.jpg,32.50166596329704,32.329807876033186,62,True,0.1016444356315383,0.0,0.0,0.4840096848475602,False,False,False,False,False,0.21000496232539523,0.12,0.18,False,False,True,True,True,32.50166596329704,32.329807876033186,32.50166596329704,32.329807876033186,False,False,False,False,0.9199467753545845,0.9999757765063347,0.9199467753545845,False,both,min,none,none,0,moving_average,4,2.0,peak,12,-1,-1,12,False,0.9017708695739697,False,False,False,False,False,False,False,,,7.126436781609196
frame_000063.jpg,32.52960839033246,32.27634484657492,63,True,0.08106990294023235,0.0,0.0,0.3860380347328051,False,False,False,False,False,0.21000496232539523,0.12,0.18,False,False,True,True,True,32.52960839033246,32.27634484657492,32.52960839033246,32.27634484657492,False,False,False,False,0.9335776865265172,0.9885180505603567,0.9335776865265172,False,both,min,none,none,0,moving_average,4,2.0,peak,12,-1,-1,12,False,0.94561501045486,False,False,False,False,False,False,False,,,7.241379310344828
frame_000064.jpg,32.631577866915826,32.32992090556117,64,True,0.03812448892963609,0.0,0.0,0.18154089554590405,False,False,False,False,False,0.21000496232539523,0.12,0.18,False,False,True,True,True,32.631577866915826,32.32992090556117,32.631577866915826,32.32992090556117,False,False,False,False,0.9833205694834781,1.0,0.9833205694834781,False,both,min,none,none,0,moving_average,4,2.0,peak,12,-1,-1,12,False,0.9672119693994118,True,False,False,False,False,False,False,3,,7.356321839080461
frame_000065.jpg,32.63448278864714,32.26017156752926,65,True,0.08790609949075781,0.0,0.0,0.4185905824194308,False,False,False,False,True,0.21000496232539523,0.12,0.18,False,False,True,True,True,32.63448278864714,32.26017156752926,32.63448278864714,32.26017156752926,False,False,True,True,0.98473765218824,0.9850519357361367,0.98473765218824,False,both,min,none,none,0,moving_average,4,2.0,peak,12,-1,-1,12,False,0.8469521620729683,False,False,False,False,False,False,False,,,7.471264367816093
frame_000066.jpg,32.24182635867182,30.336549875845403,66,True,0.34155206044903397,0.0,0.0,1.6263999510631144,True,False,False,True,True,0.21000496232539523,0.12,0.18,False,False,True,True,True,32.24182635867182,30.336549875845403,32.24182635867182,30.336549875845403,False,False,True,True,0.7931914807945639,0.5727982645471866,0.5727982645471866,False,both,min,none,none,0,moving_average,4,2.0,peak,12,-1,-1,12,False,0.7720698781992691,False,False,False,False,False,False,False,,,7.586206896551725
frame_000067.jpg,32.24259391242707,31.2038655092453,67,True,0.16725993913324633,0.0,0.0,0.7964570802573846,False,False,False,False,True,0.21000496232539523,0.12,0.18,False,False,True,True,True,32.24259391242707,31.2038655092453,32.24259391242707,31.2038655092453,False,False,True,True,0.7935659098677499,0.7586737178623805,0.7586737178623805,False,both,min,none,none,0,moving_average,4,2.0,peak,12,-1,-1,12,False,0.6222667309443729,False,False,False,False,False,False,False,,,7.701149425287357
frame_000068.jpg,32.527732893882074,30.161710416701432,68,True,0.38006288493384194,0.0,0.0,1.8097804962577408,True,False,False,True,True,0.21000496232539523,0.12,0.18,False,False,True,True,True,32.527732893882074,30.161710416701432,32.527732893882074,30.161710416701432,False,False,True,True,0.9326627794038784,0.5353282104235516,0.5353282104235516,False,both,min,none,none,0,moving_average,4,2.0,peak,12,-1,-1,12,False,0.6753823390255149,False,False,False,False,False,False,False,,,7.816091954022989
frame_000069.jpg,32.32557070487884,31.080079961900356,69,True,0.2716543128714259,0.0,0.0,1.2935613990421198,True,False,False,True,True,0.21000496232539523,0.12,0.18,False,False,True,True,True,32.32557070487884,31.080079961900356,32.32557070487884,31.080079961900356,False,False,True,True,0.8340437568997316,0.732145088790613,0.732145088790613,False,both,min,none,none,0,moving_average,4,2.0,peak,12,-1,-1,12,False,0.544515281203157,False,False,False,False,False,False,False,,,7.931034482758621
frame_000070.jpg,,,70,False,,,,0.0,False,False,False,False,True,0.21000496232539523,0.12,0.18,True,True,False,False,False,,,32.23824877509852,29.371944567744066,True,True,False,False,0.7914462593134074,0.3660725443953061,0.3660725443953061,False,missing,min,none,none,0,moving_average,4,2.0,peak,12,-1,-1,12,False,0.36607254439530634,False,False,False,False,False,False,False,,,8.045977011494253
frame_000071.jpg,32.150926845318196,27.66380917358778,71,True,,,,0.0,False,False,False,False,False,0.21000496232539523,0.12,0.18,False,False,True,True,True,32.150926845318196,27.66380917358778,32.150926845318196,27.66380917358778,False,False,False,False,0.748848761727083,0.0,0.0,False,both,min,none,none,0,moving_average,4,2.0,peak,12,-1,-1,12,False,0.13458212306436496,False,False,False,False,False,False,False,,,8.160919540229886
frame_000072.jpg,,,72,False,,,,0.0,False,False,False,False,False,0.21000496232539523,0.12,0.18,True,True,False,False,False,,,32.04127768298838,27.83959944946505,True,True,False,False,0.6953595644608618,0.0376738247977888,0.0376738247977888,False,missing,min,none,none,0,moving_average,4,2.0,peak,12,-1,-1,12,False,0.03767382479778905,False,False,False,False,False,False,False,,,8.275862068965518
frame_000073.jpg,,,73,False,,,,0.0,False,False,False,False,False,0.21000496232539523,0.12,0.18,True,True,False,False,False,,,31.931628520658567,28.015389725342327,True,True,False,False,0.6418703671946422,0.07534764959557835,0.07534764959557835,False,missing,min,none,none,0,moving_average,4,2.0,peak,12,-1,-1,12,False,0.0753476495955781,False,False,False,False,False,False,False,,,8.39080459770115
frame_000074.jpg,,,74,False,,,,0.0,False,False,False,False,False,0.21000496232539523,0.12,0.18,True,True,False,False,False,,,31.821979358328754,28.1911800012196,True,True,False,False,0.5883811699284226,0.11302147439336716,0.11302147439336716,False,missing,min,none,none,0,moving_average,4,2.0,peak,12,-1,-1,12,False,0.1130214743933674,False,False,False,False,False,False,False,,,8.505747126436782
frame_000075.jpg,,,75,False,,,,0.0,False,False,False,False,False,0.21000496232539523,0.12,0.18,True,True,False,False,False,,,31.71233019599894,28.366970277096875,True,True,False,False,0.5348919726622029,0.1506952991911567,0.1506952991911567,False,missing,min,none,none,0,moving_average,4,2.0,peak,12,-1,-1,12,False,0.15069529919115646,False,False,False,False,False,False,False,,,8.620689655172415
frame_000076.jpg,,,76,False,,,,0.0,False,False,False,False,False,0.21000496232539523,0.12,0.18,True,True,False,False,False,,,31.602681033669125,28.542760552974148,True,True,False,False,0.4814027753959816,0.1883691239889455,0.1883691239889455,False,missing,min,none,none,0,moving_average,4,2.0,peak,12,-1,-1,12,False,0.18836912398894576,False,False,False,False,False,False,False,,,8.735632183908047
frame_000077.jpg,,,77,False,,,,0.0,False,False,False,False,False,0.21000496232539523,0.12,0.18,True,True,False,False,False,,,31.493031871339312,28.718550828851424,True,True,False,False,0.427913578129762,0.2260429487867351,0.2260429487867351,False,missing,min,none,none,0,moving_average,4,2.0,peak,12,-1,-1,12,False,0.2260429487867348,False,False,False,False,False,False,False,,,8.85057471264368
frame_000078.jpg,,,78,False,,,,0.0,False,False,False,False,False,0.21000496232539523,0.12,0.18,True,True,False,False,False,,,31.383382709009496,28.894341104728696,True,True,False,False,0.3744243808635407,0.2637167735845239,0.2637167735845239,False,missing,min,none,none,0,moving_average,4,2.0,peak,12,-1,-1,12,False,0.26371677358452383,False,False,False,False,False,False,False,,,8.965517241379311
frame_000079.jpg,,,79,False,,,,0.0,False,False,False,False,False,0.21000496232539523,0.12,0.18,True,True,False,False,False,,,31.273733546679683,29.070131380605968,True,True,False,False,0.3209351835973211,0.3013905983823127,0.3013905983823127,False,missing,min,none,none,0,moving_average,4,2.0,peak,12,-1,-1,12,False,0.27751778609931266,False,True,False,False,False,False,False,,,9.080459770114944
frame_000080.jpg,,,80,False,,,,0.0,False,False,False,False,False,0.21000496232539523,0.12,0.18,True,True,False,False,False,,,31.16408438434987,29.245921656483244,True,True,False,False,0.26744598633110145,0.3390644231801022,0.26744598633110145,False,missing,min,none,none,0,moving_average,4,2.0,peak,12,-1,-1,12,False,0.26093112459276474,False,False,False,False,False,False,False,,,9.195402298850576
frame_000081.jpg,,,81,False,,,,0.0,False,False,False,False,False,0.21000496232539523,0.12,0.18,True,True,False,False,False,,,31.054435222020054,29.421711932360516,True,True,False,False,0.21395678906488014,0.376738247977891,0.21395678906488014,False,missing,min,none,none,0,moving_average,4,2.0,peak,12,-1,-1,12,False,0.2139567890648807,False,False,False,False,False,False,False,,,9.310344827586208
frame_000082.jpg,,,82,False,,,,0.0,False,False,False,False,False,0.21000496232539523,0.12,0.18,True,True,False,False,False,,,30.94478605969024,29.597502208237792,True,True,False,False,0.16046759179866055,0.4144120727756806,0.16046759179866055,False,missing,min,none,none,0,moving_average,4,2.0,peak,12,-1,-1,12,False,0.16046759179866052,False,False,False,False,False,False,False,,,9.42528735632184
frame_000083.jpg,,,83,False,,,,0.0,False,False,False,False,False,0.21000496232539523,0.12,0.18,True,True,False,False,False,,,30.835136897360428,29.773292484115064,True,True,False,False,0.10697839453244093,0.4520858975734694,0.10697839453244093,False,missing,min,none,none,0,moving_average,4,2.0,peak,12,-1,-1,12,False,0.10697839453244035,False,False,False,False,False,False,False,,,9.540229885057473
frame_000084.jpg,,,84,False,,,,0.0,False,False,False,False,False,0.21000496232539523,0.12,0.18,True,True,False,False,False,,,30.72548773503061,29.94908275999234,True,True,False,False,0.053489197266219604,0.489759722371259,0.053489197266219604,False,missing,min,none,none,0,moving_average,4,2.0,peak,12,-1,-1,12,False,0.05348919726622017,False,False,False,False,False,False,False,,,9.655172413793105
frame_000085.jpg,30.6158385727008,30.124873035869612,85,True,,,,0.0,False,False,False,False,True,0.21000496232539523,0.12,0.18,False,False,True,True,True,30.6158385727008,30.124873035869612,30.6158385727008,30.124873035869612,False,False,True,True,0.0,0.5274335471690478,0.0,False,both,min,none,none,0,moving_average,4,2.0,peak,12,-1,-1,12,False,0.08648563885425559,False,False,False,False,False,False,False,,,9.770114942528737
frame_000086.jpg,31.038058180436643,30.43378784392355,86,True,0.8942503254974893,0.0,0.0,4.25823426073085,True,False,False,True,True,0.21000496232539523,0.12,0.18,False,False,True,True,True,31.038058180436643,30.43378784392355,31.038058180436643,30.43378784392355,False,False,True,True,0.20596771929654717,0.5936374500754388,0.20596771929654717,False,both,min,none,none,0,moving_average,4,2.0,peak,12,-1,-1,12,False,0.13109663032479474,False,False,False,False,False,False,False,,,9.88505747126437
frame_000087.jpg,30.999836094818182,29.925496471797338,87,True,0.414493309312088,0.10761719225379021,0.014589730608646469,1.973731023888118,True,False,False,True,True,0.21000496232539523,0.12,0.18,False,False,True,True,True,30.999836094818182,29.925496471797338,30.999836094818182,29.925496471797338,False,False,True,True,0.1873221716778371,0.48470491666796156,0.1873221716778371,False,both,min,none,none,0,moving_average,4,2.0,peak,12,-1,-1,12,False,0.231780076996363,False,False,False,False,False,False,False,,,10.0
frame_000088.jpg,31.235020920852502,30.620506252367157,88,True,0.27500977861706394,0.10761719225379025,0.014589730608646469,1.309539429791883,True,False,False,True,True,0.21000496232539523,0.12,0.18,False,False,True,True,True,31.235020920852502,30.620506252367157,31.235020920852502,30.620506252367157,False,False,True,True,0.3020503400147048,0.6336532960664734,0.3020503400147048,False,both,min,none,none,0,moving_average,4,2.0,peak,12,-1,-1,12,False,0.31418108025132363,False,False,False,False,False,False,False,,,10.114942528735632
frame_000089.jpg,31.544807287386618,31.443835580857495,89,True,0.2787791922720456,0.0,0.0,1.3274885944841968,True,False,False,True,True,0.21000496232539523,0.12,0.18,False,False,True,True,True,31.544807287386618,31.443835580857495,31.544807287386618,31.443835580857495,False,False,True,True,0.4531707290614291,0.810101991636422,0.4531707290614291,False,both,min,none,none,0,moving_average,4,2.0,peak,12,-1,-1,12,False,0.4027972660458543,False,False,False,False,False,False,False,,,10.229885057471265
frame_000090.jpg,31.544807287386618,31.443835580857495,90,True,0.0,0.0,0.0,0.0,False,False,False,False,True,0.21000496232539523,0.12,0.18,False,False,True,True,True,31.544807287386618,31.443835580857495,31.544807287386618,31.443835580857495,False,False,True,True,0.4531707290614291,0.810101991636422,0.4531707290614291,False,both,min,none,none,0,moving_average,4,2.0,peak,12,-1,-1,12,False,0.49718417015951827,False,False,False,False,False,False,False,,,10.344827586206897
frame_000091.jpg,31.815480836120496,31.32939571768356,91,True,0.03692019544250696,0.0,0.0,0.1758063001639953,False,False,False,False,False,0.21000496232539523,0.12,0.18,False,False,True,True,True,31.815480836120496,31.32939571768356,31.815480836120496,31.32939571768356,False,False,False,False,0.5852110523556967,0.7855762473449247,0.5852110523556967,False,both,min,none,none,0,moving_average,4,2.0,peak,12,-1,-1,12,False,0.5353628111538534,False,False,False,False,False,False,False,,,10.459770114942529
frame_000092.jpg,31.779598023715163,31.42208840803795,92,True,0.018410185953572737,0.0,0.0,0.08766548061396191,False,False,False,False,False,0.21000496232539523,0.12,0.18,False,False,True,True,True,31.779598023715163,31.42208840803795,31.779598023715163,31.42208840803795,False,False,False,False,0.5677066520444345,0.805441328954359,0.5677066520444345,False,both,min,none,none,0,moving_average,4,2.0,peak,12,-1,-1,12,False,0.5380845114702979,False,False,False,False,False,False,False,,,10.574712643678161
frame_000093.jpg,31.561545180740612,31.186329917389298,93,True,0.027504939945709194,0.0,0.0,0.13097280960004776,False,False,False,False,False,0.21000496232539523,0.12,0.18,False,False,True,True,True,31.561545180740612,31.186329917389298,31.561545180740612,31.186329917389298,False,False,False,False,0.46133583001076234,0.7549156441463474,0.46133583001076234,False,both,min,none,none,0,moving_average,4,2.0,peak,12,-1,-1,12,False,0.5089650524390892,False,False,False,False,False,False,False,,,10.689655172413794
frame_000094.jpg,31.636402192948236,31.30721459311098,94,True,0.1304864083712757,0.0,0.0,0.6213491668310754,False,False,False,False,False,0.21000496232539523,0.12,0.18,False,False,True,True,True,31.636402192948236,31.30721459311098,31.636402192948236,31.30721459311098,False,False,False,False,0.49785267526207067,0.7808225839423558,0.49785267526207067,False,both,min,none,none,0,moving_average,4,2.0,peak,12,-1,-1,12,False,0.523593611800185,False,False,False,False,False,False,False,,,10.804597701149426
frame_000095.jpg,31.869560634598226,31.422393313391183,95,True,0.10772726461345367,0.0,0.0,0.5129748526919764,False,False,False,False,False,0.21000496232539523,0.12,0.18,False,False,True,True,True,31.869560634598226,31.422393313391183,31.869560634598226,31.422393313391183,False,False,False,False,0.6115923301277222,0.8055066735861952,0.6115923301277222,False,both,min,none,none,0,moving_average,4,2.0,peak,12,-1,-1,12,False,0.5632546621050365,False,False,False,False,False,False,False,,,10.919540229885058
frame_000096.jpg,31.80545242736108,31.350525877642266,96,True,0.013537961250985555,0.0,0.0,0.06446495883277732,False,False,False,False,False,0.21000496232539523,0.12,0.18,False,False,True,True,True,31.80545242736108,31.350525877642266,31.80545242736108,31.350525877642266,False,False,False,False,0.5803189809253168,0.7901046772609759,0.5803189809253168,False,both,min,none,none,0,moving_average,4,2.0,peak,12,-1,-1,12,False,0.5907434306594519,False,False,False,False,False,False,False,,,11.03448275862069
frame_000097.jpg,31.80545242736108,31.350525877642266,97,True,0.0,0.0,0.0,0.0,False,False,False,False,False,0.21000496232539523,0.12,0.18,False,False,True,True,True,31.80545242736108,31.350525877642266,31.80545242736108,31.350525877642266,False,False,False,False,0.5803189809253168,0.7901046772609759,0.5803189809253168,False,both,min,none,none,0,moving_average,4,2.0,peak,12,-1,-1,12,False,0.5938130241293702,False,False,False,False,False,False,False,,,11.149425287356323
frame_000098.jpg,31.888437998806616,31.399076084816027,98,True,0.017181122862074225,0.0,0.0,0.08181293752217476,False,False,False,False,False,0.21000496232539523,0.12,0.18,False,False,True,True,True,31.888437998806616,31.399076084816027,31.888437998806616,31.399076084816027,False,False,False,False,0.6208011105374771,0.8005095303726326,0.6208011105374771,False,both,min,none,none,0,moving_average,4,2.0,peak,12,-1,-1,12,False,0.6098189568244976,False,False,False,False,False,False,False,,,11.264367816091955
frame_000099.jpg,31.903885599030854,31.407989305542326,99,True,0.0180384763213161,0.0,0.0,0.08589547657148273,False,False,False,False,False,0.21000496232539523,0.12,0.18,False,False,True,True,True,31.903885599030854,31.407989305542326,31.903885599030854,31.407989305542326,False,False,False,False,0.6283367790106992,0.8024197333935383,0.6283367790106992,False,both,min,none,none,0,moving_average,4,2.0,peak,12,-1,-1,12,False,0.6177920958517025,False,False,False,False,False,False,False,,,11.379310344827587
frame_000100.jpg,31.854485581352208,31.369519438222788,100,True,0.005062741275781238,0.0,0.0,0.024107722121045408,False,False,False,False,False,0.21000496232539523,0.12,0.18,False,False,True,True,True,31.854485581352208,31.369519438222788,31.854485581352208,31.369519438222788,False,False,False,False,0.604238398006931,0.7941752100024817,0.604238398006931,False,both,min,none,none,0,moving_average,4,2.0,peak,12,-1,-1,12,False,0.6144820487084681,False,False,False,False,False,False,False,,,11.49425287356322
frame_000101.jpg,31.86808189429893,31.37286642395604,101,True,0.010255804652586728,0.0,0.0,0.04883601101147183,False,False,False,False,False,0.21000496232539523,0.12,0.18,False,False,True,True,True,31.86808189429893,31.37286642395604,31.86808189429893,31.37286642395604,False,False,False,False,0.6108709691077744,0.7948925065280488,0.6108709691077744,False,both,min,none,none,0,moving_average,4,2.0,peak,12,-1,-1,12,False,0.6033869595108403,False,False,False,False,False,False,False,,,11.609195402298852
frame_000102.jpg,31.83565309796492,31.31359637842411,102,True,0.020618900929138293,0.0,0.0,0.09818292244537555,False,False,False,False,False,0.21000496232539523,0.12,0.18,False,False,True,True,True,31.83565309796492,31.31359637842411,31.83565309796492,31.31359637842411,False,False,False,False,0.5950515114178155,0.782190272004645,0.5950515114178155,False,both,min,none,none,0,moving_average,4,2.0,peak,12,-1,-1,12,False,0.6034962042584842,False,False,False,False,False,False,False,,,11.724137931034484
frame_000103.jpg,31.85515741392852,31.42671313263656,103,True,0.0077275741529594846,0.0,0.0,0.03679710263696476,False,False,False,False,False,0.21000496232539523,0.12,0.18,False,False,True,True,True,31.85515741392852,31.42671313263656,31.85515741392852,31.42671313263656,False,False,False,False,0.6045661322498627,0.8064324592281843,0.6045661322498627,False,both,min,none,none,0,moving_average,4,2.0,peak,12,-1,-1,12,False,0.6050996120964606,False,False,False,False,False,False,False,,,11.839080459770116
frame_000104.jpg,31.877942520479134,31.486450271535315,104,True,0.0049944673599261824,0.0,0.0,0.02378261591832022,False,False,False,False,False,0.21000496232539523,0.12,0.18,False,False,True,True,True,31.877942520479134,31.486450271535315,31.877942520479134,31.486450271535315,False,False,False,False,0.6156811926217035,0.819234797091082,0.6156811926217035,False,both,min,none,none,0,moving_average,4,2.0,peak,12,-1,-1,12,False,0.612476216379329,False,False,False,False,False,False,False,,,11.954022988505749
frame_000105.jpg,31.881017686804945,31.499382325303273,105,True,0.017078154566047114,0.0,0.0,0.08132262388916849,False,False,False,False,False,0.21000496232539523,0.12,0.18,False,False,True,True,True,31.881017686804945,31.499382325303273,31.881017686804945,31.499382325303273,False,False,False,False,0.6171813242664211,0.822006281039772,0.6171813242664211,False,both,min,none,none,0,moving_average,4,2.0,peak,12,-1,-1,12,False,0.6275669033474447,False,False,False,False,False,False,False,,,12.06896551724138
frame_000106.jpg,31.94796201390035,31.263818612608006,106,True,0.024916586865448558,0.0,0.0,0.11864760998762111,False,False,False,False,False,0.21000496232539523,0.12,0.18,False,False,True,True,True,31.94796201390035,31.263818612608006,31.94796201390035,31.263818612608006,False,False,False,False,0.6498381931542094,0.7715223393284913,0.6498381931542094,False,both,min,none,none,0,moving_average,4,2.0,peak,12,-1,-1,12,False,0.6373227687320777,False,False,False,False,False,False,False,,,12.183908045977013
frame_000107.jpg,31.937939072412977,31.245481268474165,107,True,0.017808154166559984,0.0,0.0,0.08479873032222392,False,False,False,False,False,0.21000496232539523,0.12,0.18,False,False,True,True,True,31.937939072412977,31.245481268474165,31.937939072412977,31.245481268474165,False,False,False,False,0.6449487887756026,0.7675924411204849,0.6449487887756026,False,both,min,none,none,0,moving_average,4,2.0,peak,12,-1,-1,12,False,0.6366371227773604,False,False,False,False,False,False,False,,,12.298850574712645
frame_000108.jpg,31.876801106162574,31.212929115986057,108,True,0.009798972490439872,0.0,0.0,0.04666067116669707,False,False,False,False,False,0.21000496232539523,0.12,0.18,False,False,True,True,True,31.876801106162574,31.212929115986057,31.876801106162574,31.212929115986057,False,False,False,False,0.6151243864022694,0.760616150290359,0.6151243864022694,False,both,min,none,none,0,moving_average,4,2.0,peak,12,-1,-1,12,False,0.616812133218225,False,False,False,False,False,False,False,,,12.413793103448278
frame_000109.jpg,31.82604243334258,31.597360649309163,109,True,0.03177433757230441,0.0,0.0,0.15130279408860448,False,False,False,False,False,0.21000496232539523,0.12,0.18,False,False,True,True,True,31.82604243334258,31.597360649309163,31.82604243334258,31.597360649309163,False,False,False,False,0.5903632244768031,0.8430041331345938,0.5903632244768031,False,both,min,none,none,0,moving_average,4,2.0,peak,12,-1,-1,12,False,0.6223610013906373,False,False,False,False,False,False,False,,,12.52873563218391
frame_000110.jpg,31.972063462649498,31.588541939696288,110,True,0.03611480942109126,0.0,0.0,0.17197121925686995,False,False,False,False,False,0.21000496232539523,0.12,0.18,False,False,True,True,True,31.972063462649498,31.588541939696288,31.972063462649498,31.588541939696288,False,False,False,False,0.6615953932928397,0.8411141849037259,0.6615953932928397,False,both,min,none,none,0,moving_average,4,2.0,peak,12,-1,-1,12,False,0.6434269883176669,False,False,False,False,False,False,False,,,12.643678160919542
frame_000111.jpg,32.00635256355517,31.61363762862964,111,True,0.005933266530988754,0.0,0.0,0.02825298252617178,False,False,False,False,False,0.21000496232539523,0.12,0.18,False,False,True,True,True,32.00635256355517,31.61363762862964,32.00635256355517,31.61363762862964,False,False,False,False,0.6783223471833578,0.8464924720890475,0.6783223471833578,False,both,min,none,none,0,moving_average,4,2.0,peak,12,-1,-1,12,False,0.6727466958865184,False,False,False,False,False,False,False,,,12.758620689655173
frame_000112.jpg,32.00635256355517,31.61363762862964,112,True,0.0,0.0,0.0,0.0,False,False,False,False,False,0.21000496232539523,0.12,0.18,False,False,True,True,True,32.00635256355517,31.61363762862964,32.00635256355517,31.61363762862964,False,False,False,False,0.6783223471833578,0.8464924720890475,0.6783223471833578,False,both,min,none,none,0,moving_average,4,2.0,peak,12,-1,-1,12,False,0.6831046779052375,False,False,False,False,False,False,False,,,12.873563218390805
frame_000113.jpg,32.03576290720054,31.645267928647353,113,True,0.013705934781687107,0.0,0.0,0.06526481388782732,False,False,False,False,False,0.21000496232539523,0.12,0.18,False,False,True,True,True,32.03576290720054,31.645267928647353,32.03576290720054,31.645267928647353,False,False,False,False,0.692669339348997,0.8532711996109316,0.692669339348997,False,both,min,none,none,0,moving_average,4,2.0,peak,12,-1,-1,12,False,0.6997241070961498,False,False,False,False,False,False,False,,,12.988505747126437
frame_000114.jpg,32.108558611635125,31.682910374918556,114,True,0.016119764391592063,0.0,0.0,0.07675896899338532,False,False,False,False,False,0.21000496232539523,0.12,0.18,False,False,True,True,True,32.108558611635125,31.682910374918556,32.108558611635125,31.682910374918556,False,False,False,False,0.7281806347560948,0.8613383974050323,0.7281806347560948,False,both,min,none,none,0,moving_average,4,2.0,peak,12,-1,-1,12,False,0.7241109282583549,False,False,False,False,False,False,False,,,13.10344827586207
frame_000115.jpg,32.15632646383717,31.637833805775596,115,True,0.11041165586987213,0.0,0.0,0.5257573661463922,False,False,False,False,True,0.21000496232539523,0.12,0.18,False,False,True,True,True,32.15632646383717,31.637833805775596,32.15632646383717,31.637833805775596,False,False,True,True,0.751482810669973,0.8516779838246878,0.751482810669973,False,both,min,none,none,0,moving_average,4,2.0,peak,12,-1,-1,12,False,0.749819443645859,True,False,False,False,False,False,False,4,,13.218390804597702
frame_000116.jpg,32.19386495328022,31.926508211343908,116,True,0.13275904570832373,0.1677615154332742,0.011395297160631424,1.3980126286106183,False,True,False,True,True,0.21000496232539523,0.12,0.18,False,False,True,True,True,32.19386495328022,31.926508211343908,32.19386495328022,31.926508211343908,False,False,True,True,0.769794885511509,0.9135441418059125,0.769794885511509,False,both,min,none,none,0,moving_average,4,2.0,peak,12,-1,-1,12,False,0.7416234327334164,False,False,False,False,False,False,False,,,13.333333333333334
frame_000117.jpg,32.058154841700656,31.697574855696004,117,True,0.2706120377408942,0.12867061292312756,0.017498068049650393,1.288598301413423,True,True,False,True,True,0.21000496232539523,0.12,0.18,False,False,True,True,True,32.058154841700656,31.697574855696004,32.058154841700656,31.697574855696004,False,False,True,True,0.7035926020187674,0.8644811598633255,0.7035926020187674,False,both,min,none,none,0,moving_average,4,2.0,peak,12,-1,-1,12,False,0.6859583003239378,False,False,False,False,False,False,False,,,13.448275862068966
frame_000118.jpg,31.813997426295295,31.502901628427445,118,True,0.24972209968309636,0.06347011552146438,0.006604619197644903,1.1891247564719962,True,False,False,True,True,0.21000496232539523,0.12,0.18,False,False,True,True,True,31.813997426295295,31.502901628427445,31.813997426295295,31.502901628427445,False,False,True,True,0.5844874134415371,0.8227605071119976,0.5844874134415371,False,both,min,none,none,0,moving_average,4,2.0,peak,12,-1,-1,12,False,0.6043641619763549,False,False,False,False,False,False,False,,,13.563218390804598
frame_000119.jpg,31.692077898430238,31.459569629102436,119,True,0.16874795285988836,0.12725109931790804,0.03408211690506951,1.0604258276492338,False,True,False,True,True,0.21000496232539523,0.12,0.18,False,False,True,True,True,31.692077898430238,31.459569629102436,31.692077898430238,31.459569629102436,False,False,True,True,0.5250124704687602,0.8134739743810973,0.5250124704687602,False,both,min,none,none,0,moving_average,4,2.0,peak,12,-1,-1,12,False,0.5804078570454072,False,False,False,False,False,False,False,,,13.67816091954023
frame_000120.jpg,31.910828527092367,31.607976660048713,120,True,0.12079275338037339,0.03840643566027397,0.013136993658288255,0.5751899957164313,False,False,False,False,True,0.21000496232539523,0.12,0.18,False,False,True,True,True,31.910828527092367,31.607976660048713,31.910828527092367,31.607976660048713,False,False,True,True,0.6317236872259245,0.8452792631249039,0.6317236872259245,False,both,min,none,none,0,moving_average,4,2.0,peak,12,-1,-1,12,False,0.5937531454951321,False,False,False,False,False,False,False,,,13.793103448275863
frame_000121.jpg,31.896068186804886,31.529740098960996,121,True,0.11952629840222205,0.03099359173080637,0.02137959369274098,0.5691594002289351,False,False,False,False,True,0.21000496232539523,0.12,0.18,False,False,True,True,True,31.896068186804886,31.529740098960996,31.896068186804886,31.529740098960996,False,False,True,True,0.6245232787907118,0.8285122919116729,0.6245232787907118,False,both,min,none,none,0,moving_average,4,2.0,peak,12,-1,-1,12,False,0.6258891139088402,False,False,False,False,False,False,False,,,13.908045977011495
frame_000122.jpg,31.889707449665572,31.546799007009167,122,True,0.21229505375826743,0.00046280084581726554,0.00543964927394193,1.0109049396143497,True,False,False,True,True,0.21000496232539523,0.12,0.18,False,False,True,True,True,31.889707449665572,31.546799007009167,31.889707449665572,31.546799007009167,False,False,True,True,0.6214203757098843,0.8321682069493002,0.6214203757098843,False,both,min,none,none,0,moving_average,4,2.0,peak,12,-1,-1,12,False,0.6719915238326496,False,False,False,False,False,False,False,,,14.022988505747128
frame_000123.jpg,32.19434880153424,31.80967116209938,123,True,0.6543500308862379,0.016814436511012047,0.004503330519356269,3.1158788994345086,True,False,False,True,True,0.21000496232539523,0.12,0.18,False,False,True,True,True,32.19434880153424,31.80967116209938,32.19434880153424,31.80967116209938,False,False,True,True,0.7700309169973528,0.8885046536933734,0.7700309169973528,False,both,min,none,none,0,moving_average,4,2.0,peak,12,-1,-1,12,False,0.7209634409636001,False,False,False,False,False,False,False,,,14.13793103448276
frame_000124.jpg,32.19723533637164,32.05953058368259,124,True,0.2957723924740485,0.0,0.0,1.4084066833418902,True,False,False,True,True,0.21000496232539523,0.12,0.18,False,False,True,True,True,32.19723533637164,32.05953058368259,32.19723533637164,32.05953058368259,False,False,True,True,0.7714390301835635,0.942052325917145,0.7714390301835635,False,both,min,none,none,0,moving_average,4,2.0,peak,12,-1,-1,12,False,0.7680345664805961,True,False,False,False,False,False,False,5,,14.252873563218392
frame_000125.jpg,32.17918512441017,32.05941709965907,125,True,0.016781939673766066,0.0,0.0,0.07991211011367935,False,False,False,False,True,0.21000496232539523,0.12,0.18,False,False,True,True,True,32.17918512441017,32.05941709965907,32.17918512441017,32.05941709965907,False,False,True,True,0.7626337522608722,0.9420280050199968,0.7626337522608722,False,both,min,none,none,0,moving_average,4,2.0,peak,12,-1,-1,12,False,0.7655688449017692,False,False,False,False,False,False,False,,,14.367816091954024
frame_000126.jpg,32.17918512441017,32.05941709965907,126,True,0.0,0.0,0.0,0.0,False,False,False,False,False,0.21000496232539523,0.12,0.18,False,False,True,True,True,32.17918512441017,32.05941709965907,32.17918512441017,32.05941709965907,False,False,False,False,0.7626337522608722,0.9420280050199968,0.7626337522608722,False,both,min,none,none,0,moving_average,4,2.0,peak,12,-1,-1,12,False,0.753982178869094,False,False,False,False,False,False,False,,,14.482758620689657
frame_000127.jpg,32.12597973956272,31.868641305622127,127,True,0.006936787156592376,0.0,0.0,0.03303153925402996,False,False,False,False,False,0.21000496232539523,0.12,0.18,False,False,True,True,True,32.12597973956272,31.868641305622127,32.12597973956272,31.868641305622127,False,False,False,False,0.7366790320855379,0.9011426158576027,0.7366790320855379,False,both,min,none,none,0,moving_average,4,2.0,peak,12,-1,-1,12,False,0.7633674541062234,False,False,False,False,False,False,False,,,14.597701149425289
frame_000128.jpg,32.23690262367628,31.918296897315443,128,True,0.12676161482309795,0.02155554777209298,0.01435817384901155,0.6036124738170964,False,False,False,False,False,0.21000496232539523,0.12,0.18,False,False,True,True,True,32.23690262367628,31.918296897315443,32.23690262367628,31.918296897315443,False,False,False,False,0.7907895779722603,0.9117843652510138,0.7907895779722603,False,both,min,none,none,0,moving_average,4,2.0,peak,12,-1,-1,12,False,0.7483914935339303,False,False,False,False,False,False,False,,,14.712643678160921
frame_000129.jpg,32.08708606801584,31.609148148474052,129,True,0.05350116826852613,0.013933788747192146,0.0294934711889652,0.25476144790154037,False,False,False,False,False,0.21000496232539523,0.12,0.18,False,False,True,True,True,32.08708606801584,31.609148148474052,32.08708606801584,31.609148148474052,False,False,False,False,0.7177058705439928,0.8455303262139661,0.7177058705439928,False,both,min,none,none,0,moving_average,4,2.0,peak,12,-1,-1,12,False,0.7405676126407452,False,False,False,False,False,False,False,,,14.827586206896553
frame_000130.jpg,32.077864492188404,31.42992910448273,130,True,0.003698454954946243,0.014657915458610898,0.0006774212652620494,0.12214929548842415,False,False,False,False,True,0.21000496232539523,0.12,0.18,False,False,True,True,True,32.077864492188404,31.42992910448273,32.077864492188404,31.42992910448273,False,False,True,True,0.7132073894059825,0.8071216780105238,0.7132073894059825,False,both,min,none,none,0,moving_average,4,2.0,peak,12,-1,-1,12,False,0.7041935660726881,False,False,False,False,False,False,False,,,14.942528735632186
frame_000131.jpg,32.013209769385575,31.449961022280345,131,True,0.09028353775340434,0.12735663985345308,0.019778495116795997,1.061305332112109,False,True,False,True,True,0.21000496232539523,0.12,0.18,False,False,True,True,True,32.013209769385575,31.449961022280345,32.013209769385575,31.449961022280345,False,False,True,True,0.6816674382680892,0.8114147423322265,0.6816674382680892,False,both,min,none,none,0,moving_average,4,2.0,peak,12,-1,-1,12,False,0.6921807553140535,False,False,False,False,False,False,False,,,15.057471264367818
frame_000132.jpg,32.013209769385575,31.449961022280345,132,True,0.0,0.0,0.0,0.0,False,False,False,False,True,0.21000496232539523,0.12,0.18,False,False,True,True,True,32.013209769385575,31.449961022280345,32.013209769385575,31.449961022280345,False,False,True,True,0.6816674382680892,0.8114147423322265,0.6816674382680892,False,both,min,none,none,0,moving_average,4,2.0,peak,12,-1,-1,12,False,0.6567432554760744,False,False,False,False,False,False,False,,,15.17241379310345
frame_000133.jpg,31.859931206353625,31.17775408949247,133,True,0.1963609252492915,0.060955254071092715,0.013532082290567491,0.9350299301263044,False,False,False,False,False,0.21000496232539523,0.12,0.18,False,False,True,True,True,31.859931206353625,31.17775408949247,31.859931206353625,31.17775408949247,False,False,False,False,0.6068948898920449,0.7530777481872636,0.6068948898920449,False,both,min,none,none,0,moving_average,4,2.0,peak,12,-1,-1,12,False,0.6405098448701116,False,False,False,False,False,False,False,,,15.287356321839082
frame_000134.jpg,31.91337765566882,31.363152168776395,134,True,0.047323719626619944,0.004522406261735918,0.010601038496988877,0.22534572089441163,False,False,False,False,False,0.21000496232539523,0.12,0.18,False,False,True,True,True,31.91337765566882,31.363152168776395,31.91337765566882,31.363152168776395,False,False,False,False,0.632967206450201,0.792810632852997,0.632967206450201,False,both,min,none,none,0,moving_average,4,2.0,peak,12,-1,-1,12,False,0.6495598212419288,False,False,False,False,False,False,False,,,15.402298850574715
frame_000135.jpg,32.06886525006154,31.778022789848478,135,True,0.06282591196833451,0.019242278190007803,0.016823684383930487,0.2991639400929393,False,False,False,False,False,0.21000496232539523,0.12,0.18,False,False,True,True,True,32.06886525006154,31.778022789848478,32.06886525006154,31.778022789848478,False,False,False,False,0.7088173673835406,0.8817220530895259,0.7088173673835406,False,both,min,none,none,0,moving_average,4,2.0,peak,12,-1,-1,12,False,0.6679173298009788,False,False,False,False,False,False,False,,,15.517241379310347
frame_000136.jpg,31.97282608263737,31.802996840055776,136,True,0.051311786967589215,0.04770447833512581,0.018087526648680862,0.39753731945938175,False,False,False,False,False,0.21000496232539523,0.12,0.18,False,False,True,True,True,31.97282608263737,31.802996840055776,31.97282608263737,31.802996840055776,False,False,False,False,0.6619674155691948,0.8870742717336209,0.6619674155691948,False,both,min,none,none,0,moving_average,4,2.0,peak,12,-1,-1,12,False,0.6775840661739767,False,False,False,False,False,False,False,,,15.632183908045977
frame_000137.jpg,31.97282608263737,31.802996840055776,137,True,0.0,0.0,0.0,0.0,False,False,False,False,False,0.21000496232539523,0.12,0.18,False,False,True,True,True,31.97282608263737,31.802996840055776,31.97282608263737,31.802996840055776,False,False,False,False,0.6619674155691948,0.8870742717336209,0.6619674155691948,False,both,min,none,none,0,moving_average,4,2.0,peak,12,-1,-1,12,False,0.6724191981562648,False,False,False,False,False,False,False,,,15.74712643678161
frame_000138.jpg,32.037102381260155,31.827259706061493,138,True,0.015268603006269863,0.01386845699631757,0.011068822847841248,0.11557047496931308,False,False,False,False,False,0.21000496232539523,0.12,0.18,False,False,True,True,True,32.037102381260155,31.827259706061493,32.037102381260155,31.827259706061493,False,False,False,False,0.693322763330405,0.892274075638757,0.693322763330405,False,both,min,none,none,0,moving_average,4,2.0,peak,12,-1,-1,12,False,0.6905525107088963,False,False,False,False,False,False,False,,,15.862068965517242
frame_000139.jpg,32.0843421999067,31.822797570105003,139,True,0.053563639349925536,0.0439902535640413,0.014487266936611558,0.36658544636701085,False,False,False,False,False,0.21000496232539523,0.12,0.18,False,False,True,True,True,32.0843421999067,31.822797570105003,32.0843421999067,31.822797570105003,False,False,False,False,0.7163673532270894,0.89131778993177,0.7163673532270894,False,both,min,none,none,0,moving_average,4,2.0,peak,12,-1,-1,12,False,0.7104097534653165,False,False,False,False,False,False,False,,,15.977011494252874
frame_000140.jpg,32.09494401367966,31.930842063185136,140,True,0.027609423653156474,0.035758074915301204,0.030319733249253644,0.29798395762751007,False,False,False,False,False,0.21000496232539523,0.12,0.18,False,False,True,True,True,32.09494401367966,31.930842063185136,32.09494401367966,31.930842063185136,False,False,False,False,0.7215391438384553,0.9144729347903434,0.7215391438384553,False,both,min,none,none,0,moving_average,4,2.0,peak,12,-1,-1,12,False,0.7198152136346667,False,False,False,False,False,False,False,,,16.091954022988507
frame_000141.jpg,32.09494401367966,31.930842063185136,141,True,0.0,0.0,0.0,0.0,False,False,False,False,False,0.21000496232539523,0.12,0.18,False,False,True,True,True,32.09494401367966,31.930842063185136,32.09494401367966,31.930842063185136,False,False,False,False,0.7215391438384553,0.9144729347903434,0.7215391438384553,False,both,min,none,none,0,moving_average,4,2.0,peak,12,-1,-1,12,False,0.7138221861739611,False,False,False,False,False,False,False,,,16.20689655172414
frame_000142.jpg,32.047486322020816,31.82989829214869,142,True,0.03275528483272283,0.07667732388037841,0.03227163000220255,0.6389776990031535,False,False,False,False,False,0.21000496232539523,0.12,0.18,False,False,True,True,True,32.047486322020816,31.82989829214869,32.047486322020816,31.82989829214869,False,False,False,False,0.698388270844973,0.892839554186799,0.698388270844973,False,both,min,none,none,0,moving_average,4,2.0,peak,12,-1,-1,12,False,0.7137749207013481,False,False,False,False,False,False,False,,,16.32183908045977
frame_000143.jpg,32.09465334081052,31.841418147605708,143,True,0.013955308534584323,0.012114844310008185,0.0034214256595843508,0.10095703591673488,False,False,False,False,False,0.21000496232539523,0.12,0.18,False,False,True,True,True,32.09465334081052,31.841418147605708,32.09465334081052,31.841418147605708,False,False,False,False,0.721397347420616,0.8953083882222294,0.721397347420616,False,both,min,none,none,0,moving_average,4,2.0,peak,12,-1,-1,12,False,0.7090229745793659,False,False,False,False,False,False,False,,,16.436781609195403
frame_000144.jpg,32.06572052903181,31.644600935521115,144,True,0.09741825036579349,0.016202227184495054,0.00542878392992955,0.46388546864358077,False,False,False,False,False,0.21000496232539523,0.12,0.18,False,False,True,True,True,32.06572052903181,31.644600935521115,32.06572052903181,31.644600935521115,False,False,False,False,0.707283305472509,0.8531282555143151,0.707283305472509,False,both,min,none,none,0,moving_average,4,2.0,peak,12,-1,-1,12,False,0.7079271515263885,False,False,False,False,False,False,False,,,16.551724137931036
frame_000145.jpg,32.04074723716097,31.592599822919855,145,True,0.06585790554427738,0.0393948779725076,0.0010589725141290926,0.32829064977089667,False,False,False,False,False,0.21000496232539523,0.12,0.18,False,False,True,True,True,32.04074723716097,31.592599822919855,32.04074723716097,31.592599822919855,False,False,False,False,0.6951008016860405,0.8419838347228165,0.6951008016860405,False,both,min,none,none,0,moving_average,4,2.0,peak,12,-1,-1,12,False,0.7209236599043609,False,False,False,False,False,False,False,,,16.666666666666668
frame_000146.jpg,32.17457917610196,31.688458724760114,146,True,0.1754595345564249,0.03678951674378683,0.00010722072886786004,0.8355018501160777,False,False,False,False,False,0.21000496232539523,0.12,0.18,False,False,True,True,True,32.17457917610196,31.688458724760114,32.17457917610196,31.688458724760114,False,False,False,False,0.7603868725545336,0.8625274709121107,0.7603868725545336,False,both,min,none,none,0,moving_average,4,2.0,peak,12,-1,-1,12,False,0.7308553465017822,False,False,False,False,False,False,False,,,16.7816091954023
frame_000147.jpg,32.126798345016375,31.690977788310505,147,True,0.13080806094794878,0.04233904897615731,0.004784884924813997,0.6228808095747106,False,False,False,False,False,0.21000496232539523,0.12,0.18,False,False,True,True,True,32.126798345016375,31.690977788310505,32.126798345016375,31.690977788310505,False,False,False,False,0.7370783652647728,0.8630673344419807,0.7370783652647728,False,both,min,none,none,0,moving_average,4,2.0,peak,12,-1,-1,12,False,0.7432966415611519,False,False,False,False,False,False,False,,,16.896551724137932
frame_000148.jpg,32.117258625512996,31.759441547239966,148,True,0.2084591445751084,0.01152816963482887,0.011000823309311694,0.9926391370319543,False,False,False,False,False,0.21000496232539523,0.12,0.18,False,False,True,True,True,32.117258625512996,31.759441547239966,32.117258625512996,31.759441547239966,False,False,False,False,0.7324246868641495,0.8777398847069754,0.7324246868641495,False,both,min,none,none,0,moving_average,4,2.0,peak,12,-1,-1,12,False,0.7591057332619993,False,False,False,False,False,False,False,,,17.011494252873565
frame_000149.jpg,32.27180181641747,31.920583560580155,149,True,0.1727817480254817,0.07623142822502642,0.011154465907524332,0.8227507869921785,False,False,False,False,False,0.21000496232539523,0.12,0.18,False,False,True,True,True,32.27180181641747,31.920583560580155,32.27180181641747,31.920583560580155,False,False,False,False,0.8078141476570754,0.9122744227970094,0.8078141476570754,False,both,min,none,none,0,moving_average,4,2.0,peak,12,-1,-1,12,False,0.8039219481868265,False,False,False,False,False,False,False,,,17.126436781609197
frame_000150.jpg,32.40240878655147,31.997495232816963,150,True,0.08858935563242869,0.04877461054051469,0.07200583698156127,0.4218441062128933,False,False,False,False,False,0.21000496232539523,0.12,0.18,False,False,True,True,True,32.40240878655147,31.997495232816963,32.40240878655147,31.997495232816963,False,False,False,False,0.8715270100392545,0.9287574554920452,0.8715270100392545,False,both,min,none,none,0,moving_average,4,2.0,peak,12,-1,-1,12,False,0.8502893892451948,False,False,False,False,False,False,False,,,17.24137931034483
frame_000151.jpg,32.40240878655147,31.997495232816963,151,True,0.0,0.0,0.0,0.0,False,False,False,False,False,0.21000496232539523,0.12,0.18,False,False,True,True,True,32.40240878655147,31.997495232816963,32.40240878655147,31.997495232816963,False,False,False,False,0.8715270100392545,0.9287574554920452,0.8715270100392545,False,both,min,none,none,0,moving_average,4,2.0,peak,12,-1,-1,12,False,0.8842124207933104,False,False,False,False,False,False,False,,,17.35632183908046
frame_000152.jpg,32.48042143587591,32.01580942467997,152,True,0.06197351650942998,0.018272319335430443,0.024546071486069215,0.29510501001116446,False,False,False,False,False,0.21000496232539523,0.12,0.18,False,False,True,True,True,32.48042143587591,32.01580942467997,32.48042143587591,32.01580942467997,False,False,False,False,0.9095832423014225,0.93268239190913,0.9095832423014225,False,both,min,none,none,0,moving_average,4,2.0,peak,12,-1,-1,12,False,0.9053326643962075,False,False,False,False,False,False,False,,,17.471264367816094
frame_000153.jpg,32.532293911265526,32.12345862026805,153,True,0.08114001291464569,0.012516393597102042,0.02648820354693248,0.38637188386492566,False,False,False,False,False,0.21000496232539523,0.12,0.18,False,False,True,True,True,32.532293911265526,32.12345862026805,32.532293911265526,32.12345862026805,False,False,False,False,0.9348877408479458,0.9557528200882157,0.9348877408479458,False,both,min,none,none,0,moving_average,4,2.0,peak,12,-1,-1,12,False,0.9220351554861645,False,False,False,False,False,False,False,,,17.586206896551726
frame_000154.jpg,32.50512564811063,32.18012236704673,154,True,0.14329934588622537,0.05462820239136653,0.032154263573590955,0.6823617132636519,False,False,False,False,False,0.21000496232539523,0.12,0.18,False,False,True,True,True,32.50512564811063,32.18012236704673,32.50512564811063,32.18012236704673,False,False,False,False,0.9216344833091255,0.9678964956008274,0.9216344833091255,False,both,min,none,none,0,moving_average,4,2.0,peak,12,-1,-1,12,False,0.9262032618617415,True,False,False,False,False,False,False,6,,17.70114942528736
frame_000155.jpg,32.50605442698114,32.07907574342224,155,True,0.11054532879041112,0.016726652607494445,0.0062503226066583685,0.5263938888221368,False,False,False,False,False,0.21000496232539523,0.12,0.18,False,False,True,True,True,32.50605442698114,32.07907574342224,32.50605442698114,32.07907574342224,False,False,False,False,0.9220875614281533,0.9462410725358171,0.9220875614281533,False,both,min,none,none,0,moving_average,4,2.0,peak,12,-1,-1,12,False,0.9219365353884772,False,False,False,False,False,False,False,,,17.81609195402299
frame_000156.jpg,32.50605442698114,32.07907574342224,156,True,0.0,0.0,0.0,0.0,False,False,False,False,False,0.21000496232539523,0.12,0.18,False,False,True,True,True,32.50605442698114,32.07907574342224,32.50605442698114,32.07907574342224,False,False,False,False,0.9220875614281533,0.9462410725358171,0.9220875614281533,False,both,min,none,none,0,moving_average,4,2.0,peak,12,-1,-1,12,False,0.904798472128246,False,False,False,False,False,False,False,,,17.931034482758623
frame_000157.jpg,32.39973010789976,32.17847846575721,157,True,0.05730489314902612,0.041816305303728055,0.06040921995856942,0.34846921086440047,False,False,False,False,False,0.21000496232539523,0.12,0.18,False,False,True,True,True,32.39973010789976,32.17847846575721,32.39973010789976,32.17847846575721,False,False,False,False,0.8702202935284319,0.9675441891444142,0.8702202935284319,False,both,min,none,none,0,moving_average,4,2.0,peak,12,-1,-1,12,False,0.8857592906390045,False,False,False,False,False,False,False,,,18.045977011494255
frame_000158.jpg,32.38896740333315,32.093514851142615,158,True,0.00788940696314679,0.009601548322255566,0.030350477689092777,0.16861376493940433,False,False,False,False,False,0.21000496232539523,0.12,0.18,False,False,True,True,True,32.38896740333315,32.093514851142615,32.38896740333315,32.093514851142615,False,False,False,False,0.8649700169604286,0.9493355350240249,0.8649700169604286,False,both,min,none,none,0,moving_average,4,2.0,peak,12,-1,-1,12,False,0.8560072385425541,False,False,False,False,False,False,False,,,18.160919540229887
frame_000159.jpg,32.32308546745093,32.10379179000722,159,True,0.009987850215293578,0.025119928117680112,0.004731602581355028,0.20933273431400093,False,False,False,False,False,0.21000496232539523,0.12,0.18,False,False,True,True,True,32.32308546745093,32.10379179000722,32.32308546745093,32.10379179000722,False,False,False,False,0.8328314051388023,0.9515379981142649,0.8328314051388023,False,both,min,none,none,0,moving_average,4,2.0,peak,12,-1,-1,12,False,0.843544275746011,False,False,False,False,False,False,False,,,18.27586206896552
frame_000160.jpg,32.32308546745093,32.10379179000722,160,True,0.0,0.0,0.0,0.0,False,False,False,False,False,0.21000496232539523,0.12,0.18,False,False,True,True,True,32.32308546745093,32.10379179000722,32.32308546745093,32.10379179000722,False,False,False,False,0.8328314051388023,0.9515379981142649,0.8328314051388023,False,both,min,none,none,0,moving_average,4,2.0,peak,12,-1,-1,12,False,0.8310744389372251,False,False,False,False,False,False,False,,,18.390804597701152
frame_000161.jpg,32.312280489132455,32.11847826570665,161,True,0.005757334522527789,0.0023540126948169643,0.005165895932346343,0.02869942184636857,False,False,False,False,False,0.21000496232539523,0.12,0.18,False,False,True,True,True,32.312280489132455,32.11847826570665,32.312280489132455,32.11847826570665,False,False,False,False,0.8275605065340711,0.9546854743306598,0.8275605065340711,False,both,min,none,none,0,moving_average,4,2.0,peak,12,-1,-1,12,False,0.8322496318813353,False,False,False,False,False,False,False,,,18.505747126436784
frame_000162.jpg,32.330312660705836,32.10203045909355,162,True,0.012595551871054513,0.008842548658475273,4.2605174044453575e-05,0.07368790548729394,False,False,False,False,False,0.21000496232539523,0.12,0.18,False,False,True,True,True,32.330312660705836,32.10203045909355,32.330312660705836,32.10203045909355,False,False,False,False,0.8363569839711327,0.9511605251742997,0.8363569839711327,False,both,min,none,none,0,moving_average,4,2.0,peak,12,-1,-1,12,False,0.8073146537093538,False,False,False,False,False,False,False,,,18.620689655172416
frame_000163.jpg,32.16974051506762,31.70775365033371,163,True,0.11183450859599428,0.026612372845687415,0.056469112294021254,0.5325326952165572,False,False,False,False,True,0.21000496232539523,0.12,0.18,False,False,True,True,True,32.16974051506762,31.70775365033371,32.16974051506762,31.70775365033371,False,False,True,True,0.7580264706228582,0.8666625895466225,0.7580264706228582,False,both,min,none,none,0,moving_average,4,2.0,peak,12,-1,-1,12,False,0.817027271301128,False,False,False,False,False,False,False,,,18.73563218390805
frame_000164.jpg,32.37201107609569,32.038173322284095,164,True,0.34225613358263945,0.05380141916412319,0.005198352990306272,1.629752601047235,True,False,False,True,True,0.21000496232539523,0.12,0.18,False,False,True,True,True,32.37201107609569,32.038173322284095,32.37201107609569,32.038173322284095,False,False,True,True,0.8566983593093933,0.937475225619236,0.8566983593093933,False,both,min,none,none,0,moving_average,4,2.0,peak,12,-1,-1,12,False,0.8419822743258778,False,False,False,False,False,False,False,,,18.85057471264368
frame_000165.jpg,32.48378076178705,32.24974722637259,165,True,0.2284958452460319,0.0667871810275369,0.003584036414836222,1.088049742805533,True,False,False,True,True,0.21000496232539523,0.12,0.18,False,False,True,True,True,32.48378076178705,32.24974722637259,32.48378076178705,32.24974722637259,False,False,True,True,0.9112219930453823,0.9828178826839474,0.9112219930453823,False,both,min,none,none,0,moving_average,4,2.0,peak,12,-1,-1,12,False,0.8930474484667192,False,False,False,False,False,False,False,,,18.965517241379313
frame_000166.jpg,32.48378076178705,32.24974722637259,166,True,0.0,0.0,0.0,0.0,False,False,False,False,True,0.21000496232539523,0.12,0.18,False,False,True,True,True,32.48378076178705,32.24974722637259,32.48378076178705,32.24974722637259,False,False,True,True,0.9112219930453823,0.9828178826839474,0.9112219930453823,False,both,min,none,none,0,moving_average,4,2.0,peak,12,-1,-1,12,False,0.9251338056677767,False,False,False,False,False,False,False,,,19.080459770114945
frame_000167.jpg,32.56933552864639,32.295760268749135,167,True,0.15337022065994158,0.061069601649416466,0.0019600951616873183,0.730317126612941,False,False,False,False,False,0.21000496232539523,0.12,0.18,False,False,True,True,True,32.56933552864639,32.295760268749135,32.56933552864639,32.295760268749135,False,False,False,False,0.9529574309125657,0.9926789929658231,0.9529574309125657,False,both,min,none,none,0,moving_average,4,2.0,peak,12,-1,-1,12,False,0.9364340102738407,False,False,False,False,False,False,False,,,19.195402298850578
frame_000168.jpg,32.553274680140895,32.23337751255408,168,True,0.057043762611085215,0.0,0.0,0.27163054615203774,False,False,False,False,False,0.21000496232539523,0.12,0.18,False,False,True,True,True,32.553274680140895,32.23337751255408,32.553274680140895,32.23337751255408,False,False,False,False,0.9451226068635744,0.9793096696880298,0.9451226068635744,False,both,min,none,none,0,moving_average,4,2.0,peak,12,-1,-1,12,False,0.9417639630833061,True,False,False,False,False,False,False,7,,19.31034482758621
frame_000169.jpg,32.51655886787303,32.08694982372762,169,True,0.08460834710825053,0.0,0.0,0.4028873707143782,False,False,False,False,False,0.21000496232539523,0.12,0.18,False,False,True,True,True,32.51655886787303,32.08694982372762,32.51655886787303,32.08694982372762,False,False,False,False,0.9272118514737785,0.9479285761271756,0.9272118514737785,False,both,min,none,none,0,moving_average,4,2.0,peak,12,-1,-1,12,False,0.9331821032703771,False,False,False,False,False,False,False,,,19.425287356321842
frame_000170.jpg,32.51655886787303,32.08694982372762,170,True,0.0,0.0,0.0,0.0,False,False,False,False,False,0.21000496232539523,0.12,0.18,False,False,True,True,True,32.51655886787303,32.08694982372762,32.51655886787303,32.08694982372762,False,False,False,False,0.9272118514737785,0.9479285761271756,0.9272118514737785,False,both,min,none,none,0,moving_average,4,2.0,peak,12,-1,-1,12,False,0.929300821578736,False,False,False,False,False,False,False,,,19.540229885057474
frame_000171.jpg,32.564882674398596,32.019525375517794,171,True,0.0507535151107906,0.0,0.0,0.24167769441633397,False,False,False,False,False,0.21000496232539523,0.12,0.18,False,False,True,True,True,32.564882674398596,32.019525375517794,32.564882674398596,32.019525375517794,False,False,False,False,0.9507852337502964,0.9334787617886509,0.9334787617886509,False,both,min,none,none,0,moving_average,4,2.0,peak,12,-1,-1,12,False,0.9156503131856126,False,False,False,False,False,False,False,,,19.655172413793107
frame_000172.jpg,32.45901359056024,31.799198879692682,172,True,0.06110750145136969,0.0,0.0,0.29098122622781547,False,False,False,False,False,0.21000496232539523,0.12,0.18,False,False,True,True,True,32.45901359056024,31.799198879692682,32.45901359056024,31.799198879692682,False,False,False,False,0.8991400393001048,0.8862603262944087,0.8862603262944087,False,both,min,none,none,0,moving_average,4,2.0,peak,12,-1,-1,12,False,0.9063236993547554,False,False,False,False,False,False,False,,,19.77011494252874
frame_000173.jpg,32.51069427935052,31.8597262051271,173,True,0.018269957017440046,0.0,0.0,0.08699773955403681,False,False,False,False,False,0.21000496232539523,0.12,0.18,False,False,True,True,True,32.51069427935052,31.8597262051271,32.51069427935052,31.8597262051271,False,False,False,False,0.9243509802577964,0.899232009981207,0.899232009981207,False,both,min,none,none,0,moving_average,4,2.0,peak,12,-1,-1,12,False,0.8881908837718003,False,False,False,False,False,False,False,,,19.885057471264368
frame_000174.jpg,32.42093803091966,31.765696144941785,174,True,0.010551086465034458,0.0,0.0,0.05024208165465121,False,False,False,False,False,0.21000496232539523,0.12,0.18,False,False,True,True,True,32.42093803091966,31.765696144941785,32.42093803091966,31.765696144941785,False,False,False,False,0.8805659701748813,0.8790803150397857,0.8790803150397857,False,both,min,none,none,0,moving_average,4,2.0,peak,12,-1,-1,12,False,0.8766295503589244,False,False,False,False,False,False,False,,,20.0
frame_000175.jpg,32.36151126147165,31.722365334573276,175,True,0.05195410677953761,0.0,0.0,0.2473946625081962,False,False,False,False,False,0.21000496232539523,0.12,0.18,False,False,True,True,True,32.36151126147165,31.722365334573276,32.36151126147165,31.722365334573276,False,False,False,False,0.8515763260557809,0.8697940371155783,0.8515763260557809,False,both,min,none,none,0,moving_average,4,2.0,peak,12,-1,-1,12,False,0.8606014876190918,False,False,False,False,False,False,False,,,20.114942528735632
frame_000176.jpg,32.3606328572461,31.883156407315315,176,True,0.06158319774598222,0.0,0.0,0.293246393152183,False,False,False,False,False,0.21000496232539523,0.12,0.18,False,False,True,True,True,32.3606328572461,31.883156407315315,32.3606328572461,31.883156407315315,False,False,False,False,0.8511478217617092,0.9042533647052411,0.8511478217617092,False,both,min,none,none,0,moving_average,4,2.0,peak,12,-1,-1,12,False,0.858436587084163,False,False,False,False,False,False,False,,,20.229885057471265
frame_000177.jpg,32.40457885044316,32.152609040895285,177,True,0.05329052070068291,0.0,0.0,0.2537583879475721,False,False,False,False,False,0.21000496232539523,0.12,0.18,False,False,True,True,True,32.40457885044316,32.152609040895285,32.40457885044316,32.152609040895285,False,False,False,False,0.8725856134349991,0.9620000816845221,0.8725856134349991,False,both,min,none,none,0,moving_average,4,2.0,peak,12,-1,-1,12,False,0.89449381786243,False,False,False,False,False,False,False,,,20.344827586206897
frame_000178.jpg,32.58325576425931,32.19137293946937,178,True,0.024053661866345426,0.0,0.0,0.11453854042303596,False,False,False,False,False,0.21000496232539523,0.12,0.18,False,False,True,True,True,32.58325576425931,32.19137293946937,32.58325576425931,32.19137293946937,False,False,False,False,0.9597480183905822,0.9703076192662868,0.9597480183905822,False,both,min,none,none,0,moving_average,4,2.0,peak,12,-1,-1,12,False,0.9346580623660012,False,False,False,False,False,False,False,,,20.45977011494253
frame_000179.jpg,32.60763464399049,32.21182904004677,179,True,0.01205257268000844,0.0,0.0,0.05739184706184898,False,False,False,False,False,0.21000496232539523,0.12,0.18,False,False,True,True,True,32.60763464399049,32.21182904004677,32.60763464399049,32.21182904004677,False,False,False,False,0.9716405552724225,0.9746915907081267,0.9716405552724225,False,both,min,none,none,0,moving_average,4,2.0,peak,12,-1,-1,12,False,0.9637661082200599,True,False,False,False,False,False,False,8,,20.57471264367816
frame_000180.jpg,32.583587304939314,32.19963162029331,180,True,0.013137045570402246,0.0,0.0,0.06255588165600992,False,False,False,False,False,0.21000496232539523,0.12,0.18,False,False,True,True,True,32.583587304939314,32.19963162029331,32.583587304939314,32.19963162029331,False,False,False,False,0.9599097509971755,0.9720775470559178,0.9599097509971755,False,both,min,none,none,0,moving_average,4,2.0,peak,12,-1,-1,12,False,0.9574273350443903,False,False,False,False,False,False,False,,,20.689655172413794
frame_000181.jpg,32.54427362182119,32.23350501921466,181,True,0.01987018719429852,0.0,0.0,0.0946177031927006,False,False,False,False,False,0.21000496232539523,0.12,0.18,False,False,True,True,True,32.54427362182119,32.23350501921466,32.54427362182119,32.23350501921466,False,False,False,False,0.9407316988635732,0.9793369957933412,0.9407316988635732,False,both,min,none,none,0,moving_average,4,2.0,peak,12,-1,-1,12,False,0.9457069024749601,False,False,False,False,False,False,False,,,20.804597701149426
frame_000182.jpg,32.53555641068004,32.22116953699032,182,True,0.00767163440287356,0.0,0.0,0.03653072916908809,False,False,False,False,False,0.21000496232539523,0.12,0.18,False,False,True,True,True,32.53555641068004,32.22116953699032,32.53555641068004,32.22116953699032,False,False,False,False,0.9364792575641319,0.9766933638074592,0.9364792575641319,False,both,min,none,none,0,moving_average,4,2.0,peak,12,-1,-1,12,False,0.9389594824173061,False,False,False,False,False,False,False,,,20.919540229885058
frame_000183.jpg,32.66576954818508,32.04840267667664,183,True,0.05783242778687843,0.0,0.0,0.2753860058662287,False,False,False,False,False,0.21000496232539523,0.12,0.18,False,False,True,True,True,32.66576954818508,32.04840267667664,32.66576954818508,32.04840267667664,False,False,False,False,1.0,0.9396674908242135,0.9396674908242135,False,both,min,none,none,0,moving_average,4,2.0,peak,12,-1,-1,12,False,0.9345550490408101,False,False,False,False,False,False,False,,,21.03448275862069
frame_000184.jpg,32.61880380324653,31.991713655542064,184,True,0.011966727145629923,0.0,0.0,0.0569830684623914,False,False,False,False,False,0.21000496232539523,0.12,0.18,False,False,True,True,True,32.61880380324653,31.991713655542064,32.61880380324653,31.991713655542064,False,False,False,False,0.9770891090967303,0.927518398734085,0.927518398734085,False,both,min,none,none,0,moving_average,4,2.0,peak,12,-1,-1,12,False,0.9258262993598195,False,False,False,False,False,False,False,,,21.149425287356323
frame_000185.jpg,32.59207628872032,31.911338060181716,185,True,0.0040278234765812465,0.0,0.0,0.0191796585755925,False,False,False,False,False,0.21000496232539523,0.12,0.18,False,False,True,True,True,32.59207628872032,31.911338060181716,32.59207628872032,31.911338060181716,False,False,False,False,0.9640508581283564,0.9102930085211602,0.9102930085211602,False,both,min,none,none,0,moving_average,4,2.0,peak,12,-1,-1,12,False,0.9135267657829437,False,False,False,False,False,False,False,,,21.264367816091955
frame_000186.jpg,32.55026275869275,31.876229682914055,186,True,0.0135565875609946,0.0,0.0,0.06455365345124155,False,False,False,False,False,0.21000496232539523,0.12,0.18,False,False,True,True,True,32.55026275869275,31.876229682914055,32.55026275869275,31.876229682914055,False,False,False,False,0.9436533274175042,0.902768890093586,0.902768890093586,False,both,min,none,none,0,moving_average,4,2.0,peak,12,-1,-1,12,False,0.9046661015763053,False,False,False,False,False,False,False,,,21.379310344827587
frame_000187.jpg,32.56549835783238,31.86767910791905,187,True,0.010944132127462692,0.0,0.0,0.05211368344003771,False,False,False,False,False,0.21000496232539523,0.12,0.18,False,False,True,True,True,32.56549835783238,31.86767910791905,32.56549835783238,31.86767910791905,False,False,False,False,0.9510855772453453,0.90093640611417,0.90093640611417,False,both,min,none,none,0,moving_average,4,2.0,peak,12,-1,-1,12,False,0.8972357909200158,False,False,False,False,False,False,False,,,21.49425287356322
frame_000188.jpg,32.49361081992555,31.807326081005158,188,True,0.01471538834073794,0.0,0.0,0.07007162201213593,False,False,False,False,False,0.21000496232539523,0.12,0.18,False,False,True,True,True,32.49361081992555,31.807326081005158,32.49361081992555,31.807326081005158,False,False,False,False,0.9160173048173679,0.8880020765522917,0.8880020765522917,False,both,min,none,none,0,moving_average,4,2.0,peak,12,-1,-1,12,False,0.8921956975349801,False,False,False,False,False,False,False,,,21.60919540229885
frame_000189.jpg,32.48893954728927,31.805676766291583,189,True,0.002382134331110695,0.0,0.0,0.011343228772945196,False,False,False,False,False,0.21000496232539523,0.12,0.18,False,False,True,True,True,32.48893954728927,31.805676766291583,32.48893954728927,31.805676766291583,False,False,False,False,0.9137385585121777,0.8876486099384785,0.8876486099384785,False,both,min,none,none,0,moving_average,4,2.0,peak,12,-1,-1,12,False,0.8875912688656985,False,False,False,False,False,False,False,,,21.724137931034484
frame_000190.jpg,32.48072371476439,31.80322477202074,190,True,0.005665050091021548,0.0,0.0,0.026975791563647693,False,False,False,False,False,0.21000496232539523,0.12,0.18,False,False,True,True,True,32.48072371476439,31.80322477202074,32.48072371476439,31.80322477202074,False,False,False,False,0.9097307003827391,0.8871231201063254,0.8871231201063254,False,both,min,none,none,0,moving_average,4,2.0,peak,12,-1,-1,12,False,0.8904618802733308,False,False,False,False,False,False,False,,,21.839080459770116
frame_000191.jpg,32.45383520144896,32.03475394954971,191,True,0.04403888192386159,0.0,0.0,0.20970400621117186,False,False,False,False,False,0.21000496232539523,0.12,0.18,False,False,True,True,True,32.45383520144896,32.03475394954971,32.45383520144896,32.03475394954971,False,False,False,False,0.896613910775189,0.9367424157486633,0.896613910775189,False,both,min,none,none,0,moving_average,4,2.0,peak,12,-1,-1,12,False,0.8950399673716418,False,False,False,False,False,False,False,,,21.95402298850575
frame_000192.jpg,32.46361124121313,32.03168497224507,192,True,0.016686326946154347,0.0,0.0,0.07945682216927559,False,False,False,False,False,0.21000496232539523,0.12,0.18,False,False,True,True,True,32.46361124121313,32.03168497224507,32.46361124121313,32.03168497224507,False,False,False,False,0.9013828712334112,0.9360846995427667,0.9013828712334112,False,both,min,none,none,0,moving_average,4,2.0,peak,12,-1,-1,12,False,0.9078175082636225,False,False,False,False,False,False,False,,,22.06896551724138
frame_000193.jpg,32.512958966269984,32.07687391684318,193,True,0.01293417818378784,0.0,0.0,0.0615898693086442,False,False,False,False,False,0.21000496232539523,0.12,0.18,False,False,True,True,True,32.512958966269984,32.07687391684318,32.512958966269984,32.07687391684318,False,False,False,False,0.9254557427822674,0.9457691964416437,0.9254557427822674,False,both,min,none,none,0,moving_average,4,2.0,peak,12,-1,-1,12,False,0.9206914188527293,False,False,False,False,False,False,False,,,22.183908045977013
frame_000194.jpg,32.533007085725636,32.09741050753119,194,True,0.004735539473174151,0.0,0.0,0.022549655116418637,False,False,False,False,False,0.21000496232539523,0.12,0.18,False,False,True,True,True,32.533007085725636,32.09741050753119,32.533007085725636,32.09741050753119,False,False,False,False,0.9352356425425095,0.9501704178155959,0.9352356425425095,False,both,min,none,none,0,moving_average,4,2.0,peak,12,-1,-1,12,False,0.9397782022105227,False,False,False,False,False,False,False,,,22.298850574712645
frame_000195.jpg,32.609400650005036,32.13694555530416,195,True,0.015656589775795447,0.0,0.0,0.07455342770203743,False,False,False,False,False,0.21000496232539523,0.12,0.18,False,False,True,True,True,32.609400650005036,32.13694555530416,32.609400650005036,32.13694555530416,False,False,False,False,0.9725020506279584,0.9586432213067914,0.9586432213067914,False,both,min,none,none,0,moving_average,4,2.0,peak,12,-1,-1,12,False,0.9485399162797732,False,False,False,False,False,False,False,,,22.413793103448278
frame_000196.jpg,32.580372667155245,32.10473848283844,196,True,0.013765674925524102,0.0,0.0,0.06554928404117745,False,False,False,False,False,0.21000496232539523,0.12,0.18,False,False,True,True,True,32.580372667155245,32.10473848283844,32.580372667155245,32.10473848283844,False,False,False,False,0.9583415822039264,0.9517408849900192,0.9517408849900192,False,both,min,none,none,0,moving_average,4,2.0,peak,12,-1,-1,12,False,0.9561680199045319,False,False,False,False,False,False,False,,,22.52873563218391
frame_000197.jpg,32.65349968990061,32.13450392886364,197,True,0.01615928641591032,0.0,0.0,0.07694716466210012,False,False,False,False,False,0.21000496232539523,0.12,0.18,False,False,True,True,True,32.65349968990061,32.13450392886364,32.65349968990061,32.13450392886364,False,False,False,False,0.9940145017411767,0.9581199534167854,0.9581199534167854,False,both,min,none,none,0,moving_average,4,2.0,peak,12,-1,-1,12,False,0.9506055213997644,False,False,False,False,False,False,False,,,22.643678160919542
frame_000198.jpg,32.60780686336997,32.05907983670762,198,True,0.012843310049934996,0.0,0.0,0.061157174133984235,False,False,False,False,True,0.21000496232539523,0.12,0.18,False,False,True,True,True,32.60780686336997,32.05907983670762,32.60780686336997,32.05907983670762,False,False,True,True,0.9717245675545656,0.9419557257924885,0.9419557257924885,False,both,min,none,none,0,moving_average,4,2.0,peak,12,-1,-1,12,False,0.9508309956912864,False,False,False,False,False,False,False,,,22.758620689655174
frame_000199.jpg,32.6354430935543,32.10789474754923,199,True,0.0717333430938526,0.15872684418933536,0.0019062659690868514,1.3227237015777946,False,True,False,True,True,0.21000496232539523,0.12,0.18,False,False,True,True,True,32.6354430935543,32.10789474754923,32.6354430935543,32.10789474754923,False,False,True,True,0.9852061093795526,0.9524173078645854,0.9524173078645854,False,both,min,none,none,0,moving_average,4,2.0,peak,12,-1,-1,12,False,0.952066467641079,False,False,False,False,False,False,False,,,22.873563218390807
frame_000200.jpg,32.649956069856366,32.15179847934199,200,True,0.06865499809688862,0.15872684418933533,0.0019062659690868514,1.3227237015777944,False,True,False,True,True,0.21000496232539523,0.12,0.18,False,False,True,True,True,32.649956069856366,32.15179847934199,32.649956069856366,32.15179847934199,False,False,True,True,0.9922858483930266,0.9618263692661633,0.9618263692661633,False,both,min,none,none,0,moving_average,4,2.0,peak,12,-1,-1,12,False,0.957358122862934,True,False,False,False,False,False,False,9,,22.98850574712644
frame_000201.jpg,32.606385105565046,32.133154200244384,201,True,0.018636109545511842,0.0,0.0,0.08874128182093075,False,False,False,False,True,0.21000496232539523,0.12,0.18,False,False,True,True,True,32.606385105565046,32.133154200244384,32.606385105565046,32.133154200244384,False,False,True,True,0.9710310038092833,0.9578306914580533,0.9578306914580533,False,both,min,none,none,0,moving_average,4,2.0,peak,12,-1,-1,12,False,0.953714346575208,False,False,False,False,False,False,False,,,23.10344827586207
frame_000202.jpg,32.5577926028748,32.0568879456947,202,True,0.01112785183551603,0.0,0.0,0.05298851852021392,False,False,False,False,False,0.21000496232539523,0.12,0.18,False,False,True,True,True,32.5577926028748,32.0568879456947,32.5577926028748,32.0568879456947,False,False,False,False,0.9473265458195366,0.9414859790014075,0.9414859790014075,False,both,min,none,none,0,moving_average,4,2.0,peak,12,-1,-1,12,False,0.9461766441156593,False,False,False,False,False,False,False,,,23.218390804597703
frame_000203.jpg,32.597862390267736,32.04628319370612,203,True,0.014683281469380966,0.0,0.0,0.06991873576125188,False,False,False,False,False,0.21000496232539523,0.12,0.18,False,False,True,True,True,32.597862390267736,32.04628319370612,32.597862390267736,32.04628319370612,False,False,False,False,0.9668734417258591,0.9392132618875171,0.9392132618875171,False,both,min,none,none,0,moving_average,4,2.0,peak,12,-1,-1,12,False,0.9382547945116957,False,False,False,False,False,False,False,,,23.333333333333336
frame_000204.jpg,32.60589548313988,32.022261494116435,204,True,0.0008919637827059891,0.0,0.0,0.0042473462190094485,False,False,False,False,False,0.21000496232539523,0.12,0.18,False,False,True,True,True,32.60589548313988,32.022261494116435,32.60589548313988,32.022261494116435,False,False,False,False,0.9707921555597474,0.9340651426461628,0.9340651426461628,False,both,min,none,none,0,moving_average,4,2.0,peak,12,-1,-1,12,False,0.9348000803397201,False,False,False,False,False,False,False,,,23.448275862068968
frame_000205.jpg,32.577383857852936,32.00852769870929,205,True,0.010162812357681631,0.0,0.0,0.048393201023196365,False,False,False,False,False,0.21000496232539523,0.12,0.18,False,False,True,True,True,32.577383857852936,32.00852769870929,32.577383857852936,32.00852769870929,False,False,False,False,0.9568835773549569,0.9311218364854806,0.9311218364854806,False,both,min,none,none,0,moving_average,4,2.0,peak,12,-1,-1,12,False,0.9312843712484233,False,False,False,False,False,False,False,,,23.5632183908046
frame_000206.jpg,32.5756498410289,31.9970691193948,206,True,0.009126454193726463,0.0,0.0,0.04345827876002923,False,False,False,False,False,0.21000496232539523,0.12,0.18,False,False,True,True,True,32.5756498410289,31.9970691193948,32.5756498410289,31.9970691193948,False,False,False,False,0.9560376870080254,0.928666134613627,0.928666134613627,False,both,min,none,none,0,moving_average,4,2.0,peak,12,-1,-1,12,False,0.9285276103903548,False,False,False,False,False,False,False,,,23.678160919540232
frame_000207.jpg,32.554795693951476,31.983671431570198,207,True,0.00870591459177914,0.0,0.0,0.041455756546788805,False,False,False,False,False,0.21000496232539523,0.12,0.18,False,False,True,True,True,32.554795693951476,31.983671431570198,32.554795693951476,31.983671431570198,False,False,False,False,0.9458645898028888,0.9257948600719568,0.9257948600719568,False,both,min,none,none,0,moving_average,4,2.0,peak,12,-1,-1,12,False,0.9257770470611852,False,False,False,False,False,False,False,,,23.793103448275865
frame_000208.jpg,32.543087566769984,31.970024391249964,208,True,0.010147335150475513,0.0,0.0,0.04831950177802264,False,False,False,False,False,0.21000496232539523,0.12,0.18,False,False,True,True,True,32.543087566769984,31.970024391249964,32.543087566769984,31.970024391249964,False,False,False,False,0.9401531159427865,0.9228701464979718,0.9228701464979718,False,both,min,none,none,0,moving_average,4,2.0,peak,12,-1,-1,12,False,0.9206974565394039,False,False,False,False,False,False,False,,,23.908045977011497
frame_000209.jpg,32.562660992069716,31.92596330861289,209,True,0.018836661011109593,0.0,0.0,0.0896962662335705,False,False,False,False,False,0.21000496232539523,0.12,0.18,False,False,True,True,True,32.562660992069716,31.92596330861289,32.562660992069716,31.92596330861289,False,False,False,False,0.9497014497812507,0.9134273630482834,0.9134273630482834,False,both,min,none,none,0,moving_average,4,2.0,peak,12,-1,-1,12,False,0.9265362621760959,False,False,False,False,False,False,False,,,24.02298850574713
frame_000210.jpg,32.5495615789099,32.120315763714714,210,True,0.01746387162367443,0.0,0.0,0.08315932838108264,False,False,False,False,False,0.21000496232539523,0.12,0.18,False,False,True,True,True,32.5495615789099,32.120315763714714,32.5495615789099,32.120315763714714,False,False,False,False,0.9433112769820325,0.9550792707319491,0.9433112769820325,False,both,min,none,none,0,moving_average,4,2.0,peak,12,-1,-1,12,False,0.9345872370107763,False,False,False,False,False,False,False,,,24.13793103448276
frame_000211.jpg,32.55717050044608,32.134584429923464,211,True,0.018625579050937386,0.0,0.0,0.08869113779358086,False,False,False,False,False,0.21000496232539523,0.12,0.18,False,False,True,True,True,32.55717050044608,32.134584429923464,32.55717050044608,32.134584429923464,False,False,False,False,0.9470230710020128,0.9581372056954386,0.9470230710020128,False,both,min,none,none,0,moving_average,4,2.0,peak,12,-1,-1,12,False,0.9484008170662946,False,False,False,False,False,False,False,,,24.252873563218394
frame_000212.jpg,32.57325227498282,32.17448874085128,212,True,0.01988565155174539,0.0,0.0,0.09469134124999046,False,False,False,False,False,0.21000496232539523,0.12,0.18,False,False,True,True,True,32.57325227498282,32.17448874085128,32.57325227498282,32.17448874085128,False,False,False,False,0.9548681032148387,0.9666891464160995,0.9548681032148387,False,both,min,none,none,0,moving_average,4,2.0,peak,12,-1,-1,12,False,0.9495559515918871,False,False,False,False,False,False,False,,,24.367816091954026
frame_000213.jpg,32.55666541704449,32.18311157286526,213,True,0.009080340344531576,0.0,0.0,0.04323869419076827,False,False,False,False,False,0.21000496232539523,0.12,0.18,False,False,True,True,True,32.55666541704449,32.18311157286526,32.55666541704449,32.18311157286526,False,False,False,False,0.94677668055881,0.968537115883888,0.94677668055881,False,both,min,none,none,0,moving_average,4,2.0,peak,12,-1,-1,12,False,0.9520920720468813,False,False,False,False,False,False,False,,,24.48275862068966
frame_000214.jpg,32.57276711608083,32.13768079439471,214,True,0.016186072342632984,0.0,0.0,0.0770747136801141,False,False,False,False,False,0.21000496232539523,0.12,0.18,False,False,True,True,True,32.57276711608083,32.13768079439471,32.57276711608083,32.13768079439471,False,False,False,False,0.9546314323669955,0.9588007912778476,0.9546314323669955,False,both,min,none,none,0,moving_average,4,2.0,peak,12,-1,-1,12,False,0.9528300086950507,False,False,False,False,False,False,False,,,24.59770114942529
frame_000215.jpg,32.58118079133261,32.12966031704014,215,True,0.006389764727890685,0.0,0.0,0.030426732097834773,False,False,False,False,False,0.21000496232539523,0.12,0.18,False,False,True,True,True,32.58118079133261,32.12966031704014,32.58118079133261,32.12966031704014,False,False,False,False,0.9587358023933048,0.9570819131593465,0.9570819131593465,False,both,min,none,none,0,moving_average,4,2.0,peak,12,-1,-1,12,False,0.9586694600536733,False,False,False,False,False,False,False,,,24.712643678160923
frame_000216.jpg,32.592576833704115,32.185291568221565,216,True,0.025865709500621815,0.0,0.0,0.12316713478676669,False,False,False,False,False,0.21000496232539523,0.12,0.18,False,False,True,True,True,32.592576833704115,32.185291568221565,32.592576833704115,32.185291568221565,False,False,False,False,0.9642950346346778,0.9690043133025374,0.9642950346346778,False,both,min,none,none,0,moving_average,4,2.0,peak,12,-1,-1,12,False,0.9608378311341049,True,False,False,False,False,False,False,10,,24.827586206896555
frame_000217.jpg,32.60594875199443,32.148579685079,217,True,0.021807330844868945,0.0,0.0,0.1038419787960975,False,False,False,False,False,0.21000496232539523,0.12,0.18,False,False,True,True,True,32.60594875199443,32.148579685079,32.60594875199443,32.148579685079,False,False,False,False,0.970818141241796,0.9611365456082908,0.9611365456082908,False,both,min,none,none,0,moving_average,4,2.0,peak,12,-1,-1,12,False,0.9516759578927785,False,False,False,False,False,False,False,,,24.942528735632187
frame_000218.jpg,32.634659278309776,32.00140934438552,218,True,0.045156213177805715,0.0,0.0,0.21502450550591165,False,False,False,False,False,0.21000496232539523,0.12,0.18,False,False,True,True,True,32.634659278309776,32.00140934438552,32.634659278309776,32.00140934438552,False,False,False,False,0.9848237476054742,0.9295962934353671,0.9295962934353671,False,both,min,none,none,0,moving_average,4,2.0,peak,12,-1,-1,12,False,0.932258458738788,False,False,False,False,False,False,False,,,25.05747126436782
frame_000219.jpg,32.4731632347575,31.94485784778964,219,True,0.05948791282296758,0.0,0.0,0.2832690816648093,False,False,False,False,False,0.21000496232539523,0.12,0.18,False,False,True,True,True,32.4731632347575,31.94485784778964,32.4731632347575,31.94485784778964,False,False,False,False,0.9060425371727064,0.9174766743940188,0.9060425371727064,False,both,min,none,none,0,moving_average,4,2.0,peak,12,-1,-1,12,False,0.9094884885959706,False,False,False,False,False,False,False,,,25.172413793103452
frame_000220.jpg,32.49031041589004,31.829838010618747,220,True,0.008366071603892097,0.0,0.0,0.03983749484418928,False,False,False,False,False,0.21000496232539523,0.12,0.18,False,False,True,True,True,32.49031041589004,31.829838010618747,32.49031041589004,31.829838010618747,False,False,False,False,0.914407297419569,0.8928266351798385,0.8928266351798385,False,both,min,none,none,0,moving_average,4,2.0,peak,12,-1,-1,12,False,0.8972830748148308,False,False,False,False,False,False,False,,,25.287356321839084
frame_000221.jpg,32.44748510343973,31.830553871072222,221,True,0.017839403965790774,0.0,0.0,0.08494753537370822,False,False,False,False,False,0.21000496232539523,0.12,0.18,False,False,True,True,True,32.44748510343973,31.830553871072222,32.44748510343973,31.830553871072222,False,False,False,False,0.8935161976886651,0.8929800520919475,0.8929800520919475,False,both,min,none,none,0,moving_average,4,2.0,peak,12,-1,-1,12,False,0.8922089740346618,False,False,False,False,False,False,False,,,25.402298850574716
frame_000222.jpg,32.453421526672166,31.820475922417593,222,True,0.008872744199873167,0.0,0.0,0.04225016448004293,False,False,False,False,False,0.21000496232539523,0.12,0.18,False,False,True,True,True,32.453421526672166,31.820475922417593,32.453421526672166,31.820475922417593,False,False,False,False,0.8964121114064583,0.8908202348321994,0.8908202348321994,False,both,min,none,none,0,moving_average,4,2.0,peak,12,-1,-1,12,False,0.8912957176939887,False,False,False,False,False,False,False,,,25.517241379310345
frame_000223.jpg,32.452402259396685,31.817053942242207,223,True,0.008600574548137936,0.0,0.0,0.04095414914439808,False,False,False,False,False,0.21000496232539523,0.12,0.18,False,False,True,True,True,32.452402259396685,31.817053942242207,32.452402259396685,31.817053942242207,False,False,False,False,0.8959148911157895,0.8900868661578195,0.8900868661578195,False,both,min,none,none,0,moving_average,4,2.0,peak,12,-1,-1,12,False,0.8952477273623619,False,False,False,False,False,False,False,,,25.632183908045977
frame_000224.jpg,32.470690083077486,32.116244735944605,224,True,0.017079061559154066,0.0,0.0,0.08132694280190707,False,False,False,False,False,0.21000496232539523,0.12,0.18,False,False,True,True,True,32.470690083077486,32.116244735944605,32.470690083077486,32.116244735944605,False,False,False,False,0.904836081097067,0.9542068038893285,0.904836081097067,False,both,min,none,none,0,moving_average,4,2.0,peak,12,-1,-1,12,False,0.9013572171718108,False,False,False,False,False,False,False,,,25.74712643678161
frame_000225.jpg,32.47953066288589,32.1330769320411,225,True,0.008790664704838401,0.0,0.0,0.04185931897750863,False,False,False,False,False,0.21000496232539523,0.12,0.18,False,False,True,True,True,32.47953066288589,32.1330769320411,32.47953066288589,32.1330769320411,False,False,False,False,0.9091487042605461,0.9578141320167619,0.9091487042605461,False,both,min,none,none,0,moving_average,4,2.0,peak,12,-1,-1,12,False,0.9071398726757216,False,False,False,False,False,False,False,,,25.862068965517242
frame_000226.jpg,32.47601734442351,32.118028667685074,226,True,0.03013353490012312,0.0,0.0,0.1434896326565478,False,False,False,False,False,0.21000496232539523,0.12,0.18,False,False,True,True,True,32.47601734442351,32.118028667685074,32.47601734442351,32.118028667685074,False,False,False,False,0.9074348326695518,0.9545891204395829,0.9074348326695518,False,both,min,none,none,0,moving_average,4,2.0,peak,12,-1,-1,12,False,0.9164055822316214,False,False,False,False,False,False,False,,,25.977011494252874
frame_000227.jpg,32.527672278162925,32.20426553707257,227,True,0.05093616133753581,0.0,0.0,0.24254741780154718,False,False,False,False,False,0.21000496232539523,0.12,0.18,False,False,True,True,True,32.527672278162925,32.20426553707257,32.527672278162925,32.20426553707257,False,False,False,False,0.9326332097647664,0.9730706473170002,0.9326332097647664,False,both,min,none,none,0,moving_average,4,2.0,peak,12,-1,-1,12,False,0.9279311516136998,False,False,False,False,False,False,False,,,26.091954022988507
frame_000228.jpg,32.55041052794514,32.127793361873145,228,True,0.08443316712371811,0.0,0.0,0.4020532000233971,False,False,False,False,False,0.21000496232539523,0.12,0.18,False,False,True,True,True,32.55041052794514,32.127793361873145,32.55041052794514,32.127793361873145,False,False,False,False,0.9437254124067812,0.9566818037590072,0.9437254124067812,False,both,min,none,none,0,moving_average,4,2.0,peak,12,-1,-1,12,False,0.936108284237256,True,False,False,False,False,False,False,11,,26.20689655172414
frame_000229.jpg,,,229,False,,,,0.0,False,False,False,False,False,0.21000496232539523,0.12,0.18,True,True,False,False,False,,,32.52630501679052,32.14206170031394,True,True,False,False,0.9319662305402204,0.959739668478153,0.9319662305402204,False,missing,min,none,none,0,moving_average,4,2.0,peak,12,-1,-1,12,False,0.9319662305402215,False,False,False,False,False,False,False,,,26.32183908045977
frame_000230.jpg,,,230,False,,,,0.0,False,False,False,False,False,0.21000496232539523,0.12,0.18,True,True,False,False,False,,,32.502199505635915,32.15633003875473,True,True,False,False,0.9202070486736631,0.9627975331972987,0.9202070486736631,False,missing,min,none,none,0,moving_average,4,2.0,peak,12,-1,-1,12,False,0.9202070486736619,False,False,False,False,False,False,False,,,26.436781609195403
frame_000231.jpg,,,231,False,,,,0.0,False,False,False,False,False,0.21000496232539523,0.12,0.18,True,True,False,False,False,,,32.4780939944813,32.170598377195525,True,True,False,False,0.9084478668071023,0.9658553979164443,0.9084478668071023,False,missing,min,none,none,0,moving_average,4,2.0,peak,12,-1,-1,12,False,0.9084478668071034,False,False,False,False,False,False,False,,,26.551724137931036
frame_000232.jpg,,,232,False,,,,0.0,False,False,False,False,False,0.21000496232539523,0.12,0.18,True,True,False,False,False,,,32.45398848332669,32.18486671563632,True,True,False,False,0.896688684940545,0.96891326263559,0.896688684940545,False,missing,min,none,none,0,moving_average,4,2.0,peak,12,-1,-1,12,False,0.8966886849405438,False,False,False,False,False,False,False,,,26.666666666666668
frame_000233.jpg,,,233,False,,,,0.0,False,False,False,False,False,0.21000496232539523,0.12,0.18,True,True,False,False,False,,,32.429882972172074,32.19913505407711,True,True,False,False,0.8849295030739842,0.9719711273547356,0.8849295030739842,False,missing,min,none,none,0,moving_average,4,2.0,peak,12,-1,-1,12,False,0.8849295030739853,False,False,False,False,False,False,False,,,26.7816091954023
frame_000234.jpg,,,234,False,,,,0.0,False,False,False,False,False,0.21000496232539523,0.12,0.18,True,True,False,False,False,,,32.405777461017465,32.213403392517904,True,True,False,False,0.873170321207427,0.9750289920738813,0.873170321207427,False,missing,min,none,none,0,moving_average,4,2.0,peak,12,-1,-1,12,False,0.8731703212074258,False,False,False,False,False,False,False,,,26.896551724137932
frame_000235.jpg,,,235,False,,,,0.0,False,False,False,False,False,0.21000496232539523,0.12,0.18,True,True,False,False,False,,,32.38167194986285,32.227671730958704,True,True,False,False,0.8614111393408662,0.9780868567930285,0.8614111393408662,False,missing,min,none,none,0,moving_average,4,2.0,peak,12,-1,-1,12,False,0.8614111393408661,False,False,False,False,False,False,False,,,27.011494252873565
frame_000236.jpg,,,236,False,,,,0.0,False,False,False,False,False,0.21000496232539523,0.12,0.18,True,True,False,False,False,,,32.35756643870823,32.2419400693995,True,True,False,False,0.8496519574743054,0.9811447215121741,0.8496519574743054,False,missing,min,none,none,0,moving_average,4,2.0,peak,12,-1,-1,12,False,0.8496519574743064,False,False,False,False,False,False,False,,,27.126436781609197
frame_000237.jpg,,,237,False,,,,0.0,False,False,False,False,False,0.21000496232539523,0.12,0.18,True,True,False,False,False,,,32.333460927553624,32.25620840784029,True,True,False,False,0.8378927756077481,0.9842025862313198,0.8378927756077481,False,missing,min,none,none,0,moving_average,4,2.0,peak,12,-1,-1,12,False,0.8378927756077468,False,False,False,False,False,False,False,,,27.24137931034483
frame_000238.jpg,,,238,False,,,,0.0,False,False,False,False,False,0.21000496232539523,0.12,0.18,True,True,False,False,False,,,32.30935541639901,32.27047674628108,True,True,False,False,0.8261335937411873,0.9872604509504654,0.8261335937411873,False,missing,min,none,none,0,moving_average,4,2.0,peak,12,-1,-1,12,False,0.8261335937411884,False,False,False,False,False,False,False,,,27.35632183908046
frame_000239.jpg,,,239,False,,,,0.0,False,False,False,False,False,0.21000496232539523,0.12,0.18,True,True,False,False,False,,,32.2852499052444,32.28474508472188,True,True,False,False,0.8143744118746301,0.9903183156696111,0.8143744118746301,False,missing,min,none,none,0,moving_average,4,2.0,peak,12,-1,-1,12,False,0.8143744118746289,False,False,False,False,False,False,False,,,27.471264367816094
frame_000240.jpg,,,240,False,,,,0.0,False,False,False,False,False,0.21000496232539523,0.12,0.18,True,True,False,False,False,,,32.26114439408978,32.29901342316267,True,True,False,False,0.8026152300080693,0.9933761803887569,0.8026152300080693,False,missing,min,none,none,0,moving_average,4,2.0,peak,12,-1,-1,12,False,0.8026152300080704,False,False,False,False,False,False,False,,,27.586206896551726
frame_000241.jpg,,,241,False,,,,0.0,False,False,False,False,False,0.21000496232539523,0.12,0.18,True,True,False,False,False,,,32.237038882935174,32.31328176160346,True,True,False,False,0.790856048141512,0.9964340451079025,0.790856048141512,False,missing,min,none,none,0,moving_average,4,2.0,peak,12,-1,-1,12,False,0.7908560481415108,False,False,False,False,False,False,False,,,27.70114942528736
frame_000242.jpg,32.21293337178056,32.327550100044256,242,True,,,,0.0,False,False,False,False,True,0.21000496232539523,0.12,0.18,False,False,True,True,True,32.21293337178056,32.327550100044256,32.21293337178056,32.327550100044256,False,False,True,True,0.7790968662749512,0.9994919098270482,0.7790968662749512,False,both,min,none,none,0,moving_average,4,2.0,peak,12,-1,-1,12,False,0.8451446484468659,False,False,False,False,False,False,False,,,27.81609195402299
frame_000243.jpg,32.59500804423468,32.28163262696025,243,True,0.217791964358766,0.0,0.0,1.0370800858567575,True,False,False,True,True,0.21000496232539523,0.12,0.18,False,False,True,True,True,32.59500804423468,32.28163262696025,32.59500804423468,32.28163262696025,False,False,True,True,0.9654810309241346,0.9896512811148455,0.9654810309241346,False,both,min,none,none,0,moving_average,4,2.0,peak,12,-1,-1,12,False,0.9033529760410733,False,False,False,False,False,False,False,,,27.931034482758623
frame_000244.jpg,32.59500804423468,32.28163262696025,244,True,0.0,0.0,0.0,0.0,False,False,False,False,True,0.21000496232539523,0.12,0.18,False,False,True,True,True,32.59500804423468,32.28163262696025,32.59500804423468,32.28163262696025,False,False,True,True,0.9654810309241346,0.9896512811148455,0.9654810309241346,False,both,min,none,none,0,moving_average,4,2.0,peak,12,-1,-1,12,False,0.9646091401157175,True,False,False,False,False,False,False,12,,28.045977011494255
frame_000245.jpg,32.612884914878975,32.15664651919018,245,True,0.25578176318607027,0.0,0.0,1.217979615118549,True,False,False,True,True,0.21000496232539523,0.12,0.18,False,False,True,True,True,32.612884914878975,32.15664651919018,32.612884914878975,32.15664651919018,False,False,True,True,0.9742017492595754,0.9628653584988838,0.9628653584988838,False,both,min,none,none,0,moving_average,4,2.0,peak,12,-1,-1,12,False,0.9206928944584181,False,False,False,False,False,False,False,,,28.160919540229887
frame_000246.jpg,,,246,False,,,,0.0,False,False,False,False,True,0.21000496232539523,0.12,0.18,True,True,False,False,False,,,32.33643279001303,31.55409721172339,True,True,False,False,0.8393425134257261,0.8337322939522357,0.8337322939522357,False,missing,min,none,none,0,moving_average,4,2.0,peak,12,-1,-1,12,False,0.8336936433476654,False,False,False,False,False,False,False,,,28.27586206896552
frame_000247.jpg,32.05998066514708,30.9515479042566,247,True,,,,0.0,False,False,False,False,False,0.21000496232539523,0.12,0.18,False,False,True,True,True,32.05998066514708,30.9515479042566,32.05998066514708,30.9515479042566,False,False,False,False,0.7044832775918768,0.7045992294055876,0.7044832775918768,False,both,min,none,none,0,moving_average,4,2.0,peak,12,-1,-1,12,False,0.7350011845712359,False,False,False,False,False,False,False,,,28.390804597701152
frame_000248.jpg,31.982707911430914,31.007473143184043,248,True,0.13729073291313545,0.0,0.0,0.6537499466341579,False,False,False,False,False,0.21000496232539523,0.12,0.18,False,False,True,True,True,31.982707911430914,31.007473143184043,31.982707911430914,31.007473143184043,False,False,False,False,0.6667879821695952,0.7165846344151225,0.6667879821695952,False,both,min,none,none,0,moving_average,4,2.0,peak,12,-1,-1,12,False,0.6745995894896095,False,False,False,False,False,False,False,,,28.505747126436784
frame_000249.jpg,31.9534749251556,30.865707312314452,249,True,0.0601995513706821,0.0,0.0,0.28665775657912806,False,False,False,False,False,0.21000496232539523,0.12,0.18,False,False,True,True,True,31.9534749251556,30.865707312314452,31.9534749251556,30.865707312314452,False,False,False,False,0.6525275087073568,0.6862026292226245,0.6525275087073568,False,both,min,none,none,0,moving_average,4,2.0,peak,12,-1,-1,12,False,0.6587004310127424,False,False,False,False,False,False,False,,,28.620689655172416
frame_000250.jpg,31.96220413280949,30.834673154962196,250,True,0.02297708005421099,0.0,0.0,0.10941208150409713,False,False,False,False,False,0.21000496232539523,0.12,0.18,False,False,True,True,True,31.96220413280949,30.834673154962196,31.96220413280949,30.834673154962196,False,False,False,False,0.6567858021612752,0.6795516617501567,0.6567858021612752,False,both,min,none,none,0,moving_average,4,2.0,peak,12,-1,-1,12,False,0.6520097934768385,False,False,False,False,False,False,False,,,28.73563218390805
frame_000251.jpg,31.956445858327687,30.6814586130262,251,True,0.02117935647349471,0.0,0.0,0.10085169530745682,False,False,False,False,False,0.21000496232539523,0.12,0.18,False,False,True,True,True,31.956445858327687,30.6814586130262,31.956445858327687,30.6814586130262,False,False,False,False,0.6539767931991846,0.6467160695618835,0.6467160695618835,False,both,min,none,none,0,moving_average,4,2.0,peak,12,-1,-1,12,False,0.6536149996048048,False,False,False,False,False,False,False,,,28.85057471264368
frame_000252.jpg,31.963346610446866,30.931784682518312,252,True,0.04475931784345454,0.0,0.0,0.21313457238263528,False,False,False,False,False,0.21000496232539523,0.12,0.18,False,False,True,True,True,31.963346610446866,30.931784682518312,31.963346610446866,30.931784682518312,False,False,False,False,0.6573431270912558,0.7003637496585287,0.6573431270912558,False,both,min,none,none,0,moving_average,4,2.0,peak,12,-1,-1,12,False,0.6516641239579997,False,False,False,False,False,False,False,,,28.965517241379313
frame_000253.jpg,31.95020665155638,30.753044668254685,253,True,0.046590533123908845,0.0,0.0,0.22185443909519847,False,False,False,False,False,0.21000496232539523,0.12,0.18,False,False,True,True,True,31.95020665155638,30.753044668254685,31.95020665155638,30.753044668254685,False,False,False,False,0.6509331752208599,0.6620577628903902,0.6509331752208599,False,both,min,none,none,0,moving_average,4,2.0,peak,12,-1,-1,12,False,0.651567631029364,False,False,False,False,False,False,False,,,29.080459770114945
frame_000254.jpg,31.940968464509176,31.040366397300712,254,True,0.053221883388121255,0.0,0.0,0.2534315513252293,False,False,False,False,False,0.21000496232539523,0.12,0.18,False,False,True,True,True,31.940968464509176,31.040366397300712,31.940968464509176,31.040366397300712,False,False,False,False,0.6464265907759764,0.7236340271442497,0.6464265907759764,False,both,min,none,none,0,moving_average,4,2.0,peak,12,-1,-1,12,False,0.6451674358637289,False,False,False,False,False,False,False,,,29.195402298850578
frame_000255.jpg,31.923986735489326,31.49305092741728,255,True,0.11393972190744982,0.0,0.0,0.5425572836269662,False,False,False,False,False,0.21000496232539523,0.12,0.18,False,False,True,True,True,31.923986735489326,31.49305092741728,31.923986735489326,31.49305092741728,False,False,False,False,0.6381425415943505,0.8206493915674069,0.6381425415943505,False,both,min,none,none,0,moving_average,4,2.0,peak,12,-1,-1,12,False,0.643700284698624,False,False,False,False,False,False,False,,,29.31034482758621
frame_000256.jpg,31.94118397569918,31.682124246944046,256,True,0.03578565660552509,0.0,0.0,0.17040386193387413,False,False,False,False,False,0.21000496232539523,0.12,0.18,False,False,True,True,True,31.94118397569918,31.682124246944046,31.94118397569918,31.682124246944046,False,False,False,False,0.6465317217255452,0.8611699213762385,0.6465317217255452,False,both,min,none,none,0,moving_average,4,2.0,peak,12,-1,-1,12,False,0.65916354956415,False,False,False,False,False,False,False,,,29.425287356321842
frame_000257.jpg,32.036064341399054,31.72506172755006,257,True,0.05116270942894268,0.0,0.0,0.24362619274523561,False,False,False,False,False,0.21000496232539523,0.12,0.18,False,False,True,True,True,32.036064341399054,31.72506172755006,32.036064341399054,31.72506172755006,False,False,False,False,0.6928163853725544,0.8703719043274386,0.6928163853725544,False,both,min,none,none,0,moving_average,4,2.0,peak,12,-1,-1,12,False,0.6758248567334089,False,False,False,False,False,False,False,,,29.540229885057474
frame_000258.jpg,32.02645032446429,31.746402146764613,258,True,0.03053725099022647,0.0,0.0,0.14541204480163702,False,False,False,False,False,0.21000496232539523,0.12,0.18,False,False,True,True,True,32.02645032446429,31.746402146764613,32.02645032446429,31.746402146764613,False,False,False,False,0.6881264631021273,0.8749453951567137,0.6881264631021273,False,both,min,none,none,0,moving_average,4,2.0,peak,12,-1,-1,12,False,0.6930462821573244,False,False,False,False,False,False,False,,,29.655172413793107
frame_000259.jpg,32.04709217595461,31.752393381825947,259,True,0.023585395502563965,0.0,0.0,0.1123087532856449,False,False,False,False,False,0.21000496232539523,0.12,0.18,False,False,True,True,True,32.04709217595461,31.752393381825947,32.04709217595461,31.752393381825947,False,False,False,False,0.6981959979972918,0.8762293839262668,0.6981959979972918,False,both,min,none,none,0,moving_average,4,2.0,peak,12,-1,-1,12,False,0.6950357220117738,False,False,False,False,False,False,False,,,29.77011494252874
frame_000260.jpg,32.04829898454355,31.813599106186928,260,True,0.023755909205929928,0.0,0.0,0.11312070411517701,False,False,False,False,False,0.21000496232539523,0.12,0.18,False,False,True,True,True,32.04829898454355,31.813599106186928,32.04829898454355,31.813599106186928,False,False,False,False,0.6987847049359021,0.889346456100425,0.6987847049359021,False,both,min,none,none,0,moving_average,4,2.0,peak,12,-1,-1,12,False,,False,False,False,False,False,False,False,,,29.88505747126437
