frame_name,left_temp,right_temp,left_x,left_y,right_x,right_y,left_conf,right_conf,nostril_spacing,roi_radius,left_source,right_source,status,left_temp_r16,left_temp_r17,left_temp_r18,left_temp_r19,left_temp_r20,left_temp_r21,left_temp_r22,left_temp_r23,left_temp_r24,right_temp_r16,right_temp_r17,right_temp_r18,right_temp_r19,right_temp_r20,right_temp_r21,right_temp_r22,right_temp_r23,right_temp_r24
frame_000000.jpg,33.54018269741024,33.38855220580053,530.18359375,870.8345336914062,417.2428283691406,869.2617797851562,0.9997718930244446,0.9783892631530762,112.95171552333301,20,detected,detected,ok,33.596440981836324,33.5819721710635,33.566937682354734,33.55322366914981,33.54018269741024,33.52958132611019,33.51729445399292,33.50639921393664,33.49515207270976,33.53959363097912,33.50309186059885,33.46678842890263,33.42796226737738,33.38855220580053,33.354076442745836,33.30861052594091,33.26534215998194,33.220051674426486
frame_000001.jpg,33.452210508138684,33.25075646358495,534.1026611328125,862.6744995117188,418.9046630859375,862.76611328125,0.9997758269309998,0.9657368063926697,115.19803447581293,20,detected,detected,ok,33.49472579589993,33.48631660852999,33.47680230402242,33.465820071969446,33.452210508138684,33.439583770306065,33.42118951317915,33.40270188459076,33.38485093365527,33.42019749854464,33.381177650474,33.34293864564715,33.299187071863216,33.25075646358495,33.2068117950054,33.154445388361175,33.10737158940856,33.05997599077119
frame_000002.jpg,33.30693629366309,33.21757721237735,533.1082153320312,856.2346801757812,419.99462890625,858.2232666015625,0.9998155236244202,0.9687795639038086,113.13106518580777,20,detected,detected,ok,33.358191905942945,33.34592898101396,33.33403327087343,33.32140204107213,33.30693629366309,33.2954462558702,33.28050829270731,33.2655502760453,33.25089391729093,33.39189143899046,33.34986649361641,33.309580460068815,33.26419053175398,33.21757721237735,33.176926287922456,33.128235118160724,33.08456632545646,33.04148056497163
frame_000003.jpg,33.30693629366309,33.21757721237735,533.1082153320312,856.2346801757812,419.99462890625,858.2232666015625,0.9998155236244202,0.9687795639038086,113.13106518580777,20,detected,detected,ok,33.358191905942945,33.34592898101396,33.33403327087343,33.32140204107213,33.30693629366309,33.2954462558702,33.28050829270731,33.2655502760453,33.25089391729093,33.39189143899046,33.34986649361641,33.309580460068815,33.26419053175398,33.21757721237735,33.176926287922456,33.128235118160724,33.08456632545646,33.04148056497163
frame_000004.jpg,33.225451383922284,33.192858838216665,534.0541381835938,859.33837890625,421.27642822265625,857.8463134765625,0.9999269247055054,0.9694424867630005,112.78757964988792,20,detected,detected,ok,33.27293959839358,33.262869180427195,33.251313006687035,33.23868272521061,33.225451383922284,33.214568819700766,33.20097340977668,33.18920712757229,33.17739524664984,33.36840138231821,33.32731053401392,33.284640299051176,33.23900934118485,33.192858838216665,33.15296103801006,33.10417226203977,33.06051918843779,33.01753302924784
frame_000005.jpg,33.223342201665595,32.96548637095862,534.9711303710938,858.081298828125,419.23797607421875,858.1012573242188,0.9999053478240967,0.8952189683914185,115.73315601782336,20,detected,detected,ok,33.26061491460949,33.251886316965724,33.24329367384447,33.23339598666488,33.223342201665595,33.21432087850039,33.20285667509965,33.19308636313986,33.183473747400875,33.158899271280504,33.115619925538965,33.06812427256668,33.01826800065684,32.96548637095862,32.92050226377464,32.86807621134508,32.82052008810739,32.77232059634799
frame_000006.jpg,33.258328909584286,33.470510465462674,536.5537109375,849.76171875,429.654541015625,847.0186157226562,0.999775230884552,0.9979490637779236,106.93435904424979,20,detected,detected,ok,33.28845972379422,33.28294564952229,33.27639981160518,33.26910182021533,33.258328909584286,33.250294663634676,33.23830989989916,33.2263487300938,33.214893278988384,33.63800391121853,33.60150164351423,33.562328257661626,33.51697326109971,33.470510465462674,33.430117228872696,33.38081587681828,33.33692113454921,33.294030518931734
frame_000007.jpg,33.54645676943889,33.460892552393325,553.8374633789062,845.4837646484375,442.5885009765625,843.9598388671875,0.9998335838317871,0.998127281665802,111.25939953722944,20,detected,detected,ok,33.645181422370165,33.62170635254602,33.59765571862209,33.57282939494641,33.54645676943889,33.52491473867077,33.499026820140266,33.476676914831344,33.456009307932675,33.632083855713915,33.59060481271984,33.550060640532394,33.505973515966225,33.460892552393325,33.421457851311395,33.37843832085264,33.341471018703565,33.30631131588993
frame_000008.jpg,33.567344248855285,33.41275950021307,560.1897583007812,843.0694580078125,454.3735656738281,844.4034423828125,0.9994949102401733,0.9965651631355286,105.82460080896688,20,detected,detected,ok,33.6521001911298,33.63270527048175,33.6125086856758,33.59098466564335,33.567344248855285,33.54747592332787,33.523273300345046,33.501393805339454,33.48119730262225,33.572878367108586,33.53284638254405,33.49307928467749,33.451476601390674,33.41275950021307,33.37946389002418,33.3421764468766,33.30991326561101,33.279803515621246
frame_000009.jpg,33.4795264966477,33.57100865390232,562.9500732421875,843.9908447265625,461.1827697753906,842.5051879882812,0.9997863173484802,0.9991540908813477,101.77814711836292,20,detected,detected,ok,33.55253983000997,33.53439043582927,33.517494382502484,33.50005888196809,33.4795264966477,33.461689418563594,33.43971560385019,33.41974610116509,33.401234833167294,33.7580434104065,33.71211253835523,33.66592648155737,33.617158764948925,33.57100865390232,33.53109957241272,33.484859993787474,33.44510761027173,33.40725191632048
frame_000010.jpg,33.471094186870914,33.52999740485379,563.6395263671875,845.7284545898438,463.8935852050781,843.7921752929688,0.9989282488822937,0.9980581402778625,99.76473302640815,20,detected,detected,ok,33.54821959515362,33.53027103660424,33.512178268540026,33.49155142999402,33.471094186870914,33.45235876689646,33.42999828406253,33.41162569813345,33.39379253964694,33.71134205535598,33.666082290632026,33.62021989305834,33.57347568032852,33.52999740485379,33.49220919846255,33.44849802565561,33.4108628039164,33.37494691187936
frame_000011.jpg,33.25080414120706,33.34495347818997,568.7376708984375,846.2525024414062,468.0678405761719,843.8494262695312,0.9991543292999268,0.9981009364128113,100.69850799392007,20,detected,detected,ok,33.33465376357346,33.31116480241407,33.28905417984252,33.26959315072624,33.25080414120706,33.23717818302987,33.22037111200571,33.20670589678817,33.19366042339949,33.50461320739134,33.461218287802815,33.421926918482335,33.38362824704714,33.34495347818997,33.31112648196878,33.27353518937699,33.24097948812172,33.20984359600254
frame_000012.jpg,33.19386874914897,33.20261474702493,570.2130126953125,845.8846435546875,469.1348876953125,844.0964965820312,0.9985873699188232,0.9989752769470215,101.09394058553383,20,detected,detected,ok,33.27714488087688,33.2534210721664,33.231678474326614,33.21225717198998,33.19386874914897,33.18030262127986,33.16365171539458,33.149494175947076,33.13591677740033,33.329045640062915,33.29462868559196,33.264108303428486,33.23316225147649,33.20261474702493,33.17589957249004,33.14696406943073,33.12116696168728,33.096221556706794
frame_000013.jpg,33.140625981780026,33.17373134305455,569.9683837890625,846.1373901367188,468.4054260253906,844.3764038085938,0.9993771910667419,0.9984449744224548,101.57822336777328,20,detected,detected,ok,33.2207089476493,33.19780295682338,33.17720121416167,33.158542089030995,33.140625981780026,33.127632787965624,33.11219356309659,33.09864496674592,33.08582269613764,33.29966235643365,33.267034717382806,33.23670988646672,33.204213211204596,33.17373134305455,33.14705311148084,33.11745779792987,33.090732409255466,33.063927946917296
frame_000014.jpg,33.11244248171005,33.05811203303603,569.2342529296875,844.6980590820312,465.4612731933594,844.0396118164062,0.998878538608551,0.9891408681869507,103.77506866371121,20,detected,detected,ok,33.184821034720265,33.16432567059485,33.14591237458241,33.129707420610806,33.11244248171005,33.099658179292504,33.08385646249637,33.070424902795516,33.05771390170705,33.161626533203005,33.134512748875885,33.10899365240919,33.08181689097931,33.05811203303603,33.03628908534824,33.01228865642428,32.991230231307775,32.970299038506504
frame_000015.jpg,33.149331780667815,33.11025680530142,571.8507690429688,845.6264038085938,463.17901611328125,846.6008911132812,0.9995529055595398,0.9992495179176331,108.67612207986647,20,detected,detected,ok,33.19554875159791,33.18713458624782,33.17708766259436,33.165598155096575,33.149331780667815,33.13646218951361,33.120077462840655,33.105092672477326,33.0901377498004,33.23084244045127,33.19882814423594,33.169521692476344,33.13953254465939,33.11025680530142,33.08358832954672,33.05485083566445,33.02948200291288,33.00472320762465
frame_000016.jpg,33.31154023972371,33.15247445714972,571.5978393554688,846.47705078125,464.1494140625,844.9567260742188,0.9997615218162537,0.9997628331184387,107.45918055314537,20,detected,detected,ok,33.35398748490528,33.34653815541615,33.337055547050284,33.325682706560926,33.31154023972371,33.298509035085445,33.28020105047918,33.26155443110153,33.242371409822745,33.255231815709855,33.22823215938741,33.203170737060375,33.177836682687136,33.15247445714972,33.12956949856815,33.10576647534023,33.08584959402059,33.06716136370689
frame_000017.jpg,33.39146006853917,33.204529760309654,570.6755981445312,846.0631713867188,463.66119384765625,847.1322631835938,0.9997534155845642,0.9992726445198059,107.01974436656613,20,detected,detected,ok,33.434296627069045,33.42576112940425,33.41668072433653,33.40564388487961,33.39146006853917,33.378566849091,33.36193706746401,33.344552473496556,33.32739200186937,33.33372409746852,33.30054118037999,33.26798540546551,33.23494856396074,33.204529760309654,33.180241991086874,33.15422854725639,33.13195020741603,33.11055276431315
frame_000018.jpg,33.443145530392236,33.32817928878537,572.445068359375,847.7564697265625,463.00244140625,848.259521484375,0.9997460246086121,0.9993932247161865,109.44378308278603,20,detected,detected,ok,33.48174253026369,33.47454988981925,33.46588499388387,33.456039548844736,33.443145530392236,33.4313850812521,33.41574117372626,33.40053393882249,33.38464139698902,33.47746949159791,33.440181569540826,33.403549573479594,33.364856410462586,33.32817928878537,33.297205861384874,33.26405334492736,33.23623076563706,33.20889028386659
frame_000019.jpg,33.4232735873462,33.294401018439146,571.8577880859375,847.182861328125,464.3988952636719,848.0193481445312,0.9996700286865234,0.9995449185371399,107.46214848392522,20,detected,detected,ok,33.448959960959826,33.44496284945006,33.440245220877806,33.43298935320581,33.4232735873462,33.41396449858765,33.40101832054119,33.387621077502274,33.373274719627716,33.440975135169666,33.403863870888685,33.36734556974876,33.32955378750496,33.294401018439146,33.265933166395605,33.23600153050189,33.209847461575166,33.18415619514889
frame_000020.jpg,33.28829366004282,33.239963431383146,570.3919067382812,850.8961181640625,463.81597900390625,851.5133666992188,0.9995854496955872,0.9995773434638977,106.57771515751722,20,detected,detected,ok,33.31337032823069,33.308418118251474,33.302630077735,33.29579150688657,33.28829366004282,33.28148004443215,33.271839019162144,33.26291914194626,33.25343347908237,33.408716686366844,33.364302166206805,33.32172609147652,33.27927151128202,33.239963431383146,33.207046695366046,33.17228646344714,33.14227743505546,33.114406622972474
frame_000021.jpg,33.18678682829392,33.19685644740839,569.9631958007812,849.6199951171875,462.9877014160156,850.1224975585938,0.9995959401130676,0.9996577501296997,106.9766745957671,20,detected,detected,ok,33.197925578131766,33.19763162021277,33.19560109623059,33.19220857598791,33.18678682829392,33.18175464613928,33.174012381585236,33.16617932708218,33.15764490388763,33.36379679044122,33.321219807835114,33.27934235281214,33.23665722954572,33.19685644740839,33.16322354016795,33.1274334520043,33.09708881212989,33.069686383580716
frame_000022.jpg,33.068578570208096,33.06366890635199,567.8270874023438,847.6659545898438,463.0707092285156,848.0870361328125,0.9996193647384644,0.999561607837677,104.75722446573278,20,detected,detected,ok,33.05893315562872,33.06293601375739,33.06632722029621,33.06889290340561,33.068578570208096,33.06755952959938,33.0642548872047,33.05986112208511,33.05507353753532,33.18631557237939,33.15365083501874,33.1224450366572,33.091843415120614,33.06366890635199,33.04014080576269,33.013538747268996,32.990953919911064,32.96990522742532
frame_000023.jpg,33.073491247721215,32.97665686793638,568.370849609375,845.3275756835938,462.97039794921875,847.4074096679688,0.9992024302482605,0.9993100166320801,105.42097001814912,20,detected,detected,ok,33.060766352295346,33.066392102238254,33.070858205766676,33.07326840556344,33.073491247721215,33.07234148337118,33.06749931254291,33.06194447039717,33.05529815116856,33.06660440621604,33.04323259607142,33.0213830943496,32.9985149195721,32.97665686793638,32.95761326565096,32.93675139369659,32.91845966258137,32.90057630791216
frame_000024.jpg,33.158441158250405,33.18442305499705,566.3775024414062,848.8775024414062,458.3647766113281,850.1469116210938,0.9998444318771362,0.9998161196708679,108.02018487722145,20,detected,detected,ok,33.17880495787544,33.17761800177631,33.17360048108377,33.16828499824179,33.158441158250405,33.15142146917853,33.13903276132468,33.12727333421707,33.11520876988458,33.32291240311828,33.28737415199494,33.252893629620196,33.21811299161113,33.18442305499705,33.15404094923555,33.1208212465279,33.09127652926085,33.06288615629262
frame_000025.jpg,33.408311537544414,33.34786243220243,563.9723510742188,849.9923706054688,454.22235107421875,849.7265625,0.9995342493057251,0.9991822838783264,109.7503218854001,20,detected,detected,ok,33.464552917409954,33.45345255846838,33.44103929387274,33.427168477146374,33.408311537544414,33.39380817426254,33.37299795568588,33.35368046931206,33.331605874828824,33.47575210770715,33.445268215441516,33.41571231154681,33.38178051670367,33.34786243220243,33.31632173686257,33.27870894596386,33.24355484337489,33.209499259785886
frame_000026.jpg,33.4487699884121,33.391535569753316,560.0985717773438,848.6380615234375,451.0333251953125,848.2180786132812,0.999629020690918,0.9988222718238831,109.06605520345963,20,detected,detected,ok,33.4869486370477,33.48090127664895,33.47275788726046,33.462498786157,33.4487699884121,33.436208287672486,33.41891001214847,33.40086333179231,33.38141815875396,33.51902127645704,33.48853011513893,33.45844156749987,33.42602194506647,33.391535569753316,33.35967083000175,33.32148852337662,33.286230405091814,33.25076373284021
frame_000027.jpg,33.46800273162726,33.39465725620816,559.86279296875,849.4766235351562,449.8515625,848.5093994140625,0.9998055100440979,0.9987780451774597,110.0154823274836,20,detected,detected,ok,33.50021362275506,33.49624834844108,33.49014547043482,33.48092997113942,33.46800273162726,33.45610301286883,33.43781335776555,33.41896771004399,33.398860730114386,33.51916541283475,33.49144599556452,33.4631465586664,33.42979571415709,33.39465725620816,33.36181863786827,33.32118984954494,33.285106747229946,33.24949034065736
frame_000028.jpg,33.46800273162726,33.39465725620816,559.86279296875,849.4766235351562,449.8515625,848.5093994140625,0.9998055100440979,0.9987780451774597,110.0154823274836,20,detected,detected,ok,33.50021362275506,33.49624834844108,33.49014547043482,33.48092997113942,33.46800273162726,33.45610301286883,33.43781335776555,33.41896771004399,33.398860730114386,33.51916541283475,33.49144599556452,33.4631465586664,33.42979571415709,33.39465725620816,33.36181863786827,33.32118984954494,33.285106747229946,33.24949034065736
frame_000029.jpg,33.34354116989829,33.36829847863959,559.4310302734375,849.5177001953125,449.3421936035156,848.8521728515625,0.9997041821479797,0.995705783367157,110.09084832983173,20,detected,detected,ok,33.37860142448746,33.370872805780856,33.36255290536242,33.35370835781907,33.34354116989829,33.33421234121487,33.321190789801406,33.30610202953398,33.28898927055009,33.50439198229405,33.473007565315406,33.44176941707536,33.406937704368936,33.36829847863959,33.33393995698514,33.29337276437828,33.25628259278347,33.21986702635271
frame_000030.jpg,33.29819389843586,33.3232350113256,560.3312377929688,849.3171997070312,449.32049560546875,848.6931762695312,0.9997058510780334,0.9970201849937439,111.012496081613,20,detected,detected,ok,33.32020313457575,33.31704015529901,33.31283415981056,33.30674852608818,33.29819389843586,33.29048245518209,33.27923944943532,33.26911397109438,33.25870582665001,33.44940551617727,33.42137313852393,33.3920099407968,33.35876682980304,33.3232350113256,33.29111427856114,33.25282585861976,33.21823610685515,33.183505264404786
frame_000031.jpg,33.24037819545648,33.253931053333375,560.9493408203125,849.5202026367188,449.4813537597656,848.8917846679688,0.9996312856674194,0.9974668025970459,111.46975844808175,20,detected,detected,ok,33.24985425189721,33.25035060588942,33.24872122387936,33.24611648945832,33.24037819545648,33.23580356129525,33.226681009483514,33.217797503701654,33.20782353799293,33.37573524863831,33.348357984840995,33.319390475869056,33.28694482811685,33.253931053333375,33.22446337730022,33.1894113125672,33.156649616211546,33.125001583348016
frame_000032.jpg,33.272937659679165,33.2440306803528,560.1773681640625,849.13818359375,449.25079345703125,848.951171875,0.9995868802070618,0.9971446394920349,110.92673234895877,20,detected,detected,ok,33.28082533884119,33.28215548460975,33.28112412843873,33.2785992691256,33.272937659679165,33.2678680255335,33.25757332995037,33.24721847203272,33.236124848230325,33.364653370551146,33.33748957829895,33.30912086016563,33.276597140869335,33.2440306803528,33.21504220978506,33.18111631636708,33.15053262116395,33.12025569659651
frame_000033.jpg,33.27111775693629,33.27587112629762,557.996826171875,850.0413818359375,447.20989990234375,849.7490844726562,0.9996401071548462,0.9962664246559143,110.78731186376504,20,detected,detected,ok,33.27541251601284,33.2774371871509,33.277472939096654,33.276761571259726,33.27111775693629,33.26576967943045,33.25571057958975,33.24588572174686,33.234820569291735,33.40007645968841,33.372666157463634,33.34341133956817,33.309877210188795,33.27587112629762,33.246120501884015,33.210951546445315,33.17826848453698,33.146476039775465
frame_000034.jpg,33.34093187764192,33.27603377600406,554.720703125,848.4732055664062,445.7166442871094,848.4867553710938,0.9993359446525574,0.9960456490516663,109.00405968004829,20,detected,detected,ok,33.34458237343064,33.346550969974885,33.34693613580629,33.346265291454266,33.34093187764192,33.33477424933649,33.32516076919696,33.31481481037751,33.30387934539247,33.38702470060975,33.35899990870946,33.332169416538385,33.30500830734831,33.27603377600406,33.25035982957209,33.22065005275849,33.19368149786805,33.16681208139374
frame_000035.jpg,33.50293300650718,33.3575683915198,554.1263427734375,847.3405151367188,440.6192321777344,848.3209838867188,0.9995785355567932,0.9863091707229614,113.51134513675233,20,detected,detected,ok,33.52088326907536,33.52088810294229,33.518126359287955,33.51342820496734,33.50293300650718,33.49370585962678,33.478443472524056,33.46304621698669,33.44735095709351,33.48685323703203,33.45527402715417,33.42483102057706,33.392034367210115,33.3575683915198,33.32690233942921,33.28967732279385,33.256716388266625,33.223867962800604
frame_000036.jpg,33.51273006971011,33.344277842471016,554.1009521484375,847.5830688476562,440.6402893066406,847.6126708984375,0.9996165037155151,0.9975587129592896,113.4606667034057,20,detected,detected,ok,33.52612815967358,33.52923986600204,33.52689504489582,33.522703651732854,33.51273006971011,33.50504556636154,33.49070032156747,33.476402773532385,33.46108288496464,33.48219487327848,33.45070162550433,33.41703083135859,33.38089967955739,33.344277842471016,33.31297141213268,33.27555835983606,33.24270289130936,33.21094169441162
frame_000037.jpg,33.46805998329651,33.21888027899403,551.9898681640625,847.4297485351562,439.2228698730469,847.1695556640625,0.9995637536048889,0.9985291957855225,112.76729846855466,20,detected,detected,ok,33.490463680427496,33.489805207662634,33.48512994782956,33.47892289313273,33.46805998329651,33.45845256840409,33.444377091491795,33.430040162331395,33.41469909337943,33.348430593639016,33.31622887381033,33.28664042796665,33.253154605823,33.21888027899403,33.19012287036924,33.157196811519775,33.128423346447505,33.10091175449886
frame_000038.jpg,33.26113201967994,32.84885751066358,548.770263671875,854.7281494140625,440.1222839355469,853.986328125,0.9993000030517578,0.9838772416114807,108.65051219212211,20,detected,detected,ok,33.269405739453546,33.26830824692776,33.26714227722934,33.26595845859533,33.26113201967994,33.25513090023351,33.244268321086814,33.23221083044777,33.21930856857363,32.900662574149344,32.885857494402856,32.873194948184846,32.86045942678194,32.84885751066358,32.83858180272083,32.82710716862349,32.816300784591306,32.805509469857306
frame_000039.jpg,33.155944824899784,32.912190390066115,536.5813598632812,852.3265380859375,427.03814697265625,851.2716674804688,0.998601496219635,0.9851498603820801,109.54829182782848,20,detected,detected,ok,33.19724606927332,33.1866907934969,33.177617839299366,33.16772235502718,33.155944824899784,33.145334389504164,33.13282967946159,33.12307007151559,33.11346881421784,33.0237481634885,32.99445814680223,32.96700655643225,32.9389251559389,32.912190390066115,32.88905079980864,32.864672451983985,32.844029010146386,32.824003956783415
frame_000040.jpg,33.219257671974646,32.96413570999223,526.5587158203125,846.7559814453125,416.4275207519531,846.7894897460938,0.9994749426841736,0.957180917263031,110.1312001659441,20,detected,detected,ok,33.25731740187689,33.24724120288916,33.23807348984519,33.22930812095981,33.219257671974646,33.211756453328334,33.20270074849142,33.193991526594644,33.18490610586814,33.085339277196006,33.053529326403705,33.02353734235604,32.992494081103374,32.96413570999223,32.940327637837484,32.91397859474933,32.890821454639536,32.86854055306751
frame_000041.jpg,33.346532709859055,33.19547656758616,512.760986328125,839.4965209960938,400.56304931640625,841.4769287109375,0.9990463852882385,0.893323540687561,112.21541375587678,20,detected,detected,ok,33.345944019793684,33.34833837083075,33.34891560355701,33.34870553499727,33.346532709859055,33.344522844284,33.34060949255637,33.33504753154783,33.328718684501865,33.32524054906653,33.295028429320716,33.264553866066215,33.230645281141584,33.19547656758616,33.16499833257494,33.12725839188606,33.093434523812086,33.05929941867097
frame_000042.jpg,33.50877598081716,33.309518278024946,505.302490234375,839.1610717773438,390.005615234375,839.2806396484375,0.9990983009338379,0.6817790269851685,115.29693699852318,20,detected,detected,ok,33.530743987214166,33.528302972799914,33.523512699399184,33.51763164335562,33.50877598081716,33.4998136605947,33.487649247040075,33.4755051723022,33.46227648007005,33.42980583830197,33.4059606661797,33.377102179449864,33.344473211422255,33.309518278024946,33.27735602324973,33.235716317195184,33.19604646934017,33.155657907116414
frame_000043.jpg,33.53289653624071,33.27912056998077,493.88287353515625,838.2601928710938,382.9669189453125,837.4990844726562,0.9993997812271118,0.017330391332507133,110.91856593271685,20,detected,opposite_inferred,opposite_inferred_repair,33.59133934282619,33.57870668358571,33.566285817820386,33.55080627629078,33.53289653624071,33.51615088563265,33.49576129206103,33.477802582457535,33.459529993784486,33.40705700998792,33.383078913771996,33.35556786526743,33.31936457467621,33.27912056998077,33.24195356755224,33.19515049249392,33.150783232513554,33.104838272334135
frame_000044.jpg,33.63422903480204,33.22654036744131,483.5797119140625,835.220947265625,372.66375732421875,834.4598388671875,0.9988560676574707,0.11254003643989563,110.91856593271685,20,detected,opposite_inferred,opposite_inferred_repair,33.68283953690761,33.67057864495695,33.6602685451866,33.64833315235529,33.63422903480204,33.61766245423474,33.598557930251346,33.58006381201118,33.56177661651342,33.35455700694209,33.326794263693984,33.29912705683045,33.267391820279684,33.22654036744131,33.187951970098354,33.138925628220974,33.09146109265852,33.0418570582697
frame_000045.jpg,33.387366640532626,32.93553485909975,477.4913635253906,834.7445068359375,366.5754089355469,833.9833984375,0.9995773434638977,0.001009453204460442,110.91856593271685,20,detected,opposite_inferred,opposite_inferred_repair,33.488501429698196,33.46063241988214,33.43402951720647,33.40912289544223,33.387366640532626,33.36831973653615,33.34876020811066,33.33251933760987,33.31780406763958,33.1321461128199,33.09183852266066,33.04587469851023,32.99237697861501,32.93553485909975,32.88527584895119,32.82255881751748,32.76411586005458,32.70628664204347
frame_000046.jpg,33.387366640532626,32.93553485909975,477.4913635253906,834.7445068359375,366.5754089355469,833.9833984375,0.9995773434638977,0.001009453204460442,110.91856593271685,20,detected,opposite_inferred,opposite_inferred_repair,33.488501429698196,33.46063241988214,33.43402951720647,33.40912289544223,33.387366640532626,33.36831973653615,33.34876020811066,33.33251933760987,33.31780406763958,33.1321461128199,33.09183852266066,33.04587469851023,32.99237697861501,32.93553485909975,32.88527584895119,32.82255881751748,32.76411586005458,32.70628664204347
frame_000047.jpg,33.317719678040554,32.659587813838385,472.86602783203125,833.0758666992188,361.9500732421875,832.3147583007812,0.9989551305770874,0.0018167104572057724,110.91856593271685,20,detected,opposite_inferred,opposite_inferred_repair,33.42305203073227,33.39361636088535,33.36652775364086,33.34022497327558,33.317719678040554,33.29966011461811,33.280087674021324,33.26339745114228,33.24781843574065,32.85605416913239,32.81139098069926,32.764763404508315,32.71393169734974,32.659587813838385,32.61113578105196,32.55187389217074,32.498580998383765,32.445501366352104
frame_000048.jpg,33.323634212767054,32.692135722959186,469.7322082519531,825.4683837890625,358.8162536621094,824.707275390625,0.9972025156021118,0.002027408452704549,110.91856593271685,20,detected,opposite_inferred,opposite_inferred_repair,33.403232241911105,33.382915242682124,33.36298450739239,33.343045351262155,33.323634212767054,33.30740060807943,33.29103290555531,33.278244744544374,33.26535177930689,32.88770499901672,32.84122763052512,32.79497600533844,32.74390268851735,32.692135722959186,32.6455317672255,32.58863221399672,32.536301289048424,32.4840781444472
frame_000049.jpg,33.450962218394515,33.20211408979091,477.7698974609375,812.4227294921875,366.85394287109375,811.66162109375,0.9875566959381104,0.013169446960091591,110.91856593271685,20,detected,opposite_inferred,opposite_inferred_repair,33.50088764728254,33.490289174019445,33.47895501254706,33.46654510690074,33.450962218394515,33.43864806103994,33.424077958449686,33.412499669598475,33.40139027009455,33.41504586978654,33.36714488505569,33.317904494276945,33.262467972156486,33.20211408979091,33.14938829102148,33.0843560582227,33.025837460929274,32.96828170605336
frame_000050.jpg,33.48884746094558,33.18327830865891,488.7763366699219,792.5552978515625,377.8603820800781,791.794189453125,0.9996336698532104,0.1841370165348053,110.91856593271685,20,detected,opposite_inferred,opposite_inferred_repair,33.583686797918,33.557424699777584,33.53387936306983,33.510847345501425,33.48884746094558,33.47141101285388,33.45331106032139,33.438513832451456,33.4245868795116,33.355995270368965,33.31607641104996,33.27522546356739,33.23025127013401,33.18327830865891,33.14219354853894,33.09164265340651,33.04554378686994,32.99840164898719
frame_000051.jpg,33.69071738987587,33.29751235341369,516.0892333984375,764.5391235351562,393.4776306152344,764.0758056640625,0.9994970560073853,0.8275701999664307,122.61247815991511,20,detected,detected,ok,33.753710192446064,33.73906338181691,33.724781793681146,33.70877688833564,33.69071738987587,33.67483262501427,33.65371183021713,33.63402905656762,33.61535219549356,33.43272793664944,33.40298059381823,33.371540054086815,33.336751259360916,33.29751235341369,33.26237380146747,33.21592197828362,33.17289562703974,33.12710126288353
frame_000052.jpg,33.69071738987587,33.29751235341369,516.0892333984375,764.5391235351562,393.4776306152344,764.0758056640625,0.9994970560073853,0.8275701999664307,122.61247815991511,20,detected,detected,ok,33.753710192446064,33.73906338181691,33.724781793681146,33.70877688833564,33.69071738987587,33.67483262501427,33.65371183021713,33.63402905656762,33.61535219549356,33.43272793664944,33.40298059381823,33.371540054086815,33.336751259360916,33.29751235341369,33.26237380146747,33.21592197828362,33.17289562703974,33.12710126288353
frame_000053.jpg,33.436766904617414,33.281393425526204,529.8574829101562,742.2021484375,416.161376953125,741.2699584960938,0.9998183846473694,0.9895756244659424,113.69992738730899,20,detected,detected,ok,33.49932820237173,33.48340373053039,33.4671813744405,33.452041378653036,33.436766904617414,33.42446377166377,33.410531859606856,33.39796144160778,33.38581834005605,33.40273507817011,33.37664683316959,33.34903898706834,33.317337959945164,33.281393425526204,33.24976976068733,33.21054303934931,33.17296113868316,33.13493495654191
frame_000054.jpg,33.198985312068956,33.24856226196129,558.1723022460938,717.3524169921875,445.0218200683594,718.1995239257812,0.9994891881942749,0.9708608984947205,113.15365308822658,20,detected,detected,ok,33.249565806851685,33.235018962433735,33.221743488156875,33.209777294728646,33.198985312068956,33.18908715400716,33.178957118959126,33.16965135143244,33.16146131109197,33.341671214149855,33.323478398607044,33.302817621949416,33.27704207374191,33.24856226196129,33.223509638211176,33.19144632162285,33.16101108054538,33.1296173493365
frame_000055.jpg,33.280116187576695,33.28452446711439,564.5607299804688,715.19091796875,451.5043029785156,715.8353271484375,0.9997124075889587,0.9716244339942932,113.05826351770499,20,detected,detected,ok,33.31412153179093,33.30656750343031,33.299113761174354,33.29097816284155,33.280116187576695,33.26969950965138,33.255879796488585,33.2424323288733,33.22915891069703,33.36765793588185,33.35393564301428,33.33676820004158,33.31324887247987,33.28452446711439,33.2578931290339,33.22402395449705,33.191137786501876,33.1572920035935
frame_000056.jpg,33.390429877002234,33.47592119139168,574.231689453125,716.5119018554688,454.26995849609375,712.7332153320312,0.9998099207878113,0.9740086793899536,120.02122881411253,20,detected,detected,ok,33.401933173730754,33.40061781575549,33.39825659911253,33.395646078483104,33.390429877002234,33.386080620073045,33.37806311018819,33.369599571564066,33.360065794860795,33.56636807660697,33.54755749153631,33.526785326669916,33.50419843585692,33.47592119139168,33.45069378458569,33.41642177202962,33.38382832825544,33.347496363498045
frame_000057.jpg,33.390429877002234,33.47592119139168,574.231689453125,716.5119018554688,454.26995849609375,712.7332153320312,0.9998099207878113,0.9740086793899536,120.02122881411253,20,detected,detected,ok,33.401933173730754,33.40061781575549,33.39825659911253,33.395646078483104,33.390429877002234,33.386080620073045,33.37806311018819,33.369599571564066,33.360065794860795,33.56636807660697,33.54755749153631,33.526785326669916,33.50419843585692,33.47592119139168,33.45069378458569,33.41642177202962,33.38382832825544,33.347496363498045
frame_000058.jpg,33.402079848016406,33.484076932920395,578.7825927734375,716.2525024414062,457.30780029296875,713.7529296875,0.9996970891952515,0.9335842132568359,121.50050646859468,20,detected,detected,ok,33.41149909748572,33.41002392630023,33.40839000530289,33.405791732523426,33.402079848016406,33.39804036198734,33.39148968591888,33.384500359383615,33.37556231681361,33.58448488561261,33.56458592439458,33.54277775520153,33.51583484158299,33.484076932920395,33.45297537386665,33.41171795003711,33.37298642809263,33.333566603794054
frame_000059.jpg,33.661387615847545,33.589568240666566,595.8676147460938,702.3707885742188,482.7798767089844,699.2112426757812,0.9998646974563599,0.9934837222099304,113.13186653032031,20,detected,detected,ok,33.74082403698081,33.7219752596732,33.703521372999916,33.68383978263001,33.661387615847545,33.640786124365114,33.615059285155596,33.59220669706322,33.56945487881782,33.7400012213491,33.70349104359639,33.66831547570275,33.62946842649116,33.589568240666566,33.55508282125159,33.51451881672333,33.47922043387758,33.4462200266207
frame_000060.jpg,33.47648189752442,33.3625134067266,603.3177490234375,701.5167846679688,493.7450256347656,700.5081787109375,0.9996925592422485,0.9916996955871582,109.5773653488117,20,detected,detected,ok,33.52331399048073,33.51158766249966,33.50074321421983,33.48901775851918,33.47648189752442,33.46538600623092,33.452219829949904,33.4394018119806,33.426193802824734,33.50975872391816,33.47297908963344,33.436258986349046,33.398281963747,33.3625134067266,33.33216799188748,33.299019108747856,33.27029695750077,33.242999757850505
frame_000061.jpg,33.3200090410759,32.983117432062656,616.8701171875,704.486572265625,505.2159423828125,700.890869140625,0.9997020363807678,0.9993665814399719,111.71205768527786,20,detected,detected,ok,33.422773006996294,33.3951390117645,33.36913217890445,33.344005820101835,33.3200090410759,33.29911636292767,33.274935661636206,33.254277069703846,33.23414582732676,33.027068843510264,33.01592786040674,33.004586776113,32.99348459489132,32.983117432062656,32.97392855025313,32.96429535589159,32.95615303378615,32.948124733655
frame_000062.jpg,33.26620372398057,32.89622300817467,621.7957763671875,706.7230224609375,512.97265625,705.188720703125,0.9998202919960022,0.9999511241912842,108.83393567230694,20,detected,detected,ok,33.33635615544668,33.318201901830236,33.30150447682313,33.28348948982906,33.26620372398057,33.25051604635168,33.23201684164271,33.21587812093318,33.199585621086484,32.93410069315173,32.92397173506422,32.91435578388663,32.90494364464965,32.89622300817467,32.88812300275434,32.879467796786734,32.87166419702473,32.86401708370026
frame_000063.jpg,33.250895780364395,32.96682981587011,626.78369140625,704.3148193359375,519.8026123046875,704.654541015625,0.9996377229690552,0.9998469352722168,106.98161849848049,20,detected,detected,ok,33.327182459846945,33.30764021573529,33.28973121903921,33.27035720159855,33.250895780364395,33.2326624055273,33.21212642423794,33.193705816656696,33.17587860651956,33.02585055648281,33.00926791872911,32.994552466465244,32.980320447637155,32.96682981587011,32.95500913748811,32.94149338369395,32.92964533479502,32.918051173566184
frame_000064.jpg,33.445250409383696,33.4357236291924,640.2880249023438,707.4052124023438,528.6759033203125,707.5369262695312,0.999745786190033,0.9997811913490295,111.61219930000902,20,detected,detected,ok,33.53384076561961,33.51247062870366,33.49157861985466,33.46842358401768,33.445250409383696,33.426314216453164,33.40402901667091,33.38246708692553,33.359708606787116,33.58402877067773,33.547864019058444,33.51195070638989,33.474635729822985,33.4357236291924,33.40150679278521,33.36230022257362,33.328401795993464,33.295672816215
frame_000065.jpg,33.445250409383696,33.4357236291924,640.2880249023438,707.4052124023438,528.6759033203125,707.5369262695312,0.999745786190033,0.9997811913490295,111.61219930000902,20,detected,detected,ok,33.53384076561961,33.51247062870366,33.49157861985466,33.46842358401768,33.445250409383696,33.426314216453164,33.40402901667091,33.38246708692553,33.359708606787116,33.58402877067773,33.547864019058444,33.51195070638989,33.474635729822985,33.4357236291924,33.40150679278521,33.36230022257362,33.328401795993464,33.295672816215
frame_000066.jpg,33.379304425474345,33.29595976201231,660.5318603515625,714.1416015625,552.125244140625,709.3828125,0.9992772936820984,0.9996476173400879,108.51101562351569,20,detected,detected,ok,33.48700954900992,33.462456404419704,33.436489129341126,33.407417802373864,33.379304425474345,33.354038350279204,33.32214866406181,33.29296108162023,33.259965872135844,33.403395194835866,33.374479109349075,33.347370481137304,33.3203585386484,33.29595976201231,33.274483146584636,33.25034981291215,33.22943320661739,33.20925949786464
frame_000067.jpg,33.22532483605564,33.41901505690955,698.1920776367188,718.4254760742188,588.4393310546875,719.865478515625,0.9965428709983826,0.9982884526252747,109.76219289596408,20,detected,detected,ok,33.46532937939677,33.423867078241734,33.37335850914411,33.30339049061334,33.22532483605564,33.13409503282645,33.026758075661604,32.9240538409506,32.821567881831484,33.58381855692368,33.540411345131595,33.49981911739218,33.45835542632426,33.41901505690955,33.3873629233896,33.35250751105708,33.3237011326295,33.29701537507867
frame_000068.jpg,32.165357284669255,33.22278834817309,723.1556396484375,728.8250122070312,612.2396850585938,728.0639038085938,0.3139050006866455,0.9991365075111389,110.91856593271685,20,opposite_inferred,detected,opposite_inferred_repair,32.668633388286146,32.543097585274054,32.418870509969395,32.29294358439981,32.165357284669255,32.06300943248081,31.946095548313266,31.84565833772396,31.753315333780357,33.36199104424376,33.32587054048525,33.291300153908914,33.25557598850662,33.22278834817309,33.196423676985816,33.16853701375017,33.14503830916295,33.12330826650105
frame_000069.jpg,32.23958384524911,33.04782835249977,766.4256591796875,747.1804809570312,655.5097045898438,746.4193725585938,0.0845436304807663,0.9984341263771057,110.91856593271685,20,opposite_inferred,detected,opposite_inferred_repair,32.25642333785919,32.25443539221452,32.25130291168415,32.24640732928119,32.23958384524911,32.23320544857234,32.2236709444756,32.21250237165404,32.19979801412151,33.15650782429053,33.12883077323897,33.10250126629643,33.07506200960828,33.04782835249977,33.02471944305115,32.99944682855066,32.977152957865464,32.95590968887816
frame_000070.jpg,31.070027427744883,33.445179437818,802.4669189453125,765.4588012695312,691.5509643554688,764.6976928710938,0.0026947048027068377,0.8893386125564575,110.91856593271685,20,opposite_inferred,detected,opposite_inferred_repair,31.345496897059455,31.27578369801913,31.208920838819004,31.139696937846296,31.070027427744883,31.01356232066115,30.94884399309135,30.895043095773275,30.84629811371236,33.57929610106718,33.54632560030394,33.51361348277564,33.47891991643095,33.445179437818,33.41540527164202,33.380534182956254,33.34726793755508,33.3149612720259
frame_000071.jpg,30.53524895620544,33.06791761734205,868.8682250976562,774.0330810546875,757.9522705078125,773.27197265625,0.00011623359023360536,0.9983009696006775,110.91856593271685,20,opposite_inferred,detected,opposite_inferred_repair,30.5855286147073,30.579516663866414,30.56914948660933,30.554365119654356,30.53524895620544,30.515203983548712,30.490687199837517,30.46851086163419,30.44546373267756,33.17840533310921,33.153269607782605,33.126819987450894,33.098233250456055,33.06791761734205,33.04336133615611,33.01367501048763,32.98658589893987,32.960000693385034
frame_000072.jpg,27.584940824037897,33.19991402722195,902.2149658203125,785.0252075195312,791.2990112304688,784.2640991210938,0.07111424952745438,0.5816434025764465,110.91856593271685,20,opposite_inferred,detected,opposite_inferred_repair,27.349205592626763,27.40835310752388,27.465573713105087,27.52525638229089,27.584940824037897,27.6330298250644,27.688242091976655,27.736070970755993,27.78036294192805,33.29480132803104,33.27177845546718,33.249458923828634,33.22577257664926,33.19991402722195,33.178636903183516,33.152257817561555,33.128567801495215,33.105459234854735
frame_000073.jpg,,,,,,,,,,20,missing,missing,no_detection,,,,,,,,,,,,,,,,,,
frame_000074.jpg,,,,,,,,,,20,missing,missing,no_detection,,,,,,,,,,,,,,,,,,
frame_000075.jpg,,,,,,,,,,20,missing,missing,no_detection,,,,,,,,,,,,,,,,,,
frame_000076.jpg,,,,,,,,,,20,missing,missing,no_detection,,,,,,,,,,,,,,,,,,
frame_000077.jpg,,,,,,,,,,20,missing,missing,no_detection,,,,,,,,,,,,,,,,,,
frame_000078.jpg,,,,,,,,,,20,missing,missing,no_detection,,,,,,,,,,,,,,,,,,
frame_000079.jpg,,,,,,,,,,20,missing,missing,no_detection,,,,,,,,,,,,,,,,,,
frame_000080.jpg,,,,,,,,,,20,missing,missing,no_detection,,,,,,,,,,,,,,,,,,
frame_000081.jpg,,,,,,,,,,20,missing,missing,no_detection,,,,,,,,,,,,,,,,,,
frame_000082.jpg,,,,,,,,,,20,missing,missing,no_detection,,,,,,,,,,,,,,,,,,
frame_000083.jpg,,,,,,,,,,20,missing,missing,no_detection,,,,,,,,,,,,,,,,,,
frame_000084.jpg,,,,,,,,,,20,missing,missing,no_detection,,,,,,,,,,,,,,,,,,
frame_000085.jpg,,,,,,,,,,20,missing,missing,no_detection,,,,,,,,,,,,,,,,,,
frame_000086.jpg,,,,,,,,,,20,missing,missing,no_detection,,,,,,,,,,,,,,,,,,
frame_000087.jpg,,,,,,,,,,20,missing,missing,no_detection,,,,,,,,,,,,,,,,,,
frame_000088.jpg,,,,,,,,,,20,missing,missing,no_detection,,,,,,,,,,,,,,,,,,
frame_000089.jpg,,,,,,,,,,20,missing,missing,no_detection,,,,,,,,,,,,,,,,,,
frame_000090.jpg,,,,,,,,,,20,missing,missing,no_detection,,,,,,,,,,,,,,,,,,
frame_000091.jpg,,,,,,,,,,20,missing,missing,no_detection,,,,,,,,,,,,,,,,,,
frame_000092.jpg,,,,,,,,,,20,missing,missing,no_detection,,,,,,,,,,,,,,,,,,
frame_000093.jpg,,,,,,,,,,20,missing,missing,no_detection,,,,,,,,,,,,,,,,,,
frame_000094.jpg,,,,,,,,,,20,missing,missing,no_detection,,,,,,,,,,,,,,,,,,
frame_000095.jpg,,,,,,,,,,20,missing,missing,no_detection,,,,,,,,,,,,,,,,,,
frame_000096.jpg,,,,,,,,,,20,missing,missing,no_detection,,,,,,,,,,,,,,,,,,
frame_000097.jpg,32.040146580453985,30.685274584359608,984.586181640625,765.9993896484375,851.7713012695312,760.1005859375,0.0010220818221569061,0.08056067675352097,132.9458097617526,20,low_conf_inferred,low_conf_inferred,low_conf_inferred_repair,32.090422568851,32.07763609338325,32.06596564058285,32.05307579659927,32.040146580453985,32.02901191097056,32.01484157369916,32.003070707059436,31.990733668981182,30.69145340848656,30.690014132793404,30.687828142074082,30.686315406716787,30.685274584359608,30.685390567800273,30.68616432235034,30.68733753708744,30.68888230372956
frame_000098.jpg,28.053422956016902,33.32998772259507,940.6688232421875,789.1648559570312,829.7528686523438,788.4037475585938,0.008012058213353157,0.6609315276145935,110.91856593271685,20,opposite_inferred,detected,opposite_inferred_repair,27.745524546196876,27.82661207283352,27.903329351973465,27.978661536747367,28.053422956016902,28.115860895056233,28.18893879990569,28.255746088492923,28.322025523710263,33.42694438195985,33.40549142394337,33.38361196782473,33.35836972484495,33.32998772259507,33.303795272495094,33.26664617680808,33.23114858641641,33.19520879816903
frame_000099.jpg,31.10745349149556,32.79386684941667,867.122314453125,801.7462158203125,756.2063598632812,800.985107421875,0.00024421417037956417,0.998992383480072,110.91856593271685,20,opposite_inferred,detected,opposite_inferred_repair,31.085068098175547,31.086670993895254,31.09243566830453,31.101886006056148,31.10745349149556,31.110001069910204,31.106918121483584,31.093865213472554,31.07914353668492,32.904050182301816,32.87801967097197,32.85147490452013,32.823112322318885,32.79386684941667,32.76811475165812,32.73865911968106,32.712541113752586,32.68654571380822
frame_000100.jpg,,32.87269980860245,1080.0,791.8056030273438,1045.260986328125,790.3351440429688,0.00014013025793246925,0.32896336913108826,34.77012108865092,20,missing,low_conf_inferred,low_conf_inferred_repair,,,,,,,,,,32.893547964224005,32.888626597608585,32.883602400616994,32.878282040692724,32.87269980860245,32.86879808939328,32.86411929576725,32.85950015727227,32.854739668224994
frame_000101.jpg,32.476556566320866,32.64386885613779,738.269287109375,832.9381713867188,627.3533325195312,832.1770629882812,0.0050128186121582985,0.992176353931427,110.91856593271685,20,opposite_inferred,detected,opposite_inferred_repair,32.553735061640296,32.53581753879355,32.51811584130106,32.49770165743018,32.476556566320866,32.45765960566088,32.43424847792879,32.41257795983248,32.39130997144252,32.78824796013236,32.751220618646435,32.71581192536332,32.680133613772696,32.64386885613779,32.61534544724135,32.583541315274175,32.55517185200587,32.52831942875059
frame_000102.jpg,32.49099838028995,32.86669218556565,678.9567260742188,860.9488525390625,561.4982299804688,858.4391479492188,0.9989854693412781,0.9986190795898438,117.48530513104082,20,detected,detected,ok,32.485600729837145,32.48906175511462,32.490951489387555,32.49122478591766,32.49099838028995,32.48969169400203,32.48712232891354,32.48455242264064,32.481817709928464,33.01665921158761,32.97802143056122,32.9422676643158,32.90368673748727,32.86669218556565,32.83527340062312,32.795688637908675,32.757659783009686,32.71869051583163
frame_000103.jpg,32.830152558397494,32.906280511448,638.0061645507812,870.18359375,515.88134765625,870.5133666992188,0.9984872341156006,0.987865149974823,122.12526213573022,20,detected,detected,ok,32.87178634168905,32.86220387618095,32.85339016598803,32.84230796874308,32.830152558397494,32.81791320668839,32.80321981198039,32.789428718260254,32.77439151468711,33.027966323407384,32.9994014900808,32.97085955638728,32.938843362840935,32.906280511448,32.87746108065359,32.843448872150844,32.8116670338547,32.78031359520457
frame_000104.jpg,33.21530565404596,33.179738325712705,598.054931640625,879.8724365234375,483.014892578125,879.9967651367188,0.9991625547409058,0.9818234443664551,115.04010624606362,20,detected,detected,ok,33.23047245477074,33.229225733765155,33.22681425895456,33.221767747161266,33.21530565404596,33.20742460645822,33.19703584297342,33.1864144692153,33.17411992134992,33.29654709847828,33.26856426944306,33.24180803936756,33.212336894928015,33.179738325712705,33.1482551499619,33.10983441254911,33.07398446664327,33.03748371995469
frame_000105.jpg,33.33815010443574,33.07877432843302,575.1734619140625,867.4434814453125,455.2547607421875,868.6323852539062,0.9998408555984497,0.9978761672973633,119.92459457098674,20,detected,detected,ok,33.35762348261439,33.356354139409994,33.35262516280793,33.346534446826,33.33815010443574,33.329183889537,33.314667431250875,33.300008244459995,33.28415793637963,33.23710011676929,33.198765864590975,33.160159239733176,33.119256743265765,33.07877432843302,33.04375865341694,33.00225082026701,32.965673488919315,32.930501512284415
frame_000106.jpg,33.30362577301189,33.14434543170621,571.206787109375,864.7655029296875,450.70697021484375,863.6985473632812,0.9997739195823669,0.9968262910842896,120.50454043643437,20,detected,detected,ok,33.32606248266741,33.323027517254076,33.31875005760619,33.313638628733905,33.30362577301189,33.29402048746348,33.27724558173156,33.260572045004935,33.24322857877851,33.31763205599452,33.274274423789976,33.23198402362493,33.18825500806711,33.14434543170621,33.10704375944851,33.06327524870475,33.02478152403697,32.98699119694086
frame_000107.jpg,33.30362577301189,33.14434543170621,571.206787109375,864.7655029296875,450.70697021484375,863.6985473632812,0.9997739195823669,0.9968262910842896,120.50454043643437,20,detected,detected,ok,33.32606248266741,33.323027517254076,33.31875005760619,33.313638628733905,33.30362577301189,33.29402048746348,33.27724558173156,33.260572045004935,33.24322857877851,33.31763205599452,33.274274423789976,33.23198402362493,33.18825500806711,33.14434543170621,33.10704375944851,33.06327524870475,33.02478152403697,32.98699119694086
frame_000108.jpg,33.26673717312828,32.940496113162254,566.0615844726562,862.1942749023438,450.8078308105469,860.4112548828125,0.9997239708900452,0.9988352656364441,115.2675448406716,20,detected,detected,ok,33.30929545880495,33.30467291703887,33.29695908243204,33.28407865146904,33.26673717312828,33.25163216894132,33.232148210145716,33.21465529747571,33.1958734560189,33.105271095489826,33.06349960026447,33.02307900595855,32.98139043656637,32.940496113162254,32.905379443647846,32.866118015930375,32.832963664313155,32.802300574479546
frame_000109.jpg,33.08086101429832,32.80255894037057,563.186767578125,860.7767333984375,449.9047546386719,858.6221923828125,0.999470055103302,0.9989338517189026,113.30249998390343,20,detected,detected,ok,33.16419152573062,33.141403433908835,33.12078680650959,33.100468497918804,33.08086101429832,33.06419419938599,33.04487382597192,33.027970598706084,33.0114982120161,32.95918747757537,32.91710986552389,32.87785962779747,32.83898978235828,32.80255894037057,32.77288300603193,32.740973279792684,32.71400640666737,32.688984937557905
frame_000110.jpg,32.810442308693304,32.6392706652577,560.15966796875,861.141357421875,447.98284912109375,858.4629516601562,0.9992040991783142,0.9987438321113586,112.2087899596297,20,detected,detected,ok,32.87906583108837,32.85971960680332,32.84217762162002,32.825454168003816,32.810442308693304,32.79868015996789,32.786022500535054,32.775612777320156,32.76657761644894,32.76437635145286,32.729824556777764,32.697917882794584,32.667516030143204,32.6392706652577,32.6155727312283,32.58929488404547,32.56641187460389,32.54375755424722
frame_000111.jpg,32.74660210756281,32.632398804965,555.84423828125,856.8885498046875,446.3240051269531,858.9552001953125,0.9987118244171143,0.9969118237495422,109.53973029914133,20,detected,detected,ok,32.79640951616551,32.78181179852014,32.768019874638384,32.75680940138881,32.74660210756281,32.739333624968744,32.731568133124895,32.725423417350534,32.71971083475619,32.771519530747796,32.7337890224997,32.69909174853277,32.66501753292807,32.632398804965,32.60639744809602,32.57757833917596,32.55293932378973,32.52906549676704
frame_000112.jpg,32.676954911381486,32.528517686233485,550.8765258789062,852.56787109375,445.1352233886719,855.9329223632812,0.9971805810928345,0.9987247586250305,105.79483268278192,20,detected,detected,ok,32.703604735541454,32.696420544094714,32.68962194508183,32.68335951036745,32.676954911381486,32.67199835189885,32.66537732586441,32.65991694546712,32.65531227361855,32.640064589788956,32.607530686160764,32.5792575714457,32.55227782426028,32.528517686233485,32.50914606485751,32.48726871748953,32.46706669043298,32.447401876287536
frame_000113.jpg,32.883655911338316,32.624379259766286,547.1929931640625,845.3900146484375,442.9800109863281,850.4389038085938,0.9866188168525696,0.9958403706550598,104.33521426694021,20,detected,detected,ok,32.85422030967972,32.86635680971816,32.87467230296188,32.88190124100126,32.883655911338316,32.88534336750153,32.883950000229646,32.88080484597253,32.87653895498998,32.738963309071444,32.70719666725859,32.67846616320647,32.65057281822241,32.624379259766286,32.601136822294336,32.5755833625051,32.55333689110688,32.531195715148705
frame_000114.jpg,33.075560173122675,32.770689104462065,552.3739624023438,842.140869140625,439.56390380859375,844.3463745117188,0.999494194984436,0.9996325969696045,112.83161602080878,20,detected,detected,ok,33.06865168469206,33.07675508771894,33.07946647797264,33.07944528285758,33.075560173122675,33.070158754066675,33.06032456609701,33.049044600012905,33.03611405868691,32.899939054914455,32.86656629478565,32.83499990635473,32.801799160868114,32.770689104462065,32.743339218987146,32.71199829437276,32.68484266818089,32.6592331176122
frame_000115.jpg,33.09707689363753,32.85540574791659,553.8328247070312,836.4682006835938,440.1269226074219,837.9031372070312,0.9997110962867737,0.9999061822891235,113.7149559869424,20,detected,detected,ok,33.1196039223998,33.11784676330704,33.113244576959616,33.105077649725665,33.09707689363753,33.086314553391226,33.07295183242608,33.060082629407944,33.04651072954994,32.99313242457541,32.95855764668284,32.92492149083896,32.88962628571646,32.85540574791659,32.823554535030205,32.78655169359213,32.754917259188225,32.72515415223691
frame_000116.jpg,33.09707689363753,32.85540574791659,553.8328247070312,836.4682006835938,440.1269226074219,837.9031372070312,0.9997110962867737,0.9999061822891235,113.7149559869424,20,detected,detected,ok,33.1196039223998,33.11784676330704,33.113244576959616,33.105077649725665,33.09707689363753,33.086314553391226,33.07295183242608,33.060082629407944,33.04651072954994,32.99313242457541,32.95855764668284,32.92492149083896,32.88962628571646,32.85540574791659,32.823554535030205,32.78655169359213,32.754917259188225,32.72515415223691
frame_000117.jpg,33.251026376761544,33.06155647181233,558.2988891601562,834.0634765625,439.467529296875,833.4362182617188,0.9998236298561096,0.9999303817749023,118.83301536160963,20,detected,detected,ok,33.343609042839496,33.323457592709765,33.30178027877045,33.276172711108096,33.251026376761544,33.22897491167168,33.20338717400156,33.1802398053792,33.15688901855702,33.227171182977834,33.18856257699757,33.14931363154223,33.106163720248034,33.06155647181233,33.022391119507034,32.975613715390715,32.93423666992757,32.89549378636164
frame_000118.jpg,33.26245622425957,33.08863976316937,564.1634521484375,834.544189453125,437.21905517578125,833.9624633789062,0.9995176792144775,0.9980891346931458,126.94572985325959,20,detected,detected,ok,33.33090499012594,33.31314637389481,33.29647965547841,33.28072648146785,33.26245622425957,33.24677162015186,33.22582727674385,33.206119525809314,33.18597751990847,33.257560309359725,33.21836859752391,33.178786434104964,33.13460533284077,33.08863976316937,33.04783187459461,32.99929763807415,32.95476924603159,32.911086797448974
frame_000119.jpg,33.11291787916418,33.00980225685527,564.4642944335938,833.93017578125,438.948486328125,832.99951171875,0.9997301697731018,0.9955551028251648,125.51925836287468,20,detected,detected,ok,33.13412740071796,33.12811097056818,33.122867574262905,33.11775169150263,33.11291787916418,33.10863599923101,33.101643492937875,33.09304841002655,33.08200564700366,33.20762714940213,33.15712343444939,33.108851573021795,33.0589045877636,33.00980225685527,32.967991155805095,32.9181877959699,32.87307767608023,32.82795604774212
frame_000120.jpg,32.889224992501,33.03739279876846,567.0997924804688,827.7335205078125,445.5550537109375,826.6510620117188,0.9998307228088379,0.9994238615036011,121.54955877727141,20,detected,detected,ok,32.909390133380235,32.90570034825978,32.90062839460803,32.89556665027893,32.889224992501,32.88401069542328,32.876916166381896,32.8697681274508,32.86218467254303,33.24000321453511,33.187946168252175,33.13794279746082,33.086843269590695,33.03739279876846,32.9962529338655,32.94898620180904,32.908025959583796,32.869049240034705
frame_000121.jpg,32.808631028481045,33.04279433362909,569.0712890625,823.1578979492188,450.9197692871094,823.2792358398438,0.9995629191398621,0.9992904663085938,118.15158208047077,20,detected,detected,ok,32.79929103780993,32.80334798135446,32.80644725566826,32.80871206390918,32.808631028481045,32.80822069363961,32.80639104872017,32.80386194407847,32.799932027746216,33.21104851894654,33.16884259699065,33.128048695190664,33.085714636611826,33.04279433362909,33.00618394458172,32.96310731977303,32.92447479962299,32.88682360555852
frame_000122.jpg,32.71449105853628,33.11459536508866,569.2199096679688,819.3656616210938,456.9276428222656,818.2275390625,0.9990220069885254,0.9907324314117432,112.29803433856257,20,detected,detected,ok,32.717042085684255,32.7143584864666,32.71273298713002,32.71377173125916,32.71449105853628,32.71613357585372,32.71632013913557,32.715424690030225,32.71409977689755,33.27901243428349,33.23773856585253,33.19706888556956,33.15518251274108,33.11459536508866,33.08067060469491,33.04074036280708,33.004738182876956,32.9696858939178
frame_000123.jpg,32.72843759838462,33.0494271486741,578.7587890625,815.7288208007812,466.6661376953125,816.880126953125,0.9998457431793213,0.9955956339836121,112.09856375700032,20,detected,detected,ok,32.70240483480505,32.70696880560699,32.713879402379504,32.72151555596817,32.72843759838462,32.733611582294536,32.73889007514111,32.74226940453604,32.744954681012146,33.206607072680036,33.167483584379745,33.12822680769229,33.08808695433015,33.0494271486741,33.01523733185572,32.97620229652059,32.94201472850591,32.90784421791082
frame_000124.jpg,33.08821651993104,33.52118877009075,588.4510498046875,807.302734375,478.471435546875,805.531005859375,0.999599277973175,0.9995891451835632,109.99388425830917,20,detected,detected,ok,33.10755720286717,33.106928663771996,33.10265389821867,33.09713941392643,33.08821651993104,33.081681966873376,33.071407533617105,33.06134089825774,33.05225191480475,33.696509448370236,33.65575173937617,33.61431059745568,33.56724024631371,33.52118877009075,33.481041001876264,33.434296894595896,33.393400844949014,33.354796882469614
frame_000125.jpg,33.30560253757455,33.58398294596031,595.4365234375,806.9295654296875,482.330078125,804.3316040039062,0.99992835521698,0.9955005049705505,113.13627788998275,20,detected,detected,ok,33.35264655868111,33.345683033244356,33.33593080894608,33.32430911826364,33.30560253757455,33.290588512900904,33.26949548182365,33.25031381802866,33.231949152152765,33.70746170051741,33.679060449355106,33.651178157496865,33.61923823732074,33.58398294596031,33.55144494911229,33.510974256928066,33.47271408180245,33.433797134556606
frame_000126.jpg,33.416926911439596,33.569183329186906,599.6649780273438,806.2357177734375,484.7027893066406,804.495849609375,0.9999151229858398,0.996692419052124,114.97535377933342,20,detected,detected,ok,33.440860396623634,33.43923167571383,33.4355840431708,33.42824267395564,33.416926911439596,33.40729969646007,33.39181835221215,33.37534810084305,33.35686821036415,33.72094969427209,33.68836293486152,33.65197420044323,33.61115526732413,33.569183329186906,33.53170777143122,33.48678211555174,33.447333902518864,33.40861483759144
frame_000127.jpg,33.3971131588591,33.53605531061235,600.0172729492188,806.6146850585938,485.5835266113281,805.4345092773438,0.9999078512191772,0.995026171207428,114.43983185848948,20,detected,detected,ok,33.41306478932538,33.41277619468102,33.40987985468918,33.40608237049262,33.3971131588591,33.38988371940261,33.37663672117637,33.364443417893355,33.34863487514331,33.700100654450175,33.66118877697909,33.622921027287006,33.580290596087636,33.53605531061235,33.496673920847066,33.45230304346223,33.41409246317783,33.37700071744266
frame_000128.jpg,33.39074555987375,33.53961726889564,598.1138305664062,805.849365234375,485.2708740234375,804.582275390625,0.9999041557312012,0.9958990216255188,112.85007026152208,20,detected,detected,ok,33.426128884426596,33.42308932095206,33.415321530664706,33.40594274659703,33.39074555987375,33.37880402387447,33.35964132509159,33.34001922211134,33.32058165217058,33.69871290008179,33.66193864324951,33.624993638022424,33.58340744026139,33.53961726889564,33.50065080123233,33.4553900463246,33.41530315739482,33.37708719852414
frame_000129.jpg,33.242565712031244,33.396160989121114,599.2271118164062,808.0545654296875,480.7979431152344,806.66845703125,0.9999010562896729,0.9860789179801941,118.43728000820876,20,detected,detected,ok,33.255067976983455,33.25346033132538,33.2517969592478,33.248041115185956,33.242565712031244,33.23596166915434,33.22471301678564,33.212673622153076,33.19884747726697,33.56603093354282,33.521436550803536,33.479308646336996,33.437128800467704,33.396160989121114,33.361248716662075,33.32184180891232,33.28718022518071,33.253724848440896
frame_000130.jpg,33.09768916228194,33.149957496886806,593.2386474609375,806.5776977539062,481.7046203613281,805.5865478515625,0.9998754262924194,0.9948902130126953,111.53843095178144,20,detected,detected,ok,33.12638515906136,33.122089982213026,33.1156999371454,33.1079632644533,33.09768916228194,33.08903692819702,33.07635881349478,33.06368969835395,33.05114040508931,33.25601045659277,33.22754446197624,33.201656151799206,33.17494115204276,33.149957496886806,33.12860597919391,33.105565700407915,33.085583915050314,33.065341356833876
frame_000131.jpg,33.102173404151685,33.100373050079504,589.2806396484375,801.6021118164062,478.6136779785156,801.0579833984375,0.9998774528503418,0.9971008896827698,110.66829934984634,20,detected,detected,ok,33.13529982929752,33.12874022407009,33.1214953200833,33.11316818728396,33.102173404151685,33.09420076580757,33.08181826471471,33.07224420027443,33.0631564724593,33.19167679195398,33.1697801915809,33.14762809697443,33.123602623993904,33.100373050079504,33.07979277795712,33.05741312402036,33.038360148429156,33.02079813984733
frame_000132.jpg,33.16627522842079,33.2705353835428,580.3397827148438,799.3460083007812,474.3900146484375,794.7053833007812,0.9998371601104736,0.9971629977226257,106.05134960817756,20,detected,detected,ok,33.20066125518901,33.19508631090459,33.188192447335474,33.17869403808257,33.16627522842079,33.15752146807037,33.146188960040035,33.135681912609044,33.12588653768156,33.38115225035572,33.35262431162911,33.32508942862894,33.29773037973136,33.2705353835428,33.24813454059935,33.221321894137695,33.196737714219935,33.1728762844001
frame_000133.jpg,33.258014238241685,33.3121065105901,583.996337890625,799.3482055664062,473.079345703125,796.9019775390625,0.9998063445091248,0.9943785071372986,110.94396417779427,20,detected,detected,ok,33.2713450251722,33.27224662971915,33.27045443700259,33.26698638231168,33.258014238241685,33.2525687588678,33.24137217108614,33.230057551448866,33.21678505632393,33.43001930754588,33.399299679083526,33.370139591297075,33.341279714949884,33.3121065105901,33.28672461410404,33.25818095282962,33.23344756447054,33.209284146690976
frame_000134.jpg,33.30809616256377,33.31746489347554,580.3230590820312,799.7081298828125,472.9264831542969,795.3253784179688,0.9998291730880737,0.9957085847854614,107.48596667195307,20,detected,detected,ok,33.349360828782096,33.34380807656645,33.335838341621894,33.324061026675416,33.30809616256377,33.295505880518554,33.27881788793434,33.263646026144734,33.248718387699164,33.43618148297204,33.405764225028584,33.37619753023461,33.346410404935746,33.31746489347554,33.29281400673664,33.26494167869733,33.23982149624019,33.21482249052695
frame_000135.jpg,33.39115704476608,33.35101143472054,580.4410400390625,800.1922607421875,472.0050354003906,795.7706298828125,0.9998606443405151,0.9959230422973633,108.52611631056668,20,detected,detected,ok,33.435617712025305,33.4280266076547,33.41874666233481,33.40694293517551,33.39115704476608,33.37768114786742,33.36011001081839,33.343159386604256,33.326355932483665,33.477857434341594,33.445326233842685,33.41421992854657,33.38298896462376,33.35101143472054,33.323747883262584,33.2933192938905,33.26725067285309,33.24190847919528
frame_000136.jpg,33.44882041582147,33.28099955240643,582.0938720703125,799.77294921875,473.9973449707031,796.1480712890625,0.9998645782470703,0.9987561702728271,108.15728783120312,20,detected,detected,ok,33.481118761522566,33.47880627915265,33.47208554547379,33.462536115937624,33.44882041582147,33.437343835136446,33.42019192413084,33.4036406120799,33.38702329172285,33.39872885730623,33.367583379922955,33.33859990980685,33.30937749758205,33.28099955240643,33.25690617089725,33.22902562285029,33.204029623839936,33.17942014070959
frame_000137.jpg,33.36636789365955,33.275684799324935,582.5928955078125,799.0347900390625,474.4735107421875,795.7967529296875,0.9998693466186523,0.9992918968200684,108.16786143036643,20,detected,detected,ok,33.3784791387842,33.380160307952245,33.37832810455099,33.37505082405966,33.36636789365955,33.35739607251064,33.343249214490186,33.33009403368077,33.31658975491072,33.39775495383295,33.36666734522331,33.33675384376171,33.30578402576027,33.275684799324935,33.25069482820508,33.22144564183808,33.19585808143568,33.17138058222881
frame_000138.jpg,33.2532652077408,33.21264169913161,582.30419921875,799.8563842773438,475.37689208984375,796.1649169921875,0.999866247177124,0.9993594288825989,106.99100869024848,20,detected,detected,ok,33.24938469261197,33.25587114519925,33.25853837920569,33.25837566463378,33.2532652077408,33.24805510116012,33.241163391073066,33.23363017269717,33.22618143363847,33.334890352189326,33.303406505357266,33.27423134929793,33.24331043621458,33.21264169913161,33.18504921585266,33.154326176501506,33.12825894740901,33.103394744470954
frame_000139.jpg,33.23081520884849,33.264439220093784,583.1541137695312,799.2098388671875,475.1861572265625,796.39306640625,0.9998699426651001,0.999491810798645,108.00469363486516,20,detected,detected,ok,33.20925346689999,33.219664984243344,33.22687956833741,33.23110687624707,33.23081520884849,33.22980832437271,33.22569917434143,33.220899477331315,33.21479395712724,33.39518221719999,33.36241694334783,33.33085442683801,33.29762859142282,33.264439220093784,33.23541567740628,33.20386178063044,33.176297418987026,33.150738276486095
frame_000140.jpg,33.43613112484137,33.406843526135496,584.1241455078125,797.0779418945312,475.1260986328125,795.0081176757812,0.9998879432678223,0.9996435642242432,109.01769762227242,20,detected,detected,ok,33.43490405619124,33.4415781349985,33.443675500036754,33.44304048984192,33.43613112484137,33.42932481786916,33.41853784958638,33.40594537807801,33.39243928545527,33.54695152102732,33.512851988127714,33.479052235885455,33.44276977601435,33.406843526135496,33.374657156614255,33.337628312381185,33.304046943636656,33.272011345349924
frame_000141.jpg,33.43613112484137,33.406843526135496,584.1241455078125,797.0779418945312,475.1260986328125,795.0081176757812,0.9998879432678223,0.9996435642242432,109.01769762227242,20,detected,detected,ok,33.43490405619124,33.4415781349985,33.443675500036754,33.44304048984192,33.43613112484137,33.42932481786916,33.41853784958638,33.40594537807801,33.39243928545527,33.54695152102732,33.512851988127714,33.479052235885455,33.44276977601435,33.406843526135496,33.374657156614255,33.337628312381185,33.304046943636656,33.272011345349924
frame_000142.jpg,33.48182810848753,33.41117273374641,585.1219482421875,797.7525024414062,475.2179260253906,795.6129150390625,0.9999008178710938,0.9997286200523376,109.9248467530542,20,detected,detected,ok,33.504585524900165,33.50370975553181,33.499075837541135,33.49309473217238,33.48182810848753,33.4733225976073,33.4599597925753,33.446890525707666,33.43223309518297,33.562245430032824,33.52421721880184,33.48757781950392,33.44919692068125,33.41117273374641,33.37699687769361,33.338794670222754,33.30530357073116,33.27269812118967
frame_000143.jpg,33.47658818893696,33.36231271288956,584.9611206054688,798.2446899414062,475.55224609375,796.0000610351562,0.9999001026153564,0.9997462630271912,109.43189745612472,20,detected,detected,ok,33.50065550392791,33.49957131419016,33.495246872988105,33.488029568910356,33.47658818893696,33.46697170806597,33.452335885515474,33.43744433589636,33.422528798991706,33.50672333562911,33.46967576320042,33.43476043253562,33.3974113958437,33.36231271288956,33.330270291372386,33.29453324911313,33.262696621498534,33.23180631776579
frame_000144.jpg,33.52196966690234,33.423458990437425,584.8670043945312,798.1971435546875,475.45367431640625,795.902099609375,0.9998970031738281,0.9997411370277405,109.43739774636296,20,detected,detected,ok,33.551710739498425,33.54873584717807,33.54209405402659,33.53397450570884,33.52196966690234,33.51328027691421,33.4995633327128,33.4862507221423,33.47266429345201,33.57697102060611,33.53740967201138,33.49946325014654,33.460823461920036,33.423458990437425,33.39032166532013,33.35361344464053,33.32115207733834,33.28939210484009
frame_000145.jpg,33.39187454583503,33.36719138736255,583.3735961914062,798.5377197265625,474.9174499511719,795.5327758789062,0.9998619556427002,0.999675989151001,108.4977665429601,20,detected,detected,ok,33.40034846264896,33.40108954196156,33.39994072665117,33.398425873326815,33.39187454583503,33.385940335329984,33.37652606104035,33.3673185173333,33.35798714353971,33.518637577749566,33.47850336923186,33.44057738453443,33.40286074801538,33.36719138736255,33.33494049168631,33.29847723037118,33.266423434283766,33.235807760836174
frame_000146.jpg,33.23974766454239,33.28890579377608,582.254150390625,797.6534423828125,475.3228454589844,794.00341796875,0.9997231364250183,0.9996837377548218,106.9935822963544,20,detected,detected,ok,33.2127343630406,33.224613612957164,33.233311956072086,33.239580258746116,33.23974766454239,33.23919595394126,33.23599035993794,33.23249016560645,33.22920480907983,33.42838364328618,33.391774625165745,33.35760230239597,33.32191317364791,33.28890579377608,33.259384883419244,33.225904370109205,33.19660893627731,33.16830577915805
frame_000147.jpg,33.14348755093967,33.23213649588675,583.0101318359375,797.481201171875,475.7220764160156,794.600341796875,0.9997556805610657,0.9998441934585571,107.32672633844169,20,detected,detected,ok,33.088555616335654,33.10850189653288,33.12347106737914,33.136819748690506,33.14348755093967,33.14770165802342,33.14854566492229,33.14941725460163,33.14895741703977,33.36814315181703,33.33313642786255,33.300394442348946,33.26563491880942,33.23213649588675,33.20296257219242,33.170036686976005,33.140260449499976,33.11162210619568
frame_000148.jpg,33.09702724119393,33.2280850055026,583.538818359375,798.1543579101562,476.3521423339844,794.7298583984375,0.9995601773262024,0.9997331500053406,107.24136661884634,20,detected,detected,ok,33.020956839785114,33.04729060793611,33.067683191468035,33.08618853728965,33.09702724119393,33.10485330366356,33.10816314584781,33.11028725657266,33.111743171142784,33.360251137188385,33.327238918648,33.29469396704239,33.260855825108735,33.2280850055026,33.19949004840556,33.1661093660274,33.13712069478441,33.10936069925215
frame_000149.jpg,33.10944527615681,33.28613177767107,588.4454956054688,797.5940551757812,480.3676452636719,797.3201293945312,0.9996317625045776,0.9996092915534973,108.07819747681526,20,detected,detected,ok,33.040379376490336,33.06347342284086,33.082391274720614,33.098626299276965,33.10944527615681,33.11842390796344,33.125689262183144,33.129781348511926,33.13087973212563,33.437381577034984,33.39776410914903,33.36113135801288,33.322374145003536,33.28613177767107,33.25421245020913,33.21932737048564,33.18983467522812,33.162468732333224
frame_000150.jpg,33.28143080786439,33.3963239798054,590.4298706054688,799.6792602539062,479.90252685546875,798.2958984375,0.999776303768158,0.9986404776573181,110.53600049913945,20,detected,detected,ok,33.27809668170095,33.28383137500975,33.285664320625386,33.28642200030468,33.28143080786439,33.27729646699111,33.26760608060278,33.257073170164276,33.24673844303518,33.5657876962111,33.524023396942795,33.482913221445536,33.4387247057573,33.3963239798054,33.359916008661386,33.32008595970423,33.286475919891714,33.255241274883396
frame_000151.jpg,33.38800554319505,33.477744279466,590.6134643554688,801.8150024414062,479.2401123046875,799.9794921875,0.9998462200164795,0.9981046915054321,111.38847626626129,20,detected,detected,ok,33.4020086838031,33.40396001670285,33.40242883746071,33.39840142294272,33.38800554319505,33.379650357759346,33.3657674229852,33.3526830456958,33.33945730400785,33.66272514925173,33.62030534833404,33.57627215912869,33.52697632821939,33.477744279466,33.43434381576671,33.386328455976376,33.345143572254194,33.30704983111504
frame_000152.jpg,33.441750476962156,33.53867489250114,591.171630859375,802.7561645507812,477.9697265625,800.8798217773438,0.9998993873596191,0.9982206225395203,113.21745359546945,20,detected,detected,ok,33.4744452359088,33.47143292691281,33.46538497345103,33.45658082724769,33.441750476962156,33.43054106893499,33.4139052980794,33.3980599542633,33.382107059961896,33.72616121277239,33.68478969383391,33.64138495468044,33.59069754785539,33.53867489250114,33.49114559832836,33.437922540609826,33.391020968852494,33.34712077885104
frame_000153.jpg,33.515070567200944,33.56502263256956,591.638916015625,803.0446166992188,478.1779479980469,801.0617065429688,0.9998962879180908,0.9978959560394287,113.47829394282259,20,detected,detected,ok,33.5597554150699,33.55506853523826,33.54536163115307,33.53391855480506,33.515070567200944,33.50041726251582,33.47964867394476,33.46132141879626,33.442781093150586,33.754923869010526,33.71314391196791,33.66878268510785,33.61786717986577,33.56502263256956,33.515955414840114,33.46133525876582,33.41357047721274,33.36876571229387
frame_000154.jpg,33.537036962822114,33.57035000876624,592.4738159179688,802.4141845703125,477.6815185546875,800.1356201171875,0.9999120235443115,0.9984097480773926,114.81490926664112,20,detected,detected,ok,33.587120431132504,33.58158400574606,33.5705732890645,33.557264026860246,33.537036962822114,33.52148010802488,33.4995041657598,33.47993941422707,33.460619286154696,33.760863457282966,33.71756621175066,33.673074918713155,33.62217691198879,33.57035000876624,33.522774958633356,33.46876165994606,33.42113946088859,33.37708312370092
frame_000155.jpg,33.39428971553152,33.4313063868422,591.912109375,802.6950073242188,478.04876708984375,800.6329956054688,0.9998871088027954,0.9971795082092285,113.88201178709004,20,detected,detected,ok,33.414315321784976,33.41526657748185,33.411870284668304,33.40612398357312,33.39428971553152,33.38504404502631,33.370762773256864,33.35813551600917,33.345236610949584,33.60829863995659,33.56808666356172,33.52599756922007,33.478325162415764,33.4313063868422,33.38924625800067,33.343936537610325,33.3043066720612,33.2668906164965
frame_000156.jpg,33.35019590311811,33.42485188498585,593.4060668945312,801.6754760742188,477.0945739746094,798.7610473632812,0.9998899698257446,0.9947256445884705,116.34800075623205,20,detected,detected,ok,33.350143753010926,33.35712666336883,33.35804942104499,33.35715643760968,33.35019590311811,33.344429468715425,33.33394331874825,33.32397538977651,33.31348489433751,33.59622249519924,33.55808156821476,33.51755667873203,33.47086837650332,33.42485188498585,33.38295880131801,33.33609724740862,33.29506174115129,33.256814776085946
frame_000157.jpg,33.257576759008565,33.39137355074075,597.6852416992188,799.1796264648438,481.13397216796875,797.8868408203125,0.9998766183853149,0.9943565726280212,116.55843909416765,20,detected,detected,ok,33.21914960448838,33.234304658296516,33.24517982918025,33.25428920522792,33.257576759008565,33.25903796377048,33.256403870123805,33.252007848618746,33.246279043355464,33.56063516113198,33.51978347338974,33.47907607451094,33.43555942559668,33.39137355074075,33.35283410987203,33.30969733432593,33.272656771847544,33.237609444325656
frame_000158.jpg,33.23450308319627,33.408693932751355,601.95068359375,797.9432373046875,485.58197021484375,798.3621826171875,0.9998540878295898,0.9903551340103149,116.36946751032634,20,detected,detected,ok,33.18796632727387,33.20261514650862,33.21505381742601,33.22647341337302,33.23450308319627,33.239539292400494,33.24183040317735,33.24161549599802,33.23921424440107,33.58255176923107,33.541670679031654,33.499735684013956,33.454037550049726,33.408693932751355,33.368970469079166,33.32470005807366,33.28667775087938,33.25131930423957
frame_000159.jpg,33.23450308319627,33.408693932751355,601.95068359375,797.9432373046875,485.58197021484375,798.3621826171875,0.9998540878295898,0.9903551340103149,116.36946751032634,20,detected,detected,ok,33.18796632727387,33.20261514650862,33.21505381742601,33.22647341337302,33.23450308319627,33.239539292400494,33.24183040317735,33.24161549599802,33.23921424440107,33.58255176923107,33.541670679031654,33.499735684013956,33.454037550049726,33.408693932751355,33.368970469079166,33.32470005807366,33.28667775087938,33.25131930423957
frame_000160.jpg,33.48368373596181,33.66914592058549,600.364501953125,800.3599243164062,487.94647216796875,799.3713989257812,0.9998840093612671,0.9893715381622314,112.42237590099307,20,detected,detected,ok,33.51231599702032,33.50660094962465,33.49997644550082,33.49315013195266,33.48368373596181,33.4772218530799,33.465159335955725,33.453000354945516,33.44063366714205,33.84465853048206,33.806256933750696,33.76447188178376,33.71803147283838,33.66914592058549,33.62537652836662,33.574387096473565,33.52802370553491,33.481489165310876
frame_000161.jpg,33.46903845033387,33.661110113018104,600.6034545898438,799.6807250976562,488.63812255859375,798.4718627929688,0.9998481273651123,0.9857272505760193,111.9718577363962,20,detected,detected,ok,33.48513014120534,33.48223826965986,33.47889891048123,33.47596818209907,33.46903845033387,33.46362565792647,33.454865039350224,33.4456594379675,33.4355054421012,33.85034066023718,33.80694882700687,33.76119617536391,33.711659220537456,33.661110113018104,33.61613452545898,33.56455324094819,33.51898466921965,33.47443568312785
frame_000162.jpg,33.48924290806393,33.57713343270445,606.2503051757812,798.9113159179688,490.3903503417969,800.1500854492188,0.9998007416725159,0.9686062932014465,115.86657707934783,20,detected,detected,ok,33.48978702787355,33.49300155928337,33.49396593601727,33.49398820600144,33.48924290806393,33.485047958912475,33.47751584959209,33.469255993589954,33.459625528511694,33.77054132867495,33.72423866626062,33.677998581540166,33.62741832430783,33.57713343270445,33.53320197799468,33.48214706358601,33.43774027633633,33.39512812343228
frame_000163.jpg,33.491105238195445,33.67306030821629,601.2398681640625,798.3312377929688,488.90887451171875,796.7149047851562,0.9998762607574463,0.9931857585906982,112.3426217751528,20,detected,detected,ok,33.5051453529781,33.50415324082869,33.501946129097384,33.499372088615125,33.491105238195445,33.48604136787325,33.476783943351194,33.466751861209474,33.45446569521462,33.87410757624181,33.826432980999364,33.777358825865676,33.72568465814151,33.67306030821629,33.62799018619007,33.57594873977242,33.52966285535201,33.48484540216009
frame_000164.jpg,33.491105238195445,33.67306030821629,601.2398681640625,798.3312377929688,488.90887451171875,796.7149047851562,0.9998762607574463,0.9931857585906982,112.3426217751528,20,detected,detected,ok,33.5051453529781,33.50415324082869,33.501946129097384,33.499372088615125,33.491105238195445,33.48604136787325,33.476783943351194,33.466751861209474,33.45446569521462,33.87410757624181,33.826432980999364,33.777358825865676,33.72568465814151,33.67306030821629,33.62799018619007,33.57594873977242,33.52966285535201,33.48484540216009
frame_000165.jpg,33.466132508373775,33.53413479131381,600.642822265625,797.4483642578125,489.8023986816406,796.184326171875,0.9998681545257568,0.9940025210380554,110.84763097405276,20,detected,detected,ok,33.47703578110415,33.47561479838128,33.473620330300946,33.47210176702984,33.466132508373775,33.46132244742963,33.4523043415791,33.44346310333162,33.433190495448535,33.72979237875651,33.67922635454092,33.63170886644046,33.581859630751126,33.53413479131381,33.49382946241615,33.44610718740509,33.40405910442091,33.364038644735345
frame_000166.jpg,33.35204465241679,33.43520914615822,600.3016357421875,796.011474609375,490.15289306640625,794.9900512695312,0.9998688697814941,0.9962777495384216,110.153478468429,20,detected,detected,ok,33.35686136065325,33.357330864112946,33.35671524974013,33.35558282294103,33.35204465241679,33.35005412052776,33.345708891892116,33.339999416376635,33.33212006817873,33.60658085335886,33.5622106389785,33.520184887169634,33.4770592329859,33.43520914615822,33.399544251887384,33.35894090351988,33.32301201603288,33.288762707021974
frame_000167.jpg,33.287962270011114,33.34084124390624,599.2489013671875,795.9282836914062,490.51422119140625,795.0823974609375,0.9998465776443481,0.996105968952179,108.73797035279044,20,detected,detected,ok,33.28360000924557,33.28652834101176,33.28849703233638,33.289779134165144,33.287962270011114,33.287394087495464,33.283093532490234,33.27719242976045,33.26900457059905,33.496692648177955,33.455001712561554,33.41619408328074,33.3774061927171,33.34084124390624,33.309966852327356,33.275242099420964,33.24352900170398,33.21262331903452
frame_000168.jpg,33.322495786650414,33.261196341937435,601.13916015625,794.0853271484375,491.09991455078125,795.8793334960938,0.9997966885566711,0.9962847232818604,110.0538687743239,20,detected,detected,ok,33.32343844082995,33.32659576791596,33.32842354011778,33.3278808410386,33.322495786650414,33.316884728328915,33.3070395181315,33.297264377508476,33.28701569496777,33.3926996471741,33.355689133295876,33.322511386841164,33.29093151823378,33.261196341937435,33.236890930963305,33.20954648829433,33.18438492834026,33.1595399011271
frame_000169.jpg,33.322495786650414,33.261196341937435,601.13916015625,794.0853271484375,491.09991455078125,795.8793334960938,0.9997966885566711,0.9962847232818604,110.0538687743239,20,detected,detected,ok,33.32343844082995,33.32659576791596,33.32842354011778,33.3278808410386,33.322495786650414,33.316884728328915,33.3070395181315,33.297264377508476,33.28701569496777,33.3926996471741,33.355689133295876,33.322511386841164,33.29093151823378,33.261196341937435,33.236890930963305,33.20954648829433,33.18438492834026,33.1595399011271
frame_000170.jpg,33.38519941362494,33.34312089738454,599.1646728515625,794.6705322265625,487.4551086425781,795.01806640625,0.9998519420623779,0.9984245300292969,111.71010480599888,20,detected,detected,ok,33.39790905490605,33.39904837505285,33.397209574071674,33.394233140921564,33.38519941362494,33.378808665922406,33.367254156828885,33.356091600690114,33.343643882151,33.488761380977586,33.451297990959425,33.41532213630925,33.37880051231402,33.34312089738454,33.31324138516248,33.27929841157912,33.248999312380015,33.219734789563134
frame_000171.jpg,33.631486759037045,33.45649776647682,585.7046508789062,781.9759521484375,468.42242431640625,780.2864379882812,0.9998080134391785,0.9987773299217224,117.29439511568722,20,detected,detected,ok,33.657279435100904,33.65607410949308,33.65146970238041,33.64385087471743,33.631486759037045,33.618650943665166,33.59891031902966,33.57888809768455,33.556952940471966,33.62680151073229,33.58585599915301,33.545067496511976,33.50111376993021,33.45649776647682,33.41793778061217,33.373594467702226,33.33517158986012,33.29824162508656
frame_000172.jpg,33.624906211952215,33.489717428993075,574.6508178710938,779.286865234375,459.2538146972656,777.9520263671875,0.9999269247055054,0.9993434548377991,115.40472319754444,20,detected,detected,ok,33.65905480059343,33.656813208611055,33.65016152924141,33.63998185970414,33.624906211952215,33.61249024759706,33.59404035820007,33.57608703055055,33.557938323462594,33.64710699843595,33.611003519447394,33.57329366055145,33.53184809975871,33.489717428993075,33.45327559119718,33.41032885464684,33.37159429756799,33.333507831073725
frame_000173.jpg,33.3951279624276,33.19982069074644,565.2373657226562,774.4053955078125,452.826904296875,774.4686279296875,0.9998339414596558,0.9975910186767578,112.41047921033088,20,detected,detected,ok,33.42489454632053,33.42000762188386,33.41283239380202,33.404920168625345,33.3951279624276,33.38729971472022,33.37670480478702,33.36590049404816,33.35367699224678,33.39564098900903,33.34485941084305,33.29490771619341,33.24488143994093,33.19982069074644,33.16423641302237,33.12636061616275,33.09679536350265,33.06949823802047
frame_000174.jpg,33.26387267134387,33.071679551424296,561.950927734375,771.5433959960938,454.1542663574219,772.6530151367188,0.9996750354766846,0.9991365075111389,107.80237223110973,20,detected,detected,ok,33.28747834274142,33.28227367463184,33.27702701856861,33.271117656347734,33.26387267134387,33.25861651898288,33.25016358906179,33.24036832756973,33.22846052606376,33.22642985078501,33.17842578562952,33.13726280749949,33.10140752917229,33.071679551424296,33.0510977368002,33.0306049840635,33.01205015969622,32.99340765676184
frame_000175.jpg,33.20684698131258,33.02596787038335,561.7191772460938,771.24755859375,453.8412780761719,772.107177734375,0.9996294975280762,0.9988701939582825,107.88132402961487,20,detected,detected,ok,33.23695326407682,33.231144927160855,33.22378713936689,33.21612461141607,33.20684698131258,33.20007319025023,33.19082345956758,33.1811311732965,33.17148213437846,33.16125476892682,33.118302689709665,33.08253244884354,33.051904951629446,33.02596787038335,33.00732979787052,32.988133452417195,32.97061025557537,32.953240222343226
frame_000176.jpg,33.21144151144135,32.97343577351177,560.8176879882812,770.5151977539062,454.5856018066406,771.666015625,0.9997051358222961,0.9991797804832458,106.23831943454277,20,detected,detected,ok,33.22957081386062,33.226808681170525,33.22224020730186,33.21899607978381,33.21144151144135,33.20527611570241,33.195922380086294,33.186377598270745,33.17669897344343,33.07400479837076,33.03801620835541,33.01155193008122,32.99075191849562,32.97343577351177,32.96018040095356,32.945956308594354,32.93201402210322,32.91639960740292
frame_000177.jpg,33.200379204904145,32.99669035035671,560.0917358398438,769.8916625976562,453.71343994140625,770.87548828125,0.9997811913490295,0.9988149404525757,106.38284519240507,20,detected,detected,ok,33.208566211432526,33.207904952712056,33.20689662370831,33.20645670800734,33.200379204904145,33.195625589703425,33.18720146044879,33.17856936447991,33.16982198520852,33.1131566353422,33.074206273661105,33.04179913337681,33.01660209155985,32.99669035035671,32.98262440922427,32.967035775683925,32.9521588112888,32.93608703421993
frame_000178.jpg,33.200379204904145,32.99669035035671,560.0917358398438,769.8916625976562,453.71343994140625,770.87548828125,0.9997811913490295,0.9988149404525757,106.38284519240507,20,detected,detected,ok,33.208566211432526,33.207904952712056,33.20689662370831,33.20645670800734,33.200379204904145,33.195625589703425,33.18720146044879,33.17856936447991,33.16982198520852,33.1131566353422,33.074206273661105,33.04179913337681,33.01660209155985,32.99669035035671,32.98262440922427,32.967035775683925,32.9521588112888,32.93608703421993
frame_000179.jpg,33.42940382435697,33.01679829308539,562.2191162109375,770.6473999023438,453.5240478515625,771.7686767578125,0.999848484992981,0.99901282787323,108.70085164080277,20,detected,detected,ok,33.45727637164837,33.454783885221836,33.45003109779232,33.44257536956577,33.42940382435697,33.41705248942032,33.40044989408889,33.3837951987731,33.36644939199391,33.13959156808346,33.09915035082187,33.06512342341988,33.03808800251666,33.01679829308539,33.001928008718444,32.98722539735633,32.97292425286413,32.957848796973884
frame_000180.jpg,33.5186642076688,33.145558017836876,562.7377319335938,770.83203125,452.7003173828125,771.8782958984375,0.9998899698257446,0.9988105297088623,110.04238851794818,20,detected,detected,ok,33.55059417441776,33.54862511323898,33.54254989681162,33.53308076572318,33.5186642076688,33.50497543235318,33.48667920520856,33.469037907857185,33.4514450315504,33.31625272287973,33.266546037965504,33.22056975879077,33.177807676520864,33.145558017836876,33.12122729838012,33.09829712680615,33.07963940755671,33.06190296033
frame_000181.jpg,33.55329704465474,33.2456216141904,561.7916259765625,770.612060546875,452.37677001953125,771.7828369140625,0.9998648166656494,0.9988952875137329,109.42111963144895,20,detected,detected,ok,33.585752809198404,33.58194798815503,33.57543371358462,33.56669861938553,33.55329704465474,33.54222417472356,33.524829981924434,33.507559638255046,33.49088126959851,33.42846635593556,33.37963006227178,33.33379795687979,33.28677409275757,33.2456216141904,33.213543864395774,33.18235887409931,33.15895095345596,33.13883208799304
frame_000182.jpg,33.57649538737345,33.32262731827167,558.6985473632812,771.4320068359375,451.4580078125,771.2352905273438,0.9999042749404907,0.999504566192627,107.24071997356575,20,detected,detected,ok,33.611104268722755,33.60563820210782,33.59836104976285,33.589552089714076,33.57649538737345,33.567316891975594,33.55255737774073,33.5368120216851,33.519139140920714,33.50842961133425,33.46318663334511,33.417012212398724,33.36804876781143,33.32262731827167,33.285180800073796,33.24849041914724,33.21985298623323,33.194431713800526
frame_000183.jpg,33.56000655063005,33.32283052770887,558.6992797851562,773.595458984375,449.211669921875,772.995849609375,0.9999251365661621,0.998950719833374,109.48925173265488,20,detected,detected,ok,33.607196309135865,33.59898040659197,33.58820634032945,33.5760161522964,33.56000655063005,33.54737207745476,33.527558723060544,33.50835838041927,33.48980843421954,33.50743027659481,33.463849571054986,33.418821762039386,33.37038496925088,33.32283052770887,33.28061328319716,33.23558431780553,33.19758050640278,33.162915326318554
frame_000184.jpg,33.52176105844299,33.20537778227312,562.252685546875,772.2241821289062,450.1565246582031,772.9729614257812,0.9999063014984131,0.9983959794044495,112.09866170661645,20,detected,detected,ok,33.552115462101355,33.549393635984195,33.54315628981642,33.53419115182442,33.52176105844299,33.51127423481089,33.4954286832293,33.47975573699723,33.463021276612146,33.37768966202839,33.333596221564406,33.29098139089533,33.246869898200565,33.20537778227312,33.170252858618326,33.13293594206853,33.103350587638595,33.0772146421793
frame_000185.jpg,33.40276160308294,33.24708310203322,558.164306640625,772.5728149414062,449.11761474609375,771.7073974609375,0.9999029636383057,0.9989272952079773,109.05012590802602,20,detected,detected,ok,33.43364697714283,33.427392090543165,33.4200912258343,33.41321907753102,33.40276160308294,33.392769862498376,33.37774681266766,33.36387284274903,33.349619830479256,33.413150660303806,33.372574966429184,33.33201095573793,33.28848554850501,33.24708310203322,33.20899787495639,33.16869767408833,33.13456534605361,33.104035737202956
frame_000186.jpg,33.35867239192183,33.21983745870798,558.5068969726562,772.004638671875,449.30322265625,771.5101318359375,0.9998985528945923,0.9991924166679382,109.20479394795136,20,detected,detected,ok,33.375820049725,33.37363979742472,33.37037854507433,33.36608092328121,33.35867239192183,33.35343881478232,33.342601819290664,33.330564724245846,33.318215988001675,33.37871475118721,33.33975192903992,33.30094702763501,33.26007822295118,33.21983745870798,33.183514739911956,33.1456603838122,33.11249130048189,33.08247842273879
frame_000187.jpg,33.35867239192183,33.21983745870798,558.5068969726562,772.004638671875,449.30322265625,771.5101318359375,0.9998985528945923,0.9991924166679382,109.20479394795136,20,detected,detected,ok,33.375820049725,33.37363979742472,33.37037854507433,33.36608092328121,33.35867239192183,33.35343881478232,33.342601819290664,33.330564724245846,33.318215988001675,33.37871475118721,33.33975192903992,33.30094702763501,33.26007822295118,33.21983745870798,33.183514739911956,33.1456603838122,33.11249130048189,33.08247842273879
frame_000188.jpg,33.29830362267998,33.088828338346275,557.0507202148438,771.3656005859375,450.9205322265625,770.5672607421875,0.9998364448547363,0.9994423985481262,106.1331906094132,20,detected,detected,ok,33.29893170404219,33.30241907141283,33.303159594459046,33.30327011669724,33.29830362267998,33.29363710211053,33.284982696703324,33.27540430425187,33.26434138702386,33.252269492602174,33.20972874741002,33.169829316491544,33.12669280582585,33.088828338346275,33.05667144555706,33.02441397202306,32.9992547278605,32.9775989682625
frame_000189.jpg,33.357341576025576,33.19950525412873,556.6632080078125,770.490478515625,450.17926025390625,770.185546875,0.9998424053192139,0.9997038245201111,106.48438436015907,20,detected,detected,ok,33.35903287933556,33.363026348612536,33.36388822750631,33.363133643062646,33.357341576025576,33.34944952052821,33.33510787575087,33.32093373941286,33.30574290993917,33.361490150784775,33.32102360416374,33.28148930461593,33.239495774819474,33.19950525412873,33.16383963858237,33.12512073728533,33.09187864599531,33.062021672025686
frame_000190.jpg,33.50071070393181,33.28743664702024,556.658203125,771.2949829101562,449.19964599609375,770.8611450195312,0.9998846054077148,0.9997023940086365,107.45943288302684,20,detected,detected,ok,33.540393665902776,33.53462030767683,33.52511568495563,33.51502968414646,33.50071070393181,33.48843388486061,33.47069841254924,33.450565347261886,33.429676822946234,33.45759693979915,33.4166506915345,33.37572039328211,33.33160478618149,33.28743664702024,33.246871734701436,33.20276578540519,33.164605879039925,33.12936860725548
frame_000191.jpg,33.569874958826546,33.38414962481707,556.48681640625,772.722412109375,448.429931640625,772.002685546875,0.9999006986618042,0.9997102618217468,108.05928165398994,20,detected,detected,ok,33.62230534292521,33.6140445880188,33.601922941937374,33.58894044869962,33.569874958826546,33.55420461130362,33.5328117958987,33.51024911748039,33.48725320279551,33.552985697473304,33.512932588428505,33.47216954950387,33.428407616807895,33.38414962481707,33.344817386482795,33.29919029754439,33.25818872709169,33.21942668096125
frame_000192.jpg,33.64059982090018,33.37575974481065,556.2134399414062,773.5107421875,447.57037353515625,772.4112548828125,0.9999016523361206,0.9996991157531738,108.64862976810161,20,detected,detected,ok,33.69295623673726,33.686743228217146,33.675691671309956,33.66142700363482,33.64059982090018,33.623829438103954,33.600095417212906,33.57778044837071,33.55441412115582,33.53891636506827,33.499542150935724,33.460696787900204,33.41812084498768,33.37575974481065,33.337665095546704,33.294697970696014,33.256141671614294,33.2193661797024
frame_000193.jpg,33.66922862543819,33.39988993457617,557.5651245117188,773.5502319335938,446.95172119140625,772.7286376953125,0.9999333620071411,0.9997684359550476,110.61645452279917,20,detected,detected,ok,33.703152058012655,33.7002696165841,33.694843929260564,33.68540944293906,33.66922862543819,33.65509769784812,33.63317352798468,33.61306129036116,33.592688543256074,33.57214424816235,33.53109295620878,33.48983830060548,33.444525375127576,33.39988993457617,33.36057211623135,33.31450034374929,33.27453394679599,33.23694457229955
frame_000194.jpg,33.647605082568795,33.317524917005066,556.7384643554688,774.4005126953125,445.7577209472656,773.2821655273438,0.9999409914016724,0.999497652053833,110.98637802823158,20,detected,detected,ok,33.67225843200656,33.672052087065936,33.66905543532643,33.66153606714668,33.647605082568795,33.63535021310342,33.61621037755815,33.597234734244495,33.57658693671379,33.49569054893377,33.453916576581065,33.410307346956195,33.36370133554658,33.317524917005066,33.27616001116795,33.231603290132995,33.19379533695315,33.15795241809211
frame_000195.jpg,33.483590990067576,33.18759199848215,557.5823364257812,773.0294189453125,447.6994934082031,772.1025390625,0.9999206066131592,0.999664306640625,109.88675214029615,20,detected,detected,ok,33.490196080908014,33.4953790503167,33.4950767270415,33.491972678024524,33.483590990067576,33.47725847062777,33.463695197831704,33.44946186374358,33.43393942526744,33.35300268228094,33.31247873682981,33.271292131133166,33.22751035567746,33.18759199848215,33.15256745712011,33.11554495552045,33.08453631711937,33.05630699676603
frame_000196.jpg,33.405614219442086,33.17876539136521,558.0106201171875,772.6573486328125,448.3956298828125,771.832763671875,0.9998834133148193,0.9996362924575806,109.61809168399134,20,detected,detected,ok,33.416575859589145,33.41836564574008,33.41730448970824,33.413685577572586,33.405614219442086,33.399008973283706,33.38644768296865,33.37428633029763,33.3602329012558,33.33988197249307,33.302096415326886,33.26269170342439,33.219196463391334,33.17876539136521,33.143157661000835,33.10487465303799,33.07319143273747,33.044416537915865
frame_000197.jpg,33.356048822621766,33.082124385124295,558.2744750976562,771.885986328125,448.9551696777344,771.3554077148438,0.9998600482940674,0.9995869994163513,109.32059298759329,20,detected,detected,ok,33.345674206136735,33.353717809061486,33.35857520877211,33.36006145578382,33.356048822621766,33.35323433426167,33.345365526032786,33.33631132542604,33.324906105613415,33.23614458866382,33.19692893349881,33.15906929467719,33.118856611309475,33.082124385124295,33.05013969398912,33.01669548354436,32.98931500892348,32.965407970155894
frame_000198.jpg,33.36186845343987,33.28073594346074,559.369873046875,771.1876220703125,449.10821533203125,770.3905029296875,0.9998804330825806,0.9996880292892456,110.26453900030468,20,detected,detected,ok,33.33777614281605,33.350332798878554,33.35823412860265,33.363237354337535,33.36186845343987,33.36119004691035,33.3553639478913,33.34771971729434,33.337857085609095,33.43623823881528,33.40147625755372,33.366147873046984,33.32442531347148,33.28073594346074,33.24075471141554,33.19443490615021,33.15425766231964,33.11697122390397
frame_000199.jpg,33.49441467883453,33.456583248389116,559.0652465820312,772.412109375,447.98809814453125,770.9511108398438,0.9999021291732788,0.998887836933136,111.08675628411399,20,detected,detected,ok,33.521893662905875,33.516842895485894,33.511861671995725,33.505583998312936,33.49441467883453,33.48489160822137,33.46964426547756,33.454739756796165,33.43838611569274,33.62427153775553,33.58561104415763,33.54683020396824,33.50282784061293,33.456583248389116,33.414810446605955,33.36491934483426,33.31828403251716,33.27121902961627
frame_000200.jpg,33.53257103010863,33.46638741049554,560.947509765625,771.7125244140625,448.686279296875,771.09326171875,0.9998741149902344,0.9977286458015442,112.2629384643196,20,detected,detected,ok,33.55760454856823,33.55594202607468,33.55157336666829,33.54484079762021,33.53257103010863,33.52215919447854,33.50644654968073,33.49227909134559,33.4770397281757,33.640548202257506,33.600417844860935,33.55988469041049,33.514833772433335,33.46638741049554,33.421628719594345,33.367867752530444,33.31896458732174,33.27043920362557
frame_000201.jpg,33.54928195575896,33.53506341557142,558.9628295898438,772.1795654296875,448.71820068359375,770.4725341796875,0.9999055862426758,0.9981918931007385,110.25784397658632,20,detected,detected,ok,33.60151765980653,33.59122664219786,33.57892025376577,33.56520735653052,33.54928195575896,33.535100529060024,33.516631217941914,33.49780728252429,33.478316014879894,33.722259963406046,33.67834590102662,33.635098661778216,33.586910043816694,33.53506341557142,33.48789660124524,33.431433333755436,33.380651768740705,33.33047227603993
frame_000202.jpg,33.59766970708641,33.53499534970314,562.4625854492188,772.2504272460938,448.5679931640625,771.8539428710938,0.999883770942688,0.9953617453575134,113.89528239423085,20,detected,detected,ok,33.63567218051205,33.62963642599699,33.620953310042005,33.61183916019201,33.59766970708641,33.58580304082037,33.56975884607038,33.55497002956092,33.539802107441666,33.73222141839659,33.68515160976592,33.639516574529516,33.588132521212536,33.53499534970314,33.48704723482335,33.42910949944112,33.3758719933355,33.323716820898596
frame_000203.jpg,33.594263219510175,33.531920760564596,564.6973266601562,772.6239624023438,449.1802978515625,772.5167236328125,0.9998874664306641,0.9940770864486694,115.51707858545926,20,detected,detected,ok,33.62502129372197,33.61820996379806,33.610671828353,33.60357555258339,33.594263219510175,33.586109940756046,33.573333870086195,33.561120443033616,33.5490483876275,33.7453368352648,33.693961405070134,33.64231024545909,33.58841455075194,33.531920760564596,33.482647390060436,33.42454237032471,33.37102104594751,33.31989909359712
frame_000204.jpg,33.47081272652984,33.48997473676775,563.8011474609375,773.5958862304688,449.1933288574219,773.51513671875,0.9998643398284912,0.9926020503044128,114.6078470504528,20,detected,detected,ok,33.498319694474944,33.492092724683324,33.48563769417945,33.47959141820119,33.47081272652984,33.464546511579265,33.45657234220234,33.44918067016903,33.440907419758624,33.690812209367635,33.64312710012615,33.59508893076836,33.543716274826735,33.48997473676775,33.44157892623714,33.384250097517146,33.33206188753029,33.281771792909545
frame_000205.jpg,33.47081272652984,33.48997473676775,563.8011474609375,773.5958862304688,449.1933288574219,773.51513671875,0.9998643398284912,0.9926020503044128,114.6078470504528,20,detected,detected,ok,33.498319694474944,33.492092724683324,33.48563769417945,33.47959141820119,33.47081272652984,33.464546511579265,33.45657234220234,33.44918067016903,33.440907419758624,33.690812209367635,33.64312710012615,33.59508893076836,33.543716274826735,33.48997473676775,33.44157892623714,33.384250097517146,33.33206188753029,33.281771792909545
frame_000206.jpg,33.459778095306106,33.468490164926024,564.5372314453125,774.678466796875,449.0299377441406,774.5322875976562,0.9998606443405151,0.9880008101463318,115.50738619900922,20,detected,detected,ok,33.46434956445885,33.46377098797638,33.4632626405362,33.46291075565906,33.459778095306106,33.45600312885503,33.45092081760998,33.44536531335546,33.439832144016286,33.66015665421585,33.616884284520076,33.57193799543016,33.5221057792578,33.468490164926024,33.42095325614362,33.36316073244984,33.31049913786852,33.2606283482947
frame_000207.jpg,33.37640282180428,33.454064343745415,559.2545776367188,774.5448608398438,448.08319091796875,773.0888061523438,0.9999086856842041,0.9960618615150452,111.18092156581027,20,detected,detected,ok,33.44881094187157,33.42835394911759,33.41153216544791,33.39377650822831,33.37640282180428,33.3614119312417,33.34376953222596,33.32948319027136,33.31694726772668,33.63563571161722,33.59586797251667,33.5527373017167,33.50469758849179,33.454064343745415,33.40613362042911,33.349411141575665,33.29679376022765,33.244964106903026
frame_000208.jpg,33.35208116766561,33.410843386215205,558.5253295898438,773.94873046875,447.9954528808594,772.54052734375,0.99991774559021,0.9969402551651001,110.53884693330461,20,detected,detected,ok,33.407820956692184,33.39318009814018,33.38088330007387,33.367239709863725,33.35208116766561,33.33960500459406,33.32474118106463,33.31188047550799,33.30073802630386,33.592312242638684,33.553872501669,33.50975496109151,33.461336160085445,33.410843386215205,33.36350701077903,33.30760678540628,33.25511703599164,33.20300263654205
frame_000209.jpg,33.336340699578706,33.39916826380422,558.5977783203125,772.5977783203125,450.7762145996094,771.0808715820312,0.9998418092727661,0.9981319308280945,107.83223362812386,20,detected,detected,ok,33.37955802828659,33.369744784796474,33.36026945653723,33.34917980238087,33.336340699578706,33.324863264974475,33.31028648299997,33.29802213560896,33.286869474805215,33.60721999432807,33.55940342541858,33.50896728775533,33.45343462503043,33.39916826380422,33.35187533092161,33.29921039974256,33.25581642647518,33.21628306313135
frame_000210.jpg,33.356068887928814,33.4455137203362,557.5989379882812,772.6653442382812,450.7687683105469,770.923828125,0.999816358089447,0.998128354549408,106.84436359371671,20,detected,detected,ok,33.41407544949883,33.398468150361104,33.38543184173924,33.37085859748997,33.356068887928814,33.34443844793239,33.329340731552676,33.3161848661145,33.303468911474745,33.654648676423044,33.60826679455351,33.55833001997953,33.50181970635558,33.4455137203362,33.39453909540862,33.3378027508995,33.29018994446728,33.2461357299422
frame_000211.jpg,33.738001160801474,33.56078893352846,560.8606567382812,775.0160522460938,450.1893005371094,773.322265625,0.9999237060546875,0.9980351328849792,110.68431684987924,20,detected,detected,ok,33.833160875964325,33.810887472465936,33.788631090745916,33.76457859177656,33.738001160801474,33.71591761616983,33.68793024545354,33.66416427905718,33.641418554622724,33.75427562230112,33.71242428985549,33.668666770306935,33.61587784010196,33.56078893352846,33.50930673160389,33.448981683921836,33.396056120686275,33.34628393553984
frame_000212.jpg,33.780256013031114,33.65214400232358,560.3515625,774.4769897460938,449.4894714355469,772.9449462890625,0.9999220371246338,0.9984052777290344,110.87267649126781,20,detected,detected,ok,33.86543373502665,33.846343619529414,33.8269414248001,33.80471523328798,33.780256013031114,33.759767590222026,33.73423320723223,33.71091058913912,33.68703868872274,33.8350579989588,33.79602645906921,33.753109088800926,33.7063461705318,33.65214400232358,33.60206625040334,33.54141208765016,33.48560310131484,33.431561706061615
frame_000213.jpg,33.8024870738388,33.67612483494296,559.7045288085938,774.5142822265625,448.921142578125,773.390869140625,0.9999293088912964,0.9986323714256287,110.78908214102537,20,detected,detected,ok,33.88687808488142,33.86793494981809,33.84793018476254,33.82577365389463,33.8024870738388,33.78273729565189,33.757248568448155,33.73442045367035,33.710773355901715,33.85678356780017,33.819361367916734,33.776473830675414,33.72969780021076,33.67612483494296,33.6274661387561,33.56820604524356,33.51369192621241,33.46093220639879
frame_000214.jpg,33.851033095131044,33.74916383655767,559.4296875,774.7337646484375,447.15447998046875,773.7136840820312,0.9999291896820068,0.9994039535522461,112.27984141383423,20,detected,detected,ok,33.92331103413136,33.90658968770144,33.890020049160974,33.87159808128764,33.851033095131044,33.83323922571842,33.81050214037356,33.79035182906449,33.76865682702729,33.88790509956628,33.85994427432409,33.83040234431055,33.79276397329201,33.74916383655767,33.707959665485866,33.65491337605903,33.603303201578704,33.55044576862963
frame_000215.jpg,33.61846323368773,33.40947646747488,555.7939453125,777.6951904296875,445.1357116699219,776.782470703125,0.9998966455459595,0.9992327690124512,110.66199767849244,20,detected,detected,ok,33.69330218174855,33.67492944054163,33.65718182038209,33.63788105121379,33.61846323368773,33.60359262863387,33.58510375058744,33.56751574704101,33.548195228937686,33.61369243522352,33.56434401890024,33.51407499440341,33.459880085475156,33.40947646747488,33.36636137062459,33.318545880225734,33.27757287494868,33.24031611474984
frame_000216.jpg,33.520439250773514,33.40399682658134,553.7280883789062,778.9557495117188,441.6636047363281,778.1946411132812,0.9998233914375305,0.9992876648902893,112.06706822288086,20,detected,detected,ok,33.5955251932653,33.57745282576862,33.55863739111003,33.53970250623419,33.520439250773514,33.5061985457236,33.488475856914285,33.47220543621922,33.455523309516536,33.57462416322712,33.533850705866314,33.492669146104795,33.44846933772923,33.40399682658134,33.36504659196968,33.32077607506607,33.28290801611388,33.24781081043271
frame_000217.jpg,33.299137872927034,32.9881655597846,551.5122680664062,781.5744018554688,438.7674865722656,781.3059692382812,0.9997630715370178,0.9965137839317322,112.74510104759091,20,detected,detected,ok,33.321298657362846,33.31693002059154,33.31158675853573,33.30579384648309,33.299137872927034,33.29330062819033,33.28349117859389,33.273017883706785,33.26176881289724,33.151583167189955,33.10341370540567,33.06124477672801,33.02160086685053,32.9881655597846,32.963593232275606,32.93812521157831,32.917875386199654,32.899997620832224
frame_000218.jpg,33.29410504165641,33.09546978289746,547.4910888671875,781.3118286132812,434.156494140625,780.9190063476562,0.9997909665107727,0.9940899014472961,113.33527549340734,20,detected,detected,ok,33.33219983511949,33.3223777537639,33.31314901269071,33.30376483369949,33.29410504165641,33.28625926418935,33.277293453210376,33.27047898084764,33.26473058208624,33.28292719025136,33.23220790521463,33.18435990786865,33.13738124181223,33.09546978289746,33.062676040479246,33.030074408010506,33.005749137475455,32.98535707544893
frame_000219.jpg,33.39685648022694,33.22059555378277,544.7152709960938,779.7141723632812,426.3223876953125,780.694580078125,0.9999196529388428,0.9970250725746155,118.39694259380067,20,detected,detected,ok,33.392890243953715,33.395181364503756,33.3963842811086,33.39798069460383,33.39685648022694,33.39721496266195,33.39576622595261,33.39405229400084,33.391092351573604,33.398758896405454,33.35523999957765,33.31199875743853,33.266361901095216,33.22059555378277,33.182779144604815,33.14218449120572,33.10854862513192,33.07761609944624
frame_000220.jpg,33.63961101428655,33.462330979927884,538.8822021484375,779.0879516601562,421.98150634765625,777.9229736328125,0.9999305009841919,0.9978107810020447,116.90650047157766,20,detected,detected,ok,33.648014021050045,33.64703312035621,33.645485793186474,33.644112254756934,33.63961101428655,33.636461376279485,33.62978221633241,33.622885837448884,33.615978886141235,33.596435644277264,33.56500348257772,33.53304847706104,33.49852212711396,33.462330979927884,33.43149128320525,33.394493499955736,33.36080472182294,33.32825750112426
frame_000221.jpg,33.73305616605255,33.462846804155774,533.0419311523438,779.2738037109375,416.1629333496094,776.9923095703125,0.9999428987503052,0.9987260699272156,116.90126322193996,20,detected,detected,ok,33.74861199928019,33.7487441506132,33.745800909171386,33.74075648101206,33.73305616605255,33.725137585052785,33.71282175427199,33.70044854093727,33.68752674804755,33.60229009800966,33.56919671797276,33.53572692628933,33.49933311653649,33.462846804155774,33.43135462842202,33.39401097716376,33.3615705856841,33.33052370950984
frame_000222.jpg,33.762490760609026,33.528895122775474,519.59619140625,775.8115844726562,408.12945556640625,775.8831787109375,0.9997711777687073,0.9927243590354919,111.46675883205927,20,detected,detected,ok,33.81347693005833,33.800453280531585,33.788924568092746,33.77690237931606,33.762490760609026,33.75000517081139,33.734023407650696,33.72018689068124,33.70692920362011,33.68733804225633,33.647256022916764,33.60845779386221,33.56822077689852,33.528895122775474,33.4949066614061,33.453134359536286,33.41618824194686,33.37977761429025
frame_000223.jpg,33.92666229732171,33.71141588168229,514.29736328125,772.7357177734375,402.3242492675781,772.4436645507812,0.9998069405555725,0.9765914678573608,111.97349488608286,20,detected,detected,ok,34.036737420449,34.00997025742528,33.983146027073076,33.954967142514704,33.92666229732171,33.90478737334335,33.881026417967185,33.86074766186715,33.84132523390897,33.859149727638005,33.82728962079309,33.79146456929583,33.75260549281295,33.71141588168229,33.673256056882614,33.625836817349594,33.58256706312692,33.539647507278694
frame_000224.jpg,33.97661348103961,33.760063307311555,513.8186645507812,767.9140014648438,400.4830017089844,768.8008422851562,0.9997367262840271,0.9769374132156372,113.33913251137062,20,detected,detected,ok,34.064001664225586,34.04375576112812,34.02237289929517,33.99999486342948,33.97661348103961,33.95780440277743,33.935418224683424,33.91602169095533,33.89593620084011,33.89997918593321,33.868535701845325,33.83631828603117,33.798891178985585,33.760063307311555,33.72443178883324,33.677477396275194,33.632197458550216,33.58660305716326
frame_000225.jpg,33.788993834895585,33.50573412238233,513.8655395507812,770.086181640625,396.06744384765625,769.5321044921875,0.9996813535690308,0.9207474589347839,117.79939877931898,20,detected,detected,ok,33.83608984218592,33.8268531247319,33.816307691878464,33.804056169531066,33.788993834895585,33.77664157158089,33.75935149263727,33.74355494262523,33.728369160288565,33.68832615997704,33.64656524260471,33.602667564158644,33.55427900108323,33.50573412238233,33.464246698736694,33.41694069103936,33.37588221880001,33.33641461492385
frame_000226.jpg,33.67433342168118,33.441204221617696,512.9974365234375,768.6212158203125,397.34771728515625,769.0164184570312,0.9995575547218323,0.9393933415412903,115.65039448708055,20,detected,detected,ok,33.73144838503895,33.71894330562593,33.70591332998545,33.6906412673777,33.67433342168118,33.661488712272835,33.64407669276591,33.62719036390912,33.61002351785456,33.6033730038109,33.56404633275165,33.52536200280531,33.485051239129525,33.441204221617696,33.4043506607462,33.361236475874115,33.32304283485367,33.286707027034566
frame_000227.jpg,33.648837200407606,33.39263390046642,509.7527160644531,766.0694580078125,397.63470458984375,767.36083984375,0.999373733997345,0.9041699767112732,112.12544833384983,20,detected,detected,ok,33.72439431653125,33.70884816993458,33.692094440913124,33.67202197470934,33.648837200407606,33.629627459868885,33.60451532097335,33.58276535645829,33.56181992869623,33.53227443949765,33.49668106290821,33.46206613445322,33.426449269968714,33.39263390046642,33.36342833271728,33.32820469659661,33.295831194016905,33.26310289038423
frame_000228.jpg,33.51474614383198,33.256465362243794,506.1288757324219,769.7678833007812,398.9289245605469,765.9955444335938,0.9992114305496216,0.9393337368965149,107.26630445662458,20,detected,detected,ok,33.653262828445776,33.617424876141946,33.581216234921555,33.54639314946047,33.51474614383198,33.49129593457744,33.46790591802448,33.44926325233961,33.43328351560031,33.35929155475284,33.33278143965768,33.30764803246846,33.28106302196992,33.256465362243794,33.23536842327386,33.21104849586785,33.18751572383659,33.162500025647276
frame_000229.jpg,33.5101149344195,33.23482909943343,507.13238525390625,769.2098388671875,397.2685546875,770.280029296875,0.9993782043457031,0.964665412902832,109.8690428386441,20,detected,detected,ok,33.62024728807775,33.59301272687656,33.56537377313071,33.538084082449906,33.5101149344195,33.48975099477585,33.467669212714014,33.450498440920434,33.435187276174936,33.382045943680154,33.34441405009375,33.30865653778015,33.271225762560306,33.23482909943343,33.203339758272584,33.16662861900374,33.13560471460356,33.10572070429507
frame_000230.jpg,33.45186192136058,33.23949467279647,502.5925598144531,770.752197265625,397.6470642089844,766.7481689453125,0.9991222023963928,0.9143174290657043,105.02185149133167,20,detected,detected,ok,33.59417899760526,33.550975922168334,33.51486538820717,33.48072129647752,33.45186192136058,33.4309567539148,33.40983851839618,33.39292123997187,33.37890156871072,33.35673003977702,33.32526589795678,33.29550317101584,33.266730166077856,33.23949467279647,33.21723058400415,33.19201714032077,33.16901021876369,33.14606404982536
frame_000231.jpg,33.70970558997554,33.4306436791614,506.177490234375,771.0352172851562,390.39385986328125,772.4439697265625,0.9994518160820007,0.6593319773674011,115.79220027856466,20,detected,detected,ok,33.796202434104714,33.77544765013956,33.754103658449786,33.73222562244826,33.70970558997554,33.6912883128276,33.66637525871977,33.64287761102812,33.62051151265835,33.599123647031604,33.56172186743974,33.521246168389126,33.47740711357909,33.4306436791614,33.39106452925286,33.343143442983106,33.29945404605664,33.25756285765134
frame_000232.jpg,33.75383617552728,33.54039242097492,503.3570861816406,772.2266845703125,385.5908203125,772.13330078125,0.9996125102043152,0.6917146444320679,117.76630289388036,20,detected,detected,ok,33.849746906185864,33.82487612160687,33.801134716959545,33.7772454828319,33.75383617552728,33.734186514620625,33.707111286305775,33.681996373179594,33.65751621537286,33.690609422189816,33.657696734915035,33.624241944373885,33.585494069952134,33.54039242097492,33.50065292791202,33.45206135054019,33.406821204626624,33.360880699154414
frame_000233.jpg,33.84070213386304,33.59395394884917,503.174560546875,772.4452514648438,387.4084777832031,771.9362182617188,0.9996533393859863,0.8613451719284058,115.76720188916725,20,detected,detected,ok,33.92572532403028,33.90492106405626,33.885054608181925,33.8639673963498,33.84070213386304,33.82118767606944,33.79639102126407,33.77277873306151,33.747145812063415,33.73683298751225,33.70812003207535,33.67555552594488,33.637357030758025,33.59395394884917,33.55613557405506,33.509951296823886,33.46629093598702,33.421717186554694
frame_000234.jpg,33.82741201264158,33.597572274517006,501.6834716796875,775.8505859375,380.8545227050781,774.4404907226562,0.9997180104255676,0.6805526614189148,120.83717672481296,20,detected,detected,ok,33.92740915739427,33.90247902612699,33.87826421580436,33.8528736848838,33.82741201264158,33.80535994444211,33.78088240368246,33.760856892592436,33.74131738452899,33.72857646246256,33.696287507307126,33.6651893502863,33.63217493925745,33.597572274517006,33.565793452267926,33.52510318262286,33.486623975036096,33.44408102359124
frame_000235.jpg,33.77741853789303,33.44149881090953,498.74200439453125,777.1233520507812,387.8260498046875,776.3622436523438,0.9996117949485779,0.12612596154212952,110.91856593271685,20,detected,opposite_inferred,opposite_inferred_repair,33.90463436249796,33.87127566446504,33.83893207549569,33.806043183300375,33.77741853789303,33.75327800243177,33.72531637240135,33.70107638981567,33.67732750261994,33.600004442127826,33.56437537575218,33.528578981993064,33.48648909407379,33.44149881090953,33.401971319239365,33.3544641284147,33.31249717982749,33.27265352525179
frame_000236.jpg,33.791777372433295,33.36104385976746,500.7466735839844,775.6727294921875,389.8307189941406,774.91162109375,0.9996397495269775,0.4102322459220886,110.91856593271685,20,detected,opposite_inferred,opposite_inferred_repair,33.89593381715828,33.86933460025473,33.844648671758044,33.81774062718715,33.791777372433295,33.77070776826534,33.74804138719655,33.727929663690475,33.70766196565013,33.53015226579683,33.48840694194051,33.44762320190131,33.40380648677919,33.36104385976746,33.32414576091187,33.28026397561064,33.24263967000615,33.206676252269666
frame_000237.jpg,33.662728721267094,33.384921919724995,500.33184814453125,773.3132934570312,389.4158935546875,772.5521850585938,0.9994238615036011,0.4112189710140228,110.91856593271685,20,detected,opposite_inferred,opposite_inferred_repair,33.75648117574374,33.730317265321446,33.70645054055821,33.68366067115037,33.662728721267094,33.64593185813365,33.622956735510726,33.6019862578497,33.58214469277528,33.546183410209586,33.50712808338117,33.46884974892176,33.42757260781507,33.384921919724995,33.34740082615266,33.30296078141877,33.26359129564571,33.22434872305416
frame_000238.jpg,33.57981358099048,33.43123026889205,498.9477233886719,772.202880859375,388.0317687988281,771.4417724609375,0.9992759823799133,0.4376954436302185,110.91856593271685,20,detected,opposite_inferred,opposite_inferred_repair,33.684423234597844,33.654580410920886,33.627890443457076,33.60273421876514,33.57981358099048,33.56100223552891,33.539496343855035,33.52005697661527,33.502094291511504,33.610022789053104,33.566949093444826,33.52418898962922,33.478613567407706,33.43123026889205,33.390629591143814,33.34231498298434,33.298092134928574,33.25419944309179
frame_000239.jpg,33.54348038205521,33.32366747869163,498.8819274902344,771.8455200195312,387.175048828125,773.881103515625,0.9989601373672485,0.5364222526550293,111.72542387747202,20,detected,detected,ok,33.649232358539855,33.61930414435657,33.59187986048134,33.56683497056993,33.54348038205521,33.524246553679,33.50118802106861,33.48216616222849,33.464085254841926,33.492854825631795,33.45484326042979,33.415602928039725,33.37176461188053,33.32366747869163,33.28009561834275,33.22522305126527,33.17640547514952,33.12798452047358
frame_000240.jpg,33.50444401584126,33.29905498069575,498.23297119140625,772.1154174804688,390.33953857421875,771.9465942382812,0.9985402822494507,0.31814855337142944,111.02534311644425,20,detected,tracked,tracked_repair,33.6219702339149,33.588476780411675,33.55946552618891,33.53149035718466,33.50444401584126,33.48328448542064,33.45987481563058,33.439018194604245,33.42094877256909,33.49472565918158,33.44825834756556,33.40120260922178,33.35112246962651,33.29905498069575,33.25387422648439,33.19957818813204,33.151476123460014,33.1055345746633
frame_000241.jpg,33.60326000873976,33.56192232457463,503.8984375,769.4297485351562,393.5040283203125,770.0120849609375,0.9992068409919739,0.8947808742523193,110.39594509693308,20,detected,detected,ok,33.66336001610203,33.64975351632869,33.63561330322487,33.62023087364035,33.60326000873976,33.589717017329725,33.57120232531718,33.55512161705849,33.53846367628867,33.73777974230038,33.700887365562856,33.659753733664424,33.61391444269454,33.56192232457463,33.51519583610043,33.45916544565299,33.408542646083156,33.35785464855816
frame_000242.jpg,33.62921369267072,33.61855158969905,505.874755859375,767.9344482421875,394.95880126953125,768.8765869140625,0.9990432858467102,0.8544104695320129,110.91995585940937,20,detected,detected,ok,33.670473949698774,33.662575437047046,33.652424415045076,33.64260726332234,33.62921369267072,33.61774686133734,33.60285114989498,33.58901151418959,33.57442240651779,33.782420543869314,33.74777166225543,33.7097203734465,33.667460781091854,33.61855158969905,33.574035963739426,33.51893975546188,33.468029575378665,33.41635408863933
frame_000243.jpg,33.65553884014189,33.638998455475864,506.54949951171875,768.9451293945312,393.0806579589844,769.11962890625,0.9991633892059326,0.7619645595550537,113.46897573080992,20,detected,detected,ok,33.69808984291506,33.68877704957073,33.67872179953826,33.66832657866784,33.65553884014189,33.64362355885221,33.627227325941575,33.61180038829817,33.59557029179194,33.79889054855019,33.760682500631816,33.72327484087242,33.685356054126466,33.638998455475864,33.5951394398207,33.53791812883021,33.48164569412445,33.422791533702906
frame_000244.jpg,33.73022310760439,33.701172890112744,511.7236633300781,765.9458618164062,399.0732116699219,766.8065185546875,0.9991493225097656,0.959160566329956,112.65373934875997,20,detected,detected,ok,33.74955479844197,33.7506999676092,33.748293010001326,33.74198688945563,33.73022310760439,33.720175597001564,33.7035973029504,33.687754766239124,33.67129538106548,33.88510040851254,33.84671471800154,33.804129597614676,33.75494583758931,33.701172890112744,33.65265465572616,33.59361723349099,33.53903855802713,33.48457458916541
frame_000245.jpg,33.85282131461007,33.75828398895895,513.7361450195312,766.1740112304688,400.818359375,766.520751953125,0.999168872833252,0.9785771369934082,112.91831801790644,20,detected,detected,ok,33.90005834359631,33.892162416996385,33.88234619413947,33.869065781676774,33.85282131461007,33.83870013078156,33.81729848646632,33.79710788809186,33.77594330887024,33.94529110627717,33.90444963837756,33.86122675983731,33.81287111026213,33.75828398895895,33.70923702168362,33.64896392592964,33.593237060763755,33.537710195706325
frame_000246.jpg,33.85282131461007,33.75828398895895,513.7361450195312,766.1740112304688,400.818359375,766.520751953125,0.999168872833252,0.9785771369934082,112.91831801790644,20,detected,detected,ok,33.90005834359631,33.892162416996385,33.88234619413947,33.869065781676774,33.85282131461007,33.83870013078156,33.81729848646632,33.79710788809186,33.77594330887024,33.94529110627717,33.90444963837756,33.86122675983731,33.81287111026213,33.75828398895895,33.70923702168362,33.64896392592964,33.593237060763755,33.537710195706325
frame_000247.jpg,33.78124855106043,33.64622422859949,512.7105102539062,766.516357421875,402.1469421386719,766.9822998046875,0.9991710186004639,0.960062563419342,110.56454990943604,20,detected,detected,ok,33.85956985510295,33.84170124215724,33.8233105570446,33.80305842778321,33.78124855106043,33.762137207764034,33.73693587392291,33.71429410032774,33.6913338377115,33.865264900686824,33.815616468153905,33.76593729256131,33.7075996624109,33.64622422859949,33.59256346481455,33.527153095653276,33.46774530723522,33.409706766352116
frame_000248.jpg,33.57813044142783,33.599611323523696,510.76654052734375,769.2616577148438,402.90032958984375,764.3779296875,0.9992572665214539,0.9177138805389404,107.97671166255392,20,detected,detected,ok,33.69277712584149,33.66081057460618,33.63211849511015,33.60443609867566,33.57813044142783,33.55716921585686,33.532434306509494,33.50997866080371,33.48902888515434,33.8097665250041,33.76064651732252,33.71019280926043,33.65559460859259,33.599611323523696,33.550214661366326,33.49232395979727,33.44198212719713,33.39236295691973
frame_000249.jpg,33.52749270793776,33.55305359317354,510.0917053222656,768.95263671875,402.9880676269531,764.1295166015625,0.9992521405220032,0.9164681434631348,107.21218072231152,20,detected,detected,ok,33.64101812732256,33.61169992941641,33.58296164683333,33.55459111947937,33.52749270793776,33.505692289567776,33.48122095864294,33.459333492914155,33.43902958274231,33.745200878298945,33.70159332217355,33.65540573601815,33.6051767610089,33.55305359317354,33.50729019743841,33.45244442967566,33.40425762173671,33.35740100692618
frame_000250.jpg,33.47756157646548,33.44791132127036,510.2657165527344,768.5336303710938,405.3312072753906,763.8533935546875,0.9992678761482239,0.9706733822822571,105.03883021975533,20,detected,detected,ok,33.58393515572726,33.55492923210085,33.52884861956334,33.50315257674224,33.47756157646548,33.456383475629565,33.43106501720859,33.409572086421875,33.38949843074352,33.64535711133247,33.59826708984133,33.55012801548676,33.49968524991891,33.44791132127036,33.40388419012201,33.35344441038061,33.30920521659178,33.26581230514342
frame_000251.jpg,33.45335078038871,33.42524758560261,511.9920349121094,769.236328125,405.92901611328125,764.34375,0.9994188547134399,0.9529773592948914,106.17580363449008,20,detected,detected,ok,33.558589299780344,33.53022565164466,33.503500797178184,33.47762363134826,33.45335078038871,33.433524420844954,33.41145350418823,33.39237408263699,33.375052706496504,33.62711122124495,33.57950470771235,33.53009640803664,33.477506367123524,33.42524758560261,33.38088131714577,33.330631718771514,33.285979482238005,33.24236367090671
frame_000252.jpg,33.530398658741504,33.58270535823256,516.1488647460938,768.581298828125,410.7982482910156,763.9290771484375,0.9995892643928528,0.9904009699821472,105.45328612244349,20,detected,detected,ok,33.6203895823632,33.593978011373046,33.570990914082344,33.54954550146249,33.530398658741504,33.513440641721076,33.49580020105101,33.48087331413687,33.466386325152754,33.78037792269636,33.73148250830036,33.68409019195691,33.63301626802856,33.58270535823256,33.53949165543699,33.48871590413662,33.44380207127936,33.40007669320598
frame_000253.jpg,33.61041983173739,33.65236420358845,517.7166137695312,768.3696899414062,411.8174743652344,764.3350830078125,0.9996465444564819,0.9951991438865662,105.97596793461858,20,detected,detected,ok,33.6939688044287,33.669862702644664,33.64864231130352,33.62830702201081,33.61041983173739,33.595369340667055,33.5782732662299,33.56460830076186,33.55054317613562,33.855497046971095,33.807290961447755,33.75850764350503,33.705462440983226,33.65236420358845,33.60694483630122,33.5536343235706,33.50623236302426,33.459753076377396
frame_000254.jpg,33.71821863907689,33.61841035235155,522.0704956054688,765.7952270507812,413.4891052246094,768.2597045898438,0.9995718598365784,0.9936023354530334,108.60935496807411,20,detected,detected,ok,33.75064964733174,33.74448943082098,33.7371878861745,33.728343054506034,33.71821863907689,33.70801058854901,33.69388246161815,33.679320899868145,33.66204254971239,33.83679065351878,33.78703365618467,33.73511533052879,33.67750366901133,33.61841035235155,33.56557991527056,33.50427453322207,33.449623067088176,33.3968700034786
frame_000255.jpg,33.774460822244166,33.6562091281678,523.2552490234375,766.2511596679688,413.74908447265625,768.309814453125,0.9996616840362549,0.994742751121521,109.52551362192841,20,detected,detected,ok,33.817226629045095,33.80919846306921,33.7993370522684,33.787646517454306,33.774460822244166,33.763663236134406,33.748983991138296,33.73425588768287,33.71739838129224,33.8933886331866,33.83929406298076,33.78274217642782,33.71952331391561,33.6562091281678,33.60090227964439,33.53666853918908,33.47982895305154,33.42469892037792
frame_000256.jpg,33.83266533291933,33.64342033137685,526.0565185546875,768.2708129882812,415.1279602050781,767.14404296875,0.99982750415802,0.9981131553649902,110.93428085222172,20,detected,detected,ok,33.91212877384974,33.89218850195977,33.87291992532723,33.85338201355224,33.83266533291933,33.81583046233648,33.79463611361738,33.77762793076903,33.76190178000304,33.892566008767574,33.835836884261475,33.77579268159798,33.7096230469092,33.64342033137685,33.58693955232452,33.52460229072734,33.47119412165131,33.41963143019284
frame_000257.jpg,33.8223370791077,33.743690932324675,524.104248046875,767.0902709960938,414.23468017578125,764.1451416015625,0.9998138546943665,0.9979343414306641,109.90903389317644,20,detected,detected,ok,33.90069200502635,33.881361005499635,33.862189698049,33.84208066291266,33.8223370791077,33.80614814807424,33.78613185693809,33.76814808710628,33.750796251979075,33.97266390035321,33.91841144432531,33.86297275701025,33.80387585844789,33.743690932324675,33.69031743274996,33.629121040432295,33.57626793461288,33.5264486397366
frame_000258.jpg,33.845635196187985,33.7542061024572,525.0587158203125,767.5630493164062,414.072021484375,764.4094848632812,0.9998047947883606,0.9970459342002869,111.03148782385487,20,detected,detected,ok,33.954416898741385,33.92650691050769,33.90023332017378,33.872377983319076,33.845635196187985,33.82414420929405,33.79994972953122,33.779931731804126,33.760570979866586,33.985601467603004,33.930787973988785,33.87573352478251,33.81619307272505,33.7542061024572,33.70050644494999,33.63955982980449,33.58617878803299,33.53577024162947
frame_000259.jpg,33.71934666990366,33.67491429625582,528.1235961914062,768.567626953125,414.16290283203125,765.516845703125,0.9998342990875244,0.9924452900886536,114.00152146872799,20,detected,detected,ok,33.79567135221982,33.775584190684974,33.75677204604665,33.73768450452323,33.71934666990366,33.70521092324141,33.68893886020931,33.67533468467306,33.66172497941766,33.925423865557,33.86573332309415,33.80553874560349,33.74045572048808,33.67491429625582,33.617175642337024,33.55212815985111,33.49537099778196,33.442012427317835
frame_000260.jpg,33.59506789861621,33.62909028553351,527.3900756835938,770.0889892578125,412.43646240234375,767.405517578125,0.9998438358306885,0.9788753986358643,114.98493043295223,20,detected,detected,ok,33.682986920765984,33.65630641849443,33.6337927201583,33.612388421771485,33.59506789861621,33.58186185541917,33.56723982425361,33.55443726169947,33.54235947788407,33.817549746344916,33.77512734382643,33.73255861863954,33.684013842958265,33.62909028553351,33.57842563581959,33.51534880435393,33.456928948826416,33.399249558801685
