frame_name,left_temp,right_temp,frame_index,motion_coordinate_valid,motion_center_step_norm,motion_scale_step_log,motion_angle_step_rad,motion_score,motion_center_flag,motion_scale_flag,motion_angle_flag,motion_artifact_raw,motion_artifact,motion_center_threshold,motion_scale_threshold,motion_angle_threshold,left_missing_raw,right_missing_raw,left_quality_valid,right_quality_valid,quality_any_valid,left_temp_motion_filtered,right_temp_motion_filtered,left_temp_used,right_temp_used,left_repaired,right_repaired,left_motion_interpolated,right_motion_interpolated,left_norm,right_norm,fused_norm,fused_repaired,fusion_source,selected_fusion_mode,peak_retune_rule,edge_peak_completion,edge_peak_added,smoothing_method,butterworth_order,butterworth_cutoff_hz,rr_estimator,time_peak_count,spectral_count,autocorr_count,joint_count,joint_adjusted,smoothed_norm,is_peak,source_peak_rejected,quality_peak_rejected,mad_ibi_peak_rejected,motion_peak_rejected,motion_interval_peak_rejected,motion_reconstructed_peak,peak_number,event_source,target_time_seconds
frame_000000.jpg,33.72276196409477,33.32329616181828,0,True,,,,0.0,False,False,False,False,False,0.38500283568705185,0.12,0.18,False,False,True,True,True,33.72276196409477,33.32329616181828,33.72276196409477,33.32329616181828,False,False,False,False,0.9125606418557861,0.9827878713830747,0.9125606418557861,False,both,left,none,none,0,moving_average,4,2.0,peak,10,-1,-1,10,False,,False,False,False,False,False,False,False,,,0.0
frame_000001.jpg,33.672379536932134,33.345263197484655,1,True,0.033281494748666374,0.015811910662605892,0.030345293192397454,0.16858496217998586,False,False,False,False,False,0.38500283568705185,0.12,0.18,False,False,True,True,True,33.672379536932134,33.345263197484655,33.672379536932134,33.345263197484655,False,False,False,False,0.8855462416644333,0.9906158873677717,0.8855462416644333,False,both,left,none,none,0,moving_average,4,2.0,peak,10,-1,-1,10,False,0.8945510417282175,False,False,False,False,False,False,False,,,0.1149425287356322
frame_000002.jpg,33.672379536932134,33.345263197484655,2,True,0.0,0.0,0.0,0.0,False,False,False,False,False,0.38500283568705185,0.12,0.18,False,False,True,True,True,33.672379536932134,33.345263197484655,33.672379536932134,33.345263197484655,False,False,False,False,0.8855462416644333,0.9906158873677717,0.8855462416644333,False,both,left,none,none,0,moving_average,4,2.0,peak,10,-1,-1,10,False,0.8819271288279232,False,False,False,False,False,False,False,,,0.2298850574712644
frame_000003.jpg,33.65213037119972,33.31626482582779,3,True,0.05083508088719084,0.03212421158524891,0.020799737792395474,0.2677017632104076,False,False,False,False,False,0.38500283568705185,0.12,0.18,False,False,True,True,True,33.65213037119972,33.31626482582779,33.65213037119972,33.31626482582779,False,False,False,False,0.8746889031549031,0.9802822346934791,0.8746889031549031,False,both,left,none,none,0,moving_average,4,2.0,peak,10,-1,-1,10,False,0.8768634130444787,False,False,False,False,False,False,False,,,0.3448275862068966
frame_000004.jpg,33.644047726139604,33.317187515289945,4,True,0.011863202693380911,0.003081810449939668,0.0016646539368023253,0.030813286536475987,False,False,False,False,False,0.38500283568705185,0.12,0.18,False,False,True,True,True,33.644047726139604,33.317187515289945,33.644047726139604,33.317187515289945,False,False,False,False,0.8703550943140997,0.9806110377221797,0.8703550943140997,False,both,left,none,none,0,moving_average,4,2.0,peak,10,-1,-1,10,False,0.8370864014933759,False,False,False,False,False,False,False,,,0.4597701149425288
frame_000005.jpg,33.449824635876546,33.23403104464377,5,True,0.010107275533759069,0.0005283855056446906,0.006212308795109568,0.034512826639497604,False,False,False,False,False,0.38500283568705185,0.12,0.18,False,False,True,True,True,33.449824635876546,33.23403104464377,33.449824635876546,33.23403104464377,False,False,False,False,0.7662152070111251,0.9509779915827067,0.7662152070111251,False,both,left,none,none,0,moving_average,4,2.0,peak,10,-1,-1,10,False,0.7750577375486359,False,False,False,False,False,False,False,,,0.574712643678161
frame_000006.jpg,33.305076064490514,33.192278880841414,6,True,0.00772247486497265,0.0033662942519487706,0.006160901327349241,0.034227229596384676,False,False,False,False,False,0.38500283568705185,0.12,0.18,False,False,True,True,True,33.305076064490514,33.192278880841414,33.305076064490514,33.192278880841414,False,False,False,False,0.688602911320683,0.9360994886019525,0.688602911320683,False,both,left,none,none,0,moving_average,4,2.0,peak,10,-1,-1,10,False,0.7210145474179557,False,False,False,False,False,False,False,,,0.6896551724137931
frame_000007.jpg,33.3416726516117,33.14716557047595,7,True,0.03690208951673101,0.008054323694943325,0.012212507880900555,0.09584887719301564,False,False,False,False,False,0.38500283568705185,0.12,0.18,False,False,True,True,True,33.3416726516117,33.14716557047595,33.3416726516117,33.14716557047595,False,False,False,False,0.7082255239220588,0.9200232314306684,0.7082255239220588,False,both,left,none,none,0,moving_average,4,2.0,peak,10,-1,-1,10,False,0.6984916979557986,False,False,False,False,False,False,False,,,0.8045977011494253
frame_000008.jpg,33.323807865433636,33.10675051729877,8,True,0.026155246092210985,0.014952488063995416,0.004167555698605124,0.12460406719996181,False,False,False,False,False,0.38500283568705185,0.12,0.18,False,False,True,True,True,33.323807865433636,33.10675051729877,33.323807865433636,33.10675051729877,False,False,False,False,0.698646658624654,0.9056212116452884,0.698646658624654,False,both,left,none,none,0,moving_average,4,2.0,peak,10,-1,-1,10,False,0.6808138741694318,False,False,False,False,False,False,False,,,0.9195402298850576
frame_000009.jpg,33.20616751982525,33.056931966327284,9,True,0.008154989727035518,0.033628917696454964,0.003982697636254865,0.2802409808037914,False,False,False,False,False,0.38500283568705185,0.12,0.18,False,False,True,True,True,33.20616751982525,33.056931966327284,33.20616751982525,33.056931966327284,False,False,False,False,0.635569439961583,0.8878682285272187,0.635569439961583,False,both,left,none,none,0,moving_average,4,2.0,peak,10,-1,-1,10,False,0.652520983418965,False,False,False,False,False,False,False,,,1.0344827586206897
frame_000010.jpg,33.183372134403236,32.96626732803121,10,True,0.03586984879757668,0.005765276732893545,0.017732430317224677,0.09851350176235932,False,False,False,False,True,0.38500283568705185,0.12,0.18,False,False,True,True,True,33.183372134403236,32.96626732803121,33.183372134403236,32.96626732803121,False,False,True,True,0.6233468516706582,0.8555596253725959,0.6233468516706582,False,both,left,none,none,0,moving_average,4,2.0,peak,10,-1,-1,10,False,0.4680684696983692,False,False,False,False,False,False,False,,,1.149425287356322
frame_000011.jpg,32.291784358896386,32.68968372865257,11,True,0.1126380375897257,0.2831179724581199,0.02561240746530903,2.3593164371509996,False,True,False,True,True,0.38500283568705185,0.12,0.18,False,False,True,True,True,32.291784358896386,32.68968372865257,32.291784358896386,32.68968372865257,False,False,True,True,0.14528911746286632,0.7569982687142258,0.14528911746286632,False,both,left,none,none,0,moving_average,4,2.0,peak,10,-1,-1,10,False,0.3046416955321303,False,False,False,False,False,False,False,,,1.264367816091954
frame_000012.jpg,32.291784358896386,32.68968372865257,12,True,0.0,0.0,0.0,0.0,False,False,False,False,True,0.38500283568705185,0.12,0.18,False,False,True,True,True,32.291784358896386,32.68968372865257,32.291784358896386,32.68968372865257,False,False,True,True,0.14528911746286632,0.7569982687142258,0.14528911746286632,False,both,left,none,none,0,moving_average,4,2.0,peak,10,-1,-1,10,False,0.2930915024803568,False,False,False,False,False,False,False,,,1.3793103448275863
frame_000013.jpg,33.11874807212274,32.91300672471994,13,True,0.03327906793516164,0.1912719197691908,0.04755087671519521,1.5939326647432568,False,True,False,True,True,0.38500283568705185,0.12,0.18,False,False,True,True,True,33.11874807212274,32.91300672471994,33.11874807212274,32.91300672471994,False,False,True,True,0.5886962725153378,0.8365800570590922,0.5886962725153378,False,both,left,none,none,0,moving_average,4,2.0,peak,10,-1,-1,10,False,0.4627637157505358,False,False,False,False,False,False,False,,,1.4942528735632186
frame_000014.jpg,33.24111114750428,32.96505829178165,14,True,0.07799280666249553,0.10678135130583846,0.07172294906095303,0.8898445942153206,False,False,False,False,True,0.38500283568705185,0.12,0.18,False,False,True,True,True,33.24111114750428,32.96505829178165,33.24111114750428,32.96505829178165,False,False,True,True,0.6543057572734033,0.8551287818472638,0.6543057572734033,False,both,left,none,none,0,moving_average,4,2.0,peak,10,-1,-1,10,False,0.7026618274561096,False,False,False,False,False,False,False,,,1.6091954022988506
frame_000015.jpg,33.63402950080364,33.149442051222834,15,True,0.1963775535568329,0.04716317436869171,0.01879643621162267,0.5100678108159642,False,False,False,False,False,0.38500283568705185,0.12,0.18,False,False,True,True,True,33.63402950080364,33.149442051222834,33.63402950080364,33.149442051222834,False,False,False,False,0.864983452579588,0.9208344618554797,0.864983452579588,False,both,left,none,none,0,moving_average,4,2.0,peak,10,-1,-1,10,False,0.8084268118797386,False,False,False,False,False,False,False,,,1.7241379310344829
frame_000016.jpg,33.71050986431535,33.19034845923699,16,True,0.16479249552645597,0.018972727101996097,0.00035200034490892596,0.4280293032968904,False,False,False,False,False,0.38500283568705185,0.12,0.18,False,False,True,True,True,33.71050986431535,33.19034845923699,33.71050986431535,33.19034845923699,False,False,False,False,0.9059912257862247,0.9354115773422763,0.9059912257862247,False,both,left,none,none,0,moving_average,4,2.0,peak,10,-1,-1,10,False,0.9104043670695272,False,False,False,False,False,False,False,,,1.8390804597701151
frame_000017.jpg,33.81168203305199,33.107856767718204,17,True,0.1727682888933106,0.006171591470496953,0.010339030952464561,0.4487454971208178,False,False,False,False,False,0.38500283568705185,0.12,0.18,False,False,True,True,True,33.81168203305199,33.107856767718204,33.81168203305199,33.107856767718204,False,False,False,False,0.960238422842769,0.9060154271460923,0.960238422842769,False,both,left,none,none,0,moving_average,4,2.0,peak,10,-1,-1,10,False,0.9554098828763311,False,False,False,False,False,False,False,,,1.9540229885057472
frame_000018.jpg,33.88583821459982,33.059021463778045,18,True,0.18651171721814527,0.006021362825823351,0.004940961013888728,0.4844424506258719,False,False,False,False,False,0.38500283568705185,0.12,0.18,False,False,True,True,True,33.88583821459982,33.059021463778045,33.88583821459982,33.059021463778045,False,False,False,False,1.0,0.8886128269196899,1.0,False,both,left,none,none,0,moving_average,4,2.0,peak,10,-1,-1,10,False,0.967204328048993,True,False,False,False,False,False,False,1,,2.0689655172413794
frame_000019.jpg,33.776500532695124,33.20922716197702,19,True,0.2929472328773291,0.04883705108962008,0.01169712885952146,0.7608962992559624,False,False,False,False,False,0.38500283568705185,0.12,0.18,False,False,True,True,True,33.776500532695124,33.20922716197702,33.776500532695124,33.20922716197702,False,False,False,False,0.9413745613042104,0.9421390570561392,0.9413745613042104,False,both,left,none,none,0,moving_average,4,2.0,peak,10,-1,-1,10,False,0.9451308554869129,False,False,False,False,False,False,False,,,2.1839080459770117
frame_000020.jpg,33.688179554850585,33.04868304715137,20,True,0.326966581124882,0.0370835031230526,0.019535444162027526,0.8492575919379867,False,False,False,False,False,0.38500283568705185,0.12,0.18,False,False,True,True,True,33.688179554850585,33.04868304715137,33.688179554850585,33.04868304715137,False,False,False,False,0.8940180051565284,0.884928702587251,0.8940180051565284,False,both,left,none,none,0,moving_average,4,2.0,peak,10,-1,-1,10,False,0.8914978404289333,False,False,False,False,False,False,False,,,2.298850574712644
frame_000021.jpg,33.58575809560429,33.02267559092538,21,True,0.3591521886689044,0.034310118984978634,0.05174194522136336,0.9328559568346659,False,False,False,False,True,0.38500283568705185,0.12,0.18,False,False,True,True,True,33.58575809560429,33.02267559092538,33.58575809560429,33.02267559092538,False,False,True,True,0.8391009548260612,0.8756608711806693,0.8391009548260612,False,both,left,none,none,0,moving_average,4,2.0,peak,10,-1,-1,10,False,0.8685039497617915,False,False,False,False,False,False,False,,,2.4137931034482762
frame_000022.jpg,33.64784825685147,32.503971174987186,22,True,0.3630427222566689,0.1497823792553561,0.05415998609598438,1.248186493794634,False,True,False,True,True,0.38500283568705185,0.12,0.18,False,False,True,True,True,33.64784825685147,32.503971174987186,33.64784825685147,32.503971174987186,False,False,True,True,0.8723928893027848,0.6908190690839094,0.8723928893027848,False,both,left,none,none,0,moving_average,4,2.0,peak,10,-1,-1,10,False,0.7811760163830956,False,False,False,False,False,False,False,,,2.528735632183908
frame_000023.jpg,33.19957423196162,33.07602649971138,23,True,0.47617035493846627,0.11797240591667017,0.035915725625734696,1.236797007192746,True,False,False,True,True,0.38500283568705185,0.12,0.18,False,False,True,True,True,33.19957423196162,33.07602649971138,33.19957423196162,33.07602649971138,False,False,True,True,0.632034205020441,0.8946726201083656,0.632034205020441,False,both,left,none,none,0,moving_average,4,2.0,peak,10,-1,-1,10,False,0.712153766447889,False,False,False,False,False,False,False,,,2.6436781609195403
frame_000024.jpg,33.19957423196162,33.07602649971138,24,True,0.0,0.0,0.0,0.0,False,False,False,False,True,0.38500283568705185,0.12,0.18,False,False,True,True,True,33.19957423196162,33.07602649971138,33.19957423196162,33.07602649971138,False,False,True,True,0.632034205020441,0.8946726201083656,0.632034205020441,False,both,left,none,none,0,moving_average,4,2.0,peak,10,-1,-1,10,False,0.698811399966218,False,False,False,False,False,False,False,,,2.7586206896551726
frame_000025.jpg,33.57319687062652,32.612703062627645,25,True,0.2920875838003574,0.11797240591667013,0.035915725625734696,0.9831033826389178,False,False,False,False,False,0.38500283568705185,0.12,0.18,False,False,True,True,True,33.57319687062652,32.612703062627645,33.57319687062652,32.612703062627645,False,False,False,False,0.8323657898577721,0.7295659882141288,0.8323657898577721,False,both,left,none,none,0,moving_average,4,2.0,peak,10,-1,-1,10,False,0.6522100021974133,False,False,False,False,False,False,False,,,2.873563218390805
frame_000026.jpg,32.938836457426596,32.53413307325572,26,True,0.3616029352599594,0.05235787705842209,0.044378908994816404,0.9392214855110497,False,False,False,False,True,0.38500283568705185,0.12,0.18,False,False,True,True,True,32.938836457426596,32.53413307325572,32.938836457426596,32.53413307325572,False,False,True,True,0.4922300117140268,0.7015673477939152,0.4922300117140268,False,both,left,none,none,0,moving_average,4,2.0,peak,10,-1,-1,10,False,0.5181233601770648,False,False,False,False,False,False,False,,,2.988505747126437
frame_000027.jpg,32.44935097023226,32.57984290923844,27,True,0.4113764158794807,0.052357877058422084,0.044378908994816404,1.0685023011463388,True,False,False,True,True,0.38500283568705185,0.12,0.18,False,False,True,True,True,32.44935097023226,32.57984290923844,32.44935097023226,32.57984290923844,False,False,True,True,0.22977427895939564,0.7178561785749509,0.22977427895939564,False,both,left,none,none,0,moving_average,4,2.0,peak,10,-1,-1,10,False,0.25009008949504735,False,False,False,False,False,False,False,,,3.1034482758620694
frame_000028.jpg,32.07353373078492,32.540160750568795,28,True,0.3535452588181841,0.0,0.0,0.9182926099421306,False,False,False,False,True,0.38500283568705185,0.12,0.18,False,False,True,True,True,32.07353373078492,32.540160750568795,32.07353373078492,32.540160750568795,False,False,True,True,0.028265977811719634,0.7037153278433849,0.028265977811719634,False,both,left,none,none,0,moving_average,4,2.0,peak,10,-1,-1,10,False,0.16483756652173814,False,False,False,False,False,False,False,,,3.218390804597701
frame_000029.jpg,32.461843187314074,32.534163688046505,29,True,0.2109077092453174,0.0,0.0,0.5478081969680685,False,False,False,False,False,0.38500283568705185,0.12,0.18,False,False,True,True,True,32.461843187314074,32.534163688046505,32.461843187314074,32.534163688046505,False,False,False,False,0.23647244279409924,0.7015782574621696,0.23647244279409924,False,both,left,none,none,0,moving_average,4,2.0,peak,10,-1,-1,10,False,0.15562184161568046,False,False,False,False,False,False,False,,,3.3333333333333335
frame_000030.jpg,32.397788405206775,32.58504190204067,30,True,0.1866227674904909,0.09035100266699346,0.03293434880494497,0.7529250222249455,False,False,False,False,False,0.38500283568705185,0.12,0.18,False,False,True,True,True,32.397788405206775,32.58504190204067,32.397788405206775,32.58504190204067,False,False,False,False,0.20212710424122254,0.7197088545289719,0.20212710424122254,False,both,left,none,none,0,moving_average,4,2.0,peak,10,-1,-1,10,False,0.19721057328078803,False,False,False,False,False,False,False,,,3.4482758620689657
frame_000031.jpg,32.306225320721595,32.02240957529762,31,True,0.1463103841780531,0.030261979693321023,0.014393337840710896,0.38002417285305645,False,False,False,False,True,0.38500283568705185,0.12,0.18,False,False,True,True,True,32.306225320721595,32.02240957529762,32.306225320721595,32.02240957529762,False,False,True,True,0.15303217280704237,0.519213215784555,0.15303217280704237,False,both,left,none,none,0,moving_average,4,2.0,peak,10,-1,-1,10,False,0.13583341348757996,False,False,False,False,False,False,False,,,3.563218390804598
frame_000032.jpg,32.118434087630924,32.652594605164374,32,True,0.31613205901130875,0.12061298236031442,0.047327686645655856,1.0051081863359537,False,True,False,True,True,0.38500283568705185,0.12,0.18,False,False,True,True,True,32.118434087630924,32.652594605164374,32.118434087630924,32.652594605164374,False,False,True,True,0.05234096341447501,0.7437814534855622,0.05234096341447501,False,both,left,none,none,0,moving_average,4,2.0,peak,10,-1,-1,10,False,0.06845771207383913,False,False,False,False,False,False,False,,,3.6781609195402303
frame_000033.jpg,32.02081708491486,32.74023287163971,33,True,0.22204904242295687,0.09949477399162222,0.052802328764249104,0.8291231165968519,False,False,False,False,True,0.38500283568705185,0.12,0.18,False,False,True,True,True,32.02081708491486,32.74023287163971,32.02081708491486,32.74023287163971,False,False,True,True,0.0,0.7750116003865435,0.0,False,both,left,none,none,0,moving_average,4,2.0,peak,10,-1,-1,10,False,0.1153637007195541,False,False,False,False,False,False,False,,,3.7931034482758625
frame_000034.jpg,,,34,False,,,,0.0,False,False,False,False,False,0.38500283568705185,0.12,0.18,True,True,False,False,False,,,32.56866730052066,32.99952200185787,True,True,False,False,0.2937501387441873,0.8674100234979754,0.2937501387441873,False,missing,left,none,none,0,moving_average,4,2.0,peak,10,-1,-1,10,False,0.293750138744186,False,False,False,False,False,False,False,,,3.9080459770114944
frame_000035.jpg,33.11651751612645,33.25881113207603,35,True,,,,0.0,False,False,False,False,False,0.38500283568705185,0.12,0.18,False,False,True,True,True,33.11651751612645,33.25881113207603,33.11651751612645,33.25881113207603,False,False,False,False,0.5875002774883707,0.9598084466094099,0.5875002774883707,False,both,left,none,none,0,moving_average,4,2.0,peak,10,-1,-1,10,False,0.4895835645736429,False,False,False,False,False,False,False,,,4.022988505747127
frame_000036.jpg,33.11651751612645,33.25881113207603,36,True,0.0,0.0,0.0,0.0,False,False,False,False,False,0.38500283568705185,0.12,0.18,False,False,True,True,True,33.11651751612645,33.25881113207603,33.11651751612645,33.25881113207603,False,False,False,False,0.5875002774883707,0.9598084466094099,0.5875002774883707,False,both,left,none,none,0,moving_average,4,2.0,peak,10,-1,-1,10,False,0.5355368252598006,True,False,False,False,False,False,False,2,,4.137931034482759
frame_000037.jpg,,,37,False,,,,0.0,False,False,False,False,False,0.38500283568705185,0.12,0.18,True,True,False,False,False,,,32.825778706993475,33.166979904696575,True,True,False,False,0.43160992080266053,0.9270841260985182,0.43160992080266053,False,missing,left,none,none,0,moving_average,4,2.0,peak,10,-1,-1,10,False,0.4316099208026592,False,False,False,False,False,False,False,,,4.252873563218391
frame_000038.jpg,32.53503989786049,33.07514867731712,38,True,,,,0.0,False,False,False,False,False,0.38500283568705185,0.12,0.18,False,False,True,True,True,32.53503989786049,33.07514867731712,32.53503989786049,33.07514867731712,False,False,False,False,0.2757195641169465,0.8943598055876265,0.2757195641169465,False,both,left,none,none,0,moving_average,4,2.0,peak,10,-1,-1,10,False,0.32856996675812544,False,False,False,False,False,False,False,,,4.367816091954023
frame_000039.jpg,,,39,False,,,,0.0,False,False,False,False,False,0.38500283568705185,0.12,0.18,True,True,False,False,False,,,32.54000244164198,33.06906280089319,True,True,False,False,0.27838041535476943,0.8921910861185591,0.27838041535476943,False,missing,left,none,none,0,moving_average,4,2.0,peak,10,-1,-1,10,False,0.27838041535477065,False,False,False,False,False,False,False,,,4.482758620689656
frame_000040.jpg,,,40,False,,,,0.0,False,False,False,False,False,0.38500283568705185,0.12,0.18,True,True,False,False,False,,,32.544964985423476,33.06297692446927,True,True,False,False,0.28104126659259615,0.8900223666494919,0.28104126659259615,False,missing,left,none,none,0,moving_average,4,2.0,peak,10,-1,-1,10,False,0.2810412665925949,False,False,False,False,False,False,False,,,4.597701149425288
frame_000041.jpg,,,41,False,,,,0.0,False,False,False,False,False,0.38500283568705185,0.12,0.18,True,True,False,False,False,,,32.549927529204965,33.05689104804535,True,True,False,False,0.2837021178304191,0.8878536471804271,0.2837021178304191,False,missing,left,none,none,0,moving_average,4,2.0,peak,10,-1,-1,10,False,0.2837021178304203,False,False,False,False,False,False,False,,,4.71264367816092
frame_000042.jpg,,,42,False,,,,0.0,False,False,False,False,False,0.38500283568705185,0.12,0.18,True,True,False,False,False,,,32.55489007298646,33.05080517162143,True,True,False,False,0.2863629690682459,0.8856849277113599,0.2863629690682459,False,missing,left,none,none,0,moving_average,4,2.0,peak,10,-1,-1,10,False,0.2863629690682446,False,False,False,False,False,False,False,,,4.8275862068965525
frame_000043.jpg,,,43,False,,,,0.0,False,False,False,False,False,0.38500283568705185,0.12,0.18,True,True,False,False,False,,,32.55985261676795,33.0447192951975,True,True,False,False,0.2890238203060688,0.8835162082422926,0.2890238203060688,False,missing,left,none,none,0,moving_average,4,2.0,peak,10,-1,-1,10,False,0.2890238203060701,False,False,False,False,False,False,False,,,4.942528735632185
frame_000044.jpg,,,44,False,,,,0.0,False,False,False,False,False,0.38500283568705185,0.12,0.18,True,True,False,False,False,,,32.56481516054944,33.03863341877358,True,True,False,False,0.2916846715438956,0.8813474887732253,0.2916846715438956,False,missing,left,none,none,0,moving_average,4,2.0,peak,10,-1,-1,10,False,0.2916846715438943,False,False,False,False,False,False,False,,,5.057471264367816
frame_000045.jpg,,,45,False,,,,0.0,False,False,False,False,False,0.38500283568705185,0.12,0.18,True,True,False,False,False,,,32.56977770433093,33.03254754234966,True,True,False,False,0.29434552278171855,0.8791787693041606,0.29434552278171855,False,missing,left,none,none,0,moving_average,4,2.0,peak,10,-1,-1,10,False,0.2943455227817198,False,False,False,False,False,False,False,,,5.172413793103448
frame_000046.jpg,,,46,False,,,,0.0,False,False,False,False,False,0.38500283568705185,0.12,0.18,True,True,False,False,False,,,32.57474024811243,33.02646166592574,True,True,False,False,0.2970063740195453,0.8770100498350932,0.2970063740195453,False,missing,left,none,none,0,moving_average,4,2.0,peak,10,-1,-1,10,False,0.29700637401954405,False,False,False,False,False,False,False,,,5.287356321839081
frame_000047.jpg,,,47,False,,,,0.0,False,False,False,False,False,0.38500283568705185,0.12,0.18,True,True,False,False,False,,,32.579702791893915,33.02037578950181,True,True,False,False,0.2996672252573683,0.874841330366026,0.2996672252573683,False,missing,left,none,none,0,moving_average,4,2.0,peak,10,-1,-1,10,False,0.2996672252573682,False,False,False,False,False,False,False,,,5.402298850574713
frame_000048.jpg,,,48,False,,,,0.0,False,False,False,False,False,0.38500283568705185,0.12,0.18,True,True,False,False,False,,,32.5846653356754,33.01428991307789,True,True,False,False,0.3023280764951912,0.8726726108969587,0.3023280764951912,False,missing,left,none,none,0,moving_average,4,2.0,peak,10,-1,-1,10,False,0.3023280764951925,False,False,False,False,False,False,False,,,5.517241379310345
frame_000049.jpg,,,49,False,,,,0.0,False,False,False,False,False,0.38500283568705185,0.12,0.18,True,True,False,False,False,,,32.5896278794569,33.00820403665397,True,True,False,False,0.304988927733018,0.870503891427894,0.304988927733018,False,missing,left,none,none,0,moving_average,4,2.0,peak,10,-1,-1,10,False,0.3049889277330167,False,False,False,False,False,False,False,,,5.6321839080459775
frame_000050.jpg,,,50,False,,,,0.0,False,False,False,False,False,0.38500283568705185,0.12,0.18,True,True,False,False,False,,,32.59459042323839,33.00211816023005,True,True,False,False,0.30764977897084095,0.8683351719588267,0.30764977897084095,False,missing,left,none,none,0,moving_average,4,2.0,peak,10,-1,-1,10,False,0.3076497789708422,False,False,False,False,False,False,False,,,5.74712643678161
frame_000051.jpg,,,51,False,,,,0.0,False,False,False,False,False,0.38500283568705185,0.12,0.18,True,True,False,False,False,,,32.59955296701988,32.99603228380612,True,True,False,False,0.3103106302086677,0.8661664524897594,0.3103106302086677,False,missing,left,none,none,0,moving_average,4,2.0,peak,10,-1,-1,10,False,0.31031063020866645,False,False,False,False,False,False,False,,,5.862068965517242
frame_000052.jpg,,,52,False,,,,0.0,False,False,False,False,False,0.38500283568705185,0.12,0.18,True,True,False,False,False,,,32.60451551080137,32.9899464073822,True,True,False,False,0.3129714814464907,0.8639977330206922,0.3129714814464907,False,missing,left,none,none,0,moving_average,4,2.0,peak,10,-1,-1,10,False,0.3129714814464919,False,False,False,False,False,False,False,,,5.977011494252874
frame_000053.jpg,,,53,False,,,,0.0,False,False,False,False,False,0.38500283568705185,0.12,0.18,True,True,False,False,False,,,32.609478054582866,32.98386053095828,True,True,False,False,0.3156323326843174,0.8618290135516274,0.3156323326843174,False,missing,left,none,none,0,moving_average,4,2.0,peak,10,-1,-1,10,False,0.3156323326843161,False,False,False,False,False,False,False,,,6.0919540229885065
frame_000054.jpg,,,54,False,,,,0.0,False,False,False,False,False,0.38500283568705185,0.12,0.18,True,True,False,False,False,,,32.614440598364354,32.97777465453436,True,True,False,False,0.3182931839221404,0.8596602940825601,0.3182931839221404,False,missing,left,none,none,0,moving_average,4,2.0,peak,10,-1,-1,10,False,0.3182931839221416,False,False,False,False,False,False,False,,,6.206896551724139
frame_000055.jpg,,,55,False,,,,0.0,False,False,False,False,False,0.38500283568705185,0.12,0.18,True,True,False,False,False,,,32.61940314214585,32.97168877811043,True,True,False,False,0.3209540351599671,0.8574915746134928,0.3209540351599671,False,missing,left,none,none,0,moving_average,4,2.0,peak,10,-1,-1,10,False,0.32095403515996584,False,False,False,False,False,False,False,,,6.321839080459771
frame_000056.jpg,,,56,False,,,,0.0,False,False,False,False,False,0.38500283568705185,0.12,0.18,True,True,False,False,False,,,32.62436568592734,32.96560290168651,True,True,False,False,0.32361488639779007,0.8553228551444255,0.32361488639779007,False,missing,left,none,none,0,moving_average,4,2.0,peak,10,-1,-1,10,False,0.32361488639779135,False,False,False,False,False,False,False,,,6.436781609195402
frame_000057.jpg,,,57,False,,,,0.0,False,False,False,False,False,0.38500283568705185,0.12,0.18,True,True,False,False,False,,,32.62932822970883,32.95951702526259,True,True,False,False,0.32627573763561685,0.8531541356753608,0.32627573763561685,False,missing,left,none,none,0,moving_average,4,2.0,peak,10,-1,-1,10,False,0.32627573763561557,False,False,False,False,False,False,False,,,6.551724137931035
frame_000058.jpg,,,58,False,,,,0.0,False,False,False,False,False,0.38500283568705185,0.12,0.18,True,True,False,False,False,,,32.63429077349032,32.95343114883867,True,True,False,False,0.3289365888734398,0.8509854162062935,0.3289365888734398,False,missing,left,none,none,0,moving_average,4,2.0,peak,10,-1,-1,10,False,0.3289365888734398,False,False,False,False,False,False,False,,,6.666666666666667
frame_000059.jpg,,,59,False,,,,0.0,False,False,False,False,False,0.38500283568705185,0.12,0.18,True,True,False,False,False,,,32.63925331727181,32.94734527241474,True,True,False,False,0.33159744011126274,0.8488166967372263,0.33159744011126274,False,missing,left,none,none,0,moving_average,4,2.0,peak,10,-1,-1,10,False,0.331597440111264,False,False,False,False,False,False,False,,,6.781609195402299
frame_000060.jpg,,,60,False,,,,0.0,False,False,False,False,False,0.38500283568705185,0.12,0.18,True,True,False,False,False,,,32.644215861053304,32.94125939599082,True,True,False,False,0.3342582913490895,0.846647977268159,0.3342582913490895,False,missing,left,none,none,0,moving_average,4,2.0,peak,10,-1,-1,10,False,0.33425829134908824,False,False,False,False,False,False,False,,,6.8965517241379315
frame_000061.jpg,,,61,False,,,,0.0,False,False,False,False,False,0.38500283568705185,0.12,0.18,True,True,False,False,False,,,32.64917840483479,32.9351735195669,True,True,False,False,0.33691914258691247,0.8444792577990942,0.33691914258691247,False,missing,left,none,none,0,moving_average,4,2.0,peak,10,-1,-1,10,False,0.3369191425869137,False,False,False,False,False,False,False,,,7.011494252873564
frame_000062.jpg,,,62,False,,,,0.0,False,False,False,False,False,0.38500283568705185,0.12,0.18,True,True,False,False,False,,,32.65414094861629,32.92908764314298,True,True,False,False,0.33957999382473925,0.8423105383300269,0.33957999382473925,False,missing,left,none,none,0,moving_average,4,2.0,peak,10,-1,-1,10,False,0.33957999382473797,False,False,False,False,False,False,False,,,7.126436781609196
frame_000063.jpg,,,63,False,,,,0.0,False,False,False,False,False,0.38500283568705185,0.12,0.18,True,True,False,False,False,,,32.659103492397776,32.923001766719054,True,True,False,False,0.3422408450625622,0.8401418188609596,0.3422408450625622,False,missing,left,none,none,0,moving_average,4,2.0,peak,10,-1,-1,10,False,0.34224084506256347,False,False,False,False,False,False,False,,,7.241379310344828
frame_000064.jpg,,,64,False,,,,0.0,False,False,False,False,False,0.38500283568705185,0.12,0.18,True,True,False,False,False,,,32.66406603617927,32.91691589029513,True,True,False,False,0.34490169630038897,0.8379730993918924,0.34490169630038897,False,missing,left,none,none,0,moving_average,4,2.0,peak,10,-1,-1,10,False,0.3449016963003877,False,False,False,False,False,False,False,,,7.356321839080461
frame_000065.jpg,,,65,False,,,,0.0,False,False,False,False,False,0.38500283568705185,0.12,0.18,True,True,False,False,False,,,32.66902857996076,32.91083001387121,True,True,False,False,0.3475625475382119,0.8358043799228276,0.3475625475382119,False,missing,left,none,none,0,moving_average,4,2.0,peak,10,-1,-1,10,False,0.3475625475382132,False,False,False,False,False,False,False,,,7.471264367816093
frame_000066.jpg,,,66,False,,,,0.0,False,False,False,False,False,0.38500283568705185,0.12,0.18,True,True,False,False,False,,,32.673991123742255,32.90474413744729,True,True,False,False,0.3502233987760387,0.8336356604537604,0.3502233987760387,False,missing,left,none,none,0,moving_average,4,2.0,peak,10,-1,-1,10,False,0.3502233987760374,True,False,False,False,False,False,False,3,,7.586206896551725
frame_000067.jpg,32.67895366752374,32.898658261023364,67,True,,,,0.0,False,False,False,False,False,0.38500283568705185,0.12,0.18,False,False,True,True,True,32.67895366752374,32.898658261023364,32.67895366752374,32.898658261023364,False,False,False,False,0.35288425001386164,0.8314669409846931,0.35288425001386164,False,both,left,none,none,0,moving_average,4,2.0,peak,10,-1,-1,10,False,0.31001409161056864,False,False,False,False,False,False,False,,,7.701149425287357
frame_000068.jpg,32.44405495753998,32.83294224543671,68,True,0.03407860793634685,0.0,0.0,0.0885152128179324,False,False,False,False,False,0.38500283568705185,0.12,0.18,False,False,True,True,True,32.44405495753998,32.83294224543671,32.44405495753998,32.83294224543671,False,False,False,False,0.22693462604180561,0.8080488508847953,0.22693462604180561,False,both,left,none,none,0,moving_average,4,2.0,peak,10,-1,-1,10,False,0.22716397692506152,False,False,False,False,False,False,False,,,7.816091954022989
frame_000069.jpg,32.210439480286375,32.750695522729735,69,True,0.03407860793634685,0.0,0.0,0.0885152128179324,False,False,False,False,False,0.38500283568705185,0.12,0.18,False,False,True,True,True,32.210439480286375,32.750695522729735,32.210439480286375,32.750695522729735,False,False,False,False,0.10167305471951726,0.7787399960253034,0.10167305471951726,False,both,left,none,none,0,moving_average,4,2.0,peak,10,-1,-1,10,False,0.11845949402191093,False,False,False,False,False,False,False,,,7.931034482758621
frame_000070.jpg,32.07074519500618,32.801666353736664,70,True,0.03873699847377113,0.0,0.0,0.10061483938071136,False,False,False,False,False,0.38500283568705185,0.12,0.18,False,False,True,True,True,32.07074519500618,32.801666353736664,32.07074519500618,32.801666353736664,False,False,False,False,0.026770801304409925,0.7969035974294848,0.026770801304409925,False,both,left,none,none,0,moving_average,4,2.0,peak,10,-1,-1,10,False,0.053653100511214864,False,False,False,False,False,False,False,,,8.045977011494253
frame_000071.jpg,,,71,False,,,,0.0,False,False,False,False,False,0.38500283568705185,0.12,0.18,True,True,False,False,False,,,32.0814590778316,32.81540999443295,True,True,False,False,0.03251544550971741,0.8018011830979556,0.03251544550971741,False,missing,left,none,none,0,moving_average,4,2.0,peak,10,-1,-1,10,False,0.03251544550971741,False,False,False,False,False,False,False,,,8.160919540229886
frame_000072.jpg,,,72,False,,,,0.0,False,False,False,False,False,0.38500283568705185,0.12,0.18,True,True,False,False,False,,,32.092172960657024,32.82915363512923,True,True,False,False,0.0382600897150249,0.8066987687664263,0.0382600897150249,False,missing,left,none,none,0,moving_average,4,2.0,peak,10,-1,-1,10,False,0.0382600897150249,False,False,False,False,False,False,False,,,8.275862068965518
frame_000073.jpg,,,73,False,,,,0.0,False,False,False,False,False,0.38500283568705185,0.12,0.18,True,True,False,False,False,,,32.102886843482445,32.84289727582552,True,True,False,False,0.044004733920332384,0.8115963544348996,0.044004733920332384,False,missing,left,none,none,0,moving_average,4,2.0,peak,10,-1,-1,10,False,0.044004733920332384,False,False,False,False,False,False,False,,,8.39080459770115
frame_000074.jpg,,,74,False,,,,0.0,False,False,False,False,False,0.38500283568705185,0.12,0.18,True,True,False,False,False,,,32.113600726307865,32.856640916521805,True,True,False,False,0.04974937812563988,0.8164939401033703,0.04974937812563988,False,missing,left,none,none,0,moving_average,4,2.0,peak,10,-1,-1,10,False,0.04974937812564115,False,False,False,False,False,False,False,,,8.505747126436782
frame_000075.jpg,,,75,False,,,,0.0,False,False,False,False,False,0.38500283568705185,0.12,0.18,True,True,False,False,False,,,32.12431460913329,32.87038455721809,True,True,False,False,0.05549402233095117,0.821391525771841,0.05549402233095117,False,missing,left,none,none,0,moving_average,4,2.0,peak,10,-1,-1,10,False,0.0554940223309499,False,False,False,False,False,False,False,,,8.620689655172415
frame_000076.jpg,,,76,False,,,,0.0,False,False,False,False,False,0.38500283568705185,0.12,0.18,True,True,False,False,False,,,32.135028491958714,32.88412819791437,True,True,False,False,0.06123866653625866,0.8262891114403118,0.06123866653625866,False,missing,left,none,none,0,moving_average,4,2.0,peak,10,-1,-1,10,False,0.06123866653625866,False,False,False,False,False,False,False,,,8.735632183908047
frame_000077.jpg,,,77,False,,,,0.0,False,False,False,False,False,0.38500283568705185,0.12,0.18,True,True,False,False,False,,,32.145742374784135,32.897871838610655,True,True,False,False,0.06698331074156615,0.8311866971087826,0.06698331074156615,False,missing,left,none,none,0,moving_average,4,2.0,peak,10,-1,-1,10,False,0.06698331074156615,False,False,False,False,False,False,False,,,8.85057471264368
frame_000078.jpg,,,78,False,,,,0.0,False,False,False,False,False,0.38500283568705185,0.12,0.18,True,True,False,False,False,,,32.156456257609555,32.91161547930694,True,True,False,False,0.07272795494687363,0.8360842827772533,0.07272795494687363,False,missing,left,none,none,0,moving_average,4,2.0,peak,10,-1,-1,10,False,0.07272795494687362,False,False,False,False,False,False,False,,,8.965517241379311
frame_000079.jpg,,,79,False,,,,0.0,False,False,False,False,False,0.38500283568705185,0.12,0.18,True,True,False,False,False,,,32.167170140434976,32.92535912000322,True,True,False,False,0.07847259915218112,0.8409818684457241,0.07847259915218112,False,missing,left,none,none,0,moving_average,4,2.0,peak,10,-1,-1,10,False,0.07847259915218112,False,False,False,False,False,False,False,,,9.080459770114944
frame_000080.jpg,,,80,False,,,,0.0,False,False,False,False,False,0.38500283568705185,0.12,0.18,True,True,False,False,False,,,32.1778840232604,32.93910276069951,True,True,False,False,0.0842172433574886,0.8458794541141973,0.0842172433574886,False,missing,left,none,none,0,moving_average,4,2.0,peak,10,-1,-1,10,False,0.0842172433574886,False,False,False,False,False,False,False,,,9.195402298850576
frame_000081.jpg,,,81,False,,,,0.0,False,False,False,False,False,0.38500283568705185,0.12,0.18,True,True,False,False,False,,,32.18859790608582,32.952846401395796,True,True,False,False,0.08996188756279609,0.850777039782668,0.08996188756279609,False,missing,left,none,none,0,moving_average,4,2.0,peak,10,-1,-1,10,False,0.08996188756279735,False,False,False,False,False,False,False,,,9.310344827586208
frame_000082.jpg,,,82,False,,,,0.0,False,False,False,False,False,0.38500283568705185,0.12,0.18,True,True,False,False,False,,,32.199311788911245,32.96659004209208,True,True,False,False,0.0957065317681074,0.8556746254511388,0.0957065317681074,False,missing,left,none,none,0,moving_average,4,2.0,peak,10,-1,-1,10,False,0.09570653176810612,False,False,False,False,False,False,False,,,9.42528735632184
frame_000083.jpg,,,83,False,,,,0.0,False,False,False,False,False,0.38500283568705185,0.12,0.18,True,True,False,False,False,,,32.210025671736666,32.98033368278836,True,True,False,False,0.10145117597341488,0.8605722111196096,0.10145117597341488,False,missing,left,none,none,0,moving_average,4,2.0,peak,10,-1,-1,10,False,0.10145117597341488,False,False,False,False,False,False,False,,,9.540229885057473
frame_000084.jpg,,,84,False,,,,0.0,False,False,False,False,False,0.38500283568705185,0.12,0.18,True,True,False,False,False,,,32.22073955456209,32.994077323484646,True,True,False,False,0.10719582017872237,0.8654697967880803,0.10719582017872237,False,missing,left,none,none,0,moving_average,4,2.0,peak,10,-1,-1,10,False,0.10719582017872235,False,False,False,False,False,False,False,,,9.655172413793105
frame_000085.jpg,,,85,False,,,,0.0,False,False,False,False,False,0.38500283568705185,0.12,0.18,True,True,False,False,False,,,32.23145343738751,33.00782096418094,True,True,False,False,0.11294046438402985,0.8703673824565535,0.11294046438402985,False,missing,left,none,none,0,moving_average,4,2.0,peak,10,-1,-1,10,False,0.11294046438402985,False,False,False,False,False,False,False,,,9.770114942528737
frame_000086.jpg,,,86,False,,,,0.0,False,False,False,False,False,0.38500283568705185,0.12,0.18,True,True,False,False,False,,,32.24216732021293,33.02156460487722,True,True,False,False,0.11868510858933734,0.8752649681250243,0.11868510858933734,False,missing,left,none,none,0,moving_average,4,2.0,peak,10,-1,-1,10,False,0.11868510858933734,False,False,False,False,False,False,False,,,9.88505747126437
frame_000087.jpg,,,87,False,,,,0.0,False,False,False,False,False,0.38500283568705185,0.12,0.18,True,True,False,False,False,,,32.25288120303835,33.0353082455735,True,True,False,False,0.12442975279464483,0.8801625537934951,0.12442975279464483,False,missing,left,none,none,0,moving_average,4,2.0,peak,10,-1,-1,10,False,0.12442975279464481,False,False,False,False,False,False,False,,,10.0
frame_000088.jpg,,,88,False,,,,0.0,False,False,False,False,False,0.38500283568705185,0.12,0.18,True,True,False,False,False,,,32.26359508586377,33.04905188626979,True,True,False,False,0.1301743969999523,0.8850601394619658,0.1301743969999523,False,missing,left,none,none,0,moving_average,4,2.0,peak,10,-1,-1,10,False,0.1301743969999523,False,False,False,False,False,False,False,,,10.114942528735632
frame_000089.jpg,,,89,False,,,,0.0,False,False,False,False,False,0.38500283568705185,0.12,0.18,True,True,False,False,False,,,32.27430896868919,33.06279552696607,True,True,False,False,0.1359190412052598,0.8899577251304366,0.1359190412052598,False,missing,left,none,none,0,moving_average,4,2.0,peak,10,-1,-1,10,False,0.1359190412052598,False,False,False,False,False,False,False,,,10.229885057471265
frame_000090.jpg,,,90,False,,,,0.0,False,False,False,False,False,0.38500283568705185,0.12,0.18,True,True,False,False,False,,,32.28502285151461,33.076539167662354,True,True,False,False,0.14166368541056729,0.8948553107989073,0.14166368541056729,False,missing,left,none,none,0,moving_average,4,2.0,peak,10,-1,-1,10,False,0.14166368541056854,False,False,False,False,False,False,False,,,10.344827586206897
frame_000091.jpg,,,91,False,,,,0.0,False,False,False,False,False,0.38500283568705185,0.12,0.18,True,True,False,False,False,,,32.29573673434004,33.09028280835864,True,True,False,False,0.14740832961587857,0.8997528964673781,0.14740832961587857,False,missing,left,none,none,0,moving_average,4,2.0,peak,10,-1,-1,10,False,0.1474083296158773,False,False,False,False,False,False,False,,,10.459770114942529
frame_000092.jpg,,,92,False,,,,0.0,False,False,False,False,False,0.38500283568705185,0.12,0.18,True,True,False,False,False,,,32.30645061716546,33.10402644905493,True,True,False,False,0.15315297382118606,0.9046504821358513,0.15315297382118606,False,missing,left,none,none,0,moving_average,4,2.0,peak,10,-1,-1,10,False,0.15315297382118606,False,False,False,False,False,False,False,,,10.574712643678161
frame_000093.jpg,,,93,False,,,,0.0,False,False,False,False,False,0.38500283568705185,0.12,0.18,True,True,False,False,False,,,32.31716449999088,33.11777008975121,True,True,False,False,0.15889761802649355,0.9095480678043221,0.15889761802649355,False,missing,left,none,none,0,moving_average,4,2.0,peak,10,-1,-1,10,False,0.15889761802649355,False,False,False,False,False,False,False,,,10.689655172413794
frame_000094.jpg,32.3278783828163,33.131513730447494,94,True,,,,0.0,False,False,False,False,True,0.38500283568705185,0.12,0.18,False,False,True,True,True,32.3278783828163,33.131513730447494,32.3278783828163,33.131513730447494,False,False,True,True,0.16464226223180103,0.9144456534727928,0.16464226223180103,False,both,left,none,none,0,moving_average,4,2.0,peak,10,-1,-1,10,False,0.2548530953999101,False,False,False,False,False,False,False,,,10.804597701149426
frame_000095.jpg,32.84332759559675,33.24863080484158,95,True,0.11508333654472257,0.19266796867243352,0.0029902931580502376,1.6055664056036127,False,True,False,True,True,0.38500283568705185,0.12,0.18,False,False,True,True,True,32.84332759559675,33.24863080484158,32.84332759559675,33.24863080484158,False,False,True,True,0.44101940594143574,0.9561806578840197,0.44101940594143574,False,both,left,none,none,0,moving_average,4,2.0,peak,10,-1,-1,10,False,0.34889369137155746,False,False,False,False,False,False,False,,,10.919540229885058
frame_000096.jpg,32.84332759559675,33.24863080484158,96,True,0.0,0.0,0.0,0.0,False,False,False,False,True,0.38500283568705185,0.12,0.18,False,False,True,True,True,32.84332759559675,33.24863080484158,32.84332759559675,33.24863080484158,False,False,True,True,0.44101940594143574,0.9561806578840197,0.44101940594143574,False,both,left,none,none,0,moving_average,4,2.0,peak,10,-1,-1,10,False,0.3674795667025555,True,False,False,False,False,False,False,4,,11.03448275862069
frame_000097.jpg,32.43186753343431,33.107099733078314,97,True,0.032040474884367995,0.0,0.0,0.0832213997260321,False,False,False,False,True,0.38500283568705185,0.12,0.18,False,False,True,True,True,32.43186753343431,33.107099733078314,32.43186753343431,33.107099733078314,False,False,True,True,0.22039988822479517,0.9057456556870741,0.22039988822479517,False,both,left,none,none,0,moving_average,4,2.0,peak,10,-1,-1,10,False,0.26813308702103783,False,False,False,False,False,False,False,,,11.149425287356323
frame_000098.jpg,32.2874777442992,33.01111474745169,98,True,0.0988769167639971,0.25312374637496327,0.014309419955478655,2.109364553124694,False,True,False,True,True,0.38500283568705185,0.12,0.18,False,False,True,True,True,32.2874777442992,33.01111474745169,32.2874777442992,33.01111474745169,False,False,True,True,0.14297996689688267,0.8715411315451969,0.14297996689688267,False,both,left,none,none,0,moving_average,4,2.0,peak,10,-1,-1,10,False,0.1300111000693346,False,False,False,False,False,False,False,,,11.264367816091955
frame_000099.jpg,32.070526323179756,33.12457268658282,99,True,0.005261395944770448,0.012203155525115125,0.01601596699423823,0.10169296270929272,False,False,False,False,True,0.38500283568705185,0.12,0.18,False,False,True,True,True,32.070526323179756,33.12457268658282,32.070526323179756,33.12457268658282,False,False,True,True,0.026653445086326,0.9119721926404653,0.026653445086326,False,both,left,none,none,0,moving_average,4,2.0,peak,10,-1,-1,10,False,0.07385902666697564,False,False,False,False,False,False,False,,,11.379310344827587
frame_000100.jpg,32.117693123321246,33.13408351923887,100,True,0.05481103454126527,0.00881489101180234,0.008904588102342369,0.1423652749036327,False,False,False,False,False,0.38500283568705185,0.12,0.18,False,False,True,True,True,32.117693123321246,33.13408351923887,32.117693123321246,33.13408351923887,False,False,False,False,0.05194366801771829,0.9153614050581094,0.05194366801771829,False,both,left,none,none,0,moving_average,4,2.0,peak,10,-1,-1,10,False,0.08663990594570509,False,False,False,False,False,False,False,,,11.49425287356322
frame_000101.jpg,32.35898757403155,33.167855254864925,101,True,0.04999298923857454,0.010555316179154148,0.002662494224941768,0.12985096369318994,False,False,False,False,True,0.38500283568705185,0.12,0.18,False,False,True,True,True,32.35898757403155,33.167855254864925,32.35898757403155,33.167855254864925,False,False,True,True,0.181322604733071,0.9273960596344818,0.181322604733071,False,both,left,none,none,0,moving_average,4,2.0,peak,10,-1,-1,10,False,0.21957651244708637,False,False,False,False,False,False,False,,,11.609195402298852
frame_000102.jpg,32.81431506328083,33.23268100173327,102,True,0.2587282365501536,0.2670673270674302,0.007948640916160175,2.2255610588952517,False,True,False,True,True,0.38500283568705185,0.12,0.18,False,False,True,True,True,32.81431506328083,33.23268100173327,32.81431506328083,33.23268100173327,False,False,True,True,0.42546326459046985,0.9504968999304718,0.42546326459046985,False,both,left,none,none,0,moving_average,4,2.0,peak,10,-1,-1,10,False,0.34408304463800354,False,False,False,False,False,False,False,,,11.724137931034484
frame_000103.jpg,32.81431506328083,33.23268100173327,103,True,0.0,0.0,0.0,0.0,False,False,False,False,True,0.38500283568705185,0.12,0.18,False,False,True,True,True,32.81431506328083,33.23268100173327,32.81431506328083,33.23268100173327,False,False,True,True,0.42546326459046985,0.9504968999304718,0.42546326459046985,False,both,left,none,none,0,moving_average,4,2.0,peak,10,-1,-1,10,False,0.47131293200221014,False,False,False,False,False,False,False,,,11.839080459770116
frame_000104.jpg,33.0708468588166,33.34179240118627,104,True,0.2665122348802461,0.0,0.0,0.6922344725192612,False,False,False,False,True,0.38500283568705185,0.12,0.18,False,False,True,True,True,33.0708468588166,33.34179240118627,33.0708468588166,33.34179240118627,False,False,True,True,0.5630122668256909,0.9893790591804807,0.5630122668256909,False,both,left,none,none,0,moving_average,4,2.0,peak,10,-1,-1,10,False,0.5310482478033128,False,False,False,False,False,False,False,,,11.954022988505749
frame_000105.jpg,33.14853794175321,33.02211344158349,105,True,0.6985731946852883,0.1267047366958298,0.01274800836035727,1.814462466071603,True,True,False,True,True,0.38500283568705185,0.12,0.18,False,False,True,True,True,33.14853794175321,33.02211344158349,33.14853794175321,33.02211344158349,False,False,True,True,0.6046692119937779,0.8754605476549591,0.6046692119937779,False,both,left,none,none,0,moving_average,4,2.0,peak,10,-1,-1,10,False,0.5897046783740545,False,False,False,False,False,False,False,,,12.06896551724138
frame_000106.jpg,33.14250151049983,33.092419503853385,106,True,0.08374635327350437,0.09143616861182234,0.012442413101080421,0.7619680717651862,False,False,False,False,True,0.38500283568705185,0.12,0.18,False,False,True,True,True,33.14250151049983,33.092419503853385,33.14250151049983,33.092419503853385,False,False,True,True,0.6014325563026949,0.9005143140178088,0.6014325563026949,False,both,left,none,none,0,moving_average,4,2.0,peak,10,-1,-1,10,False,0.6025114415330558,True,False,False,False,False,False,False,5,,12.183908045977013
frame_000107.jpg,33.14250151049983,33.092419503853385,107,True,0.0,0.0,0.0,0.0,False,False,False,False,False,0.38500283568705185,0.12,0.18,False,False,True,True,True,33.14250151049983,33.092419503853385,33.14250151049983,33.092419503853385,False,False,False,False,0.6014325563026949,0.9005143140178088,0.6014325563026949,False,both,left,none,none,0,moving_average,4,2.0,peak,10,-1,-1,10,False,0.5679500859366363,False,False,False,False,False,False,False,,,12.298850574712645
frame_000108.jpg,32.95516496637958,33.14942090354046,108,True,0.21209064516194648,0.03670587390306546,0.0216328613669545,0.5508807351599446,False,False,False,False,False,0.38500283568705185,0.12,0.18,False,False,True,True,True,32.95516496637958,33.14942090354046,32.95516496637958,33.14942090354046,False,False,False,False,0.5009851452045192,0.9208269258183837,0.5009851452045192,False,both,left,none,none,0,moving_average,4,2.0,peak,10,-1,-1,10,False,0.5270146307970347,False,False,False,False,False,False,False,,,12.413793103448278
frame_000109.jpg,32.91346504413394,33.12044896823059,109,True,0.1803079970460341,0.042667295215392434,0.004945761485976408,0.4683290104195409,False,False,False,False,False,0.38500283568705185,0.12,0.18,False,False,True,True,True,32.91346504413394,33.12044896823059,32.91346504413394,33.12044896823059,False,False,False,False,0.47862619088389013,0.9105026938119513,0.47862619088389013,False,both,left,none,none,0,moving_average,4,2.0,peak,10,-1,-1,10,False,0.5171433822590251,False,False,False,False,False,False,False,,,12.52873563218391
frame_000110.jpg,33.08727124920055,33.00916920088983,110,True,0.12488869869824,0.03694750152296908,0.012682096752466527,0.32438384116151114,False,False,False,False,False,0.38500283568705185,0.12,0.18,False,False,True,True,True,33.08727124920055,33.00916920088983,33.08727124920055,33.00916920088983,False,False,False,False,0.5718188106886661,0.8708478304636791,0.5718188106886661,False,both,left,none,none,0,moving_average,4,2.0,peak,10,-1,-1,10,False,0.4907556604943085,False,False,False,False,False,False,False,,,12.643678160919542
frame_000111.jpg,32.807523990413245,33.0620677994534,111,True,0.3847921001471798,0.04757396633300937,0.00941182500545562,0.9994526389929155,False,False,False,False,False,0.38500283568705185,0.12,0.18,False,False,True,True,True,32.807523990413245,33.0620677994534,32.807523990413245,33.0620677994534,False,False,False,False,0.42182197991036935,0.889698397350021,0.42182197991036935,False,both,left,none,none,0,moving_average,4,2.0,peak,10,-1,-1,10,False,0.5114626100905657,False,False,False,False,False,False,False,,,12.758620689655173
frame_000112.jpg,33.02932173971897,33.15354537897909,112,True,0.03854126852017981,0.038274335500958746,0.022167256166027074,0.3189527958413229,False,False,False,False,False,0.38500283568705185,0.12,0.18,False,False,True,True,True,33.02932173971897,33.15354537897909,33.02932173971897,33.15354537897909,False,False,False,False,0.5407470396726617,0.9222966944368004,0.5407470396726617,False,both,left,none,none,0,moving_average,4,2.0,peak,10,-1,-1,10,False,0.5011053530852309,False,False,False,False,False,False,False,,,12.873563218390805
frame_000113.jpg,33.02932173971897,33.15354537897909,113,True,0.0,0.0,0.0,0.0,False,False,False,False,False,0.38500283568705185,0.12,0.18,False,False,True,True,True,33.02932173971897,33.15354537897909,33.02932173971897,33.15354537897909,False,False,False,False,0.5407470396726617,0.9222966944368004,0.5407470396726617,False,both,left,none,none,0,moving_average,4,2.0,peak,10,-1,-1,10,False,0.5406262091543645,True,False,False,False,False,False,False,6,,12.988505747126437
frame_000114.jpg,33.02864568530976,32.9091255871163,114,True,0.0429521953166966,0.07934327928410896,0.0025642245028719562,0.6611939940342414,False,False,False,False,False,0.38500283568705185,0.12,0.18,False,False,True,True,True,33.02864568530976,32.9091255871163,33.02864568530976,32.9091255871163,False,False,False,False,0.5403845481177704,0.8351970025741113,0.5403845481177704,False,both,left,none,none,0,moving_average,4,2.0,peak,10,-1,-1,10,False,0.5376313889335466,False,False,False,False,False,False,False,,,13.10344827586207
frame_000115.jpg,33.012565530744666,32.8707132427988,115,True,0.00984227701858104,0.0016104558169769679,0.0022197585291879388,0.025564167601563586,False,False,False,False,False,0.38500283568705185,0.12,0.18,False,False,True,True,True,33.012565530744666,32.8707132427988,33.012565530744666,32.8707132427988,False,False,False,False,0.5317625790102076,0.8215086538185574,0.5317625790102076,False,both,left,none,none,0,moving_average,4,2.0,peak,10,-1,-1,10,False,0.5127122301260257,False,False,False,False,False,False,False,,,13.218390804597702
frame_000116.jpg,32.88989746658896,32.904726234465585,116,True,0.14632460341793313,0.10453383236529627,0.06594960573876762,0.8711152697108023,False,False,False,False,False,0.38500283568705185,0.12,0.18,False,False,True,True,True,32.88989746658896,32.904726234465585,32.88989746658896,32.904726234465585,False,False,False,False,0.4659895632500994,0.8336292806750284,0.4659895632500994,False,both,left,none,none,0,moving_average,4,2.0,peak,10,-1,-1,10,False,0.4641106306042596,False,False,False,False,False,False,False,,,13.333333333333334
frame_000117.jpg,32.75671665517602,32.87188737742678,117,True,0.09220233699021367,0.002617444969668811,0.0015680359254614043,0.23948482567842697,False,False,False,False,False,0.38500283568705185,0.12,0.18,False,False,True,True,True,32.75671665517602,32.87188737742678,32.75671665517602,32.87188737742678,False,False,False,False,0.3945797495524721,0.8219270600512238,0.3945797495524721,False,both,left,none,none,0,moving_average,4,2.0,peak,10,-1,-1,10,False,0.41729580680246936,False,False,False,False,False,False,False,,,13.448275862068966
frame_000118.jpg,32.750633624026214,32.89079714598564,118,True,0.009991706952619302,0.017831221962395085,0.01443178365049213,0.14859351635329238,False,False,False,False,False,0.38500283568705185,0.12,0.18,False,False,True,True,True,32.750633624026214,32.89079714598564,32.750633624026214,32.89079714598564,False,False,False,False,0.3913181076048368,0.8286656101584744,0.3913181076048368,False,both,left,none,none,0,moving_average,4,2.0,peak,10,-1,-1,10,False,0.3645095932924326,False,False,False,False,False,False,False,,,13.563218390804598
frame_000119.jpg,32.59455525593212,32.67360784713218,119,True,0.06984874582441712,0.02197084863951259,0.03992131935533206,0.22178510752962255,False,False,False,False,False,0.38500283568705185,0.12,0.18,False,False,True,True,True,32.59455525593212,32.67360784713218,32.59455525593212,32.67360784713218,False,False,False,False,0.3076309227199891,0.7512695823579557,0.3076309227199891,False,both,left,none,none,0,moving_average,4,2.0,peak,10,-1,-1,10,False,0.32571423390264653,False,False,False,False,False,False,False,,,13.67816091954023
frame_000120.jpg,32.539654160189,32.733222211165256,120,True,0.022375474816558442,0.013234192495839027,0.006863018412683608,0.11028493746532522,False,False,False,False,False,0.38500283568705185,0.12,0.18,False,False,True,True,True,32.539654160189,32.733222211165256,32.539654160189,32.733222211165256,False,False,False,False,0.27819367138311385,0.7725133314762177,0.27819367138311385,False,both,left,none,none,0,moving_average,4,2.0,peak,10,-1,-1,10,False,0.2880060884954056,False,False,False,False,False,False,False,,,13.793103448275863
frame_000121.jpg,32.539654160189,32.733222211165256,121,True,0.0,0.0,0.0,0.0,False,False,False,False,False,0.38500283568705185,0.12,0.18,False,False,True,True,True,32.539654160189,32.733222211165256,32.539654160189,32.733222211165256,False,False,False,False,0.27819367138311385,0.7725133314762177,0.27819367138311385,False,both,left,none,none,0,moving_average,4,2.0,peak,10,-1,-1,10,False,0.2765447899278277,False,False,False,False,False,False,False,,,13.908045977011495
frame_000122.jpg,32.53042856392564,32.76204897601791,122,True,0.01062457715318671,0.011439411769009583,0.005124035272692493,0.0953284314084132,False,False,False,False,False,0.38500283568705185,0.12,0.18,False,False,True,True,True,32.53042856392564,32.76204897601791,32.53042856392564,32.76204897601791,False,False,False,False,0.27324702701725545,0.7827858315750384,0.27324702701725545,False,both,left,none,none,0,moving_average,4,2.0,peak,10,-1,-1,10,False,0.31288358179416986,False,False,False,False,False,False,False,,,14.022988505747128
frame_000123.jpg,32.74297200416286,32.55359101520209,123,True,0.1333866063455509,0.11662972001811481,0.01139972853324566,0.9719143334842901,False,False,False,False,False,0.38500283568705185,0.12,0.18,False,False,True,True,True,32.74297200416286,32.55359101520209,32.74297200416286,32.55359101520209,False,False,False,False,0.38721004698214023,0.7085012410555639,0.38721004698214023,False,both,left,none,none,0,moving_average,4,2.0,peak,10,-1,-1,10,False,0.3729817281373905,False,False,False,False,False,False,False,,,14.13793103448276
frame_000124.jpg,32.87590709854402,32.598614279507856,124,True,0.013613557316767309,0.0002720690585591784,4.0437626168031426e-05,0.03535962869591184,False,False,False,False,False,0.38500283568705185,0.12,0.18,False,False,True,True,True,32.87590709854402,32.598614279507856,32.87590709854402,32.598614279507856,False,False,False,False,0.4584881104127759,0.7245454100559463,0.4584881104127759,False,both,left,none,none,0,moving_average,4,2.0,peak,10,-1,-1,10,False,0.44291744823930357,False,False,False,False,False,False,False,,,14.252873563218392
frame_000125.jpg,32.92172335105504,32.8532022876889,125,True,0.03371456650655634,0.011960688901792436,0.0010791578443796052,0.09967240751493697,False,False,False,False,False,0.38500283568705185,0.12,0.18,False,False,True,True,True,32.92172335105504,32.8532022876889,32.92172335105504,32.8532022876889,False,False,False,False,0.4830541873229947,0.8152685748844025,0.4830541873229947,False,both,left,none,none,0,moving_average,4,2.0,peak,10,-1,-1,10,False,0.4748654950195884,False,False,False,False,False,False,False,,,14.367816091954024
frame_000126.jpg,32.92172335105504,32.8532022876889,126,True,0.0,0.0,0.0,0.0,False,False,False,False,False,0.38500283568705185,0.12,0.18,False,False,True,True,True,32.92172335105504,32.8532022876889,32.92172335105504,32.8532022876889,False,False,False,False,0.4830541873229947,0.8152685748844025,0.4830541873229947,False,both,left,none,none,0,moving_average,4,2.0,peak,10,-1,-1,10,False,0.5056227520699321,False,False,False,False,False,False,False,,,14.482758620689657
frame_000127.jpg,33.04799590141415,32.93112754805264,127,True,0.02596195760203492,0.02610567019210052,0.006215471423395311,0.21754725160083768,False,False,False,False,False,0.38500283568705185,0.12,0.18,False,False,True,True,True,33.04799590141415,32.93112754805264,33.04799590141415,32.93112754805264,False,False,False,False,0.550759881563807,0.8430374642786456,0.550759881563807,False,both,left,none,none,0,moving_average,4,2.0,peak,10,-1,-1,10,False,0.5271936604738461,False,False,False,False,False,False,False,,,14.597701149425289
frame_000128.jpg,33.04241395093444,32.88719879099144,128,True,0.026383796162761947,0.042484188811410896,0.001768589886769964,0.3540349067617575,False,False,False,False,False,0.38500283568705185,0.12,0.18,False,False,True,True,True,33.04241395093444,32.88719879099144,33.04241395093444,32.88719879099144,False,False,False,False,0.5477669125347367,0.8273833260651184,0.5477669125347367,False,both,left,none,none,0,moving_average,4,2.0,peak,10,-1,-1,10,False,0.5417173280299037,False,False,False,False,False,False,False,,,14.712643678160921
frame_000129.jpg,33.002984191672745,32.94435036398857,129,True,0.012341127620643,0.04890672232362712,0.008962947505989874,0.40755601936355934,False,False,False,False,False,0.38500283568705185,0.12,0.18,False,False,True,True,True,33.002984191672745,32.94435036398857,33.002984191672745,32.94435036398857,False,False,False,False,0.5266251899911675,0.8477494525542216,0.5266251899911675,False,both,left,none,none,0,moving_average,4,2.0,peak,10,-1,-1,10,False,0.542282586107977,False,False,False,False,False,False,False,,,14.827586206896553
frame_000130.jpg,33.05115855619214,32.89286858234716,130,True,0.023317511099232347,0.051073995062704235,0.012093033155284087,0.4256166255225353,False,False,False,False,False,0.38500283568705185,0.12,0.18,False,False,True,True,True,33.05115855619214,32.89286858234716,33.05115855619214,32.89286858234716,False,False,False,False,0.5524556557980266,0.8294037724301424,0.5524556557980266,False,both,left,none,none,0,moving_average,4,2.0,peak,10,-1,-1,10,False,0.5336360440601424,False,False,False,False,False,False,False,,,14.942528735632186
frame_000131.jpg,32.994036000080676,32.987745665313824,131,True,0.015687187902957613,0.06536304512033443,0.009293273986393765,0.5446920426694536,False,False,False,False,False,0.38500283568705185,0.12,0.18,False,False,True,True,True,32.994036000080676,32.987745665313824,32.994036000080676,32.987745665313824,False,False,False,False,0.5218272863912333,0.8632134922905784,0.5218272863912333,False,both,left,none,none,0,moving_average,4,2.0,peak,10,-1,-1,10,False,0.5405794024538266,False,False,False,False,False,False,False,,,15.057471264367818
frame_000132.jpg,33.041832722018334,32.922831422401295,132,True,0.013591648099580501,0.010650097356776148,0.0022116138438941016,0.0887508113064679,False,False,False,False,False,0.38500283568705185,0.12,0.18,False,False,True,True,True,33.041832722018334,32.922831422401295,33.041832722018334,32.922831422401295,False,False,False,False,0.54745526517222,0.8400811161761472,0.54745526517222,False,both,left,none,none,0,moving_average,4,2.0,peak,10,-1,-1,10,False,0.5414411476845497,False,False,False,False,False,False,False,,,15.17241379310345
frame_000133.jpg,33.05598007538325,33.01274702599714,133,True,0.02584448990912278,0.035445594011594375,0.029384329098287667,0.2953799500966198,False,False,False,False,False,0.38500283568705185,0.12,0.18,False,False,True,True,True,33.05598007538325,33.01274702599714,33.05598007538325,33.01274702599714,False,False,False,False,0.5550408914901958,0.8721227986731299,0.5550408914901958,False,both,left,none,none,0,moving_average,4,2.0,peak,10,-1,-1,10,False,0.5572340654494125,False,False,False,False,False,False,False,,,15.287356321839082
frame_000134.jpg,33.082398376073215,33.0292298054538,134,True,0.07650525335152537,0.021334166560663625,0.030305448417565065,0.19871348016177312,False,False,False,False,False,0.38500283568705185,0.12,0.18,False,False,True,True,True,33.082398376073215,33.0292298054538,33.082398376073215,33.0292298054538,False,False,False,False,0.5692060396858218,0.8779964842727053,0.5692060396858218,False,both,left,none,none,0,moving_average,4,2.0,peak,10,-1,-1,10,False,0.5644843236206131,False,False,False,False,False,False,False,,,15.402298850574715
frame_000135.jpg,33.082398376073215,33.0292298054538,135,True,0.0,0.0,0.0,0.0,False,False,False,False,False,0.38500283568705185,0.12,0.18,False,False,True,True,True,33.082398376073215,33.0292298054538,33.082398376073215,33.0292298054538,False,False,False,False,0.5692060396858218,0.8779964842727053,0.5692060396858218,False,both,left,none,none,0,moving_average,4,2.0,peak,10,-1,-1,10,False,0.5688316387327992,False,False,False,False,False,False,False,,,15.517241379310347
frame_000136.jpg,33.08030357900813,33.08780887179093,136,True,0.07275331918280145,0.0006690554390593796,0.02066739181522153,0.1889682683842327,False,False,False,False,False,0.38500283568705185,0.12,0.18,False,False,True,True,True,33.08030357900813,33.08780887179093,33.08030357900813,33.08780887179093,False,False,False,False,0.5680828368267541,0.8988713020961016,0.5680828368267541,False,both,left,none,none,0,moving_average,4,2.0,peak,10,-1,-1,10,False,0.5960336232163208,False,False,False,False,False,False,False,,,15.632183908045977
frame_000137.jpg,33.234595203566606,32.94876896630853,137,True,0.13734006514830868,0.0017531797445679217,0.006289428526218216,0.35672481451524957,False,False,False,False,False,0.38500283568705185,0.12,0.18,False,False,True,True,True,33.234595203566606,32.94876896630853,33.234595203566606,32.94876896630853,False,False,False,False,0.6508119931363868,0.8493240341279928,0.6508119931363868,False,both,left,none,none,0,moving_average,4,2.0,peak,10,-1,-1,10,False,0.6217451220367756,True,False,False,False,False,False,False,7,,15.74712643678161
frame_000138.jpg,33.22625584180127,32.87755309669269,138,True,0.23455969265396268,0.01649941792153766,0.02575881422309661,0.6092414676255103,False,False,False,False,True,0.38500283568705185,0.12,0.18,False,False,True,True,True,33.22625584180127,32.87755309669269,33.22625584180127,32.87755309669269,False,False,True,True,0.6463405361471859,0.823946055315396,0.6463405361471859,False,both,left,none,none,0,moving_average,4,2.0,peak,10,-1,-1,10,False,0.5976507887045039,False,False,False,False,False,False,False,,,15.862068965517242
frame_000139.jpg,32.94549425669705,32.989124081617376,139,True,0.6677202297000775,0.09636716474225517,0.052607585168862776,1.7343254849240421,True,False,False,True,True,0.38500283568705185,0.12,0.18,False,False,True,True,True,32.94549425669705,32.989124081617376,32.94549425669705,32.989124081617376,False,False,True,True,0.49579983682993917,0.8637046948825736,0.49579983682993917,False,both,left,none,none,0,moving_average,4,2.0,peak,10,-1,-1,10,False,0.547837628329743,False,False,False,False,False,False,False,,,15.977011494252874
frame_000140.jpg,,,140,False,,,,0.0,False,False,False,False,True,0.38500283568705185,0.12,0.18,True,True,False,False,False,,,32.95588741366066,32.96802645168729,True,True,False,False,0.5013725120121042,0.8561864941184741,0.5013725120121042,False,missing,left,none,none,0,moving_average,4,2.0,peak,10,-1,-1,10,False,0.501372512012103,False,False,False,False,False,False,False,,,16.091954022988507
frame_000141.jpg,,,141,False,,,,0.0,False,False,False,False,False,0.38500283568705185,0.12,0.18,True,True,False,False,False,,,32.966280570624264,32.9469288217572,True,True,False,False,0.5069451871942655,0.8486682933543748,0.5069451871942655,False,missing,left,none,none,0,moving_average,4,2.0,peak,10,-1,-1,10,False,0.5069451871942667,False,False,False,False,False,False,False,,,16.20689655172414
frame_000142.jpg,,,142,False,,,,0.0,False,False,False,False,False,0.38500283568705185,0.12,0.18,True,True,False,False,False,,,32.97667372758787,32.925831191827115,True,True,False,False,0.5125178623764306,0.8411500925902778,0.5125178623764306,False,missing,left,none,none,0,moving_average,4,2.0,peak,10,-1,-1,10,False,0.5125178623764293,False,False,False,False,False,False,False,,,16.32183908045977
frame_000143.jpg,,,143,False,,,,0.0,False,False,False,False,False,0.38500283568705185,0.12,0.18,True,True,False,False,False,,,32.987066884551474,32.904733561897025,True,True,False,False,0.5180905375585918,0.8336318918261784,0.5180905375585918,False,missing,left,none,none,0,moving_average,4,2.0,peak,10,-1,-1,10,False,0.518090537558593,False,False,False,False,False,False,False,,,16.436781609195403
frame_000144.jpg,,,144,False,,,,0.0,False,False,False,False,False,0.38500283568705185,0.12,0.18,True,True,False,False,False,,,32.99746004151508,32.883635931966936,True,True,False,False,0.5236632127407569,0.826113691062079,0.5236632127407569,False,missing,left,none,none,0,moving_average,4,2.0,peak,10,-1,-1,10,False,0.5236632127407556,False,False,False,False,False,False,False,,,16.551724137931036
frame_000145.jpg,,,145,False,,,,0.0,False,False,False,False,False,0.38500283568705185,0.12,0.18,True,True,False,False,False,,,33.007853198478685,32.862538302036846,True,True,False,False,0.5292358879229182,0.8185954902979795,0.5292358879229182,False,missing,left,none,none,0,moving_average,4,2.0,peak,10,-1,-1,10,False,0.5292358879229194,False,False,False,False,False,False,False,,,16.666666666666668
frame_000146.jpg,,,146,False,,,,0.0,False,False,False,False,False,0.38500283568705185,0.12,0.18,True,True,False,False,False,,,33.018246355442294,32.84144067210676,True,True,False,False,0.5348085631050833,0.8110772895338826,0.5348085631050833,False,missing,left,none,none,0,moving_average,4,2.0,peak,10,-1,-1,10,False,0.5348085631050833,False,False,False,False,False,False,False,,,16.7816091954023
frame_000147.jpg,,,147,False,,,,0.0,False,False,False,False,False,0.38500283568705185,0.12,0.18,True,True,False,False,False,,,33.0286395124059,32.820343042176674,True,True,False,False,0.5403812382872484,0.8035590887697832,0.5403812382872484,False,missing,left,none,none,0,moving_average,4,2.0,peak,10,-1,-1,10,False,0.540381238287247,False,False,False,False,False,False,False,,,16.896551724137932
frame_000148.jpg,,,148,False,,,,0.0,False,False,False,False,False,0.38500283568705185,0.12,0.18,True,True,False,False,False,,,33.039032669369504,32.799245412246584,True,True,False,False,0.5459539134694097,0.7960408880056837,0.5459539134694097,False,missing,left,none,none,0,moving_average,4,2.0,peak,10,-1,-1,10,False,0.5459539134694109,False,False,False,False,False,False,False,,,17.011494252873565
frame_000149.jpg,,,149,False,,,,0.0,False,False,False,False,False,0.38500283568705185,0.12,0.18,True,True,False,False,False,,,33.04942582633311,32.778147782316495,True,True,False,False,0.5515265886515748,0.7885226872415843,0.5515265886515748,False,missing,left,none,none,0,moving_average,4,2.0,peak,10,-1,-1,10,False,0.5515265886515734,False,False,False,False,False,False,False,,,17.126436781609197
frame_000150.jpg,,,150,False,,,,0.0,False,False,False,False,False,0.38500283568705185,0.12,0.18,True,True,False,False,False,,,33.059818983296715,32.757050152386405,True,True,False,False,0.557099263833736,0.7810044864774849,0.557099263833736,False,missing,left,none,none,0,moving_average,4,2.0,peak,10,-1,-1,10,False,0.5570992638337372,False,False,False,False,False,False,False,,,17.24137931034483
frame_000151.jpg,,,151,False,,,,0.0,False,False,False,False,False,0.38500283568705185,0.12,0.18,True,True,False,False,False,,,33.070212140260324,32.73595252245632,True,True,False,False,0.5626719390159011,0.773486285713388,0.5626719390159011,False,missing,left,none,none,0,moving_average,4,2.0,peak,10,-1,-1,10,False,0.5626719390158997,False,False,False,False,False,False,False,,,17.35632183908046
frame_000152.jpg,,,152,False,,,,0.0,False,False,False,False,False,0.38500283568705185,0.12,0.18,True,True,False,False,False,,,33.080605297223926,32.71485489252623,True,True,False,False,0.5682446141980624,0.7659680849492885,0.5682446141980624,False,missing,left,none,none,0,moving_average,4,2.0,peak,10,-1,-1,10,False,0.5682446141980636,False,False,False,False,False,False,False,,,17.471264367816094
frame_000153.jpg,,,153,False,,,,0.0,False,False,False,False,False,0.38500283568705185,0.12,0.18,True,True,False,False,False,,,33.090998454187535,32.693757262596144,True,True,False,False,0.5738172893802275,0.7584498841851891,0.5738172893802275,False,missing,left,none,none,0,moving_average,4,2.0,peak,10,-1,-1,10,False,0.5738172893802275,False,False,False,False,False,False,False,,,17.586206896551726
frame_000154.jpg,,,154,False,,,,0.0,False,False,False,False,False,0.38500283568705185,0.12,0.18,True,True,False,False,False,,,33.10139161115114,32.672659632666054,True,True,False,False,0.5793899645623926,0.7509316834210896,0.5793899645623926,False,missing,left,none,none,0,moving_average,4,2.0,peak,10,-1,-1,10,False,0.5793899645623912,False,False,False,False,False,False,False,,,17.70114942528736
frame_000155.jpg,,,155,False,,,,0.0,False,False,False,False,False,0.38500283568705185,0.12,0.18,True,True,False,False,False,,,33.111784768114745,32.651562002735965,True,True,False,False,0.5849626397445538,0.7434134826569903,0.5849626397445538,False,missing,left,none,none,0,moving_average,4,2.0,peak,10,-1,-1,10,False,0.5849626397445551,False,False,False,False,False,False,False,,,17.81609195402299
frame_000156.jpg,,,156,False,,,,0.0,False,False,False,False,False,0.38500283568705185,0.12,0.18,True,True,False,False,False,,,33.122177925078354,32.63046437280588,True,True,False,False,0.5905353149267188,0.7358952818928933,0.5905353149267188,False,missing,left,none,none,0,moving_average,4,2.0,peak,10,-1,-1,10,False,0.5905353149267176,False,False,False,False,False,False,False,,,17.931034482758623
frame_000157.jpg,,,157,False,,,,0.0,False,False,False,False,False,0.38500283568705185,0.12,0.18,True,True,False,False,False,,,33.132571082041956,32.60936674287579,True,True,False,False,0.5961079901088802,0.7283770811287938,0.5961079901088802,False,missing,left,none,none,0,moving_average,4,2.0,peak,10,-1,-1,10,False,0.5961079901088814,False,False,False,False,False,False,False,,,18.045977011494255
frame_000158.jpg,,,158,False,,,,0.0,False,False,False,False,False,0.38500283568705185,0.12,0.18,True,True,False,False,False,,,33.142964239005565,32.5882691129457,True,True,False,False,0.6016806652910452,0.7208588803646945,0.6016806652910452,False,missing,left,none,none,0,moving_average,4,2.0,peak,10,-1,-1,10,False,0.6016806652910439,False,False,False,False,False,False,False,,,18.160919540229887
frame_000159.jpg,,,159,False,,,,0.0,False,False,False,False,False,0.38500283568705185,0.12,0.18,True,True,False,False,False,,,33.15335739596917,32.56717148301561,True,True,False,False,0.6072533404732066,0.713340679600595,0.6072533404732066,False,missing,left,none,none,0,moving_average,4,2.0,peak,10,-1,-1,10,False,0.6072533404732078,False,False,False,False,False,False,False,,,18.27586206896552
frame_000160.jpg,,,160,False,,,,0.0,False,False,False,False,False,0.38500283568705185,0.12,0.18,True,True,False,False,False,,,33.163750552932775,32.54607385308553,True,True,False,False,0.6128260156553716,0.7058224788364981,0.6128260156553716,False,missing,left,none,none,0,moving_average,4,2.0,peak,10,-1,-1,10,False,0.6128260156553703,False,False,False,False,False,False,False,,,18.390804597701152
frame_000161.jpg,,,161,False,,,,0.0,False,False,False,False,False,0.38500283568705185,0.12,0.18,True,True,False,False,False,,,33.17414370989638,32.52497622315544,True,True,False,False,0.6183986908375328,0.6983042780723987,0.6183986908375328,False,missing,left,none,none,0,moving_average,4,2.0,peak,10,-1,-1,10,False,0.6183986908375341,False,False,False,False,False,False,False,,,18.505747126436784
frame_000162.jpg,,,162,False,,,,0.0,False,False,False,False,False,0.38500283568705185,0.12,0.18,True,True,False,False,False,,,33.184536866859986,32.50387859322535,True,True,False,False,0.6239713660196979,0.6907860773082992,0.6239713660196979,False,missing,left,none,none,0,moving_average,4,2.0,peak,10,-1,-1,10,False,0.6239713660196979,False,False,False,False,False,False,False,,,18.620689655172416
frame_000163.jpg,,,163,False,,,,0.0,False,False,False,False,False,0.38500283568705185,0.12,0.18,True,True,False,False,False,,,33.194930023823595,32.48278096329526,True,True,False,False,0.629544041201863,0.6832678765441998,0.629544041201863,False,missing,left,none,none,0,moving_average,4,2.0,peak,10,-1,-1,10,False,0.6295440412018618,False,False,False,False,False,False,False,,,18.73563218390805
frame_000164.jpg,,,164,False,,,,0.0,False,False,False,False,False,0.38500283568705185,0.12,0.18,True,True,False,False,False,,,33.2053231807872,32.46168333336517,True,True,False,False,0.6351167163840243,0.6757496757801004,0.6351167163840243,False,missing,left,none,none,0,moving_average,4,2.0,peak,10,-1,-1,10,False,0.6351167163840256,False,False,False,False,False,False,False,,,18.85057471264368
frame_000165.jpg,,,165,False,,,,0.0,False,False,False,False,False,0.38500283568705185,0.12,0.18,True,True,False,False,False,,,33.215716337750806,32.44058570343509,True,True,False,False,0.6406893915661894,0.6682314750160034,0.6406893915661894,False,missing,left,none,none,0,moving_average,4,2.0,peak,10,-1,-1,10,False,0.6406893915661881,False,False,False,False,False,False,False,,,18.965517241379313
frame_000166.jpg,,,166,False,,,,0.0,False,False,False,False,False,0.38500283568705185,0.12,0.18,True,True,False,False,False,,,33.22610949471441,32.419488073505,True,True,False,False,0.6462620667483506,0.6607132742519041,0.6462620667483506,False,missing,left,none,none,0,moving_average,4,2.0,peak,10,-1,-1,10,False,0.6462620667483518,False,False,False,False,False,False,False,,,19.080459770114945
frame_000167.jpg,,,167,False,,,,0.0,False,False,False,False,False,0.38500283568705185,0.12,0.18,True,True,False,False,False,,,33.236502651678016,32.39839044357491,True,True,False,False,0.6518347419305157,0.6531950734878046,0.6518347419305157,False,missing,left,none,none,0,moving_average,4,2.0,peak,10,-1,-1,10,False,0.6518347419305144,False,False,False,False,False,False,False,,,19.195402298850578
frame_000168.jpg,,,168,False,,,,0.0,False,False,False,False,False,0.38500283568705185,0.12,0.18,True,True,False,False,False,,,33.24689580864162,32.37729281364482,True,True,False,False,0.657407417112677,0.6456768727237051,0.657407417112677,False,missing,left,none,none,0,moving_average,4,2.0,peak,10,-1,-1,10,False,0.6574074171126782,False,False,False,False,False,False,False,,,19.31034482758621
frame_000169.jpg,,,169,False,,,,0.0,False,False,False,False,False,0.38500283568705185,0.12,0.18,True,True,False,False,False,,,33.25728896560523,32.35619518371473,True,True,False,False,0.6629800922948421,0.6381586719596057,0.6629800922948421,False,missing,left,none,none,0,moving_average,4,2.0,peak,10,-1,-1,10,False,0.6629800922948421,False,False,False,False,False,False,False,,,19.425287356321842
frame_000170.jpg,,,170,False,,,,0.0,False,False,False,False,False,0.38500283568705185,0.12,0.18,True,True,False,False,False,,,33.267682122568836,32.33509755378465,True,True,False,False,0.6685527674770072,0.6306404711955088,0.6685527674770072,False,missing,left,none,none,0,moving_average,4,2.0,peak,10,-1,-1,10,False,0.6685527674770059,False,False,False,False,False,False,False,,,19.540229885057474
frame_000171.jpg,,,171,False,,,,0.0,False,False,False,False,False,0.38500283568705185,0.12,0.18,True,True,False,False,False,,,33.27807527953244,32.31399992385456,True,True,False,False,0.6741254426591684,0.6231222704314093,0.6741254426591684,False,missing,left,none,none,0,moving_average,4,2.0,peak,10,-1,-1,10,False,0.6741254426591696,False,False,False,False,False,False,False,,,19.655172413793107
frame_000172.jpg,,,172,False,,,,0.0,False,False,False,False,False,0.38500283568705185,0.12,0.18,True,True,False,False,False,,,33.288468436496046,32.29290229392447,True,True,False,False,0.6796981178413335,0.61560406966731,0.6796981178413335,False,missing,left,none,none,0,moving_average,4,2.0,peak,10,-1,-1,10,False,0.6796981178413322,False,False,False,False,False,False,False,,,19.77011494252874
frame_000173.jpg,,,173,False,,,,0.0,False,False,False,False,False,0.38500283568705185,0.12,0.18,True,True,False,False,False,,,33.29886159345965,32.27180466399438,True,True,False,False,0.6852707930234948,0.6080858689032105,0.6852707930234948,False,missing,left,none,none,0,moving_average,4,2.0,peak,10,-1,-1,10,False,0.685270793023496,False,False,False,False,False,False,False,,,19.885057471264368
frame_000174.jpg,,,174,False,,,,0.0,False,False,False,False,False,0.38500283568705185,0.12,0.18,True,True,False,False,False,,,33.30925475042326,32.2507070340643,True,True,False,False,0.6908434682056599,0.6005676681391136,0.6908434682056599,False,missing,left,none,none,0,moving_average,4,2.0,peak,10,-1,-1,10,False,0.6908434682056586,False,False,False,False,False,False,False,,,20.0
frame_000175.jpg,,,175,False,,,,0.0,False,False,False,False,False,0.38500283568705185,0.12,0.18,True,True,False,False,False,,,33.31964790738686,32.22960940413421,True,True,False,False,0.6964161433878212,0.5930494673750142,0.6964161433878212,False,missing,left,none,none,0,moving_average,4,2.0,peak,10,-1,-1,10,False,0.6964161433878224,False,False,False,False,False,False,False,,,20.114942528735632
frame_000176.jpg,33.33004106435047,32.20851177420412,176,True,,,,0.0,False,False,False,False,False,0.38500283568705185,0.12,0.18,False,False,True,True,True,33.33004106435047,32.20851177420412,33.33004106435047,32.20851177420412,False,False,False,False,0.7019888185699863,0.5855312666109147,0.7019888185699863,False,both,left,none,none,0,moving_average,4,2.0,peak,10,-1,-1,10,False,0.7001312601759313,True,False,False,False,False,False,False,8,,20.229885057471265
frame_000177.jpg,33.33004106435047,32.20851177420412,177,True,0.0,0.0,0.0,0.0,False,False,False,False,False,0.38500283568705185,0.12,0.18,False,False,True,True,True,33.33004106435047,32.20851177420412,33.33004106435047,32.20851177420412,False,False,False,False,0.7019888185699863,0.5855312666109147,0.7019888185699863,False,both,left,none,none,0,moving_average,4,2.0,peak,10,-1,-1,10,False,0.696532037784112,False,False,False,False,False,False,False,,,20.344827586206897
frame_000178.jpg,,,178,False,,,,0.0,False,False,False,False,False,0.38500283568705185,0.12,0.18,True,True,False,False,False,,,33.299510029953325,32.07448352542503,True,True,False,False,0.6856184762123637,0.5377699168422028,0.6856184762123637,False,missing,left,none,none,0,moving_average,4,2.0,peak,10,-1,-1,10,False,0.6856184762123636,False,False,False,False,False,False,False,,,20.45977011494253
frame_000179.jpg,,,179,False,,,,0.0,False,False,False,False,False,0.38500283568705185,0.12,0.18,True,True,False,False,False,,,33.26897899555618,31.940455276645938,True,True,False,False,0.6692481338547411,0.49000856707348955,0.6692481338547411,False,missing,left,none,none,0,moving_average,4,2.0,peak,10,-1,-1,10,False,0.6692481338547411,False,False,False,False,False,False,False,,,20.57471264367816
frame_000180.jpg,,,180,False,,,,0.0,False,False,False,False,False,0.38500283568705185,0.12,0.18,True,True,False,False,False,,,33.23844796115904,31.80642702786685,True,True,False,False,0.6528777914971187,0.4422472173047776,0.6528777914971187,False,missing,left,none,none,0,moving_average,4,2.0,peak,10,-1,-1,10,False,0.6528777914971187,False,False,False,False,False,False,False,,,20.689655172413794
frame_000181.jpg,,,181,False,,,,0.0,False,False,False,False,False,0.38500283568705185,0.12,0.18,True,True,False,False,False,,,33.2079169267619,31.672398779087757,True,True,False,False,0.6365074491394961,0.39448586753606435,0.6365074491394961,False,missing,left,none,none,0,moving_average,4,2.0,peak,10,-1,-1,10,False,0.6365074491394973,False,False,False,False,False,False,False,,,20.804597701149426
frame_000182.jpg,,,182,False,,,,0.0,False,False,False,False,False,0.38500283568705185,0.12,0.18,True,True,False,False,False,,,33.17738589236476,31.53837053030867,True,True,False,False,0.6201371067818774,0.3467245177673524,0.6201371067818774,False,missing,left,none,none,0,moving_average,4,2.0,peak,10,-1,-1,10,False,0.6201371067818761,False,False,False,False,False,False,False,,,20.919540229885058
frame_000183.jpg,,,183,False,,,,0.0,False,False,False,False,False,0.38500283568705185,0.12,0.18,True,True,False,False,False,,,33.14685485796762,31.404342281529576,True,True,False,False,0.6037667644242548,0.2989631679986392,0.6037667644242548,False,missing,left,none,none,0,moving_average,4,2.0,peak,10,-1,-1,10,False,0.6037667644242548,False,False,False,False,False,False,False,,,21.03448275862069
frame_000184.jpg,,,184,False,,,,0.0,False,False,False,False,False,0.38500283568705185,0.12,0.18,True,True,False,False,False,,,33.116323823570475,31.270314032750488,True,True,False,False,0.5873964220666322,0.2512018182299272,0.5873964220666322,False,missing,left,none,none,0,moving_average,4,2.0,peak,10,-1,-1,10,False,0.5873964220666322,False,False,False,False,False,False,False,,,21.149425287356323
frame_000185.jpg,,,185,False,,,,0.0,False,False,False,False,False,0.38500283568705185,0.12,0.18,True,True,False,False,False,,,33.08579278917333,31.136285783971395,True,True,False,False,0.5710260797090098,0.203440468461214,0.5710260797090098,False,missing,left,none,none,0,moving_average,4,2.0,peak,10,-1,-1,10,False,0.5710260797090096,False,False,False,False,False,False,False,,,21.264367816091955
frame_000186.jpg,33.05526175477619,31.002257535192307,186,True,,,,0.0,False,False,False,False,False,0.38500283568705185,0.12,0.18,False,False,True,True,True,33.05526175477619,31.002257535192307,33.05526175477619,31.002257535192307,False,False,False,False,0.5546557373513872,0.15567911869250203,0.5546557373513872,False,both,left,none,none,0,moving_average,4,2.0,peak,10,-1,-1,10,False,0.5591900577719208,False,False,False,False,False,False,False,,,21.379310344827587
frame_000187.jpg,33.05010053055822,30.755669240797467,187,True,0.0037797213692049116,0.0,0.0,0.009817385792652303,False,False,False,False,False,0.38500283568705185,0.12,0.18,False,False,True,True,True,33.05010053055822,30.755669240797467,33.05010053055822,30.755669240797467,False,False,False,False,0.5518883562553654,0.06780667475067237,0.5518883562553654,False,both,left,none,none,0,moving_average,4,2.0,peak,10,-1,-1,10,False,0.550600281924592,False,False,False,False,False,False,False,,,21.49425287356322
frame_000188.jpg,33.037732448809756,30.90015356147053,188,True,0.0037797213692049116,0.0,0.0,0.009817385792652303,False,False,False,False,False,0.38500283568705185,0.12,0.18,False,False,True,True,True,33.037732448809756,30.90015356147053,33.037732448809756,30.90015356147053,False,False,False,False,0.5452567521670235,0.11929407564281556,0.5452567521670235,False,both,left,none,none,0,moving_average,4,2.0,peak,10,-1,-1,10,False,0.5319533867413315,False,False,False,False,False,False,False,,,21.60919540229885
frame_000189.jpg,32.950931194216786,30.565389654555133,189,True,0.018221624940185872,0.0,0.0,0.04732854735386223,False,False,False,False,False,0.38500283568705185,0.12,0.18,False,False,True,True,True,32.950931194216786,30.565389654555133,32.950931194216786,30.565389654555133,False,False,False,False,0.4987150518016059,0.0,0.4987150518016059,False,both,left,none,none,0,moving_average,4,2.0,peak,10,-1,-1,10,False,0.5142289519234118,False,False,False,False,False,False,False,,,21.724137931034484
frame_000190.jpg,32.950931194216786,30.565389654555133,190,True,0.0,0.0,0.0,0.0,False,False,False,False,False,0.38500283568705185,0.12,0.18,False,False,True,True,True,32.950931194216786,30.565389654555133,32.950931194216786,30.565389654555133,False,False,False,False,0.4987150518016059,0.0,0.4987150518016059,False,both,left,none,none,0,moving_average,4,2.0,peak,10,-1,-1,10,False,0.4894835990799547,False,False,False,False,False,False,False,,,21.839080459770116
frame_000191.jpg,32.899280631066084,30.58974138702254,191,True,0.01404159138789501,0.0,0.0,0.036471397315391896,False,False,False,False,False,0.38500283568705185,0.12,0.18,False,False,True,True,True,32.899280631066084,30.58974138702254,32.899280631066084,30.58974138702254,False,False,False,False,0.4710206936366524,0.008677809509895665,0.4710206936366524,False,both,left,none,none,0,moving_average,4,2.0,peak,10,-1,-1,10,False,0.470048080794217,False,False,False,False,False,False,False,,,21.95402298850575
frame_000192.jpg,32.84218823740895,30.907761055413882,192,True,0.026446449414019964,0.0,0.0,0.0686915704577222,False,False,False,False,False,0.38500283568705185,0.12,0.18,False,False,True,True,True,32.84218823740895,30.907761055413882,32.84218823740895,30.907761055413882,False,False,False,False,0.4404084969443928,0.12200502786670654,0.4404084969443928,False,both,left,none,none,0,moving_average,4,2.0,peak,10,-1,-1,10,False,0.45213797299094205,False,False,False,False,False,False,False,,,22.06896551724138
frame_000193.jpg,32.850723005752656,30.91263665634471,193,True,0.005844718744343068,0.0,0.0,0.015180975833367435,False,False,False,False,False,0.38500283568705185,0.12,0.18,False,False,True,True,True,32.850723005752656,30.91263665634471,32.850723005752656,30.91263665634471,False,False,False,False,0.44498472839178105,0.12374246220246145,0.44498472839178105,False,both,left,none,none,0,moving_average,4,2.0,peak,10,-1,-1,10,False,0.45230962176490325,False,False,False,False,False,False,False,,,22.183908045977013
frame_000194.jpg,32.90024101683705,31.67970017455587,194,True,0.04446086212901079,0.0,0.0,0.11548190820378955,False,False,False,False,False,0.38500283568705185,0.12,0.18,False,False,True,True,True,32.90024101683705,31.67970017455587,32.90024101683705,31.67970017455587,False,False,False,False,0.4715356399585359,0.3970877406928714,0.4715356399585359,False,both,left,none,none,0,moving_average,4,2.0,peak,10,-1,-1,10,False,0.4791317476568823,False,False,False,False,False,False,False,,,22.298850574712645
frame_000195.jpg,32.99225973200378,32.210069556239546,195,True,0.044460862129011305,0.0,0.0,0.11548190820379088,False,False,False,False,False,0.38500283568705185,0.12,0.18,False,False,True,True,True,32.99225973200378,32.210069556239546,32.99225973200378,32.210069556239546,False,False,False,False,0.52087487462033,0.5860863866944432,0.52087487462033,False,both,left,none,none,0,moving_average,4,2.0,peak,10,-1,-1,10,False,0.5106298171698957,False,False,False,False,False,False,False,,,22.413793103448278
frame_000196.jpg,33.02695670131082,32.74509949205491,196,True,0.04765245633997006,0.010035185416257846,0.014704831424764767,0.12377170223936788,False,False,False,False,False,0.38500283568705185,0.12,0.18,False,False,True,True,True,33.02695670131082,32.74509949205491,33.02695670131082,32.74509949205491,False,False,False,False,0.5394789369308214,0.7767458344898707,0.5394789369308214,False,both,left,none,none,0,moving_average,4,2.0,peak,10,-1,-1,10,False,0.5458318832094136,False,False,False,False,False,False,False,,,22.52873563218391
frame_000197.jpg,33.09719880775385,32.778284062396324,197,True,0.011750358086603619,0.010754553402045631,0.003177231579726457,0.08962127835038027,False,False,False,False,False,0.38500283568705185,0.12,0.18,False,False,True,True,True,33.09719880775385,32.778284062396324,33.09719880775385,32.778284062396324,False,False,False,False,0.5771418380770892,0.7885712510377878,0.5771418380770892,False,both,left,none,none,0,moving_average,4,2.0,peak,10,-1,-1,10,False,0.5617580944976547,True,False,False,False,False,False,False,9,,22.643678160919542
frame_000198.jpg,33.08136789370897,32.791386029568784,198,True,0.019850454999561548,0.0007193679857879248,0.01152759984503831,0.06404222136132394,False,False,False,False,False,0.38500283568705185,0.12,0.18,False,False,True,True,True,33.08136789370897,32.791386029568784,33.08136789370897,32.791386029568784,False,False,False,False,0.5686535084850536,0.7932401745108795,0.5686535084850536,False,both,left,none,none,0,moving_average,4,2.0,peak,10,-1,-1,10,False,0.5512773607539158,False,False,False,False,False,False,False,,,22.758620689655174
frame_000199.jpg,32.9683163316508,32.646997090142385,199,True,0.02703922822444088,0.0,0.0,0.0702312443392485,False,False,False,False,False,0.38500283568705185,0.12,0.18,False,False,True,True,True,32.9683163316508,32.646997090142385,32.9683163316508,32.646997090142385,False,False,False,False,0.5080367356996046,0.7417867629987717,0.5080367356996046,False,both,left,none,none,0,moving_average,4,2.0,peak,10,-1,-1,10,False,0.48547800912382244,False,False,False,False,False,False,False,,,22.873563218390807
frame_000200.jpg,32.729047264424764,32.4633109118581,200,True,0.03907593569637557,0.0,0.0,0.1014951893189127,False,False,False,False,False,0.38500283568705185,0.12,0.18,False,False,True,True,True,32.729047264424764,32.4633109118581,32.729047264424764,32.4633109118581,False,False,False,False,0.37974378318680924,0.6763296680308755,0.37974378318680924,False,both,left,none,none,0,moving_average,4,2.0,peak,10,-1,-1,10,False,0.3987032601114487,False,False,False,False,False,False,False,,,22.98850574712644
frame_000201.jpg,32.59585767241541,32.395965120559595,201,True,0.03907593569637557,0.0,0.0,0.1014951893189127,False,False,False,False,False,0.38500283568705185,0.12,0.18,False,False,True,True,True,32.59585767241541,32.395965120559595,32.59585767241541,32.395965120559595,False,False,False,False,0.30832926144793227,0.6523308026949544,0.30832926144793227,False,both,left,none,none,0,moving_average,4,2.0,peak,10,-1,-1,10,False,0.31983945677649706,False,False,False,False,False,False,False,,,23.10344827586207
frame_000202.jpg,32.527068352889785,32.0275937207266,202,True,0.008718254710525853,0.0,0.0,0.022644650642553853,False,False,False,False,False,0.38500283568705185,0.12,0.18,False,False,True,True,True,32.527068352889785,32.0275937207266,32.527068352889785,32.0275937207266,False,False,False,False,0.27144532569474983,0.5210606008346526,0.27144532569474983,False,both,left,none,none,0,moving_average,4,2.0,peak,10,-1,-1,10,False,0.30492884314536584,False,False,False,False,False,False,False,,,23.218390804597703
frame_000203.jpg,32.64562143598888,33.15616752403469,203,True,0.056474557490166555,0.10836723149060574,0.026849145609656788,0.9030602624217146,False,False,False,False,False,0.38500283568705185,0.12,0.18,False,False,True,True,True,32.64562143598888,33.15616752403469,32.64562143598888,33.15616752403469,False,False,False,False,0.3350119422934154,0.9232311033266115,0.3350119422934154,False,both,left,none,none,0,moving_average,4,2.0,peak,10,-1,-1,10,False,0.3112147756701334,False,False,False,False,False,False,False,,,23.333333333333336
frame_000204.jpg,32.63102786335081,33.19906068395861,204,True,0.013460890879282568,0.015375251628933136,0.004724768261578326,0.12812709690777613,False,False,False,False,False,0.38500283568705185,0.12,0.18,False,False,True,True,True,32.63102786335081,33.19906068395861,32.63102786335081,33.19906068395861,False,False,False,False,0.32718705902223494,0.9385162035384953,0.32718705902223494,False,both,left,none,none,0,moving_average,4,2.0,peak,10,-1,-1,10,False,0.3401887036222516,False,False,False,False,False,False,False,,,23.448275862068968
frame_000205.jpg,32.689179316411796,33.20731405769462,205,True,0.007737035983981999,0.013253679755363,0.0081836916183278,0.11044733129469167,False,False,False,False,False,0.38500283568705185,0.12,0.18,False,False,True,True,True,32.689179316411796,33.20731405769462,32.689179316411796,33.20731405769462,False,False,False,False,0.35836710955110457,0.9414573168736916,0.35836710955110457,False,both,left,none,none,0,moving_average,4,2.0,peak,10,-1,-1,10,False,0.3512112700892861,False,False,False,False,False,False,False,,,23.5632183908046
frame_000206.jpg,,,206,False,,,,0.0,False,False,False,False,False,0.38500283568705185,0.12,0.18,True,True,False,False,False,,,32.70729339408201,33.15729622002022,True,True,False,False,0.36807964169451896,0.923633317369087,0.36807964169451896,False,missing,left,none,none,0,moving_average,4,2.0,peak,10,-1,-1,10,False,0.3680796416945177,False,False,False,False,False,False,False,,,23.678160919540232
frame_000207.jpg,,,207,False,,,,0.0,False,False,False,False,False,0.38500283568705185,0.12,0.18,True,True,False,False,False,,,32.72540747175221,33.107278382345825,True,True,False,False,0.3777921738379295,0.9058093178644825,0.3777921738379295,False,missing,left,none,none,0,moving_average,4,2.0,peak,10,-1,-1,10,False,0.37779217383793073,False,False,False,False,False,False,False,,,23.793103448275865
frame_000208.jpg,,,208,False,,,,0.0,False,False,False,False,False,0.38500283568705185,0.12,0.18,True,True,False,False,False,,,32.743521549422425,33.05726054467142,True,True,False,False,0.38750470598134396,0.8879853183598755,0.38750470598134396,False,missing,left,none,none,0,moving_average,4,2.0,peak,10,-1,-1,10,False,0.3875047059813426,False,False,False,False,False,False,False,,,23.908045977011497
frame_000209.jpg,,,209,False,,,,0.0,False,False,False,False,False,0.38500283568705185,0.12,0.18,True,True,False,False,False,,,32.76163562709263,33.007242706997026,True,True,False,False,0.3972172381247545,0.8701613188552709,0.3972172381247545,False,missing,left,none,none,0,moving_average,4,2.0,peak,10,-1,-1,10,False,0.39721723812475573,False,False,False,False,False,False,False,,,24.02298850574713
frame_000210.jpg,,,210,False,,,,0.0,False,False,False,False,False,0.38500283568705185,0.12,0.18,True,True,False,False,False,,,32.77974970476284,32.95722486932263,True,True,False,False,0.4069297702681689,0.8523373193506665,0.4069297702681689,False,missing,left,none,none,0,moving_average,4,2.0,peak,10,-1,-1,10,False,0.4069297702681689,False,False,False,False,False,False,False,,,24.13793103448276
frame_000211.jpg,,,211,False,,,,0.0,False,False,False,False,False,0.38500283568705185,0.12,0.18,True,True,False,False,False,,,32.797863782433055,32.907207031648234,True,True,False,False,0.41664230241158334,0.8345133198460619,0.41664230241158334,False,missing,left,none,none,0,moving_average,4,2.0,peak,10,-1,-1,10,False,0.416642302411582,False,False,False,False,False,False,False,,,24.252873563218394
frame_000212.jpg,,,212,False,,,,0.0,False,False,False,False,False,0.38500283568705185,0.12,0.18,True,True,False,False,False,,,32.81597786010326,32.85718919397384,True,True,False,False,0.4263548345549939,0.8166893203414574,0.4263548345549939,False,missing,left,none,none,0,moving_average,4,2.0,peak,10,-1,-1,10,False,0.4263548345549951,False,False,False,False,False,False,False,,,24.367816091954026
frame_000213.jpg,,,213,False,,,,0.0,False,False,False,False,False,0.38500283568705185,0.12,0.18,True,True,False,False,False,,,32.83409193777347,32.80717135629944,True,True,False,False,0.4360673666984083,0.7988653208368529,0.4360673666984083,False,missing,left,none,none,0,moving_average,4,2.0,peak,10,-1,-1,10,False,0.436067366698407,False,False,False,False,False,False,False,,,24.48275862068966
frame_000214.jpg,,,214,False,,,,0.0,False,False,False,False,False,0.38500283568705185,0.12,0.18,True,True,False,False,False,,,32.85220601544368,32.757153518625046,True,True,False,False,0.4457798988418189,0.7810413213322484,0.4457798988418189,False,missing,left,none,none,0,moving_average,4,2.0,peak,10,-1,-1,10,False,0.4457798988418201,False,False,False,False,False,False,False,,,24.59770114942529
frame_000215.jpg,,,215,False,,,,0.0,False,False,False,False,False,0.38500283568705185,0.12,0.18,True,True,False,False,False,,,32.87032009311389,32.70713568095064,True,True,False,False,0.4554924309852333,0.7632173218276413,0.4554924309852333,False,missing,left,none,none,0,moving_average,4,2.0,peak,10,-1,-1,10,False,0.45549243098523196,False,False,False,False,False,False,False,,,24.712643678160923
frame_000216.jpg,,,216,False,,,,0.0,False,False,False,False,False,0.38500283568705185,0.12,0.18,True,True,False,False,False,,,32.888434170784095,32.65711784327625,True,True,False,False,0.4652049631286439,0.7453933223230368,0.4652049631286439,False,missing,left,none,none,0,moving_average,4,2.0,peak,10,-1,-1,10,False,0.4652049631286451,False,False,False,False,False,False,False,,,24.827586206896555
frame_000217.jpg,32.90654824845431,32.60710000560185,217,True,,,,0.0,False,False,False,False,False,0.38500283568705185,0.12,0.18,False,False,True,True,True,32.90654824845431,32.60710000560185,32.90654824845431,32.60710000560185,False,False,False,False,0.4749174952720583,0.7275693228184322,0.4749174952720583,False,both,left,none,none,0,moving_average,4,2.0,peak,10,-1,-1,10,False,0.4716799845575868,True,False,False,False,False,False,False,10,,24.942528735632187
frame_000218.jpg,32.90654824845431,32.60710000560185,218,True,0.0,0.0,0.0,0.0,False,False,False,False,False,0.38500283568705185,0.12,0.18,False,False,True,True,True,32.90654824845431,32.60710000560185,32.90654824845431,32.60710000560185,False,False,False,False,0.4749174952720583,0.7275693228184322,0.4749174952720583,False,both,left,none,none,0,moving_average,4,2.0,peak,10,-1,-1,10,False,0.4189196765185149,False,False,False,False,False,False,False,,,25.05747126436782
frame_000219.jpg,32.593236902879426,33.18661288294464,219,True,0.3536496898807726,0.0610848722113789,0.04208379294771841,0.9185638574574954,False,False,False,False,False,0.38500283568705185,0.12,0.18,False,False,True,True,True,32.593236902879426,33.18661288294464,32.593236902879426,33.18661288294464,False,False,False,False,0.30692403901142834,0.9340803940468725,0.30692403901142834,False,both,left,none,none,0,moving_average,4,2.0,peak,10,-1,-1,10,False,0.4070128892599842,False,False,False,False,False,False,False,,,25.172413793103452
frame_000220.jpg,32.839929018982836,33.36968676450656,220,True,0.21866090041621053,0.05280905216267669,0.0534913791320396,0.567946207528581,False,False,False,False,False,0.38500283568705185,0.12,0.18,False,False,True,True,True,32.839929018982836,33.36968676450656,32.839929018982836,33.36968676450656,False,False,False,False,0.4391971334964661,0.999319295326608,0.4391971334964661,False,both,left,none,none,0,moving_average,4,2.0,peak,10,-1,-1,10,False,0.4501910746737626,False,False,False,False,False,False,False,,,25.287356321839084
frame_000221.jpg,33.14813293286876,33.323655865858555,221,True,0.1939212723591131,0.0032383270660979054,0.016540613279071553,0.5036879066437352,False,False,False,False,False,0.38500283568705185,0.12,0.18,False,False,True,True,True,33.14813293286876,33.323655865858555,33.14813293286876,33.323655865858555,False,False,False,False,0.6044520515133935,0.9829160529465691,0.6044520515133935,False,both,left,none,none,0,moving_average,4,2.0,peak,10,-1,-1,10,False,0.5657354346058553,False,False,False,False,False,False,False,,,25.402298850574716
frame_000222.jpg,33.23971492094726,33.314155195176234,222,True,0.117106709260764,0.008348603024768135,0.0003929766059833622,0.30417103045951005,False,False,False,False,False,0.38500283568705185,0.12,0.18,False,False,True,True,True,33.23971492094726,33.314155195176234,33.23971492094726,33.314155195176234,False,False,False,False,0.6535571188077063,0.9795304617773254,0.6535571188077063,False,both,left,none,none,0,moving_average,4,2.0,peak,10,-1,-1,10,False,0.6535261798210777,False,False,False,False,False,False,False,,,25.517241379310345
frame_000223.jpg,33.33112380343437,33.25540172381314,223,True,0.08314462551523531,0.014553993910840541,0.010862725985661776,0.2159584756482654,False,False,False,False,False,0.38500283568705185,0.12,0.18,False,False,True,True,True,33.33112380343437,33.25540172381314,33.33112380343437,33.25540172381314,False,False,False,False,0.7025693691421335,0.9585934942241336,0.7025693691421335,False,both,left,none,none,0,moving_average,4,2.0,peak,10,-1,-1,10,False,0.686231952363991,False,False,False,False,False,False,False,,,25.632183908045977
frame_000224.jpg,33.33112380343437,33.25540172381314,224,True,0.0,0.0,0.0,0.0,False,False,False,False,False,0.38500283568705185,0.12,0.18,False,False,True,True,True,33.33112380343437,33.25540172381314,33.33112380343437,33.25540172381314,False,False,False,False,0.7025693691421335,0.9585934942241336,0.7025693691421335,False,both,left,none,none,0,moving_average,4,2.0,peak,10,-1,-1,10,False,0.6813116707161402,False,False,False,False,False,False,False,,,25.74712643678161
frame_000225.jpg,33.21218563323553,33.37159696293588,225,True,0.06829021091890766,0.02090857930918291,0.016361654833800858,0.17737586477003797,False,False,False,False,False,0.38500283568705185,0.12,0.18,False,False,True,True,True,33.21218563323553,33.37159696293588,33.21218563323553,33.37159696293588,False,False,False,False,0.6387962738641534,1.0,0.6387962738641534,False,both,left,none,none,0,moving_average,4,2.0,peak,10,-1,-1,10,False,,False,False,False,False,False,False,False,,,25.862068965517242
