frame_name,left_temp,right_temp,frame_index,motion_coordinate_valid,motion_center_step_norm,motion_scale_step_log,motion_angle_step_rad,motion_score,motion_center_flag,motion_scale_flag,motion_angle_flag,motion_artifact_raw,motion_artifact,motion_center_threshold,motion_scale_threshold,motion_angle_threshold,left_missing_raw,right_missing_raw,left_quality_valid,right_quality_valid,quality_any_valid,left_temp_motion_filtered,right_temp_motion_filtered,left_temp_used,right_temp_used,left_repaired,right_repaired,left_motion_interpolated,right_motion_interpolated,left_norm,right_norm,fused_norm,fused_repaired,fusion_source,selected_fusion_mode,peak_retune_rule,edge_peak_completion,edge_peak_added,smoothing_method,butterworth_order,butterworth_cutoff_hz,rr_estimator,time_peak_count,spectral_count,autocorr_count,joint_count,joint_adjusted,smoothed_norm,is_peak,source_peak_rejected,quality_peak_rejected,mad_ibi_peak_rejected,motion_peak_rejected,motion_interval_peak_rejected,motion_reconstructed_peak,peak_number,event_source,target_time_seconds
frame_000000.jpg,32.425074289789784,31.99930905468899,0,True,,,,0.0,False,False,False,False,False,0.4867579440505972,0.12,0.18,False,False,True,True,True,32.425074289789784,31.99930905468899,32.425074289789784,31.99930905468899,False,False,False,False,0.8733458899266666,0.8809046893120059,0.8733458899266666,False,both,min,none,none,0,moving_average,4,2.0,peak,14,-1,-1,14,False,,False,False,False,False,False,False,False,,,0.0
frame_000001.jpg,32.51176331112106,32.0340296427549,1,True,0.004586610660954162,0.0,0.0,0.009422775153470111,False,False,False,False,False,0.4867579440505972,0.12,0.18,False,False,True,True,True,32.51176331112106,32.0340296427549,32.51176331112106,32.0340296427549,False,False,False,False,0.8876837185664761,0.8852337776243399,0.8852337776243399,False,both,min,none,none,0,moving_average,4,2.0,peak,14,-1,-1,14,False,0.8812711483917821,False,False,False,False,False,False,False,,,0.1149425287356322
frame_000002.jpg,32.51176331112106,32.0340296427549,2,True,0.0,0.0,0.0,0.0,False,False,False,False,False,0.4867579440505972,0.12,0.18,False,False,True,True,True,32.51176331112106,32.0340296427549,32.51176331112106,32.0340296427549,False,False,False,False,0.8876837185664761,0.8852337776243399,0.8852337776243399,False,both,min,none,none,0,moving_average,4,2.0,peak,14,-1,-1,14,False,0.8860316708697205,False,False,False,False,False,False,False,,,0.2298850574712644
frame_000003.jpg,32.511423146022906,32.077557793909875,3,True,0.0077011169135041925,0.0,0.0,0.01582124546220797,False,False,False,False,False,0.4867579440505972,0.12,0.18,False,False,True,True,True,32.511423146022906,32.077557793909875,32.511423146022906,32.077557793909875,False,False,False,False,0.887627457360482,0.8906610247108459,0.887627457360482,False,both,min,none,none,0,moving_average,4,2.0,peak,14,-1,-1,14,False,0.8857062159707529,False,False,False,False,False,False,False,,,0.3448275862068966
frame_000004.jpg,32.54152183784763,32.026198904733995,4,True,0.012234453408227496,0.0,0.0,0.025134573678279315,False,False,False,False,False,0.4867579440505972,0.12,0.18,False,False,True,True,True,32.54152183784763,32.026198904733995,32.54152183784763,32.026198904733995,False,False,False,False,0.8926055950650966,0.8842574129274372,0.8842574129274372,False,both,min,none,none,0,moving_average,4,2.0,peak,14,-1,-1,14,False,0.8822278930988031,False,False,False,False,False,False,False,,,0.4597701149425288
frame_000005.jpg,32.52502440278874,31.950338061375195,5,True,0.014405383285427547,0.0,0.0,0.029594551997553318,False,False,False,False,False,0.4867579440505972,0.12,0.18,False,False,True,True,True,32.52502440278874,31.950338061375195,32.52502440278874,31.950338061375195,False,False,False,False,0.8898770212129716,0.8747988090084905,0.8747988090084905,False,both,min,none,none,0,moving_average,4,2.0,peak,14,-1,-1,14,False,0.8773623837177797,False,False,False,False,False,False,False,,,0.574712643678161
frame_000006.jpg,32.597058778396374,31.93615913464801,6,True,0.02061835307340833,0.0,0.0,0.04235853430933447,False,False,False,False,False,0.4867579440505972,0.12,0.18,False,False,True,True,True,32.597058778396374,31.93615913464801,32.597058778396374,31.93615913464801,False,False,False,False,0.901791061973579,0.8730309292174115,0.8730309292174115,False,both,min,none,none,0,moving_average,4,2.0,peak,14,-1,-1,14,False,0.8780912182626193,False,False,False,False,False,False,False,,,0.6896551724137931
frame_000007.jpg,32.627020436751856,32.043735320376626,7,True,0.010877712391079685,0.0,0.0,0.022347272446259194,False,False,False,False,False,0.4867579440505972,0.12,0.18,False,False,True,True,True,32.627020436751856,32.043735320376626,32.627020436751856,32.043735320376626,False,False,False,False,0.9067465351888526,0.8864439165619559,0.8864439165619559,False,both,min,none,none,0,moving_average,4,2.0,peak,14,-1,-1,14,False,0.8685738456287158,False,False,False,False,False,False,False,,,0.8045977011494253
frame_000008.jpg,32.48011805769973,31.72134150308133,8,True,0.01703090818374672,0.0,0.0,0.03498845451195431,False,False,False,False,False,0.4867579440505972,0.12,0.18,False,False,True,True,True,32.48011805769973,31.72134150308133,32.48011805769973,31.72134150308133,False,False,False,False,0.8824497891270777,0.84624669110678,0.84624669110678,False,both,min,none,none,0,moving_average,4,2.0,peak,14,-1,-1,14,False,0.8547514922373307,False,False,False,False,False,False,False,,,0.9195402298850576
frame_000009.jpg,32.29955121971705,31.603580861640904,9,True,0.05162062126542632,0.0,0.0,0.10604987940383874,False,False,False,False,False,0.4867579440505972,0.12,0.18,False,False,True,True,True,32.29955121971705,31.603580861640904,32.29955121971705,31.603580861640904,False,False,False,False,0.8525851495075527,0.8315638690432564,0.8315638690432564,False,both,min,none,none,0,moving_average,4,2.0,peak,14,-1,-1,14,False,0.8339811310074894,False,False,False,False,False,False,False,,,1.0344827586206897
frame_000010.jpg,32.241981865865505,31.54398172039562,10,True,0.01913774584848371,0.0,0.0,0.03931676120008921,False,False,False,False,False,0.4867579440505972,0.12,0.18,False,False,True,True,True,32.241981865865505,31.54398172039562,32.241981865865505,31.54398172039562,False,False,False,False,0.8430635339932445,0.824132832872432,0.824132832872432,False,both,min,none,none,0,moving_average,4,2.0,peak,14,-1,-1,14,False,0.8120760372208302,False,False,False,False,False,False,False,,,1.149425287356322
frame_000011.jpg,32.067047390568476,31.194285215679045,11,True,0.10864554865174009,0.0,0.0,0.22320241503946914,False,False,False,False,False,0.4867579440505972,0.12,0.18,False,False,True,True,True,32.067047390568476,31.194285215679045,32.067047390568476,31.194285215679045,False,False,False,False,0.8141304523701519,0.7805314097468021,0.7805314097468021,False,both,min,none,none,0,moving_average,4,2.0,peak,14,-1,-1,14,False,0.80069278258744,False,False,False,False,False,False,False,,,1.264367816091954
frame_000012.jpg,32.06906620455441,31.329689501756228,12,True,0.13923159539946098,0.0,0.0,0.2860386709682302,False,False,False,False,False,0.4867579440505972,0.12,0.18,False,False,True,True,True,32.06906620455441,31.329689501756228,32.06906620455441,31.329689501756228,False,False,False,False,0.8144643517329716,0.797414105143086,0.797414105143086,False,both,min,none,none,0,moving_average,4,2.0,peak,14,-1,-1,14,False,0.7929264868164736,False,False,False,False,False,False,False,,,1.3793103448275863
frame_000013.jpg,31.986654383266323,31.463689382838993,13,True,0.27913762918033413,0.0,0.0,0.5734629143542411,False,False,False,False,True,0.4867579440505972,0.12,0.18,False,False,True,True,True,31.986654383266323,31.463689382838993,31.986654383266323,31.463689382838993,False,False,True,True,0.8008339455595326,0.8141216942527028,0.8008339455595326,False,both,min,none,none,0,moving_average,4,2.0,peak,14,-1,-1,14,False,0.8026216091681028,False,False,False,False,False,False,False,,,1.4942528735632186
frame_000014.jpg,32.03975691810806,31.918092190672922,14,True,0.7224071452348656,0.0,0.0,1.484119887645374,True,False,False,True,True,0.4867579440505972,0.12,0.18,False,False,True,True,True,32.03975691810806,31.918092190672922,32.03975691810806,31.918092190672922,False,False,True,True,0.8096167768016898,0.8707782773944166,0.8096167768016898,False,both,min,none,none,0,moving_average,4,2.0,peak,14,-1,-1,14,False,0.7012894496662292,False,False,False,False,False,False,False,,,1.6091954022988506
frame_000015.jpg,32.38575731932913,28.89154646974418,15,True,1.0655018432823928,0.6834872446514414,0.04039314780542485,5.695727038762012,True,True,False,True,True,0.4867579440505972,0.12,0.18,False,False,True,True,True,32.38575731932913,28.89154646974418,32.38575731932913,28.89154646974418,False,False,True,True,0.8668431058780719,0.49341762663746525,0.49341762663746525,False,both,min,none,none,0,moving_average,4,2.0,peak,14,-1,-1,14,False,0.7268278546149576,False,False,False,False,False,False,False,,,1.7241379310344829
frame_000016.jpg,32.44988338125143,32.202789553129776,16,True,0.8103831461604136,0.6307005925847136,0.11438405008105715,5.25583827153928,True,True,False,True,True,0.4867579440505972,0.12,0.18,False,False,True,True,True,32.44988338125143,32.202789553129776,32.44988338125143,32.202789553129776,False,False,True,True,0.877449160405718,0.9062753727208134,0.877449160405718,False,both,min,none,none,0,moving_average,4,2.0,peak,14,-1,-1,14,False,0.753633888863711,False,False,False,False,False,False,False,,,1.8390804597701151
frame_000017.jpg,32.52597884191003,32.561839786329315,17,True,0.7181882813465285,0.1179646248926499,0.0663673387190554,1.4754526148460243,True,False,False,True,True,0.4867579440505972,0.12,0.18,False,False,True,True,True,32.52597884191003,32.561839786329315,32.52597884191003,32.561839786329315,False,False,True,True,0.8900348795479499,0.9510430524943857,0.8900348795479499,False,both,min,none,none,0,moving_average,4,2.0,peak,14,-1,-1,14,False,0.8800243952525234,False,False,False,False,False,False,False,,,1.9540229885057472
frame_000018.jpg,32.420498882379874,32.61421736537852,18,True,0.31362533152883165,0.07648844868606361,0.020634715873729788,0.6443147674570487,False,False,False,False,True,0.4867579440505972,0.12,0.18,False,False,True,True,True,32.420498882379874,32.61421736537852,32.420498882379874,32.61421736537852,False,False,True,True,0.8725891458039027,0.957573678210166,0.8725891458039027,False,both,min,none,none,0,moving_average,4,2.0,peak,14,-1,-1,14,False,0.8753565728822374,False,False,False,False,False,False,False,,,2.0689655172413794
frame_000019.jpg,32.36521596824341,32.89473217720034,19,True,0.20325035339130398,0.00934333853097743,0.02001693391806727,0.4175593965656504,False,False,False,False,True,0.4867579440505972,0.12,0.18,False,False,True,True,True,32.36521596824341,32.89473217720034,32.36521596824341,32.89473217720034,False,False,True,True,0.86344569329486,0.9925492780182408,0.86344569329486,False,both,min,none,none,0,moving_average,4,2.0,peak,14,-1,-1,14,False,0.8785008858230984,False,False,False,False,False,False,False,,,2.1839080459770117
frame_000020.jpg,32.58301204096341,32.94242841428784,20,True,0.6911421743658626,0.03619107695082463,0.01921000363461287,1.4198888437535602,True,False,False,True,True,0.4867579440505972,0.12,0.18,False,False,True,True,True,32.58301204096341,32.94242841428784,32.58301204096341,32.94242841428784,False,False,True,True,0.8994678183705327,0.9984962171117212,0.8994678183705327,False,both,min,none,none,0,moving_average,4,2.0,peak,14,-1,-1,14,False,0.8874604433453084,False,False,False,False,False,False,False,,,2.298850574712644
frame_000021.jpg,32.58301204096341,32.94242841428784,21,True,0.0,0.0,0.0,0.0,False,False,False,False,True,0.4867579440505972,0.12,0.18,False,False,True,True,True,32.58301204096341,32.94242841428784,32.58301204096341,32.94242841428784,False,False,True,True,0.8994678183705327,0.9984962171117212,0.8994678183705327,False,both,min,none,none,0,moving_average,4,2.0,peak,14,-1,-1,14,False,0.8930641536062458,False,False,False,False,False,False,False,,,2.4137931034482762
frame_000022.jpg,32.46685900720314,32.558704652819515,22,True,0.22345706987455988,0.045959779020221365,0.04749747557498357,0.4590722608757919,False,False,False,False,False,0.4867579440505972,0.12,0.18,False,False,True,True,True,32.46685900720314,32.558704652819515,32.46685900720314,32.558704652819515,False,False,False,False,0.8802568240776724,0.9506521527259509,0.8802568240776724,False,both,min,none,none,0,moving_average,4,2.0,peak,14,-1,-1,14,False,0.8938108716272264,True,False,False,False,False,False,False,1,,2.528735632183908
frame_000023.jpg,32.596556404494756,32.597143258516816,23,True,0.04576417382380612,0.04318949936128687,0.026618285711752475,0.35991249467739056,False,False,False,False,False,0.4867579440505972,0.12,0.18,False,False,True,True,True,32.596556404494756,32.597143258516816,32.596556404494756,32.597143258516816,False,False,False,False,0.9017079724334746,0.9554448169040662,0.9017079724334746,False,both,min,none,none,0,moving_average,4,2.0,peak,14,-1,-1,14,False,0.87951346087021,False,False,False,False,False,False,False,,,2.6436781609195403
frame_000024.jpg,32.32367809774923,32.482020978124694,24,True,0.1011865466782843,0.011077471601466238,0.0504005730424708,0.2800031835692822,False,False,False,False,False,0.4867579440505972,0.12,0.18,False,False,True,True,True,32.32367809774923,32.482020978124694,32.32367809774923,32.482020978124694,False,False,False,False,0.856575586099483,0.9410909552244006,0.856575586099483,False,both,min,none,none,0,moving_average,4,2.0,peak,14,-1,-1,14,False,0.8642390800607007,False,False,False,False,False,False,False,,,2.7586206896551726
frame_000025.jpg,32.18980426821545,32.305503395497496,25,True,0.18555725670463394,0.055111199124092604,0.04166828671486319,0.4592599927007717,False,False,False,False,False,0.4867579440505972,0.12,0.18,False,False,True,True,True,32.18980426821545,32.305503395497496,32.18980426821545,32.305503395497496,False,False,False,False,0.8344336816491443,0.9190821055349259,0.8344336816491443,False,both,min,none,none,0,moving_average,4,2.0,peak,14,-1,-1,14,False,0.842159999798913,False,False,False,False,False,False,False,,,2.873563218390805
frame_000026.jpg,32.196074454011395,32.38382292796423,26,True,0.28742420330623497,0.02391945645523809,0.0052449209716062175,0.5904869285016907,False,False,False,False,False,0.4867579440505972,0.12,0.18,False,False,True,True,True,32.196074454011395,32.38382292796423,32.196074454011395,32.38382292796423,False,False,False,False,0.8354707316481116,0.9288472676913259,0.8354707316481116,False,both,min,none,none,0,moving_average,4,2.0,peak,14,-1,-1,14,False,0.8351250483151224,False,False,False,False,False,False,False,,,2.988505747126437
frame_000027.jpg,32.196074454011395,32.38382292796423,27,True,0.0,0.0,0.0,0.0,False,False,False,False,True,0.4867579440505972,0.12,0.18,False,False,True,True,True,32.196074454011395,32.38382292796423,32.196074454011395,32.38382292796423,False,False,True,True,0.8354707316481116,0.9288472676913259,0.8354707316481116,False,both,min,none,none,0,moving_average,4,2.0,peak,14,-1,-1,14,False,0.8173336798376457,False,False,False,False,False,False,False,,,3.1034482758620694
frame_000028.jpg,31.867095085353355,32.119495832307166,28,True,0.4872131860573066,0.09652699655691493,0.01735878440400821,1.000935253368278,True,False,False,True,True,0.4867579440505972,0.12,0.18,False,False,True,True,True,31.867095085353355,32.119495832307166,31.867095085353355,32.119495832307166,False,False,True,True,0.7810595762167143,0.8958900107960834,0.7810595762167143,False,both,min,none,none,0,moving_average,4,2.0,peak,14,-1,-1,14,False,0.7815775817558445,False,False,False,False,False,False,False,,,3.218390804597701
frame_000029.jpg,31.547511573144604,31.809147853486714,29,True,0.4464428467228786,0.07646880343864494,0.023094643981842782,0.9171762930210586,False,False,False,False,True,0.4867579440505972,0.12,0.18,False,False,True,True,True,31.547511573144604,31.809147853486714,31.547511573144604,31.809147853486714,False,False,True,True,0.7282024374027078,0.8571947039851053,0.7282024374027078,False,both,min,none,none,0,moving_average,4,2.0,peak,14,-1,-1,14,False,0.7522205450779934,False,False,False,False,False,False,False,,,3.3333333333333335
frame_000030.jpg,31.66358110873808,31.61991377285295,30,True,0.6889597780934114,0.032737809069432515,0.018116374874406087,1.4154053087663543,True,False,False,True,True,0.4867579440505972,0.12,0.18,False,False,True,True,True,31.66358110873808,31.61991377285295,31.66358110873808,31.61991377285295,False,False,True,True,0.7473996216145583,0.8336003153989526,0.7473996216145583,False,both,min,none,none,0,moving_average,4,2.0,peak,14,-1,-1,14,False,0.7410005602106081,False,False,False,False,False,False,False,,,3.4482758620689657
frame_000031.jpg,31.66358110873808,31.61991377285295,31,True,0.0,0.0,0.0,0.0,False,False,False,False,True,0.4867579440505972,0.12,0.18,False,False,True,True,True,31.66358110873808,31.61991377285295,31.66358110873808,31.61991377285295,False,False,True,True,0.7473996216145583,0.8336003153989526,0.7473996216145583,False,both,min,none,none,0,moving_average,4,2.0,peak,14,-1,-1,14,False,0.7580539403085775,False,False,False,False,False,False,False,,,3.563218390804598
frame_000032.jpg,,,32,False,,,,0.0,False,False,False,False,False,0.4867579440505972,0.12,0.18,True,True,False,False,False,,,31.856834735295923,31.33877370708695,True,True,False,False,0.7793625776966162,0.7985467566710329,0.7793625776966162,False,missing,min,none,none,0,moving_average,4,2.0,peak,14,-1,-1,14,False,0.7634184657514291,False,False,False,False,False,False,False,,,3.6781609195402303
frame_000033.jpg,,,33,False,,,,0.0,False,False,False,False,False,0.4867579440505972,0.12,0.18,True,True,False,False,False,,,32.05008836185377,31.057633641320948,True,True,False,False,0.8113255337786741,0.7634931979431128,0.7634931979431128,False,missing,min,none,none,0,moving_average,4,2.0,peak,14,-1,-1,14,False,0.7570984716183072,False,False,False,False,False,False,False,,,3.7931034482758625
frame_000034.jpg,,,34,False,,,,0.0,False,False,False,False,False,0.4867579440505972,0.12,0.18,True,True,False,False,False,,,32.243341988411615,30.776493575554948,True,True,False,False,0.8432884898607327,0.7284396392151931,0.7284396392151931,False,missing,min,none,none,0,moving_average,4,2.0,peak,14,-1,-1,14,False,0.7284396392151928,False,False,False,False,False,False,False,,,3.9080459770114944
frame_000035.jpg,,,35,False,,,,0.0,False,False,False,False,False,0.4867579440505972,0.12,0.18,True,True,False,False,False,,,32.436595614969455,30.495353509788945,True,True,False,False,0.8752514459427899,0.693386080487273,0.693386080487273,False,missing,min,none,none,0,moving_average,4,2.0,peak,14,-1,-1,14,False,0.6933860804872731,False,False,False,False,False,False,False,,,4.022988505747127
frame_000036.jpg,32.6298492415273,30.214213444022946,36,True,,,,0.0,False,False,False,False,True,0.4867579440505972,0.12,0.18,False,False,True,True,True,32.6298492415273,30.214213444022946,32.6298492415273,30.214213444022946,False,False,True,True,0.9072144020248485,0.6583325217593533,0.6583325217593533,False,both,min,none,none,0,moving_average,4,2.0,peak,14,-1,-1,14,False,0.7353866815584695,False,False,False,False,False,False,False,,,4.137931034482759
frame_000037.jpg,32.31077469160308,31.908242407830052,37,True,2.141186398560711,0.03756796334342846,0.016144998473997387,4.3988730430214416,True,False,False,True,True,0.4867579440505972,0.12,0.18,False,False,True,True,True,32.31077469160308,31.908242407830052,32.31077469160308,31.908242407830052,False,False,True,True,0.8544414424287823,0.8695501708973967,0.8544414424287823,False,both,min,none,none,0,moving_average,4,2.0,peak,14,-1,-1,14,False,0.7657982851193007,False,False,False,False,False,False,False,,,4.252873563218391
frame_000038.jpg,31.88862741885296,32.01050032142096,38,True,0.861407786612827,0.07058835132268619,0.02351764118406527,1.769684084546314,True,False,False,True,True,0.4867579440505972,0.12,0.18,False,False,True,True,True,31.88862741885296,32.01050032142096,31.88862741885296,32.01050032142096,False,False,True,True,0.7846208911697667,0.8823000568650448,0.7846208911697667,False,both,min,none,none,0,moving_average,4,2.0,peak,14,-1,-1,14,False,0.8078944082561051,False,False,False,False,False,False,False,,,4.367816091954023
frame_000039.jpg,31.88862741885296,32.01050032142096,39,True,0.0,0.0,0.0,0.0,False,False,False,False,True,0.4867579440505972,0.12,0.18,False,False,True,True,True,31.88862741885296,32.01050032142096,31.88862741885296,32.01050032142096,False,False,True,True,0.7846208911697667,0.8823000568650448,0.7846208911697667,False,both,min,none,none,0,moving_average,4,2.0,peak,14,-1,-1,14,False,0.7818154689273368,False,False,False,False,False,False,False,,,4.482758620689656
frame_000040.jpg,31.83774119722342,31.926300870971627,40,True,0.953658706245841,0.004876068163152364,0.01345807120264315,1.959205222846267,True,False,False,True,True,0.4867579440505972,0.12,0.18,False,False,True,True,True,31.83774119722342,31.926300870971627,31.83774119722342,31.926300870971627,False,False,True,True,0.7762046244424771,0.8718017652994413,0.7762046244424771,False,both,min,none,none,0,moving_average,4,2.0,peak,14,-1,-1,14,False,0.7762133470430617,False,False,False,False,False,False,False,,,4.597701149425288
frame_000041.jpg,31.787013190703114,31.966006845763417,41,True,0.34918377280669743,0.05164162768519371,0.050170076731745575,0.7173663564706008,False,False,False,False,True,0.4867579440505972,0.12,0.18,False,False,True,True,True,31.787013190703114,31.966006845763417,31.787013190703114,31.966006845763417,False,False,True,True,0.7678145255169412,0.8767524496333198,0.7678145255169412,False,both,min,none,none,0,moving_average,4,2.0,peak,14,-1,-1,14,False,0.7755245067990439,False,False,False,False,False,False,False,,,4.71264367816092
frame_000042.jpg,31.87613287282909,31.983102447485845,42,True,0.3457897798553238,0.02883655691340788,0.01988691527297303,0.7103937061156209,False,False,False,False,False,0.4867579440505972,0.12,0.18,False,False,True,True,True,31.87613287282909,31.983102447485845,31.87613287282909,31.983102447485845,False,False,False,False,0.7825543704377138,0.8788839909962824,0.7825543704377138,False,both,min,none,none,0,moving_average,4,2.0,peak,14,-1,-1,14,False,0.7931593445320962,False,False,False,False,False,False,False,,,4.8275862068965525
frame_000043.jpg,32.15761114325615,32.250862912910264,43,True,0.25854904237644266,0.011341997724936392,0.05117531858861349,0.5311655321429478,False,False,False,False,False,0.4867579440505972,0.12,0.18,False,False,True,True,True,32.15761114325615,32.250862912910264,32.15761114325615,32.250862912910264,False,False,False,False,0.8291091376416336,0.912269332833622,0.8291091376416336,False,both,min,none,none,0,moving_average,4,2.0,peak,14,-1,-1,14,False,0.8205337407765896,False,False,False,False,False,False,False,,,4.942528735632185
frame_000044.jpg,32.283544362804186,32.77834945764535,44,True,0.47474493547720054,0.0676162801100144,0.008144595704477333,0.9753203646284037,False,False,False,False,True,0.4867579440505972,0.12,0.18,False,False,True,True,True,32.283544362804186,32.77834945764535,32.283544362804186,32.77834945764535,False,False,True,True,0.8499377142504213,0.9780382602317134,0.8499377142504213,False,both,min,none,none,0,moving_average,4,2.0,peak,14,-1,-1,14,False,0.8544317101290718,False,False,False,False,False,False,False,,,5.057471264367816
frame_000045.jpg,32.49099203918678,32.85960910977518,45,True,0.6111188027615094,0.0041573321006643914,0.014726126264094965,1.255488092656553,True,False,False,True,True,0.4867579440505972,0.12,0.18,False,False,True,True,True,32.49099203918678,32.85960910977518,32.49099203918678,32.85960910977518,False,False,True,True,0.8842482784951606,0.9881700071258547,0.8842482784951606,False,both,min,none,none,0,moving_average,4,2.0,peak,14,-1,-1,14,False,0.87847197900927,False,False,False,False,False,False,False,,,5.172413793103448
frame_000046.jpg,32.59366616262889,32.83407317811068,46,True,0.6599423854997061,0.023465752400210132,0.03806535792057067,1.3557917103682786,True,False,False,True,True,0.4867579440505972,0.12,0.18,False,False,True,True,True,32.59366616262889,32.83407317811068,32.59366616262889,32.83407317811068,False,False,True,True,0.9012299442822281,0.9849860949437371,0.9012299442822281,False,both,min,none,none,0,moving_average,4,2.0,peak,14,-1,-1,14,False,0.8991391606022074,False,False,False,False,False,False,False,,,5.287356321839081
frame_000047.jpg,32.65841655390982,32.54702584461675,47,True,0.3919578614481434,0.008374132246834486,0.022840641363045554,0.8052418378351117,False,False,False,False,True,0.4867579440505972,0.12,0.18,False,False,True,True,True,32.65841655390982,32.54702584461675,32.65841655390982,32.54702584461675,False,False,True,True,0.9119392590292338,0.9491959967415935,0.9119392590292338,False,both,min,none,none,0,moving_average,4,2.0,peak,14,-1,-1,14,False,0.9063686595146245,True,False,False,False,False,False,False,2,,5.402298850574713
frame_000048.jpg,32.62212448633282,32.71047249900033,48,True,0.10847053965792508,0.08829063162670997,0.017831221035618856,0.7357552635559165,False,False,False,False,False,0.4867579440505972,0.12,0.18,False,False,True,True,True,32.62212448633282,32.71047249900033,32.62212448633282,32.71047249900033,False,False,False,False,0.9059367752324119,0.9695751158924216,0.9059367752324119,False,both,min,none,none,0,moving_average,4,2.0,peak,14,-1,-1,14,False,0.8865629283898605,False,False,False,False,False,False,False,,,5.517241379310345
frame_000049.jpg,32.23441941242245,32.42419224283814,49,True,0.09164396090354966,0.011612375566945856,0.01082406059369411,0.1882741967001642,False,False,False,False,False,0.4867579440505972,0.12,0.18,False,False,True,True,True,32.23441941242245,32.42419224283814,32.23441941242245,32.42419224283814,False,False,False,False,0.8418127509079362,0.9338806596622738,0.8418127509079362,False,both,min,none,none,0,moving_average,4,2.0,peak,14,-1,-1,14,False,0.8609050879575789,False,False,False,False,False,False,False,,,5.6321839080459775
frame_000050.jpg,32.19302117241402,32.335034009746785,50,True,0.05579913194690092,0.029296396762156063,0.009487840209915043,0.24413663968463387,False,False,False,False,False,0.4867579440505972,0.12,0.18,False,False,True,True,True,32.19302117241402,32.335034009746785,32.19302117241402,32.335034009746785,False,False,False,False,0.834965737732389,0.9227640891683813,0.834965737732389,False,both,min,none,none,0,moving_average,4,2.0,peak,14,-1,-1,14,False,0.8283313497653548,False,False,False,False,False,False,False,,,5.74712643678161
frame_000051.jpg,32.0312849200519,32.296719771373425,51,True,0.019156385880825418,0.01644654766423766,0.01893763405472631,0.13705456386864717,False,False,False,False,False,0.4867579440505972,0.12,0.18,False,False,True,True,True,32.0312849200519,32.296719771373425,32.0312849200519,32.296719771373425,False,False,False,False,0.8082155606557395,0.9179869315573636,0.8082155606557395,False,both,min,none,none,0,moving_average,4,2.0,peak,14,-1,-1,14,False,0.815692761010111,False,False,False,False,False,False,False,,,5.862068965517242
frame_000052.jpg,32.00517405364647,32.24168497643253,52,True,0.0016710078812191334,0.00320203378395454,0.001939621687213634,0.026683614866287834,False,False,False,False,False,0.4867579440505972,0.12,0.18,False,False,True,True,True,32.00517405364647,32.24168497643253,32.00517405364647,32.24168497643253,False,False,False,False,0.8038969846422048,0.9111249945677586,0.8038969846422048,False,both,min,none,none,0,moving_average,4,2.0,peak,14,-1,-1,14,False,0.805082355645935,False,False,False,False,False,False,False,,,5.977011494252874
frame_000053.jpg,32.000564068889716,32.22132281144175,53,True,0.006431113329282075,0.00019254123855835754,0.007474422394931585,0.04152456886073103,False,False,False,False,False,0.4867579440505972,0.12,0.18,False,False,True,True,True,32.000564068889716,32.22132281144175,32.000564068889716,32.22132281144175,False,False,False,False,0.8031345216398611,0.9085861662994109,0.8031345216398611,False,both,min,none,none,0,moving_average,4,2.0,peak,14,-1,-1,14,False,0.8026098821422845,False,False,False,False,False,False,False,,,6.0919540229885065
frame_000054.jpg,31.986437897462192,32.19755299081532,54,True,0.008210509385179312,0.0011204517135012678,0.005658744214500057,0.03143746785833365,False,False,False,False,False,0.4867579440505972,0.12,0.18,False,False,True,True,True,31.986437897462192,32.19755299081532,31.986437897462192,32.19755299081532,False,False,False,False,0.8007981401447878,0.905622459219772,0.8007981401447878,False,both,min,none,none,0,moving_average,4,2.0,peak,14,-1,-1,14,False,0.8004805647459797,False,False,False,False,False,False,False,,,6.206896551724139
frame_000055.jpg,31.966551376707063,32.170401663472745,55,True,0.006227379556602888,0.01339061645610084,0.002958787142487052,0.11158847046750701,False,False,False,False,False,0.4867579440505972,0.12,0.18,False,False,True,True,True,31.966551376707063,32.170401663472745,31.966551376707063,32.170401663472745,False,False,False,False,0.7975090324532905,0.9022371336705635,0.7975090324532905,False,both,min,none,none,0,moving_average,4,2.0,peak,14,-1,-1,14,False,0.7985904192211742,False,False,False,False,False,False,False,,,6.321839080459771
frame_000056.jpg,31.966279616933555,32.176429768292834,56,True,0.00801378101624996,0.02110654038334288,0.000207555290120124,0.17588783652785733,False,False,False,False,False,0.4867579440505972,0.12,0.18,False,False,True,True,True,31.966279616933555,32.176429768292834,31.966279616933555,32.176429768292834,False,False,False,False,0.7974640850654447,0.9029887395498369,0.7974640850654447,False,both,min,none,none,0,moving_average,4,2.0,peak,14,-1,-1,14,False,0.79747906752806,False,False,False,False,False,False,False,,,6.436781609195402
frame_000057.jpg,31.966279616933555,32.176429768292834,57,True,0.0,0.0,0.0,0.0,False,False,False,False,False,0.4867579440505972,0.12,0.18,False,False,True,True,True,31.966279616933555,32.176429768292834,31.966279616933555,32.176429768292834,False,False,False,False,0.7974640850654447,0.9029887395498369,0.7974640850654447,False,both,min,none,none,0,moving_average,4,2.0,peak,14,-1,-1,14,False,0.8098135818078137,False,False,False,False,False,False,False,,,6.551724137931035
frame_000058.jpg,32.19028127299128,32.435684258717274,58,True,0.03212572061975682,0.02409513537660315,0.022395722955129656,0.20079279480502626,False,False,False,False,False,0.4867579440505972,0.12,0.18,False,False,True,True,True,32.19028127299128,32.435684258717274,32.19028127299128,32.435684258717274,False,False,False,False,0.8345125752925516,0.9353135257051264,0.8345125752925516,False,both,min,none,none,0,moving_average,4,2.0,peak,14,-1,-1,14,False,0.8266997935960908,False,False,False,False,False,False,False,,,6.666666666666667
frame_000059.jpg,32.27257059251139,32.519144384372076,59,True,0.004472385358822607,0.009092395207684971,0.008070121828590482,0.07576996006404144,False,False,False,False,False,0.4867579440505972,0.12,0.18,False,False,True,True,True,32.27257059251139,32.519144384372076,32.27257059251139,32.519144384372076,False,False,False,False,0.848122720430276,0.9457196355852999,0.848122720430276,False,both,min,none,none,0,moving_average,4,2.0,peak,14,-1,-1,14,False,0.8431256072323403,False,False,False,False,False,False,False,,,6.781609195402299
frame_000060.jpg,32.264219649096326,32.71322841168094,60,True,0.012537564007258924,0.021410992199142238,0.008896888556181017,0.17842493499285197,False,False,False,False,False,0.4867579440505972,0.12,0.18,False,False,True,True,True,32.264219649096326,32.71322841168094,32.264219649096326,32.71322841168094,False,False,False,False,0.8467415259741935,0.9699187330383287,0.8467415259741935,False,both,min,none,none,0,moving_average,4,2.0,peak,14,-1,-1,14,False,0.856739912123218,False,False,False,False,False,False,False,,,6.8965517241379315
frame_000061.jpg,32.43722468333841,32.71086778629382,61,True,0.014219893236577798,0.02310670180344085,0.009811712684510698,0.1925558483620071,False,False,False,False,False,0.4867579440505972,0.12,0.18,False,False,True,True,True,32.43722468333841,32.71086778629382,32.43722468333841,32.71086778629382,False,False,False,False,0.8753554899651844,0.9696244017397407,0.8753554899651844,False,both,min,none,none,0,moving_average,4,2.0,peak,14,-1,-1,14,False,0.8688534277971146,False,False,False,False,False,False,False,,,7.011494252873564
frame_000062.jpg,32.49229190004652,32.78416781998818,62,True,0.0033167516644030037,0.00766123978574339,0.0027633374710663103,0.06384366488119492,False,False,False,False,False,0.4867579440505972,0.12,0.18,False,False,True,True,True,32.49229190004652,32.78416781998818,32.49229190004652,32.78416781998818,False,False,False,False,0.8844632674519664,0.978763714661444,0.8844632674519664,False,both,min,none,none,0,moving_average,4,2.0,peak,14,-1,-1,14,False,0.8843285521563948,False,False,False,False,False,False,False,,,7.126436781609196
frame_000063.jpg,32.544915579990835,32.79655414590703,63,True,0.005293977595259865,0.0027105877221512177,0.0013217094199753517,0.022588231017926817,False,False,False,False,False,0.4867579440505972,0.12,0.18,False,False,True,True,True,32.544915579990835,32.79655414590703,32.544915579990835,32.79655414590703,False,False,False,False,0.893166899052034,0.9803080865098204,0.893166899052034,False,both,min,none,none,0,moving_average,4,2.0,peak,14,-1,-1,14,False,0.8901049788290609,False,False,False,False,False,False,False,,,7.241379310344828
frame_000064.jpg,32.5420005432594,32.79594486543388,64,True,0.0036073752633850316,0.003197501336503314,0.00010354262914705334,0.026645844470860953,False,False,False,False,False,0.4867579440505972,0.12,0.18,False,False,True,True,True,32.5420005432594,32.79594486543388,32.5420005432594,32.79594486543388,False,False,False,False,0.8926847699831825,0.9802321192200314,0.8926847699831825,False,both,min,none,none,0,moving_average,4,2.0,peak,14,-1,-1,14,False,0.8998161041360317,True,False,False,False,False,False,False,3,,7.356321839080461
frame_000065.jpg,32.66843738972323,32.63316608312422,65,True,0.03175330819404002,0.0012369484636143755,0.019500191564162803,0.10833439757868224,False,False,False,False,False,0.4867579440505972,0.12,0.18,False,False,True,True,True,32.66843738972323,32.63316608312422,32.66843738972323,32.63316608312422,False,False,False,False,0.9135966433728792,0.9599362727713787,0.9135966433728792,False,both,min,none,none,0,moving_average,4,2.0,peak,14,-1,-1,14,False,0.8921121484952144,False,False,False,False,False,False,False,,,7.471264367816093
frame_000066.jpg,32.40517718758997,32.6095294118839,66,True,0.09506566652247811,0.0546206863450561,0.005378164736492176,0.4551723862088009,False,False,False,False,False,0.4867579440505972,0.12,0.18,False,False,True,True,True,32.40517718758997,32.6095294118839,32.40517718758997,32.6095294118839,False,False,False,False,0.8700550321295815,0.9569891672380646,0.8700550321295815,False,both,min,none,none,0,moving_average,4,2.0,peak,14,-1,-1,14,False,0.8785638298690475,False,False,False,False,False,False,False,,,7.586206896551725
frame_000067.jpg,32.2962540264279,32.42390894295094,67,True,0.04835667347675718,0.037613009638144325,0.0026785368339411423,0.31344174698453603,False,False,False,False,False,0.4867579440505972,0.12,0.18,False,False,True,True,True,32.2962540264279,32.42390894295094,32.2962540264279,32.42390894295094,False,False,False,False,0.852039814104682,0.9338453368092093,0.852039814104682,False,both,min,none,none,0,moving_average,4,2.0,peak,14,-1,-1,14,False,0.8509916503607475,False,False,False,False,False,False,False,,,7.701149425287357
frame_000068.jpg,32.16831872093647,32.3504161437633,68,True,0.030255051385280163,0.06592370157459593,0.0008725655656507819,0.5493641797882994,False,False,False,False,False,0.4867579440505972,0.12,0.18,False,False,True,True,True,32.16831872093647,32.3504161437633,32.16831872093647,32.3504161437633,False,False,False,False,0.8308801048479794,0.9246819891896374,0.8308801048479794,False,both,min,none,none,0,moving_average,4,2.0,peak,14,-1,-1,14,False,0.8343529542915659,False,False,False,False,False,False,False,,,7.816091954022989
frame_000069.jpg,32.10337578208404,32.325110899667386,69,True,0.032227407916780665,0.020563282454781822,0.0012988683627086078,0.17136068712318187,False,False,False,False,False,0.4867579440505972,0.12,0.18,False,False,True,True,True,32.10337578208404,32.325110899667386,32.10337578208404,32.325110899667386,False,False,False,False,0.8201389439220366,0.9215268399666922,0.8201389439220366,False,both,min,none,none,0,moving_average,4,2.0,peak,14,-1,-1,14,False,0.8192530107411407,False,False,False,False,False,False,False,,,7.931034482758621
frame_000070.jpg,32.022363322034344,32.27489702940378,70,True,0.03596011586941902,0.010765860926449907,0.004046706920005722,0.0897155077204159,False,False,False,False,False,0.4867579440505972,0.12,0.18,False,False,True,True,True,32.022363322034344,32.27489702940378,32.022363322034344,32.27489702940378,False,False,False,False,0.8067399834534063,0.9152659932764646,0.8067399834534063,False,both,min,none,none,0,moving_average,4,2.0,peak,14,-1,-1,14,False,0.8045193773262416,False,False,False,False,False,False,False,,,8.045977011494253
frame_000071.jpg,31.901072342113448,32.16616156218467,71,True,0.07027357489104227,0.02740645908286906,0.0030836264679019922,0.22838715902390885,False,False,False,False,False,0.4867579440505972,0.12,0.18,False,False,True,True,True,31.901072342113448,32.16616156218467,31.901072342113448,32.16616156218467,False,False,False,False,0.7866792046032822,0.9017084625289781,0.7866792046032822,False,both,min,none,none,0,moving_average,4,2.0,peak,14,-1,-1,14,False,0.7841996165720133,False,False,False,False,False,False,False,,,8.160919540229886
frame_000072.jpg,31.734805292565394,32.13875768491804,72,True,0.38934659750494216,0.0039068597317617375,0.0015790699071335209,0.7998772331581518,False,False,False,False,True,0.4867579440505972,0.12,0.18,False,False,True,True,True,31.734805292565394,32.13875768491804,31.734805292565394,32.13875768491804,False,False,True,True,0.7591796616593514,0.8982916481431622,0.7591796616593514,False,both,min,none,none,0,moving_average,4,2.0,peak,14,-1,-1,14,False,0.7310802892754095,False,False,False,False,False,False,False,,,8.275862068965518
frame_000073.jpg,31.0588570730478,31.989969164530244,73,True,0.5493078897375915,0.0,0.0,1.1285031840805302,True,False,False,True,True,0.4867579440505972,0.12,0.18,False,False,True,True,True,31.0588570730478,31.989969164530244,31.0588570730478,31.989969164530244,False,False,True,True,0.6473820015635952,0.8797401580763037,0.6473820015635952,False,both,min,none,none,0,moving_average,4,2.0,peak,14,-1,-1,14,False,0.6914769194981063,False,False,False,False,False,False,False,,,8.39080459770115
frame_000074.jpg,31.18272562721075,32.30507004852562,74,True,0.3651931746399279,0.0,0.0,0.7502562189349026,False,False,False,False,True,0.4867579440505972,0.12,0.18,False,False,True,True,True,31.18272562721075,32.30507004852562,31.18272562721075,32.30507004852562,False,False,True,True,0.6678690952713726,0.9190280742694541,0.6678690952713726,False,both,min,none,none,0,moving_average,4,2.0,peak,14,-1,-1,14,False,0.6878800686914246,False,False,False,False,False,False,False,,,8.505747126436782
frame_000075.jpg,31.669563724095234,32.50380417382691,75,True,0.3055917562482349,0.0,0.0,0.627810516465797,False,False,False,False,False,0.4867579440505972,0.12,0.18,False,False,True,True,True,31.669563724095234,32.50380417382691,31.669563724095234,32.50380417382691,False,False,False,False,0.7483891092393059,0.9438069627338561,0.7483891092393059,False,both,min,none,none,0,moving_average,4,2.0,peak,14,-1,-1,14,False,0.6045909869205487,False,False,False,False,False,False,False,,,8.620689655172415
frame_000076.jpg,29.548115976676254,32.45836701843973,76,True,0.3814562685089059,0.0,0.0,0.7836672686522288,False,False,False,False,False,0.4867579440505972,0.12,0.18,False,False,True,True,True,29.548115976676254,32.45836701843973,29.548115976676254,32.45836701843973,False,False,False,False,0.3975147562509676,0.9381416941053723,0.3975147562509676,False,both,min,none,none,0,moving_average,4,2.0,peak,14,-1,-1,14,False,0.526920224570456,False,False,False,False,False,False,False,,,8.735632183908047
frame_000077.jpg,,,77,False,,,,0.0,False,False,False,False,False,0.4867579440505972,0.12,0.18,True,True,False,False,False,,,29.7738925584108,32.48211915591119,True,True,False,False,0.43485680822109424,0.9411031963853871,0.43485680822109424,False,missing,min,none,none,0,moving_average,4,2.0,peak,14,-1,-1,14,False,0.434856808221094,False,False,False,False,False,False,False,,,8.85057471264368
frame_000078.jpg,,,78,False,,,,0.0,False,False,False,False,False,0.4867579440505972,0.12,0.18,True,True,False,False,False,,,29.999669140145343,32.50587129338266,True,True,False,False,0.4721988601912203,0.9440646986654027,0.4721988601912203,False,missing,min,none,none,0,moving_average,4,2.0,peak,14,-1,-1,14,False,0.4721988601912205,False,False,False,False,False,False,False,,,8.965517241379311
frame_000079.jpg,,,79,False,,,,0.0,False,False,False,False,False,0.4867579440505972,0.12,0.18,True,True,False,False,False,,,30.22544572187989,32.52962343085412,True,True,False,False,0.509540912161347,0.9470262009454175,0.509540912161347,False,missing,min,none,none,0,moving_average,4,2.0,peak,14,-1,-1,14,False,0.5095409121613469,False,False,False,False,False,False,False,,,9.080459770114944
frame_000080.jpg,,,80,False,,,,0.0,False,False,False,False,False,0.4867579440505972,0.12,0.18,True,True,False,False,False,,,30.451222303614436,32.55337556832559,True,True,False,False,0.5468829641314736,0.9499877032254331,0.5468829641314736,False,missing,min,none,none,0,moving_average,4,2.0,peak,14,-1,-1,14,False,0.5468829641314734,False,False,False,False,False,False,False,,,9.195402298850576
frame_000081.jpg,,,81,False,,,,0.0,False,False,False,False,False,0.4867579440505972,0.12,0.18,True,True,False,False,False,,,30.67699888534898,32.577127705797054,True,True,False,False,0.5842250161015997,0.9529492055054478,0.5842250161015997,False,missing,min,none,none,0,moving_average,4,2.0,peak,14,-1,-1,14,False,0.5842250161015999,False,False,False,False,False,False,False,,,9.310344827586208
frame_000082.jpg,,,82,False,,,,0.0,False,False,False,False,False,0.4867579440505972,0.12,0.18,True,True,False,False,False,,,30.902775467083526,32.600879843268515,True,True,False,False,0.6215670680717265,0.9559107077854626,0.6215670680717265,False,missing,min,none,none,0,moving_average,4,2.0,peak,14,-1,-1,14,False,0.6215670680717265,False,False,False,False,False,False,False,,,9.42528735632184
frame_000083.jpg,,,83,False,,,,0.0,False,False,False,False,False,0.4867579440505972,0.12,0.18,True,True,False,False,False,,,31.128552048818072,32.624631980739984,True,True,False,False,0.6589091200418531,0.9588722100654783,0.6589091200418531,False,missing,min,none,none,0,moving_average,4,2.0,peak,14,-1,-1,14,False,0.6589091200418531,False,False,False,False,False,False,False,,,9.540229885057473
frame_000084.jpg,,,84,False,,,,0.0,False,False,False,False,False,0.4867579440505972,0.12,0.18,True,True,False,False,False,,,31.35432863055262,32.648384118211446,True,True,False,False,0.6962511720119797,0.961833712345493,0.6962511720119797,False,missing,min,none,none,0,moving_average,4,2.0,peak,14,-1,-1,14,False,0.6962511720119795,False,False,False,False,False,False,False,,,9.655172413793105
frame_000085.jpg,,,85,False,,,,0.0,False,False,False,False,False,0.4867579440505972,0.12,0.18,True,True,False,False,False,,,31.58010521228716,32.67213625568291,True,True,False,False,0.7335932239821058,0.9647952146255078,0.7335932239821058,False,missing,min,none,none,0,moving_average,4,2.0,peak,14,-1,-1,14,False,0.7335932239821059,False,False,False,False,False,False,False,,,9.770114942528737
frame_000086.jpg,,,86,False,,,,0.0,False,False,False,False,False,0.4867579440505972,0.12,0.18,True,True,False,False,False,,,31.80588179402171,32.69588839315438,True,True,False,False,0.7709352759522325,0.9677567169055235,0.7709352759522325,False,missing,min,none,none,0,moving_average,4,2.0,peak,14,-1,-1,14,False,0.7709352759522323,False,False,False,False,False,False,False,,,9.88505747126437
frame_000087.jpg,,,87,False,,,,0.0,False,False,False,False,False,0.4867579440505972,0.12,0.18,True,True,False,False,False,,,32.03165837575625,32.71964053062584,True,True,False,False,0.8082773279223586,0.9707182191855381,0.8082773279223586,False,missing,min,none,none,0,moving_average,4,2.0,peak,14,-1,-1,14,False,0.808277327922359,False,False,False,False,False,False,False,,,10.0
frame_000088.jpg,,,88,False,,,,0.0,False,False,False,False,False,0.4867579440505972,0.12,0.18,True,True,False,False,False,,,32.2574349574908,32.74339266809731,True,True,False,False,0.8456193798924858,0.9736797214655538,0.8456193798924858,False,missing,min,none,none,0,moving_average,4,2.0,peak,14,-1,-1,14,False,0.8456193798924855,False,False,False,False,False,False,False,,,10.114942528735632
frame_000089.jpg,32.483211539225344,32.76714480556877,89,True,,,,0.0,False,False,False,False,True,0.4867579440505972,0.12,0.18,False,False,True,True,True,32.483211539225344,32.76714480556877,32.483211539225344,32.76714480556877,False,False,True,True,0.8829614318626119,0.9766412237455686,0.8829614318626119,False,both,min,none,none,0,moving_average,4,2.0,peak,14,-1,-1,14,False,0.8741338018617,False,False,False,False,False,False,False,,,10.229885057471265
frame_000090.jpg,32.54886793302664,32.95448920455995,90,True,0.5958955378469013,0.0953665529851549,0.0374774814985196,1.224213277112863,True,False,False,True,True,0.4867579440505972,0.12,0.18,False,False,True,True,True,32.54886793302664,32.95448920455995,32.54886793302664,32.95448920455995,False,False,True,True,0.8938205938300022,1.0,0.8938205938300022,False,both,min,none,none,0,moving_average,4,2.0,peak,14,-1,-1,14,False,0.8881832837325561,True,False,False,False,False,False,False,4,,10.344827586206897
frame_000091.jpg,32.51227183639191,32.502947604481385,91,True,0.7311440038738458,0.08792162216358974,0.006463926077260145,1.5020689704405632,True,False,False,True,True,0.4867579440505972,0.12,0.18,False,False,True,True,True,32.51227183639191,32.502947604481385,32.51227183639191,32.502947604481385,False,False,True,True,0.8877678255050541,0.943700162574384,0.8877678255050541,False,both,min,none,none,0,moving_average,4,2.0,peak,14,-1,-1,14,False,0.8649591930527407,False,False,False,False,False,False,False,,,10.459770114942529
frame_000092.jpg,32.061960788588244,32.17537822734669,92,True,0.6967172014388116,0.020957978554333928,0.01565654266266959,1.4313422306804502,True,False,False,True,True,0.4867579440505972,0.12,0.18,False,False,True,True,True,32.061960788588244,32.17537822734669,32.061960788588244,32.17537822734669,False,False,True,True,0.8132891598231663,0.9028576296270657,0.8132891598231663,False,both,min,none,none,0,moving_average,4,2.0,peak,14,-1,-1,14,False,0.809468405506081,False,False,False,False,False,False,False,,,10.574712643678161
frame_000093.jpg,31.542346892881433,31.345879196065237,93,True,0.6163575774354907,0.006915615285359298,0.012491003272006564,1.2662506795603976,True,False,False,True,True,0.4867579440505972,0.12,0.18,False,False,True,True,True,31.542346892881433,31.345879196065237,31.542346892881433,31.345879196065237,False,False,True,True,0.7273482311900229,0.7994326946980883,0.7273482311900229,False,both,min,none,none,0,moving_average,4,2.0,peak,14,-1,-1,14,False,0.7510529715925621,False,False,False,False,False,False,False,,,10.689655172413794
frame_000094.jpg,31.452702024849238,31.120064947436504,94,True,0.7372556838694443,0.020413813714327395,0.02934032320233885,1.5146248620706815,True,False,False,True,True,0.4867579440505972,0.12,0.18,False,False,True,True,True,31.452702024849238,31.120064947436504,31.452702024849238,31.120064947436504,False,False,True,True,0.7125215237644973,0.7712773586582343,0.7125215237644973,False,both,min,none,none,0,moving_average,4,2.0,peak,14,-1,-1,14,False,0.7182212000443999,False,False,False,False,False,False,False,,,10.804597701149426
frame_000095.jpg,31.46644087781604,31.446415837928246,95,True,0.2526385206405701,0.005156422917057602,0.02226547212360877,0.5190229018929149,False,False,False,False,True,0.4867579440505972,0.12,0.18,False,False,True,True,True,31.46644087781604,31.446415837928246,31.46644087781604,31.446415837928246,False,False,True,True,0.7147938451786796,0.8119679662903845,0.7147938451786796,False,both,min,none,none,0,moving_average,4,2.0,peak,14,-1,-1,14,False,0.7135877021707313,False,False,False,False,False,False,False,,,10.919540229885058
frame_000096.jpg,31.45830207561525,31.23726626828593,96,True,0.07321558318514211,0.05051092273272597,0.043728158186875116,0.4209243561060498,False,False,False,False,True,0.4867579440505972,0.12,0.18,False,False,True,True,True,31.45830207561525,31.23726626828593,31.45830207561525,31.23726626828593,False,False,True,True,0.713447737569017,0.7858904426105037,0.713447737569017,False,both,min,none,none,0,moving_average,4,2.0,peak,14,-1,-1,14,False,0.7215462230401788,False,False,False,False,False,False,False,,,11.03448275862069
frame_000097.jpg,31.634471149802323,30.840314690968498,97,True,0.5924437090777535,0.04069711484733731,0.010748372893182933,1.217121808321572,True,False,False,True,True,0.4867579440505972,0.12,0.18,False,False,True,True,True,31.634471149802323,30.840314690968498,31.634471149802323,30.840314690968498,False,False,True,True,0.7425850142222589,0.7363970863728396,0.7363970863728396,False,both,min,none,none,0,moving_average,4,2.0,peak,14,-1,-1,14,False,0.7304424307134835,False,False,False,False,False,False,False,,,11.149425287356323
frame_000098.jpg,31.627804963578082,31.342834160898658,98,True,0.8391596763965177,0.05205861741192567,0.06675108916615828,1.7239773621635834,True,False,False,True,True,0.4867579440505972,0.12,0.18,False,False,True,True,True,31.627804963578082,31.342834160898658,31.627804963578082,31.342834160898658,False,False,True,True,0.7414824681985938,0.7990530287164737,0.7414824681985938,False,both,min,none,none,0,moving_average,4,2.0,peak,14,-1,-1,14,False,0.7647720832390951,False,False,False,False,False,False,False,,,11.264367816091955
frame_000099.jpg,32.08099133802386,31.902834798641468,99,True,0.8872972258493038,0.1365820255617593,0.026465945570175835,1.8228715867800436,True,True,False,True,True,0.4867579440505972,0.12,0.18,False,False,True,True,True,32.08099133802386,31.902834798641468,32.08099133802386,31.902834798641468,False,False,True,True,0.8164366951458519,0.8688759306543592,0.8164366951458519,False,both,min,none,none,0,moving_average,4,2.0,peak,14,-1,-1,14,False,0.8096468864941911,False,False,False,False,False,False,False,,,11.379310344827587
frame_000100.jpg,32.41102059813403,32.44284067186212,100,True,1.0052328319329475,0.031711344224352137,0.06686762530003618,2.065159581306096,True,False,False,True,True,0.4867579440505972,0.12,0.18,False,False,True,True,True,32.41102059813403,32.44284067186212,32.41102059813403,32.44284067186212,False,False,True,True,0.8710214961381278,0.9362058131411797,0.8710214961381278,False,both,min,none,none,0,moving_average,4,2.0,peak,14,-1,-1,14,False,0.8486992014620398,False,False,False,False,False,False,False,,,11.49425287356322
frame_000101.jpg,32.33615635701372,32.044299641891314,101,True,1.6020344319715916,0.09773766945914629,0.10338193414142106,3.2912342809243693,True,False,False,True,True,0.4867579440505972,0.12,0.18,False,False,True,True,True,32.33615635701372,32.044299641891314,32.33615635701372,32.044299641891314,False,False,True,True,0.8586394131021399,0.886514278206436,0.8586394131021399,False,both,min,none,none,0,moving_average,4,2.0,peak,14,-1,-1,14,False,0.8557812160077832,True,False,False,False,False,False,False,5,,11.609195402298852
frame_000102.jpg,,,102,False,,,,0.0,False,False,False,False,True,0.4867579440505972,0.12,0.18,True,True,False,False,False,,,32.32168291155317,31.652656034133962,True,True,False,False,0.8562455946271565,0.8376827387830822,0.8376827387830822,False,missing,min,none,none,0,moving_average,4,2.0,peak,14,-1,-1,14,False,0.82839111708165,False,False,False,False,False,False,False,,,11.724137931034484
frame_000103.jpg,,,103,False,,,,0.0,False,False,False,False,False,0.4867579440505972,0.12,0.18,True,True,False,False,False,,,32.30720946609261,31.26101242637661,True,True,False,False,0.853851776152172,0.7888511993597284,0.7888511993597284,False,missing,min,none,none,0,moving_average,4,2.0,peak,14,-1,-1,14,False,0.7888511993597283,False,False,False,False,False,False,False,,,11.839080459770116
frame_000104.jpg,,,104,False,,,,0.0,False,False,False,False,False,0.4867579440505972,0.12,0.18,True,True,False,False,False,,,32.292736020632056,30.869368818619257,True,True,False,False,0.8514579576771886,0.7400196599363745,0.7400196599363745,False,missing,min,none,none,0,moving_average,4,2.0,peak,14,-1,-1,14,False,0.7400196599363745,False,False,False,False,False,False,False,,,11.954022988505749
frame_000105.jpg,,,105,False,,,,0.0,False,False,False,False,False,0.4867579440505972,0.12,0.18,True,True,False,False,False,,,32.278262575171496,30.477725210861905,True,True,False,False,0.849064139202204,0.6911881205130207,0.6911881205130207,False,missing,min,none,none,0,moving_average,4,2.0,peak,14,-1,-1,14,False,0.6911881205130206,False,False,False,False,False,False,False,,,12.06896551724138
frame_000106.jpg,,,106,False,,,,0.0,False,False,False,False,False,0.4867579440505972,0.12,0.18,True,True,False,False,False,,,32.26378912971094,30.08608160310455,True,True,False,False,0.8466703207272207,0.6423565810896664,0.6423565810896664,False,missing,min,none,none,0,moving_average,4,2.0,peak,14,-1,-1,14,False,0.6423565810896665,False,False,False,False,False,False,False,,,12.183908045977013
frame_000107.jpg,,,107,False,,,,0.0,False,False,False,False,False,0.4867579440505972,0.12,0.18,True,True,False,False,False,,,32.24931568425039,29.694437995347197,True,True,False,False,0.8442765022522373,0.5935250416663126,0.5935250416663126,False,missing,min,none,none,0,moving_average,4,2.0,peak,14,-1,-1,14,False,0.5935250416663126,False,False,False,False,False,False,False,,,12.298850574712645
frame_000108.jpg,,,108,False,,,,0.0,False,False,False,False,False,0.4867579440505972,0.12,0.18,True,True,False,False,False,,,32.23484223878983,29.302794387589845,True,True,False,False,0.8418826837772527,0.5446935022429589,0.5446935022429589,False,missing,min,none,none,0,moving_average,4,2.0,peak,14,-1,-1,14,False,0.5446935022429588,False,False,False,False,False,False,False,,,12.413793103448278
frame_000109.jpg,32.22036879332928,28.911150779832493,109,True,,,,0.0,False,False,False,False,False,0.4867579440505972,0.12,0.18,False,False,True,True,True,32.22036879332928,28.911150779832493,32.22036879332928,28.911150779832493,False,False,False,False,0.8394888653022694,0.495861962819605,0.495861962819605,False,both,min,none,none,0,moving_average,4,2.0,peak,14,-1,-1,14,False,0.5319508030049752,False,False,False,False,False,False,False,,,12.52873563218391
frame_000110.jpg,32.28119552490135,29.387837173763597,110,True,0.21978961572375033,0.0,0.0,0.45153780931596627,False,False,False,False,False,0.4867579440505972,0.12,0.18,False,False,True,True,True,32.28119552490135,29.387837173763597,32.28119552490135,29.387837173763597,False,False,False,False,0.8495492309703429,0.5552969439523618,0.5552969439523618,False,both,min,none,none,0,moving_average,4,2.0,peak,14,-1,-1,14,False,0.44864983616431586,False,False,False,False,False,False,False,,,12.643678160919542
frame_000111.jpg,,,111,False,,,,0.0,False,False,False,False,False,0.4867579440505972,0.12,0.18,True,True,False,False,False,,,31.964394071058024,27.2984980925063,True,True,False,False,0.7971522274248728,0.29479060172098087,0.29479060172098087,False,missing,min,none,none,0,moving_average,4,2.0,peak,14,-1,-1,14,False,0.29479060172098087,False,False,False,False,False,False,False,,,12.758620689655173
frame_000112.jpg,31.647592617214695,25.209159011249003,112,True,,,,0.0,False,False,False,False,True,0.4867579440505972,0.12,0.18,False,False,True,True,True,31.647592617214695,25.209159011249003,31.647592617214695,25.209159011249003,False,False,True,True,0.7447552238794022,0.034284259489599886,0.034284259489599886,False,both,min,none,none,0,moving_average,4,2.0,peak,14,-1,-1,14,False,0.10969162040352691,False,False,False,False,False,False,False,,,12.873563218390805
frame_000113.jpg,31.94749174840402,24.934188956355044,113,True,0.5237359113939473,0.0,0.0,1.0759678764266996,True,False,False,True,True,0.4867579440505972,0.12,0.18,False,False,True,True,True,31.94749174840402,24.934188956355044,31.94749174840402,24.934188956355044,False,False,True,True,0.7943566876655554,0.0,0.0,False,both,min,none,none,0,moving_average,4,2.0,peak,14,-1,-1,14,False,0.03833269451582333,False,False,False,False,False,False,False,,,12.988505747126437
frame_000114.jpg,,,114,False,,,,0.0,False,False,False,False,True,0.4867579440505972,0.12,0.18,True,True,False,False,False,,,32.00535564577725,25.581538059479946,True,True,False,False,0.8039270188589196,0.0807138240578701,0.0807138240578701,False,missing,min,none,none,0,moving_average,4,2.0,peak,14,-1,-1,14,False,0.08071382405787009,False,False,False,False,False,False,False,,,13.10344827586207
frame_000115.jpg,,,115,False,,,,0.0,False,False,False,False,False,0.4867579440505972,0.12,0.18,True,True,False,False,False,,,32.063219543150474,26.22888716260485,True,True,False,False,0.8134973500522826,0.1614276481157402,0.1614276481157402,False,missing,min,none,none,0,moving_average,4,2.0,peak,14,-1,-1,14,False,0.16142764811574017,False,False,False,False,False,False,False,,,13.218390804597702
frame_000116.jpg,,,116,False,,,,0.0,False,False,False,False,False,0.4867579440505972,0.12,0.18,True,True,False,False,False,,,32.121083440523705,26.87623626572975,True,True,False,False,0.8230676812456468,0.24214147217361032,0.24214147217361032,False,missing,min,none,none,0,moving_average,4,2.0,peak,14,-1,-1,14,False,0.24214147217361043,False,False,False,False,False,False,False,,,13.333333333333334
frame_000117.jpg,,,117,False,,,,0.0,False,False,False,False,False,0.4867579440505972,0.12,0.18,True,True,False,False,False,,,32.178947337896936,27.523585368854658,True,True,False,False,0.832638012439011,0.32285529623148085,0.32285529623148085,False,missing,min,none,none,0,moving_average,4,2.0,peak,14,-1,-1,14,False,0.3228552962314807,False,False,False,False,False,False,False,,,13.448275862068966
frame_000118.jpg,,,118,False,,,,0.0,False,False,False,False,False,0.4867579440505972,0.12,0.18,True,True,False,False,False,,,32.23681123527016,28.17093447197956,True,True,False,False,0.8422083436323741,0.40356912028935094,0.40356912028935094,False,missing,min,none,none,0,moving_average,4,2.0,peak,14,-1,-1,14,False,0.40356912028935094,False,False,False,False,False,False,False,,,13.563218390804598
frame_000119.jpg,32.29467513264339,28.818283575104463,119,True,,,,0.0,False,False,False,False,False,0.4867579440505972,0.12,0.18,False,False,True,True,True,32.29467513264339,28.818283575104463,32.29467513264339,28.818283575104463,False,False,False,False,0.8517786748257382,0.4842829443472211,0.4842829443472211,False,both,min,none,none,0,moving_average,4,2.0,peak,14,-1,-1,14,False,0.5294313254822081,False,False,False,False,False,False,False,,,13.67816091954023
frame_000120.jpg,32.31665818475072,30.551943395498323,120,True,0.37054988066717304,0.0,0.0,0.7612610850962411,False,False,False,False,False,0.4867579440505972,0.12,0.18,False,False,True,True,True,32.31665818475072,30.551943395498323,32.31665818475072,30.551943395498323,False,False,False,False,0.8554145358523663,0.7004419118100522,0.7004419118100522,False,both,min,none,none,0,moving_average,4,2.0,peak,14,-1,-1,14,False,0.6283889226557751,False,False,False,False,False,False,False,,,13.793103448275863
frame_000121.jpg,32.31665818475072,30.551943395498323,121,True,0.0,0.0,0.0,0.0,False,False,False,False,True,0.4867579440505972,0.12,0.18,False,False,True,True,True,32.31665818475072,30.551943395498323,32.31665818475072,30.551943395498323,False,False,True,True,0.8554145358523663,0.7004419118100522,0.7004419118100522,False,both,min,none,none,0,moving_average,4,2.0,peak,14,-1,-1,14,False,0.7469421887095422,False,False,False,False,False,False,False,,,13.908045977011495
frame_000122.jpg,32.68516724813112,31.670781942574052,122,True,0.7460719322823706,0.07969924798956633,0.02705646225743833,1.5327370439481074,True,False,False,True,True,0.4867579440505972,0.12,0.18,False,False,True,True,True,32.68516724813112,31.670781942574052,32.68516724813112,31.670781942574052,False,False,True,True,0.9163636586112217,0.8399427425085222,0.8399427425085222,False,both,min,none,none,0,moving_average,4,2.0,peak,14,-1,-1,14,False,0.8105637923150963,False,False,False,False,False,False,False,,,14.022988505747128
frame_000123.jpg,32.56543132317252,32.082736485064785,123,True,0.42971494460712684,0.022086140651914332,0.013312902073998406,0.8828103369638259,False,False,False,False,True,0.4867579440505972,0.12,0.18,False,False,True,True,True,32.56543132317252,32.082736485064785,32.56543132317252,32.082736485064785,False,False,True,True,0.8965600762461015,0.891306722626715,0.891306722626715,False,both,min,none,none,0,moving_average,4,2.0,peak,14,-1,-1,14,False,0.8632566470731334,False,False,False,False,False,False,False,,,14.13793103448276
frame_000124.jpg,32.33543724298694,32.11154918438266,124,True,0.38990133694190804,0.057613107337651855,0.013743560183439927,0.8010168949628459,False,False,False,False,False,0.4867579440505972,0.12,0.18,False,False,True,True,True,32.33543724298694,32.11154918438266,32.33543724298694,32.11154918438266,False,False,False,False,0.8585204760841634,0.8948991940337953,0.8585204760841634,False,both,min,none,none,0,moving_average,4,2.0,peak,14,-1,-1,14,False,0.8694492249316804,True,False,False,False,False,False,False,6,,14.252873563218392
frame_000125.jpg,32.33543724298694,32.11154918438266,125,True,0.0,0.0,0.0,0.0,False,False,False,False,False,0.4867579440505972,0.12,0.18,False,False,True,True,True,32.33543724298694,32.11154918438266,32.33543724298694,32.11154918438266,False,False,False,False,0.8585204760841634,0.8948991940337953,0.8585204760841634,False,both,min,none,none,0,moving_average,4,2.0,peak,14,-1,-1,14,False,0.8645980712868785,False,False,False,False,False,False,False,,,14.367816091954024
frame_000126.jpg,32.44567585583551,32.232567436379696,126,True,0.42809476649823597,0.0,0.0,0.8794818281460582,False,False,False,False,False,0.4867579440505972,0.12,0.18,False,False,True,True,True,32.44567585583551,32.232567436379696,32.44567585583551,32.232567436379696,False,False,False,False,0.8767532616923089,0.9099881867462716,0.8767532616923089,False,both,min,none,none,0,moving_average,4,2.0,peak,14,-1,-1,14,False,0.8666274812910763,False,False,False,False,False,False,False,,,14.482758620689657
frame_000127.jpg,32.3722477471916,32.18496923793215,127,True,0.4382788877934058,0.06764582721161669,0.00705224226427097,0.900404180661606,False,False,False,False,False,0.4867579440505972,0.12,0.18,False,False,True,True,True,32.3722477471916,32.18496923793215,32.3722477471916,32.18496923793215,False,False,False,False,0.8646087060967566,0.9040534714644841,0.8646087060967566,False,both,min,none,none,0,moving_average,4,2.0,peak,14,-1,-1,14,False,0.868656891295274,False,False,False,False,False,False,False,,,14.597701149425289
frame_000128.jpg,32.3722477471916,32.18496923793215,128,True,0.0,0.0,0.0,0.0,False,False,False,False,False,0.4867579440505972,0.12,0.18,False,False,True,True,True,32.3722477471916,32.18496923793215,32.3722477471916,32.18496923793215,False,False,False,False,0.8646087060967566,0.9040534714644841,0.8646087060967566,False,both,min,none,none,0,moving_average,4,2.0,peak,14,-1,-1,14,False,0.8655541779608995,False,False,False,False,False,False,False,,,14.712643678160921
frame_000129.jpg,32.389397212286596,32.16136860228119,129,True,0.008970867472550456,0.020733359943528675,0.01971445198317209,0.17277799952940565,False,False,False,False,False,0.4867579440505972,0.12,0.18,False,False,True,True,True,32.389397212286596,32.16136860228119,32.389397212286596,32.16136860228119,False,False,False,False,0.8674451216891855,0.9011108589785937,0.8674451216891855,False,both,min,none,none,0,moving_average,4,2.0,peak,14,-1,-1,14,False,0.8635079619182731,False,False,False,False,False,False,False,,,14.827586206896553
frame_000130.jpg,32.335132406237854,32.131805594063586,130,True,0.0029517128884208187,0.007485680935854193,0.00968225966277227,0.06238067446545161,False,False,False,False,False,0.4867579440505972,0.12,0.18,False,False,True,True,True,32.335132406237854,32.131805594063586,32.335132406237854,32.131805594063586,False,False,False,False,0.8584700579688771,0.8974248363481785,0.8584700579688771,False,both,min,none,none,0,moving_average,4,2.0,peak,14,-1,-1,14,False,0.8600978293285026,False,False,False,False,False,False,False,,,14.942528735632186
frame_000131.jpg,32.31039297177681,32.14260475475633,131,True,0.013639125357879216,0.002816376902426316,0.012268573056174566,0.06815873920096982,False,False,False,False,False,0.4867579440505972,0.12,0.18,False,False,True,True,True,32.31039297177681,32.14260475475633,32.31039297177681,32.14260475475633,False,False,False,False,0.8543783083274455,0.8987713147041676,0.8543783083274455,False,both,min,none,none,0,moving_average,4,2.0,peak,14,-1,-1,14,False,0.8574651638678854,False,False,False,False,False,False,False,,,15.057471264367818
frame_000132.jpg,32.3416445438721,32.1177076551591,132,True,0.031311634650145935,0.057214525106368666,0.029353007640845353,0.4767877092197389,False,False,False,False,True,0.4867579440505972,0.12,0.18,False,False,True,True,True,32.3416445438721,32.1177076551591,32.3416445438721,32.1177076551591,False,False,True,True,0.8595471253073336,0.895667054411319,0.8595471253073336,False,both,min,none,none,0,moving_average,4,2.0,peak,14,-1,-1,14,False,0.8345562242169711,False,False,False,False,False,False,False,,,15.17241379310345
frame_000133.jpg,31.919598030434063,32.43609314942022,133,True,0.834848630592464,0.0,0.0,1.7151207099882146,True,False,False,True,True,0.4867579440505972,0.12,0.18,False,False,True,True,True,31.919598030434063,32.43609314942022,31.919598030434063,32.43609314942022,False,False,True,True,0.7897432390161343,0.9353645076746657,0.7897432390161343,False,both,min,none,none,0,moving_average,4,2.0,peak,14,-1,-1,14,False,0.7380705485370482,False,False,False,False,False,False,False,,,15.287356321839082
frame_000134.jpg,30.560285126167127,32.506108614541915,134,True,0.6645779649876264,0.0,0.0,1.3653150875305393,True,False,False,True,True,0.4867579440505972,0.12,0.18,False,False,True,True,True,30.560285126167127,32.506108614541915,30.560285126167127,32.506108614541915,False,False,True,True,0.5649212812876773,0.9440942887246161,0.5649212812876773,False,both,min,none,none,0,moving_average,4,2.0,peak,14,-1,-1,14,False,0.6688331241342134,False,False,False,False,False,False,False,,,15.402298850574715
frame_000135.jpg,31.085779786711853,32.84009409030479,135,True,0.6370241548226099,0.0,0.0,1.3087082863436388,True,False,False,True,True,0.4867579440505972,0.12,0.18,False,False,True,True,True,31.085779786711853,32.84009409030479,31.085779786711853,32.84009409030479,False,False,True,True,0.6518348520988289,0.9857368040204275,0.6518348520988289,False,both,min,none,none,0,moving_average,4,2.0,peak,14,-1,-1,14,False,0.5622355818843857,False,False,False,False,False,False,False,,,15.517241379310347
frame_000136.jpg,29.98607583971003,32.13896087814069,136,True,1.0091817333174065,0.0,0.0,2.0732722406529533,True,False,False,True,True,0.4867579440505972,0.12,0.18,False,False,True,True,True,29.98607583971003,32.13896087814069,29.98607583971003,32.13896087814069,False,False,True,True,0.469950612266651,0.8983169830079883,0.469950612266651,False,both,min,none,none,0,moving_average,4,2.0,peak,14,-1,-1,14,False,0.5875487861596229,False,False,False,False,False,False,False,,,15.632183908045977
frame_000137.jpg,31.580685352313534,30.074085744477475,137,True,1.8578654781994375,0.0,0.0,3.816815936765312,True,False,False,True,True,0.4867579440505972,0.12,0.18,False,False,True,True,True,31.580685352313534,30.074085744477475,31.580685352313534,30.074085744477475,False,False,True,True,0.7336891755588739,0.6408608941133891,0.6408608941133891,False,both,min,none,none,0,moving_average,4,2.0,peak,14,-1,-1,14,False,0.5838908001644764,False,False,False,False,False,False,False,,,15.74712643678161
frame_000138.jpg,31.580685352313534,30.074085744477475,138,True,0.0,0.0,0.0,0.0,False,False,False,False,True,0.4867579440505972,0.12,0.18,False,False,True,True,True,31.580685352313534,30.074085744477475,31.580685352313534,30.074085744477475,False,False,True,True,0.7336891755588739,0.6408608941133891,0.6408608941133891,False,both,min,none,none,0,moving_average,4,2.0,peak,14,-1,-1,14,False,0.695604309078599,False,False,False,False,False,False,False,,,15.862068965517242
frame_000139.jpg,32.01239411994648,31.921953935390384,139,True,3.0497713289823043,0.07794089963902677,0.03752359188322691,6.265478285990313,True,False,False,True,True,0.4867579440505972,0.12,0.18,False,False,True,True,True,32.01239411994648,31.921953935390384,32.01239411994648,31.921953935390384,False,False,True,True,0.8050911390090189,0.8712597736723553,0.8050911390090189,False,both,min,none,none,0,moving_average,4,2.0,peak,14,-1,-1,14,False,0.7398421926347782,False,False,False,False,False,False,False,,,15.977011494252874
frame_000140.jpg,31.821839275285022,31.939006171753086,140,True,0.6193373245492941,0.011688739342904528,0.006081626099162761,1.2723722994542759,True,False,False,True,True,0.4867579440505972,0.12,0.18,False,False,True,True,True,31.821839275285022,31.939006171753086,31.821839275285022,31.939006171753086,False,False,True,True,0.7735745447819271,0.8733859080856546,0.7735745447819271,False,both,min,none,none,0,moving_average,4,2.0,peak,14,-1,-1,14,False,0.7840800761909575,True,False,False,False,False,False,False,7,,16.091954022988507
frame_000141.jpg,31.821839275285022,31.939006171753086,141,True,0.0,0.0,0.0,0.0,False,False,False,False,True,0.4867579440505972,0.12,0.18,False,False,True,True,True,31.821839275285022,31.939006171753086,31.821839275285022,31.939006171753086,False,False,True,True,0.7735745447819271,0.8733859080856546,0.7735745447819271,False,both,min,none,none,0,moving_average,4,2.0,peak,14,-1,-1,14,False,0.7693354996917092,False,False,False,False,False,False,False,,,16.20689655172414
frame_000142.jpg,31.744949249713827,31.68666611619955,142,True,0.5292327802508355,0.032931653717430794,0.0007892746966134331,1.0872606943952068,True,False,False,True,True,0.4867579440505972,0.12,0.18,False,False,True,True,True,31.744949249713827,31.68666611619955,31.744949249713827,31.68666611619955,False,False,True,True,0.7608574095112738,0.8419232386413263,0.7608574095112738,False,both,min,none,none,0,moving_average,4,2.0,peak,14,-1,-1,14,False,0.7650964546014914,False,False,False,False,False,False,False,,,16.32183908045977
frame_000143.jpg,31.744949249713827,31.68666611619955,143,True,0.0,0.0,0.0,0.0,False,False,False,False,True,0.4867579440505972,0.12,0.18,False,False,True,True,True,31.744949249713827,31.68666611619955,31.744949249713827,31.68666611619955,False,False,True,True,0.7608574095112738,0.8419232386413263,0.7608574095112738,False,both,min,none,none,0,moving_average,4,2.0,peak,14,-1,-1,14,False,0.7568847530461225,False,False,False,False,False,False,False,,,16.436781609195403
frame_000144.jpg,31.672891120892327,31.43096181907794,144,True,0.1866784222678817,0.011999838943317902,0.008484459073004515,0.38351386875049537,False,False,False,False,True,0.4867579440505972,0.12,0.18,False,False,True,True,True,31.672891120892327,31.43096181907794,31.672891120892327,31.43096181907794,False,False,True,True,0.7489394401158199,0.8100411034084413,0.7489394401158199,False,both,min,none,none,0,moving_average,4,2.0,peak,14,-1,-1,14,False,0.7168691709107299,False,False,False,False,False,False,False,,,16.551724137931036
frame_000145.jpg,31.019125610626624,30.919097909413342,145,True,1.5506162265201666,0.01174332127694946,0.029328811600707525,3.185600246431693,True,False,False,True,True,0.4867579440505972,0.12,0.18,False,False,True,True,True,31.019125610626624,30.919097909413342,31.019125610626624,30.919097909413342,False,False,True,True,0.6408106631050959,0.7462200625715769,0.6408106631050959,False,both,min,none,none,0,moving_average,4,2.0,peak,14,-1,-1,14,False,0.6728377664726253,False,False,False,False,False,False,False,,,16.666666666666668
frame_000146.jpg,30.94628451717908,30.925312360470137,146,True,0.08442598947596447,0.03482418711210223,0.04415983809571645,0.2902015592675186,False,False,False,False,True,0.4867579440505972,0.12,0.18,False,False,True,True,True,30.94628451717908,30.925312360470137,30.94628451717908,30.925312360470137,False,False,True,True,0.6287631961969599,0.7469949027726264,0.6287631961969599,False,both,min,none,none,0,moving_average,4,2.0,peak,14,-1,-1,14,False,0.6896975753039202,False,False,False,False,False,False,False,,,16.7816091954023
frame_000147.jpg,31.978703185773462,31.96143636803102,147,True,0.9716979803265364,0.06410310923508254,0.036999258509455124,1.99626527353713,True,False,False,True,True,0.4867579440505972,0.12,0.18,False,False,True,True,True,31.978703185773462,31.96143636803102,31.978703185773462,31.96143636803102,False,False,True,True,0.7995188666097047,0.8761825859635127,0.7995188666097047,False,both,min,none,none,0,moving_average,4,2.0,peak,14,-1,-1,14,False,0.7528107445795209,False,False,False,False,False,False,False,,,16.896551724137932
frame_000148.jpg,32.163905412728425,32.23944456350471,148,True,1.0809292379367392,0.0819283495216923,0.020973306499524606,2.220670974451276,True,False,False,True,True,0.4867579440505972,0.12,0.18,False,False,True,True,True,32.163905412728425,32.23944456350471,32.163905412728425,32.23944456350471,False,False,True,True,0.830150170931898,0.9108456517927397,0.830150170931898,False,both,min,none,none,0,moving_average,4,2.0,peak,14,-1,-1,14,False,0.8199397361578336,False,False,False,False,False,False,False,,,17.011494252873565
frame_000149.jpg,32.163905412728425,32.23944456350471,149,True,0.0,0.0,0.0,0.0,False,False,False,False,True,0.4867579440505972,0.12,0.18,False,False,True,True,True,32.163905412728425,32.23944456350471,32.163905412728425,32.23944456350471,False,False,True,True,0.830150170931898,0.9108456517927397,0.830150170931898,False,both,min,none,none,0,moving_average,4,2.0,peak,14,-1,-1,14,False,0.8473600550077514,False,False,False,False,False,False,False,,,17.126436781609197
frame_000150.jpg,32.47606732620354,32.69072764979781,150,True,0.7529338065718898,0.02359823958984703,0.00627274469761244,1.5468341416398625,True,False,False,True,True,0.4867579440505972,0.12,0.18,False,False,True,True,True,32.47606732620354,32.69072764979781,32.47606732620354,32.69072764979781,False,False,True,True,0.8817798231594582,0.9671132567859694,0.8817798231594582,False,both,min,none,none,0,moving_average,4,2.0,peak,14,-1,-1,14,False,0.8695152166453763,False,False,False,False,False,False,False,,,17.24137931034483
frame_000151.jpg,32.565767367153505,32.47306781811298,151,True,0.08704049672702208,0.022904795549020886,0.014104387440217614,0.19087329624184074,False,False,False,False,True,0.4867579440505972,0.12,0.18,False,False,True,True,True,32.565767367153505,32.47306781811298,32.565767367153505,32.47306781811298,False,False,True,True,0.8966156558447731,0.9399746429000936,0.8966156558447731,False,both,min,none,none,0,moving_average,4,2.0,peak,14,-1,-1,14,False,0.8956892501726197,False,False,False,False,False,False,False,,,17.35632183908046
frame_000152.jpg,32.63866377560955,32.63291972265562,152,True,0.3174631103602513,0.015330863376461402,0.01235674709032357,0.652199135608256,False,False,False,False,False,0.4867579440505972,0.12,0.18,False,False,True,True,True,32.63866377560955,32.63291972265562,32.63866377560955,32.63291972265562,False,False,False,False,0.9086722715136281,0.9599055556584306,0.9086722715136281,False,both,min,none,none,0,moving_average,4,2.0,peak,14,-1,-1,14,False,0.9046533996240098,False,False,False,False,False,False,False,,,17.471264367816094
frame_000153.jpg,32.63866377560955,32.63291972265562,153,True,0.0,0.0,0.0,0.0,False,False,False,False,False,0.4867579440505972,0.12,0.18,False,False,True,True,True,32.63866377560955,32.63291972265562,32.63866377560955,32.63291972265562,False,False,False,False,0.9086722715136281,0.9599055556584306,0.9086722715136281,False,both,min,none,none,0,moving_average,4,2.0,peak,14,-1,-1,14,False,0.9094204966735275,True,False,False,False,False,False,False,8,,17.586206896551726
frame_000154.jpg,32.652235476417935,32.57990278855055,154,True,0.3869703743196033,0.013558235582034726,0.01052860870715235,0.7949954983772771,False,False,False,False,False,0.4867579440505972,0.12,0.18,False,False,True,True,True,32.652235476417935,32.57990278855055,32.652235476417935,32.57990278855055,False,False,False,False,0.9109169469933267,0.9532952128452747,0.9109169469933267,False,both,min,none,none,0,moving_average,4,2.0,peak,14,-1,-1,14,False,0.900020316545038,False,False,False,False,False,False,False,,,17.70114942528736
frame_000155.jpg,32.46815837284294,32.41950136621754,155,True,0.11231208281682271,0.03644961202451013,0.001457381918338751,0.30374676687091773,False,False,False,False,False,0.4867579440505972,0.12,0.18,False,False,True,True,True,32.46815837284294,32.41950136621754,32.46815837284294,32.41950136621754,False,False,False,False,0.8804717311281598,0.9332957842242688,0.8804717311281598,False,both,min,none,none,0,moving_average,4,2.0,peak,14,-1,-1,14,False,0.8913224007247488,False,False,False,False,False,False,False,,,17.81609195402299
frame_000156.jpg,32.4808964115913,32.14803426336361,156,True,0.006367114346411028,0.023138131477762176,0.0042448473724059155,0.1928177623146848,False,False,False,False,False,0.4867579440505972,0.12,0.18,False,False,True,True,True,32.4808964115913,32.14803426336361,32.4808964115913,32.14803426336361,False,False,False,False,0.8825785240527599,0.8994482854458179,0.8825785240527599,False,both,min,none,none,0,moving_average,4,2.0,peak,14,-1,-1,14,False,0.8625804332205456,False,False,False,False,False,False,False,,,17.931034482758623
frame_000157.jpg,32.13089857876037,31.901106549265727,157,True,0.07188949634848937,0.028643128942348467,0.007722401123680308,0.23869274118623723,False,False,False,False,False,0.4867579440505972,0.12,0.18,False,False,True,True,True,32.13089857876037,31.901106549265727,32.13089857876037,31.901106549265727,False,False,False,False,0.8246910444807168,0.8686604462806753,0.8246910444807168,False,both,min,none,none,0,moving_average,4,2.0,peak,14,-1,-1,14,False,0.8298155166589162,False,False,False,False,False,False,False,,,18.045977011494255
frame_000158.jpg,31.87385111291891,31.94471535253975,158,True,0.1449597389265515,0.050939482965062025,0.004387207354590577,0.4244956913755169,False,False,False,False,True,0.4867579440505972,0.12,0.18,False,False,True,True,True,31.87385111291891,31.94471535253975,31.87385111291891,31.94471535253975,False,False,True,True,0.7821769814432722,0.8740977493646568,0.7821769814432722,False,both,min,none,none,0,moving_average,4,2.0,peak,14,-1,-1,14,False,0.7961886064399807,False,False,False,False,False,False,False,,,18.160919540229887
frame_000159.jpg,31.87095385811839,31.972530669218003,159,True,0.09673099826189659,0.13385304495941944,0.026487319094717937,1.1154420413284953,False,True,False,True,True,0.4867579440505972,0.12,0.18,False,False,True,True,True,31.87095385811839,31.972530669218003,31.87095385811839,31.972530669218003,False,False,True,True,0.7816977933959534,0.8775658635022141,0.7816977933959534,False,both,min,none,none,0,moving_average,4,2.0,peak,14,-1,-1,14,False,0.7882797398890451,False,False,False,False,False,False,False,,,18.27586206896552
frame_000160.jpg,31.987443404682626,31.96522748613487,160,True,0.05952807307661185,0.06824033749343093,0.03501599842034674,0.5686694791119244,False,False,False,False,True,0.4867579440505972,0.12,0.18,False,False,True,True,True,31.987443404682626,31.96522748613487,31.987443404682626,31.96522748613487,False,False,True,True,0.80096444482791,0.8766552762602008,0.80096444482791,False,both,min,none,none,0,moving_average,4,2.0,peak,14,-1,-1,14,False,0.8051865040536141,False,False,False,False,False,False,False,,,18.390804597701152
frame_000161.jpg,32.180514878289024,32.105048117243754,161,True,0.1383237461337784,0.028468518312223478,0.014939026266748482,0.2841735770816717,False,False,False,False,False,0.4867579440505972,0.12,0.18,False,False,True,True,True,32.180514878289024,32.105048117243754,32.180514878289024,32.105048117243754,False,False,False,False,0.8328972739369791,0.8940886175045236,0.8328972739369791,False,both,min,none,none,0,moving_average,4,2.0,peak,14,-1,-1,14,False,0.8325041749723363,False,False,False,False,False,False,False,,,18.505747126436784
frame_000162.jpg,32.366456116476805,32.328674594584214,162,True,0.045518848016572626,0.02828895103226426,0.016864143362273584,0.23574125860220219,False,False,False,False,False,0.4867579440505972,0.12,0.18,False,False,True,True,True,32.366456116476805,32.328674594584214,32.366456116476805,32.328674594584214,False,False,False,False,0.8636508061521202,0.9219711743190907,0.8636508061521202,False,both,min,none,none,0,moving_average,4,2.0,peak,14,-1,-1,14,False,0.8533996287470731,False,False,False,False,False,False,False,,,18.620689655172416
frame_000163.jpg,32.366456116476805,32.328674594584214,163,True,0.0,0.0,0.0,0.0,False,False,False,False,False,0.4867579440505972,0.12,0.18,False,False,True,True,True,32.366456116476805,32.328674594584214,32.366456116476805,32.328674594584214,False,False,False,False,0.8636508061521202,0.9219711743190907,0.8636508061521202,False,both,min,none,none,0,moving_average,4,2.0,peak,14,-1,-1,14,False,0.8607326677969735,False,False,False,False,False,False,False,,,18.73563218390805
frame_000164.jpg,32.313525390812835,32.515644819293804,164,True,0.028109680765611652,0.01855131990136135,0.0166645362270108,0.15459433251134458,False,False,False,False,False,0.4867579440505972,0.12,0.18,False,False,True,True,True,32.313525390812835,32.515644819293804,32.313525390812835,32.515644819293804,False,False,False,False,0.8548963910866801,0.9452832971727754,0.8548963910866801,False,both,min,none,none,0,moving_average,4,2.0,peak,14,-1,-1,14,False,0.869134130299743,False,False,False,False,False,False,False,,,18.85057471264368
frame_000165.jpg,32.51884625456807,32.56489408903121,165,True,0.1442230953809774,0.0737252380359917,0.00101990749546608,0.6143769836332641,False,False,False,False,False,0.4867579440505972,0.12,0.18,False,False,True,True,True,32.51884625456807,32.56489408903121,32.51884625456807,32.56489408903121,False,False,False,False,0.8888551936604284,0.9514238739857733,0.8888551936604284,False,both,min,none,none,0,moving_average,4,2.0,peak,14,-1,-1,14,False,0.8853601760532918,False,False,False,False,False,False,False,,,18.965517241379313
frame_000166.jpg,32.660772653894355,32.47998887755303,166,True,0.09045220491122391,0.009242639869045253,0.0011372119753170098,0.1858258422215327,False,False,False,False,False,0.4867579440505972,0.12,0.18,False,False,True,True,True,32.660772653894355,32.47998887755303,32.660772653894355,32.47998887755303,False,False,False,False,0.912328943412767,0.9408375855862607,0.912328943412767,False,both,min,none,none,0,moving_average,4,2.0,peak,14,-1,-1,14,False,0.8965603370754599,True,False,False,False,False,False,False,9,,19.080459770114945
frame_000167.jpg,32.516679792114985,32.394074752268665,167,True,0.010934944554364138,0.01746360169665307,0.0035279727301865014,0.1455300141387756,False,False,False,False,False,0.4867579440505972,0.12,0.18,False,False,True,True,True,32.516679792114985,32.394074752268665,32.516679792114985,32.394074752268665,False,False,False,False,0.8884968741531845,0.930125502169733,0.8884968741531845,False,both,min,none,none,0,moving_average,4,2.0,peak,14,-1,-1,14,False,0.8844432363257555,False,False,False,False,False,False,False,,,19.195402298850578
frame_000168.jpg,32.29905991904559,32.09673880020641,168,True,0.03776352268143393,0.03239023297950504,0.004568662999722727,0.269918608162542,False,False,False,False,False,0.4867579440505972,0.12,0.18,False,False,True,True,True,32.29905991904559,32.09673880020641,32.29905991904559,32.09673880020641,False,False,False,False,0.8525038914113153,0.8930525818474789,0.8525038914113153,False,both,min,none,none,0,moving_average,4,2.0,peak,14,-1,-1,14,False,0.8585902992391786,False,False,False,False,False,False,False,,,19.31034482758621
frame_000169.jpg,32.1918385068468,32.06781863942795,169,True,0.021556457358412107,0.042609685948116975,0.00199492040240766,0.35508071623430815,False,False,False,False,False,0.4867579440505972,0.12,0.18,False,False,True,True,True,32.1918385068468,32.06781863942795,32.1918385068468,32.06781863942795,False,False,False,False,0.8347701321530364,0.8894467117573991,0.8347701321530364,False,both,min,none,none,0,moving_average,4,2.0,peak,14,-1,-1,14,False,0.8347118569897638,False,False,False,False,False,False,False,,,19.425287356321842
frame_000170.jpg,32.083560069139004,31.962993153100278,170,True,0.03251437786390443,0.008570652220906033,0.007596547931233242,0.07142210184088361,False,False,False,False,False,0.4867579440505972,0.12,0.18,False,False,True,True,True,32.083560069139004,31.962993153100278,32.083560069139004,31.962993153100278,False,False,False,False,0.8168615474049401,0.8763766915482265,0.8168615474049401,False,both,min,none,none,0,moving_average,4,2.0,peak,14,-1,-1,14,False,0.8190233221041272,False,False,False,False,False,False,False,,,19.540229885057474
frame_000171.jpg,32.014493035972116,31.892668658813022,171,True,0.007539117797416957,0.004884845869029885,0.004988838769178245,0.04070704890858238,False,False,False,False,False,0.4867579440505972,0.12,0.18,False,False,True,True,True,32.014493035972116,31.892668658813022,32.014493035972116,31.892668658813022,False,False,False,False,0.8054382867544057,0.8676083796258648,0.8054382867544057,False,both,min,none,none,0,moving_average,4,2.0,peak,14,-1,-1,14,False,0.8060683863896971,False,False,False,False,False,False,False,,,19.655172413793107
frame_000172.jpg,31.95685508082607,31.834598386108876,172,True,0.0010618824588772733,0.018100368467097235,0.0006245739343698795,0.15083640389247696,False,False,False,False,False,0.4867579440505972,0.12,0.18,False,False,True,True,True,31.95685508082607,31.834598386108876,31.95685508082607,31.834598386108876,False,False,False,False,0.795905325009746,0.8603679683062083,0.795905325009746,False,both,min,none,none,0,moving_average,4,2.0,peak,14,-1,-1,14,False,0.7973499519319494,False,False,False,False,False,False,False,,,19.77011494252874
frame_000173.jpg,31.925420527301156,31.761716129800437,173,True,0.01541588458022533,0.000989830437996728,0.0003654810479606711,0.03167053515745578,False,False,False,False,False,0.4867579440505972,0.12,0.18,False,False,True,True,True,31.925420527301156,31.761716129800437,31.925420527301156,31.761716129800437,False,False,False,False,0.7907062440316968,0.851280745377771,0.7907062440316968,False,both,min,none,none,0,moving_average,4,2.0,peak,14,-1,-1,14,False,0.7897559947934218,False,False,False,False,False,False,False,,,19.885057471264368
frame_000174.jpg,31.876749854160867,31.719430686061553,174,True,0.009864206881779646,0.002682237159198776,0.00338753304845263,0.02235197632665647,False,False,False,False,False,0.4867579440505972,0.12,0.18,False,False,True,True,True,31.876749854160867,31.719430686061553,31.876749854160867,31.719430686061553,False,False,False,False,0.7826564153388228,0.8460084435399006,0.7826564153388228,False,both,min,none,none,0,moving_average,4,2.0,peak,14,-1,-1,14,False,0.7817366892603297,False,False,False,False,False,False,False,,,20.0
frame_000175.jpg,31.81139670650361,31.710643341459292,175,True,0.0013200867037854885,0.008314156166176359,0.0054452508870263296,0.06928463471813633,False,False,False,False,False,0.4867579440505972,0.12,0.18,False,False,True,True,True,31.81139670650361,31.710643341459292,31.81139670650361,31.710643341459292,False,False,False,False,0.7718474084104697,0.8449128056796811,0.7718474084104697,False,both,min,none,none,0,moving_average,4,2.0,peak,14,-1,-1,14,False,0.7898539131314855,False,False,False,False,False,False,False,,,20.114942528735632
frame_000176.jpg,32.072654995851764,31.840962121596785,176,True,0.022114923288975047,0.04887291172418583,0.00937729793865163,0.40727426436821523,False,False,False,False,False,0.4867579440505972,0.12,0.18,False,False,True,True,True,32.072654995851764,31.840962121596785,32.072654995851764,31.840962121596785,False,False,False,False,0.8150579156451637,0.8611614218292649,0.8150579156451637,False,both,min,none,none,0,moving_average,4,2.0,peak,14,-1,-1,14,False,0.8115203325537895,False,False,False,False,False,False,False,,,20.229885057471265
frame_000177.jpg,32.26974674566872,32.34891412730576,177,True,0.010776570920287757,0.002327346229994311,0.0003688546702184693,0.02213948647783663,False,False,False,False,False,0.4867579440505972,0.12,0.18,False,False,True,True,True,32.26974674566872,32.34891412730576,32.26974674566872,32.34891412730576,False,False,False,False,0.8476556736057352,0.9244947123532281,0.8476556736057352,False,both,min,none,none,0,moving_average,4,2.0,peak,14,-1,-1,14,False,0.8358146762218195,False,False,False,False,False,False,False,,,20.344827586206897
frame_000178.jpg,32.25206026778087,32.343450424198046,178,True,0.0056232109716731595,0.0014491422574742653,0.0012179641470696652,0.012076185478952211,False,False,False,False,False,0.4867579440505972,0.12,0.18,False,False,True,True,True,32.25206026778087,32.343450424198046,32.25206026778087,32.343450424198046,False,False,False,False,0.8447304394145599,0.9238134781177719,0.8447304394145599,False,both,min,none,none,0,moving_average,4,2.0,peak,14,-1,-1,14,False,0.8507641265603627,False,False,False,False,False,False,False,,,20.45977011494253
frame_000179.jpg,32.34381597535124,32.38594592188461,179,True,0.0090452612324905,0.005053931443119293,0.0025331077347702383,0.04211609535932744,False,False,False,False,False,0.4867579440505972,0.12,0.18,False,False,True,True,True,32.34381597535124,32.38594592188461,32.34381597535124,32.38594592188461,False,False,False,False,0.8599062666607933,0.9291119702404425,0.8599062666607933,False,both,min,none,none,0,moving_average,4,2.0,peak,14,-1,-1,14,False,0.8555646591633075,False,False,False,False,False,False,False,,,20.57471264367816
frame_000180.jpg,32.356821326556656,32.388975130407296,180,True,0.004773667545083256,0.004011348566744812,0.0018152145290010373,0.033427904722873436,False,False,False,False,False,0.4867579440505972,0.12,0.18,False,False,True,True,True,32.356821326556656,32.388975130407296,32.356821326556656,32.388975130407296,False,False,False,False,0.8620572714145694,0.9294896628989389,0.8620572714145694,False,both,min,none,none,0,moving_average,4,2.0,peak,14,-1,-1,14,False,0.8642043946967682,False,False,False,False,False,False,False,,,20.689655172413794
frame_000181.jpg,32.408772327208865,32.34595740702714,181,True,0.0037674032002601495,0.007525357440136893,0.0021377630679266487,0.06271131200114077,False,False,False,False,False,0.4867579440505972,0.12,0.18,False,False,True,True,True,32.408772327208865,32.34595740702714,32.408772327208865,32.34595740702714,False,False,False,False,0.8706496460149422,0.9241260577907908,0.8706496460149422,False,both,min,none,none,0,moving_average,4,2.0,peak,14,-1,-1,14,False,0.8672188148051152,False,False,False,False,False,False,False,,,20.804597701149426
frame_000182.jpg,32.39849311000781,32.439712898388606,182,True,0.006497560753428299,0.0037278070036841564,0.000984052010382695,0.03106505836403464,False,False,False,False,False,0.4867579440505972,0.12,0.18,False,False,True,True,True,32.39849311000781,32.439712898388606,32.39849311000781,32.439712898388606,False,False,False,False,0.8689495269858339,0.9358158310486495,0.8689495269858339,False,both,min,none,none,0,moving_average,4,2.0,peak,14,-1,-1,14,False,0.8725361157270841,False,False,False,False,False,False,False,,,20.919540229885058
frame_000183.jpg,32.45326932254599,32.44246617978177,183,True,0.01753689460666661,0.02989127754130485,0.001486377995757268,0.24909397951087375,False,False,False,False,False,0.4867579440505972,0.12,0.18,False,False,True,True,True,32.45326932254599,32.44246617978177,32.45326932254599,32.44246617978177,False,False,False,False,0.8780091741804766,0.9361591201161352,0.8780091741804766,False,both,min,none,none,0,moving_average,4,2.0,peak,14,-1,-1,14,False,0.8768318340684208,False,False,False,False,False,False,False,,,21.03448275862069
frame_000184.jpg,32.486690321965334,32.511065897143624,184,True,0.021869010593884134,0.02027546488138997,0.003906470814752802,0.16896220734491643,False,False,False,False,False,0.4867579440505972,0.12,0.18,False,False,True,True,True,32.486690321965334,32.511065897143624,32.486690321965334,32.511065897143624,False,False,False,False,0.8835368010389519,0.9447123806224622,0.8835368010389519,False,both,min,none,none,0,moving_average,4,2.0,peak,14,-1,-1,14,False,0.880583062566654,False,False,False,False,False,False,False,,,21.149425287356323
frame_000185.jpg,32.466534862103856,32.56741887378943,185,True,0.0066091722303854815,0.001354644392001291,0.005219377335630342,0.0289965407535019,False,False,False,False,False,0.4867579440505972,0.12,0.18,False,False,True,True,True,32.466534862103856,32.56741887378943,32.466534862103856,32.56741887378943,False,False,False,False,0.8802032124805336,0.9517386732676058,0.8802032124805336,False,both,min,none,none,0,moving_average,4,2.0,peak,14,-1,-1,14,False,0.887020309957794,False,False,False,False,False,False,False,,,21.264367816091955
frame_000186.jpg,32.5700314956248,32.53848871284848,186,True,0.009903549615551564,0.02380386315162033,0.005627305149477716,0.19836552626350276,False,False,False,False,False,0.4867579440505972,0.12,0.18,False,False,True,True,True,32.5700314956248,32.53848871284848,32.5700314956248,32.53848871284848,False,False,False,False,0.8973209163538965,0.9481315563211522,0.8973209163538965,False,both,min,none,none,0,moving_average,4,2.0,peak,14,-1,-1,14,False,0.8918516824778477,True,False,False,False,False,False,False,10,,21.379310344827587
frame_000187.jpg,32.574324293462396,32.435986890650824,187,True,0.00859143374376089,0.004513727806039172,0.001186759700196224,0.03761439838365977,False,False,False,False,False,0.4867579440505972,0.12,0.18,False,False,True,True,True,32.574324293462396,32.435986890650824,32.574324293462396,32.435986890650824,False,False,False,False,0.8980309185991133,0.9353512589475469,0.8980309185991133,False,both,min,none,none,0,moving_average,4,2.0,peak,14,-1,-1,14,False,0.8905911919356544,False,False,False,False,False,False,False,,,21.49425287356322
frame_000188.jpg,32.44367142282477,32.28107503522626,188,True,0.018977002937532027,0.024373031558865513,0.01350706583036078,0.2031085963238793,False,False,False,False,False,0.4867579440505972,0.12,0.18,False,False,True,True,True,32.44367142282477,32.28107503522626,32.44367142282477,32.28107503522626,False,False,False,False,0.8764217408539534,0.9160362893540784,0.8764217408539534,False,both,min,none,none,0,moving_average,4,2.0,peak,14,-1,-1,14,False,0.8782384403713055,False,False,False,False,False,False,False,,,21.60919540229885
frame_000189.jpg,32.345970801897046,32.187032160459715,189,True,0.013063070619792574,0.0024908763198876753,0.0035037040271892125,0.026836892503668525,False,False,False,False,False,0.4867579440505972,0.12,0.18,False,False,True,True,True,32.345970801897046,32.187032160459715,32.345970801897046,32.187032160459715,False,False,False,False,0.8602626616608499,0.9043106840953985,0.8602626616608499,False,both,min,none,none,0,moving_average,4,2.0,peak,14,-1,-1,14,False,0.8517267570049859,False,False,False,False,False,False,False,,,21.724137931034484
frame_000190.jpg,32.093441460515926,32.089866274474424,190,True,0.007741574030764021,0.0030207999432628457,0.004156170860440055,0.025173332860523714,False,False,False,False,False,0.4867579440505972,0.12,0.18,False,False,True,True,True,32.093441460515926,32.089866274474424,32.093441460515926,32.089866274474424,False,False,False,False,0.8184958685001545,0.8921956905193116,0.8184958685001545,False,both,min,none,none,0,moving_average,4,2.0,peak,14,-1,-1,14,False,0.8278401561277721,False,False,False,False,False,False,False,,,21.839080459770116
frame_000191.jpg,32.01040371437406,32.01801802506287,191,True,0.01076063154085358,0.004342907828519501,0.0018747672892633124,0.03619089857099585,False,False,False,False,False,0.4867579440505972,0.12,0.18,False,False,True,True,True,32.01040371437406,32.01801802506287,32.01040371437406,32.01801802506287,False,False,False,False,0.804761938222312,0.8832373913050604,0.804761938222312,False,both,min,none,none,0,moving_average,4,2.0,peak,14,-1,-1,14,False,0.8078144065765256,False,False,False,False,False,False,False,,,21.95402298850575
frame_000192.jpg,31.98273324194965,31.95783785538816,192,True,0.015444920879256228,0.010058210245626916,0.0017597451446908201,0.08381841871355764,False,False,False,False,False,0.4867579440505972,0.12,0.18,False,False,True,True,True,31.98273324194965,31.95783785538816,31.98273324194965,31.95783785538816,False,False,False,False,0.8001854130071104,0.8757339104112895,0.8001854130071104,False,both,min,none,none,0,moving_average,4,2.0,peak,14,-1,-1,14,False,0.8002704254056693,False,False,False,False,False,False,False,,,22.06896551724138
frame_000193.jpg,31.956604769046347,31.948769305014153,193,True,0.004961359569582154,0.003371537550423092,0.0013923157571271024,0.02809614625352577,False,False,False,False,False,0.4867579440505972,0.12,0.18,False,False,True,True,True,31.956604769046347,31.948769305014153,31.956604769046347,31.948769305014153,False,False,False,False,0.7958639249875854,0.8746032107998831,0.7958639249875854,False,both,min,none,none,0,moving_average,4,2.0,peak,14,-1,-1,14,False,0.7954058172077506,False,False,False,False,False,False,False,,,22.183908045977013
frame_000194.jpg,31.922166896701377,31.913420242525348,194,True,0.007972286203125357,0.0021461563985898774,0.005706349745958843,0.03170194303310468,False,False,False,False,False,0.4867579440505972,0.12,0.18,False,False,True,True,True,31.922166896701377,31.913420242525348,31.922166896701377,31.913420242525348,False,False,False,False,0.790168113628556,0.8701957620267881,0.790168113628556,False,both,min,none,none,0,moving_average,4,2.0,peak,14,-1,-1,14,False,0.7941042349060572,False,False,False,False,False,False,False,,,22.298850574712645
frame_000195.jpg,31.959124458761387,31.922499058773607,195,True,0.002330117400489513,0.002817816789977639,0.004529043107806729,0.025161350598926272,False,False,False,False,False,0.4867579440505972,0.12,0.18,False,False,True,True,True,31.959124458761387,31.922499058773607,31.959124458761387,31.922499058773607,False,False,False,False,0.7962806661020303,0.8713277416244709,0.7962806661020303,False,both,min,none,none,0,moving_average,4,2.0,peak,14,-1,-1,14,False,0.8093452750293784,False,False,False,False,False,False,False,,,22.413793103448278
frame_000196.jpg,32.23305475716232,32.2460522632556,196,True,0.0071658772791318446,0.006307217740551358,0.004804930821995951,0.05256014783792798,False,False,False,False,False,0.4867579440505972,0.12,0.18,False,False,True,True,True,32.23305475716232,32.2460522632556,32.23305475716232,32.2460522632556,False,False,False,False,0.841587045357549,0.9116695236611734,0.841587045357549,False,both,min,none,none,0,moving_average,4,2.0,peak,14,-1,-1,14,False,0.8299755718152495,False,False,False,False,False,False,False,,,22.52873563218391
frame_000197.jpg,32.296370051809944,32.167782401338506,197,True,0.006967976738471098,0.04687531804019358,0.008991034270459046,0.3906276503349465,False,False,False,False,False,0.4867579440505972,0.12,0.18,False,False,True,True,True,32.296370051809944,32.167782401338506,32.296370051809944,32.167782401338506,False,False,False,False,0.8520590039861691,0.9019105546082864,0.8520590039861691,False,both,min,none,none,0,moving_average,4,2.0,peak,14,-1,-1,14,False,0.8460004623481818,False,False,False,False,False,False,False,,,22.643678160919542
frame_000198.jpg,32.24979233717017,32.193536204478235,198,True,0.015293616723120922,0.01578701457750371,0.004535241971763618,0.13155845481253092,False,False,False,False,False,0.4867579440505972,0.12,0.18,False,False,True,True,True,32.24979233717017,32.193536204478235,32.24979233717017,32.193536204478235,False,False,False,False,0.8443553377008272,0.9051216317927713,0.8443553377008272,False,both,min,none,none,0,moving_average,4,2.0,peak,14,-1,-1,14,False,0.8521240563148627,False,False,False,False,False,False,False,,,22.758620689655174
frame_000199.jpg,32.344127719743504,32.347999803351506,199,True,0.009073866801117299,0.034772682352639556,0.0011554661359130646,0.289772352938663,False,False,False,False,False,0.4867579440505972,0.12,0.18,False,False,True,True,True,32.344127719743504,32.347999803351506,32.344127719743504,32.347999803351506,False,False,False,False,0.8599578272575915,0.9243807111405603,0.8599578272575915,False,both,min,none,none,0,moving_average,4,2.0,peak,14,-1,-1,14,False,0.8598561254754251,False,False,False,False,False,False,False,,,22.873563218390807
frame_000200.jpg,32.43661838199304,32.379954515311105,200,True,0.00830892358014553,0.009991966674118077,0.0014273080020437842,0.08326638895098398,False,False,False,False,False,0.4867579440505972,0.12,0.18,False,False,True,True,True,32.43661838199304,32.379954515311105,32.43661838199304,32.379954515311105,False,False,False,False,0.8752552114678567,0.9283649400310874,0.8752552114678567,False,both,min,none,none,0,moving_average,4,2.0,peak,14,-1,-1,14,False,0.8696098960088507,False,False,False,False,False,False,False,,,22.98850574712644
frame_000201.jpg,32.42671134835534,32.38158966007788,201,True,0.0008579648500241136,0.004583326304084211,0.00041785795376980163,0.03819438586736843,False,False,False,False,False,0.4867579440505972,0.12,0.18,False,False,True,True,True,32.42671134835534,32.38158966007788,32.42671134835534,32.38158966007788,False,False,False,False,0.8736166493011044,0.9285688157858809,0.8736166493011044,False,both,min,none,none,0,moving_average,4,2.0,peak,14,-1,-1,14,False,0.8755293365925222,False,False,False,False,False,False,False,,,23.10344827586207
frame_000202.jpg,32.451497641072244,32.402071434890196,202,True,0.0016318151651091252,6.713536751818781e-05,0.0016723595557245306,0.009290886420691837,False,False,False,False,False,0.4867579440505972,0.12,0.18,False,False,True,True,True,32.451497641072244,32.402071434890196,32.451497641072244,32.402071434890196,False,False,False,False,0.8777161490086056,0.9311225574387451,0.8777161490086056,False,both,min,none,none,0,moving_average,4,2.0,peak,14,-1,-1,14,False,0.8745239442150623,False,False,False,False,False,False,False,,,23.218390804597703
frame_000203.jpg,32.41838204716604,32.4059315961162,203,True,0.004078122875023695,0.00466771139614982,0.0007848399452045977,0.03889759496791517,False,False,False,False,False,0.4867579440505972,0.12,0.18,False,False,True,True,True,32.41838204716604,32.4059315961162,32.41838204716604,32.4059315961162,False,False,False,False,0.8722390343354773,0.9316038562812498,0.8722390343354773,False,both,min,none,none,0,moving_average,4,2.0,peak,14,-1,-1,14,False,0.8734830845397422,False,False,False,False,False,False,False,,,23.333333333333336
frame_000204.jpg,32.407831689057524,32.38303721836324,204,True,0.0049410932778637855,0.0015044913759445179,0.004466734382507942,0.02481519101393301,False,False,False,False,False,0.4867579440505972,0.12,0.18,False,False,True,True,True,32.407831689057524,32.38303721836324,32.407831689057524,32.38303721836324,False,False,False,False,0.8704940702751439,0.9287493025807098,0.8704940702751439,False,both,min,none,none,0,moving_average,4,2.0,peak,14,-1,-1,14,False,0.8729344467148822,False,False,False,False,False,False,False,,,23.448275862068968
frame_000205.jpg,32.4415461601408,32.45953098799515,205,True,0.0002641967931838768,0.014265414357107513,0.005457703372554475,0.11887845297589594,False,False,False,False,False,0.4867579440505972,0.12,0.18,False,False,True,True,True,32.4415461601408,32.45953098799515,32.4415461601408,32.45953098799515,False,False,False,False,0.8760702355340252,0.9382868220331804,0.8760702355340252,False,both,min,none,none,0,moving_average,4,2.0,peak,14,-1,-1,14,False,0.8754748569241553,False,False,False,False,False,False,False,,,23.5632183908046
frame_000206.jpg,32.46446134139273,32.46334391266031,206,True,0.004523976865114765,0.0005125162372681455,0.00045454067393486995,0.009294099706864794,False,False,False,False,False,0.4867579440505972,0.12,0.18,False,False,True,True,True,32.46446134139273,32.46334391266031,32.46446134139273,32.46334391266031,False,False,False,False,0.8798602649632966,0.9387622312506855,0.8798602649632966,False,both,min,none,none,0,moving_average,4,2.0,peak,14,-1,-1,14,False,0.8809043656246476,True,False,False,False,False,False,False,11,,23.678160919540232
frame_000207.jpg,32.50631496864879,32.49951213039828,207,True,0.004272894366152799,0.011661633458062783,0.0033269887603360982,0.09718027881718987,False,False,False,False,False,0.4867579440505972,0.12,0.18,False,False,True,True,True,32.50631496864879,32.49951213039828,32.50631496864879,32.49951213039828,False,False,False,False,0.8867825963766213,0.9432718152585995,0.8867825963766213,False,both,min,none,none,0,moving_average,4,2.0,peak,14,-1,-1,14,False,0.8748838847995467,False,False,False,False,False,False,False,,,23.793103448275865
frame_000208.jpg,32.332343517861496,32.27343609691355,208,True,0.013320071907958305,0.03183735274520858,0.006245539887890428,0.26531127287673817,False,False,False,False,False,0.4867579440505972,0.12,0.18,False,False,True,True,True,32.332343517861496,32.27343609691355,32.332343517861496,32.27343609691355,False,False,False,False,0.8580087930587222,0.9150838389374722,0.8580087930587222,False,both,min,none,none,0,moving_average,4,2.0,peak,14,-1,-1,14,False,0.8545044296458737,False,False,False,False,False,False,False,,,23.908045977011497
frame_000209.jpg,32.09480808351421,31.894461683525027,209,True,0.23652033541063217,0.0563709451778089,0.013571357483179766,0.4859095538172593,False,False,False,False,False,0.4867579440505972,0.12,0.18,False,False,True,True,True,32.09480808351421,31.894461683525027,32.09480808351421,31.894461683525027,False,False,False,False,0.8187218995022779,0.867831940422408,0.8187218995022779,False,both,min,none,none,0,moving_average,4,2.0,peak,14,-1,-1,14,False,0.8318175306877593,False,False,False,False,False,False,False,,,24.02298850574713
frame_000210.jpg,32.09480808351421,31.894461683525027,210,True,0.0,0.0,0.0,0.0,False,False,False,False,False,0.4867579440505972,0.12,0.18,False,False,True,True,True,32.09480808351421,31.894461683525027,32.09480808351421,31.894461683525027,False,False,False,False,0.8187218995022779,0.867831940422408,0.8187218995022779,False,both,min,none,none,0,moving_average,4,2.0,peak,14,-1,-1,14,False,0.8053307363971568,False,False,False,False,False,False,False,,,24.13793103448276
frame_000211.jpg,31.851912136038475,31.578516925271686,211,True,0.4658345089289979,0.026584743467659867,0.02591724591441364,0.9570147023231236,False,False,False,False,True,0.4867579440505972,0.12,0.18,False,False,True,True,True,31.851912136038475,31.578516925271686,31.851912136038475,31.578516925271686,False,False,True,True,0.7785484101869148,0.8284388069391503,0.7785484101869148,False,both,min,none,none,0,moving_average,4,2.0,peak,14,-1,-1,14,False,0.7830605498711267,False,False,False,False,False,False,False,,,24.252873563218394
frame_000212.jpg,31.690859747269034,31.029654681432344,212,True,0.6780367759313968,0.11701302755106444,0.01957956554255578,1.3929649925978747,True,False,False,True,True,0.4867579440505972,0.12,0.18,False,False,True,True,True,31.690859747269034,31.029654681432344,31.690859747269034,31.029654681432344,False,False,True,True,0.7519113399241875,0.760004680179097,0.7519113399241875,False,both,min,none,none,0,moving_average,4,2.0,peak,14,-1,-1,14,False,0.7866875841582108,False,False,False,False,False,False,False,,,24.367816091954026
frame_000213.jpg,32.6207628779181,31.5878541221228,213,True,0.8741476456632372,0.0,0.0,1.795856968227255,True,False,False,True,True,0.4867579440505972,0.12,0.18,False,False,True,True,True,32.6207628779181,31.5878541221228,32.6207628779181,31.5878541221228,False,False,True,True,0.9057115736114332,0.8296030023635302,0.8296030023635302,False,both,min,none,none,0,moving_average,4,2.0,peak,14,-1,-1,14,False,0.8246247886249214,False,False,False,False,False,False,False,,,24.48275862068966
frame_000214.jpg,32.540037069711964,32.469423887649484,214,True,0.724633494668706,0.0,0.0,1.4886937204118487,True,False,False,True,True,0.4867579440505972,0.12,0.18,False,False,True,True,True,32.540037069711964,32.469423887649484,32.540037069711964,32.469423887649484,False,False,True,True,0.8923600235870462,0.9395203044899683,0.8923600235870462,False,both,min,none,none,0,moving_average,4,2.0,peak,14,-1,-1,14,False,0.8383615955858128,True,False,False,False,False,False,False,12,,24.59770114942529
frame_000215.jpg,32.44154519203084,31.29526361141103,215,True,0.382041454670406,0.01121081599590284,0.06187592599476638,0.784869480488014,False,False,False,False,True,0.4867579440505972,0.12,0.18,False,False,True,True,True,32.44154519203084,31.29526361141103,32.44154519203084,31.29526361141103,False,False,True,True,0.876070075414617,0.793121760806862,0.793121760806862,False,both,min,none,none,0,moving_average,4,2.0,peak,14,-1,-1,14,False,0.8334453999193838,False,False,False,False,False,False,False,,,24.712643678160923
frame_000216.jpg,32.23597428505824,31.46956602615175,216,True,0.44735717951847803,0.05407449128728162,0.09184439065734772,0.9190547067311478,False,False,False,False,False,0.4867579440505972,0.12,0.18,False,False,True,True,True,32.23597428505824,31.46956602615175,32.23597428505824,31.46956602615175,False,False,False,False,0.8420699172372634,0.8148544153642436,0.8148544153642436,False,both,min,none,none,0,moving_average,4,2.0,peak,14,-1,-1,14,False,0.8054104645428741,False,False,False,False,False,False,False,,,24.827586206896555
frame_000217.jpg,,,217,False,,,,0.0,False,False,False,False,False,0.4867579440505972,0.12,0.18,True,True,False,False,False,,,32.236914369421875,31.416638477542474,True,True,False,False,0.8422254013839957,0.8082552174575167,0.8082552174575167,False,missing,min,none,none,0,moving_average,4,2.0,peak,14,-1,-1,14,False,0.8082552174575167,False,False,False,False,False,False,False,,,24.942528735632187
frame_000218.jpg,,,218,False,,,,0.0,False,False,False,False,False,0.4867579440505972,0.12,0.18,True,True,False,False,False,,,32.2378544537855,31.3637109289332,True,True,False,False,0.8423808855307269,0.8016560195507901,0.8016560195507901,False,missing,min,none,none,0,moving_average,4,2.0,peak,14,-1,-1,14,False,0.8016560195507899,False,False,False,False,False,False,False,,,25.05747126436782
frame_000219.jpg,,,219,False,,,,0.0,False,False,False,False,False,0.4867579440505972,0.12,0.18,True,True,False,False,False,,,32.238794538149136,31.310783380323926,True,True,False,False,0.8425363696774592,0.7950568216440631,0.7950568216440631,False,missing,min,none,none,0,moving_average,4,2.0,peak,14,-1,-1,14,False,0.7950568216440631,False,False,False,False,False,False,False,,,25.172413793103452
frame_000220.jpg,,,220,False,,,,0.0,False,False,False,False,False,0.4867579440505972,0.12,0.18,True,True,False,False,False,,,32.23973462251277,31.25785583171465,True,True,False,False,0.8426918538241915,0.7884576237373362,0.7884576237373362,False,missing,min,none,none,0,moving_average,4,2.0,peak,14,-1,-1,14,False,0.7884576237373361,False,False,False,False,False,False,False,,,25.287356321839084
frame_000221.jpg,,,221,False,,,,0.0,False,False,False,False,False,0.4867579440505972,0.12,0.18,True,True,False,False,False,,,32.240674706876405,31.204928283105374,True,True,False,False,0.8428473379709238,0.7818584258306092,0.7818584258306092,False,missing,min,none,none,0,moving_average,4,2.0,peak,14,-1,-1,14,False,0.7818584258306093,False,False,False,False,False,False,False,,,25.402298850574716
frame_000222.jpg,,,222,False,,,,0.0,False,False,False,False,False,0.4867579440505972,0.12,0.18,True,True,False,False,False,,,32.24161479124003,31.152000734496102,True,True,False,False,0.843002822117655,0.7752592279238827,0.7752592279238827,False,missing,min,none,none,0,moving_average,4,2.0,peak,14,-1,-1,14,False,0.7752592279238824,False,False,False,False,False,False,False,,,25.517241379310345
frame_000223.jpg,,,223,False,,,,0.0,False,False,False,False,False,0.4867579440505972,0.12,0.18,True,True,False,False,False,,,32.242554875603666,31.099073185886827,True,True,False,False,0.8431583062643873,0.7686600300171557,0.7686600300171557,False,missing,min,none,none,0,moving_average,4,2.0,peak,14,-1,-1,14,False,0.7686600300171557,False,False,False,False,False,False,False,,,25.632183908045977
frame_000224.jpg,,,224,False,,,,0.0,False,False,False,False,False,0.4867579440505972,0.12,0.18,True,True,False,False,False,,,32.2434949599673,31.04614563727755,True,True,False,False,0.8433137904111195,0.7620608321104286,0.7620608321104286,False,missing,min,none,none,0,moving_average,4,2.0,peak,14,-1,-1,14,False,0.7620608321104287,False,False,False,False,False,False,False,,,25.74712643678161
frame_000225.jpg,,,225,False,,,,0.0,False,False,False,False,False,0.4867579440505972,0.12,0.18,True,True,False,False,False,,,32.24443504433093,30.99321808866828,True,True,False,False,0.8434692745578507,0.7554616342037022,0.7554616342037022,False,missing,min,none,none,0,moving_average,4,2.0,peak,14,-1,-1,14,False,0.7554616342037019,False,False,False,False,False,False,False,,,25.862068965517242
frame_000226.jpg,,,226,False,,,,0.0,False,False,False,False,False,0.4867579440505972,0.12,0.18,True,True,False,False,False,,,32.24537512869456,30.940290540059003,True,True,False,False,0.843624758704583,0.7488624362969751,0.7488624362969751,False,missing,min,none,none,0,moving_average,4,2.0,peak,14,-1,-1,14,False,0.7488624362969751,False,False,False,False,False,False,False,,,25.977011494252874
frame_000227.jpg,,,227,False,,,,0.0,False,False,False,False,False,0.4867579440505972,0.12,0.18,True,True,False,False,False,,,32.246315213058196,30.887362991449727,True,True,False,False,0.8437802428513153,0.7422632383902481,0.7422632383902481,False,missing,min,none,none,0,moving_average,4,2.0,peak,14,-1,-1,14,False,0.7422632383902481,False,False,False,False,False,False,False,,,26.091954022988507
frame_000228.jpg,,,228,False,,,,0.0,False,False,False,False,False,0.4867579440505972,0.12,0.18,True,True,False,False,False,,,32.24725529742183,30.83443544284045,True,True,False,False,0.8439357269980476,0.7356640404835212,0.7356640404835212,False,missing,min,none,none,0,moving_average,4,2.0,peak,14,-1,-1,14,False,0.7356640404835213,False,False,False,False,False,False,False,,,26.20689655172414
frame_000229.jpg,,,229,False,,,,0.0,False,False,False,False,False,0.4867579440505972,0.12,0.18,True,True,False,False,False,,,32.24819538178546,30.78150789423118,True,True,False,False,0.8440912111447787,0.7290648425767946,0.7290648425767946,False,missing,min,none,none,0,moving_average,4,2.0,peak,14,-1,-1,14,False,0.7290648425767945,False,False,False,False,False,False,False,,,26.32183908045977
frame_000230.jpg,32.24913546614909,30.728580345621904,230,True,,,,0.0,False,False,False,False,True,0.4867579440505972,0.12,0.18,False,False,True,True,True,32.24913546614909,30.728580345621904,32.24913546614909,30.728580345621904,False,False,True,True,0.8442466952915111,0.7224656446700677,0.7224656446700677,False,both,min,none,none,0,moving_average,4,2.0,peak,14,-1,-1,14,False,0.7817908373121736,False,False,False,False,False,False,False,,,26.436781609195403
frame_000231.jpg,33.03133173929224,32.103070368829485,231,True,0.5279609064352656,0.04617809760734666,0.020443024210692492,1.0846477451231602,True,False,False,True,True,0.4867579440505972,0.12,0.18,False,False,True,True,True,33.03133173929224,32.103070368829485,33.03133173929224,32.103070368829485,False,False,True,True,0.973617127150085,0.8938420246896583,0.8938420246896583,False,both,min,none,none,0,moving_average,4,2.0,peak,14,-1,-1,14,False,0.8592876088529043,False,False,False,False,False,False,False,,,26.551724137931036
frame_000232.jpg,33.18708529769828,32.64615002230079,232,True,0.3074268138283562,0.0017636154885239549,0.030553725610721633,0.6315804756468443,False,False,False,False,True,0.4867579440505972,0.12,0.18,False,False,True,True,True,33.18708529769828,32.64615002230079,33.18708529769828,32.64615002230079,False,False,True,True,0.9993778036022104,0.9615551571989873,0.9615551571989873,False,both,min,none,none,0,moving_average,4,2.0,peak,14,-1,-1,14,False,0.9406516644538251,False,False,False,False,False,False,False,,,26.666666666666668
frame_000233.jpg,33.15532537370276,32.68627281161497,233,True,0.032584654274347695,0.02341961754523364,0.0015463622949461221,0.19516347954361368,False,False,False,False,False,0.4867579440505972,0.12,0.18,False,False,True,True,True,33.15532537370276,32.68627281161497,33.15532537370276,32.68627281161497,False,False,False,False,0.9941249083581746,0.9665578114728298,0.9665578114728298,False,both,min,none,none,0,moving_average,4,2.0,peak,14,-1,-1,14,False,0.9716485057219773,False,False,False,False,False,False,False,,,26.7816091954023
frame_000234.jpg,33.19084720601475,32.84888228997907,234,True,0.05656760646080678,0.008626292270319072,0.01702902066315676,0.11621301131744186,False,False,False,False,False,0.4867579440505972,0.12,0.18,False,False,True,True,True,33.19084720601475,32.84888228997907,33.19084720601475,32.84888228997907,False,False,False,False,1.0,0.9868325484941151,0.9868325484941151,False,both,min,none,none,0,moving_average,4,2.0,peak,14,-1,-1,14,False,0.9740525571708849,True,False,False,False,False,False,False,13,,26.896551724137932
frame_000235.jpg,33.0974659749677,32.7039936655979,235,True,0.002224043845604517,0.03161821280316133,0.043068318776799036,0.26348510669301106,False,False,False,False,False,0.4867579440505972,0.12,0.18,False,False,True,True,True,33.0974659749677,32.7039936655979,33.0974659749677,32.7039936655979,False,False,False,False,0.9845553212117749,0.9687673115457099,0.9687673115457099,False,both,min,none,none,0,moving_average,4,2.0,peak,14,-1,-1,14,False,0.9718110777858183,False,False,False,False,False,False,False,,,27.011494252873565
frame_000236.jpg,33.12272920095039,32.63234079860978,236,True,0.07057469184525227,0.04398678510643131,0.01438223441866702,0.36655654255359427,False,False,False,False,False,0.4867579440505972,0.12,0.18,False,False,True,True,True,33.12272920095039,32.63234079860978,33.12272920095039,32.63234079860978,False,False,False,False,0.9887337027353639,0.95983337331763,0.95983337331763,False,both,min,none,none,0,moving_average,4,2.0,peak,14,-1,-1,14,False,0.9598709319810711,False,False,False,False,False,False,False,,,27.126436781609197
frame_000237.jpg,33.188083380581105,32.561591626894824,237,True,0.04177004747877129,0.0,0.0,0.08581276995949635,False,False,False,False,False,0.4867579440505972,0.12,0.18,False,False,True,True,True,33.188083380581105,32.561591626894824,33.188083380581105,32.561591626894824,False,False,False,False,0.9995428803457529,0.9510121110798736,0.9510121110798736,False,both,min,none,none,0,moving_average,4,2.0,peak,14,-1,-1,14,False,0.9539525318257923,False,False,False,False,False,False,False,,,27.24137931034483
frame_000238.jpg,33.188083380581105,32.561591626894824,238,True,0.0,0.0,0.0,0.0,False,False,False,False,False,0.4867579440505972,0.12,0.18,False,False,True,True,True,33.188083380581105,32.561591626894824,33.188083380581105,32.561591626894824,False,False,False,False,0.9995428803457529,0.9510121110798736,0.9510121110798736,False,both,min,none,none,0,moving_average,4,2.0,peak,14,-1,-1,14,False,0.9447246129576056,False,False,False,False,False,False,False,,,27.35632183908046
frame_000239.jpg,33.06180713815228,32.410308758642984,239,True,0.011306471154532993,0.0,0.0,0.023228118395860663,False,False,False,False,False,0.4867579440505972,0.12,0.18,False,False,True,True,True,33.06180713815228,32.410308758642984,33.06180713815228,32.410308758642984,False,False,False,False,0.9786575698713765,0.9321496167130697,0.9321496167130697,False,both,min,none,none,0,moving_average,4,2.0,peak,14,-1,-1,14,False,0.9195044108879288,False,False,False,False,False,False,False,,,27.471264367816094
frame_000240.jpg,32.83146296471188,31.954770848137205,240,True,0.02550366327371949,0.05291430793599845,0.009795110582372545,0.44095256613332046,False,False,False,False,False,0.4867579440505972,0.12,0.18,False,False,True,True,True,32.83146296471188,31.954770848137205,32.83146296471188,31.954770848137205,False,False,False,False,0.9405600664476582,0.8753515048708432,0.8753515048708432,False,both,min,none,none,0,moving_average,4,2.0,peak,14,-1,-1,14,False,0.8884896704983143,False,False,False,False,False,False,False,,,27.586206896551726
frame_000241.jpg,32.753177144861645,31.815349036760317,241,True,0.010581444346499368,0.012038535565122693,0.010030648498814427,0.10032112970935578,False,False,False,False,False,0.4867579440505972,0.12,0.18,False,False,True,True,True,32.753177144861645,31.815349036760317,32.753177144861645,31.815349036760317,False,False,False,False,0.9276120754252386,0.8579678899110301,0.8579678899110301,False,both,min,none,none,0,moving_average,4,2.0,peak,14,-1,-1,14,False,0.8535330805670034,False,False,False,False,False,False,False,,,27.70114942528736
frame_000242.jpg,32.65556399609167,31.569221717935513,242,True,0.01806432027746882,0.01934228151510281,0.011914010707922971,0.16118567929252342,False,False,False,False,False,0.4867579440505972,0.12,0.18,False,False,True,True,True,32.65556399609167,31.569221717935513,32.65556399609167,31.569221717935513,False,False,False,False,0.9114674635867013,0.8272798469191369,0.8272798469191369,False,both,min,none,none,0,moving_average,4,2.0,peak,14,-1,-1,14,False,0.8375091945831012,False,False,False,False,False,False,False,,,27.81609195402299
frame_000243.jpg,32.65556399609167,31.569221717935513,243,True,0.0,0.0,0.0,0.0,False,False,False,False,False,0.4867579440505972,0.12,0.18,False,False,True,True,True,32.65556399609167,31.569221717935513,32.65556399609167,31.569221717935513,False,False,False,False,0.9114674635867013,0.8272798469191369,0.8272798469191369,False,both,min,none,none,0,moving_average,4,2.0,peak,14,-1,-1,14,False,0.8371474421981362,False,False,False,False,False,False,False,,,27.931034482758623
frame_000244.jpg,32.59797071719642,31.806644948531545,244,True,0.010412075761968296,0.0633203932242606,0.01598107657156783,0.527669943535505,False,False,False,False,False,0.4867579440505972,0.12,0.18,False,False,True,True,True,32.59797071719642,31.806644948531545,32.59797071719642,31.806644948531545,False,False,False,False,0.901941891017952,0.856882632756135,0.856882632756135,False,both,min,none,none,0,moving_average,4,2.0,peak,14,-1,-1,14,False,0.8592837103028399,False,False,False,False,False,False,False,,,28.045977011494255
frame_000245.jpg,32.548070184994366,32.119652970949254,245,True,0.07880128890782101,0.06872647507451761,0.006230947267349805,0.5727206256209801,False,False,False,False,False,0.4867579440505972,0.12,0.18,False,False,True,True,True,32.548070184994366,32.119652970949254,32.548070184994366,32.119652970949254,False,False,False,False,0.893688651233248,0.89590960340948,0.893688651233248,False,both,min,none,none,0,moving_average,4,2.0,peak,14,-1,-1,14,False,0.8690933862866728,False,False,False,False,False,False,False,,,28.160919540229887
frame_000246.jpg,32.32448398498752,31.85473653942247,246,True,0.12176633118517016,0.07182881441279962,0.017661877677482025,0.5985734534399968,False,False,False,False,False,0.4867579440505972,0.12,0.18,False,False,True,True,True,32.32448398498752,31.85473653942247,32.32448398498752,31.85473653942247,False,False,False,False,0.8567088748706355,0.8628788659896336,0.8567088748706355,False,both,min,none,none,0,moving_average,4,2.0,peak,14,-1,-1,14,False,0.8744634575244921,False,False,False,False,False,False,False,,,28.27586206896552
frame_000247.jpg,32.42293972725943,32.24516958991436,247,True,0.11013071340399859,0.06355605425114125,0.027550984780900935,0.5296337854261771,False,False,False,False,False,0.4867579440505972,0.12,0.18,False,False,True,True,True,32.42293972725943,32.24516958991436,32.42293972725943,32.24516958991436,False,False,False,False,0.8729928464695929,0.9115594687612417,0.8729928464695929,False,both,min,none,none,0,moving_average,4,2.0,peak,14,-1,-1,14,False,0.867564855936607,False,False,False,False,False,False,False,,,28.390804597701152
frame_000248.jpg,32.42293972725943,32.24516958991436,248,True,0.0,0.0,0.0,0.0,False,False,False,False,False,0.4867579440505972,0.12,0.18,False,False,True,True,True,32.42293972725943,32.24516958991436,32.42293972725943,32.24516958991436,False,False,False,False,0.8729928464695929,0.9115594687612417,0.8729928464695929,False,both,min,none,none,0,moving_average,4,2.0,peak,14,-1,-1,14,False,0.887663815818953,False,False,False,False,False,False,False,,,28.505747126436784
frame_000249.jpg,32.689049472359734,32.66562808311477,249,True,0.0491893310209181,0.019709384790426512,0.01586118092491295,0.16424487325355427,False,False,False,False,False,0.4867579440505972,0.12,0.18,False,False,True,True,True,32.689049472359734,32.66562808311477,32.689049472359734,32.66562808311477,False,False,False,False,0.9170057545176737,0.9639837521656583,0.9170057545176737,False,both,min,none,none,0,moving_average,4,2.0,peak,14,-1,-1,14,False,0.9145585287026636,False,False,False,False,False,False,False,,,28.620689655172416
frame_000250.jpg,32.91077015070327,32.688009859256,250,True,0.060330856147467575,0.10425473549592604,0.04990745019001335,0.8687894624660504,False,False,False,False,False,0.4867579440505972,0.12,0.18,False,False,True,True,True,32.91077015070327,32.688009859256,32.91077015070327,32.688009859256,False,False,False,False,0.9536769851207246,0.9667743928460044,0.9536769851207246,False,both,min,none,none,0,moving_average,4,2.0,peak,14,-1,-1,14,False,0.9483575802220393,False,False,False,False,False,False,False,,,28.73563218390805
frame_000251.jpg,33.0511763320415,32.74908932344604,251,True,0.19505836681857305,0.020989296454358465,0.006495284484199464,0.40072970395794355,False,False,False,False,False,0.4867579440505972,0.12,0.18,False,False,True,True,True,33.0511763320415,32.74908932344604,33.0511763320415,32.74908932344604,False,False,False,False,0.9768993002084054,0.9743900010277199,0.9743900010277199,False,both,min,none,none,0,moving_average,4,2.0,peak,14,-1,-1,14,False,0.9626200911531679,True,False,False,False,False,False,False,14,,28.85057471264368
frame_000252.jpg,32.94775038420769,32.736356523209956,252,True,0.48604798506584945,0.0,0.0,0.9985414537278225,False,False,False,False,False,0.4867579440505972,0.12,0.18,False,False,True,True,True,32.94775038420769,32.736356523209956,32.94775038420769,32.736356523209956,False,False,False,False,0.9597932873110594,0.9728024295101901,0.9597932873110594,False,both,min,none,none,0,moving_average,4,2.0,peak,14,-1,-1,14,False,0.9299275150112487,False,False,False,False,False,False,False,,,28.965517241379313
frame_000253.jpg,32.31777503929452,32.699166328228685,253,True,0.4661945545577793,0.0,0.0,0.9577543833764727,False,False,False,False,False,0.4867579440505972,0.12,0.18,False,False,True,True,True,32.31777503929452,32.699166328228685,32.31777503929452,32.699166328228685,False,False,False,False,0.8555992566949668,0.9681654216887442,0.8555992566949668,False,both,min,none,none,0,moving_average,4,2.0,peak,14,-1,-1,14,False,0.8903306002336644,False,False,False,False,False,False,False,,,29.080459770114945
frame_000254.jpg,32.31777503929452,32.699166328228685,254,True,0.0,0.0,0.0,0.0,False,False,False,False,True,0.4867579440505972,0.12,0.18,False,False,True,True,True,32.31777503929452,32.699166328228685,32.31777503929452,32.699166328228685,False,False,True,True,0.8555992566949668,0.9681654216887442,0.8555992566949668,False,both,min,none,none,0,moving_average,4,2.0,peak,14,-1,-1,14,False,0.7463182546164419,False,False,False,False,False,False,False,,,29.195402298850578
frame_000255.jpg,30.335578845238,32.54874797721509,255,True,0.667910239495219,0.0,0.0,1.3721609429466066,True,False,False,True,True,0.4867579440505972,0.12,0.18,False,False,True,True,True,30.335578845238,32.54874797721509,30.335578845238,32.54874797721509,False,False,True,True,0.5277562504593919,0.9494107184533812,0.5277562504593919,False,both,min,none,none,0,moving_average,4,2.0,peak,14,-1,-1,14,False,0.46111850238478624,False,False,False,False,False,False,False,,,29.31034482758621
frame_000256.jpg,27.144672188231425,32.488766605152286,256,True,0.8133415946349504,0.0,0.0,1.6709364573830268,True,False,False,True,True,0.4867579440505972,0.12,0.18,False,False,True,True,True,27.144672188231425,32.488766605152286,27.144672188231425,32.488766605152286,False,False,True,True,0.0,0.9419320243638135,0.0,False,both,min,none,none,0,moving_average,4,2.0,peak,14,-1,-1,14,False,0.2839426427528653,False,False,False,False,False,False,False,,,29.425287356321842
frame_000257.jpg,29.1040662705121,32.33489655690612,257,True,0.7271978637688821,0.4327083826517824,0.0791921144514864,3.6059031887648536,True,True,False,True,True,0.4867579440505972,0.12,0.18,False,False,True,True,True,29.1040662705121,32.33489655690612,29.1040662705121,32.33489655690612,False,False,True,True,0.3240716777992039,0.9227469510518012,0.3240716777992039,False,both,min,none,none,0,moving_average,4,2.0,peak,14,-1,-1,14,False,0.21604778519946927,False,False,False,False,False,False,False,,,29.540229885057474
frame_000258.jpg,,,258,False,,,,0.0,False,False,False,False,True,0.4867579440505972,0.12,0.18,True,True,False,False,False,,,29.1040662705121,32.33489655690612,True,True,False,False,0.3240716777992039,0.9227469510518012,0.3240716777992039,False,missing,min,none,none,0,moving_average,4,2.0,peak,14,-1,-1,14,False,0.32407167779920387,False,False,False,False,False,False,False,,,29.655172413793107
frame_000259.jpg,,,259,False,,,,0.0,False,False,False,False,False,0.4867579440505972,0.12,0.18,True,True,False,False,False,,,29.1040662705121,32.33489655690612,True,True,False,False,0.3240716777992039,0.9227469510518012,0.3240716777992039,False,missing,min,none,none,0,moving_average,4,2.0,peak,14,-1,-1,14,False,0.32407167779920387,False,False,False,False,False,False,False,,,29.77011494252874
frame_000260.jpg,,,260,False,,,,0.0,False,False,False,False,False,0.4867579440505972,0.12,0.18,True,True,False,False,False,,,29.1040662705121,32.33489655690612,True,True,False,False,0.3240716777992039,0.9227469510518012,0.3240716777992039,False,missing,min,none,none,0,moving_average,4,2.0,peak,14,-1,-1,14,False,,False,False,False,False,False,False,False,,,29.88505747126437
