frame_name,left_temp,right_temp,frame_index,motion_coordinate_valid,motion_center_step_norm,motion_scale_step_log,motion_angle_step_rad,motion_score,motion_center_flag,motion_scale_flag,motion_angle_flag,motion_artifact_raw,motion_artifact,motion_center_threshold,motion_scale_threshold,motion_angle_threshold,left_missing_raw,right_missing_raw,left_quality_valid,right_quality_valid,quality_any_valid,left_temp_motion_filtered,right_temp_motion_filtered,left_temp_used,right_temp_used,left_repaired,right_repaired,left_motion_interpolated,right_motion_interpolated,left_norm,right_norm,fused_norm,fused_repaired,fusion_source,selected_fusion_mode,peak_retune_rule,edge_peak_completion,edge_peak_added,smoothing_method,butterworth_order,butterworth_cutoff_hz,rr_estimator,time_peak_count,spectral_count,autocorr_count,joint_count,joint_adjusted,smoothed_norm,is_peak,source_peak_rejected,quality_peak_rejected,mad_ibi_peak_rejected,motion_peak_rejected,motion_interval_peak_rejected,motion_reconstructed_peak,peak_number,event_source,target_time_seconds
frame_000000.jpg,,,0,False,,,,0.0,False,False,False,False,False,0.3696255866797715,0.12,0.18,True,True,False,False,False,,,32.71354327791024,32.48945338943635,True,True,False,False,0.20881632975087625,0.4849045378607255,0.20881632975087625,False,missing,left,none,none,0,moving_average,4,2.0,peak,18,-1,-1,18,False,,False,False,False,False,False,False,False,,,0.0
frame_000001.jpg,,,1,False,,,,0.0,False,False,False,False,False,0.3696255866797715,0.12,0.18,True,True,False,False,False,,,32.71354327791024,32.48945338943635,True,True,False,False,0.20881632975087625,0.4849045378607255,0.20881632975087625,False,missing,left,none,none,0,moving_average,4,2.0,peak,18,-1,-1,18,False,0.20881632975087625,False,False,False,False,False,False,False,,,0.1149425287356322
frame_000002.jpg,,,2,False,,,,0.0,False,False,False,False,False,0.3696255866797715,0.12,0.18,True,True,False,False,False,,,32.71354327791024,32.48945338943635,True,True,False,False,0.20881632975087625,0.4849045378607255,0.20881632975087625,False,missing,left,none,none,0,moving_average,4,2.0,peak,18,-1,-1,18,False,0.20881632975087625,False,False,False,False,False,False,False,,,0.2298850574712644
frame_000003.jpg,,,3,False,,,,0.0,False,False,False,False,False,0.3696255866797715,0.12,0.18,True,True,False,False,False,,,32.71354327791024,32.48945338943635,True,True,False,False,0.20881632975087625,0.4849045378607255,0.20881632975087625,False,missing,left,none,none,0,moving_average,4,2.0,peak,18,-1,-1,18,False,0.20881632975087625,False,False,False,False,False,False,False,,,0.3448275862068966
frame_000004.jpg,,,4,False,,,,0.0,False,False,False,False,False,0.3696255866797715,0.12,0.18,True,True,False,False,False,,,32.71354327791024,32.48945338943635,True,True,False,False,0.20881632975087625,0.4849045378607255,0.20881632975087625,False,missing,left,none,none,0,moving_average,4,2.0,peak,18,-1,-1,18,False,0.20881632975087625,False,False,False,False,False,False,False,,,0.4597701149425288
frame_000005.jpg,,,5,False,,,,0.0,False,False,False,False,False,0.3696255866797715,0.12,0.18,True,True,False,False,False,,,32.71354327791024,32.48945338943635,True,True,False,False,0.20881632975087625,0.4849045378607255,0.20881632975087625,False,missing,left,none,none,0,moving_average,4,2.0,peak,18,-1,-1,18,False,0.20881632975087625,False,False,False,False,False,False,False,,,0.574712643678161
frame_000006.jpg,,,6,False,,,,0.0,False,False,False,False,False,0.3696255866797715,0.12,0.18,True,True,False,False,False,,,32.71354327791024,32.48945338943635,True,True,False,False,0.20881632975087625,0.4849045378607255,0.20881632975087625,False,missing,left,none,none,0,moving_average,4,2.0,peak,18,-1,-1,18,False,0.20881632975087625,False,False,False,False,False,False,False,,,0.6896551724137931
frame_000007.jpg,,,7,False,,,,0.0,False,False,False,False,False,0.3696255866797715,0.12,0.18,True,True,False,False,False,,,32.71354327791024,32.48945338943635,True,True,False,False,0.20881632975087625,0.4849045378607255,0.20881632975087625,False,missing,left,none,none,0,moving_average,4,2.0,peak,18,-1,-1,18,False,0.20881632975087625,False,False,False,False,False,False,False,,,0.8045977011494253
frame_000008.jpg,32.71354327791024,32.48945338943635,8,True,,,,0.0,False,False,False,False,True,0.3696255866797715,0.12,0.18,False,False,True,True,True,32.71354327791024,32.48945338943635,32.71354327791024,32.48945338943635,False,False,True,True,0.20881632975087625,0.4849045378607255,0.20881632975087625,False,both,left,none,none,0,moving_average,4,2.0,peak,18,-1,-1,18,False,0.15071624319431634,False,False,False,False,False,False,False,,,0.9195402298850576
frame_000009.jpg,32.21701853142163,32.16756813910923,9,True,0.9128075442809641,0.0,0.0,2.4695464198797015,True,False,False,True,True,0.3696255866797715,0.12,0.18,False,False,True,True,True,32.21701853142163,32.16756813910923,32.21701853142163,32.16756813910923,False,False,True,True,0.03451607008119653,0.4139905991326079,0.03451607008119653,False,both,left,none,none,0,moving_average,4,2.0,peak,18,-1,-1,18,False,0.08311167146049603,False,False,False,False,False,False,False,,,1.0344827586206897
frame_000010.jpg,32.13579297096485,31.983287544420694,10,True,0.48403889671259637,0.0,0.0,1.309538392784339,True,False,False,True,True,0.3696255866797715,0.12,0.18,False,False,True,True,True,32.13579297096485,31.983287544420694,32.13579297096485,31.983287544420694,False,False,True,True,0.006002614549415305,0.37339208526083784,0.006002614549415305,False,both,left,none,none,0,moving_average,4,2.0,peak,18,-1,-1,18,False,0.044938589614744076,False,False,False,False,False,False,False,,,1.149425287356322
frame_000011.jpg,32.387315196172366,30.28842463044332,11,True,0.5504062107267582,0.0401066107950924,0.11745268309936877,1.489091206241649,True,False,False,True,True,0.3696255866797715,0.12,0.18,False,False,True,True,True,32.387315196172366,30.28842463044332,32.387315196172366,30.28842463044332,False,False,True,True,0.09429708421362039,0.0,0.09429708421362039,False,both,left,none,none,0,moving_average,4,2.0,peak,18,-1,-1,18,False,0.08171774525703779,False,False,False,False,False,False,False,,,1.264367816091954
frame_000012.jpg,,,12,False,,,,0.0,False,False,False,False,True,0.3696255866797715,0.12,0.18,True,True,False,False,False,,,32.53133408607364,31.069976679791623,True,True,False,False,0.14485353700807765,0.1721822732914786,0.14485353700807765,False,missing,left,none,none,0,moving_average,4,2.0,peak,18,-1,-1,18,False,0.1448535370080785,False,False,False,False,False,False,False,,,1.3793103448275863
frame_000013.jpg,,,13,False,,,,0.0,False,False,False,False,False,0.3696255866797715,0.12,0.18,True,True,False,False,False,,,32.675352975974924,31.851528729139925,True,True,False,False,0.19540998980253743,0.3443645465829572,0.19540998980253743,False,missing,left,none,none,0,moving_average,4,2.0,peak,18,-1,-1,18,False,0.19540998980253657,False,False,False,False,False,False,False,,,1.4942528735632186
frame_000014.jpg,32.8193718658762,32.63308077848823,14,True,,,,0.0,False,False,False,False,False,0.3696255866797715,0.12,0.18,False,False,True,True,True,32.8193718658762,32.63308077848823,32.8193718658762,32.63308077848823,False,False,False,False,0.2459664425969947,0.5165468198744357,0.2459664425969947,False,both,left,none,none,0,moving_average,4,2.0,peak,18,-1,-1,18,False,0.2276435038220773,False,False,False,False,False,False,False,,,1.6091954022988506
frame_000015.jpg,,,15,False,,,,0.0,False,False,False,False,False,0.3696255866797715,0.12,0.18,True,True,False,False,False,,,32.806802477354076,32.62517998804656,True,True,False,False,0.2415540790666998,0.5148062114783857,0.2415540790666998,False,missing,left,none,none,0,moving_average,4,2.0,peak,18,-1,-1,18,False,0.24155407906669976,True,False,False,False,False,False,False,1,,1.7241379310344829
frame_000016.jpg,,,16,False,,,,0.0,False,False,False,False,False,0.3696255866797715,0.12,0.18,True,True,False,False,False,,,32.79423308883195,32.617279197604894,True,True,False,False,0.23714171553640484,0.5130656030823355,0.23714171553640484,False,missing,left,none,none,0,moving_average,4,2.0,peak,18,-1,-1,18,False,0.23714171553640484,False,False,False,False,False,False,False,,,1.8390804597701151
frame_000017.jpg,,,17,False,,,,0.0,False,False,False,False,False,0.3696255866797715,0.12,0.18,True,True,False,False,False,,,32.78166370030983,32.60937840716323,True,True,False,False,0.23272935200610992,0.5113249946862855,0.23272935200610992,False,missing,left,none,none,0,moving_average,4,2.0,peak,18,-1,-1,18,False,0.23272935200611072,False,False,False,False,False,False,False,,,1.9540229885057472
frame_000018.jpg,,,18,False,,,,0.0,False,False,False,False,False,0.3696255866797715,0.12,0.18,True,True,False,False,False,,,32.76909431178771,32.60147761672155,True,True,False,False,0.2283169884758175,0.5095843862902338,0.2283169884758175,False,missing,left,none,none,0,moving_average,4,2.0,peak,18,-1,-1,18,False,0.22831698847581666,False,False,False,False,False,False,False,,,2.0689655172413794
frame_000019.jpg,,,19,False,,,,0.0,False,False,False,False,False,0.3696255866797715,0.12,0.18,True,True,False,False,False,,,32.75652492326559,32.593576826279886,True,True,False,False,0.22390462494552255,0.5078437778941837,0.22390462494552255,False,missing,left,none,none,0,moving_average,4,2.0,peak,18,-1,-1,18,False,0.22390462494552255,False,False,False,False,False,False,False,,,2.1839080459770117
frame_000020.jpg,,,20,False,,,,0.0,False,False,False,False,False,0.3696255866797715,0.12,0.18,True,True,False,False,False,,,32.74395553474346,32.58567603583822,True,True,False,False,0.21949226141522762,0.5061031694981336,0.21949226141522762,False,missing,left,none,none,0,moving_average,4,2.0,peak,18,-1,-1,18,False,0.21949226141522762,False,False,False,False,False,False,False,,,2.298850574712644
frame_000021.jpg,,,21,False,,,,0.0,False,False,False,False,False,0.3696255866797715,0.12,0.18,True,True,False,False,False,,,32.73138614622134,32.57777524539655,True,True,False,False,0.2150798978849327,0.5043625611020836,0.2150798978849327,False,missing,left,none,none,0,moving_average,4,2.0,peak,18,-1,-1,18,False,0.21507989788493265,False,False,False,False,False,False,False,,,2.4137931034482762
frame_000022.jpg,32.718816757699216,32.569874454954885,22,True,,,,0.0,False,False,False,False,False,0.3696255866797715,0.12,0.18,False,False,True,True,True,32.718816757699216,32.569874454954885,32.718816757699216,32.569874454954885,False,False,False,False,0.21066753435463775,0.5026219527060334,0.21066753435463775,False,both,left,none,none,0,moving_average,4,2.0,peak,18,-1,-1,18,False,0.2152724045656309,False,False,False,False,False,False,False,,,2.528735632183908
frame_000023.jpg,32.74560070149787,31.957578914377105,23,True,0.3100126057128394,0.0,0.0,0.8387206321336775,False,False,False,False,True,0.3696255866797715,0.12,0.18,False,False,True,True,True,32.74560070149787,31.957578914377105,32.74560070149787,31.957578914377105,False,False,True,True,0.2200697814573223,0.3677282649589068,0.2200697814573223,False,both,left,none,none,0,moving_average,4,2.0,peak,18,-1,-1,18,False,0.21708833220172086,False,False,False,False,False,False,False,,,2.6436781609195403
frame_000024.jpg,32.746905107768384,32.96417638320657,24,True,1.0167869864793289,0.0,0.0,2.7508566049574688,True,False,False,True,True,0.3696255866797715,0.12,0.18,False,False,True,True,True,32.746905107768384,32.96417638320657,32.746905107768384,32.96417638320657,False,False,True,True,0.22052768079320256,0.5894898745881401,0.22052768079320256,False,both,left,none,none,0,moving_average,4,2.0,peak,18,-1,-1,18,False,0.20589724587523975,False,False,False,False,False,False,False,,,2.7586206896551726
frame_000025.jpg,32.623177462983556,32.90226586835397,25,True,0.2680474656051903,0.0,0.0,0.7251864461358722,False,False,False,False,True,0.3696255866797715,0.12,0.18,False,False,True,True,True,32.623177462983556,32.90226586835397,32.623177462983556,32.90226586835397,False,False,True,True,0.1770942753751944,0.5758504846116759,0.1770942753751944,False,both,left,none,none,0,moving_average,4,2.0,peak,18,-1,-1,18,False,0.1915720771811971,False,False,False,False,False,False,False,,,2.873563218390805
frame_000026.jpg,32.623177462983556,32.90226586835397,26,True,0.0,0.0,0.0,0.0,False,False,False,False,False,0.3696255866797715,0.12,0.18,False,False,True,True,True,32.623177462983556,32.90226586835397,32.623177462983556,32.90226586835397,False,False,False,False,0.1770942753751944,0.5758504846116759,0.1770942753751944,False,both,left,none,none,0,moving_average,4,2.0,peak,18,-1,-1,18,False,0.12943496948956312,False,False,False,False,False,False,False,,,2.988505747126437
frame_000027.jpg,32.21587988091112,32.64639864671573,27,True,0.1108856642191764,0.0,0.0,0.29999455723622076,False,False,False,False,False,0.3696255866797715,0.12,0.18,False,False,True,True,True,32.21587988091112,32.64639864671573,32.21587988091112,32.64639864671573,False,False,False,False,0.03411635771830055,0.5194808545669682,0.03411635771830055,False,both,left,none,none,0,moving_average,4,2.0,peak,18,-1,-1,18,False,0.0740034336874559,False,False,False,False,False,False,False,,,3.1034482758620694
frame_000028.jpg,32.149458215856065,32.54810536684967,28,True,0.024284931293283088,0.0,0.0,0.06570143455551024,False,False,False,False,False,0.3696255866797715,0.12,0.18,False,False,True,True,True,32.149458215856065,32.54810536684967,32.149458215856065,32.54810536684967,False,False,False,False,0.010799667968872778,0.4978260455357252,0.010799667968872778,False,both,left,none,none,0,moving_average,4,2.0,peak,18,-1,-1,18,False,0.014972008562391108,False,False,False,False,False,False,False,,,3.218390804597701
frame_000029.jpg,32.11869347453802,32.392081450398955,29,True,0.01847764526178925,0.0,0.0,0.04999016823420703,False,False,False,False,False,0.3696255866797715,0.12,0.18,False,False,True,True,True,32.11869347453802,32.392081450398955,32.11869347453802,32.392081450398955,False,False,False,False,0.0,0.46345270770784197,0.0,False,both,left,none,none,0,moving_average,4,2.0,peak,18,-1,-1,18,False,0.0039922713404136785,False,False,False,False,False,False,False,,,3.3333333333333335
frame_000030.jpg,32.12204678075994,32.216791330228325,30,True,0.03426334096144976,0.0,0.0,0.09269742733241602,False,False,False,False,False,0.3696255866797715,0.12,0.18,False,False,True,True,True,32.12204678075994,32.216791330228325,32.12204678075994,32.216791330228325,False,False,False,False,0.0011771460523682595,0.4248348684971553,0.0011771460523682595,False,both,left,none,none,0,moving_average,4,2.0,peak,18,-1,-1,18,False,0.017082386555184754,False,False,False,False,False,False,False,,,3.4482758620689657
frame_000031.jpg,32.2613266574322,32.204535056562754,31,True,0.08957745326472935,0.0,0.0,0.24234646218454456,False,False,False,False,False,0.3696255866797715,0.12,0.18,False,False,True,True,True,32.2613266574322,32.204535056562754,32.2613266574322,32.204535056562754,False,False,False,False,0.05007001361318601,0.42213471172118605,0.05007001361318601,False,both,left,none,none,0,moving_average,4,2.0,peak,18,-1,-1,18,False,0.039853086532401105,False,False,False,False,False,False,False,,,3.563218390804598
frame_000032.jpg,32.31329242788982,32.43468622821132,32,True,0.051503377731822717,0.0,0.0,0.13933931953807932,False,False,False,False,False,0.3696255866797715,0.12,0.18,False,False,True,True,True,32.31329242788982,32.43468622821132,32.31329242788982,32.43468622821132,False,False,False,False,0.06831209993164905,0.4728388867894889,0.06831209993164905,False,both,left,none,none,0,moving_average,4,2.0,peak,18,-1,-1,18,False,0.06132069081997901,False,False,False,False,False,False,False,,,3.6781609195402303
frame_000033.jpg,32.30550944679626,32.39553096458515,33,True,0.015554655520318936,0.0,0.0,0.04208219365991796,False,False,False,False,False,0.3696255866797715,0.12,0.18,False,False,True,True,True,32.30550944679626,32.39553096458515,32.30550944679626,32.39553096458515,False,False,False,False,0.06557995891510199,0.46421266373997744,0.06557995891510199,False,both,left,none,none,0,moving_average,4,2.0,peak,18,-1,-1,18,False,0.0734031492665968,False,False,False,False,False,False,False,,,3.7931034482758625
frame_000034.jpg,32.36458363986932,32.55169833218864,34,True,0.014236676693459713,0.0,0.0,0.03851648047783496,False,False,False,False,False,0.3696255866797715,0.12,0.18,False,False,True,True,True,32.36458363986932,32.55169833218864,32.36458363986932,32.55169833218864,False,False,False,False,0.08631738895303939,0.4986176050235903,0.08631738895303939,False,both,left,none,none,0,moving_average,4,2.0,peak,18,-1,-1,18,False,0.10029638054486004,False,False,False,False,False,False,False,,,3.9080459770114944
frame_000035.jpg,32.543122633559136,32.65146100215715,35,True,0.047162564188595504,0.0,0.0,0.1275955071515523,False,False,False,False,False,0.3696255866797715,0.12,0.18,False,False,True,True,True,32.543122633559136,32.65146100215715,32.543122633559136,32.65146100215715,False,False,False,False,0.14899179376643876,0.520596132645811,0.14899179376643876,False,both,left,none,none,0,moving_average,4,2.0,peak,18,-1,-1,18,False,0.14042074896500864,False,False,False,False,False,False,False,,,4.022988505747127
frame_000036.jpg,32.64841327084539,32.81560351212328,36,True,0.02279248119373112,0.0,0.0,0.061663699741321194,False,False,False,False,False,0.3696255866797715,0.12,0.18,False,False,True,True,True,32.64841327084539,32.81560351212328,32.64841327084539,32.81560351212328,False,False,False,False,0.1859530641755478,0.5567580626584117,0.1859530641755478,False,both,left,none,none,0,moving_average,4,2.0,peak,18,-1,-1,18,False,0.17938279575184227,True,False,False,False,False,False,False,2,,4.137931034482759
frame_000037.jpg,32.697554235096874,32.84017948797191,37,True,0.0565776409713661,0.0,0.0,0.15306743637415623,False,False,False,False,False,0.3696255866797715,0.12,0.18,False,False,True,True,True,32.697554235096874,32.84017948797191,32.697554235096874,32.84017948797191,False,False,False,False,0.20320352931354027,0.5621723500286535,0.20320352931354027,False,both,left,none,none,0,moving_average,4,2.0,peak,18,-1,-1,18,False,0.16978390306378743,False,False,False,False,False,False,False,,,4.252873563218391
frame_000038.jpg,32.46109026422922,32.350567895673045,38,True,0.02209095467691384,0.0,0.0,0.059765761551709186,False,False,False,False,False,0.3696255866797715,0.12,0.18,False,False,True,True,True,32.46109026422922,32.350567895673045,32.46109026422922,32.350567895673045,False,False,False,False,0.12019511570227427,0.4543069339476969,0.12019511570227427,False,both,left,none,none,0,moving_average,4,2.0,peak,18,-1,-1,18,False,0.1285438262408813,False,False,False,False,False,False,False,,,4.367816091954023
frame_000039.jpg,32.295974575771666,32.13692672260309,39,True,0.01817246615130097,0.0,0.0,0.04916452433539145,False,False,False,False,False,0.3696255866797715,0.12,0.18,False,False,True,True,True,32.295974575771666,32.13692672260309,32.295974575771666,32.13692672260309,False,False,False,False,0.06223283370682936,0.4072400458517397,0.06223283370682936,False,both,left,none,none,0,moving_average,4,2.0,peak,18,-1,-1,18,False,0.08353514932034335,False,False,False,False,False,False,False,,,4.482758620689656
frame_000040.jpg,32.31290899233975,31.339769591897586,40,True,0.06672433608203496,0.0,0.0,0.18051871538818062,False,False,False,False,False,0.3696255866797715,0.12,0.18,False,False,True,True,True,32.31290899233975,31.339769591897586,32.31290899233975,31.339769591897586,False,False,False,False,0.06817749855192642,0.2316198462120129,0.06817749855192642,False,both,left,none,none,0,moving_average,4,2.0,peak,18,-1,-1,18,False,0.06175375660714472,False,False,False,False,False,False,False,,,4.597701149425288
frame_000041.jpg,32.27494595470979,31.08468383477466,41,True,0.044245182190447874,0.0,0.0,0.11970270399267594,False,False,False,False,False,0.3696255866797715,0.12,0.18,False,False,True,True,True,32.27494595470979,31.08468383477466,32.27494595470979,31.08468383477466,False,False,False,False,0.054850937562678385,0.17542237915613693,0.054850937562678385,False,both,left,none,none,0,moving_average,4,2.0,peak,18,-1,-1,18,False,0.08192509648379478,False,False,False,False,False,False,False,,,4.71264367816092
frame_000042.jpg,32.46835933476577,32.50220690553483,42,True,0.19748277615996015,0.0,0.0,0.5342778835574798,False,False,False,False,True,0.3696255866797715,0.12,0.18,False,False,True,True,True,32.46835933476577,32.50220690553483,32.46835933476577,32.50220690553483,False,False,True,True,0.12274685333677954,0.4877142411890278,0.12274685333677954,False,both,left,none,none,0,moving_average,4,2.0,peak,18,-1,-1,18,False,0.1145990796314823,False,False,False,False,False,False,False,,,4.8275862068965525
frame_000043.jpg,32.5921416434544,32.48175623525227,43,True,0.09501997498042043,0.12715980043559563,0.0485532349511487,1.0596650036299637,False,True,False,True,True,0.3696255866797715,0.12,0.18,False,False,True,True,True,32.5921416434544,32.48175623525227,32.5921416434544,32.48175623525227,False,False,True,True,0.16619944799498904,0.48320879218851487,0.16619944799498904,False,both,left,none,none,0,moving_average,4,2.0,peak,18,-1,-1,18,False,0.16197291392702082,False,False,False,False,False,False,False,,,4.942528735632185
frame_000044.jpg,32.67980388966118,32.539593954372044,44,True,0.024843561942943553,0.004859912410375909,0.023150091701600074,0.12861162056444486,False,False,False,False,True,0.3696255866797715,0.12,0.18,False,False,True,True,True,32.67980388966118,32.539593954372044,32.67980388966118,32.539593954372044,False,False,True,True,0.1969724404492939,0.4959509121386075,0.1969724404492939,False,both,left,none,none,0,moving_average,4,2.0,peak,18,-1,-1,18,False,0.18671477629785893,False,False,False,False,False,False,False,,,5.057471264367816
frame_000045.jpg,32.67980388966118,32.585798021596815,45,True,0.010267575782437522,0.01957352978076649,0.006212701914720786,0.16311274817305407,False,False,False,False,False,0.3696255866797715,0.12,0.18,False,False,True,True,True,32.67980388966118,32.585798021596815,32.67980388966118,32.585798021596815,False,False,False,False,0.1969724404492939,0.5061300439529339,0.1969724404492939,False,both,left,none,none,0,moving_average,4,2.0,peak,18,-1,-1,18,False,0.22599391001460725,False,False,False,False,False,False,False,,,5.172413793103448
frame_000046.jpg,32.92782207126262,32.6485943213809,46,True,0.031360799936497465,0.09234382518330372,0.01752958564090283,0.7695318765275311,False,False,False,False,False,0.3696255866797715,0.12,0.18,False,False,True,True,True,32.92782207126262,32.6485943213809,32.92782207126262,32.6485943213809,False,False,False,False,0.28403684914523397,0.5199645795544111,0.28403684914523397,False,both,left,none,none,0,moving_average,4,2.0,peak,18,-1,-1,18,False,0.2652649896005244,False,False,False,False,False,False,False,,,5.287356321839081
frame_000047.jpg,33.0154154866723,32.69918527500128,47,True,0.015379542498550317,0.0357937372964119,0.006235495701901155,0.2982811441367659,False,False,False,False,False,0.3696255866797715,0.12,0.18,False,False,True,True,True,33.0154154866723,32.69918527500128,33.0154154866723,32.69918527500128,False,False,False,False,0.3147856792070454,0.5311101781228035,0.3147856792070454,False,both,left,none,none,0,moving_average,4,2.0,peak,18,-1,-1,18,False,0.2908658806629676,True,False,False,False,False,False,False,3,,5.402298850574713
frame_000048.jpg,32.89858972455469,32.66563466174118,48,True,0.012470993434436821,0.01921099282734878,0.004232211659791751,0.16009160689457316,False,False,False,False,False,0.3696255866797715,0.12,0.18,False,False,True,True,True,32.89858972455469,32.66563466174118,32.89858972455469,32.66563466174118,False,False,False,False,0.2737751136366234,0.5237187051348384,0.2737751136366234,False,both,left,none,none,0,moving_average,4,2.0,peak,18,-1,-1,18,False,0.23473207251070147,False,False,False,False,False,False,False,,,5.517241379310345
frame_000049.jpg,32.44810118762656,32.39599778560894,49,True,0.10416368583653339,0.0062002114079135855,0.012082975481257174,0.2818086452623653,False,False,False,False,False,0.3696255866797715,0.12,0.18,False,False,True,True,True,32.44810118762656,32.39599778560894,32.44810118762656,32.39599778560894,False,False,False,False,0.11563542468843568,0.4643155082084474,0.11563542468843568,False,both,left,none,none,0,moving_average,4,2.0,peak,18,-1,-1,18,False,0.15549591540717095,False,False,False,False,False,False,False,,,5.6321839080459775
frame_000050.jpg,32.33826136952202,32.10944008980772,50,True,0.005586444640691355,0.0,0.0,0.015113793097692726,False,False,False,False,False,0.3696255866797715,0.12,0.18,False,False,True,True,True,32.33826136952202,32.10944008980772,32.33826136952202,32.10944008980772,False,False,False,False,0.07707720789645388,0.401184517082054,0.07707720789645388,False,both,left,none,none,0,moving_average,4,2.0,peak,18,-1,-1,18,False,0.0849235339567456,False,False,False,False,False,False,False,,,5.74712643678161
frame_000051.jpg,32.295476443911674,31.655555756261982,51,True,0.0736854506962159,0.0,0.0,0.1993515961871275,False,False,False,False,False,0.3696255866797715,0.12,0.18,False,False,True,True,True,32.295476443911674,31.655555756261982,32.295476443911674,31.655555756261982,False,False,False,False,0.06205796928534723,0.30119010669510815,0.06205796928534723,False,both,left,none,none,0,moving_average,4,2.0,peak,18,-1,-1,18,False,0.06285336514023224,False,False,False,False,False,False,False,,,5.862068965517242
frame_000052.jpg,32.25948899053608,31.649603819071825,52,True,0.020650623560549124,0.0,0.0,0.05586903154093599,False,False,False,False,False,0.3696255866797715,0.12,0.18,False,False,True,True,True,32.25948899053608,31.649603819071825,32.25948899053608,31.649603819071825,False,False,False,False,0.049424918238895624,0.29987884652152913,0.049424918238895624,False,both,left,none,none,0,moving_average,4,2.0,peak,18,-1,-1,18,False,0.049924034112023265,False,False,False,False,False,False,False,,,5.977011494252874
frame_000053.jpg,32.22776699349731,31.93518142507355,53,True,0.028359038129791875,0.0,0.0,0.07672368783917814,False,False,False,False,False,0.3696255866797715,0.12,0.18,False,False,True,True,True,32.22776699349731,31.93518142507355,32.22776699349731,31.93518142507355,False,False,False,False,0.03828921481182694,0.3627939158934502,0.03828921481182694,False,both,left,none,none,0,moving_average,4,2.0,peak,18,-1,-1,18,False,0.04200111595418317,False,False,False,False,False,False,False,,,6.0919540229885065
frame_000054.jpg,32.22776699349731,31.93518142507355,54,True,0.0,0.0,0.0,0.0,False,False,False,False,False,0.3696255866797715,0.12,0.18,False,False,True,True,True,32.22776699349731,31.93518142507355,32.22776699349731,31.93518142507355,False,False,False,False,0.03828921481182694,0.3627939158934502,0.03828921481182694,False,both,left,none,none,0,moving_average,4,2.0,peak,18,-1,-1,18,False,0.07840160424680266,False,False,False,False,False,False,False,,,6.206896551724139
frame_000055.jpg,32.57056844484911,32.629593783093995,55,True,0.06087298225905744,0.0,0.0,0.16468822628287175,False,False,False,False,False,0.3696255866797715,0.12,0.18,False,False,True,True,True,32.57056844484911,32.629593783093995,32.57056844484911,32.629593783093995,False,False,False,False,0.15862638311675412,0.5157786064273125,0.15862638311675412,False,both,left,none,none,0,moving_average,4,2.0,peak,18,-1,-1,18,False,0.11851399368177838,False,False,False,False,False,False,False,,,6.321839080459771
frame_000056.jpg,32.57056844484911,32.629593783093995,56,True,0.0,0.0,0.0,0.0,False,False,False,False,False,0.3696255866797715,0.12,0.18,False,False,True,True,True,32.57056844484911,32.629593783093995,32.57056844484911,32.629593783093995,False,False,False,False,0.15862638311675412,0.5157786064273125,0.15862638311675412,False,both,left,none,none,0,moving_average,4,2.0,peak,18,-1,-1,18,False,0.1802650885079986,False,False,False,False,False,False,False,,,6.436781609195402
frame_000057.jpg,32.75549334506023,32.591229327756345,57,True,0.03942192304739443,0.0,0.0,0.10665366378315139,False,False,False,False,False,0.3696255866797715,0.12,0.18,False,False,True,True,True,32.75549334506023,32.591229327756345,32.75549334506023,32.591229327756345,False,False,False,False,0.22354249929048758,0.5073266048758688,0.22354249929048758,False,both,left,none,none,0,moving_average,4,2.0,peak,18,-1,-1,18,False,0.20190379389924307,False,False,False,False,False,False,False,,,6.551724137931035
frame_000058.jpg,32.75549334506023,32.591229327756345,58,True,0.0,0.0,0.0,0.0,False,False,False,False,False,0.3696255866797715,0.12,0.18,False,False,True,True,True,32.75549334506023,32.591229327756345,32.75549334506023,32.591229327756345,False,False,False,False,0.22354249929048758,0.5073266048758688,0.22354249929048758,False,both,left,none,none,0,moving_average,4,2.0,peak,18,-1,-1,18,False,0.2210617876718869,True,False,False,False,False,False,False,4,,6.666666666666667
frame_000059.jpg,32.73429312350225,32.66242525266178,59,True,0.03088259043360604,0.0,0.0,0.0835510082270399,False,False,False,False,False,0.3696255866797715,0.12,0.18,False,False,True,True,True,32.73429312350225,32.66242525266178,32.73429312350225,32.66242525266178,False,False,False,False,0.21610036443468553,0.5230116462106442,0.21610036443468553,False,both,left,none,none,0,moving_average,4,2.0,peak,18,-1,-1,18,False,0.21644021667348787,False,False,False,False,False,False,False,,,6.781609195402299
frame_000060.jpg,32.715997287405905,32.452087882997596,60,True,0.04689935227931774,0.0,0.0,0.12688340301492554,False,False,False,False,False,0.3696255866797715,0.12,0.18,False,False,True,True,True,32.715997287405905,32.452087882997596,32.715997287405905,32.452087882997596,False,False,False,False,0.2096777862952905,0.4766726128767444,0.2096777862952905,False,both,left,none,none,0,moving_average,4,2.0,peak,18,-1,-1,18,False,0.18620725244945754,False,False,False,False,False,False,False,,,6.8965517241379315
frame_000061.jpg,32.4971217007715,32.27371505280901,61,True,0.04740542618621806,0.0,0.0,0.12825255581477962,False,False,False,False,False,0.3696255866797715,0.12,0.18,False,False,True,True,True,32.4971217007715,32.27371505280901,32.4971217007715,32.27371505280901,False,False,False,False,0.13284360661839664,0.4373756275756178,0.13284360661839664,False,both,left,none,none,0,moving_average,4,2.0,peak,18,-1,-1,18,False,0.1320255703230235,False,False,False,False,False,False,False,,,7.011494252873564
frame_000062.jpg,32.27125515614974,32.00929543992396,62,True,0.026083472209900604,0.0,0.0,0.0705672798363341,False,False,False,False,False,0.3696255866797715,0.12,0.18,False,False,True,True,True,32.27125515614974,32.00929543992396,32.27125515614974,32.00929543992396,False,False,False,False,0.05355531805538344,0.37912183617763684,0.05355531805538344,False,both,left,none,none,0,moving_average,4,2.0,peak,18,-1,-1,18,False,0.07267479576079637,False,False,False,False,False,False,False,,,7.126436781609196
frame_000063.jpg,32.20878413093798,31.962319743303933,63,True,0.04482547699088355,0.0,0.0,0.1212726569974132,False,False,False,False,False,0.3696255866797715,0.12,0.18,False,False,True,True,True,32.20878413093798,31.962319743303933,32.20878413093798,31.962319743303933,False,False,False,False,0.03162546260860905,0.3687727081314221,0.03162546260860905,False,both,left,none,none,0,moving_average,4,2.0,peak,18,-1,-1,18,False,0.04658074172720758,False,False,False,False,False,False,False,,,7.241379310344828
frame_000064.jpg,32.274121283185636,32.196916789232574,64,True,0.07045532706857499,0.0,0.0,0.19061268918489294,False,False,False,False,False,0.3696255866797715,0.12,0.18,False,False,True,True,True,32.274121283185636,32.196916789232574,32.274121283185636,32.196916789232574,False,False,False,False,0.054561444517630266,0.42045634546452226,0.054561444517630266,False,both,left,none,none,0,moving_average,4,2.0,peak,18,-1,-1,18,False,0.09074108362887032,False,False,False,False,False,False,False,,,7.356321839080461
frame_000065.jpg,32.64865050729484,32.32868284433072,65,True,0.135213385091343,0.0,0.0,0.36581175644771136,False,False,False,False,True,0.3696255866797715,0.12,0.18,False,False,True,True,True,32.64865050729484,32.32868284433072,32.64865050729484,32.32868284433072,False,False,True,True,0.18603634376037165,0.4494854791330571,0.18603634376037165,False,both,left,none,none,0,moving_average,4,2.0,peak,18,-1,-1,18,False,0.14940840405746886,False,False,False,False,False,False,False,,,7.471264367816093
frame_000066.jpg,32.71015647183145,32.38534817132441,66,True,0.05288044526880944,0.12342772279841004,0.00878008021918857,1.028564356653417,False,True,False,True,True,0.3696255866797715,0.12,0.18,False,False,True,True,True,32.71015647183145,32.38534817132441,32.71015647183145,32.38534817132441,False,False,True,True,0.20762742389440467,0.46196931156202176,0.20762742389440467,False,both,left,none,none,0,moving_average,4,2.0,peak,18,-1,-1,18,False,0.218499344841044,False,False,False,False,False,False,False,,,7.586206896551725
frame_000067.jpg,32.864574136019655,32.49591949953256,67,True,0.02795680288162228,0.027212482811539554,0.00103320593822552,0.22677069009616296,False,False,False,False,True,0.3696255866797715,0.12,0.18,False,False,True,True,True,32.864574136019655,32.49591949953256,32.864574136019655,32.49591949953256,False,False,True,True,0.26183426686835576,0.48632907450757745,0.26183426686835576,False,both,left,none,none,0,moving_average,4,2.0,peak,18,-1,-1,18,False,0.2556182342427529,False,False,False,False,False,False,False,,,7.701149425287357
frame_000068.jpg,32.96586943488078,32.80897250203282,68,True,0.06441858755979656,0.053443944315943986,0.014376347115137357,0.4453662026328666,False,False,False,False,False,0.3696255866797715,0.12,0.18,False,False,True,True,True,32.96586943488078,32.80897250203282,32.96586943488078,32.80897250203282,False,False,False,False,0.29739301196549833,0.5552971972015992,0.29739301196549833,False,both,left,none,none,0,moving_average,4,2.0,peak,18,-1,-1,18,False,0.2899787635104597,True,False,False,False,False,False,False,5,,7.816091954022989
frame_000069.jpg,33.00380238692409,32.814819021180156,69,True,0.1616408452193145,0.09719626129400567,0.00662947283417431,0.809968844116714,False,False,False,False,True,0.3696255866797715,0.12,0.18,False,False,True,True,True,33.00380238692409,32.814819021180156,33.00380238692409,32.814819021180156,False,False,True,True,0.3107090116975251,0.5565852329229173,0.3107090116975251,False,both,left,none,none,0,moving_average,4,2.0,peak,18,-1,-1,18,False,0.23193485865957847,False,False,False,False,False,False,False,,,7.931034482758621
frame_000070.jpg,32.3685295197481,32.308371879883595,70,True,0.48013364753165655,0.09615496581968606,0.06310589185752104,1.2989729738261455,True,False,False,True,True,0.3696255866797715,0.12,0.18,False,False,True,True,True,32.3685295197481,32.308371879883595,32.3685295197481,32.308371879883595,False,False,True,True,0.08770255231571199,0.44501080846439867,0.08770255231571199,False,both,left,none,none,0,moving_average,4,2.0,peak,18,-1,-1,18,False,0.16223594377135353,False,False,False,False,False,False,False,,,8.045977011494253
frame_000071.jpg,32.37022082062756,32.27227857772776,71,True,0.7174352483217746,0.10911603522800392,0.07469519452303457,1.9409783147488953,True,False,False,True,True,0.3696255866797715,0.12,0.18,False,False,True,True,True,32.37022082062756,32.27227857772776,32.37022082062756,32.27227857772776,False,False,True,True,0.08829626730082352,0.4370591604315265,0.08829626730082352,False,both,left,none,none,0,moving_average,4,2.0,peak,18,-1,-1,18,False,0.07433666056856546,False,False,False,False,False,False,False,,,8.160919540229886
frame_000072.jpg,32.252612984369456,32.20296247387923,72,True,0.43718674777056515,0.0558571181711587,0.0033379746671306225,1.1827826955857519,True,False,False,True,True,0.3696255866797715,0.12,0.18,False,False,True,True,True,32.252612984369456,32.20296247387923,32.252612984369456,32.20296247387923,False,False,True,True,0.04701116208916086,0.4217882589652711,0.04701116208916086,False,both,left,none,none,0,moving_average,4,2.0,peak,18,-1,-1,18,False,0.04620892773826824,False,False,False,False,False,False,False,,,8.275862068965518
frame_000073.jpg,32.12814923392414,32.13720820021845,73,True,0.22609756180213594,0.0013621741826261105,0.007571421493035187,0.6116934810522672,False,False,False,False,True,0.3696255866797715,0.12,0.18,False,False,True,True,True,32.12814923392414,32.13720820021845,32.12814923392414,32.13720820021845,False,False,True,True,0.003319353824820336,0.4073020576598256,0.003319353824820336,False,both,left,none,none,0,moving_average,4,2.0,peak,18,-1,-1,18,False,0.03223485791250034,False,False,False,False,False,False,False,,,8.39080459770115
frame_000074.jpg,32.25079808154267,32.29857058163909,74,True,0.12348520783638745,0.05992528940671864,0.0022777661799302275,0.4993774117226553,False,False,False,False,False,0.3696255866797715,0.12,0.18,False,False,True,True,True,32.25079808154267,32.29857058163909,32.25079808154267,32.29857058163909,False,False,False,False,0.04637405782351983,0.44285150274144175,0.04637405782351983,False,both,left,none,none,0,moving_average,4,2.0,peak,18,-1,-1,18,False,0.07826336372668524,False,False,False,False,False,False,False,,,8.505747126436782
frame_000075.jpg,32.64597370954478,32.46042016398568,75,True,0.17061286539729506,0.009709801669649862,0.0290797302331876,0.46158294107790504,False,False,False,False,True,0.3696255866797715,0.12,0.18,False,False,True,True,True,32.64597370954478,32.46042016398568,32.64597370954478,32.46042016398568,False,False,True,True,0.18509667953171555,0.4785082821497355,0.18509667953171555,False,both,left,none,none,0,moving_average,4,2.0,peak,18,-1,-1,18,False,0.15785867649404806,False,False,False,False,False,False,False,,,8.620689655172415
frame_000076.jpg,32.80837270407376,32.75004749808806,76,True,0.41146573932573544,0.009211413621873183,0.04242197672164028,1.1131960398678042,True,False,False,True,True,0.3696255866797715,0.12,0.18,False,False,True,True,True,32.80837270407376,32.75004749808806,32.80837270407376,32.75004749808806,False,False,True,True,0.24210529212690882,0.5423155395610376,0.24210529212690882,False,both,left,none,none,0,moving_average,4,2.0,peak,18,-1,-1,18,False,0.25079246693065926,False,False,False,False,False,False,False,,,8.735632183908047
frame_000077.jpg,33.04501250481798,32.81910774843731,77,True,0.28402225073774445,0.015168678413475172,0.06854403426954994,0.7684052754275631,False,False,False,False,True,0.3696255866797715,0.12,0.18,False,False,True,True,True,33.04501250481798,32.81910774843731,33.04501250481798,32.81910774843731,False,False,True,True,0.32517542913335346,0.5575300744203964,0.32517542913335346,False,both,left,none,none,0,moving_average,4,2.0,peak,18,-1,-1,18,False,0.2562280915255722,False,False,False,False,False,False,False,,,8.85057471264368
frame_000078.jpg,32.69242668894558,32.750033591432626,78,True,0.2430805746716434,0.1183202473653556,8.24060620183073e-05,0.9860020613779633,False,False,False,False,False,0.3696255866797715,0.12,0.18,False,False,True,True,True,32.69242668894558,32.750033591432626,32.69242668894558,32.750033591432626,False,False,False,False,0.20140355331645443,0.5423124758117349,0.20140355331645443,False,both,left,none,none,0,moving_average,4,2.0,peak,18,-1,-1,18,False,0.26915748543161666,True,False,False,False,False,False,False,6,,8.965517241379311
frame_000079.jpg,32.91886761745398,32.98357005684409,79,True,0.3275984940697129,0.11832024736535574,8.24060620183073e-05,0.9860020613779645,False,False,False,False,False,0.3696255866797715,0.12,0.18,False,False,True,True,True,32.91886761745398,32.98357005684409,32.91886761745398,32.98357005684409,False,False,False,False,0.28089347384504204,0.5937624586305785,0.28089347384504204,False,both,left,none,none,0,moving_average,4,2.0,peak,18,-1,-1,18,False,0.23806641136740583,False,False,False,False,False,False,False,,,9.080459770114944
frame_000080.jpg,32.779307433057674,32.970294684011556,80,True,0.18479886120043318,0.0,0.0,0.49996230742688097,False,False,False,False,False,0.3696255866797715,0.12,0.18,False,False,True,True,True,32.779307433057674,32.970294684011556,32.779307433057674,32.970294684011556,False,False,False,False,0.23190220694072103,0.5908377860191981,0.23190220694072103,False,both,left,none,none,0,moving_average,4,2.0,peak,18,-1,-1,18,False,0.2436750166761505,False,False,False,False,False,False,False,,,9.195402298850576
frame_000081.jpg,32.74035796571516,32.72240621198438,81,True,0.2805468868921173,0.0,0.0,0.7590028856286176,False,False,False,False,False,0.3696255866797715,0.12,0.18,False,False,True,True,True,32.74035796571516,32.72240621198438,32.74035796571516,32.72240621198438,False,False,False,False,0.21822936924268846,0.536225939409646,0.21822936924268846,False,both,left,none,none,0,moving_average,4,2.0,peak,18,-1,-1,18,False,0.1850095738045695,False,False,False,False,False,False,False,,,9.310344827586208
frame_000082.jpg,32.417511322208235,32.4223451180831,82,True,0.09491286497311766,0.0,0.0,0.2567811006421108,False,False,False,False,False,0.3696255866797715,0.12,0.18,False,False,True,True,True,32.417511322208235,32.4223451180831,32.417511322208235,32.4223451180831,False,False,False,False,0.10489714523029907,0.4701200398507737,0.10489714523029907,False,both,left,none,none,0,moving_average,4,2.0,peak,18,-1,-1,18,False,0.1451700722701595,False,False,False,False,False,False,False,,,9.42528735632184
frame_000083.jpg,32.43883808831154,32.417279881805335,83,True,0.1723620591622552,0.0,0.0,0.4663152805803529,False,False,False,False,False,0.3696255866797715,0.12,0.18,False,False,True,True,True,32.43883808831154,32.417279881805335,32.43883808831154,32.417279881805335,False,False,False,False,0.11238370233749097,0.469004127100252,0.11238370233749097,False,both,left,none,none,0,moving_average,4,2.0,peak,18,-1,-1,18,False,0.09451425804132757,False,False,False,False,False,False,False,,,9.540229885057473
frame_000084.jpg,32.307452150787334,32.28074853529912,84,True,0.03142960957152771,0.09635875885434776,0.051455056605992394,0.8029896571195647,False,False,False,False,False,0.3696255866797715,0.12,0.18,False,False,True,True,True,32.307452150787334,32.28074853529912,32.307452150787334,32.28074853529912,False,False,False,False,0.06626192655619266,0.4389251609756165,0.06626192655619266,False,both,left,none,none,0,moving_average,4,2.0,peak,18,-1,-1,18,False,0.07399186317961895,False,False,False,False,False,False,False,,,9.655172413793105
frame_000085.jpg,32.24212643881173,32.37293601133234,85,True,0.14258695230094334,0.09635875885434786,0.051455056605992394,0.8029896571195655,False,False,False,False,False,0.3696255866797715,0.12,0.18,False,False,True,True,True,32.24212643881173,32.37293601133234,32.24212643881173,32.37293601133234,False,False,False,False,0.04332996064517322,0.45923481176041075,0.04332996064517322,False,both,left,none,none,0,moving_average,4,2.0,peak,18,-1,-1,18,False,0.086929604491639,False,False,False,False,False,False,False,,,9.770114942528737
frame_000086.jpg,32.54940433882534,32.4977358564523,86,True,0.13314795131210574,0.0,0.0,0.3602238484303298,False,False,False,False,False,0.3696255866797715,0.12,0.18,False,False,True,True,True,32.54940433882534,32.4977358564523,32.54940433882534,32.4977358564523,False,False,False,False,0.15119692627355114,0.48672923271048957,0.15119692627355114,False,both,left,none,none,0,moving_average,4,2.0,peak,18,-1,-1,18,False,0.11027779640337998,False,False,False,False,False,False,False,,,9.88505747126437
frame_000087.jpg,32.50698636419438,32.663997085350445,87,True,0.2392216358580358,0.0,0.0,0.6471998813904829,False,False,False,False,False,0.3696255866797715,0.12,0.18,False,False,True,True,True,32.50698636419438,32.663997085350445,32.50698636419438,32.663997085350445,False,False,False,False,0.13630650229141555,0.5233579337365928,0.13630650229141555,False,both,left,none,none,0,moving_average,4,2.0,peak,18,-1,-1,18,False,0.14319584212486725,False,False,False,False,False,False,False,,,10.0
frame_000088.jpg,32.52344485459155,32.83404806131356,88,True,0.14545109502027023,0.0,0.0,0.3935092706292628,False,False,False,False,False,0.3696255866797715,0.12,0.18,False,False,True,True,True,32.52344485459155,32.83404806131356,32.52344485459155,32.83404806131356,False,False,False,False,0.14208409780963505,0.560821546865339,0.14208409780963505,False,both,left,none,none,0,moving_average,4,2.0,peak,18,-1,-1,18,False,0.150222370286214,False,False,False,False,False,False,False,,,10.114942528735632
frame_000089.jpg,32.6094532186254,32.88841491897887,89,True,0.05625843034859826,0.0,0.0,0.15220383105495958,False,False,False,False,False,0.3696255866797715,0.12,0.18,False,False,True,True,True,32.6094532186254,32.88841491897887,32.6094532186254,32.88841491897887,False,False,False,False,0.17227651075759134,0.5727990078064659,0.17227651075759134,False,both,left,none,none,0,moving_average,4,2.0,peak,18,-1,-1,18,False,0.15833256494036999,False,False,False,False,False,False,False,,,10.229885057471265
frame_000090.jpg,32.57629628408078,32.76524255251734,90,True,0.08481075699636642,0.0,0.0,0.2294504494621012,False,False,False,False,False,0.3696255866797715,0.12,0.18,False,False,True,True,True,32.57629628408078,32.76524255251734,32.57629628408078,32.76524255251734,False,False,False,False,0.1606370862538836,0.5456631336420762,0.1606370862538836,False,both,left,none,none,0,moving_average,4,2.0,peak,18,-1,-1,18,False,0.1669041734381595,True,False,False,False,False,False,False,7,,10.344827586206897
frame_000091.jpg,32.59669802835785,32.7152348974212,91,True,0.040955191373901356,0.0,0.0,0.11080182987814438,False,False,False,False,False,0.3696255866797715,0.12,0.18,False,False,True,True,True,32.59669802835785,32.7152348974212,32.59669802835785,32.7152348974212,False,False,False,False,0.1677989233030036,0.5346460404828807,0.1677989233030036,False,both,left,none,none,0,moving_average,4,2.0,peak,18,-1,-1,18,False,0.13689194929331844,False,False,False,False,False,False,False,,,10.459770114942529
frame_000092.jpg,32.352968024398194,32.333896008988084,92,True,0.04594837980211168,0.0,0.0,0.12431060364313869,False,False,False,False,False,0.3696255866797715,0.12,0.18,False,False,True,True,True,32.352968024398194,32.333896008988084,32.352968024398194,32.333896008988084,False,False,False,False,0.08223983832306814,0.4506339817087921,0.08223983832306814,False,both,left,none,none,0,moving_average,4,2.0,peak,18,-1,-1,18,False,0.10438205994859558,False,False,False,False,False,False,False,,,10.574712643678161
frame_000093.jpg,32.29846598257947,32.10530233339709,93,True,0.007675904975008165,0.0,0.0,0.020766703528179328,False,False,False,False,False,0.3696255866797715,0.12,0.18,False,False,True,True,True,32.29846598257947,32.10530233339709,32.29846598257947,32.10530233339709,False,False,False,False,0.06310741821971502,0.400272935689999,0.06310741821971502,False,both,left,none,none,0,moving_average,4,2.0,peak,18,-1,-1,18,False,0.06623627786105174,False,False,False,False,False,False,False,,,10.689655172413794
frame_000094.jpg,32.27070325101463,32.03784961997356,94,True,0.017991795041009534,0.0,0.0,0.048675729412089884,False,False,False,False,False,0.3696255866797715,0.12,0.18,False,False,True,True,True,32.27070325101463,32.03784961997356,32.27070325101463,32.03784961997356,False,False,False,False,0.05336157704037208,0.38541255429041427,0.05336157704037208,False,both,left,none,none,0,moving_average,4,2.0,peak,18,-1,-1,18,False,0.053037826501469945,False,False,False,False,False,False,False,,,10.804597701149426
frame_000095.jpg,32.240173739505366,31.73899946645445,95,True,0.05361562816790988,0.0,0.0,0.14505388723091905,False,False,False,False,False,0.3696255866797715,0.12,0.18,False,False,True,True,True,32.240173739505366,31.73899946645445,32.240173739505366,31.73899946645445,False,False,False,False,0.04264448424432272,0.31957343474702105,0.04264448424432272,False,both,left,none,none,0,moving_average,4,2.0,peak,18,-1,-1,18,False,0.04182287112748918,False,False,False,False,False,False,False,,,10.919540229885058
frame_000096.jpg,32.20262270240594,31.588114146767065,96,True,0.028679681312917385,0.0,0.0,0.07759116886506097,False,False,False,False,False,0.3696255866797715,0.12,0.18,False,False,True,True,True,32.20262270240594,31.588114146767065,32.20262270240594,31.588114146767065,False,False,False,False,0.02946255209777276,0.28633217158131263,0.02946255209777276,False,both,left,none,none,0,moving_average,4,2.0,peak,18,-1,-1,18,False,0.038486340474303354,False,False,False,False,False,False,False,,,11.03448275862069
frame_000097.jpg,32.242189179265154,31.83478947940071,97,True,0.004788597032162951,0.0,0.0,0.012955263933910492,False,False,False,False,False,0.3696255866797715,0.12,0.18,False,False,True,True,True,32.242189179265154,31.83478947940071,32.242189179265154,31.83478947940071,False,False,False,False,0.0433519850808146,0.34067675371529654,0.0433519850808146,False,both,left,none,none,0,moving_average,4,2.0,peak,18,-1,-1,18,False,0.04490199919279028,False,False,False,False,False,False,False,,,11.149425287356323
frame_000098.jpg,32.29500211425577,32.14150995984226,98,True,0.01629871647820705,0.0,0.0,0.04409520624536091,False,False,False,False,False,0.3696255866797715,0.12,0.18,False,False,True,True,True,32.29500211425577,32.14150995984226,32.29500211425577,32.14150995984226,False,False,False,False,0.0618914603997835,0.40824977029367804,0.0618914603997835,False,both,left,none,none,0,moving_average,4,2.0,peak,18,-1,-1,18,False,0.06519958870907766,False,False,False,False,False,False,False,,,11.264367816091955
frame_000099.jpg,32.376086393877266,32.37466633374815,99,True,0.04191302945139106,0.0,0.0,0.11339320372240029,False,False,False,False,False,0.3696255866797715,0.12,0.18,False,False,True,True,True,32.376086393877266,32.37466633374815,32.376086393877266,32.37466633374815,False,False,False,False,0.09035532064663486,0.45961601586233813,0.09035532064663486,False,both,left,none,none,0,moving_average,4,2.0,peak,18,-1,-1,18,False,0.0784262177372508,False,False,False,False,False,False,False,,,11.379310344827587
frame_000100.jpg,32.35522427119603,32.29383912583889,100,True,0.02455684286145554,0.0,0.0,0.06643707510089279,False,False,False,False,False,0.3696255866797715,0.12,0.18,False,False,True,True,True,32.35522427119603,32.29383912583889,32.35522427119603,32.29383912583889,False,False,False,False,0.08303187216533402,0.44180912454496024,0.08303187216533402,False,both,left,none,none,0,moving_average,4,2.0,peak,18,-1,-1,18,False,0.0886778541066216,False,False,False,False,False,False,False,,,11.49425287356322
frame_000101.jpg,32.382612846891085,32.267932556260504,101,True,0.02097600046096993,0.0,0.0,0.056749319356894735,False,False,False,False,False,0.3696255866797715,0.12,0.18,False,False,True,True,True,32.382612846891085,32.267932556260504,32.382612846891085,32.267932556260504,False,False,False,False,0.09264636950789595,0.43610169655355474,0.09264636950789595,False,both,left,none,none,0,moving_average,4,2.0,peak,18,-1,-1,18,False,0.09264696201177539,True,False,False,False,False,False,False,8,,11.609195402298852
frame_000102.jpg,32.41000648613864,32.350730262915114,102,True,0.012630762436643765,0.0,0.0,0.03417177514712081,False,False,False,False,False,0.3696255866797715,0.12,0.18,False,False,True,True,True,32.41000648613864,32.350730262915114,32.41000648613864,32.350730262915114,False,False,False,False,0.1022626443620962,0.4543427047717525,0.1022626443620962,False,both,left,none,none,0,moving_average,4,2.0,peak,18,-1,-1,18,False,0.09207149314062249,False,False,False,False,False,False,False,,,11.724137931034484
frame_000103.jpg,32.35030630028934,32.0690268494556,103,True,0.04497866269693878,0.0,0.0,0.12168709179731774,False,False,False,False,False,0.3696255866797715,0.12,0.18,False,False,True,True,True,32.35030630028934,32.0690268494556,32.35030630028934,32.0690268494556,False,False,False,False,0.08130546555187532,0.3922811515279546,0.08130546555187532,False,both,left,none,none,0,moving_average,4,2.0,peak,18,-1,-1,18,False,0.08883868177807722,False,False,False,False,False,False,False,,,11.839080459770116
frame_000104.jpg,32.354985162710776,31.948281029676398,104,True,0.034266918246176066,0.0,0.0,0.09270710546308451,False,False,False,False,False,0.3696255866797715,0.12,0.18,False,False,True,True,True,32.354985162710776,31.948281029676398,32.354985162710776,31.948281029676398,False,False,False,False,0.08294793542026015,0.36567986533420516,0.08294793542026015,False,both,left,none,none,0,moving_average,4,2.0,peak,18,-1,-1,18,False,0.07936790709820007,False,False,False,False,False,False,False,,,11.954022988505749
frame_000105.jpg,32.32906901640873,31.71430359225459,105,True,0.04034288100283846,0.0,0.0,0.10914526065477681,False,False,False,False,False,0.3696255866797715,0.12,0.18,False,False,True,True,True,32.32906901640873,31.71430359225459,32.32906901640873,31.71430359225459,False,False,False,False,0.07385032032246476,0.3141327327947992,0.07385032032246476,False,both,left,none,none,0,moving_average,4,2.0,peak,18,-1,-1,18,False,0.07121784026898173,False,False,False,False,False,False,False,,,12.06896551724138
frame_000106.jpg,32.28065563182943,31.609400272928088,106,True,0.0183167206360177,0.0,0.0,0.04955479624814652,False,False,False,False,False,0.3696255866797715,0.12,0.18,False,False,True,True,True,32.28065563182943,31.609400272928088,32.28065563182943,31.609400272928088,False,False,False,False,0.056855265064220326,0.291021678307103,0.056855265064220326,False,both,left,none,none,0,moving_average,4,2.0,peak,18,-1,-1,18,False,0.06191099002817711,False,False,False,False,False,False,False,,,12.183908045977013
frame_000107.jpg,32.27544859520628,31.666562720011566,107,True,0.031135734005247405,0.0,0.0,0.08423587307613023,False,False,False,False,False,0.3696255866797715,0.12,0.18,False,False,True,True,True,32.27544859520628,31.666562720011566,32.27544859520628,31.666562720011566,False,False,False,False,0.05502738469784625,0.3036150303352169,0.05502738469784625,False,both,left,none,none,0,moving_average,4,2.0,peak,18,-1,-1,18,False,0.053052199110552034,False,False,False,False,False,False,False,,,12.298850574712645
frame_000108.jpg,32.25336157472898,31.630494164655698,108,True,0.01446786535086815,0.0,0.0,0.03914194761468858,False,False,False,False,False,0.3696255866797715,0.12,0.18,False,False,True,True,True,32.25336157472898,31.630494164655698,32.25336157472898,31.630494164655698,False,False,False,False,0.04727394756958953,0.29566883422365736,0.04727394756958953,False,both,left,none,none,0,moving_average,4,2.0,peak,18,-1,-1,18,False,0.05645447060738579,False,False,False,False,False,False,False,,,12.413793103448278
frame_000109.jpg,32.30973152642051,32.02644859142438,109,True,0.00557817189531451,0.0,0.0,0.015091411678021116,False,False,False,False,False,0.3696255866797715,0.12,0.18,False,False,True,True,True,32.30973152642051,32.02644859142438,32.30973152642051,32.02644859142438,False,False,False,False,0.06706207955472157,0.38290081496979633,0.06706207955472157,False,both,left,none,none,0,moving_average,4,2.0,peak,18,-1,-1,18,False,0.06808213224996068,False,False,False,False,False,False,False,,,12.52873563218391
frame_000110.jpg,32.374818873144065,32.246115297505476,110,True,0.02793739013425187,0.0,0.0,0.07558294431184949,False,False,False,False,False,0.3696255866797715,0.12,0.18,False,False,True,True,True,32.374818873144065,32.246115297505476,32.374818873144065,32.246115297505476,False,False,False,False,0.08991036962557092,0.4312951769972928,0.08991036962557092,False,both,left,none,none,0,moving_average,4,2.0,peak,18,-1,-1,18,False,0.09389158648602111,False,False,False,False,False,False,False,,,12.643678160919542
frame_000111.jpg,32.473929795554156,32.36076402293273,111,True,0.014237327134779576,0.0,0.0,0.038518240208068204,False,False,False,False,False,0.3696255866797715,0.12,0.18,False,False,True,True,True,32.473929795554156,32.36076402293273,32.473929795554156,32.36076402293273,False,False,False,False,0.12470231027777083,0.4565532237140729,0.12470231027777083,False,both,left,none,none,0,moving_average,4,2.0,peak,18,-1,-1,18,False,0.11076739826504864,False,False,False,False,False,False,False,,,12.758620689655173
frame_000112.jpg,32.45395262249777,32.2591962925834,112,True,0.016501180094105318,0.0,0.0,0.04464295949403867,False,False,False,False,False,0.3696255866797715,0.12,0.18,False,False,True,True,True,32.45395262249777,32.2591962925834,32.45395262249777,32.2591962925834,False,False,False,False,0.11768951489180417,0.4341770266083445,0.11768951489180417,False,both,left,none,none,0,moving_average,4,2.0,peak,18,-1,-1,18,False,0.12353405150074888,False,False,False,False,False,False,False,,,12.873563218390805
frame_000113.jpg,32.48392300081508,32.272006964962664,113,True,0.011085439085727193,0.0,0.0,0.02999099490190641,False,False,False,False,False,0.3696255866797715,0.12,0.18,False,False,True,True,True,32.48392300081508,32.272006964962664,32.48392300081508,32.272006964962664,False,False,False,False,0.12821032933267165,0.4369993219301901,0.12821032933267165,False,both,left,none,none,0,moving_average,4,2.0,peak,18,-1,-1,18,False,0.12593140781170953,False,False,False,False,False,False,False,,,12.988505747126437
frame_000114.jpg,32.49441766063477,32.31488810792713,114,True,0.006832260825580709,0.0,0.0,0.01848427455185861,False,False,False,False,False,0.3696255866797715,0.12,0.18,False,False,True,True,True,32.49441766063477,32.31488810792713,32.49441766063477,32.31488810792713,False,False,False,False,0.1318943792106528,0.4464463865026848,0.1318943792106528,False,both,left,none,none,0,moving_average,4,2.0,peak,18,-1,-1,18,False,0.13125147702973652,True,False,False,False,False,False,False,9,,13.10344827586207
frame_000115.jpg,32.49941806284976,32.29770758026724,115,True,0.006235738681831917,0.0,0.0,0.01687041943672126,False,False,False,False,False,0.3696255866797715,0.12,0.18,False,False,True,True,True,32.49941806284976,32.29770758026724,32.49941806284976,32.29770758026724,False,False,False,False,0.1336497225458851,0.44266137651992876,0.1336497225458851,False,both,left,none,none,0,moving_average,4,2.0,peak,18,-1,-1,18,False,0.11905374015858317,False,False,False,False,False,False,False,,,13.218390804597702
frame_000116.jpg,32.37968084617064,31.763253286443533,116,True,0.015480261010942414,0.0,0.0,0.04188092374772171,False,False,False,False,False,0.3696255866797715,0.12,0.18,False,False,True,True,True,32.37968084617064,31.763253286443533,32.37968084617064,31.763253286443533,False,False,False,False,0.09161711871921159,0.32491674856112274,0.09161711871921159,False,both,left,none,none,0,moving_average,4,2.0,peak,18,-1,-1,18,False,0.09942477555203447,False,False,False,False,False,False,False,,,13.333333333333334
frame_000117.jpg,32.32666805383147,31.73260526499509,117,True,0.010782834091756316,0.0,0.0,0.029172315121945607,False,False,False,False,False,0.3696255866797715,0.12,0.18,False,False,True,True,True,32.32666805383147,31.73260526499509,32.32666805383147,31.73260526499509,False,False,False,False,0.0730074853910067,0.3181647401577425,0.0730074853910067,False,both,left,none,none,0,moving_average,4,2.0,peak,18,-1,-1,18,False,0.07958557501748628,False,False,False,False,False,False,False,,,13.448275862068966
frame_000118.jpg,32.32987177471534,31.625510641819282,118,True,0.02138816938020991,0.0,0.0,0.05786441780812037,False,False,False,False,False,0.3696255866797715,0.12,0.18,False,False,True,True,True,32.32987177471534,31.625510641819282,32.32987177471534,31.625510641819282,False,False,False,False,0.0741321209422406,0.2945709236088883,0.0741321209422406,False,both,left,none,none,0,moving_average,4,2.0,peak,18,-1,-1,18,False,0.07528379334421467,False,False,False,False,False,False,False,,,13.563218390804598
frame_000119.jpg,32.34291771583191,31.66814545648696,119,True,0.035181338437548074,0.0,0.0,0.09518101480357674,False,False,False,False,False,0.3696255866797715,0.12,0.18,False,False,True,True,True,32.34291771583191,31.66814545648696,32.34291771583191,31.66814545648696,False,False,False,False,0.0787117736993967,0.30396372005406824,0.0787117736993967,False,both,left,none,none,0,moving_average,4,2.0,peak,18,-1,-1,18,False,0.0870580628050189,False,False,False,False,False,False,False,,,13.67816091954023
frame_000120.jpg,32.427291245733656,32.13494957338801,120,True,0.0694110162228275,0.0,0.0,0.18778736841874089,False,False,False,False,False,0.3696255866797715,0.12,0.18,False,False,True,True,True,32.427291245733656,32.13494957338801,32.427291245733656,32.13494957338801,False,False,False,False,0.1083302937734194,0.40680446379834645,0.1083302937734194,False,both,left,none,none,0,moving_average,4,2.0,peak,18,-1,-1,18,False,0.10565808342918828,False,False,False,False,False,False,False,,,13.793103448275863
frame_000121.jpg,32.48882800133143,32.340820632500716,121,True,0.02926837638272664,0.0,0.0,0.07918384829804427,False,False,False,False,False,0.3696255866797715,0.12,0.18,False,False,True,True,True,32.48882800133143,32.340820632500716,32.48882800133143,32.340820632500716,False,False,False,False,0.12993218281474875,0.45215953259063896,0.12993218281474875,False,both,left,none,none,0,moving_average,4,2.0,peak,18,-1,-1,18,False,0.12618309163960312,False,False,False,False,False,False,False,,,13.908045977011495
frame_000122.jpg,32.51832493296973,32.42618817231168,122,True,0.015623470925011127,0.0,0.0,0.042268369636831074,False,False,False,False,False,0.3696255866797715,0.12,0.18,False,False,True,True,True,32.51832493296973,32.42618817231168,32.51832493296973,32.42618817231168,False,False,False,False,0.1402867983306412,0.47096669595513874,0.1402867983306412,False,both,left,none,none,0,moving_average,4,2.0,peak,18,-1,-1,18,False,0.13979857990165598,False,False,False,False,False,False,False,,,14.022988505747128
frame_000123.jpg,32.54364953809271,32.4793736590348,123,True,0.01626585039734637,0.0,0.0,0.044006289021973025,False,False,False,False,False,0.3696255866797715,0.12,0.18,False,False,True,True,True,32.54364953809271,32.4793736590348,32.54364953809271,32.4793736590348,False,False,False,False,0.14917675855957802,0.48268389126891975,0.14917675855957802,False,both,left,none,none,0,moving_average,4,2.0,peak,18,-1,-1,18,False,0.1434116075237526,False,False,False,False,False,False,False,,,14.13793103448276
frame_000124.jpg,32.51970502287203,32.47214470988019,124,True,0.03214091164119998,0.0,0.0,0.08695532127500025,False,False,False,False,False,0.3696255866797715,0.12,0.18,False,False,True,True,True,32.51970502287203,32.47214470988019,32.51970502287203,32.47214470988019,False,False,False,False,0.14077126568103862,0.48109129497288683,0.14077126568103862,False,both,left,none,none,0,moving_average,4,2.0,peak,18,-1,-1,18,False,0.16030431914424176,False,False,False,False,False,False,False,,,14.252873563218392
frame_000125.jpg,32.66269045550133,32.56274400209989,125,True,0.07365436093247127,0.0,0.0,0.19926748468385225,False,False,False,False,False,0.3696255866797715,0.12,0.18,False,False,True,True,True,32.66269045550133,32.56274400209989,32.66269045550133,32.56274400209989,False,False,False,False,0.19096493319210872,0.5010510559459336,0.19096493319210872,False,both,left,none,none,0,moving_average,4,2.0,peak,18,-1,-1,18,False,0.15721629043250251,False,False,False,False,False,False,False,,,14.367816091954024
frame_000126.jpg,32.51725916995181,31.942142906558285,126,True,0.040109455375340206,0.0,0.0,0.10851374152863881,False,False,False,False,False,0.3696255866797715,0.12,0.18,False,False,True,True,True,32.51725916995181,31.942142906558285,32.51725916995181,31.942142906558285,False,False,False,False,0.13991267242436026,0.3643275868863386,0.13991267242436026,False,both,left,none,none,0,moving_average,4,2.0,peak,18,-1,-1,18,False,0.1609521231282441,False,False,False,False,False,False,False,,,14.482758620689657
frame_000127.jpg,32.55163153954548,32.05178281421491,127,True,0.11206417001460658,0.0,0.0,0.3031829344425076,False,False,False,False,False,0.3696255866797715,0.12,0.18,False,False,True,True,True,32.55163153954548,32.05178281421491,32.55163153954548,32.05178281421491,False,False,False,False,0.1519787637682634,0.3884821503086045,0.1519787637682634,False,both,left,none,none,0,moving_average,4,2.0,peak,18,-1,-1,18,False,0.17653952574631784,False,False,False,False,False,False,False,,,14.597701149425289
frame_000128.jpg,32.79590077569286,32.460098232593026,128,True,0.21951417658887823,0.0,0.0,0.5938825246398766,False,False,False,False,False,0.3696255866797715,0.12,0.18,False,False,True,True,True,32.79590077569286,32.460098232593026,32.79590077569286,32.460098232593026,False,False,False,False,0.23772714104632992,0.47843735804547727,0.23772714104632992,False,both,left,none,none,0,moving_average,4,2.0,peak,18,-1,-1,18,False,0.19921781085146945,False,False,False,False,False,False,False,,,14.712643678160921
frame_000129.jpg,32.7110683435693,32.47907708538711,129,True,0.05957846714483655,0.0,0.0,0.161185992777207,False,False,False,False,False,0.3696255866797715,0.12,0.18,False,False,True,True,True,32.7110683435693,32.47907708538711,32.7110683435693,32.47907708538711,False,False,False,False,0.20794752773981506,0.4826185536821271,0.20794752773981506,False,both,left,none,none,0,moving_average,4,2.0,peak,18,-1,-1,18,False,0.21787406550865335,False,False,False,False,False,False,False,,,14.827586206896553
frame_000130.jpg,32.7110683435693,32.47907708538711,130,True,0.0,0.0,0.0,0.0,False,False,False,False,False,0.3696255866797715,0.12,0.18,False,False,True,True,True,32.7110683435693,32.47907708538711,32.7110683435693,32.47907708538711,False,False,False,False,0.20794752773981506,0.4826185536821271,0.20794752773981506,False,both,left,none,none,0,moving_average,4,2.0,peak,18,-1,-1,18,False,0.22057788527604474,False,False,False,False,False,False,False,,,14.942528735632186
frame_000131.jpg,32.81900768489252,32.53439707776887,131,True,0.033741544046607154,0.0,0.0,0.09128573687145594,False,False,False,False,False,0.3696255866797715,0.12,0.18,False,False,True,True,True,32.81900768489252,32.53439707776887,32.81900768489252,32.53439707776887,False,False,False,False,0.24583860034850413,0.49480599795369096,0.24583860034850413,False,both,left,none,none,0,moving_average,4,2.0,peak,18,-1,-1,18,False,0.22038780725902438,False,False,False,False,False,False,False,,,15.057471264367818
frame_000132.jpg,32.70944393223349,32.3909840013971,132,True,0.04456482540541239,0.0,0.0,0.12056747966428398,False,False,False,False,False,0.3696255866797715,0.12,0.18,False,False,True,True,True,32.70944393223349,32.3909840013971,32.70944393223349,32.3909840013971,False,False,False,False,0.207377293688754,0.4632109307665388,0.207377293688754,False,both,left,none,none,0,moving_average,4,2.0,peak,18,-1,-1,18,False,0.22589059202672784,False,False,False,False,False,False,False,,,15.17241379310345
frame_000133.jpg,32.758095275432915,32.49724486286945,133,True,0.05970981959832422,0.0,0.0,0.16154135901326108,False,False,False,False,False,0.3696255866797715,0.12,0.18,False,False,True,True,True,32.758095275432915,32.49724486286945,32.758095275432915,32.49724486286945,False,False,False,False,0.2244558820429254,0.4866210628306495,0.2244558820429254,False,both,left,none,none,0,moving_average,4,2.0,peak,18,-1,-1,18,False,0.22259673067915237,False,False,False,False,False,False,False,,,15.287356321839082
frame_000134.jpg,32.79085826606194,32.43836952229653,134,True,0.042623408817900894,0.0,0.0,0.11531509276934357,False,False,False,False,False,0.3696255866797715,0.12,0.18,False,False,True,True,True,32.79085826606194,32.43836952229653,32.79085826606194,32.43836952229653,False,False,False,False,0.23595701630577767,0.47365034643484705,0.23595701630577767,False,both,left,none,none,0,moving_average,4,2.0,peak,18,-1,-1,18,False,0.24871742925668366,False,False,False,False,False,False,False,,,15.402298850574715
frame_000135.jpg,32.93267205473703,32.62003086879088,135,True,0.09506613658209427,0.0,0.0,0.25719576784725046,False,False,False,False,False,0.3696255866797715,0.12,0.18,False,False,True,True,True,32.93267205473703,32.62003086879088,32.93267205473703,32.62003086879088,False,False,False,False,0.285739389421348,0.5136718186255592,0.285739389421348,False,both,left,none,none,0,moving_average,4,2.0,peak,18,-1,-1,18,False,0.26720750850284425,True,False,False,False,False,False,False,10,,15.517241379310347
frame_000136.jpg,32.91611194037053,32.645258055004646,136,True,0.028472971271748266,0.0,0.0,0.07703192716584331,False,False,False,False,False,0.3696255866797715,0.12,0.18,False,False,True,True,True,32.91611194037053,32.645258055004646,32.91611194037053,32.645258055004646,False,False,False,False,0.2799261197814072,0.5192295729359167,0.2799261197814072,False,both,left,none,none,0,moving_average,4,2.0,peak,18,-1,-1,18,False,0.2629225076807421,False,False,False,False,False,False,False,,,15.632183908045977
frame_000137.jpg,32.75423854528361,32.38585339469716,137,True,0.048569166209869966,0.0,0.0,0.13140098510536366,False,False,False,False,False,0.3696255866797715,0.12,0.18,False,False,True,True,True,32.75423854528361,32.38585339469716,32.75423854528361,32.38585339469716,False,False,False,False,0.22310201383947104,0.4620806163803155,0.22310201383947104,False,both,left,none,none,0,moving_average,4,2.0,peak,18,-1,-1,18,False,0.17501865166821692,False,False,False,False,False,False,False,,,15.74712643678161
frame_000138.jpg,32.18144357283966,32.13430368954477,138,True,0.09859224412089679,0.07188609106313829,0.08518081631016507,0.5990507588594858,False,False,False,False,False,0.3696255866797715,0.12,0.18,False,False,True,True,True,32.18144357283966,32.13430368954477,32.18144357283966,32.13430368954477,False,False,False,False,0.02202782138377262,0.40666217033432933,0.02202782138377262,False,both,left,none,none,0,moving_average,4,2.0,peak,18,-1,-1,18,False,0.09063740077546222,False,False,False,False,False,False,False,,,15.862068965517242
frame_000139.jpg,32.19498772711948,32.083744419552275,139,True,0.05051635265552238,0.08391075391883548,0.05509795900013475,0.6992562826569624,False,False,False,False,False,0.3696255866797715,0.12,0.18,False,False,True,True,True,32.19498772711948,32.083744419552275,32.19498772711948,32.083744419552275,False,False,False,False,0.026782367103143054,0.3955235519268607,0.026782367103143054,False,both,left,none,none,0,moving_average,4,2.0,peak,18,-1,-1,18,False,0.03778427805177884,False,False,False,False,False,False,False,,,15.977011494252874
frame_000140.jpg,32.3025544787554,31.746203798944293,140,True,0.23792991192014212,0.012024662855697093,0.03008285731003031,0.6437051992460545,False,False,False,False,False,0.3696255866797715,0.12,0.18,False,False,True,True,True,32.3025544787554,31.746203798944293,32.3025544787554,31.746203798944293,False,False,False,False,0.06454264566842086,0.32116060779158406,0.06454264566842086,False,both,left,none,none,0,moving_average,4,2.0,peak,18,-1,-1,18,False,0.05459050864462256,False,False,False,False,False,False,False,,,16.091954022988507
frame_000141.jpg,32.325070026415034,31.397870863478246,141,True,0.1833197089251314,0.0,0.0,0.49596054908382764,False,False,False,False,False,0.3696255866797715,0.12,0.18,False,False,True,True,True,32.325070026415034,31.397870863478246,32.325070026415034,31.397870863478246,False,False,False,False,0.07244651316230377,0.24442002891286513,0.07244651316230377,False,both,left,none,none,0,moving_average,4,2.0,peak,18,-1,-1,18,False,0.0877764445035575,False,False,False,False,False,False,False,,,16.20689655172414
frame_000142.jpg,32.47859553850035,31.959002649743308,142,True,0.0995557699641815,0.0,0.0,0.26934220344013293,False,False,False,False,False,0.3696255866797715,0.12,0.18,False,False,True,True,True,32.47859553850035,31.959002649743308,32.47859553850035,31.959002649743308,False,False,False,False,0.12634017467994788,0.3680419254401539,0.12634017467994788,False,both,left,none,none,0,moving_average,4,2.0,peak,18,-1,-1,18,False,0.1193818646470072,False,False,False,False,False,False,False,,,16.32183908045977
frame_000143.jpg,32.57265516456273,32.32567583729443,143,True,0.051090649383681935,0.0,0.0,0.13822270758529706,False,False,False,False,False,0.3696255866797715,0.12,0.18,False,False,True,True,True,32.57265516456273,32.32567583729443,32.57265516456273,32.32567583729443,False,False,False,False,0.15935890609877,0.4488230110252154,0.15935890609877,False,both,left,none,none,0,moving_average,4,2.0,peak,18,-1,-1,18,False,0.15516917915966094,False,False,False,False,False,False,False,,,16.436781609195403
frame_000144.jpg,32.63090928275771,32.25225054124175,144,True,0.051090649383681935,0.0,0.0,0.13822270758529706,False,False,False,False,False,0.3696255866797715,0.12,0.18,False,False,True,True,True,32.63090928275771,32.25225054124175,32.63090928275771,32.25225054124175,False,False,False,False,0.17980845670026505,0.4326468210939206,0.17980845670026505,False,both,left,none,none,0,moving_average,4,2.0,peak,18,-1,-1,18,False,0.17369510674252917,True,False,False,False,False,False,False,11,,16.551724137931036
frame_000145.jpg,32.63691856419146,32.192720928449376,145,True,0.08623903826962488,0.0,0.0,0.2333145793403606,False,False,False,False,False,0.3696255866797715,0.12,0.18,False,False,True,True,True,32.63691856419146,32.192720928449376,32.63691856419146,32.192720928449376,False,False,False,False,0.1819179574285525,0.41953196320659314,0.1819179574285525,False,both,left,none,none,0,moving_average,4,2.0,peak,18,-1,-1,18,False,0.17050169430153883,False,False,False,False,False,False,False,,,16.666666666666668
frame_000146.jpg,32.54536418452,32.24475955720552,146,True,0.08231835588250097,0.0,0.0,0.22270740676244966,False,False,False,False,False,0.3696255866797715,0.12,0.18,False,False,True,True,True,32.54536418452,32.24475955720552,32.54536418452,32.24475955720552,False,False,False,False,0.14977866877579904,0.43099649638218335,0.14977866877579904,False,both,left,none,none,0,moving_average,4,2.0,peak,18,-1,-1,18,False,0.1518976797919562,False,False,False,False,False,False,False,,,16.7816091954023
frame_000147.jpg,32.471918924300184,32.29999901915907,147,True,0.22806293361136465,0.0,0.0,0.6170106773721513,False,False,False,False,False,0.3696255866797715,0.12,0.18,False,False,True,True,True,32.471918924300184,32.29999901915907,32.471918924300184,32.29999901915907,False,False,False,False,0.1239964131715171,0.4431661991454106,0.1239964131715171,False,both,left,none,none,0,moving_average,4,2.0,peak,18,-1,-1,18,False,0.1386577704145708,False,False,False,False,False,False,False,,,16.896551724137932
frame_000148.jpg,32.52376997807466,32.36042361679032,148,True,0.10190557702457176,0.0,0.0,0.27569946642481374,False,False,False,False,False,0.3696255866797715,0.12,0.18,False,False,True,True,True,32.52376997807466,32.36042361679032,32.52376997807466,32.36042361679032,False,False,False,False,0.14219822929639628,0.45647822947217853,0.14219822929639628,False,both,left,none,none,0,moving_average,4,2.0,peak,18,-1,-1,18,False,0.17640620692337328,False,False,False,False,False,False,False,,,17.011494252873565
frame_000149.jpg,32.86796323692637,32.82555193364171,149,True,0.34129222350961863,0.0,0.0,0.9233457742342395,False,False,False,False,False,0.3696255866797715,0.12,0.18,False,False,True,True,True,32.86796323692637,32.82555193364171,32.86796323692637,32.82555193364171,False,False,False,False,0.26302397830220653,0.5589497808352543,0.26302397830220653,False,both,left,none,none,0,moving_average,4,2.0,peak,18,-1,-1,18,False,0.21221708236338893,False,False,False,False,False,False,False,,,17.126436781609197
frame_000150.jpg,32.77795953289858,32.85206618149619,150,True,0.09629208878467664,0.0,0.0,0.2605125084809136,False,False,False,False,False,0.3696255866797715,0.12,0.18,False,False,True,True,True,32.77795953289858,32.85206618149619,32.77795953289858,32.85206618149619,False,False,False,False,0.23142903949156404,0.5647910852934853,0.23142903949156404,False,both,left,none,none,0,moving_average,4,2.0,peak,18,-1,-1,18,False,0.2419606857617782,True,False,False,False,False,False,False,12,,17.24137931034483
frame_000151.jpg,32.77795953289858,32.85206618149619,151,True,0.0,0.0,0.0,0.0,False,False,False,False,False,0.3696255866797715,0.12,0.18,False,False,True,True,True,32.77795953289858,32.85206618149619,32.77795953289858,32.85206618149619,False,False,False,False,0.23142903949156404,0.5647910852934853,0.23142903949156404,False,both,left,none,none,0,moving_average,4,2.0,peak,18,-1,-1,18,False,0.22273464810030089,False,False,False,False,False,False,False,,,17.35632183908046
frame_000152.jpg,32.703657053551716,32.24967246214795,152,True,0.03241350755936654,0.0,0.0,0.0876928132885137,False,False,False,False,False,0.3696255866797715,0.12,0.18,False,False,True,True,True,32.703657053551716,32.24967246214795,32.703657053551716,32.24967246214795,False,False,False,False,0.2053458653177746,0.43207884930053064,0.2053458653177746,False,both,left,none,none,0,moving_average,4,2.0,peak,18,-1,-1,18,False,0.18695650475927394,False,False,False,False,False,False,False,,,17.471264367816094
frame_000153.jpg,32.47219865361068,31.847128523412366,153,True,0.0792462985151518,0.0,0.0,0.2143961386087905,False,False,False,False,False,0.3696255866797715,0.12,0.18,False,False,True,True,True,32.47219865361068,31.847128523412366,32.47219865361068,31.847128523412366,False,False,False,False,0.12409460946848318,0.3433951454717283,0.12409460946848318,False,both,left,none,none,0,moving_average,4,2.0,peak,18,-1,-1,18,False,0.15043707916496973,False,False,False,False,False,False,False,,,17.586206896551726
frame_000154.jpg,32.46586363752552,32.08045205089256,154,True,0.13520681584615796,0.0,0.0,0.36579398374630273,False,False,False,False,False,0.3696255866797715,0.12,0.18,False,False,True,True,True,32.46586363752552,32.08045205089256,32.46586363752552,32.08045205089256,False,False,False,False,0.12187076270865146,0.39479821633236517,0.12187076270865146,False,both,left,none,none,0,moving_average,4,2.0,peak,18,-1,-1,18,False,0.1298460654115927,False,False,False,False,False,False,False,,,17.70114942528736
frame_000155.jpg,32.527685751445546,32.30310837601904,155,True,0.012815903447179394,0.0,0.0,0.03467266311918652,False,False,False,False,False,0.3696255866797715,0.12,0.18,False,False,True,True,True,32.527685751445546,32.30310837601904,32.527685751445546,32.30310837601904,False,False,False,False,0.14357282405764346,0.443851215751881,0.14357282405764346,False,both,left,none,none,0,moving_average,4,2.0,peak,18,-1,-1,18,False,0.17996934634613176,False,False,False,False,False,False,False,,,17.81609195402299
frame_000156.jpg,32.900553426111266,32.63846215077438,156,True,0.09350511844366821,0.0,0.0,0.25297252628962946,False,False,False,False,False,0.3696255866797715,0.12,0.18,False,False,True,True,True,32.900553426111266,32.63846215077438,32.900553426111266,32.63846215077438,False,False,False,False,0.27446445227210037,0.5177323799589241,0.27446445227210037,False,both,left,none,none,0,moving_average,4,2.0,peak,18,-1,-1,18,False,0.21604838845297838,False,False,False,False,False,False,False,,,17.931034482758623
frame_000157.jpg,32.77419600495177,32.59966339455852,157,True,0.09350511844366821,0.0,0.0,0.25297252628962946,False,False,False,False,False,0.3696255866797715,0.12,0.18,False,False,True,True,True,32.77419600495177,32.59966339455852,32.77419600495177,32.59966339455852,False,False,False,False,0.23010788902919133,0.5091846983915872,0.23010788902919133,False,both,left,none,none,0,moving_average,4,2.0,peak,18,-1,-1,18,False,0.244893410110161,True,False,False,False,False,False,False,13,,18.045977011494255
frame_000158.jpg,32.77419600495177,32.59966339455852,158,True,0.0,0.0,0.0,0.0,False,False,False,False,False,0.3696255866797715,0.12,0.18,False,False,True,True,True,32.77419600495177,32.59966339455852,32.77419600495177,32.59966339455852,False,False,False,False,0.23010788902919133,0.5091846983915872,0.23010788902919133,False,both,left,none,none,0,moving_average,4,2.0,peak,18,-1,-1,18,False,0.22286184513319574,False,False,False,False,False,False,False,,,18.160919540229887
frame_000159.jpg,32.71227113836827,31.16302903898629,159,True,0.19373744908040313,0.0,0.0,0.5241451243153503,False,False,False,False,False,0.3696255866797715,0.12,0.18,False,False,True,True,True,32.71227113836827,31.16302903898629,32.71227113836827,31.16302903898629,False,False,False,False,0.20836975734120464,0.19268246487133972,0.20836975734120464,False,both,left,none,none,0,moving_average,4,2.0,peak,18,-1,-1,18,False,0.1924057841221869,False,False,False,False,False,False,False,,,18.27586206896552
frame_000160.jpg,32.51391777011968,31.106958547657563,160,True,0.1475737700159823,0.0,0.0,0.39925204134700276,False,False,False,False,False,0.3696255866797715,0.12,0.18,False,False,True,True,True,32.51391777011968,31.106958547657563,32.51391777011968,31.106958547657563,False,False,False,False,0.13873970599616484,0.18032967957751195,0.13873970599616484,False,both,left,none,none,0,moving_average,4,2.0,peak,18,-1,-1,18,False,0.1606724855124595,False,False,False,False,False,False,False,,,18.390804597701152
frame_000161.jpg,32.503002466675305,31.55596409864432,161,True,0.044322700079246546,0.0,0.0,0.11991242402178699,False,False,False,False,False,0.3696255866797715,0.12,0.18,False,False,True,True,True,32.503002466675305,31.55596409864432,32.503002466675305,31.55596409864432,False,False,False,False,0.13490799320000907,0.27924925448472193,0.13490799320000907,False,both,left,none,none,0,moving_average,4,2.0,peak,18,-1,-1,18,False,0.15438747994146954,False,False,False,False,False,False,False,,,18.505747126436784
frame_000162.jpg,32.65855932857988,31.982897450061298,162,True,0.13111632408296153,0.0,0.0,0.35472740201980485,False,False,False,False,False,0.3696255866797715,0.12,0.18,False,False,True,True,True,32.65855932857988,31.982897450061298,32.65855932857988,31.982897450061298,False,False,False,False,0.18951474062823473,0.3733061443005972,0.18951474062823473,False,both,left,none,none,0,moving_average,4,2.0,peak,18,-1,-1,18,False,0.17542959738926184,False,False,False,False,False,False,False,,,18.620689655172416
frame_000163.jpg,32.69374421532089,32.140867725101174,163,True,0.057795659137504354,0.0,0.0,0.15636271194498272,False,False,False,False,False,0.3696255866797715,0.12,0.18,False,False,True,True,True,32.69374421532089,32.140867725101174,32.69374421532089,32.140867725101174,False,False,False,False,0.20186605833954177,0.40810828075654587,0.20186605833954177,False,both,left,none,none,0,moving_average,4,2.0,peak,18,-1,-1,18,False,0.19774895243577276,False,False,False,False,False,False,False,,,18.73563218390805
frame_000164.jpg,32.69374421532089,32.140867725101174,164,True,0.0,0.0,0.0,0.0,False,False,False,False,False,0.3696255866797715,0.12,0.18,False,False,True,True,True,32.69374421532089,32.140867725101174,32.69374421532089,32.140867725101174,False,False,False,False,0.20186605833954177,0.40810828075654587,0.20186605833954177,False,both,left,none,none,0,moving_average,4,2.0,peak,18,-1,-1,18,False,0.20182119799479026,False,False,False,False,False,False,False,,,18.85057471264368
frame_000165.jpg,32.69336083772844,32.07955115277762,165,True,0.01429656642180406,0.0,0.0,0.03867850856924042,False,False,False,False,False,0.3696255866797715,0.12,0.18,False,False,True,True,True,32.69336083772844,32.07955115277762,32.69336083772844,32.07955115277762,False,False,False,False,0.20173147730528723,0.394599741150112,0.20173147730528723,False,both,left,none,none,0,moving_average,4,2.0,peak,18,-1,-1,18,False,0.19797393375718392,False,False,False,False,False,False,False,,,18.965517241379313
frame_000166.jpg,32.660865401992574,31.66868467601184,166,True,0.04933614108448943,0.0,0.0,0.13347598992715903,False,False,False,False,False,0.3696255866797715,0.12,0.18,False,False,True,True,True,32.660865401992574,31.66868467601184,32.660865401992574,31.66868467601184,False,False,False,False,0.19032426562672275,0.30408251450118673,0.19032426562672275,False,both,left,none,none,0,moving_average,4,2.0,peak,18,-1,-1,18,False,0.19555257304300405,False,False,False,False,False,False,False,,,19.080459770114945
frame_000167.jpg,32.67305120802915,30.950993343719702,167,True,0.05779000248661013,0.0,0.0,0.15634740821304943,False,False,False,False,False,0.3696255866797715,0.12,0.18,False,False,True,True,True,32.67305120802915,30.950993343719702,32.67305120802915,30.950993343719702,False,False,False,False,0.19460197619700223,0.14596927659375358,0.19460197619700223,False,both,left,none,none,0,moving_average,4,2.0,peak,18,-1,-1,18,False,0.18615870987041463,False,False,False,False,False,False,False,,,19.195402298850578
frame_000168.jpg,32.61308065560207,30.86966085393107,168,True,0.03342476603062165,0.0,0.0,0.09042871282495793,False,False,False,False,False,0.3696255866797715,0.12,0.18,False,False,True,True,True,32.61308065560207,30.86966085393107,32.61308065560207,30.86966085393107,False,False,False,False,0.17354988778751898,0.12805106756859658,0.17354988778751898,False,both,left,none,none,0,moving_average,4,2.0,peak,18,-1,-1,18,False,0.18078722121490465,False,False,False,False,False,False,False,,,19.31034482758621
frame_000169.jpg,32.614960529882836,30.65326587452935,169,True,0.02132015677489081,0.0,0.0,0.057680413757075,False,False,False,False,False,0.3696255866797715,0.12,0.18,False,False,True,True,True,32.614960529882836,30.65326587452935,32.614960529882836,30.65326587452935,False,False,False,False,0.1742097996601927,0.08037749353943299,0.1742097996601927,False,both,left,none,none,0,moving_average,4,2.0,peak,18,-1,-1,18,False,0.17795245008159608,False,False,False,False,False,False,False,,,19.425287356321842
frame_000170.jpg,32.64882518528564,30.300875047931566,170,True,0.029093659784345922,0.0,0.0,0.07871116295190754,False,False,False,False,False,0.3696255866797715,0.12,0.18,False,False,True,True,True,32.64882518528564,30.300875047931566,32.64882518528564,30.300875047931566,False,False,False,False,0.18609766279707657,0.002742928239189883,0.18609766279707657,False,both,left,none,none,0,moving_average,4,2.0,peak,18,-1,-1,18,False,0.17470583200444895,False,False,False,False,False,False,False,,,19.540229885057474
frame_000171.jpg,32.58533497890447,31.19192534958333,171,True,0.07631999916747007,0.0,0.0,0.20647921009210488,False,False,False,False,False,0.3696255866797715,0.12,0.18,False,False,True,True,True,32.58533497890447,31.19192534958333,32.58533497890447,31.19192534958333,False,False,False,False,0.16381003355607762,0.19904855712646632,0.16381003355607762,False,both,left,none,none,0,moving_average,4,2.0,peak,18,-1,-1,18,False,0.1951702971684079,False,False,False,False,False,False,False,,,19.655172413793107
frame_000172.jpg,32.78985034467972,32.20476273006551,172,True,0.098489014883097,0.0,0.0,0.2664561611326541,False,False,False,False,False,0.3696255866797715,0.12,0.18,False,False,True,True,True,32.78985034467972,32.20476273006551,32.78985034467972,32.20476273006551,False,False,False,False,0.23560319515206954,0.4221848700456451,0.23560319515206954,False,both,left,none,none,0,moving_average,4,2.0,peak,18,-1,-1,18,False,0.22691467190490483,False,False,False,False,False,False,False,,,19.77011494252874
frame_000173.jpg,32.92011338040966,32.675625075551665,173,True,0.06144069039324196,0.0,0.0,0.16622412681206417,False,False,False,False,False,0.3696255866797715,0.12,0.18,False,False,True,True,True,32.92011338040966,32.675625075551665,32.92011338040966,32.675625075551665,False,False,False,False,0.2813307870065674,0.5259196745551684,0.2813307870065674,False,both,left,none,none,0,moving_average,4,2.0,peak,18,-1,-1,18,False,0.27064833533332067,False,False,False,False,False,False,False,,,19.885057471264368
frame_000174.jpg,32.95908392548604,32.74002475596198,174,True,0.13607312091626864,0.0,0.0,0.36813772049324284,False,False,False,False,False,0.3696255866797715,0.12,0.18,False,False,True,True,True,32.95908392548604,32.74002475596198,32.95908392548604,32.74002475596198,False,False,False,False,0.29501102384132505,0.5401074479498379,0.29501102384132505,False,both,left,none,none,0,moving_average,4,2.0,peak,18,-1,-1,18,False,0.28630366876480806,True,False,False,False,False,False,False,14,,20.0
frame_000175.jpg,32.92364120324749,32.595914124106564,175,True,0.11648184502866077,0.0,0.0,0.315134690958437,False,False,False,False,False,0.3696255866797715,0.12,0.18,False,False,True,True,True,32.92364120324749,32.595914124106564,32.92364120324749,32.595914124106564,False,False,False,False,0.2825691954465318,0.5083587036160114,0.2825691954465318,False,both,left,none,none,0,moving_average,4,2.0,peak,18,-1,-1,18,False,0.2649713500722788,False,False,False,False,False,False,False,,,20.114942528735632
frame_000176.jpg,32.73780686834429,31.568859091332367,176,True,0.11648184502866077,0.0,0.0,0.315134690958437,False,False,False,False,False,0.3696255866797715,0.12,0.18,False,False,True,True,True,32.73780686834429,31.568859091332367,32.73780686834429,31.568859091332367,False,False,False,False,0.2173338309289796,0.28209012625641805,0.2173338309289796,False,both,left,none,none,0,moving_average,4,2.0,peak,18,-1,-1,18,False,0.23151106476605876,False,False,False,False,False,False,False,,,20.229885057471265
frame_000177.jpg,32.67313151708586,30.5318411227666,177,True,0.10491887308965504,0.0,0.0,0.2838517593765836,False,False,False,False,False,0.3696255866797715,0.12,0.18,False,False,True,True,True,32.67313151708586,30.5318411227666,32.67313151708586,30.5318411227666,False,False,False,False,0.19463016792266483,0.05362663310755635,0.19463016792266483,False,both,left,none,none,0,moving_average,4,2.0,peak,18,-1,-1,18,False,0.1981551322317892,False,False,False,False,False,False,False,,,20.344827586206897
frame_000178.jpg,32.63858059616309,31.03803793481684,178,True,0.04277464929641922,0.0,0.0,0.11572426487205667,False,False,False,False,False,0.3696255866797715,0.12,0.18,False,False,True,True,True,32.63858059616309,31.03803793481684,32.63858059616309,31.03803793481684,False,False,False,False,0.1825013978437232,0.16514590799703563,0.1825013978437232,False,both,left,none,none,0,moving_average,4,2.0,peak,18,-1,-1,18,False,0.1815993814368092,False,False,False,False,False,False,False,,,20.45977011494253
frame_000179.jpg,32.59632102118633,30.636319512797098,179,True,0.04467102061554239,0.0,0.0,0.12085478447747053,False,False,False,False,False,0.3696255866797715,0.12,0.18,False,False,True,True,True,32.59632102118633,30.636319512797098,32.59632102118633,30.636319512797098,False,False,False,False,0.16766657854403966,0.0766440722151438,0.16766657854403966,False,both,left,none,none,0,moving_average,4,2.0,peak,18,-1,-1,18,False,0.15715707928131084,False,False,False,False,False,False,False,,,20.57471264367816
frame_000180.jpg,32.46424701104399,31.330115871648633,180,True,0.13246357924289748,0.0,0.0,0.3583723205765474,False,False,False,False,False,0.3696255866797715,0.12,0.18,False,False,True,True,True,32.46424701104399,31.330115871648633,32.46424701104399,31.330115871648633,False,False,False,False,0.12130326145616965,0.22949305312181426,0.12130326145616965,False,both,left,none,none,0,moving_average,4,2.0,peak,18,-1,-1,18,False,0.28320715690943093,False,False,False,False,False,False,False,,,20.689655172413794
frame_000181.jpg,,,181,False,,,,0.0,False,False,False,False,False,0.3696255866797715,0.12,0.18,True,True,False,False,False,,,33.715807611621045,31.937047644211646,True,True,False,False,0.5606516307280835,0.3632050591486244,0.5606516307280835,False,missing,left,none,none,0,moving_average,4,2.0,peak,18,-1,-1,18,False,0.5606516307280844,False,False,False,False,False,False,False,,,20.804597701149426
frame_000182.jpg,34.96736821219811,32.543979416774654,182,True,,,,0.0,False,False,False,False,False,0.3696255866797715,0.12,0.18,False,False,True,True,True,34.96736821219811,32.543979416774654,34.96736821219811,32.543979416774654,False,False,False,False,1.0,0.4969170651754337,1.0,False,both,left,none,none,0,moving_average,4,2.0,peak,18,-1,-1,18,False,0.7795536535894507,True,False,False,False,False,False,False,15,,20.919540229885058
frame_000183.jpg,,,183,False,,,,0.0,False,False,False,False,False,0.3696255866797715,0.12,0.18,True,True,False,False,False,,,34.334988998687585,32.38208705978095,True,True,False,False,0.7780093300402687,0.4612508621644697,0.7780093300402687,False,missing,left,none,none,0,moving_average,4,2.0,peak,18,-1,-1,18,False,0.7780093300402677,False,False,False,False,False,False,False,,,21.03448275862069
frame_000184.jpg,,,184,False,,,,0.0,False,False,False,False,False,0.3696255866797715,0.12,0.18,True,True,False,False,False,,,33.70260978517705,32.22019470278724,True,True,False,False,0.556018660080535,0.42558465915350413,0.556018660080535,False,missing,left,none,none,0,moving_average,4,2.0,peak,18,-1,-1,18,False,0.5560186600805358,False,False,False,False,False,False,False,,,21.149425287356323
frame_000185.jpg,33.07023057166653,32.058302345793535,185,True,,,,0.0,False,False,False,False,False,0.3696255866797715,0.12,0.18,False,False,True,True,True,33.07023057166653,32.058302345793535,33.07023057166653,32.058302345793535,False,False,False,False,0.3340279901208038,0.3899184561425401,0.3340279901208038,False,both,left,none,none,0,moving_average,4,2.0,peak,18,-1,-1,18,False,0.3955854391277436,False,False,False,False,False,False,False,,,21.264367816091955
frame_000186.jpg,,,186,False,,,,0.0,False,False,False,False,False,0.3696255866797715,0.12,0.18,True,True,False,False,False,,,32.96392280785861,32.0509091574602,True,True,False,False,0.29670966718189196,0.3882896766195797,0.29670966718189196,False,missing,left,none,none,0,moving_average,4,2.0,peak,18,-1,-1,18,False,0.29670966718189196,False,False,False,False,False,False,False,,,21.379310344827587
frame_000187.jpg,32.85761504405069,32.043515969126865,187,True,,,,0.0,False,False,False,False,False,0.3696255866797715,0.12,0.18,False,False,True,True,True,32.85761504405069,32.043515969126865,32.85761504405069,32.043515969126865,False,False,False,False,0.25939134424298005,0.38666089709662077,0.25939134424298005,False,both,left,none,none,0,moving_average,4,2.0,peak,18,-1,-1,18,False,0.25927402142142514,False,False,False,False,False,False,False,,,21.49425287356322
frame_000188.jpg,32.75030463656903,33.44870962781483,188,True,0.0767863953856582,0.0,0.0,0.20774101726940994,False,False,False,False,False,0.3696255866797715,0.12,0.18,False,False,True,True,True,32.75030463656903,33.44870962781483,32.75030463656903,33.44870962781483,False,False,False,False,0.2217210528394035,0.6962364893676835,0.2217210528394035,False,both,left,none,none,0,moving_average,4,2.0,peak,18,-1,-1,18,False,0.19737498017188643,False,False,False,False,False,False,False,,,21.60919540229885
frame_000189.jpg,32.434932102579786,34.82752168386213,189,True,0.0767863953856582,0.0,0.0,0.20774101726940994,False,False,False,False,False,0.3696255866797715,0.12,0.18,False,False,True,True,True,32.434932102579786,34.82752168386213,32.434932102579786,34.82752168386213,False,False,False,False,0.11101254343327582,1.0,0.11101254343327582,False,both,left,none,none,0,moving_average,4,2.0,peak,18,-1,-1,18,False,0.151821593222573,False,False,False,False,False,False,False,,,21.724137931034484
frame_000190.jpg,32.4683146961986,34.622443983438465,190,True,0.04677510974441854,0.0,0.0,0.12654727223995613,False,False,False,False,False,0.3696255866797715,0.12,0.18,False,False,True,True,True,32.4683146961986,34.622443983438465,32.4683146961986,34.622443983438465,False,False,False,False,0.12273118339503963,0.9548197145797528,0.12273118339503963,False,both,left,none,none,0,moving_average,4,2.0,peak,18,-1,-1,18,False,0.12015322477163429,False,False,False,False,False,False,False,,,21.839080459770116
frame_000191.jpg,32.479665993001724,32.18336474176554,191,True,0.04677510974441854,0.0,0.0,0.12654727223995613,False,False,False,False,False,0.3696255866797715,0.12,0.18,False,False,True,True,True,32.479665993001724,32.18336474176554,32.479665993001724,32.18336474176554,False,False,False,False,0.12671594748658743,0.4174707191808036,0.12671594748658743,False,both,left,none,none,0,moving_average,4,2.0,peak,18,-1,-1,18,False,0.13249195170899153,False,False,False,False,False,False,False,,,21.95402298850575
frame_000192.jpg,32.54037916174379,31.267591489137747,192,True,0.08066315669510499,0.0,0.0,0.21822936398877668,False,False,False,False,False,0.3696255866797715,0.12,0.18,False,False,True,True,True,32.54037916174379,31.267591489137747,32.54037916174379,31.267591489137747,False,False,False,False,0.14802872424534755,0.2157184231072844,0.14802872424534755,False,both,left,none,none,0,moving_average,4,2.0,peak,18,-1,-1,18,False,0.1400784099888878,False,False,False,False,False,False,False,,,22.06896551724138
frame_000193.jpg,32.533148752349355,31.625821389600873,193,True,0.09430034365668424,0.0,0.0,0.2551239607186128,False,False,False,False,False,0.3696255866797715,0.12,0.18,False,False,True,True,True,32.533148752349355,31.625821389600873,32.533148752349355,31.625821389600873,False,False,False,False,0.14549055823472842,0.2946393838726662,0.14549055823472842,False,both,left,none,none,0,moving_average,4,2.0,peak,18,-1,-1,18,False,0.14460523498634678,False,False,False,False,False,False,False,,,22.183908045977013
frame_000194.jpg,32.51835234903793,31.57947792459986,194,True,0.026764718114451053,0.0,0.0,0.07241035003791257,False,False,False,False,False,0.3696255866797715,0.12,0.18,False,False,True,True,True,32.51835234903793,31.57947792459986,32.51835234903793,31.57947792459986,False,False,False,False,0.14029642247896437,0.28442954159443007,0.14029642247896437,False,both,left,none,none,0,moving_average,4,2.0,peak,18,-1,-1,18,False,0.1482295106013234,False,False,False,False,False,False,False,,,22.298850574712645
frame_000195.jpg,32.5713523089039,31.964687090918762,195,True,0.0462621475349814,0.0,0.0,0.12515948354803974,False,False,False,False,False,0.3696255866797715,0.12,0.18,False,False,True,True,True,32.5713523089039,31.964687090918762,32.5713523089039,31.964687090918762,False,False,False,False,0.15890155109027737,0.36929425406599203,0.15890155109027737,False,both,left,none,none,0,moving_average,4,2.0,peak,18,-1,-1,18,False,0.1615683699974147,False,False,False,False,False,False,False,,,22.413793103448278
frame_000196.jpg,32.64714296772189,32.393813393616554,196,True,0.020448552952594283,0.0,0.0,0.055322341551831127,False,False,False,False,False,0.3696255866797715,0.12,0.18,False,False,True,True,True,32.64714296772189,32.393813393616554,32.64714296772189,32.393813393616554,False,False,False,False,0.18550713642300234,0.4638342688855866,0.18550713642300234,False,both,left,none,none,0,moving_average,4,2.0,peak,18,-1,-1,18,False,0.2224445193570657,False,False,False,False,False,False,False,,,22.52873563218391
frame_000197.jpg,33.038601395458514,32.72373221364965,197,True,0.05506206837881113,0.0,0.0,0.14896714503294017,False,False,False,False,False,0.3696255866797715,0.12,0.18,False,False,True,True,True,33.038601395458514,32.72373221364965,33.038601395458514,32.72373221364965,False,False,False,False,0.32292487055791735,0.5365180683616522,0.32292487055791735,False,both,left,none,none,0,moving_average,4,2.0,peak,18,-1,-1,18,False,0.2837268851402826,False,False,False,False,False,False,False,,,22.643678160919542
frame_000198.jpg,33.09507289071598,32.7876597976837,198,True,0.09057451792866979,0.0,0.0,0.2450439612210608,False,False,False,False,False,0.3696255866797715,0.12,0.18,False,False,True,True,True,33.09507289071598,32.7876597976837,33.09507289071598,32.7876597976837,False,False,False,False,0.34274864843992814,0.5506018350847948,0.34274864843992814,False,both,left,none,none,0,moving_average,4,2.0,peak,18,-1,-1,18,False,0.33914838339348335,False,False,False,False,False,False,False,,,22.758620689655174
frame_000199.jpg,33.12077643371339,32.91334103288527,199,True,0.09632123586165421,0.0,0.0,0.26059136416089884,False,False,False,False,False,0.3696255866797715,0.12,0.18,False,False,True,True,True,33.12077643371339,32.91334103288527,33.12077643371339,32.91334103288527,False,False,False,False,0.35177163118260457,0.5782904334387133,0.35177163118260457,False,both,left,none,none,0,moving_average,4,2.0,peak,18,-1,-1,18,False,0.3487639702683791,True,False,False,False,False,False,False,16,,22.873563218390807
frame_000200.jpg,33.12077643371339,32.91334103288527,200,True,0.0,0.0,0.0,0.0,False,False,False,False,False,0.3696255866797715,0.12,0.18,False,False,True,True,True,33.12077643371339,32.91334103288527,33.12077643371339,32.91334103288527,False,False,False,False,0.35177163118260457,0.5782904334387133,0.35177163118260457,False,both,left,none,none,0,moving_average,4,2.0,peak,18,-1,-1,18,False,0.3021758751913247,False,False,False,False,False,False,False,,,22.98850574712644
frame_000201.jpg,32.69692990215085,32.502483060045584,201,True,0.05641256232397837,0.0,0.0,0.15262082593013754,False,False,False,False,False,0.3696255866797715,0.12,0.18,False,False,True,True,True,32.69692990215085,32.502483060045584,32.69692990215085,32.502483060045584,False,False,False,False,0.202984363208765,0.48777508027387384,0.202984363208765,False,both,left,none,none,0,moving_average,4,2.0,peak,18,-1,-1,18,False,0.2671991781902643,False,False,False,False,False,False,False,,,23.10344827586207
frame_000202.jpg,32.82186473425225,31.858386054595492,202,True,0.05641256232397692,0.0,0.0,0.1526208259301336,False,False,False,False,False,0.3696255866797715,0.12,0.18,False,False,True,True,True,32.82186473425225,31.858386054595492,32.82186473425225,31.858386054595492,False,False,False,False,0.24684154017942342,0.34587527115545813,0.24684154017942342,False,both,left,none,none,0,moving_average,4,2.0,peak,18,-1,-1,18,False,0.19375692238097886,False,False,False,False,False,False,False,,,23.218390804597703
frame_000203.jpg,32.493137137311344,31.111143696906986,203,True,0.05641256232397837,0.0,0.0,0.15262082593013754,False,False,False,False,False,0.3696255866797715,0.12,0.18,False,False,True,True,True,32.493137137311344,31.111143696906986,32.493137137311344,31.111143696906986,False,False,False,False,0.1314448637547482,0.18125170199742713,0.1314448637547482,False,both,left,none,none,0,moving_average,4,2.0,peak,18,-1,-1,18,False,0.16456848188388107,False,False,False,False,False,False,False,,,23.333333333333336
frame_000204.jpg,32.44748478292352,30.610191030610032,204,True,0.08164427412719548,0.0,0.0,0.22088371873976553,False,False,False,False,False,0.3696255866797715,0.12,0.18,False,False,True,True,True,32.44748478292352,30.610191030610032,32.44748478292352,30.610191030610032,False,False,False,False,0.1154190417174716,0.07088775507110177,0.1154190417174716,False,both,left,none,none,0,moving_average,4,2.0,peak,18,-1,-1,18,False,0.11851523641635403,False,False,False,False,False,False,False,,,23.448275862068968
frame_000205.jpg,32.42829258340044,31.70289372558145,205,True,0.19679511334060787,0.0,0.0,0.5324174527752676,False,False,False,False,False,0.3696255866797715,0.12,0.18,False,False,True,True,True,32.42829258340044,31.70289372558145,32.42829258340044,31.70289372558145,False,False,False,False,0.10868180377684232,0.3116190463635855,0.10868180377684232,False,both,left,none,none,0,moving_average,4,2.0,peak,18,-1,-1,18,False,0.15402673991232013,False,False,False,False,False,False,False,,,23.5632183908046
frame_000206.jpg,32.7966193060272,32.50282675491615,206,True,0.10791822704781087,0.0,0.0,0.29196633278882506,False,False,False,False,False,0.3696255866797715,0.12,0.18,False,False,True,True,True,32.7966193060272,32.50282675491615,32.7966193060272,32.50282675491615,False,False,False,False,0.23797937424264648,0.4878507990493309,0.23797937424264648,False,both,left,none,none,0,moving_average,4,2.0,peak,18,-1,-1,18,False,0.207159537706316,False,False,False,False,False,False,False,,,23.678160919540232
frame_000207.jpg,32.90155895937439,32.59978061925386,207,True,0.08777535970749939,0.0,0.0,0.2374710054462338,False,False,False,False,False,0.3696255866797715,0.12,0.18,False,False,True,True,True,32.90155895937439,32.59978061925386,32.90155895937439,32.59978061925386,False,False,False,False,0.27481743509945933,0.5092105239454285,0.27481743509945933,False,both,left,none,none,0,moving_average,4,2.0,peak,18,-1,-1,18,False,0.28712427972939925,False,False,False,False,False,False,False,,,23.793103448275865
frame_000208.jpg,33.11167320491443,32.631711622290936,208,True,0.05175424835067352,0.0,0.0,0.14001803504883248,False,False,False,False,False,0.3696255866797715,0.12,0.18,False,False,True,True,True,33.11167320491443,32.631711622290936,33.11167320491443,32.631711622290936,False,False,False,False,0.348576029846092,0.516245183628024,0.348576029846092,False,both,left,none,none,0,moving_average,4,2.0,peak,18,-1,-1,18,False,0.304451111885527,False,False,False,False,False,False,False,,,23.908045977011497
frame_000209.jpg,32.944694833167716,32.69077630535824,209,True,0.08861566792313381,0.0,0.0,0.23974440925245472,False,False,False,False,False,0.3696255866797715,0.12,0.18,False,False,True,True,True,32.944694833167716,32.69077630535824,32.944694833167716,32.69077630535824,False,False,False,False,0.28995987071102974,0.5292576137153732,0.28995987071102974,False,both,left,none,none,0,moving_average,4,2.0,peak,18,-1,-1,18,False,0.3172253925184054,True,False,False,False,False,False,False,17,,24.02298850574713
frame_000210.jpg,33.010728270966375,33.142084210974396,210,True,0.08632810261581952,0.0,0.0,0.23355553762194137,False,False,False,False,False,0.3696255866797715,0.12,0.18,False,False,True,True,True,33.010728270966375,33.142084210974396,33.010728270966375,33.142084210974396,False,False,False,False,0.31314027699809455,0.6286844160738363,0.31314027699809455,False,both,left,none,none,0,moving_average,4,2.0,peak,18,-1,-1,18,False,0.3136659401421689,False,False,False,False,False,False,False,,,24.13793103448276
frame_000211.jpg,33.081254038722165,34.47292152548806,211,True,0.03740977600805771,0.0,0.0,0.10120991986539074,False,False,False,False,True,0.3696255866797715,0.12,0.18,False,False,True,True,True,33.081254038722165,34.47292152548806,33.081254038722165,34.47292152548806,False,False,True,True,0.33789767271738247,0.9218787009396534,0.33789767271738247,False,both,left,none,none,0,moving_average,4,2.0,peak,18,-1,-1,18,False,0.31544251145718627,False,False,False,False,False,False,False,,,24.252873563218394
frame_000212.jpg,32.95987745464194,33.56599188148718,212,True,0.3908329747511704,0.0,0.0,1.0573753247492903,True,False,False,True,True,0.3696255866797715,0.12,0.18,False,False,True,True,True,32.95987745464194,33.56599188148718,32.95987745464194,33.56599188148718,False,False,True,True,0.29528958465608174,0.7220747237768846,0.29528958465608174,False,both,left,none,none,0,moving_average,4,2.0,peak,18,-1,-1,18,False,0.29265389507096856,False,False,False,False,False,False,False,,,24.367816091954026
frame_000213.jpg,32.81597620354944,32.078403220814685,213,True,0.18063541777661477,0.0,0.0,0.48869835932951766,False,False,False,False,True,0.3696255866797715,0.12,0.18,False,False,True,True,True,32.81597620354944,32.078403220814685,32.81597620354944,32.078403220814685,False,False,True,True,0.24477442783944148,0.3943468424018756,0.24477442783944148,False,both,left,none,none,0,moving_average,4,2.0,peak,18,-1,-1,18,False,0.2616128134449882,False,False,False,False,False,False,False,,,24.48275862068966
frame_000214.jpg,32.81597620354944,32.078403220814685,214,True,0.0,0.0,0.0,0.0,False,False,False,False,False,0.3696255866797715,0.12,0.18,False,False,True,True,True,32.81597620354944,32.078403220814685,32.81597620354944,32.078403220814685,False,False,False,False,0.24477442783944148,0.3943468424018756,0.24477442783944148,False,both,left,none,none,0,moving_average,4,2.0,peak,18,-1,-1,18,False,0.24327766801695738,False,False,False,False,False,False,False,,,24.59770114942529
frame_000215.jpg,32.803184857865475,32.60040489601523,215,True,0.18030531099860672,0.0,0.0,0.4878052751115844,False,False,False,False,False,0.3696255866797715,0.12,0.18,False,False,True,True,True,32.803184857865475,32.60040489601523,32.803184857865475,32.60040489601523,False,False,False,False,0.24028414837198922,0.5093480571935652,0.24028414837198922,False,both,left,none,none,0,moving_average,4,2.0,peak,18,-1,-1,18,False,0.24944604383338637,False,False,False,False,False,False,False,,,24.712643678160923
frame_000216.jpg,32.868691292631404,32.18225514283795,216,True,0.04571242443391125,0.0,0.0,0.1236722404542698,False,False,False,False,False,0.3696255866797715,0.12,0.18,False,False,True,True,True,32.868691292631404,32.18225514283795,32.868691292631404,32.18225514283795,False,False,False,False,0.26327955528872843,0.4172262655120395,0.26327955528872843,False,both,left,none,none,0,moving_average,4,2.0,peak,18,-1,-1,18,False,0.25608151876217955,False,False,False,False,False,False,False,,,24.827586206896555
frame_000217.jpg,32.87268313295553,32.454478843418244,217,True,0.10525267336110498,0.0,0.0,0.28475483612094094,False,False,False,False,True,0.3696255866797715,0.12,0.18,False,False,True,True,True,32.87268313295553,32.454478843418244,32.87268313295553,32.454478843418244,False,False,True,True,0.264680852625821,0.477199360904493,0.264680852625821,False,both,left,none,none,0,moving_average,4,2.0,peak,18,-1,-1,18,False,0.2614918018392169,False,False,False,False,False,False,False,,,24.942528735632187
frame_000218.jpg,32.84942126804091,32.60215360416637,218,True,0.16898696635721633,0.17116890363030635,0.06478568279732469,1.426407530252553,False,True,False,True,True,0.3696255866797715,0.12,0.18,False,False,True,True,True,32.84942126804091,32.60215360416637,32.84942126804091,32.60215360416637,False,False,True,True,0.25651499760310137,0.5097333118225279,0.25651499760310137,False,both,left,none,none,0,moving_average,4,2.0,peak,18,-1,-1,18,False,0.28163954355579873,False,False,False,False,False,False,False,,,25.05747126436782
frame_000219.jpg,,,219,False,,,,0.0,False,False,False,False,True,0.3696255866797715,0.12,0.18,True,True,False,False,False,,,33.040874381178185,32.67567473086787,True,True,False,False,0.3237227804384739,0.5259306140252038,0.3237227804384739,False,missing,left,none,none,0,moving_average,4,2.0,peak,18,-1,-1,18,False,0.3237227804384747,False,False,False,False,False,False,False,,,25.172413793103452
frame_000220.jpg,,,220,False,,,,0.0,False,False,False,False,False,0.3696255866797715,0.12,0.18,True,True,False,False,False,,,33.23232749431546,32.74919585756937,True,True,False,False,0.39093056327384895,0.5421279162278798,0.39093056327384895,False,missing,left,none,none,0,moving_average,4,2.0,peak,18,-1,-1,18,False,0.3909305632738489,False,False,False,False,False,False,False,,,25.287356321839084
frame_000221.jpg,,,221,False,,,,0.0,False,False,False,False,False,0.3696255866797715,0.12,0.18,True,True,False,False,False,,,33.42378060745274,32.82271698427087,True,True,False,False,0.458138346109224,0.5583252184305557,0.458138346109224,False,missing,left,none,none,0,moving_average,4,2.0,peak,18,-1,-1,18,False,0.4581383461092231,False,False,False,False,False,False,False,,,25.402298850574716
frame_000222.jpg,33.61523372059001,32.89623811097237,222,True,,,,0.0,False,False,False,False,False,0.3696255866797715,0.12,0.18,False,False,True,True,True,33.61523372059001,32.89623811097237,33.61523372059001,32.89623811097237,False,False,False,False,0.5253461289445965,0.5745225206332316,0.5253461289445965,False,both,left,none,none,0,moving_average,4,2.0,peak,18,-1,-1,18,False,0.4894052258119526,True,False,False,False,False,False,False,18,,25.517241379310345
frame_000223.jpg,33.49953500531933,32.954548572882786,223,True,0.057441992541789284,0.02374855043854177,0.01651527360172355,0.19790458698784807,False,False,False,False,False,0.3696255866797715,0.12,0.18,False,False,True,True,True,33.49953500531933,32.954548572882786,33.49953500531933,32.954548572882786,False,False,False,False,0.48473120238203743,0.5873687896651963,0.48473120238203743,False,both,left,none,none,0,moving_average,4,2.0,peak,18,-1,-1,18,False,0.4885596074351837,False,False,False,False,False,False,False,,,25.632183908045977
frame_000224.jpg,33.41655393232993,32.98385321727901,224,True,0.0724824817751056,0.0,0.0,0.1960970354519896,False,False,False,False,False,0.3696255866797715,0.12,0.18,False,False,True,True,True,33.41655393232993,32.98385321727901,33.41655393232993,32.98385321727901,False,False,False,False,0.45560149097891717,0.593824841177502,0.45560149097891717,False,both,left,none,none,0,moving_average,4,2.0,peak,18,-1,-1,18,False,0.4310359133214298,False,False,False,False,False,False,False,,,25.74712643678161
frame_000225.jpg,33.1236348378738,32.80981015552573,225,True,0.07028787265743697,0.0,0.0,0.19015965125361167,False,False,False,False,False,0.3696255866797715,0.12,0.18,False,False,True,True,True,33.1236348378738,32.80981015552573,33.1236348378738,32.80981015552573,False,False,False,False,0.35277504660333503,0.5554817390792128,0.35277504660333503,False,both,left,none,none,0,moving_average,4,2.0,peak,18,-1,-1,18,False,0.39845075430400745,False,False,False,False,False,False,False,,,25.862068965517242
frame_000226.jpg,33.22106144737263,32.822976273667315,226,True,0.1392024696700781,0.0,0.0,0.37660398707916676,False,False,False,False,False,0.3696255866797715,0.12,0.18,False,False,True,True,True,33.22106144737263,32.822976273667315,33.22106144737263,32.822976273667315,False,False,False,False,0.38697572532977037,0.5583823419935452,0.38697572532977037,False,both,left,none,none,0,moving_average,4,2.0,peak,18,-1,-1,18,False,0.36944530866829184,False,False,False,False,False,False,False,,,25.977011494252874
frame_000227.jpg,33.16867269161882,32.70195034040269,227,True,0.014647118253512175,0.0,0.0,0.03962690566170637,False,False,False,False,False,0.3696255866797715,0.12,0.18,False,False,True,True,True,33.16867269161882,32.70195034040269,33.16867269161882,32.70195034040269,False,False,False,False,0.36858515407177006,0.5317193445206292,0.36858515407177006,False,both,left,none,none,0,moving_average,4,2.0,peak,18,-1,-1,18,False,0.3681014192916903,False,False,False,False,False,False,False,,,26.091954022988507
frame_000228.jpg,33.1121499267218,32.54525085636449,228,True,0.030245588155981502,0.0,0.0,0.08182763652177857,False,False,False,False,False,0.3696255866797715,0.12,0.18,False,False,True,True,True,33.1121499267218,32.54525085636449,33.1121499267218,32.54525085636449,False,False,False,False,0.34874337847353065,0.4971971736584365,0.34874337847353065,False,both,left,none,none,0,moving_average,4,2.0,peak,18,-1,-1,18,False,0.3579988789772272,False,False,False,False,False,False,False,,,26.20689655172414
frame_000229.jpg,33.134724893232615,32.167116090204196,229,True,0.030245588155981502,0.0,0.0,0.08182763652177857,False,False,False,False,False,0.3696255866797715,0.12,0.18,False,False,True,True,True,33.134724893232615,32.167116090204196,33.134724893232615,32.167116090204196,False,False,False,False,0.3566681043863809,0.4138910090820511,0.3566681043863809,False,both,left,none,none,0,moving_average,4,2.0,peak,18,-1,-1,18,False,0.36284815938981835,False,False,False,False,False,False,False,,,26.32183908045977
frame_000230.jpg,33.21011475944036,32.70413910689619,230,True,0.1580864049771279,0.0,0.0,0.4276933488213506,False,False,False,False,False,0.3696255866797715,0.12,0.18,False,False,True,True,True,33.21011475944036,32.70413910689619,33.21011475944036,32.70413910689619,False,False,False,False,0.38313299530954353,0.5322015475816665,0.38313299530954353,False,both,left,none,none,0,moving_average,4,2.0,peak,18,-1,-1,18,False,0.3771430819192291,False,False,False,False,False,False,False,,,26.436781609195403
frame_000231.jpg,33.23431468078082,32.91013688229682,231,True,0.0173805988652452,0.0,0.0,0.04702217457771136,False,False,False,False,False,0.3696255866797715,0.12,0.18,False,False,True,True,True,33.23431468078082,32.91013688229682,33.23431468078082,32.91013688229682,False,False,False,False,0.3916281460617628,0.5775845330028461,0.3916281460617628,False,both,left,none,none,0,moving_average,4,2.0,peak,18,-1,-1,18,False,0.388016715157101,False,False,False,False,False,False,False,,,26.551724137931036
frame_000232.jpg,33.227651226166536,33.193764891467616,232,True,0.1317137397580978,0.0,0.0,0.35634367453086846,False,False,False,False,False,0.3696255866797715,0.12,0.18,False,False,True,True,True,33.227651226166536,33.193764891467616,33.227651226166536,33.193764891467616,False,False,False,False,0.3892890040999968,0.6400700903357018,0.3892890040999968,False,both,left,none,none,0,moving_average,4,2.0,peak,18,-1,-1,18,False,0.3641737262057066,False,False,False,False,False,False,False,,,26.666666666666668
frame_000233.jpg,33.00635199855192,32.414633395477175,233,True,0.2862466709873878,0.0,0.0,0.7744233118671523,False,False,False,False,False,0.3696255866797715,0.12,0.18,False,False,True,True,True,33.00635199855192,32.414633395477175,33.00635199855192,32.414633395477175,False,False,False,False,0.3116040284553603,0.46842108463673676,0.3116040284553603,False,both,left,none,none,0,moving_average,4,2.0,peak,18,-1,-1,18,False,0.3422488318206215,False,False,False,False,False,False,False,,,26.7816091954023
frame_000234.jpg,33.04694400249885,32.748418106019265,234,True,0.052692047779379615,0.0,0.0,0.14255519552284093,False,False,False,False,False,0.3696255866797715,0.12,0.18,False,False,True,True,True,33.04694400249885,32.748418106019265,33.04694400249885,32.748418106019265,False,False,False,False,0.3258534629065075,0.5419565712354837,0.3258534629065075,False,both,left,none,none,0,moving_average,4,2.0,peak,18,-1,-1,18,False,0.3197024015612874,False,False,False,False,False,False,False,,,26.896551724137932
frame_000235.jpg,33.034968887253996,32.67813294109183,235,True,0.0526920477793794,0.0,0.0,0.14255519552284035,False,False,False,False,False,0.3696255866797715,0.12,0.18,False,False,True,True,True,33.034968887253996,32.67813294109183,33.034968887253996,32.67813294109183,False,False,False,False,0.32164971332199443,0.5264721777316048,0.32164971332199443,False,both,left,none,none,0,moving_average,4,2.0,peak,18,-1,-1,18,False,0.3267170708995853,False,False,False,False,False,False,False,,,27.011494252873565
frame_000236.jpg,33.066299532563065,32.280675144897145,236,True,0.052692047779379615,0.0,0.0,0.14255519552284093,False,False,False,False,False,0.3696255866797715,0.12,0.18,False,False,True,True,True,33.066299532563065,32.280675144897145,33.066299532563065,32.280675144897145,False,False,False,False,0.3326480364702539,0.4389089924731349,0.3326480364702539,False,both,left,none,none,0,moving_average,4,2.0,peak,18,-1,-1,18,False,0.3417429917953094,False,False,False,False,False,False,False,,,27.126436781609197
frame_000237.jpg,33.17535588629603,32.08463529697625,237,True,0.09776795061601148,0.0,0.0,0.2645053647238811,False,False,False,False,False,0.3696255866797715,0.12,0.18,False,False,True,True,True,33.17535588629603,32.08463529697625,33.17535588629603,32.08463529697625,False,False,False,False,0.3709312255936799,0.3957198194693901,0.3709312255936799,False,both,left,none,none,0,moving_average,4,2.0,peak,18,-1,-1,18,False,0.35786152833280005,False,False,False,False,False,False,False,,,27.24137931034483
frame_000238.jpg,33.1727182907812,31.44230339033005,238,True,0.09776795061601148,0.0,0.0,0.2645053647238811,False,False,False,False,False,0.3696255866797715,0.12,0.18,False,False,True,True,True,33.1727182907812,31.44230339033005,33.1727182907812,31.44230339033005,False,False,False,False,0.37000532293446636,0.2542088759740526,0.37000532293446636,False,both,left,none,none,0,moving_average,4,2.0,peak,18,-1,-1,18,False,0.3699485744964173,False,False,False,False,False,False,False,,,27.35632183908046
frame_000239.jpg,,,239,False,,,,0.0,False,False,False,False,False,0.3696255866797715,0.12,0.18,True,True,False,False,False,,,33.16959572174075,31.638856212956874,True,True,False,False,0.36890917496110576,0.29751106147783735,0.36890917496110576,False,missing,left,none,none,0,moving_average,4,2.0,peak,18,-1,-1,18,False,0.36890917496110576,False,False,False,False,False,False,False,,,27.471264367816094
frame_000240.jpg,,,240,False,,,,0.0,False,False,False,False,False,0.3696255866797715,0.12,0.18,True,True,False,False,False,,,33.1664731527003,31.835409035583698,True,True,False,False,0.36781302698774515,0.34081324698162213,0.36781302698774515,False,missing,left,none,none,0,moving_average,4,2.0,peak,18,-1,-1,18,False,0.3678130269877451,False,False,False,False,False,False,False,,,27.586206896551726
frame_000241.jpg,,,241,False,,,,0.0,False,False,False,False,False,0.3696255866797715,0.12,0.18,True,True,False,False,False,,,33.16335058365985,32.03196185821052,True,True,False,False,0.3667168790143845,0.38411543248540686,0.3667168790143845,False,missing,left,none,none,0,moving_average,4,2.0,peak,18,-1,-1,18,False,0.3667168790143853,False,False,False,False,False,False,False,,,27.70114942528736
frame_000242.jpg,,,242,False,,,,0.0,False,False,False,False,False,0.3696255866797715,0.12,0.18,True,True,False,False,False,,,33.160228014619406,32.22851468083734,True,True,False,False,0.3656207310410264,0.4274176179891908,0.3656207310410264,False,missing,left,none,none,0,moving_average,4,2.0,peak,18,-1,-1,18,False,0.36562073104102555,False,False,False,False,False,False,False,,,27.81609195402299
frame_000243.jpg,,,243,False,,,,0.0,False,False,False,False,False,0.3696255866797715,0.12,0.18,True,True,False,False,False,,,33.15710544557896,32.42506750346417,True,True,False,False,0.3645245830676658,0.4707198034929763,0.3645245830676658,False,missing,left,none,none,0,moving_average,4,2.0,peak,18,-1,-1,18,False,0.3645245830676658,False,False,False,False,False,False,False,,,27.931034482758623
frame_000244.jpg,,,244,False,,,,0.0,False,False,False,False,False,0.3696255866797715,0.12,0.18,True,True,False,False,False,,,33.15398287653851,32.62162032609099,True,True,False,False,0.3634284350943051,0.5140219889967603,0.3634284350943051,False,missing,left,none,none,0,moving_average,4,2.0,peak,18,-1,-1,18,False,0.3634284350943051,False,False,False,False,False,False,False,,,28.045977011494255
frame_000245.jpg,,,245,False,,,,0.0,False,False,False,False,False,0.3696255866797715,0.12,0.18,True,True,False,False,False,,,33.15086030749806,32.81817314871782,True,True,False,False,0.3623322871209445,0.5573241745005458,0.3623322871209445,False,missing,left,none,none,0,moving_average,4,2.0,peak,18,-1,-1,18,False,0.3623322871209445,False,False,False,False,False,False,False,,,28.160919540229887
frame_000246.jpg,33.14773773845761,33.01472597134464,246,True,,,,0.0,False,False,False,False,False,0.3696255866797715,0.12,0.18,False,False,True,True,True,33.14773773845761,33.01472597134464,33.14773773845761,33.01472597134464,False,False,False,False,0.3612361391475839,0.6006263600043298,0.3612361391475839,False,both,left,none,none,0,moving_average,4,2.0,peak,18,-1,-1,18,False,0.3637037851716866,False,False,False,False,False,False,False,,,28.27586206896552
frame_000247.jpg,33.165703732088204,32.94917455157057,247,True,0.021899042762373717,0.0,0.0,0.05924655530231502,False,False,False,False,False,0.3696255866797715,0.12,0.18,False,False,True,True,True,33.165703732088204,32.94917455157057,33.165703732088204,32.94917455157057,False,False,False,False,0.3675429292465314,0.5861848490600563,0.3675429292465314,False,both,left,none,none,0,moving_average,4,2.0,peak,18,-1,-1,18,False,0.3688087284790167,False,False,False,False,False,False,False,,,28.390804597701152
frame_000248.jpg,33.19448727660839,33.0497493809459,248,True,0.03098014065907066,0.0,0.0,0.08381492454934021,False,False,False,False,False,0.3696255866797715,0.12,0.18,False,False,True,True,True,33.19448727660839,33.0497493809459,33.19448727660839,33.0497493809459,False,False,False,False,0.37764711704293485,0.608342302005367,0.37764711704293485,False,both,left,none,none,0,moving_average,4,2.0,peak,18,-1,-1,18,False,0.3761400516769972,False,False,False,False,False,False,False,,,28.505747126436784
frame_000249.jpg,,,249,False,,,,0.0,False,False,False,False,False,0.3696255866797715,0.12,0.18,True,True,False,False,False,,,33.21039140402073,33.03368307605575,True,True,False,False,0.38323010874152547,0.604802764361411,0.38323010874152547,False,missing,left,none,none,0,moving_average,4,2.0,peak,18,-1,-1,18,False,0.3832301087415246,False,False,False,False,False,False,False,,,28.620689655172416
frame_000250.jpg,,,250,False,,,,0.0,False,False,False,False,False,0.3696255866797715,0.12,0.18,True,True,False,False,False,,,33.22629553143307,33.0176167711656,True,True,False,False,0.3888131004401136,0.6012632267174535,0.3888131004401136,False,missing,left,none,none,0,moving_average,4,2.0,peak,18,-1,-1,18,False,0.38881310044011436,False,False,False,False,False,False,False,,,28.73563218390805
frame_000251.jpg,,,251,False,,,,0.0,False,False,False,False,False,0.3696255866797715,0.12,0.18,True,True,False,False,False,,,33.24219965884541,33.001550466275454,True,True,False,False,0.3943960921387042,0.5977236890734975,0.3943960921387042,False,missing,left,none,none,0,moving_average,4,2.0,peak,18,-1,-1,18,False,0.3943960921387033,False,False,False,False,False,False,False,,,28.85057471264368
frame_000252.jpg,,,252,False,,,,0.0,False,False,False,False,False,0.3696255866797715,0.12,0.18,True,True,False,False,False,,,33.25810378625774,32.98548416138531,True,True,False,False,0.3999790838372923,0.5941841514295415,0.3999790838372923,False,missing,left,none,none,0,moving_average,4,2.0,peak,18,-1,-1,18,False,0.3999790838372931,False,False,False,False,False,False,False,,,28.965517241379313
frame_000253.jpg,,,253,False,,,,0.0,False,False,False,False,False,0.3696255866797715,0.12,0.18,True,True,False,False,False,,,33.27400791367008,32.969417856495156,True,True,False,False,0.40556207553588286,0.590644613785584,0.40556207553588286,False,missing,left,none,none,0,moving_average,4,2.0,peak,18,-1,-1,18,False,0.405562075535882,False,False,False,False,False,False,False,,,29.080459770114945
frame_000254.jpg,,,254,False,,,,0.0,False,False,False,False,False,0.3696255866797715,0.12,0.18,True,True,False,False,False,,,33.28991204108242,32.95335155160501,True,True,False,False,0.411145067234471,0.5871050761416281,0.411145067234471,False,missing,left,none,none,0,moving_average,4,2.0,peak,18,-1,-1,18,False,0.4111450672344718,False,False,False,False,False,False,False,,,29.195402298850578
frame_000255.jpg,,,255,False,,,,0.0,False,False,False,False,False,0.3696255866797715,0.12,0.18,True,True,False,False,False,,,33.30581616849476,32.937285246714865,True,True,False,False,0.4167280589330616,0.5835655384976721,0.4167280589330616,False,missing,left,none,none,0,moving_average,4,2.0,peak,18,-1,-1,18,False,0.4167280589330616,False,False,False,False,False,False,False,,,29.31034482758621
frame_000256.jpg,,,256,False,,,,0.0,False,False,False,False,False,0.3696255866797715,0.12,0.18,True,True,False,False,False,,,33.3217202959071,32.92121894182471,True,True,False,False,0.4223110506316522,0.5800260008537146,0.4223110506316522,False,missing,left,none,none,0,moving_average,4,2.0,peak,18,-1,-1,18,False,0.42231105063165136,False,False,False,False,False,False,False,,,29.425287356321842
frame_000257.jpg,,,257,False,,,,0.0,False,False,False,False,False,0.3696255866797715,0.12,0.18,True,True,False,False,False,,,33.33762442331943,32.90515263693457,True,True,False,False,0.4278940423302403,0.5764864632097586,0.4278940423302403,False,missing,left,none,none,0,moving_average,4,2.0,peak,18,-1,-1,18,False,0.42789404233024114,False,False,False,False,False,False,False,,,29.540229885057474
frame_000258.jpg,,,258,False,,,,0.0,False,False,False,False,False,0.3696255866797715,0.12,0.18,True,True,False,False,False,,,33.353528550731774,32.88908633204442,True,True,False,False,0.4334770340288309,0.5729469255658026,0.4334770340288309,False,missing,left,none,none,0,moving_average,4,2.0,peak,18,-1,-1,18,False,0.4334770340288301,False,False,False,False,False,False,False,,,29.655172413793107
frame_000259.jpg,,,259,False,,,,0.0,False,False,False,False,False,0.3696255866797715,0.12,0.18,True,True,False,False,False,,,33.36943267814411,32.87302002715427,True,True,False,False,0.439060025727419,0.5694073879218451,0.439060025727419,False,missing,left,none,none,0,moving_average,4,2.0,peak,18,-1,-1,18,False,0.43906002572741987,False,False,False,False,False,False,False,,,29.77011494252874
frame_000260.jpg,33.38533680555645,32.85695372226412,260,True,,,,0.0,False,False,False,False,False,0.3696255866797715,0.12,0.18,False,False,True,True,True,33.38533680555645,32.85695372226412,33.38533680555645,32.85695372226412,False,False,False,False,0.4446430174260096,0.5658678502778891,0.4446430174260096,False,both,left,none,none,0,moving_average,4,2.0,peak,18,-1,-1,18,False,,False,False,False,False,False,False,False,,,29.88505747126437
