frame_name,left_temp,right_temp,left_x,left_y,right_x,right_y,left_conf,right_conf,nostril_spacing,roi_radius,left_source,right_source,status,left_temp_r16,left_temp_r17,left_temp_r18,left_temp_r19,left_temp_r20,left_temp_r21,left_temp_r22,left_temp_r23,left_temp_r24,right_temp_r16,right_temp_r17,right_temp_r18,right_temp_r19,right_temp_r20,right_temp_r21,right_temp_r22,right_temp_r23,right_temp_r24
frame_000000.jpg,31.786203434638992,31.46468487757136,560.068115234375,528.7611083984375,432.8196105957031,528.8098449707031,0.9775625467300415,0.0017772414721548557,127.24851397180076,20,detected,opposite_inferred,opposite_inferred_repair,31.80778977043721,31.802220196326545,31.79710216846911,31.791343993015243,31.786203434638992,31.782216550784923,31.779462478057233,31.77843753707668,31.778681548290475,31.610650172926157,31.579364424934553,31.54693491018817,31.50870662218608,31.46468487757136,31.425513394874415,31.376880185725874,31.331238820585977,31.28457962531113
frame_000001.jpg,31.692943880179346,30.94176096741995,513.852294921875,451.2281494140625,386.6037902832031,451.2768859863281,0.989863395690918,0.00014982512220740318,127.24851397180076,20,detected,opposite_inferred,opposite_inferred_repair,31.68369166043294,31.68676921774359,31.689525265786802,31.691144937824703,31.692943880179346,31.69416419385317,31.69486436757458,31.69534359732261,31.695393322093448,31.14819479354862,31.094997131711544,31.042983677752474,30.992949078750538,30.94176096741995,30.90283958517651,30.856276685075773,30.81632760656305,30.78010449191232
frame_000002.jpg,31.84405808396474,31.333451407584814,544.671630859375,405.9679260253906,417.4231262207031,406.01666259765625,0.9942604303359985,0.0019263258436694741,127.24851397180076,20,detected,opposite_inferred,opposite_inferred_repair,31.856683242552272,31.853869520922238,31.85140963701837,31.846999176057327,31.84405808396474,31.841392491015753,31.837575744201036,31.83395245820969,31.829911145181153,31.379262859175206,31.367479101744106,31.355926700369018,31.343817183475338,31.333451407584814,31.324431105170447,31.311387475106077,31.29924136823834,31.286130075121438
frame_000003.jpg,31.054865298602955,30.87824737618253,583.3087768554688,366.10284423828125,463.7826232910156,365.1932067871094,0.9965092539787292,0.6929311752319336,119.52961485006887,20,detected,detected,ok,30.98039489817545,30.996426102143385,31.01239360994417,31.032376316631087,31.054865298602955,31.07343248387183,31.096859295225645,31.118558662502142,31.14055598321942,30.76221713368082,30.786452186929928,30.813101755065894,30.844570590781398,30.87824737618253,30.90737898375284,30.942128044969813,30.974194464164114,31.006093497117437
frame_000004.jpg,31.706667354400007,31.242003766303363,618.9308471679688,338.1334228515625,490.6315612792969,335.9664001464844,0.9954959154129028,0.8963406085968018,128.3175854937564,20,detected,detected,ok,31.717141600217587,31.714381320270164,31.711726021497547,31.70908155805263,31.706667354400007,31.7035319804735,31.698975064541038,31.693817494950185,31.688476160034703,31.20101145691156,31.209175667579895,31.217746388318876,31.22858352508874,31.242003766303363,31.255790111545625,31.272801139206265,31.28947963340383,31.306998178248598
frame_000005.jpg,32.055448617949885,31.968093926009242,643.5301513671875,300.2300720214844,514.8431396484375,298.10650634765625,0.9992951154708862,0.9938104748725891,128.70453184046303,20,detected,detected,ok,32.117271389468954,32.1033405558142,32.08813302916876,32.07186492995403,32.055448617949885,32.039618155094026,32.02034479706419,32.00284660124947,31.985287817303092,32.014410156956195,32.003719379645354,31.99175649218676,31.979843161023062,31.968093926009242,31.958931949467914,31.94981658226664,31.94273645036141,31.936878998896603
frame_000006.jpg,32.30355306992307,32.10017818023548,658.908203125,282.60516357421875,531.7011108398438,285.3891296386719,0.999447762966156,0.998053789138794,127.23755261200321,20,detected,detected,ok,32.38719510221582,32.36710764817361,32.347185036005,32.32581282460609,32.30355306992307,32.28490569855135,32.26305826408255,32.244480976389994,32.227626554720636,32.05137679142301,32.06491045186814,32.077405181802845,32.08919453197661,32.10017818023548,32.10892829383975,32.11889556192287,32.12848915206551,32.138168809598255
frame_000007.jpg,32.30355306992307,32.10017818023548,658.908203125,282.60516357421875,531.7011108398438,285.3891296386719,0.999447762966156,0.998053789138794,127.23755261200321,20,detected,detected,ok,32.38719510221582,32.36710764817361,32.347185036005,32.32581282460609,32.30355306992307,32.28490569855135,32.26305826408255,32.244480976389994,32.227626554720636,32.05137679142301,32.06491045186814,32.077405181802845,32.08919453197661,32.10017818023548,32.10892829383975,32.11889556192287,32.12848915206551,32.138168809598255
frame_000008.jpg,32.18789410161477,32.15238329429656,654.2787475585938,276.16864013671875,531.4886474609375,279.3631896972656,0.9992675185203552,0.9987112283706665,122.83164831950775,20,detected,detected,ok,32.222461295479484,32.21474925467585,32.20541185869854,32.19612367928107,32.18789410161477,32.1806600772,32.171529466413794,32.16282349652135,32.154950470736246,32.12707493468683,32.13540850575146,32.14167684019867,32.1476779354839,32.15238329429656,32.15686838574594,32.1610148776499,32.16406388956694,32.16722423883407
frame_000009.jpg,32.253229075498666,32.29354055871285,648.6661987304688,256.5911865234375,521.4617309570312,255.6800537109375,0.9987490177154541,0.9992013573646545,127.20773083631951,20,detected,detected,ok,32.30614971670091,32.292587387187744,32.278815153403215,32.26621411846717,32.253229075498666,32.24336871352636,32.232470392962824,32.22356744954922,32.21501142614642,32.32678590563906,32.31838689431577,32.31075874641403,32.3018055219408,32.29354055871285,32.287046229086855,32.2790875013954,32.27187564995206,32.26369859587734
frame_000010.jpg,31.965858183308757,32.310587438076354,639.9135131835938,236.63125610351562,522.343505859375,237.75625610351562,0.9947419166564941,0.9993577599525452,117.57538963242627,20,detected,detected,ok,31.931194600531306,31.937976543091363,31.945191776993138,31.953835447263256,31.965858183308757,31.977972296622724,31.992707954732804,32.0059751477338,32.01814722902267,32.29514603825735,32.299532068861886,32.304181855007755,32.307014381527395,32.310587438076354,32.31202661311077,32.313340093024756,32.314129747105945,32.31489611809921
frame_000011.jpg,32.34387664107162,32.28728369275493,647.93994140625,214.5999298095703,522.3756103515625,217.25607299804688,0.9993292093276978,0.999534010887146,125.59242146661896,20,detected,detected,ok,32.37837473445442,32.37067894828487,32.36307014909397,32.35406441376939,32.34387664107162,32.33545632677954,32.325105154948176,32.314973824039015,32.304991084424735,32.26886466431627,32.273166159667895,32.2768198012752,32.28237771569677,32.28728369275493,32.2893182572092,32.290265514810926,32.29155118343803,32.29286517203469
frame_000012.jpg,32.30352644836634,32.202399475633996,662.931640625,195.28659057617188,542.4558715820312,201.0824432373047,0.995755672454834,0.9991870522499084,120.61510201697094,20,detected,detected,ok,32.32931139487485,32.32386858224576,32.31829023946275,32.31064480446375,32.30352644836634,32.29760218866099,32.28966297672292,32.28135790102353,32.273489936691085,32.174515678472794,32.18152301402168,32.18871222072891,32.19545488294246,32.202399475633996,32.209389481343216,32.218849506146434,32.22873977520103,32.237702355404735
frame_000013.jpg,32.14163896510832,32.25911405872232,677.9774780273438,185.3738555908203,556.4548950195312,185.5440216064453,0.9997832179069519,0.9997472167015076,121.52270214804949,20,detected,detected,ok,32.14010837823239,32.138796523232635,32.1390875327943,32.140573090631754,32.14163896510832,32.14299682586609,32.144881992297755,32.14592953769734,32.14649411545242,32.25474479458631,32.255519218746215,32.256958990681376,32.25896442600611,32.25911405872232,32.25782308281784,32.25578085707559,32.253480562890424,32.250153619922884
frame_000014.jpg,31.957144493613214,32.124602784109115,685.447998046875,185.24256896972656,563.2783203125,186.38534545898438,0.9992526173591614,0.9998401403427124,122.1750223892979,20,detected,detected,ok,31.922494396715706,31.930147295132866,31.938078166894037,31.947252652825853,31.957144493613214,31.96523720988999,31.975706157399554,31.98545050709731,31.99521232982204,32.11584662643173,32.11721131284351,32.119121344034625,32.121386564848216,32.124602784109115,32.12806621120752,32.13231060592672,32.13575533738828,32.13804622878688
frame_000015.jpg,31.89409033379904,31.885795748719634,689.8925170898438,184.48422241210938,569.508056640625,186.57180786132812,0.9991950392723083,0.9996097683906555,120.40255948549144,20,detected,detected,ok,31.87582311148131,31.880756339654706,31.885850424357006,31.889851231819645,31.89409033379904,31.89637312802264,31.899048751880805,31.901430877571578,31.9034122020335,31.862502852631213,31.86757415085753,31.872552621136798,31.87870530874383,31.885795748719634,31.892690347098522,31.901311392303096,31.909065403626037,31.917177574078472
frame_000016.jpg,32.07842593554753,31.886124852852724,703.3974609375,185.86968994140625,572.6328125,185.6482391357422,0.9930300116539001,0.9979621171951294,130.76483595157492,20,detected,detected,ok,32.115631458498655,32.10648212646887,32.09782563863731,32.08865217265166,32.07842593554753,32.069638660021006,32.05910274383684,32.049662942029926,32.040016962453436,31.88078255925591,31.8804397221138,31.881693339135126,31.883323769400302,31.886124852852724,31.889086441410075,31.89334649687349,31.897901104476574,31.901941904001934
frame_000017.jpg,32.10595293012121,31.84788866467335,708.052978515625,186.57351684570312,574.0255126953125,185.41925048828125,0.9970320463180542,0.9975505471229553,134.03243609305514,20,detected,detected,ok,32.150651286441644,32.13979415650197,32.12911437651206,32.117681287181625,32.10595293012121,32.096745967307484,32.08570450693027,32.07613107112897,32.0673533079025,31.847916999906538,31.84722764810371,31.84693708799053,31.84704658277578,31.84788866467335,31.84815441138645,31.84999035434657,31.852157976237567,31.854937386439335
frame_000018.jpg,31.89012091561579,31.778949181038364,709.2913818359375,187.60311889648438,579.2007446289062,186.38876342773438,0.9963828325271606,0.9973716735839844,130.09630489808657,20,detected,detected,ok,31.886305480806616,31.88735286844039,31.888202456334476,31.889044838583832,31.89012091561579,31.890635936238603,31.89120674380055,31.891566689996008,31.89150337216861,31.767525821962526,31.771107574702405,31.77384338445449,31.77605283282092,31.778949181038364,31.78056823838609,31.783302881279297,31.78614277633964,31.789489596469682
frame_000019.jpg,31.9565425080472,31.713790408170112,716.5117797851562,188.49693298339844,582.6256713867188,187.2674102783203,0.9951027631759644,0.9982607960700989,133.8917538467566,20,detected,detected,ok,31.98143161298404,31.973714760136627,31.967214914648334,31.961554606034536,31.9565425080472,31.953707757808715,31.95046623592446,31.947370968617502,31.944512878193816,31.677489144981543,31.6867868912564,31.69587502848694,31.704427525429374,31.713790408170112,31.720708812396616,31.729700538986478,31.73817671678047,31.746808195540872
frame_000020.jpg,31.80285301325296,31.624612429332267,721.9910888671875,184.94395446777344,592.894287109375,184.73753356933594,0.9903932213783264,0.9950992465019226,129.0969667873078,20,detected,detected,ok,31.80284012249941,31.802225635748908,31.80204606666781,31.802247826333932,31.80285301325296,31.803817044125907,31.805995035966816,31.80771080811536,31.8087658207155,31.575757113586636,31.58609577289564,31.597940859546796,31.61136857375933,31.624612429332267,31.63579204306846,31.64957971892182,31.661371197833894,31.672690996384148
frame_000021.jpg,31.913925193606747,31.78202703271446,724.5130004882812,183.95361328125,597.1966552734375,183.6617431640625,0.9910578727722168,0.9972520470619202,127.31667976754096,20,detected,detected,ok,31.939617116094926,31.932091755341386,31.92550835590268,31.919548520812153,31.913925193606747,31.909703159878468,31.905154261118742,31.901615232596367,31.898386324820684,31.733315354202905,31.745337236256148,31.757015209126116,31.76957938778652,31.78202703271446,31.792955578299882,31.80692041794695,31.818902455473367,31.83005165408468
frame_000022.jpg,32.4373471283279,32.0909165274251,731.5350341796875,178.34091186523438,605.7898559570312,178.43394470214844,0.990153968334198,0.9952977299690247,125.74521263792244,20,detected,detected,ok,32.51092015100287,32.49518920246206,32.47708569384567,32.45746859852579,32.4373471283279,32.42003267203614,32.399783844680584,32.381497352827694,32.36407969991188,32.03787621561848,32.050837490820015,32.06401580914835,32.078083491951084,32.0909165274251,32.10117781370828,32.113138831036814,32.12293868521515,32.13211398410247
frame_000023.jpg,32.42459235240407,32.003928736534135,732.0247192382812,175.28665161132812,615.3463745117188,178.92352294921875,0.9781423211097717,0.9869186282157898,116.73501171995883,20,detected,detected,ok,32.489891876617925,32.473974340202474,32.45907168270447,32.44208375683368,32.42459235240407,32.40847898487067,32.389908366747605,32.3734193945698,32.35691129808856,31.93700220036771,31.95136083104258,31.966747642723604,31.984119790773143,32.003928736534135,32.02178236098245,32.04383309317242,32.06411196076725,32.08384427401486
frame_000024.jpg,32.458279757761304,32.270746781301696,742.26220703125,173.0084686279297,624.1513671875,166.15972900390625,0.963997483253479,0.9802854061126709,118.30923769103421,20,detected,detected,ok,32.519775652410644,32.50435140605545,32.48994163164687,32.47406821904403,32.458279757761304,32.445249395330606,32.43054473912025,32.4179605355888,32.40657470847308,32.26194968108298,32.26301090966798,32.2651289530466,32.267185821947294,32.270746781301696,32.27375863262089,32.279015557046236,32.28381950406158,32.287767703537924
frame_000025.jpg,31.964348036950646,32.34571337776023,737.099365234375,166.1926727294922,639.553955078125,168.54605102539062,0.8412202596664429,0.6035993099212646,97.57379480144577,20,detected,detected,ok,31.85293816677344,31.880437429135316,31.907129812341676,31.934279923210973,31.964348036950646,31.989163178822942,32.01924960662215,32.045099675766274,32.069819149467634,32.306064127675526,32.31711612000168,32.32681048967608,32.335782252233756,32.34571337776023,32.35454094252928,32.36599853922108,32.37768635773884,32.38952570951576
frame_000026.jpg,31.9974666122951,32.40312786170576,738.8436279296875,162.0447540283203,649.764404296875,167.34982299804688,0.5561559796333313,0.7846840023994446,89.23705418601723,20,detected,detected,ok,31.909864250449186,31.931294417533127,31.952520831991368,31.97435548106523,31.9974666122951,32.0158107513335,32.03956607680308,32.06101708471612,32.08219412210234,32.398119282692114,32.398035910407934,32.399337848535716,32.40108355224604,32.40312786170576,32.40495971262043,32.40939324614031,32.41425181039896,32.42025394863133
frame_000027.jpg,32.291704786810904,32.39369119591608,782.2419738769531,166.59803771972656,654.9934692382812,166.6467742919922,0.4282306134700775,0.8395150303840637,127.24851397180076,20,opposite_inferred,detected,opposite_inferred_repair,32.472456963407744,32.433199027325465,32.392071763697054,32.343980489177106,32.291704786810904,32.243045225978534,32.182425465606485,32.125359156474076,32.06944029777833,32.38294029093284,32.38466496422086,32.387237401390166,32.390383229247426,32.39369119591608,32.39702167091501,32.4014623003604,32.40691044556372,32.41276878843193
frame_000028.jpg,32.0679327813174,32.3931353585397,780.6940002441406,168.682373046875,653.4454956054688,168.73110961914062,0.3003469407558441,0.8117528557777405,127.24851397180076,20,opposite_inferred,detected,opposite_inferred_repair,32.26859274147381,32.22504361484793,32.177455707057106,32.12441153274229,32.0679327813174,32.01793148288646,31.956511731027064,31.901436942611653,31.8475363960498,32.381576952168636,32.38375335433535,32.385916828845474,32.38879985265368,32.3931353585397,32.39752956968068,32.40358298423712,32.409647820841094,32.41692782120636
frame_000029.jpg,31.793084646932805,32.41092305298653,773.1508483886719,168.8353271484375,645.90234375,168.88406372070312,0.20117706060409546,0.7845491170883179,127.24851397180076,20,opposite_inferred,detected,opposite_inferred_repair,32.00102319884542,31.954192992963822,31.90476461111256,31.850741672450287,31.793084646932805,31.744544440117867,31.685798725222572,31.632703707698322,31.581430673777415,32.4023507792342,32.404140335904096,32.40569785651907,32.40748326960304,32.41092305298653,32.41447070386224,32.42098134039813,32.42758717493671,32.43471930782069
frame_000030.jpg,31.702191895359572,32.40665363613302,773.8658752441406,168.31520080566406,646.6173706054688,168.3639373779297,0.20136091113090515,0.8312100768089294,127.24851397180076,20,opposite_inferred,detected,opposite_inferred_repair,31.920941929210887,31.86945822527256,31.81682579508687,31.760019264070184,31.702191895359572,31.653024970911478,31.5951494607402,31.544683791959002,31.496078359378156,32.387582652559935,32.39181753181078,32.39678901860814,32.40184173463071,32.40665363613302,32.41116739675216,32.41618834414545,32.421331133417794,32.42711618719595
frame_000031.jpg,31.702191895359572,32.40665363613302,773.8658752441406,168.31520080566406,646.6173706054688,168.3639373779297,0.20136091113090515,0.8312100768089294,127.24851397180076,20,opposite_inferred,detected,opposite_inferred_repair,31.920941929210887,31.86945822527256,31.81682579508687,31.760019264070184,31.702191895359572,31.653024970911478,31.5951494607402,31.544683791959002,31.496078359378156,32.387582652559935,32.39181753181078,32.39678901860814,32.40184173463071,32.40665363613302,32.41116739675216,32.41618834414545,32.421331133417794,32.42711618719595
frame_000032.jpg,31.935928150225628,32.41394752925388,773.3799133300781,168.9366455078125,646.1314086914062,168.98538208007812,0.22456544637680054,0.8785821199417114,127.24851397180076,20,opposite_inferred,detected,opposite_inferred_repair,32.10006479800435,32.06627040091503,32.029241618798295,31.984452048607622,31.935928150225628,31.89137567793698,31.837720754329762,31.789375545177492,31.740135001032424,32.38839381970583,32.39458901900096,32.401059281181055,32.407451552876196,32.41394752925388,32.41937636083373,32.42648035990215,32.43339471635636,32.440760171696404
frame_000033.jpg,32.206994490894346,32.295267818835676,766.9547424316406,169.2167510986328,639.7062377929688,169.26548767089844,0.3399162292480469,0.7493586540222168,127.24851397180076,20,opposite_inferred,detected,opposite_inferred_repair,32.33824632868936,32.30783333988969,32.27697981560129,32.24389878418925,32.206994490894346,32.172370288736964,32.12745732590462,32.08339498387468,32.03651651955632,32.2560747758627,32.265833708048525,32.27494269526519,32.28474366153742,32.295267818835676,32.30429120568453,32.315333255680436,32.3253595442469,32.33546059560632
frame_000034.jpg,31.993534391912952,32.17417560520124,765.4757995605469,166.85284423828125,638.227294921875,166.90158081054688,0.4555777609348297,0.8926385045051575,127.24851397180076,20,opposite_inferred,detected,opposite_inferred_repair,32.16125168068621,32.12649898837618,32.08809357684615,32.04285472009887,31.993534391912952,31.948041232236232,31.890582254396257,31.8362337768337,31.781790481489985,32.14668618840348,32.152501578331496,32.158584308805224,32.165775410084485,32.17417560520124,32.18061347861509,32.18878301304696,32.19592472980078,32.202653435019236
frame_000035.jpg,31.93272133499241,32.13278008119733,737.7880859375,164.42108154296875,625.3363037109375,170.30874633789062,0.8282589912414551,0.9663522243499756,112.60580767734673,20,detected,detected,ok,31.877069976516445,31.89080817352856,31.903986474033474,31.91742869155711,31.93272133499241,31.94521388115719,31.960990417591454,31.974069823850066,31.98575821940409,32.045009424961044,32.06639999401613,32.08786987043693,32.110309718757804,32.13278008119733,32.15149342710463,32.173381508585265,32.19200902418023,32.20937127503881
frame_000036.jpg,32.06059604283883,32.00833105569813,738.5662841796875,164.52523803710938,622.7252807617188,168.2774200439453,0.9549455046653748,0.9698157906532288,115.90175556346966,20,detected,detected,ok,32.04519256326385,32.048370978994726,32.052115205742794,32.05576116149698,32.06059604283883,32.0632170184966,32.06637413567247,32.069053511746525,32.073297208161286,31.927519045939476,31.948387565040974,31.968169841785024,31.988075276972875,32.00833105569813,32.02624237900545,32.04720703965206,32.0658189924575,32.08355317682819
frame_000037.jpg,32.461918911978714,32.04399054515077,739.0845336914062,157.95428466796875,614.3193359375,157.14720153808594,0.9873440265655518,0.9561353921890259,124.76780816280245,20,detected,detected,ok,32.572198327307376,32.54319666522247,32.51597743702244,32.488023605251804,32.461918911978714,32.43983138590642,32.414449507027875,32.394002259472686,32.375584427892235,31.987667946096042,32.00091203501561,32.01422657028309,32.02803720933274,32.04399054515077,32.05575833202788,32.07129077012286,32.08521332222534,32.0985025221816
frame_000038.jpg,32.37432928960912,32.055394619016475,733.2050170898438,160.50473022460938,617.6163330078125,154.13522338867188,0.9947882890701294,0.9735037684440613,115.76404668613084,20,detected,detected,ok,32.41945510733959,32.40509388943117,32.39363707345222,32.38429184913448,32.37432928960912,32.369393612708045,32.36263560187889,32.35766541376332,32.35380719585241,32.02827298351187,32.03338168828799,32.03949271100339,32.04718662262787,32.055394619016475,32.06210291907181,32.070770687962295,32.079279784381164,32.0879634314515
frame_000039.jpg,32.37432928960912,32.055394619016475,733.2050170898438,160.50473022460938,617.6163330078125,154.13522338867188,0.9947882890701294,0.9735037684440613,115.76404668613084,20,detected,detected,ok,32.41945510733959,32.40509388943117,32.39363707345222,32.38429184913448,32.37432928960912,32.369393612708045,32.36263560187889,32.35766541376332,32.35380719585241,32.02827298351187,32.03338168828799,32.03949271100339,32.04718662262787,32.055394619016475,32.06210291907181,32.070770687962295,32.079279784381164,32.0879634314515
frame_000040.jpg,32.41895446362038,32.13236048725064,732.9132080078125,160.70404052734375,618.6665649414062,153.88780212402344,0.9461506009101868,0.98862224817276,114.44979929171448,20,detected,detected,ok,32.47353798459067,32.457501483546935,32.44253131536709,32.4304578502712,32.41895446362038,32.412599663544505,32.403717670278496,32.39614209933191,32.39046755038703,32.13569014429575,32.13342082694387,32.13210649145523,32.13164597097195,32.13236048725064,32.133706663586906,32.13666651291613,32.13974174681958,32.143868815272
frame_000041.jpg,32.41626486980841,32.16389833265344,732.8519897460938,159.5029754638672,617.2816772460938,152.69728088378906,0.9464981555938721,0.9935643076896667,115.77052565340179,20,detected,detected,ok,32.46749189837956,32.45151273011124,32.436054112225314,32.42584105205155,32.41626486980841,32.40995442462549,32.402291734545535,32.39594763406938,32.39172280334374,32.18283765020112,32.175294987317336,32.169636735805355,32.16542665152471,32.16389833265344,32.16263201419458,32.162691164203224,32.16344873672733,32.165043563137864
frame_000042.jpg,32.63651340884625,32.230222888243965,737.1084594726562,155.8049774169922,614.883056640625,157.122802734375,0.9570698142051697,0.9912295341491699,122.23250697347022,20,detected,detected,ok,32.798068092391105,32.755861071006976,32.714450501031806,32.67444887446964,32.63651340884625,32.60730020982817,32.57420802863845,32.548435206542685,32.52473440031366,32.2054330183162,32.21130942050298,32.21745026439553,32.22348701757838,32.230222888243965,32.23552423659348,32.243096208386895,32.24995101329776,32.25692085383143
frame_000043.jpg,32.63651340884625,32.230222888243965,737.1084594726562,155.8049774169922,614.883056640625,157.122802734375,0.9570698142051697,0.9912295341491699,122.23250697347022,20,detected,detected,ok,32.798068092391105,32.755861071006976,32.714450501031806,32.67444887446964,32.63651340884625,32.60730020982817,32.57420802863845,32.548435206542685,32.52473440031366,32.2054330183162,32.21130942050298,32.21745026439553,32.22348701757838,32.230222888243965,32.23552423659348,32.243096208386895,32.24995101329776,32.25692085383143
frame_000044.jpg,32.71581332757827,32.38943408132695,739.70947265625,159.68826293945312,608.7264404296875,156.46832275390625,0.9664418697357178,0.9875197410583496,131.0226039508573,20,detected,detected,ok,32.87517213824456,32.83736578025733,32.799158852228445,32.757003923148545,32.71581332757827,32.68128497042429,32.64208881818412,32.609474882964925,32.57986658352589,32.36879722298907,32.37454799688345,32.379934961209734,32.38498021300506,32.38943408132695,32.39175000239524,32.39470809968534,32.39654749177594,32.39770035374319
frame_000045.jpg,32.71491370107864,32.46076986601365,742.4650268554688,158.28955078125,610.6673583984375,154.3321990966797,0.9915478825569153,0.9857491254806519,131.85706671644454,20,detected,detected,ok,32.87171348730625,32.83450935553696,32.797294806083436,32.756462889055854,32.71491370107864,32.68045074785529,32.64115818322651,32.608999759851926,32.5806061991294,32.44938729304828,32.4523925688652,32.455147844772824,32.457513448096456,32.46076986601365,32.46274848152006,32.46384637825624,32.465140034777555,32.46608482689088
frame_000046.jpg,32.486280828684166,32.4266129909291,742.900146484375,155.5697021484375,623.3071899414062,150.52572631835938,0.9634644985198975,0.9912362098693848,119.69927713592436,20,detected,detected,ok,32.54018378920544,32.52522823273965,32.51208024337901,32.499094448372105,32.486280828684166,32.476976997658,32.46744466233792,32.45943031801092,32.45153306533632,32.42964454575777,32.42857953510328,32.42725074216972,32.4266544105153,32.4266129909291,32.426048022966604,32.426622689568994,32.4276051657759,32.42963900613957
frame_000047.jpg,32.14442206118131,32.293670936669436,743.3916015625,159.2921142578125,632.5458984375,152.7086944580078,0.8964741230010986,0.981602132320404,111.04103438610474,20,detected,detected,ok,32.12276430669276,32.128393882366716,32.13445189072182,32.13907821998612,32.14442206118131,32.14852029735436,32.154936900160756,32.16119080799592,32.16776749256809,32.31298226861977,32.30648212055399,32.30116764510657,32.29668201774913,32.293670936669436,32.29159852838223,32.29020664602642,32.28850034793685,32.286802447775365
frame_000048.jpg,32.16507933369031,32.33311200071384,742.57470703125,159.55909729003906,632.4959106445312,152.75680541992188,0.5945596694946289,0.942979633808136,110.2887690956561,20,detected,detected,ok,32.12646672201754,32.13875487295045,32.149428376701614,32.15708474552622,32.16507933369031,32.16966801390689,32.17603429782186,32.1821484183025,32.189496761437276,32.35746016730956,32.35104637272563,32.3444367152075,32.33811115675788,32.33311200071384,32.32867120846831,32.32517294662189,32.322479286694744,32.320215459110244
frame_000049.jpg,31.995461040838084,32.23194062705288,741.110107421875,162.3643798828125,633.68408203125,155.69265747070312,0.5278173089027405,0.9264206886291504,107.63300056753714,20,detected,detected,ok,31.932257344812403,31.94778805451415,31.962520106002604,31.978461434968914,31.995461040838084,32.01121825620651,32.03081237003619,32.0483186312748,32.06562761267138,32.241662853066686,32.24053295727856,32.23842857116134,32.23500896530264,32.23194062705288,32.22867348516327,32.22735287605237,32.226933701447244,32.227394583742615
frame_000050.jpg,31.995461040838084,32.23194062705288,741.110107421875,162.3643798828125,633.68408203125,155.69265747070312,0.5278173089027405,0.9264206886291504,107.63300056753714,20,detected,detected,ok,31.932257344812403,31.94778805451415,31.962520106002604,31.978461434968914,31.995461040838084,32.01121825620651,32.03081237003619,32.0483186312748,32.06562761267138,32.241662853066686,32.24053295727856,32.23842857116134,32.23500896530264,32.23194062705288,32.22867348516327,32.22735287605237,32.226933701447244,32.227394583742615
frame_000051.jpg,31.961698614628755,32.032362643293055,748.1839599609375,158.43702697753906,634.3595581054688,152.10015869140625,0.5525141358375549,0.9648184180259705,114.00065946050941,20,detected,detected,ok,31.89608108440518,31.912374592487765,31.92872145400667,31.944949174366794,31.961698614628755,31.974086227787915,31.988152701834633,31.99836543243711,32.00692866104856,32.05276277211874,32.04499129809367,32.03894397421231,32.035107366357316,32.032362643293055,32.03060327724102,32.030984888829224,32.032001848359,32.0334030699721
frame_000052.jpg,32.05764153043192,31.96306960964965,751.7865397135416,156.1392822265625,638.5419921875,148.037353515625,0.3282250761985779,0.9879072308540344,113.44952142831987,20,tracked,detected,tracked_repair,32.033401016064346,32.03874484678444,32.04459440077965,32.05150239664352,32.05764153043192,32.061009562506186,32.064381876961306,32.067287288269824,32.06947386524537,32.009628179097106,31.99518592804923,31.98270974971445,31.971503933995994,31.96306960964965,31.95752600415465,31.9530514674813,31.950589454415564,31.94979545402042
frame_000053.jpg,32.243128192085535,32.2198881336213,755.3891194661459,153.84153747558594,628.3424072265625,153.91726684570312,0.3434520363807678,0.9643139839172363,130.66359199517976,20,tracked,detected,tracked_repair,32.286171853782335,32.2725982179978,32.26085633409784,32.25202190237708,32.243128192085535,32.23669649399035,32.22928192407961,32.222763931980374,32.21678901864373,32.182140767999876,32.191741366295126,32.20042046755025,32.209953291286936,32.2198881336213,32.227010676674624,32.235719221503516,32.24228940179286,32.248282110037316
frame_000054.jpg,32.51453634808658,32.32621759157242,758.99169921875,151.54379272460938,630.51025390625,153.8979949951172,0.7318998575210571,0.9802140593528748,128.50301186322207,20,detected,detected,ok,32.60717287798498,32.583141889962214,32.56034631619417,32.53816183027722,32.51453634808658,32.49429411941804,32.46977445015515,32.44960621671494,32.430697956057124,32.323067004939006,32.32341761641751,32.32326302936505,32.32355965749052,32.32621759157242,32.32763977663934,32.3301867479336,32.33187429149685,32.33295026775817
frame_000055.jpg,32.62091761992664,32.38675489657871,759.8848266601562,151.50454711914062,630.6925659179688,154.513916015625,0.6718752980232239,0.9877781271934509,129.22730569362068,20,detected,detected,ok,32.732354420713285,32.70428997434098,32.67770946409547,32.65010684423926,32.62091761992664,32.594607330765314,32.562758575475044,32.536532677695284,32.510963452227635,32.371768301146666,32.37522273442672,32.37922944281487,32.38286262216451,32.38675489657871,32.388713022335445,32.391807656967515,32.39421023684219,32.39575080690822
frame_000056.jpg,32.684408022056225,32.42145093689111,760.6260986328125,151.19522857666016,631.0770263671875,155.509033203125,0.44910943508148193,0.9888747930526733,130.7104221156799,20,tracked,detected,tracked_repair,32.80212149572174,32.77469769084444,32.74592550216479,32.71682763278681,32.684408022056225,32.65500137048249,32.620066935044804,32.5902190815002,32.560580591853366,32.39095204216446,32.39972146325614,32.40821358739984,32.415171495888146,32.42145093689111,32.4245717014628,32.42897357279378,32.43272702816806,32.43534148061527
frame_000057.jpg,32.70468467413498,32.42296116211348,761.3673706054688,150.8859100341797,632.1615600585938,155.13229370117188,0.5336244106292725,0.9941111207008362,129.27557098432115,20,detected,detected,ok,32.821655957891075,32.79512475455009,32.76668872058113,32.737120627034905,32.70468467413498,32.67491253580165,32.63928173562229,32.608761267766454,32.57829665491752,32.40808150358476,32.411586915152675,32.41647318003532,32.419932169222086,32.42296116211348,32.42419865102056,32.42689055220966,32.42805756619363,32.428641789322356
frame_000058.jpg,32.708550680313856,32.430810250530314,761.0380859375,149.85891723632812,633.082275390625,154.52603149414062,0.538937509059906,0.9963448643684387,128.0408974047091,20,detected,detected,ok,32.82503510595217,32.79830780946389,32.77005602296885,32.740823916303576,32.708550680313856,32.680050302669294,32.644315196811895,32.61368156985854,32.58290944297944,32.41995334538918,32.42272124414817,32.426267272185534,32.42887566936159,32.430810250530314,32.43147989609431,32.433688618508455,32.43436358050264,32.43419967088684
frame_000059.jpg,32.3421633826583,32.45743583306356,753.6098937988281,151.93411254882812,631.8263549804688,155.30746459960938,0.3721174895763397,0.9974921941757202,130.18543328323256,20,tracked,detected,tracked_repair,32.36765978445973,32.35855569058048,32.35203840335281,32.34567179087849,32.3421633826583,32.34008711768014,32.33792233139386,32.33620972658514,32.33463970542181,32.440275304079776,32.44614165656108,32.450804957691766,32.45434519756565,32.45743583306356,32.45860598527569,32.459357638758355,32.460584242258356,32.461194084139386
frame_000060.jpg,32.4809348634736,32.371308722386296,746.1817016601562,154.00930786132812,636.4425659179688,150.23190307617188,0.8453722596168518,0.9990645051002502,109.80412879465496,20,detected,detected,ok,32.52863170690264,32.51380050519264,32.50110224747314,32.48997561801466,32.4809348634736,32.47432227120851,32.46734979163694,32.46119856971209,32.455725226882684,32.42618098857268,32.41166518261244,32.397555649027865,32.383251492003396,32.371308722386296,32.361660451721214,32.352143422813896,32.3445780704794,32.33783646577139
frame_000061.jpg,32.623706906825156,32.50074045971559,740.2376708984375,152.80372619628906,612.801025390625,150.77481079101562,0.7544848322868347,0.991320788860321,127.45279563825041,20,detected,detected,ok,32.676915202852896,32.66317427675881,32.64970987325532,32.637704598559374,32.623706906825156,32.611845009278724,32.59658164121265,32.582814830185185,32.56819438312033,32.472995800237044,32.48150204858559,32.488911493772406,32.494027167883644,32.50074045971559,32.50583616399453,32.51153123080823,32.517199786996564,32.52292263866656
frame_000062.jpg,32.68458753851918,32.406699152692106,729.6527709960938,145.5742950439453,605.952392578125,145.59603881835938,0.9882819056510925,0.9957324862480164,123.70038032900463,20,detected,detected,ok,32.75201135918174,32.73398563954692,32.716897977221755,32.70109682654393,32.68458753851918,32.67093012146376,32.65414277620999,32.63852395311317,32.621796844242745,32.392746793660926,32.39628045650808,32.40036228114717,32.403322549449165,32.406699152692106,32.40843033957052,32.41089036097419,32.41443928113439,32.41739809864379
frame_000063.jpg,32.26719414689915,32.13555455646345,720.1351928710938,146.34036254882812,594.137939453125,144.61581420898438,0.9988086223602295,0.9980146884918213,126.0090549756179,20,detected,detected,ok,32.27684081282463,32.27766230107531,32.275658447607846,32.271033094911765,32.26719414689915,32.262113519035545,32.25774640366673,32.252433185236484,32.246667521120735,32.108734223263816,32.114247610499355,32.12042737582823,32.127070425245535,32.13555455646345,32.14257042251995,32.152791957513436,32.163143453855135,32.17421258853829
frame_000064.jpg,32.217204574714955,32.097761449608505,714.173583984375,144.22662353515625,582.7736206054688,141.22586059570312,0.9992128610610962,0.9986298084259033,131.43422291852568,20,detected,detected,ok,32.22522136493645,32.22619377832679,32.22495194326651,32.22092105668591,32.217204574714955,32.211564465846614,32.20595009893055,32.200997774991045,32.19648968491405,32.06263997162782,32.07016892117291,32.078677974995394,32.08775823334149,32.097761449608505,32.105770496791315,32.116016623122626,32.12524510149905,32.134713552614386
frame_000065.jpg,32.04415192401479,31.949697811429907,710.2206420898438,145.52957153320312,580.5382080078125,141.92459106445312,0.9989839196205139,0.9958522319793701,129.7325309767001,20,detected,detected,ok,32.0359545504338,32.03622503550577,32.037936293360495,32.04143813025023,32.04415192401479,32.047135446109806,32.05099580681439,32.05297440221455,32.05354420870466,31.90112338652374,31.9110664953073,31.92221220164127,31.935624883440248,31.949697811429907,31.962606550652684,31.978478974745936,31.99323086953557,32.00752003750411
frame_000066.jpg,32.12798041571355,31.892191056008084,709.0973510742188,147.52427673339844,577.8627319335938,143.05177307128906,0.9972223043441772,0.9802616834640503,131.31080896100093,20,detected,detected,ok,32.141479751158634,32.1371816141306,32.133543214800625,32.13090988104209,32.12798041571355,32.12540038202583,32.12203513554465,32.119174675857344,32.115706495943265,31.828210165997685,31.842966141766585,31.858315124266856,31.87481608409534,31.892191056008084,31.906552083459133,31.922855215488166,31.93762552908427,31.95285514359829
frame_000067.jpg,32.00758471819212,31.852353652967576,705.9552001953125,147.07957458496094,578.0052490234375,142.5146026611328,0.9953914880752563,0.9697085022926331,128.03135933649435,20,detected,detected,ok,32.01358151022929,32.01086995157782,32.008988183842405,32.00797760125076,32.00758471819212,32.00862147520105,32.01015680110578,32.01144633777774,32.01306859977767,31.789988994384977,31.803311981393133,31.818061072840756,31.834426793705823,31.852353652967576,31.868230894033054,31.887068378496203,31.903846464222298,31.920388094021096
frame_000068.jpg,31.93956364930061,31.81585023697581,703.579833984375,145.53750610351562,578.7099609375,144.5237579345703,0.9948239326477051,0.9855898022651672,124.87398800427862,20,detected,detected,ok,31.94351128084797,31.940307820029528,31.938010345153522,31.937877180936148,31.93956364930061,31.942574857453174,31.94640725823773,31.95027525201049,31.954657421443265,31.74603183450655,31.76117971602009,31.777830211161472,31.79602882909479,31.81585023697581,31.833507295663637,31.85525634346386,31.87455151618034,31.892741667519545
frame_000069.jpg,31.96174923297044,31.85982035319096,702.8167114257812,145.54547119140625,575.6348876953125,144.66795349121094,0.9942647814750671,0.9717748165130615,127.18485100326289,20,detected,detected,ok,31.978292811584396,31.971495569029155,31.966270054919015,31.96279360634363,31.96174923297044,31.9626868885033,31.96471809421256,31.96743951094925,31.97107597510144,31.776521762286617,31.796795192300397,31.81791070795444,31.83900097334274,31.85982035319096,31.87649631522625,31.896730769090553,31.91468520511073,31.931713903439068
frame_000070.jpg,32.22208456404174,31.96476591400397,699.7207641601562,145.65806579589844,574.6686401367188,144.61709594726562,0.9896715879440308,0.9804202318191528,125.0564566145985,20,detected,detected,ok,32.246845548907764,32.24334741188595,32.23811500129986,32.23017804276821,32.22208456404174,32.214522659176424,32.20771806167748,32.20185697559228,32.19687395374311,31.88828401439775,31.907243819718495,31.92617564360769,31.945147140436486,31.96476591400397,31.980419118059046,31.999868394067665,32.01764169382782,32.03518531812018
frame_000071.jpg,32.389221065834754,32.037022636161616,700.7361450195312,149.12771606445312,575.9833374023438,149.90679931640625,0.9968804121017456,0.9763203859329224,124.75524028706958,20,detected,detected,ok,32.45477563714707,32.43835658907008,32.42176238285973,32.40480609297323,32.389221065834754,32.377401658807976,32.36419244867087,32.352009950953985,32.341502764231706,31.95098978415449,31.972469518080032,31.992943841691847,32.01450503522676,32.037022636161616,32.0556225344208,32.077334513895146,32.096273066003356,32.11506805692766
frame_000072.jpg,32.3496606773395,32.04890173224042,700.1458740234375,149.5595245361328,576.2241821289062,150.09600830078125,0.997231662273407,0.9797298908233643,123.92285316612454,20,detected,detected,ok,32.390443379049586,32.38136407474425,32.371185889978804,32.35967846386329,32.3496606773395,32.3408311609766,32.33100584839307,32.323405872490085,32.31663367296527,31.96158822212465,31.98325134025887,32.00442122702037,32.02651500422269,32.04890173224042,32.0674816409759,32.09030993392614,32.11016819682754,32.1289114440584
frame_000073.jpg,32.2608408344783,32.0466048658905,698.115966796875,144.78216552734375,572.6170654296875,144.06375122070312,0.9921649694442749,0.9828412532806396,125.50095761980083,20,detected,detected,ok,32.27528476509392,32.271095000327264,32.26822090351083,32.26447640842527,32.2608408344783,32.25490158753521,32.2494487490129,32.24485265626589,32.24109312771832,31.98757964268299,32.002197232216204,32.0160407718691,32.0310260637552,32.0466048658905,32.06013936558784,32.07490314990251,32.088331341882814,32.10144618589376
frame_000074.jpg,32.29586955265182,32.07021752342108,697.9906005859375,144.63270568847656,572.7400512695312,144.2078857421875,0.9956172704696655,0.9854599833488464,125.25126975822752,20,detected,detected,ok,32.3221523034281,32.315144090732396,32.30967309427202,32.30251965803399,32.29586955265182,32.288616519917596,32.280681922588684,32.274485390767886,32.26958180991783,32.01199952463874,32.02615010950611,32.03985048786795,32.054986726947774,32.07021752342108,32.08278390135782,32.09715643056281,32.110237090276776,32.122644971510915
frame_000075.jpg,32.4067245067317,32.125539874760825,699.7005615234375,148.5579833984375,574.1661376953125,149.39376831054688,0.9967170357704163,0.9792520403862,125.53720604776349,20,detected,detected,ok,32.46378816590303,32.45137244229715,32.43715287386391,32.421256968540526,32.4067245067317,32.394209012283476,32.380854130953075,32.36977875012078,32.36032459497582,32.05434909869627,32.07286221032793,32.09052739948492,32.10758289565605,32.125539874760825,32.14061528841254,32.15911759425912,32.17518822657832,32.19028123003982
frame_000076.jpg,32.40668542356348,32.21503072653712,698.8790283203125,147.6298828125,571.6119384765625,148.1917266845703,0.9981070756912231,0.9842585325241089,127.26833001903387,20,detected,detected,ok,32.45268926334299,32.442103820143295,32.43178951368438,32.41903404752745,32.40668542356348,32.39597857087665,32.384488474162616,32.37418016141443,32.365374821186386,32.14994040313321,32.16707859297401,32.18258917860985,32.1986124058993,32.21503072653712,32.22912848965705,32.24514697136099,32.25952485247678,32.273435618146564
frame_000077.jpg,32.46010371552457,32.2928269770078,699.2974243164062,146.80184936523438,570.7615356445312,147.63131713867188,0.998840868473053,0.9930844306945801,128.5385650046546,20,detected,detected,ok,32.521764119138425,32.507443666360544,32.49325863471068,32.47697973578078,32.46010371552457,32.4453563488316,32.42795776500685,32.414268849059255,32.40261610464269,32.23412121447704,32.248029504273696,32.26121617969843,32.27667086948237,32.2928269770078,32.30589591748459,32.3197103174817,32.33095971119493,32.339876592508055
frame_000078.jpg,32.42958602561308,32.30452768332425,697.713623046875,146.3061981201172,571.4800415039062,147.456298828125,0.99908447265625,0.9956654906272888,126.23882065673736,20,detected,detected,ok,32.4766867532407,32.46349030747296,32.4520073381127,32.440515825184576,32.42958602561308,32.41829750336094,32.40616345352005,32.39560215806252,32.38627781769764,32.25977215352749,32.27130829098557,32.281413511626376,32.29283527627078,32.30452768332425,32.31565068343904,32.32846722975635,32.33693195312037,32.34533600207929
frame_000079.jpg,32.19105008964426,32.19406350293297,695.1515502929688,145.09100341796875,572.50634765625,146.202392578125,0.9983035326004028,0.9935600757598877,122.65023813946354,20,detected,detected,ok,32.19251284235379,32.190870428448434,32.190734525708,32.19088815758449,32.19105008964426,32.189933419610774,32.18920452276799,32.18930610925057,32.18898137076671,32.155819707982914,32.16320052183029,32.17167501843801,32.18213029508826,32.19406350293297,32.2039052611794,32.21607759118478,32.22675547214387,32.23718332450211
frame_000080.jpg,32.1990343273493,32.060396732698884,695.7826538085938,145.4256134033203,572.4791259765625,144.3917999267578,0.9905644655227661,0.9922022819519043,123.30786165581182,20,detected,detected,ok,32.21096786814578,32.207633672616375,32.20568779421473,32.20172900538758,32.1990343273493,32.19537126134587,32.191794111503135,32.18794410648625,32.18410833519331,32.03253558288608,32.037958306479766,32.04455337315195,32.05183069513129,32.060396732698884,32.06776718218781,32.07725506448942,32.086450600383806,32.09592249785899
frame_000081.jpg,32.16484541168205,31.904197590841694,696.9269409179688,146.83941650390625,574.18994140625,146.04330444335938,0.9271880984306335,0.9735684990882874,122.73958140531765,20,detected,detected,ok,32.178002259813375,32.17409427765299,32.17058462212888,32.16805275797342,32.16484541168205,32.161440628305215,32.15804206672965,32.15568235613522,32.15372748494352,31.867045035718462,31.87383343324729,31.881738150685763,31.891643149120213,31.904197590841694,31.91551134383929,31.930447217336692,31.94394099889228,31.957119765898806
frame_000082.jpg,32.04504495869227,31.850302005054054,699.3499755859375,146.5164794921875,573.1146240234375,146.28594970703125,0.9889554381370544,0.9607702493667603,126.23556205796295,20,detected,detected,ok,32.06489073760647,32.063286538700304,32.05952861427898,32.05280865322446,32.04504495869227,32.0368623230185,32.027660747772394,32.020115636869086,32.01306312855028,31.814291746847008,31.820922208915785,31.828602659983847,31.83803073296677,31.850302005054054,31.86142241449534,31.87656282809372,31.890617380223016,31.904426671999115
frame_000083.jpg,32.10862571941543,31.782852180445722,701.4124755859375,146.34422302246094,571.2188110351562,146.5064697265625,0.9893813133239746,0.9405328631401062,130.19376564626413,20,detected,detected,ok,32.15422473896566,32.14359213180848,32.1327306124996,32.12213885170798,32.10862571941543,32.097290479536774,32.08369561020741,32.071977180088155,32.06053969432175,31.72637178810158,31.73738937428629,31.750615033163307,31.765694140152657,31.782852180445722,31.79766941148527,31.816653783785128,31.834134404557673,31.850807230192856
frame_000084.jpg,32.078246707386874,31.7281625153705,700.8853149414062,146.79074096679688,570.4692993164062,146.4774627685547,0.9924513697624207,0.964377760887146,130.41639189430805,20,detected,detected,ok,32.121566740163665,32.11090456767387,32.10032339882953,32.0898291821981,32.078246707386874,32.06833151742562,32.05620853324092,32.04509651363894,32.03457917275919,31.655694884355903,31.67074532384905,31.687953699132336,31.70730477938813,31.7281625153705,31.746291364392672,31.768427005478905,31.78790389291794,31.806737530821753
frame_000085.jpg,31.99947497820692,31.7183863685659,700.387451171875,146.9361572265625,571.18798828125,146.3637237548828,0.9934824109077454,0.9797815084457397,129.20073100143622,20,detected,detected,ok,32.028919146042846,32.02133303134417,32.014431093542655,32.007086313106434,31.99947497820692,31.99269256056295,31.984008332595266,31.976175686243003,31.96858112831647,31.645038582821165,31.66137733326024,31.678982892061743,31.698481537126558,31.7183863685659,31.735131533038587,31.756291753491162,31.77495834172272,31.792880572947265
frame_000086.jpg,31.762976547231396,31.87894558534135,695.3885498046875,143.34878540039062,571.7007446289062,144.1871795654297,0.9937572479248047,0.9980091452598572,123.69064659050817,20,detected,detected,ok,31.75535523502302,31.756891533997482,31.757876687934573,31.759209560970074,31.762976547231396,31.76740324486887,31.77526609392956,31.783954972214396,31.793026693550022,31.8115387071967,31.82703037903703,31.84311028256723,31.86079404851661,31.87894558534135,31.894629301633373,31.912939074714927,31.928854799735095,31.94383685222736
frame_000087.jpg,32.380904001373686,32.03693189948386,701.5430908203125,145.61900329589844,571.51953125,146.57289123535156,0.9971223473548889,0.9974896907806396,130.0270585129712,20,detected,detected,ok,32.4551101132325,32.43737736412995,32.41922881842778,32.40045065848896,32.380904001373686,32.36490664088652,32.34566617640395,32.328373540803284,32.310996589206404,31.979401616048822,31.99373264367947,32.008080916095096,32.02196042945135,32.03693189948386,32.050234609326985,32.06740868388336,32.08220989175493,32.09706661002295
frame_000088.jpg,32.3694373345211,32.108053515460774,700.9749755859375,145.03604125976562,572.198486328125,146.71554565429688,0.9949160814285278,0.9976205229759216,128.78744084955935,20,detected,detected,ok,32.4500233398193,32.42957394682205,32.41021255146477,32.3898171929074,32.3694373345211,32.352459637320074,32.333804948195926,32.31746874444281,32.302177844772864,32.04822110447497,32.06207440892647,32.07641374253044,32.092025432861455,32.108053515460774,32.12103856653654,32.13611789678814,32.148511857846614,32.16064703240555
frame_000089.jpg,32.49593011397304,32.15228845685358,699.9625244140625,144.3846435546875,572.3202514648438,144.8446044921875,0.9969965219497681,0.9952495098114014,127.64310168476355,20,detected,detected,ok,32.58669194303222,32.5661224443564,32.54455915774347,32.52101874886765,32.49593011397304,32.474041592367755,32.44958707139463,32.42899202696668,32.41011825471386,32.11781633762935,32.123862399553424,32.131916631338136,32.14176518476588,32.15228845685358,32.16119664531212,32.172697676151955,32.18209953080666,32.191048218477675
frame_000090.jpg,32.56169760827552,32.29749169173052,699.0783081054688,143.48526000976562,568.8175659179688,143.30642700195312,0.9970183372497559,0.992222011089325,130.26086494601142,20,detected,detected,ok,32.65884160004156,32.637285865600106,32.615028539880655,32.589851746589055,32.56169760827552,32.5377453022782,32.51055948262906,32.48774639440755,32.4670858583488,32.297639943567084,32.296294253944154,32.29599405645307,32.296153719482824,32.29749169173052,32.29853978235218,32.30093551416001,32.302115593897625,32.30341111998311
frame_000091.jpg,32.51685820291215,32.3413273114525,697.7783203125,145.3297119140625,570.4644775390625,146.72328186035156,0.9986506104469299,0.9973307847976685,127.321469512941,20,detected,detected,ok,32.59745674860703,32.57946372692656,32.56092353654217,32.539528845975966,32.51685820291215,32.49786558656121,32.475370972740556,32.45637837292242,32.439277259774656,32.31264434872426,32.31996631883288,32.32694990086639,32.33417001690867,32.3413273114525,32.34584877498847,32.35123653171223,32.355286136206914,32.35882541356023
frame_000092.jpg,32.58198912749525,32.4268238582399,696.4893798828125,141.63067626953125,564.6829223632812,140.61265563964844,0.9984989166259766,0.9893041849136353,131.810388854031,20,detected,detected,ok,32.67698589660662,32.65429339895088,32.631837317779386,32.60755378113128,32.58198912749525,32.55841275500636,32.53186808579795,32.50881886191533,32.48907765459629,32.43616141082837,32.434547333799,32.432158493626815,32.42949135397309,32.4268238582399,32.42416575781356,32.421867403332435,32.41925788253106,32.416811426678755
frame_000093.jpg,32.48679778189338,32.55500239135363,695.4742431640625,138.5629119873047,559.3963623046875,137.1588592529297,0.9970118999481201,0.9709203243255615,136.08512418063614,20,detected,detected,ok,32.556849837156996,32.540011408870996,32.52366906619446,32.505605248666555,32.48679778189338,32.47130401916345,32.453550863686004,32.43823608401002,32.423559294719176,32.5576007037294,32.55881211852493,32.558966439272744,32.557435291060074,32.55500239135363,32.55127316545061,32.5470272944394,32.54189001868919,32.53595616863982
frame_000094.jpg,32.47737108699923,32.45401764701817,694.8961791992188,133.37322998046875,565.37890625,133.80836486816406,0.9976673126220703,0.9812751412391663,129.51800390128363,20,detected,detected,ok,32.531694467865464,32.519924362852585,32.50643415888703,32.49215149912417,32.47737108699923,32.46545281685003,32.451504066401796,32.44003222427585,32.429484205054,32.41523560085055,32.42519866002319,32.43492572754548,32.44448147979303,32.45401764701817,32.46424354361791,32.47459860296415,32.48275301997245,32.489869327665204
frame_000095.jpg,32.41989894944702,32.42425689244829,697.75341796875,126.59724426269531,568.02734375,128.64205932617188,0.996044933795929,0.9933657050132751,129.74218897819034,20,detected,detected,ok,32.46108327601575,32.45181047801524,32.44178241939569,32.43097019342075,32.41989894944702,32.41053563466795,32.39938549254769,32.3893144757355,32.38031487063633,32.398097768396056,32.40436539640913,32.4102259848066,32.41695141964116,32.42425689244829,32.43144304725589,32.44011473160139,32.44746638159772,32.454848010157875
frame_000096.jpg,32.40747492421877,32.38144391256632,700.2492065429688,125.81754302978516,568.2784423828125,126.91922760009766,0.9948644042015076,0.992766261100769,131.97536248068442,20,detected,detected,ok,32.43406247818595,32.42868465910473,32.422135334898755,32.41539736765827,32.40747492421877,32.40013455488284,32.39019774875711,32.38016616980999,32.370378559968216,32.34573051939144,32.35368621517451,32.36245010217805,32.37176229014378,32.38144391256632,32.3886775907499,32.39710119872482,32.404468861231635,32.411828237041654
frame_000097.jpg,32.33564756895147,32.13162534002643,700.3472290039062,123.80713653564453,567.64306640625,125.13037872314453,0.9894914627075195,0.992712676525116,132.71075970181155,20,detected,detected,ok,32.36253359018623,32.35777517700833,32.352564985300845,32.345328294561774,32.33564756895147,32.32701927468879,32.31594407359941,32.305301054649284,32.294607561783394,32.08073492306898,32.0930002380969,32.10567978757789,32.118235829510205,32.13162534002643,32.14341831097705,32.1581646325658,32.172538436153104,32.186567572745055
frame_000098.jpg,32.315212011014786,32.04439591466484,699.7312622070312,122.62757873535156,567.1199340820312,123.09379577636719,0.9973697662353516,0.9894258975982666,132.61214765399794,20,detected,detected,ok,32.34771527430768,32.342259250878094,32.33583864101271,32.32664503444009,32.315212011014786,32.305729322463,32.294298764456066,32.2830179229939,32.27184617613665,31.989025498760924,32.00164536484707,32.015004943918846,32.029447142901375,32.04439591466484,32.0567546754371,32.071537448056056,32.08460194937143,32.09807485014892
frame_000099.jpg,32.17978118541835,31.98285362616597,697.4852905273438,123.04523468017578,566.6506958007812,122.16961669921875,0.9962350726127625,0.9731172919273376,130.83752475537142,20,detected,detected,ok,32.208395357302095,32.20250280307563,32.195078083257954,32.18736463579214,32.17978118541835,32.17282947165872,32.16502447034908,32.158308770123476,32.15205219119865,31.918028331264075,31.933902395243912,31.950263746650236,31.9664028452805,31.98285362616597,31.997346310225247,32.01455025075284,32.02885176706972,32.043161530764365
frame_000100.jpg,32.154880657708944,31.945391370979202,696.975830078125,122.50111389160156,566.1983642578125,120.94227600097656,0.9982060194015503,0.9669694304466248,130.7867559883349,20,detected,detected,ok,32.184024732019736,32.17796935971888,32.170608373125106,32.16237266982663,32.154880657708944,32.14799763763066,32.14017982381964,32.133031424659215,32.12666681010537,31.88082842909673,31.895093195592416,31.910417132042525,31.92693447241655,31.945391370979202,31.96051759863698,31.97826784440186,31.99321189439527,32.00787706638718
frame_000101.jpg,32.05603230217024,31.93717933989577,696.6497192382812,124.15739440917969,564.5347900390625,123.88882446289062,0.9988939166069031,0.9709130525588989,132.1152021802587,20,detected,detected,ok,32.07659283231868,32.073176194359476,32.06868122122405,32.062093390749794,32.05603230217024,32.05083858180888,32.0448949161001,32.04086233522541,32.037202444159995,31.86459915886079,31.88113944550045,31.89823436770296,31.91710173583191,31.93717933989577,31.95410525654749,31.97457621241354,31.992624662500116,32.00966315601649
frame_000102.jpg,32.059447780773084,31.946550384422615,696.7506103515625,123.25165557861328,564.4691772460938,122.59574127197266,0.997877836227417,0.9537326693534851,132.28305926313564,20,detected,detected,ok,32.08464353643311,32.07973610637785,32.07373946961814,32.066316805088476,32.059447780773084,32.05351160518321,32.046800180948345,32.04220203706143,32.038239963739464,31.877270375188836,31.893406147294716,31.909909549120677,31.927697742820534,31.946550384422615,31.962537757623434,31.98216607220889,31.999034602693964,32.015603440718806
frame_000103.jpg,31.93954681095101,31.945745768879856,694.0586547851562,122.9644546508789,562.9662475585938,121.10891723632812,0.9964338541030884,0.9816973805427551,131.10553859983068,20,detected,detected,ok,31.947039185382632,31.94436121738658,31.942474795835942,31.94004887465958,31.93954681095101,31.939273144542877,31.940999541957662,31.94349198322972,31.94596641683155,31.879516014760046,31.8950780225244,31.910980577658453,31.927850597043882,31.945745768879856,31.96027067698755,31.977926635303504,31.993852222470572,32.0089213138214
frame_000104.jpg,32.33958127353424,32.159082462603045,695.313232421875,119.37024688720703,565.9430541992188,119.3063735961914,0.998138427734375,0.9982444047927856,129.37019399057553,20,detected,detected,ok,32.40254115289099,32.3881338055917,32.37320301678536,32.3567862595302,32.33958127353424,32.32449063670939,32.30747420172308,32.292709170375794,32.27862085521904,32.121877013361775,32.13015344131739,32.13883657510215,32.14838477866466,32.159082462603045,32.16729643245154,32.1767720211703,32.18509643422156,32.193735598419096
frame_000105.jpg,32.46266923660998,32.18852935208099,695.894287109375,118.40390014648438,566.7594604492188,118.17939758300781,0.9987342953681946,0.9963333606719971,129.13502181031143,20,detected,detected,ok,32.5429650516061,32.52437086703259,32.50551933182097,32.4845795757204,32.46266923660998,32.44317441936078,32.419706816613335,32.39946215013442,32.380892511511206,32.16156318539951,32.167312157841806,32.17299938939312,32.180633860253046,32.18852935208099,32.19561940422214,32.20349770737077,32.21062256030568,32.21792433569478
frame_000106.jpg,32.438170413821815,32.20739612549041,694.5928955078125,118.31253814697266,567.0283813476562,118.42247009277344,0.9989334940910339,0.9956923127174377,127.56456152846452,20,detected,detected,ok,32.51322466540258,32.49505009027334,32.47602860819819,32.457427165671554,32.438170413821815,32.421137572274176,32.401503566531346,32.3846210637663,32.36819502189583,32.179400965440394,32.18632293086484,32.19272633613513,32.20001330767419,32.20739612549041,32.21307877458169,32.22011082465899,32.22679625654491,32.233352608143
frame_000107.jpg,32.55747393561311,32.23044197471857,695.0397338867188,116.46359252929688,564.8895874023438,117.01637268066406,0.9979362487792969,0.9967880249023438,130.1513203767062,20,detected,detected,ok,32.66218381021992,32.63569096653192,32.610549552619695,32.58343956612077,32.55747393561311,32.53533630994848,32.50843978388843,32.48429361279562,32.461542156544745,32.22073176211694,32.222360310858676,32.224717513538145,32.22732874077656,32.23044197471857,32.234201783920994,32.23956048888447,32.244631780438695,32.24896779063222
frame_000108.jpg,32.56994058017838,32.26821279583037,694.9570922851562,118.78448486328125,563.8294067382812,119.01774597167969,0.9971185922622681,0.9960950016975403,131.12789301908583,20,detected,detected,ok,32.66697093204171,32.643793824258246,32.621128860709995,32.59648146920408,32.56994058017838,32.54729781406014,32.520500402102265,32.49710604916178,32.47526451230436,32.24544165313344,32.251260865853105,32.256697841929494,32.26156195763286,32.26821279583037,32.27328526344134,32.279579624579604,32.28489399962229,32.28997476284574
frame_000109.jpg,32.45785385883203,32.351722377986,693.1121826171875,121.92347717285156,561.4912719726562,120.14535522460938,0.9977001547813416,0.9968908429145813,131.6329207932366,20,detected,detected,ok,32.53159560433849,32.512808579365064,32.4938599072522,32.475711691687806,32.45785385883203,32.44259063017339,32.42465439068665,32.40955080280843,32.395496232687385,32.32841465556244,32.3356778094391,32.3416165545955,32.34720132683014,32.351722377986,32.3555913950045,32.36000274013476,32.36330378829188,32.366098382743125
frame_000110.jpg,32.40180380494945,32.32768338593218,692.3829956054688,122.56647491455078,562.3024291992188,120.36839294433594,0.9959347248077393,0.9951695799827576,130.09913651104145,20,detected,detected,ok,32.4624938717284,32.446007078185175,32.43109151987001,32.41695121992818,32.40180380494945,32.390515181084986,32.378552142399116,32.36811761000505,32.358476396816734,32.29480315131436,32.3036384974331,32.311688567765955,32.320375708013415,32.32768338593218,32.332570812230664,32.33893337794101,32.34408448808675,32.3484273354524
frame_000111.jpg,32.46945497878884,32.342500599771455,692.6870727539062,123.74844360351562,562.487060546875,121.4420394897461,0.9964537620544434,0.9932650327682495,130.22043878994995,20,detected,detected,ok,32.54087947963318,32.52297701806834,32.50486861332593,32.4873783260494,32.46945497878884,32.45557091298565,32.4395456937693,32.42596892652812,32.41281121452757,32.30761736459164,32.315580239899546,32.32347848096011,32.333137727573344,32.342500599771455,32.349586406886964,32.357423897036384,32.36222221638968,32.365591498778194
frame_000112.jpg,32.41809950731837,32.33230228255359,691.994384765625,125.24056243896484,562.8893432617188,123.31593322753906,0.9957681894302368,0.9914514422416687,129.11938638069356,20,detected,detected,ok,32.470337844483396,32.45650735780617,32.44327280697979,32.43039786380068,32.41809950731837,32.40900948796101,32.39847954589394,32.38887786974493,32.37979698409951,32.29622571059288,32.303441352231864,32.31220084908876,32.322452704370654,32.33230228255359,32.34144209857325,32.351637228550246,32.35959107891497,32.366482633261874
frame_000113.jpg,32.31643073711781,32.22271608095125,690.5125122070312,125.43220520019531,562.2730102539062,123.50851440429688,0.998200535774231,0.9912523627281189,128.25392955954126,20,detected,detected,ok,32.35495251649684,32.3444019551487,32.33467096384863,32.32518151114043,32.31643073711781,32.31006920858734,32.303656957633365,32.2979823967889,32.29301202759562,32.18157201565621,32.19002687126797,32.19990347968452,32.2114650800238,32.22271608095125,32.232867660860094,32.24474383771747,32.255621922926665,32.26586700801407
frame_000114.jpg,32.18226617953424,32.1585002830422,690.9119873046875,126.71829223632812,561.3873901367188,124.14649963378906,0.9971300959587097,0.9716354608535767,129.55012693438417,20,detected,detected,ok,32.192308420752106,32.18922775181169,32.18586559690738,32.183085193696115,32.18226617953424,32.18162466250257,32.18239986265959,32.18385606086053,32.185180454246606,32.113377126582925,32.124279668030745,32.13524964670604,32.14708041358662,32.1585002830422,32.168148423813314,32.17925668405387,32.1893596227463,32.19942470369493
frame_000115.jpg,31.963379220646473,32.05219645551517,689.96142578125,127.1285400390625,559.9140014648438,124.47968292236328,0.9964253306388855,0.9721916317939758,130.07439800112894,20,detected,detected,ok,31.949142772903205,31.952071577356673,31.95519276340357,31.9589335765293,31.963379220646473,31.96799909745611,31.97457201719293,31.9802116695658,31.98588912512862,32.002944127307686,32.01459538648483,32.02634707430708,32.039326318123514,32.05219645551517,32.06414266428899,32.07748246836072,32.08864464734493,32.099586946479334
frame_000116.jpg,31.932839134858238,31.95185573675591,690.7599487304688,127.93592834472656,559.2958984375,123.92572784423828,0.9962555170059204,0.930679202079773,131.52519997128434,20,detected,detected,ok,31.916181027583242,31.919249530127203,31.922802433255853,31.927563055240935,31.932839134858238,31.937744979560915,31.944221517195516,31.950362590157127,31.95595098755165,31.90148917421957,31.914495109997375,31.926562649259328,31.939369220930796,31.95185573675591,31.962835882693437,31.974917931133064,31.984964160371554,31.99404378022388
frame_000117.jpg,31.868705460428345,31.907694401940297,690.2222290039062,127.38426208496094,559.3711547851562,124.2061538696289,0.996094286441803,0.9848618507385254,130.88966344226415,20,detected,detected,ok,31.836927639380285,31.843077507241045,31.85064766097778,31.859484224754322,31.868705460428345,31.876690349557503,31.886314106516984,31.8943695496604,31.901955744407267,31.859305981582423,31.871069339817,31.882529745531006,31.894646916439893,31.907694401940297,31.918734477684925,31.931316257031746,31.942124840459694,31.952374428296608
frame_000118.jpg,31.87954536621114,31.84132668344285,694.3683471679688,126.07548522949219,562.4439697265625,122.81501770019531,0.9870160818099976,0.9878557324409485,131.9646619811994,20,detected,detected,ok,31.860638693520503,31.865672183645376,31.87033085150248,31.87478951199707,31.87954536621114,31.882954546104557,31.888008013594177,31.89330429309908,31.898571795436006,31.798087779501838,31.80681169167863,31.816963756627967,31.828450838865603,31.84132668344285,31.85310592104572,31.866983508781082,31.878736050783054,31.889980313857087
frame_000119.jpg,31.87954536621114,31.84132668344285,694.3683471679688,126.07548522949219,562.4439697265625,122.81501770019531,0.9870160818099976,0.9878557324409485,131.9646619811994,20,detected,detected,ok,31.860638693520503,31.865672183645376,31.87033085150248,31.87478951199707,31.87954536621114,31.882954546104557,31.888008013594177,31.89330429309908,31.898571795436006,31.798087779501838,31.80681169167863,31.816963756627967,31.828450838865603,31.84132668344285,31.85310592104572,31.866983508781082,31.878736050783054,31.889980313857087
frame_000120.jpg,31.847992767710206,31.981272882333023,704.7933959960938,126.37828826904297,578.4443359375,128.32933044433594,0.9868256449699402,0.9872337579727173,126.36412284845689,20,detected,detected,ok,31.81798556578378,31.82468629833078,31.831975833038104,31.839273702523712,31.847992767710206,31.85717927645052,31.869535428983443,31.881230671399,31.893099715033475,31.89688591255843,31.91847348281676,31.939727397898924,31.96063606209623,31.981272882333023,31.997465138135638,32.01456220750652,32.02821110212691,32.04036462377216
frame_000121.jpg,32.08421529016817,32.079295802439184,727.7590942382812,132.20169067382812,601.8983154296875,129.11680603027344,0.9899853467941284,0.9828081727027893,125.89857884650566,20,detected,detected,ok,32.09396751842463,32.08955470701726,32.08693061870535,32.0850498490485,32.08421529016817,32.08406402980938,32.085884069845335,32.087996349988096,32.09044438071099,32.02634604415787,32.03937144873656,32.05229515476392,32.06536602366847,32.079295802439184,32.09092294090136,32.104718460647234,32.116840169542236,32.12765904760529
frame_000122.jpg,32.22536487663739,32.22447843740622,751.406494140625,132.29510498046875,631.8056640625,128.45188903808594,0.9958431124687195,0.9928673505783081,119.66256250037567,20,detected,detected,ok,32.22274976043412,32.22344089202141,32.22315341869345,32.2248238852544,32.22536487663739,32.22534142353132,32.224574634939195,32.225058488495705,32.22595410661761,32.20459346454326,32.20898180781906,32.21316341773863,32.218398073404586,32.22447843740622,32.23075423959305,32.23814186888784,32.24427184022251,32.249441804218115
frame_000123.jpg,32.06654737162309,32.25473586774404,772.0928955078125,131.69590759277344,663.66845703125,127.48345184326172,0.9685549736022949,0.9570364356040955,108.50623780409806,20,detected,detected,ok,31.983513099636014,32.003438422646084,32.024297619089275,32.04567053956967,32.06654737162309,32.08405918857328,32.10542980615637,32.123419119300756,32.14041678045579,32.265045046903026,32.262996203873854,32.26055287338081,32.257457482044835,32.25473586774404,32.252593579270744,32.2505310477694,32.2491886178037,32.248658650190436
frame_000124.jpg,32.69981974760112,32.35096407557666,813.9427795410156,127.79472351074219,686.6942749023438,127.84346008300781,0.49354007840156555,0.9684767127037048,127.24851397180076,20,opposite_inferred,detected,opposite_inferred_repair,32.90463974020243,32.85670094422735,32.808397001852335,32.754980328419194,32.69981974760112,32.65080609361739,32.590971463124795,32.53474156104909,32.47770551201344,32.40611453934381,32.390387907096674,32.375712124197086,32.36235858304093,32.35096407557666,32.34238262536398,32.33265762711923,32.324867693879035,32.316980355559615
frame_000125.jpg,30.889449878046467,32.41547010634373,856.1150817871094,133.6582794189453,728.8665771484375,133.70701599121094,0.11319849640130997,0.8883776664733887,127.24851397180076,20,opposite_inferred,detected,opposite_inferred_repair,31.01686023596168,30.986205802315094,30.954923149130142,30.922608793715664,30.889449878046467,30.85942143011144,30.82261644999124,30.789584432553006,30.75652822382245,32.432101423965456,32.42750628818318,32.42343858670548,32.41962787433238,32.41547010634373,32.41288876447909,32.410785006159735,32.40908389563438,32.407056820195116
frame_000126.jpg,30.071620598867376,32.45134299895376,884.1382141113281,131.67886352539062,756.8897094726562,131.72760009765625,0.24436233937740326,0.5329351425170898,127.24851397180076,20,opposite_inferred,detected,opposite_inferred_repair,30.099095468212198,30.095854685755956,30.090146168622336,30.081556593168855,30.071620598867376,30.06070899834214,30.048093324401606,30.035494989237538,30.021885388759017,32.49280161968338,32.48227360899376,32.472022365598995,32.461378091549655,32.45134299895376,32.44379151724135,32.435100081278115,32.4278048009221,32.42141271358376
frame_000127.jpg,29.32708395791258,32.397369723238626,912.4286804199219,144.42034912109375,785.18017578125,144.46908569335938,0.007253223564475775,0.9574613571166992,127.24851397180076,20,opposite_inferred,detected,opposite_inferred_repair,29.24681693068369,29.271119958517502,29.29275643027367,29.31005937520088,29.32708395791258,29.33632711888304,29.346917617949657,29.352670096984053,29.356373820365498,32.44822556247669,32.43461904464526,32.421660504637714,32.40860197260223,32.397369723238626,32.38797819066328,32.377395274977864,32.368698564709874,32.361462491130936
frame_000128.jpg,28.4797333763578,32.318713962027516,940.7896423339844,164.31239318847656,813.5411376953125,164.3611297607422,0.0023944491986185312,0.9447739124298096,127.24851397180076,20,opposite_inferred,detected,opposite_inferred_repair,28.34771763700804,28.380499972170632,28.413075199102963,28.446194498990838,28.4797333763578,28.506717093568188,28.538853471491066,28.566002062660967,28.590472256009708,32.37171814218372,32.35836110188149,32.34520337304802,32.33200225847397,32.318713962027516,32.30760969840683,32.29492571261977,32.28511171032376,32.27656535682097
frame_000129.jpg,,,,,,,,,,20,missing,missing,no_detection,,,,,,,,,,,,,,,,,,
frame_000130.jpg,,,,,,,,,,20,missing,missing,no_detection,,,,,,,,,,,,,,,,,,
frame_000131.jpg,,,,,,,,,,20,missing,missing,no_detection,,,,,,,,,,,,,,,,,,
frame_000132.jpg,,,,,,,,,,20,missing,missing,no_detection,,,,,,,,,,,,,,,,,,
frame_000133.jpg,,,,,,,,,,20,missing,missing,no_detection,,,,,,,,,,,,,,,,,,
frame_000134.jpg,,,,,,,,,,20,missing,missing,no_detection,,,,,,,,,,,,,,,,,,
frame_000135.jpg,,,,,,,,,,20,missing,missing,no_detection,,,,,,,,,,,,,,,,,,
frame_000136.jpg,,,,,,,,,,20,missing,missing,no_detection,,,,,,,,,,,,,,,,,,
frame_000137.jpg,,,,,,,,,,20,missing,missing,no_detection,,,,,,,,,,,,,,,,,,
frame_000138.jpg,,,,,,,,,,20,missing,missing,no_detection,,,,,,,,,,,,,,,,,,
frame_000139.jpg,,,,,,,,,,20,missing,missing,no_detection,,,,,,,,,,,,,,,,,,
frame_000140.jpg,,,,,,,,,,20,missing,missing,no_detection,,,,,,,,,,,,,,,,,,
frame_000141.jpg,30.90333084579591,32.224327232103185,919.0837097167969,351.49346923828125,791.835205078125,351.5422058105469,0.017653467133641243,0.9653350114822388,127.24851397180076,20,opposite_inferred,detected,opposite_inferred_repair,31.144589774623054,31.08071593128355,31.021273754717665,30.96296478779949,30.90333084579591,30.85641129261085,30.799418284758445,30.748815112425024,30.700204177225018,32.12679771844505,32.151568261984266,32.176276163781395,32.20118782390123,32.224327232103185,32.24234592440583,32.26315390574779,32.27957145772778,32.293937964295154
frame_000142.jpg,31.890710653671213,32.26249804611932,880.3230895996094,348.087890625,753.0745849609375,348.1366271972656,0.0012068006908521056,0.993831992149353,127.24851397180076,20,opposite_inferred,detected,opposite_inferred_repair,32.173679001292385,32.10463742057486,32.03617082912201,31.96504235402486,31.890710653671213,31.825772716236347,31.745510276661687,31.67357868813141,31.60354929743871,32.19573790430505,32.213388124724496,32.22967240983948,32.246706010066795,32.26249804611932,32.27616633029018,32.29199290758751,32.30555720461404,32.317606162317404
frame_000143.jpg,31.890710653671213,32.26249804611932,880.3230895996094,348.087890625,753.0745849609375,348.1366271972656,0.0012068006908521056,0.993831992149353,127.24851397180076,20,opposite_inferred,detected,opposite_inferred_repair,32.173679001292385,32.10463742057486,32.03617082912201,31.96504235402486,31.890710653671213,31.825772716236347,31.745510276661687,31.67357868813141,31.60354929743871,32.19573790430505,32.213388124724496,32.22967240983948,32.246706010066795,32.26249804611932,32.27616633029018,32.29199290758751,32.30555720461404,32.317606162317404
frame_000144.jpg,31.478238722028607,31.91945832295356,864.5163879394531,325.3864440917969,737.2678833007812,325.4351806640625,0.020712118595838547,0.9972307085990906,127.24851397180076,20,opposite_inferred,detected,opposite_inferred_repair,31.754335851380112,31.687935883365466,31.621417934077876,31.55229176394757,31.478238722028607,31.4179748007737,31.34350766624869,31.277123052536997,31.21243943306843,31.986503365002157,31.970960069952607,31.955054815312927,31.937663165854566,31.91945832295356,31.903379061948,31.885076570042262,31.869973986386345,31.85570217689158
frame_000145.jpg,31.73058181581929,31.881501561507143,849.3055725097656,314.35052490234375,722.0570678710938,314.3992614746094,0.00913884025067091,0.990180492401123,127.24851397180076,20,opposite_inferred,detected,opposite_inferred_repair,32.044999351471944,31.96812928170345,31.892090386568594,31.814062145360214,31.73058181581929,31.66198266821894,31.57723699787757,31.502568417377507,31.431163596644804,31.969188352938747,31.94734671137637,31.92545387744428,31.903140833126884,31.881501561507143,31.862717617140678,31.842641370046536,31.825825809928144,31.811054850796893
frame_000146.jpg,31.59884799484529,31.925652202365782,841.6417541503906,311.4222717285156,714.3932495117188,311.47100830078125,0.003451987635344267,0.9956071972846985,127.24851397180076,20,opposite_inferred,detected,opposite_inferred_repair,31.93591206289089,31.848048568058243,31.76506053668769,31.682845430798903,31.59884799484529,31.532886640902497,31.453640227222355,31.385395038485967,31.321381657917385,32.00688417596094,31.985860686872613,31.965079170960987,31.944629130623277,31.925652202365782,31.90955104340255,31.893078369825922,31.87941727492202,31.867168052755552
frame_000147.jpg,31.723436779974865,31.42293716274062,835.8529968261719,301.94671630859375,708.6044921875,301.9954528808594,0.005346680525690317,0.986844003200531,127.24851397180076,20,opposite_inferred,detected,opposite_inferred_repair,32.05640395458108,31.975894774043642,31.895098005604325,31.811248560189995,31.723436779974865,31.650303278259404,31.562010445415122,31.48288373810866,31.40686377934421,31.48306188154258,31.463983809842166,31.44744325240365,31.434147470369886,31.42293716274062,31.415879239379333,31.411054143692546,31.40947571831221,31.410408224409565
frame_000148.jpg,32.01010070399878,31.691698611326938,825.8370666503906,273.52020263671875,698.5885620117188,273.5689392089844,0.00813326332718134,0.9967724680900574,127.24851397180076,20,opposite_inferred,detected,opposite_inferred_repair,32.268255189727455,32.20997718942407,32.149335518769576,32.082153726786316,32.01010070399878,31.94655337876946,31.867341543546562,31.79491294352506,31.723849502802352,31.772699866790216,31.74965276057854,31.728304875440262,31.708688896127214,31.691698611326938,31.679021177807783,31.66486039657984,31.65278893021483,31.64136747159755
frame_000149.jpg,31.810829871185284,31.444643931137215,825.4924011230469,262.17425537109375,698.243896484375,262.2229919433594,0.004321808461099863,0.9934396147727966,127.24851397180076,20,opposite_inferred,detected,opposite_inferred_repair,32.12434529760191,32.05254828198514,31.97800736770238,31.89665479639547,31.810829871185284,31.737297753814836,31.64871334576294,31.571189573370404,31.49626903951433,31.527042455349903,31.50140380825339,31.479456146228202,31.460510359311844,31.444643931137215,31.433892812571816,31.423615339342895,31.41741102471566,31.412849385941513
frame_000150.jpg,31.810829871185284,31.444643931137215,825.4924011230469,262.17425537109375,698.243896484375,262.2229919433594,0.004321808461099863,0.9934396147727966,127.24851397180076,20,opposite_inferred,detected,opposite_inferred_repair,32.12434529760191,32.05254828198514,31.97800736770238,31.89665479639547,31.810829871185284,31.737297753814836,31.64871334576294,31.571189573370404,31.49626903951433,31.527042455349903,31.50140380825339,31.479456146228202,31.460510359311844,31.444643931137215,31.433892812571816,31.423615339342895,31.41741102471566,31.412849385941513
frame_000151.jpg,31.809089252791907,31.57000231674017,824.8949890136719,255.40989685058594,697.646484375,255.45863342285156,0.01687147654592991,0.9963740706443787,127.24851397180076,20,opposite_inferred,detected,opposite_inferred_repair,32.148326012812326,32.06805766896649,31.98648234118959,31.899179938555694,31.809089252791907,31.734163656285553,31.644087414095928,31.56521885979615,31.489060684036726,31.62775117631176,31.612331506913236,31.597604384665086,31.583494882672063,31.57000231674017,31.56017919890865,31.55062616468718,31.543598344068442,31.5381699454893
frame_000152.jpg,32.24856777326121,32.12215143534941,811.4657897949219,267.0720520019531,684.21728515625,267.12078857421875,0.024771491065621376,0.9925059676170349,127.24851397180076,20,opposite_inferred,detected,opposite_inferred_repair,32.397649062270666,32.359646260758154,32.32309695809749,32.28441574827957,32.24856777326121,32.21868702890788,32.184846424454605,32.15404787025906,32.12316646648554,32.039370536388354,32.06106370487639,32.081378922828556,32.10125677714353,32.12215143534941,32.140145031660694,32.161073622452946,32.17853297933801,32.19480521517756
frame_000153.jpg,32.506438120318634,32.29375646922511,813.9397277832031,265.2691650390625,686.6912231445312,265.3179016113281,0.03967171534895897,0.9963589310646057,127.24851397180076,20,opposite_inferred,detected,opposite_inferred_repair,32.70984066329096,32.66177294496206,32.613524101065146,32.56204576944373,32.506438120318634,32.45921033405133,32.40385170142695,32.35415108674224,32.30510482912923,32.25581415879755,32.2644117949608,32.27345371338368,32.283536991822864,32.29375646922511,32.302129747076215,32.31179869939587,32.320047232492314,32.3275897894838
frame_000154.jpg,32.506438120318634,32.29375646922511,813.9397277832031,265.2691650390625,686.6912231445312,265.3179016113281,0.03967171534895897,0.9963589310646057,127.24851397180076,20,opposite_inferred,detected,opposite_inferred_repair,32.70984066329096,32.66177294496206,32.613524101065146,32.56204576944373,32.506438120318634,32.45921033405133,32.40385170142695,32.35415108674224,32.30510482912923,32.25581415879755,32.2644117949608,32.27345371338368,32.283536991822864,32.29375646922511,32.302129747076215,32.31179869939587,32.320047232492314,32.3275897894838
frame_000155.jpg,32.518093893089834,32.32525617916538,813.7408752441406,265.69110107421875,686.4923706054688,265.7398376464844,0.02904258482158184,0.9963054656982422,127.24851397180076,20,opposite_inferred,detected,opposite_inferred_repair,32.724518225826706,32.67575433626037,32.62666065067448,32.5738358643305,32.518093893089834,32.46981190727969,32.41315687898718,32.361830126813736,32.31278288921608,32.27955688414195,32.291244968119386,32.30207077264468,32.313236219301515,32.32525617916538,32.33596441237979,32.349414016350615,32.361067857046436,32.37159260317903
frame_000156.jpg,32.516893549340104,32.37597859784809,813.1270446777344,265.2263488769531,685.8785400390625,265.27508544921875,0.04569554701447487,0.9961338043212891,127.24851397180076,20,opposite_inferred,detected,opposite_inferred_repair,32.714669134750444,32.667008238774585,32.6189811270932,32.56828410864154,32.516893549340104,32.47278673004451,32.41890045599566,32.37142572846131,32.32578025522861,32.328162317340144,32.338652691763876,32.34995536387787,32.36184999714197,32.37597859784809,32.38793839434809,32.400289167467385,32.41003963295557,32.41904203282726
frame_000157.jpg,32.57059814852044,32.44122179788167,813.4549865722656,261.7326965332031,686.2064819335938,261.78143310546875,0.03173752874135971,0.996738612651825,127.24851397180076,20,opposite_inferred,detected,opposite_inferred_repair,32.77622659343329,32.726305128400774,32.677033817449114,32.62445218530081,32.57059814852044,32.52468315318451,32.46676057075537,32.41424096342815,32.36340719501494,32.42236786790663,32.427699300312355,32.43291069134363,32.43757010045213,32.44122179788167,32.443011286996324,32.44412027153616,32.44404227420909,32.44360920568448
frame_000158.jpg,32.57593019607781,32.450325354115115,811.7951354980469,262.54345703125,684.546630859375,262.5921936035156,0.0056218914687633514,0.9947077035903931,127.24851397180076,20,opposite_inferred,detected,opposite_inferred_repair,32.80672264823101,32.75251832343443,32.69775860777269,32.63768910607726,32.57593019607781,32.524390586859155,32.462768257745005,32.407737746235775,32.35381932071885,32.41515836162138,32.423704016799384,32.43238748028115,32.44165920680487,32.450325354115115,32.457189280085835,32.462629277453516,32.46670681980324,32.470892671592274
frame_000159.jpg,32.57593019607781,32.450325354115115,811.7951354980469,262.54345703125,684.546630859375,262.5921936035156,0.0056218914687633514,0.9947077035903931,127.24851397180076,20,opposite_inferred,detected,opposite_inferred_repair,32.80672264823101,32.75251832343443,32.69775860777269,32.63768910607726,32.57593019607781,32.524390586859155,32.462768257745005,32.407737746235775,32.35381932071885,32.41515836162138,32.423704016799384,32.43238748028115,32.44165920680487,32.450325354115115,32.457189280085835,32.462629277453516,32.46670681980324,32.470892671592274
frame_000160.jpg,32.55948955334702,32.511142601113484,808.8038635253906,261.6063232421875,681.5553588867188,261.6550598144531,0.005109991878271103,0.9951818585395813,127.24851397180076,20,opposite_inferred,detected,opposite_inferred_repair,32.7907963955585,32.734486605683564,32.67847241397975,32.620715126318885,32.55948955334702,32.50805744465581,32.44673466822354,32.39234751769488,32.33866370588547,32.46561819342169,32.47660255803873,32.487959430270564,32.50060021230373,32.511142601113484,32.518056877396916,32.52695952304628,32.534248675707715,32.54116469321666
frame_000161.jpg,32.55948955334702,32.511142601113484,808.8038635253906,261.6063232421875,681.5553588867188,261.6550598144531,0.005109991878271103,0.9951818585395813,127.24851397180076,20,opposite_inferred,detected,opposite_inferred_repair,32.7907963955585,32.734486605683564,32.67847241397975,32.620715126318885,32.55948955334702,32.50805744465581,32.44673466822354,32.39234751769488,32.33866370588547,32.46561819342169,32.47660255803873,32.487959430270564,32.50060021230373,32.511142601113484,32.518056877396916,32.52695952304628,32.534248675707715,32.54116469321666
frame_000162.jpg,32.575324058749395,32.38093522806604,812.4582824707031,264.4144287109375,685.2097778320312,264.4631652832031,0.0025665932334959507,0.9962120056152344,127.24851397180076,20,opposite_inferred,detected,opposite_inferred_repair,32.82365203649155,32.766434328837526,32.707414645570495,32.6439210039973,32.575324058749395,32.51573552131745,32.442907294301506,32.37625369825623,32.307972859589086,32.309912674047396,32.326418926953096,32.34333414699642,32.362659436774194,32.38093522806604,32.397156673404346,32.41402785308164,32.42646538364608,32.43663689501635
frame_000163.jpg,32.56472637646862,32.550901087168185,808.1958923339844,260.6508483886719,680.9473876953125,260.6995849609375,0.0036819532979279757,0.9913540482521057,127.24851397180076,20,opposite_inferred,detected,opposite_inferred_repair,32.77710212420604,32.723799459473554,32.67181339927838,32.61841378720115,32.56472637646862,32.52046298262165,32.46836984293008,32.423227817148216,32.3798501760522,32.51454749343655,32.52311256072587,32.53153487109956,32.54135143228409,32.550901087168185,32.55999194834519,32.569947359478775,32.5761928777392,32.582020724920525
frame_000164.jpg,32.567384310169935,32.51147670941449,810.1843566894531,262.6438903808594,682.9358520507812,262.692626953125,0.0034122501965612173,0.9949937462806702,127.24851397180076,20,opposite_inferred,detected,opposite_inferred_repair,32.799340193019745,32.74243798675116,32.68663427735443,32.62839468036123,32.567384310169935,32.51621552928207,32.45535024711653,32.400938911197414,32.348158708077456,32.44423667294771,32.46156010961982,32.47709743146026,32.49391024231684,32.51147670941449,32.52765588788732,32.54535155663658,32.560127328941434,32.57403452345235
frame_000165.jpg,32.567384310169935,32.51147670941449,810.1843566894531,262.6438903808594,682.9358520507812,262.692626953125,0.0034122501965612173,0.9949937462806702,127.24851397180076,20,opposite_inferred,detected,opposite_inferred_repair,32.799340193019745,32.74243798675116,32.68663427735443,32.62839468036123,32.567384310169935,32.51621552928207,32.45535024711653,32.400938911197414,32.348158708077456,32.44423667294771,32.46156010961982,32.47709743146026,32.49391024231684,32.51147670941449,32.52765588788732,32.54535155663658,32.560127328941434,32.57403452345235
frame_000166.jpg,32.5267473444521,32.63586066229666,807.4153747558594,252.33303833007812,680.1668701171875,252.38177490234375,0.0017912705661728978,0.9964993000030518,127.24851397180076,20,opposite_inferred,detected,opposite_inferred_repair,32.72121026411506,32.672431813862254,32.62402456879556,32.576820277952486,32.5267473444521,32.4852219859847,32.43456910759106,32.38973014157047,32.34421142004508,32.63570942929924,32.63717611433304,32.63793180504994,32.63715760864899,32.63586066229666,32.63500426028251,32.63383754915487,32.63202266924247,32.6303430556628
frame_000167.jpg,32.541918916600366,32.608159587968345,806.6808166503906,233.45944213867188,679.4323120117188,233.5081787109375,0.008179894648492336,0.9926033616065979,127.24851397180076,20,opposite_inferred,detected,opposite_inferred_repair,32.83470256249211,32.77016517416146,32.70290672935641,32.625372658203396,32.541918916600366,32.465945296609796,32.371677760515524,32.286119472553594,32.20156845851049,32.752858817271665,32.715770719617225,32.68035483046182,32.64400592695033,32.608159587968345,32.57882228468119,32.54670924344989,32.51960434817021,32.49526778779772
frame_000168.jpg,32.541918916600366,32.608159587968345,806.6808166503906,233.45944213867188,679.4323120117188,233.5081787109375,0.008179894648492336,0.9926033616065979,127.24851397180076,20,opposite_inferred,detected,opposite_inferred_repair,32.83470256249211,32.77016517416146,32.70290672935641,32.625372658203396,32.541918916600366,32.465945296609796,32.371677760515524,32.286119472553594,32.20156845851049,32.752858817271665,32.715770719617225,32.68035483046182,32.64400592695033,32.608159587968345,32.57882228468119,32.54670924344989,32.51960434817021,32.49526778779772
frame_000169.jpg,32.02068511111811,32.19639302757875,780.9605407714844,234.49505615234375,653.7120361328125,234.54379272460938,0.07351377606391907,0.9944514632225037,127.24851397180076,20,opposite_inferred,detected,opposite_inferred_repair,32.13619441033694,32.10632887104227,32.07717925227788,32.04845555464798,32.02068511111811,31.99667705037161,31.968684028039906,31.943469430905118,31.91916898316699,32.13483119498613,32.1499989778075,32.165636211296,32.18152764939007,32.19639302757875,32.206939084108605,32.21982158768327,32.2294547396991,32.236625147200904
frame_000170.jpg,31.93508580503976,32.07365027046402,769.4316101074219,232.5686798095703,642.18310546875,232.61741638183594,0.013386418111622334,0.9964302182197571,127.24851397180076,20,opposite_inferred,detected,opposite_inferred_repair,32.02469572533944,32.001661257916936,31.98039297503514,31.9578878282375,31.93508580503976,31.91661887197747,31.8957612879466,31.879249151992404,31.86452015053334,32.01540954762921,32.03079933321277,32.045592009310816,32.06003168267809,32.07365027046402,32.082898059986675,32.09324153107378,32.10152732887611,32.109188653923496
frame_000171.jpg,32.04795259822202,32.1758024655685,759.4258117675781,235.96902465820312,632.1773071289062,236.01776123046875,0.04165579378604889,0.9794140458106995,127.24851397180076,20,opposite_inferred,detected,opposite_inferred_repair,32.12162909470881,32.10235686592425,32.083982282846016,32.066704818945674,32.04795259822202,32.03244863592516,32.01458845410168,31.999603386368417,31.9861596403058,32.08507887679997,32.108228764407805,32.13129897370693,32.15423753319943,32.1758024655685,32.19363025751229,32.213992143588065,32.230774551253795,32.246475416169154
frame_000172.jpg,31.959607695320546,32.18282212404531,754.2127990722656,235.772705078125,626.9642944335938,235.82144165039062,0.01161090936511755,0.9755379557609558,127.24851397180076,20,opposite_inferred,detected,opposite_inferred_repair,31.996565411704985,31.986390440263143,31.976968644268116,31.96787674336617,31.959607695320546,31.952179677540812,31.94345407928841,31.936498626730316,31.929689629733495,32.09478561532638,32.117539825891704,32.13956150532523,32.161356967915296,32.18282212404531,32.19982984750134,32.21991514145281,32.23744782641486,32.25310546278664
frame_000173.jpg,31.8458130364546,32.26465074285883,748.8743591308594,236.63421630859375,621.6258544921875,236.68295288085938,0.02487162873148918,0.9349635243415833,127.24851397180076,20,opposite_inferred,detected,opposite_inferred_repair,31.829247300933314,31.830915136990708,31.83369653207568,31.83854224631913,31.8458130364546,31.85231150663196,31.86094695607036,31.868528437080453,31.87459319710049,32.196937221318876,32.21301054453817,32.229053169635705,32.2459158508224,32.26465074285883,32.27924660854993,32.29704927859205,32.312604123090765,32.326946754254635
frame_000174.jpg,32.26584228383123,31.926319100076338,763.3379821777344,225.45855712890625,636.0894775390625,225.50729370117188,0.05662694573402405,0.9671967625617981,127.24851397180076,20,opposite_inferred,detected,opposite_inferred_repair,32.46608152113411,32.42344875695426,32.376862190096,32.32233202432905,32.26584228383123,32.21282067725497,32.14811501186579,32.087037709505154,32.025240136075325,31.92318948156064,31.921915426238854,31.921863998909373,31.923016469381107,31.926319100076338,31.92932274872056,31.93504372991699,31.940497971155605,31.946687064134753
frame_000175.jpg,32.271617048108396,31.898353848954002,761.3412780761719,225.65499877929688,634.0927734375,225.7037353515625,0.06768948584794998,0.9879669547080994,127.24851397180076,20,opposite_inferred,detected,opposite_inferred_repair,32.45725212958264,32.41643493554114,32.37290988327621,32.323912110188985,32.271617048108396,32.22501879971618,32.16821930559152,32.11469740788162,32.060912645236755,31.90764749371244,31.904341878680096,31.90080378621045,31.89864458338303,31.898353848954002,31.89923962929219,31.90263906922519,31.906291649627843,31.911180901340053
frame_000176.jpg,31.43829958631348,32.10199202866553,740.8559265136719,237.83547973632812,613.607421875,237.88421630859375,0.49081283807754517,0.9861143827438354,127.24851397180076,20,opposite_inferred,detected,opposite_inferred_repair,31.329083991050737,31.355033718388146,31.381409656550396,31.409429957758096,31.43829958631348,31.463247306402604,31.492785754762807,31.51896619715198,31.54375150337308,32.04279179569285,32.05726999172302,32.071466974147036,32.08613323437476,32.10199202866553,32.115510373188386,32.1324183378509,32.148570492164026,32.1643983421233
frame_000177.jpg,31.855292546273404,32.08075117385914,750.1202392578125,236.2725830078125,612.6729736328125,238.044189453125,0.649816632270813,0.9855144023895264,137.45868258202674,20,detected,detected,ok,31.913625332511362,31.900036519115716,31.886245248721366,31.87041740733089,31.855292546273404,31.84110000802009,31.826172022090127,31.813899535337594,31.802027100911776,32.01535003739056,32.03166770932035,32.04723951325629,32.063483446289005,32.08075117385914,32.09500042433346,32.112469731629844,32.12793385390209,32.14258207061464
frame_000178.jpg,31.716368211073014,32.1632683151506,748.0634765625,237.181396484375,610.7520751953125,239.68014526367188,0.5202494263648987,0.9860937595367432,137.33413519909354,20,detected,detected,ok,31.744626062287285,31.7366895034316,31.728557186144638,31.7205891338048,31.716368211073014,31.714811742792726,31.71384089971987,31.714533349186578,31.715211212937373,32.11473564026749,32.12671918856948,32.13870667918687,32.15085835698247,32.1632683151506,32.17450250899588,32.18692919385093,32.19914039717647,32.21170021697332
frame_000179.jpg,31.71581147232922,32.09943001068924,747.8700866699219,235.14036178588867,611.09814453125,239.66400146484375,0.3371044993400574,0.9852092862129211,137.65377464054595,20,tracked,detected,tracked_repair,31.75808062926052,31.746872819005205,31.73480780383146,31.72293703634164,31.71581147232922,31.711797309309517,31.708569544507956,31.70629561600985,31.705002655269652,32.04128550804654,32.055141403384596,32.069308103943264,32.08428648606488,32.09943001068924,32.11272417868089,32.12931453418622,32.14410431721158,32.15843066776546
frame_000180.jpg,31.729761384636667,32.10285821309373,747.6766967773438,233.09932708740234,610.4823608398438,239.9913330078125,0.32442060112953186,0.9775097966194153,137.5451782581232,20,tracked,detected,tracked_repair,31.779184631467704,31.766164497323096,31.752302780264333,31.739249806979267,31.729761384636667,31.72373034080359,31.717762201232965,31.71256633645946,31.709079337437455,32.04977860913712,32.06172888534512,32.074312318193925,32.08831994840632,32.10285821309373,32.11492292323674,32.13001426913537,32.14364078298337,32.15728448715817
frame_000181.jpg,31.684628094969966,32.06713561138753,747.4833068847656,231.05829238891602,609.9138793945312,239.73974609375,0.38881775736808777,0.9834073185920715,138.29656132125555,20,tracked,detected,tracked_repair,31.735859031339913,31.72083327756466,31.7070245613246,31.69362834928402,31.684628094969966,31.67775197466496,31.67264608862541,31.66865233001305,31.667048038622557,32.01222382709336,32.024593654958174,32.03788962061705,32.052469733738604,32.06713561138753,32.07913972082796,32.095878831508074,32.111063690608795,32.125800968020414
frame_000182.jpg,31.69547564253555,31.864178070085167,747.2899169921875,229.0172576904297,613.9048461914062,239.4362030029297,0.5127769112586975,0.9920990467071533,133.79137316716012,20,detected,detected,ok,31.757220371673927,31.740560005454032,31.72439268407547,31.707981451406727,31.69547564253555,31.685594809720715,31.677792788790796,31.67174671357503,31.66665788975265,31.774355444679916,31.795568961833528,31.817266566155833,31.841108210971047,31.864178070085167,31.88391202715762,31.90794062887922,31.929213449409442,31.948806770317663
frame_000183.jpg,31.722071252002674,31.80984719620238,743.8819580078125,231.04904174804688,614.7894287109375,240.20877075195312,0.5817697048187256,0.9909419417381287,129.4170844814916,20,detected,detected,ok,31.773124148758818,31.75910081989759,31.74607532274286,31.73288199631046,31.722071252002674,31.712281340281606,31.703440663221784,31.69669959881071,31.692220568238568,31.703779256810545,31.72952968000854,31.754579036296374,31.782249961426206,31.80984719620238,31.833207405168647,31.859976257279047,31.882922030616303,31.90510746738983
frame_000184.jpg,32.17343287951012,32.030819882670556,744.359130859375,236.70440673828125,609.3048095703125,243.19529724121094,0.9066335558891296,0.9893401265144348,135.21021173850124,20,detected,detected,ok,32.32199568074342,32.28088843252582,32.24356041242285,32.2078052367053,32.17343287951012,32.146795426662024,32.116337760454506,32.09116649727998,32.06764516506398,31.96241119674602,31.978954103989434,31.994418996696552,32.01218838811154,32.030819882670556,32.04613442220958,32.06523519759959,32.0825388785228,32.09897613103146
frame_000185.jpg,32.1470893430485,31.787872432597045,737.2255249023438,241.32177734375,610.5075073242188,236.2572784423828,0.8907637596130371,0.9918563365936279,126.81918280785422,20,detected,detected,ok,32.237976194199845,32.21502800308044,32.19305904438735,32.169611235399245,32.1470893430485,32.128007996942834,32.107013751149026,32.09013338044619,32.075347841741674,31.68995905773628,31.714718219106555,31.738903553918675,31.763569283489858,31.787872432597045,31.807536388698843,31.830359066778463,31.849854143624356,31.867709450356827
frame_000186.jpg,32.19109321578223,31.886670494872618,736.16015625,242.07627868652344,608.9302368164062,237.22752380371094,0.9504406452178955,0.9941754937171936,127.3222793661516,20,detected,detected,ok,32.28259374248474,32.26033226978039,32.23748058263943,32.21382464637828,32.19109321578223,32.17163719336709,32.15048319143414,32.13443341736069,32.120300654501705,31.8138049876765,31.831713974211027,31.848675253691567,31.86775149276666,31.886670494872618,31.90195377973968,31.92045316362078,31.936042337140414,31.950453505393085
frame_000187.jpg,31.97971106163875,31.920918124321958,731.8894653320312,242.02813720703125,608.056884765625,239.2129669189453,0.8760265111923218,0.9917441010475159,123.8645760235202,20,detected,detected,ok,31.965968352884627,31.969158784293164,31.972721682713786,31.9762881242302,31.97971106163875,31.980066762077673,31.982463074521608,31.984253289207764,31.985437914760762,31.842646851378397,31.862420479107154,31.881247063563077,31.900192765223075,31.920918124321958,31.938003345155686,31.95814490461757,31.97454586956074,31.99055170838124
frame_000188.jpg,32.02396255565128,31.981775498445867,731.5276692708334,239.83141581217447,605.093017578125,239.33367919921875,0.4856935739517212,0.9970781803131104,126.82377548005483,20,tracked,detected,tracked_repair,32.03229866454849,32.02937997655869,32.02703716498782,32.023904448634504,32.02396255565128,32.01982203115873,32.01644545160597,32.0142064126788,32.011920935118134,31.91338169368998,31.93103029407038,31.94752602079338,31.96442255964727,31.981775498445867,31.995508439133808,32.01213951882979,32.02611054602522,32.03975246963174
frame_000189.jpg,31.974502551176,31.94735572154924,731.1658732096354,237.63469441731772,604.7677001953125,238.44940185546875,0.3050127625465393,0.9977826476097107,127.19605428287373,20,tracked,detected,tracked_repair,31.97432701427892,31.972565355686996,31.97150420408745,31.97125244242889,31.974502551176,31.974891936627802,31.975439558587702,31.974959186101003,31.974829020659037,31.874509204472304,31.893030071380227,31.91060687469521,31.928600283908306,31.94735572154924,31.96296208639753,31.98080732013024,31.995708201656797,32.01007697434917
frame_000190.jpg,32.16261290077736,31.960956505939915,730.8040771484375,235.43797302246094,604.1260375976562,237.7698974609375,0.5163162350654602,0.997154712677002,126.69950108826815,20,detected,detected,ok,32.2230899854053,32.20681027625576,32.191924436743946,32.176109725223455,32.16261290077736,32.14997142127387,32.13499734117951,32.121314660231285,32.10848207792574,31.882315306038134,31.90182911257056,31.921022686334574,31.941029043652303,31.960956505939915,31.976664995149193,31.994985215445844,32.010240647698176,32.02496148575325
frame_000191.jpg,32.23617917356597,32.000120843974344,729.6832275390625,237.12704467773438,603.2969970703125,238.96131896972656,0.8276911973953247,0.9979645013809204,126.39954040374614,20,detected,detected,ok,32.30326632183087,32.284160772644896,32.26667653755065,32.250092882308785,32.23617917356597,32.22270943781055,32.20827245477838,32.194161253628,32.17944501651848,31.93258108052149,31.949531663658295,31.965408054657413,31.982414524978203,32.000120843974344,32.01405970751499,32.03107600689231,32.04588690177268,32.060012442629144
frame_000192.jpg,32.19284261317952,32.05145642476629,729.3148803710938,237.70266723632812,601.4920043945312,240.09979248046875,0.6987413167953491,0.9967173933982849,127.84535123482502,20,detected,detected,ok,32.24100315231577,32.22600689025293,32.21346164190104,32.20113198822712,32.19284261317952,32.1848951448915,32.17774792119114,32.16946366132945,32.16038725928958,31.986136677673944,32.00342903862494,32.0194587918476,32.03504778504491,32.05145642476629,32.064742332936795,32.08105801805739,32.09504784968649,32.108459986706784
frame_000193.jpg,32.20384616250462,32.0356986758328,728.6947631835938,237.1297607421875,601.6397094726562,239.5458984375,0.6153572797775269,0.9971503615379333,127.07802483062098,20,detected,detected,ok,32.26342653642168,32.245089966716144,32.22939854385108,32.21500980346586,32.20384616250462,32.19398433447781,32.18547031993748,32.1759697130367,32.16481427806265,31.965546680104023,31.983764807129543,32.001254394768296,32.01819675327572,32.0356986758328,32.049233188008984,32.06610189703365,32.080852891033956,32.09479435215331
frame_000194.jpg,32.12594899070419,32.0649435847787,727.8587036132812,238.11603546142578,601.333251953125,240.14259338378906,0.22094042599201202,0.9976903200149536,127.25170308820874,20,tracked,detected,tracked_repair,32.161173309705966,32.14901179506013,32.13979229349255,32.13080796719746,32.12594899070419,32.120666049423974,32.11555183489742,32.109654294722596,32.102005946130866,31.999100258883324,32.01623731207052,32.03239323131165,32.0481152447222,32.0649435847787,32.077776047088165,32.093778829502924,32.107641742446454,32.12124858954678
frame_000195.jpg,32.062122647434045,32.0649435847787,727.0226440429688,239.10231018066406,601.333251953125,240.14259338378906,0.22094042599201202,0.9976903200149536,127.25170308820874,20,tracked,detected,tracked_repair,32.07808052865695,32.07137627942586,32.06694771026125,32.063616701661246,32.062122647434045,32.06038653649726,32.06100000909116,32.060646705776584,32.05857419732499,31.999100258883324,32.01623731207052,32.03239323131165,32.0481152447222,32.0649435847787,32.077776047088165,32.093778829502924,32.107641742446454,32.12124858954678
frame_000196.jpg,31.984997440080953,32.07497120741403,726.1865844726562,240.08858489990234,600.0401000976562,239.91949462890625,0.14794664084911346,0.9970964193344116,127.88532718436667,20,tracked,detected,tracked_repair,31.98432896436256,31.981977482401366,31.98155267625396,31.982011920543897,31.984997440080953,31.98675196726179,31.991759217833394,31.995829304372876,31.999764231288626,32.01009838751892,32.0266877991328,32.04280842178734,32.05855844875058,32.07497120741403,32.087908502992875,32.10396293207251,32.117774789124795,32.131939976266004
frame_000197.jpg,31.79052732533055,31.73103692702752,725.3505249023438,241.07485961914062,600.7072143554688,240.66192626953125,0.8998253345489502,0.9980631470680237,124.64399455262954,20,detected,detected,ok,31.815467278650072,31.808037034647292,31.801903210234276,31.795766151210145,31.79052732533055,31.783693718631362,31.776978307483596,31.770777629067272,31.764561331044828,31.665886460835384,31.681232897684907,31.6964659921157,31.71308783684473,31.73103692702752,31.745694965018732,31.763606441992447,31.779444124035557,31.795479598041144
frame_000198.jpg,32.039826345023414,31.824845176244803,699.8614196777344,254.0526885986328,572.6129150390625,254.10142517089844,0.22400476038455963,0.9961667656898499,127.24851397180076,20,opposite_inferred,detected,opposite_inferred_repair,32.11169788036535,32.0929478233832,32.07456998638726,32.057007482826236,32.039826345023414,32.02717217519146,32.012671425131735,32.00057561454643,31.989048908154825,31.765265867772428,31.779359834805938,31.793237100095208,31.808349685325414,31.824845176244803,31.839441624197622,31.857811419702468,31.875398922653225,31.892787204955642
frame_000199.jpg,31.612507160945412,31.682540560981824,628.6821899414062,262.10076904296875,500.93902587890625,267.63006591796875,0.994443953037262,0.9806011915206909,127.86277444444367,20,detected,detected,ok,31.632662028281057,31.627373547311482,31.62303811175438,31.617876308428407,31.612507160945412,31.60835837886754,31.603382273925487,31.599167152777163,31.594725111003523,31.56830032162632,31.596254583785562,31.62444570411141,31.653055769315692,31.682540560981824,31.707201932445038,31.736339037393382,31.762112445800305,31.78683528571554
frame_000200.jpg,31.411694035872447,31.68024587804904,540.1683959960938,284.34149169921875,418.9567565917969,284.91632080078125,0.9978873133659363,0.806378960609436,121.21300241959729,20,detected,detected,ok,31.357041261988762,31.369627823830086,31.382347382253915,31.396873312118668,31.411694035872447,31.425925054830536,31.443333645049698,31.459552361721897,31.47488028688751,31.655657365534168,31.661589646398795,31.66662459271785,31.670764221801917,31.68024587804904,31.689703998235128,31.703095493613073,31.7154223247501,31.727225102637927
frame_000201.jpg,31.201025258190764,28.32534942546929,445.38873291015625,306.0605163574219,318.1402282714844,306.1092529296875,0.9995877146720886,0.0020903332624584436,127.24851397180076,20,detected,opposite_inferred,opposite_inferred_repair,31.204108067792767,31.201384176400822,31.199332369392117,31.199383787642688,31.201025258190764,31.20404177246624,31.2109883374564,31.217805525167016,31.22592114163069,28.197240771974453,28.231295379890298,28.263998766863605,28.295001822572537,28.32534942546929,28.347171676436265,28.373068706152367,28.39470075987015,28.41495243175512
frame_000202.jpg,31.935345215626803,27.645939396118855,398.73504638671875,329.2344665527344,271.4865417480469,329.283203125,0.9995922446250916,0.00017517640662845224,127.24851397180076,20,detected,opposite_inferred,opposite_inferred_repair,31.999923022029193,31.981021416350607,31.96544669893199,31.950037039026,31.935345215626803,31.924139526187066,31.91330857392606,31.904816439332006,31.896821053049948,27.46327811840834,27.50381797968283,27.547578045949667,27.596976219265848,27.645939396118855,27.688894741466157,27.73714584716569,27.777862037621244,27.81580498655215
frame_000203.jpg,31.682571119774227,26.94745119725678,363.83941650390625,336.99005126953125,236.59091186523438,337.0387878417969,0.9998258948326111,0.00013671096530742943,127.24851397180076,20,detected,opposite_inferred,opposite_inferred_repair,31.678581451494317,31.679697493456963,31.680573820260086,31.68121300139402,31.682571119774227,31.68372441349649,31.685648000036263,31.688914369592403,31.694120929244026,26.91131822723511,26.92040269196829,26.92903014109692,26.938291750136546,26.94745119725678,26.95595129114188,26.967472085225555,26.98184128122815,27.000108855280956
frame_000204.jpg,31.418527933514728,27.292708193603005,372.576416015625,327.9459228515625,245.32791137695312,327.9946594238281,0.999672532081604,0.00030889385379850864,127.24851397180076,20,detected,opposite_inferred,opposite_inferred_repair,31.44726232052833,31.440069345492155,31.433158266382307,31.425345082320646,31.418527933514728,31.4136523908519,31.4095519854924,31.408215983900444,31.409851092741757,27.137089305853916,27.17091690114679,27.206420587207326,27.24895985054697,27.292708193603005,27.334048625686876,27.384149323659113,27.427478848759726,27.469806992816718
frame_000205.jpg,31.386917230061016,30.052378020329616,428.90045166015625,323.35357666015625,301.6519470214844,323.4023132324219,0.9982460737228394,0.02424624003469944,127.24851397180076,20,detected,opposite_inferred,opposite_inferred_repair,31.396718949480995,31.392416208964903,31.388714415789362,31.38665738985574,31.386917230061016,31.38804660197347,31.391326467362354,31.395267144534127,31.401661803318852,30.11173597490611,30.09812904405367,30.084036120900862,30.069527520329494,30.052378020329616,30.037940420605185,30.01923238662927,30.001715298255398,29.98448924809109
frame_000206.jpg,31.600328253190458,32.321562118779944,504.8222351074219,316.873779296875,377.57373046875,316.9225158691406,0.9989909529685974,0.23998284339904785,127.24851397180076,20,detected,opposite_inferred,opposite_inferred_repair,31.623875995344076,31.617406463612532,31.611400781299235,31.605045157800816,31.600328253190458,31.59628171952385,31.593385859523856,31.59153522524378,31.590842622572772,32.50016248903093,32.461449475999416,32.421120324709065,32.37290212083319,32.321562118779944,32.27477524823041,32.22032533073249,32.16940219891487,32.11756010524628
frame_000207.jpg,31.649073224930973,31.838505579998262,585.1242065429688,331.429931640625,457.8168640136719,334.0437927246094,0.9983003735542297,0.9338549375534058,127.33417346352113,20,detected,detected,ok,31.677431082669752,31.668235430332693,31.660599550317585,31.6544793898463,31.649073224930973,31.64537439246707,31.642181382769767,31.639891545574574,31.638397631447074,31.7820232869834,31.794123894037313,31.806361864714283,31.821427122544304,31.838505579998262,31.853291960917023,31.870902390747275,31.88586422767773,31.899704099731284
frame_000208.jpg,31.409426430508912,31.913526723171742,643.829833984375,348.17767333984375,517.4032592773438,350.1994323730469,0.9996548891067505,0.9926846027374268,126.4427392211229,20,detected,detected,ok,31.385304671032937,31.392880695283107,31.39885063265462,31.403516021938575,31.409426430508912,31.41494250679421,31.424065073712324,31.43341639439497,31.443962307018598,31.88776882583806,31.89296219733488,31.898721964771767,31.905322575393072,31.913526723171742,31.921031754793127,31.93216735930489,31.942923356935527,31.953858462053937
frame_000209.jpg,32.155921715009555,31.733320390266815,702.6828002929688,359.5028381347656,564.5755004882812,357.25787353515625,0.9808315634727478,0.9876993894577026,138.12554479673676,20,detected,detected,ok,32.2404774053654,32.219792850156765,32.19834486935271,32.17692047471553,32.155921715009555,32.138872614791204,32.11884449092818,32.10161932920006,32.083646954078226,31.668732366177537,31.684241885356577,31.700271252752174,31.716314438090375,31.733320390266815,31.74583807122152,31.761933661636494,31.776090305268934,31.78953629180275
frame_000210.jpg,31.767232194293683,31.581220384714854,726.2764892578125,351.73785400390625,597.7173461914062,352.190185546875,0.7987651824951172,0.997327446937561,128.55993882152197,20,detected,detected,ok,31.797201329469278,31.78932523697925,31.782491394143015,31.775498992072883,31.767232194293683,31.760054756452707,31.751228255354995,31.74338755684093,31.73622976274117,31.506486246269695,31.524398012772604,31.541747782728354,31.56054980315529,31.581220384714854,31.599230028169767,31.62308874077552,31.645184314194413,31.666929081850306
frame_000211.jpg,30.957921669314118,31.659632189359783,734.8565368652344,348.5849914550781,607.6080322265625,348.63372802734375,0.06915713101625443,0.981663167476654,127.24851397180076,20,opposite_inferred,detected,opposite_inferred_repair,30.792670448053965,30.832712884060797,30.87245896627269,30.914113225900138,30.957921669314118,30.993702288268185,31.03638522273703,31.07504765496182,31.112087953106684,31.63380995937682,31.638917203806677,31.645342684968572,31.6519798377093,31.659632189359783,31.666402406397587,31.6752758406543,31.68448395055402,31.694134242192003
frame_000212.jpg,31.137252895019138,31.459595469290182,743.5556335449219,331.8534240722656,616.30712890625,331.90216064453125,0.11844188719987869,0.9811418652534485,127.24851397180076,20,opposite_inferred,detected,opposite_inferred_repair,31.035449003474533,31.060629490048434,31.085061534033205,31.110168089133346,31.137252895019138,31.159598045443317,31.186969241126086,31.21191948980222,31.23711809197939,31.38854767249017,31.405970577812095,31.42290328839338,31.44093268292195,31.459595469290182,31.475553272947213,31.49400197738762,31.510116247630464,31.525346008991008
frame_000213.jpg,31.70672494395809,31.13432989764573,753.6044921875,319.53173828125,621.8800048828125,327.3455505371094,0.7346873879432678,0.9908038377761841,131.95603895863422,20,detected,detected,ok,31.769966014644446,31.753719488870647,31.738718754384877,31.722686696129625,31.70672494395809,31.69349030641981,31.67703892553654,31.661300741956772,31.645894511039465,31.008755391376717,31.040180336875853,31.0705530873399,31.101701152454204,31.13432989764573,31.160667543635686,31.19330517041343,31.221674582608326,31.250014531961096
frame_000214.jpg,31.699094987348982,31.116573433379266,753.6034138997396,317.07082112630206,620.8567504882812,324.411376953125,0.3057793080806732,0.971986711025238,131.08480542301348,20,tracked,detected,tracked_repair,31.765773272290573,31.747426670895262,31.730746917527256,31.714969279163373,31.699094987348982,31.686459046807897,31.66975919541366,31.65418803311084,31.63831891821403,30.999600543656776,31.028443906919883,31.056383486903904,31.085986498517528,31.116573433379266,31.140876860835448,31.170659482599397,31.197363169887147,31.223306833382722
frame_000215.jpg,31.698053124590643,31.147690092736916,753.6023356119791,314.6099039713542,618.2935791015625,321.45379638671875,0.1449052393436432,0.9866710305213928,133.9873495318094,20,tracked,detected,tracked_repair,31.76079835578553,31.74379101853628,31.728505855088788,31.713608706572217,31.698053124590643,31.684975845445983,31.668967371307556,31.653459681698017,31.637881375541415,31.0440782323967,31.06832823507779,31.092721797864645,31.1193121152678,31.147690092736916,31.17173167495539,31.199764839909665,31.22381340465335,31.24682555127026
frame_000216.jpg,31.686362745212154,30.95286745388243,753.6012573242188,312.14898681640625,621.5963134765625,316.2899169921875,0.9000672698020935,0.9948274493217468,132.06987734886246,20,detected,detected,ok,31.74683876000181,31.72988253818975,31.71565757589858,31.701481609657034,31.686362745212154,31.67307686386911,31.65763526492335,31.643387997177474,31.628687455596676,30.82512006767281,30.855892181302462,30.887233582086235,30.91987823591386,30.95286745388243,30.97947084636794,31.01157196322854,31.040178710601474,31.068343726724382
frame_000217.jpg,32.015112904707784,31.331772262513955,750.8085327148438,303.40582275390625,624.2286376953125,305.0665283203125,0.9873884320259094,0.9957752823829651,126.59078863066556,20,detected,detected,ok,32.141488233702376,32.1110692467364,32.07970159461613,32.04803927347062,32.015112904707784,31.98805426013853,31.954492698846998,31.92653026484598,31.900728956521974,31.251333697187984,31.27110740848929,31.29126790839909,31.310887132083604,31.331772262513955,31.34952492986128,31.373988571602183,31.397752723237296,31.423807987385814
frame_000218.jpg,31.9572793193247,31.922018400184143,747.0040283203125,304.3648681640625,615.3847045898438,303.7137145996094,0.9570911526679993,0.9982616305351257,131.62093443001547,20,detected,detected,ok,32.04202231294514,32.017782184135775,31.995871946343517,31.976350060561675,31.9572793193247,31.945469223242913,31.930954862992046,31.91924199466991,31.90894756077827,31.844785916641296,31.865295591273405,31.884299038942583,31.903186953439423,31.922018400184143,31.93519313952763,31.949692956728164,31.961447443135707,31.97120577489135
frame_000219.jpg,31.743782967522986,31.89037053191088,741.9733276367188,300.4495849609375,622.2064208984375,303.4127197265625,0.943777322769165,0.9935852885246277,119.80355636330424,20,detected,detected,ok,31.6936955976877,31.706726895181603,31.719407078691248,31.731452306184526,31.743782967522986,31.7515885352133,31.76124128456838,31.76918323497512,31.776632220498506,31.84255363339921,31.855481954537538,31.86738223285564,31.878147491494353,31.89037053191088,31.89917532280372,31.910389471852028,31.920075376025345,31.929332714543794
frame_000220.jpg,31.830239924288506,32.05359873410796,743.5847778320312,303.22125244140625,615.7470092773438,302.8475646972656,0.8804776072502136,0.9955716133117676,127.83831472438914,20,detected,detected,ok,31.812335548280103,31.81707007447942,31.821187821697887,31.824981634066088,31.830239924288506,31.8345826364865,31.84022668611035,31.845812879445216,31.851448439148033,32.00624293098887,32.0202895692818,32.03226126529705,32.0427313897774,32.05359873410796,32.06011296240328,32.06843697343862,32.07491105502346,32.08088369064943
frame_000221.jpg,31.74097043293966,32.017538440723094,745.331298828125,302.5823669433594,618.5236206054688,303.4090576171875,0.6282020211219788,0.9971231818199158,126.81037289469235,20,detected,detected,ok,31.701414451063417,31.713292015779256,31.723945961826967,31.73223923063307,31.74097043293966,31.74753287433111,31.756333901750782,31.764570812812114,31.773490056007905,31.982175658495553,31.99139651851387,32.00021033534797,32.00813174315554,32.017538440723094,32.023725263982655,32.03095586219705,32.03815195350757,32.04407452066884
frame_000222.jpg,31.79466598882046,32.17759501832871,749.2670084635416,301.3783671061198,624.2887573242188,307.6714782714844,0.24963028728961945,0.9910300970077515,125.36451336910154,20,tracked,detected,tracked_repair,31.7527002653915,31.762649383318813,31.77180277061211,31.78220401860803,31.79466598882046,31.80391889073081,31.816013426401458,31.82588929578788,31.835432809520437,32.139580708343615,32.149616008293826,32.1594925912211,32.1685326465408,32.17759501832871,32.18363289234079,32.19166286803378,32.198740887567496,32.20559183000751
frame_000223.jpg,31.831618074043,32.106045402156994,753.2027180989584,300.1743672688802,628.8082275390625,304.94915771484375,0.41424399614334106,0.9950841069221497,127.57024335751285,20,tracked,detected,tracked_repair,31.813208555710776,31.815438341741014,31.81900769829762,31.824718419360984,31.831618074043,31.83708088559164,31.8445013069523,31.85156753805985,31.859100018284437,32.09330976624779,32.09541359360493,32.09769608184759,32.101040206400164,32.106045402156994,32.109233624784956,32.11361511194793,32.11735171852772,32.121091603977774
frame_000224.jpg,31.924476917410328,32.15501818828705,757.138427734375,298.9703674316406,629.9920654296875,300.8394775390625,0.8643137812614441,0.9949946403503418,127.16009995241639,20,detected,detected,ok,31.974583008928445,31.95957740658664,31.94503668283516,31.933483864159026,31.924476917410328,31.92040068130289,31.918468999541304,31.917930059797975,31.917232720597205,32.14845256110286,32.149959825596895,32.15217714199189,32.15354202329076,32.15501818828705,32.1556093703483,32.15650943621222,32.15670032037389,32.157348745374705
frame_000225.jpg,32.091491157432664,32.160862471388555,755.1177368164062,299.84613037109375,629.14111328125,300.50616455078125,0.9335516095161438,0.9945166707038879,125.9783525945503,20,detected,detected,ok,32.206981054735,32.174101425300215,32.14433722023016,32.117037193272196,32.091491157432664,32.07465403342074,32.0561943688193,32.041146265288404,32.02796088811296,32.16504274763746,32.163937550264635,32.16228297926449,32.161241303114096,32.160862471388555,32.15908191241211,32.15744313580105,32.15594058156692,32.1549087368675
frame_000226.jpg,32.13143510661567,32.0528977680788,720.5820922851562,308.53594970703125,592.2269897460938,309.51458740234375,0.9994082450866699,0.9997219443321228,128.35883327434826,20,detected,detected,ok,32.204700121261546,32.18609132465275,32.16735935218101,32.1495487265504,32.13143510661567,32.11843750017834,32.10456823178879,32.09307410834856,32.082626810438775,32.02973653838642,32.03583385662579,32.041554929738226,32.04681925047435,32.0528977680788,32.05713278860684,32.063575071202834,32.06870194249949,32.072586980840825
frame_000227.jpg,31.127972852349373,31.713515620708566,595.3289184570312,304.8871765136719,473.3500061035156,304.22784423828125,0.999686598777771,0.9607061147689819,121.98069428395634,20,detected,detected,ok,31.069968764740377,31.083397337473034,31.097034777370958,31.111288452958235,31.127972852349373,31.14272946670567,31.16169965712945,31.17813520481599,31.19379108498023,31.71459545544347,31.71492561774758,31.71480206408453,31.713818197209473,31.713515620708566,31.71227800751538,31.712285306099105,31.71155267818617,31.710539599735988
frame_000228.jpg,31.127972852349373,31.713515620708566,595.3289184570312,304.8871765136719,473.3500061035156,304.22784423828125,0.999686598777771,0.9607061147689819,121.98069428395634,20,detected,detected,ok,31.069968764740377,31.083397337473034,31.097034777370958,31.111288452958235,31.127972852349373,31.14272946670567,31.16169965712945,31.17813520481599,31.19379108498023,31.71459545544347,31.71492561774758,31.71480206408453,31.713818197209473,31.713515620708566,31.71227800751538,31.712285306099105,31.71155267818617,31.710539599735988
frame_000229.jpg,31.419187672198174,31.63046435385119,537.2799072265625,316.044921875,410.0314025878906,316.0936584472656,0.999658465385437,0.36079394817352295,127.24851397180076,20,detected,opposite_inferred,opposite_inferred_repair,31.382055093937325,31.389074853709072,31.396967110489463,31.407762783324955,31.419187672198174,31.42995709531973,31.442913093403103,31.454927521823596,31.467174344277606,31.697914772914537,31.685064534906253,31.66995798101477,31.649585436259464,31.63046435385119,31.61077977231392,31.58761484252966,31.565601358256828,31.544189428594265
frame_000230.jpg,31.19542606735904,29.329732500277245,460.4592590332031,319.1009826660156,333.21075439453125,319.14971923828125,0.999366819858551,0.005598232615739107,127.24851397180076,20,detected,opposite_inferred,opposite_inferred_repair,31.195501606832256,31.19174445900436,31.190243701897707,31.1916580229532,31.19542606735904,31.202000020997833,31.211019832012017,31.220744956778958,31.232367733502326,29.357422213898563,29.351659991330294,29.345420344606236,29.336519448822568,29.329732500277245,29.323572987825944,29.31806399327318,29.31277114634869,29.307858904740527
frame_000231.jpg,31.588355533806936,25.494581108644322,320.84075927734375,332.5539855957031,193.59225463867188,332.60272216796875,0.9991233944892883,0.00020746704831253737,127.24851397180076,20,detected,opposite_inferred,opposite_inferred_repair,31.6098623745423,31.606762692505804,31.601587603402812,31.595119928379756,31.588355533806936,31.58294900392306,31.576733984286857,31.571507875267653,31.566276342929896,25.476933499105904,25.47953930369463,25.483480318109695,25.488746206895325,25.494581108644322,25.502026851199478,25.512120287314684,25.521466219635926,25.53306601089995
frame_000232.jpg,31.588355533806936,25.494581108644322,320.84075927734375,332.5539855957031,193.59225463867188,332.60272216796875,0.9991233944892883,0.00020746704831253737,127.24851397180076,20,detected,opposite_inferred,opposite_inferred_repair,31.6098623745423,31.606762692505804,31.601587603402812,31.595119928379756,31.588355533806936,31.58294900392306,31.576733984286857,31.571507875267653,31.566276342929896,25.476933499105904,25.47953930369463,25.483480318109695,25.488746206895325,25.494581108644322,25.502026851199478,25.512120287314684,25.521466219635926,25.53306601089995
frame_000233.jpg,,,,,,,,,,20,missing,missing,no_detection,,,,,,,,,,,,,,,,,,
frame_000234.jpg,,,,,,,,,,20,missing,missing,no_detection,,,,,,,,,,,,,,,,,,
frame_000235.jpg,,,,,,,,,,20,missing,missing,no_detection,,,,,,,,,,,,,,,,,,
frame_000236.jpg,,,,,,,,,,20,missing,missing,no_detection,,,,,,,,,,,,,,,,,,
frame_000237.jpg,,,,,,,,,,20,missing,missing,no_detection,,,,,,,,,,,,,,,,,,
frame_000238.jpg,,,,,,,,,,20,missing,missing,no_detection,,,,,,,,,,,,,,,,,,
frame_000239.jpg,,,,,,,,,,20,missing,missing,no_detection,,,,,,,,,,,,,,,,,,
frame_000240.jpg,,,,,,,,,,20,missing,missing,no_detection,,,,,,,,,,,,,,,,,,
frame_000241.jpg,,,,,,,,,,20,missing,missing,no_detection,,,,,,,,,,,,,,,,,,
frame_000242.jpg,,,,,,,,,,20,missing,missing,no_detection,,,,,,,,,,,,,,,,,,
frame_000243.jpg,,,,,,,,,,20,missing,missing,no_detection,,,,,,,,,,,,,,,,,,
frame_000244.jpg,,,,,,,,,,20,missing,missing,no_detection,,,,,,,,,,,,,,,,,,
frame_000245.jpg,,,,,,,,,,20,missing,missing,no_detection,,,,,,,,,,,,,,,,,,
frame_000246.jpg,,,,,,,,,,20,missing,missing,no_detection,,,,,,,,,,,,,,,,,,
frame_000247.jpg,,,,,,,,,,20,missing,missing,no_detection,,,,,,,,,,,,,,,,,,
frame_000248.jpg,,,,,,,,,,20,missing,missing,no_detection,,,,,,,,,,,,,,,,,,
frame_000249.jpg,,,,,,,,,,20,missing,missing,no_detection,,,,,,,,,,,,,,,,,,
frame_000250.jpg,,,,,,,,,,20,missing,missing,no_detection,,,,,,,,,,,,,,,,,,
frame_000251.jpg,,,,,,,,,,20,missing,missing,no_detection,,,,,,,,,,,,,,,,,,
frame_000252.jpg,,,,,,,,,,20,missing,missing,no_detection,,,,,,,,,,,,,,,,,,
frame_000253.jpg,,,,,,,,,,20,missing,missing,no_detection,,,,,,,,,,,,,,,,,,
frame_000254.jpg,,,,,,,,,,20,missing,missing,no_detection,,,,,,,,,,,,,,,,,,
frame_000255.jpg,,,,,,,,,,20,missing,missing,no_detection,,,,,,,,,,,,,,,,,,
frame_000256.jpg,,,,,,,,,,20,missing,missing,no_detection,,,,,,,,,,,,,,,,,,
frame_000257.jpg,,,,,,,,,,20,missing,missing,no_detection,,,,,,,,,,,,,,,,,,
frame_000258.jpg,30.63747608023799,25.56791682527464,301.94317626953125,332.12744140625,174.69467163085938,332.1761779785156,0.9884882569313049,0.0007209198083728552,127.24851397180076,20,detected,opposite_inferred,opposite_inferred_repair,30.625784105616603,30.6277951582417,30.62921563576764,30.63223176181638,30.63747608023799,30.642647974455084,30.651940470176868,30.661485182309857,30.672951966683133,25.560888235838306,25.560922185602298,25.562475705919034,25.564977607949395,25.56791682527464,25.571078892631956,25.575502467263494,25.578996199840855,25.581630674360717
frame_000259.jpg,31.055310874463725,25.62533619993218,320.5749816894531,335.23858642578125,193.32647705078125,335.2873229980469,0.9986512064933777,0.00032089673914015293,127.24851397180076,20,detected,opposite_inferred,opposite_inferred_repair,30.960740885445272,30.982168409598117,31.004446784669035,31.02892656730019,31.055310874463725,31.07832147790045,31.106301911792464,31.131266047990266,31.15569301848142,25.59051747178463,25.599274661330245,25.607856276143814,25.616512753268715,25.62533619993218,25.63290278743181,25.641544487779196,25.648679896780752,25.655745446827115
frame_000260.jpg,31.258621166749425,26.53155573334248,359.81378173828125,328.59954833984375,232.56527709960938,328.6482849121094,0.999568521976471,0.00018199955229647458,127.24851397180076,20,detected,opposite_inferred,opposite_inferred_repair,31.222615080689966,31.229211780981597,31.237548716697713,31.247171512887224,31.258621166749425,31.269949307104127,31.28365663125608,31.297013809403854,31.311361301226597,26.54592998434517,26.54201157560495,26.538643602724047,26.535673632377375,26.53155573334248,26.529502763403364,26.52743365703006,26.527110754173446,26.527097325662677
