frame_name,left_temp,right_temp,frame_index,motion_coordinate_valid,motion_center_step_norm,motion_scale_step_log,motion_angle_step_rad,motion_score,motion_center_flag,motion_scale_flag,motion_angle_flag,motion_artifact_raw,motion_artifact,motion_center_threshold,motion_scale_threshold,motion_angle_threshold,left_missing_raw,right_missing_raw,left_quality_valid,right_quality_valid,quality_any_valid,left_temp_motion_filtered,right_temp_motion_filtered,left_temp_used,right_temp_used,left_repaired,right_repaired,left_motion_interpolated,right_motion_interpolated,left_norm,right_norm,fused_norm,fused_repaired,fusion_source,selected_fusion_mode,peak_retune_rule,edge_peak_completion,edge_peak_added,smoothing_method,butterworth_order,butterworth_cutoff_hz,rr_estimator,time_peak_count,spectral_count,autocorr_count,joint_count,joint_adjusted,smoothed_norm,is_peak,source_peak_rejected,quality_peak_rejected,mad_ibi_peak_rejected,motion_peak_rejected,motion_interval_peak_rejected,motion_reconstructed_peak,peak_number,event_source
frame_000000.jpg,32.6962145154702,32.77133271799959,0,True,,,,0.0,False,False,False,False,False,0.2,0.12,0.18,False,False,True,True,True,32.6962145154702,32.77133271799959,32.6962145154702,32.77133271799959,False,False,False,False,0.6386611136642808,0.9644319915184857,0.6386611136642808,False,both,left,none,none,0,moving_average,4,2.0,peak,12,-1,-1,12,False,,False,False,False,False,False,False,False,,
frame_000001.jpg,,,1,False,,,,0.0,False,False,False,False,False,0.2,0.12,0.18,True,True,False,False,False,,,32.65351145689936,32.724039202938464,True,True,False,False,0.6068155191983047,0.9580243690301267,0.6068155191983047,False,missing,left,none,none,0,moving_average,4,2.0,peak,12,-1,-1,12,False,0.6068155191983047,False,False,False,False,False,False,False,,
frame_000002.jpg,,,2,False,,,,0.0,False,False,False,False,False,0.2,0.12,0.18,True,True,False,False,False,,,32.610808398328516,32.676745687877336,True,True,False,False,0.5749699247323286,0.9516167465417675,0.5749699247323286,False,missing,left,none,none,0,moving_average,4,2.0,peak,12,-1,-1,12,False,0.5749699247323286,False,False,False,False,False,False,False,,
frame_000003.jpg,,,3,False,,,,0.0,False,False,False,False,False,0.2,0.12,0.18,True,True,False,False,False,,,32.56810533975767,32.62945217281621,True,True,False,False,0.5431243302663524,0.9452091240534085,0.5431243302663524,False,missing,left,none,none,0,moving_average,4,2.0,peak,12,-1,-1,12,False,0.5431243302663524,False,False,False,False,False,False,False,,
frame_000004.jpg,,,4,False,,,,0.0,False,False,False,False,False,0.2,0.12,0.18,True,True,False,False,False,,,32.52540228118683,32.58215865775508,True,True,False,False,0.5112787358003763,0.9388015015650495,0.5112787358003763,False,missing,left,none,none,0,moving_average,4,2.0,peak,12,-1,-1,12,False,0.5112787358003763,False,False,False,False,False,False,False,,
frame_000005.jpg,32.482699222615985,32.53486514269395,5,True,,,,0.0,False,False,False,False,False,0.2,0.12,0.18,False,False,True,True,True,32.482699222615985,32.53486514269395,32.482699222615985,32.53486514269395,False,False,False,False,0.4794331413344001,0.9323938790766905,0.4794331413344001,False,both,left,none,none,0,moving_average,4,2.0,peak,12,-1,-1,12,False,0.4525320847558068,False,False,False,False,False,False,False,,
frame_000006.jpg,32.33177798687273,32.372638929979416,6,True,0.031245942541111498,0.0,1.8253627775965953e-15,0.1562297127055575,False,False,False,False,False,0.2,0.12,0.18,False,False,True,True,True,32.33177798687273,32.372638929979416,32.33177798687273,32.372638929979416,False,False,False,False,0.366884377132644,0.9104144527759085,0.366884377132644,False,both,left,none,none,0,moving_average,4,2.0,peak,12,-1,-1,12,False,0.36570280703722724,False,False,False,False,False,False,False,,
frame_000007.jpg,32.17610350429867,32.30010391649355,7,True,0.031245942541112723,0.0,1.8253627775965953e-15,0.1562297127055636,False,False,False,False,False,0.2,0.12,0.18,False,False,True,True,True,32.17610350429867,32.30010391649355,32.17610350429867,32.30010391649355,False,False,False,False,0.25079090264463777,0.9005869535298756,0.25079090264463777,False,both,left,none,none,0,moving_average,4,2.0,peak,12,-1,-1,12,False,0.3124458026778976,False,False,False,False,False,False,False,,
frame_000008.jpg,32.26845574423841,32.186296935501055,8,True,0.031245942541112317,0.0,0.0,0.15622971270556157,False,False,False,False,False,0.2,0.12,0.18,False,False,True,True,True,32.26845574423841,32.186296935501055,32.26845574423841,32.186296935501055,False,False,False,False,0.3196621282564111,0.8851676688817118,0.3196621282564111,False,both,left,none,none,0,moving_average,4,2.0,peak,12,-1,-1,12,False,0.2971765797861499,False,False,False,False,False,False,False,,
frame_000009.jpg,32.27035261261813,31.999506668517416,9,True,0.04020711770785335,0.0,0.0,0.20103558853926676,False,False,False,False,False,0.2,0.12,0.18,False,False,True,True,True,32.27035261261813,31.999506668517416,32.27035261261813,31.999506668517416,False,False,False,False,0.32107670845740094,0.8598601502127365,0.32107670845740094,False,both,left,none,none,0,moving_average,4,2.0,peak,12,-1,-1,12,False,0.28748788409958076,False,False,False,False,False,False,False,,
frame_000010.jpg,32.13712760075691,31.964703755202628,10,True,0.03555382702932205,0.0,0.0,0.17776913514661022,False,False,False,False,False,0.2,0.12,0.18,False,False,True,True,True,32.13712760075691,31.964703755202628,32.13712760075691,31.964703755202628,False,False,False,False,0.22172481558493032,0.8551448329070127,0.22172481558493032,False,both,left,none,none,0,moving_average,4,2.0,peak,12,-1,-1,12,False,0.24798411277273394,False,False,False,False,False,False,False,,
frame_000011.jpg,32.1095390819156,31.87102586472402,11,True,0.01062803651679327,0.0,0.0,0.05314018258396635,False,False,False,False,False,0.2,0.12,0.18,False,False,True,True,True,32.1095390819156,31.87102586472402,32.1095390819156,31.87102586472402,False,False,False,False,0.20115081427587067,0.8424527638798551,0.20115081427587067,False,both,left,none,none,0,moving_average,4,2.0,peak,12,-1,-1,12,False,0.18950376729255552,False,False,False,False,False,False,False,,
frame_000012.jpg,32.03509655976429,31.75839823991412,12,True,0.007014617884765087,0.0,0.0,0.03507308942382543,False,False,False,False,False,0.2,0.12,0.18,False,False,True,True,True,32.03509655976429,31.75839823991412,32.03509655976429,31.75839823991412,False,False,False,False,0.14563567201686567,0.8271932658152764,0.14563567201686567,False,both,left,none,none,0,moving_average,4,2.0,peak,12,-1,-1,12,False,0.164140719436534,False,False,False,False,False,False,False,,
frame_000013.jpg,32.03509655976429,31.75839823991412,13,True,0.0,0.0,0.0,0.0,False,False,False,False,False,0.2,0.12,0.18,False,False,True,True,True,32.03509655976429,31.75839823991412,32.03509655976429,31.75839823991412,False,False,False,False,0.14563567201686567,0.8271932658152764,0.14563567201686567,False,both,left,none,none,0,moving_average,4,2.0,peak,12,-1,-1,12,False,0.15684419313339898,False,False,False,False,False,False,False,,
frame_000014.jpg,32.080186451326206,31.73987573989224,14,True,0.016564558903097038,0.0,0.0,0.08282279451548519,False,False,False,False,False,0.2,0.12,0.18,False,False,True,True,True,32.080186451326206,31.73987573989224,32.080186451326206,31.73987573989224,False,False,False,False,0.17926123536646563,0.8246837211657106,0.17926123536646563,False,both,left,none,none,0,moving_average,4,2.0,peak,12,-1,-1,12,False,0.16202423461317705,False,False,False,False,False,False,False,,
frame_000015.jpg,32.05593494746781,31.6625333768162,15,True,0.0618109061910551,0.0,0.0,0.30905453095527546,False,False,False,False,False,0.2,0.12,0.18,False,False,True,True,True,32.05593494746781,31.6625333768162,32.05593494746781,31.6625333768162,False,False,False,False,0.16117579645619995,0.8142048920004789,0.16117579645619995,False,both,left,none,none,0,moving_average,4,2.0,peak,12,-1,-1,12,False,0.2208251984273149,False,False,False,False,False,False,False,,
frame_000016.jpg,32.27164240328371,31.908621578235252,16,True,0.0341303849890289,0.0,0.0,0.1706519249451445,False,False,False,False,False,0.2,0.12,0.18,False,False,True,True,True,32.27164240328371,31.908621578235252,32.27164240328371,31.908621578235252,False,False,False,False,0.3220385634592791,0.8475464672987931,0.3220385634592791,False,both,left,none,none,0,moving_average,4,2.0,peak,12,-1,-1,12,False,0.2831143236426914,False,False,False,False,False,False,False,,
frame_000017.jpg,32.33076454920791,32.20519420764678,17,True,0.028835524559181768,0.0,0.0,0.14417762279590884,False,False,False,False,False,0.2,0.12,0.18,False,False,True,True,True,32.33076454920791,32.20519420764678,32.33076454920791,32.20519420764678,False,False,False,False,0.36612861101259525,0.887727990012697,0.36612861101259525,False,both,left,none,none,0,moving_average,4,2.0,peak,12,-1,-1,12,False,0.42294160416461435,False,False,False,False,False,False,False,,
frame_000018.jpg,32.6184352854322,32.38653619279176,18,True,0.02743669413989523,0.0,0.0,0.13718347069947615,False,False,False,False,False,0.2,0.12,0.18,False,False,True,True,True,32.6184352854322,32.38653619279176,32.6184352854322,32.38653619279176,False,False,False,False,0.5806576380219688,0.9122973412355188,0.5806576380219688,False,both,left,none,none,0,moving_average,4,2.0,peak,12,-1,-1,12,False,0.5182783393674089,False,False,False,False,False,False,False,,
frame_000019.jpg,32.65516517202972,32.42954263688041,19,True,0.011613380671709578,4.440892098500625e-16,1.3010426069826053e-18,0.05806690335854789,False,False,False,False,False,0.2,0.12,0.18,False,False,True,True,True,32.65516517202972,32.42954263688041,32.65516517202972,32.42954263688041,False,False,False,False,0.6080487690676626,0.9181241244198652,0.6080487690676626,False,both,left,none,none,0,moving_average,4,2.0,peak,12,-1,-1,12,False,0.6079392586563623,False,False,False,False,False,False,False,,
frame_000020.jpg,32.69145451767459,32.434109774506005,20,True,0.0010348410656114556,0.0,0.0,0.005174205328057278,False,False,False,False,False,0.2,0.12,0.18,False,False,True,True,True,32.69145451767459,32.434109774506005,32.69145451767459,32.434109774506005,False,False,False,False,0.6351113688794559,0.9187429089132435,0.6351113688794559,False,both,left,none,none,0,moving_average,4,2.0,peak,12,-1,-1,12,False,0.6184006025762404,False,False,False,False,False,False,False,,
frame_000021.jpg,32.66051941571442,32.43377580506024,21,True,0.01699589810384688,0.024799855603796998,0.020135457588953548,0.206665463364975,False,False,False,False,False,0.2,0.12,0.18,False,False,True,True,True,32.66051941571442,32.43377580506024,32.66051941571442,32.43377580506024,False,False,False,False,0.6120416697816029,0.9186976606349473,0.6120416697816029,False,both,left,none,none,0,moving_average,4,2.0,peak,12,-1,-1,12,False,0.6290901893598424,False,False,False,False,False,False,False,,
frame_000022.jpg,32.69816748285227,32.53523994597516,22,True,0.01078729172980648,0.017345363077719538,0.0025961742612478564,0.14454469231432948,False,False,False,False,False,0.2,0.12,0.18,False,False,True,True,True,32.69816748285227,32.53523994597516,32.69816748285227,32.53523994597516,False,False,False,False,0.6401175294184688,0.9324446597795045,0.6401175294184688,False,both,left,none,none,0,moving_average,4,2.0,peak,12,-1,-1,12,False,0.6307589095395134,False,False,False,False,False,False,False,,
frame_000023.jpg,32.69816748285227,32.53523994597516,23,True,0.0,0.0,0.0,0.0,False,False,False,False,False,0.2,0.12,0.18,False,False,True,True,True,32.69816748285227,32.53523994597516,32.69816748285227,32.53523994597516,False,False,False,False,0.6401175294184688,0.9324446597795045,0.6401175294184688,False,both,left,none,none,0,moving_average,4,2.0,peak,12,-1,-1,12,False,0.660290708495449,False,False,False,False,False,False,False,,
frame_000024.jpg,32.779320602660235,32.55640902284513,24,True,0.004704804377267254,0.014925901205114495,0.0007559067466920213,0.1243825100426208,False,False,False,False,False,0.2,0.12,0.18,False,False,True,True,True,32.779320602660235,32.55640902284513,32.779320602660235,32.55640902284513,False,False,False,False,0.7006370666494097,0.9353127792845682,0.7006370666494097,False,both,left,none,none,0,moving_average,4,2.0,peak,12,-1,-1,12,False,0.6729072646825627,False,False,False,False,False,False,False,,
frame_000025.jpg,32.74892164965512,32.50722955328975,25,True,0.005193947341312441,0.0025535548509966408,0.0047330777641372695,0.026294876467429278,False,False,False,False,False,0.2,0.12,0.18,False,False,True,True,True,32.74892164965512,32.50722955328975,32.74892164965512,32.50722955328975,False,False,False,False,0.6779671979798096,0.9286496358349571,0.6779671979798096,False,both,left,none,none,0,moving_average,4,2.0,peak,12,-1,-1,12,False,0.6828591042248096,True,False,False,False,False,False,False,1,
frame_000026.jpg,32.738201967432005,32.58986985811625,26,True,0.018992966860288077,0.059624674737628246,0.017242647339372114,0.4968722894802354,False,False,False,False,False,0.2,0.12,0.18,False,False,True,True,True,32.738201967432005,32.58986985811625,32.738201967432005,32.58986985811625,False,False,False,False,0.6699730480452092,0.9398462634268527,0.6699730480452092,False,both,left,none,none,0,moving_average,4,2.0,peak,12,-1,-1,12,False,0.632496236142071,False,False,False,False,False,False,False,,
frame_000027.jpg,32.57671972097496,32.436597310761904,27,True,0.02919076580095002,0.0,0.0,0.1459538290047501,False,False,False,False,False,0.2,0.12,0.18,False,False,True,True,True,32.57671972097496,32.436597310761904,32.57671972097496,32.436597310761904,False,False,False,False,0.549548462401194,0.9190799359503182,0.549548462401194,False,both,left,none,none,0,moving_average,4,2.0,peak,12,-1,-1,12,False,0.589689990949199,False,False,False,False,False,False,False,,
frame_000028.jpg,32.57671972097496,32.436597310761904,28,True,0.0,0.0,0.0,0.0,False,False,False,False,False,0.2,0.12,0.18,False,False,True,True,True,32.57671972097496,32.436597310761904,32.57671972097496,32.436597310761904,False,False,False,False,0.549548462401194,0.9190799359503182,0.549548462401194,False,both,left,none,none,0,moving_average,4,2.0,peak,12,-1,-1,12,False,0.5232796476973991,False,False,False,False,False,False,False,,
frame_000029.jpg,32.47104494067705,32.33300718348046,29,True,0.013491568284168047,0.0,0.0,0.06745784142084023,False,False,False,False,False,0.2,0.12,0.18,False,False,True,True,True,32.47104494067705,32.33300718348046,32.47104494067705,32.33300718348046,False,False,False,False,0.4707420182898093,0.9050448948187251,0.4707420182898093,False,both,left,none,none,0,moving_average,4,2.0,peak,12,-1,-1,12,False,0.4843087745618633,False,False,False,False,False,False,False,,
frame_000030.jpg,32.41994681351596,32.31735745998815,30,True,0.029367128709654362,8.881784197001248e-16,2.6020852139652106e-18,0.1468356435482718,False,False,False,False,False,0.2,0.12,0.18,False,False,True,True,True,32.41994681351596,32.31735745998815,32.41994681351596,32.31735745998815,False,False,False,False,0.43263584299458663,0.902924571978346,0.43263584299458663,False,both,left,none,none,0,moving_average,4,2.0,peak,12,-1,-1,12,False,0.3866604383014819,False,False,False,False,False,False,False,,
frame_000031.jpg,32.18389779135506,32.07535485286566,31,True,0.0501227768626684,8.881784197001256e-16,2.6020852139652106e-18,0.250613884313342,False,False,False,False,False,0.2,0.12,0.18,False,False,True,True,True,32.18389779135506,32.07535485286566,32.18389779135506,32.07535485286566,False,False,False,False,0.25660345362004966,0.8701365386584426,0.25660345362004966,False,both,left,none,none,0,moving_average,4,2.0,peak,12,-1,-1,12,False,0.33378464872706776,False,False,False,False,False,False,False,,
frame_000032.jpg,32.25833502173474,32.07741941534473,32,True,0.006927081619028024,0.0,0.0,0.03463540809514012,False,False,False,False,False,0.2,0.12,0.18,False,False,True,True,True,32.25833502173474,32.07741941534473,32.25833502173474,32.07741941534473,False,False,False,False,0.312114649566567,0.8704162585513796,0.312114649566567,False,both,left,none,none,0,moving_average,4,2.0,peak,12,-1,-1,12,False,0.2915086765399402,False,False,False,False,False,False,False,,
frame_000033.jpg,32.24987807904391,31.87823835891697,33,True,0.045682642231951585,0.0,0.0,0.2284132111597579,False,False,False,False,False,0.2,0.12,0.18,False,False,True,True,True,32.24987807904391,31.87823835891697,32.24987807904391,31.87823835891697,False,False,False,False,0.3058079264332041,0.8434299578974316,0.3058079264332041,False,both,left,none,none,0,moving_average,4,2.0,peak,12,-1,-1,12,False,0.28417856150327997,False,False,False,False,False,False,False,,
frame_000034.jpg,32.15441003925083,31.49148731825476,34,True,0.09900916749826852,0.0,0.0,0.49504583749134257,False,False,False,False,False,0.2,0.12,0.18,False,False,True,True,True,32.15441003925083,31.49148731825476,32.15441003925083,31.49148731825476,False,False,False,False,0.23461310851006892,0.7910304975836785,0.23461310851006892,False,both,left,none,none,0,moving_average,4,2.0,peak,12,-1,-1,12,False,0.2683050133171849,False,False,False,False,False,False,False,,
frame_000035.jpg,32.19447855405515,31.11387781316936,35,True,0.09522276860725268,0.0,0.0,0.47611384303626336,False,False,False,False,False,0.2,0.12,0.18,False,False,True,True,True,32.19447855405515,31.11387781316936,32.19447855405515,31.11387781316936,False,False,False,False,0.26449400500828174,0.7398695899312027,0.26449400500828174,False,both,left,none,none,0,moving_average,4,2.0,peak,12,-1,-1,12,False,0.2337038148234428,False,False,False,False,False,False,False,,
frame_000036.jpg,32.110683597294326,30.47611415657269,36,True,0.12637343757612457,0.0,0.0,0.6318671878806228,False,False,False,False,True,0.2,0.12,0.18,False,False,True,True,True,32.110683597294326,30.47611415657269,32.110683597294326,30.47611415657269,False,False,True,True,0.20200433095197778,0.6534613637085384,0.20200433095197778,False,both,left,none,none,0,moving_average,4,2.0,peak,12,-1,-1,12,False,0.20518857931154522,False,False,False,False,False,False,False,,
frame_000037.jpg,32.03969830665683,29.20189626343569,37,True,0.25923430392276986,2.2204460492503128e-16,8.673617379884035e-19,1.2961715196138492,True,False,False,True,True,0.2,0.12,0.18,False,False,True,True,True,32.03969830665683,29.20189626343569,32.03969830665683,29.20189626343569,False,False,True,True,0.1490674019743762,0.48082231971738865,0.1490674019743762,False,both,left,none,none,0,moving_average,4,2.0,peak,12,-1,-1,12,False,0.2271969473520496,False,False,False,False,False,False,False,,
frame_000038.jpg,32.28301431341927,28.91677554509623,38,True,0.087271114813837,2.2204460492503136e-16,8.673617379884035e-19,0.43635557406918496,False,False,False,False,True,0.2,0.12,0.18,False,False,True,True,True,32.28301431341927,28.91677554509623,32.28301431341927,28.91677554509623,False,False,True,True,0.3305191091297948,0.442192373849173,0.3305191091297948,False,both,left,none,none,0,moving_average,4,2.0,peak,12,-1,-1,12,False,0.31843688492799166,False,False,False,False,False,False,False,,
frame_000039.jpg,32.477725676141525,28.265562353108727,39,True,0.07186217669924456,0.0,0.0,0.3593108834962228,False,False,False,False,False,0.2,0.12,0.18,False,False,True,True,True,32.477725676141525,28.265562353108727,32.477725676141525,28.265562353108727,False,False,False,False,0.47572414367980403,0.3539619200903043,0.47572414367980403,False,both,left,none,none,0,moving_average,4,2.0,peak,12,-1,-1,12,False,0.4710387767760178,False,False,False,False,False,False,False,,
frame_000040.jpg,32.65358863920221,28.532873795522576,40,True,0.02302086416543564,2.2204460492503128e-16,8.673617379884035e-19,0.1151043208271782,False,False,False,False,False,0.2,0.12,0.18,False,False,True,True,True,32.65358863920221,28.532873795522576,32.65358863920221,28.532873795522576,False,False,False,False,0.6068730775184547,0.39017895338953795,0.6068730775184547,False,both,left,none,none,0,moving_average,4,2.0,peak,12,-1,-1,12,False,0.5534199643006036,False,False,False,False,False,False,False,,
frame_000041.jpg,32.61441921274592,28.1696777266736,41,True,0.01498930007387204,6.661338147750941e-16,2.168404344971009e-18,0.0749465003693602,False,False,False,False,False,0.2,0.12,0.18,False,False,True,True,True,32.61441921274592,28.1696777266736,32.61441921274592,28.1696777266736,False,False,False,False,0.5776626717035522,0.3409708686144412,0.5776626717035522,False,both,left,none,none,0,moving_average,4,2.0,peak,12,-1,-1,12,False,0.5873831785957586,False,False,False,False,False,False,False,,
frame_000042.jpg,32.61435366066695,28.26868262722617,42,True,0.010539819173947864,6.661338147750937e-16,2.168404344971009e-18,0.05269909586973932,False,False,False,False,False,0.2,0.12,0.18,False,False,True,True,True,32.61435366066695,28.26868262722617,32.61435366066695,28.26868262722617,False,False,False,False,0.5776137865652692,0.35438467442731914,0.5776137865652692,False,both,left,none,none,0,moving_average,4,2.0,peak,12,-1,-1,12,False,0.5782472342751735,False,False,False,False,False,False,False,,
frame_000043.jpg,32.61683635632314,28.21293754313401,43,True,0.025878507784090777,2.2204460492503136e-16,8.673617379884035e-19,0.12939253892045388,False,False,False,False,False,0.2,0.12,0.18,False,False,True,True,True,32.61683635632314,28.21293754313401,32.61683635632314,28.21293754313401,False,False,False,False,0.5794652445566993,0.3468319802792377,0.5794652445566993,False,both,left,none,none,0,moving_average,4,2.0,peak,12,-1,-1,12,False,0.59360243442844,False,False,False,False,False,False,False,,
frame_000044.jpg,32.67619045826742,28.671445396539777,44,True,0.021354440258926414,0.0,0.0,0.10677220129463207,False,False,False,False,False,0.2,0.12,0.18,False,False,True,True,True,32.67619045826742,28.671445396539777,32.67619045826742,28.671445396539777,False,False,False,False,0.6237282721633514,0.40895350431429134,0.6237282721633514,False,both,left,none,none,0,moving_average,4,2.0,peak,12,-1,-1,12,False,0.6351160607613933,False,False,False,False,False,False,False,,
frame_000045.jpg,32.781355613041704,29.1337629124004,45,True,0.0022404632722774556,0.0,0.0,0.011202316361387278,False,False,False,False,False,0.2,0.12,0.18,False,False,True,True,True,32.781355613041704,29.1337629124004,32.781355613041704,29.1337629124004,False,False,False,False,0.7021546655641293,0.4715911853486131,0.7021546655641293,False,both,left,none,none,0,moving_average,4,2.0,peak,12,-1,-1,12,False,0.6776488497242312,False,False,False,False,False,False,False,,
frame_000046.jpg,32.787938219113165,29.0033230009466,46,True,0.013752957829552,2.2204460492503128e-16,8.673617379884035e-19,0.06876478914775999,False,False,False,False,False,0.2,0.12,0.18,False,False,True,True,True,32.787938219113165,29.0033230009466,32.787938219113165,29.0033230009466,False,False,False,False,0.7070636114452132,0.4539183668040278,0.7070636114452132,False,both,left,none,none,0,moving_average,4,2.0,peak,12,-1,-1,12,False,0.6978248350402884,False,False,False,False,False,False,False,,
frame_000047.jpg,32.75735486707724,29.028617165121545,47,True,0.004148230859292091,4.440892098500627e-16,1.3010426069826053e-18,0.02074115429646045,False,False,False,False,False,0.2,0.12,0.18,False,False,True,True,True,32.75735486707724,29.028617165121545,32.75735486707724,29.028617165121545,False,False,False,False,0.6842562281115225,0.4573453790483521,0.6842562281115225,False,both,left,none,none,0,moving_average,4,2.0,peak,12,-1,-1,12,False,0.7323389632621088,False,False,False,False,False,False,False,,
frame_000048.jpg,32.920199826537484,29.21579564576929,48,True,0.020536296882641355,2.2204460492503128e-16,4.336808689942018e-19,0.10268148441320676,False,False,False,False,False,0.2,0.12,0.18,False,False,True,True,True,32.920199826537484,29.21579564576929,32.920199826537484,29.21579564576929,False,False,False,False,0.8056970502295906,0.48270549534305257,0.8056970502295906,False,both,left,none,none,0,moving_average,4,2.0,peak,12,-1,-1,12,False,0.7740135337119042,True,False,False,False,False,False,False,2,
frame_000049.jpg,32.955587621111334,28.6586947192256,49,True,0.05630173386820581,0.0,0.0,0.281508669341029,False,False,False,False,False,0.2,0.12,0.18,False,False,True,True,True,32.955587621111334,28.6586947192256,32.955587621111334,28.6586947192256,False,False,False,False,0.8320873227945996,0.40722596246009574,0.8320873227945996,False,both,left,none,none,0,moving_average,4,2.0,peak,12,-1,-1,12,False,0.720022645252472,False,False,False,False,False,False,False,,
frame_000050.jpg,32.540159103188614,26.684516462185883,50,True,0.10247330027148753,0.0,0.0,0.5123665013574377,False,False,False,False,False,0.2,0.12,0.18,False,False,True,True,True,32.540159103188614,26.684516462185883,32.540159103188614,26.684516462185883,False,False,False,False,0.5222835627332257,0.13975189166017601,0.5222835627332257,False,both,left,none,none,0,moving_average,4,2.0,peak,12,-1,-1,12,False,0.6535501556694183,False,False,False,False,False,False,False,,
frame_000051.jpg,32.652792796119414,26.93820778421516,51,True,0.013139939310408013,0.0,0.0,0.06569969655204007,False,False,False,False,False,0.2,0.12,0.18,False,False,True,True,True,32.652792796119414,26.93820778421516,32.652792796119414,26.93820778421516,False,False,False,False,0.6062795814804296,0.17412358549674664,0.6062795814804296,False,both,left,none,none,0,moving_average,4,2.0,peak,12,-1,-1,12,False,0.5626465531877562,False,False,False,False,False,False,False,,
frame_000052.jpg,32.58989855866763,26.68739822872922,52,True,0.008108581431913824,2.2204460492503136e-16,4.336808689942018e-19,0.04054290715956912,False,False,False,False,False,0.2,0.12,0.18,False,False,True,True,True,32.58989855866763,26.68739822872922,32.58989855866763,26.68739822872922,False,False,False,False,0.5593765153496135,0.14014233149289754,0.5593765153496135,False,both,left,none,none,0,moving_average,4,2.0,peak,12,-1,-1,12,False,0.5668804683857881,False,False,False,False,False,False,False,,
frame_000053.jpg,32.55719139274553,26.812343668340223,53,True,0.004380206077161281,2.2204460492503128e-16,4.336808689942018e-19,0.021901030385806403,False,False,False,False,False,0.2,0.12,0.18,False,False,True,True,True,32.55719139274553,26.812343668340223,32.55719139274553,26.812343668340223,False,False,False,False,0.5349853083273214,0.1570707244794324,0.5349853083273214,False,both,left,none,none,0,moving_average,4,2.0,peak,12,-1,-1,12,False,0.4969961991028813,False,False,False,False,False,False,False,,
frame_000054.jpg,32.37166078137022,26.198981394699626,54,True,0.023712906744538978,0.0,0.0,0.11856453372269489,False,False,False,False,False,0.2,0.12,0.18,False,False,True,True,True,32.37166078137022,26.198981394699626,32.37166078137022,26.198981394699626,False,False,False,False,0.39662677363170906,0.07396855089367393,0.39662677363170906,False,both,left,none,none,0,moving_average,4,2.0,peak,12,-1,-1,12,False,0.43055380585469205,False,False,False,False,False,False,False,,
frame_000055.jpg,32.32261260046429,26.074750589113297,55,True,0.008553652492153625,0.0,0.0,0.042768262460768126,False,False,False,False,False,0.2,0.12,0.18,False,False,True,True,True,32.32261260046429,26.074750589113297,32.32261260046429,26.074750589113297,False,False,False,False,0.3600493356050459,0.057136981013679894,0.3600493356050459,False,both,left,none,none,0,moving_average,4,2.0,peak,12,-1,-1,12,False,0.3729852333308,False,False,False,False,False,False,False,,
frame_000056.jpg,32.325603240705775,26.001703401893536,56,True,0.006901337369816359,4.440892098500625e-16,1.3010426069826053e-18,0.03450668684908179,False,False,False,False,False,0.2,0.12,0.18,False,False,True,True,True,32.325603240705775,26.001703401893536,32.325603240705775,26.001703401893536,False,False,False,False,0.36227959075564514,0.04724008925302866,0.36227959075564514,False,both,left,none,none,0,moving_average,4,2.0,peak,12,-1,-1,12,False,0.33413348675872273,False,False,False,False,False,False,False,,
frame_000057.jpg,32.21536709893767,25.733255788733505,57,True,0.019067976438494734,4.440892098500627e-16,1.3010426069826053e-18,0.09533988219247366,False,False,False,False,False,0.2,0.12,0.18,False,False,True,True,True,32.21536709893767,25.733255788733505,32.21536709893767,25.733255788733505,False,False,False,False,0.2800715339154773,0.010869120404397938,0.2800715339154773,False,both,left,none,none,0,moving_average,4,2.0,peak,12,-1,-1,12,False,0.3294210443778522,False,False,False,False,False,False,False,,
frame_000058.jpg,32.30365528096281,26.008095008293715,58,True,0.017637488895529928,0.0,0.0,0.08818744447764963,False,False,False,False,False,0.2,0.12,0.18,False,False,True,True,True,32.30365528096281,26.008095008293715,32.30365528096281,26.008095008293715,False,False,False,False,0.3459120084624342,0.048106064236144,0.3459120084624342,False,both,left,none,none,0,moving_average,4,2.0,peak,12,-1,-1,12,False,0.30337856845127187,False,False,False,False,False,False,False,,
frame_000059.jpg,32.22083898114604,26.17414558132213,59,True,0.004105441889630725,2.2204460492503128e-16,8.673617379884035e-19,0.020527209448153623,False,False,False,False,False,0.2,0.12,0.18,False,False,True,True,True,32.22083898114604,26.17414558132213,32.22083898114604,26.17414558132213,False,False,False,False,0.2841521629759042,0.07060363889445702,0.2841521629759042,False,both,left,none,none,0,moving_average,4,2.0,peak,12,-1,-1,12,False,0.2926479527595509,False,False,False,False,False,False,False,,
frame_000060.jpg,32.17219973609811,25.996667068497334,60,True,0.005173477722795935,2.2204460492503136e-16,8.673617379884035e-19,0.025867388613979674,False,False,False,False,False,0.2,0.12,0.18,False,False,True,True,True,32.17219973609811,25.996667068497334,32.17219973609811,25.996667068497334,False,False,False,False,0.24787968684031444,0.04655773516945789,0.24787968684031444,False,both,left,none,none,0,moving_average,4,2.0,peak,12,-1,-1,12,False,0.25666041351610835,False,False,False,False,False,False,False,,
frame_000061.jpg,32.158883796375655,25.872721853955948,61,True,0.009104506053314037,2.2204460492503128e-16,8.673617379884035e-19,0.04552253026657018,False,False,False,False,False,0.2,0.12,0.18,False,False,True,True,True,32.158883796375655,25.872721853955948,32.158883796375655,25.872721853955948,False,False,False,False,0.23794939073210647,0.02976485895813456,0.23794939073210647,False,both,left,none,none,0,moving_average,4,2.0,peak,12,-1,-1,12,False,0.23562948590547653,False,False,False,False,False,False,False,,
frame_000062.jpg,32.13623529118991,25.715419746859805,62,True,0.010495186787777248,2.2204460492503136e-16,8.673617379884035e-19,0.052475933938886235,False,False,False,False,False,0.2,0.12,0.18,False,False,True,True,True,32.13623529118991,25.715419746859805,32.13623529118991,25.715419746859805,False,False,False,False,0.2210593801440087,0.008452581416642084,0.2210593801440087,False,both,left,none,none,0,moving_average,4,2.0,peak,12,-1,-1,12,False,0.22076083093984164,False,False,False,False,False,False,False,,
frame_000063.jpg,32.112385775531706,25.65303275585657,63,True,0.008576695998265868,0.0,0.0,0.04288347999132934,False,False,False,False,False,0.2,0.12,0.18,False,False,True,True,True,32.112385775531706,25.65303275585657,32.112385775531706,25.65303275585657,False,False,False,False,0.2032737219434098,0.0,0.2032737219434098,False,both,left,none,none,0,moving_average,4,2.0,peak,12,-1,-1,12,False,0.23286896161056514,False,False,False,False,False,False,False,,
frame_000064.jpg,32.20759265754335,26.45789132370725,64,True,0.04632100628919838,2.2204460492503128e-16,8.673617379884035e-19,0.23160503144599187,False,False,False,False,False,0.2,0.12,0.18,False,False,True,True,True,32.20759265754335,26.45789132370725,32.20759265754335,26.45789132370725,False,False,False,False,0.27427378274427694,0.10904729438365178,0.27427378274427694,False,both,left,none,none,0,moving_average,4,2.0,peak,12,-1,-1,12,False,0.2812501568194978,False,False,False,False,False,False,False,,
frame_000065.jpg,32.33086425454073,27.28313002050616,65,True,0.09760845768432401,2.2204460492503136e-16,8.673617379884035e-19,0.48804228842162,False,False,False,False,False,0.2,0.12,0.18,False,False,True,True,True,32.33086425454073,27.28313002050616,32.33086425454073,27.28313002050616,False,False,False,False,0.3662029657708066,0.22085581665225867,0.3662029657708066,False,both,left,none,none,0,moving_average,4,2.0,peak,12,-1,-1,12,False,0.38120295319262154,False,False,False,False,False,False,False,,
frame_000066.jpg,32.5144781392715,28.156884727090617,66,True,0.0792937230523297,2.2204460492503128e-16,8.673617379884035e-19,0.3964686152616485,False,False,False,False,False,0.2,0.12,0.18,False,False,True,True,True,32.5144781392715,28.156884727090617,32.5144781392715,28.156884727090617,False,False,False,False,0.5031321110627811,0.33923759267342585,0.5031321110627811,False,both,left,none,none,0,moving_average,4,2.0,peak,12,-1,-1,12,False,0.46458128473740845,False,False,False,False,False,False,False,,
frame_000067.jpg,32.543008890325595,28.89723015343063,67,True,0.059826546605325846,2.2204460492503136e-16,8.673617379884035e-19,0.29913273302662924,False,False,False,False,False,0.2,0.12,0.18,False,False,True,True,True,32.543008890325595,28.89723015343063,32.543008890325595,28.89723015343063,False,False,False,False,0.5244087773786379,0.43954424141455906,0.5244087773786379,False,both,left,none,none,0,moving_average,4,2.0,peak,12,-1,-1,12,False,0.5350360031848684,False,False,False,False,False,False,False,,
frame_000068.jpg,32.61429108505588,29.70630611917084,68,True,0.10179398176668371,4.440892098500627e-16,1.3010426069826053e-18,0.5089699088334185,False,False,False,False,False,0.2,0.12,0.18,False,False,True,True,True,32.61429108505588,29.70630611917084,32.61429108505588,29.70630611917084,False,False,False,False,0.5775671211131863,0.549162935355304,0.5775671211131863,False,both,left,none,none,0,moving_average,4,2.0,peak,12,-1,-1,12,False,0.569437616074395,False,False,False,False,False,False,False,,
frame_000069.jpg,32.65286972355069,30.83574956665468,69,True,0.16905353965363162,4.440892098500625e-16,1.3010426069826053e-18,0.8452676982681581,False,False,False,False,False,0.2,0.12,0.18,False,False,True,True,True,32.65286972355069,30.83574956665468,32.65286972355069,30.83574956665468,False,False,False,False,0.606336949731361,0.702187028068083,0.606336949731361,False,both,left,none,none,0,moving_average,4,2.0,peak,12,-1,-1,12,False,0.5638600522200969,False,False,False,False,False,False,False,,
frame_000070.jpg,32.52057134064752,31.030454163336227,70,True,0.16436309932122883,0.0,0.0,0.8218154966061442,False,False,False,False,True,0.2,0.12,0.18,False,False,True,True,True,32.52057134064752,31.030454163336227,32.52057134064752,31.030454163336227,False,False,True,True,0.5076760858157436,0.7285668298373322,0.5076760858157436,False,both,left,none,none,0,moving_average,4,2.0,peak,12,-1,-1,12,False,0.6318537053251536,False,False,False,False,False,False,False,,
frame_000071.jpg,32.88781748640094,32.295480105671885,71,True,0.2562359028144756,0.0,0.0,1.281179514072378,True,False,False,True,True,0.2,0.12,0.18,False,False,True,True,True,32.88781748640094,32.295480105671885,32.88781748640094,32.295480105671885,False,False,True,True,0.7815480804283561,0.8999604905959087,0.7815480804283561,False,both,left,none,none,0,moving_average,4,2.0,peak,12,-1,-1,12,False,0.7335947870732829,False,False,False,False,False,False,False,,
frame_000072.jpg,33.06215604203281,32.86184349556052,72,True,0.3288715588478464,0.0,0.0,1.644357794239232,True,False,False,True,True,0.2,0.12,0.18,False,False,True,True,True,33.06215604203281,32.86184349556052,33.06215604203281,32.86184349556052,False,False,True,True,0.9115601949757488,0.9766949601937611,0.9115601949757488,False,both,left,none,none,0,moving_average,4,2.0,peak,12,-1,-1,12,False,0.8760644632016543,True,False,False,False,False,False,False,3,
frame_000073.jpg,33.09370156725821,33.030496684316724,73,True,0.3435283223102365,0.0,1.8253627775965953e-15,1.7176416115511823,True,False,False,True,True,0.2,0.12,0.18,False,False,True,True,True,33.09370156725821,33.030496684316724,33.09370156725821,33.030496684316724,False,False,True,True,0.9350851142008582,0.9995451535788568,0.9350851142008582,False,both,left,none,none,0,moving_average,4,2.0,peak,12,-1,-1,12,False,0.8682415261766404,False,False,False,False,False,False,False,,
frame_000074.jpg,32.85634719888609,32.76780448244095,74,True,0.38236951945111447,0.0,1.8253627775965953e-15,1.9118475972555722,True,False,False,True,True,0.2,0.12,0.18,False,False,True,True,True,32.85634719888609,32.76780448244095,32.85634719888609,32.76780448244095,False,False,True,True,0.7580792693533142,0.9639539640028622,0.7580792693533142,False,both,left,none,none,0,moving_average,4,2.0,peak,12,-1,-1,12,False,0.8582868511889876,False,False,False,False,False,False,False,,
frame_000075.jpg,33.02211015095934,32.39863162174725,75,True,0.24581372148041628,0.0,0.0,1.2290686074020813,True,False,False,True,True,0.2,0.12,0.18,False,False,True,True,True,33.02211015095934,32.39863162174725,33.02211015095934,32.39863162174725,False,False,True,True,0.8816961700127909,0.9139361059262248,0.8816961700127909,False,both,left,none,none,0,moving_average,4,2.0,peak,12,-1,-1,12,False,0.8314639140403979,False,False,False,False,False,False,False,,
frame_000076.jpg,32.98579765069084,32.32584140405727,76,True,0.031240256859865506,4.440892098500625e-16,1.3010426069826053e-18,0.15620128429932753,False,False,False,False,True,0.2,0.12,0.18,False,False,True,True,True,32.98579765069084,32.32584140405727,32.98579765069084,32.32584140405727,False,False,True,True,0.8546163027550887,0.9040740300115881,0.8546163027550887,False,both,left,none,none,0,moving_average,4,2.0,peak,12,-1,-1,12,False,0.7750520429401814,False,False,False,False,False,False,False,,
frame_000077.jpg,32.62941225142353,32.302705454223954,77,True,0.06310306881922996,4.440892098500627e-16,1.3010426069826053e-18,0.3155153440961498,False,False,False,False,False,0.2,0.12,0.18,False,False,True,True,True,32.62941225142353,32.302705454223954,32.62941225142353,32.302705454223954,False,False,False,False,0.5888436560526648,0.9009394262028017,0.5888436560526648,False,both,left,none,none,0,moving_average,4,2.0,peak,12,-1,-1,12,False,0.7012678926610818,False,False,False,False,False,False,False,,
frame_000078.jpg,32.72528960697471,32.335075661379015,78,True,0.138472941705328,0.0,0.0,0.69236470852664,False,False,False,False,False,0.2,0.12,0.18,False,False,True,True,True,32.72528960697471,32.335075661379015,32.72528960697471,32.335075661379015,False,False,False,False,0.6603437191754922,0.9053251451972879,0.6603437191754922,False,both,left,none,none,0,moving_average,4,2.0,peak,12,-1,-1,12,False,0.6637200554208365,False,False,False,False,False,False,False,,
frame_000079.jpg,32.834749364128776,32.39996993035074,79,True,0.14762959917732688,0.0,0.0,0.7381479958866344,False,False,False,False,False,0.2,0.12,0.18,False,False,True,True,True,32.834749364128776,32.39996993035074,32.834749364128776,32.39996993035074,False,False,False,False,0.7419727910343527,0.9141174283822322,0.7419727910343527,False,both,left,none,none,0,moving_average,4,2.0,peak,12,-1,-1,12,False,0.6641341544657706,False,False,False,False,False,False,False,,
frame_000080.jpg,32.63107809840172,32.057554226148575,80,True,0.041837437373828036,0.0399634887505017,0.02499380747029252,0.33302907292084755,False,False,False,False,False,0.2,0.12,0.18,False,False,True,True,True,32.63107809840172,32.057554226148575,32.63107809840172,32.057554226148575,False,False,False,False,0.5900859531874673,0.8677247979385608,0.5900859531874673,False,both,left,none,none,0,moving_average,4,2.0,peak,12,-1,-1,12,False,0.6744821270422765,False,False,False,False,False,False,False,,
frame_000081.jpg,32.76691766445966,31.917014639942465,81,True,0.011152389367739938,0.050364401668040334,0.0001112422820931068,0.4197033472336695,False,False,False,False,False,0.2,0.12,0.18,False,False,True,True,True,32.76691766445966,31.917014639942465,32.76691766445966,31.917014639942465,False,False,False,False,0.6913876369050098,0.8486836120187788,0.6913876369050098,False,both,left,none,none,0,moving_average,4,2.0,peak,12,-1,-1,12,False,0.6286531587404491,False,False,False,False,False,False,False,,
frame_000082.jpg,32.650387556746736,32.15770912645788,82,True,0.05037557392190703,0.09032789041854206,0.024882565188199413,0.7527324201545171,False,False,False,False,False,0.2,0.12,0.18,False,False,True,True,True,32.650387556746736,32.15770912645788,32.650387556746736,32.15770912645788,False,False,False,False,0.6044858861288702,0.881294412942051,0.6044858861288702,False,both,left,none,none,0,moving_average,4,2.0,peak,12,-1,-1,12,False,0.5749398759389429,False,False,False,False,False,False,False,,
frame_000083.jpg,32.41499909281535,31.943238532099382,83,True,0.03647335289599385,0.0,0.0,0.18236676447996925,False,False,False,False,False,0.2,0.12,0.18,False,False,True,True,True,32.41499909281535,31.943238532099382,32.41499909281535,31.943238532099382,False,False,False,False,0.42894610478294876,0.8522365896500624,0.42894610478294876,False,both,left,none,none,0,moving_average,4,2.0,peak,12,-1,-1,12,False,0.4733911664154694,False,False,False,False,False,False,False,,
frame_000084.jpg,32.358405225301944,31.92975025207725,84,True,0.0921239253224826,0.0,1.8253627775965953e-15,0.460619626612413,False,False,False,False,False,0.2,0.12,0.18,False,False,True,True,True,32.358405225301944,31.92975025207725,32.358405225301944,31.92975025207725,False,False,False,False,0.3867415083345892,0.8504091127478403,0.3867415083345892,False,both,left,none,none,0,moving_average,4,2.0,peak,12,-1,-1,12,False,0.39687166774544513,False,False,False,False,False,False,False,,
frame_000085.jpg,32.342563191557815,31.83721731249004,85,True,0.04117007218660261,0.0,1.8253627775965953e-15,0.20585036093301304,False,False,False,False,True,0.2,0.12,0.18,False,False,True,True,True,32.342563191557815,31.83721731249004,32.342563191557815,31.83721731249004,False,False,True,True,0.37492739011879744,0.8378721688593048,0.37492739011879744,False,both,left,none,none,0,moving_average,4,2.0,peak,12,-1,-1,12,False,0.25863076238997545,False,False,False,False,False,False,False,,
frame_000086.jpg,31.85888046065213,32.06692176854206,86,True,0.6574559513955854,0.0,0.0,3.287279756977927,True,False,False,True,True,0.2,0.12,0.18,False,False,True,True,True,31.85888046065213,32.06692176854206,31.85888046065213,32.06692176854206,False,False,True,True,0.014223388716539782,0.8689939714229923,0.014223388716539782,False,both,left,none,none,0,moving_average,4,2.0,peak,12,-1,-1,12,False,0.3126984154218072,False,False,False,False,False,False,False,,
frame_000087.jpg,32.575909799443885,32.680478147444965,87,True,0.5858572610565952,0.04316113463952091,0.04367690500005808,2.9292863052829756,True,False,False,True,True,0.2,0.12,0.18,False,False,True,True,True,32.575909799443885,32.680478147444965,32.575909799443885,32.680478147444965,False,False,True,True,0.5489444674300844,0.9521224436089346,0.5489444674300844,False,both,left,none,none,0,moving_average,4,2.0,peak,12,-1,-1,12,False,0.41037441788327056,False,False,False,False,False,False,False,,
frame_000088.jpg,32.73549641739545,32.589082345298515,88,True,0.6204565521583457,0.020648206298936107,0.025168670036195447,3.1022827607917285,True,False,False,True,True,0.2,0.12,0.18,False,False,True,True,True,32.73549641739545,32.589082345298515,32.73549641739545,32.589082345298515,False,False,True,True,0.6679553975031877,0.9397395662436495,0.6679553975031877,False,both,left,none,none,0,moving_average,4,2.0,peak,12,-1,-1,12,False,0.6499367152133593,False,False,False,False,False,False,False,,
frame_000089.jpg,32.822597073810265,32.9678850660312,89,True,0.5063429837816866,0.03317812061200594,0.001318335735204684,2.531714918908433,True,False,False,True,True,0.2,0.12,0.18,False,False,True,True,True,32.822597073810265,32.9678850660312,32.822597073810265,32.9678850660312,False,False,True,True,0.7329102807068059,0.9910621382470439,0.7329102807068059,False,both,left,none,none,0,moving_average,4,2.0,peak,12,-1,-1,12,False,0.7607154247157524,True,False,False,False,False,False,False,4,
frame_000090.jpg,33.0215528907045,33.03029213155515,90,True,0.2585783775961599,0.02737025359634292,0.02015632703099252,1.2928918879807996,True,False,False,True,True,0.2,0.12,0.18,False,False,True,True,True,33.0215528907045,33.03029213155515,33.0215528907045,33.03029213155515,False,False,True,True,0.8812805959372636,0.999517439485848,0.8812805959372636,False,both,left,none,none,0,moving_average,4,2.0,peak,12,-1,-1,12,False,0.741023800299827,False,False,False,False,False,False,False,,
frame_000091.jpg,32.65628050653971,33.03385382436483,91,True,0.00564967485569396,0.04562364193976143,0.00454350561330694,0.3801970161646786,False,False,False,False,True,0.2,0.12,0.18,False,False,True,True,True,32.65628050653971,33.03385382436483,32.65628050653971,33.03385382436483,False,False,True,True,0.6088805242554116,1.0,0.6088805242554116,False,both,left,none,none,0,moving_average,4,2.0,peak,12,-1,-1,12,False,0.7448254590330734,False,False,False,False,False,False,False,,
frame_000092.jpg,32.83789047231086,32.76078781535293,92,True,0.4545465627626046,0.03625430008592215,0.032218719640572255,2.2727328138130227,True,False,False,True,True,0.2,0.12,0.18,False,False,True,True,True,32.83789047231086,32.76078781535293,32.83789047231086,32.76078781535293,False,False,True,True,0.7443152569065451,0.9630033018715226,0.7443152569065451,False,both,left,none,none,0,moving_average,4,2.0,peak,12,-1,-1,12,False,0.640454447490461,False,False,False,False,False,False,False,,
frame_000093.jpg,32.60168683132562,32.726129938006,93,True,0.3718910485378896,0.014741121861248962,0.0035377566322665963,1.859455242689448,True,False,False,True,True,0.2,0.12,0.18,False,False,True,True,True,32.60168683132562,32.726129938006,32.60168683132562,32.726129938006,False,False,True,True,0.5681675613094263,0.9583076349497481,0.5681675613094263,False,both,left,none,none,0,moving_average,4,2.0,peak,12,-1,-1,12,False,0.6164858725435678,False,False,False,False,False,False,False,,
frame_000094.jpg,32.55985918261903,32.90018217599874,94,True,0.5856926317526707,0.023825169392076597,0.03330752550640583,2.9284631587633534,True,False,False,True,True,0.2,0.12,0.18,False,False,True,True,True,32.55985918261903,32.90018217599874,32.55985918261903,32.90018217599874,False,False,True,True,0.5369747994147323,0.9818893254388142,0.5369747994147323,False,both,left,none,none,0,moving_average,4,2.0,peak,12,-1,-1,12,False,0.5029742927217833,False,False,False,False,False,False,False,,
frame_000095.jpg,32.38125352868801,31.97214733343498,95,True,0.7087166865936133,0.024858099685798468,0.028942734895595686,3.543583432968066,True,False,False,True,True,0.2,0.12,0.18,False,False,True,True,True,32.38125352868801,31.97214733343498,32.38125352868801,31.97214733343498,False,False,True,True,0.4037805174411913,0.8561533356417709,0.4037805174411913,False,both,left,none,none,0,moving_average,4,2.0,peak,12,-1,-1,12,False,0.410083561366138,False,False,False,False,False,False,False,,
frame_000096.jpg,32.22800390202688,31.931012119918588,96,True,0.4278954021085816,0.0003805347712883107,0.023157837475386224,2.139477010542908,True,False,False,True,True,0.2,0.12,0.18,False,False,True,True,True,32.22800390202688,31.931012119918588,32.22800390202688,31.931012119918588,False,False,True,True,0.2894953672424906,0.8505800785292387,0.2894953672424906,False,both,left,none,none,0,moving_average,4,2.0,peak,12,-1,-1,12,False,0.26898743499593786,False,False,False,False,False,False,False,,
frame_000097.jpg,31.99225450295668,31.78834981797128,97,True,0.16106520308324035,0.033179731041933926,0.008865957278465918,0.8053260154162017,False,False,False,False,True,0.2,0.12,0.18,False,False,True,True,True,31.99225450295668,31.78834981797128,31.99225450295668,31.78834981797128,False,False,True,True,0.11368642030413177,0.8312512937472847,0.11368642030413177,False,both,left,none,none,0,moving_average,4,2.0,peak,12,-1,-1,12,False,0.20918734231288774,False,False,False,False,False,False,False,,
frame_000098.jpg,32.14068836701884,31.64217151151773,98,True,0.12368814868811141,0.007464973318436395,0.01804068473560143,0.618440743440557,False,False,False,False,False,0.2,0.12,0.18,False,False,True,True,True,32.14068836701884,31.64217151151773,32.14068836701884,31.64217151151773,False,False,False,False,0.22438023939204094,0.811446138589514,0.22438023939204094,False,both,left,none,none,0,moving_average,4,2.0,peak,12,-1,-1,12,False,0.19037054594906963,False,False,False,False,False,False,False,,
frame_000099.jpg,32.152307269191375,31.734128396587653,99,True,0.06683880511479676,0.05456676387439943,0.012497417855599803,0.45472303228666194,False,False,False,False,False,0.2,0.12,0.18,False,False,True,True,True,32.152307269191375,31.734128396587653,32.152307269191375,31.734128396587653,False,False,False,False,0.23304497815103623,0.8239050349936383,0.23304497815103623,False,both,left,none,none,0,moving_average,4,2.0,peak,12,-1,-1,12,False,0.2757939590445788,True,False,False,False,False,False,False,5,
frame_000100.jpg,32.3358977359291,31.766175931948084,100,True,0.19575987909776396,0.10869791056582492,0.02867987320652558,0.9787993954888198,False,False,False,False,True,0.2,0.12,0.18,False,False,True,True,True,32.3358977359291,31.766175931948084,32.3358977359291,31.766175931948084,False,False,True,True,0.3699566595906593,0.8282470363865683,0.3699566595906593,False,both,left,none,none,0,moving_average,4,2.0,peak,12,-1,-1,12,False,0.23255512678479792,False,False,False,False,False,False,False,,
frame_000101.jpg,31.96674621732868,32.00499963063641,101,True,0.444466943045548,0.03676708188868639,0.0534451628690477,2.2223347152277397,True,False,False,True,True,0.2,0.12,0.18,False,False,True,True,True,31.96674621732868,32.00499963063641,31.96674621732868,32.00499963063641,False,False,True,True,0.09466374261269822,0.8606043712239236,0.09466374261269822,False,both,left,none,none,0,moving_average,4,2.0,peak,12,-1,-1,12,False,0.18611594022883687,False,False,False,False,False,False,False,,
frame_000102.jpg,31.9654906620528,31.982020328444424,102,True,0.5612391059143472,0.01040592394736455,0.012511701342449048,2.806195529571736,True,False,False,True,True,0.2,0.12,0.18,False,False,True,True,True,31.9654906620528,31.982020328444424,31.9654906620528,31.982020328444424,False,False,True,True,0.09372741848315305,0.8574909910215456,0.09372741848315305,False,both,left,none,none,0,moving_average,4,2.0,peak,12,-1,-1,12,False,0.07783262804803648,False,False,False,False,False,False,False,,
frame_000103.jpg,31.900293185298843,31.99757633775352,103,True,0.4171824808913261,0.009362501414903872,0.004766935202144587,2.0859124044566304,True,False,False,True,True,0.2,0.12,0.18,False,False,True,True,True,31.900293185298843,31.99757633775352,31.900293185298843,31.99757633775352,False,False,True,True,0.04510672304825816,0.8595986168757301,0.04510672304825816,False,both,left,none,none,0,moving_average,4,2.0,peak,12,-1,-1,12,False,0.1746433846702731,False,False,False,False,False,False,False,,
frame_000104.jpg,32.35619871268818,32.067589598323366,104,True,0.27686088167921685,0.06441442046847984,0.023582849531181393,1.3843044083960843,True,False,False,True,True,0.2,0.12,0.18,False,False,True,True,True,32.35619871268818,32.067589598323366,32.35619871268818,32.067589598323366,False,False,True,True,0.3850960124794081,0.869084453196647,0.3850960124794081,False,both,left,none,none,0,moving_average,4,2.0,peak,12,-1,-1,12,False,0.1434009118425554,False,False,False,False,False,False,False,,
frame_000105.jpg,31.839807737670395,31.919723911456668,105,True,0.17915540395917398,0.011859731137515117,0.021114274484616804,0.8957770197958699,False,False,False,False,True,0.2,0.12,0.18,False,False,True,True,True,31.839807737670395,31.919723911456668,31.839807737670395,31.919723911456668,False,False,True,True,0.0,0.8490506811414489,0.0,False,both,left,none,none,0,moving_average,4,2.0,peak,12,-1,-1,12,False,0.13303420852892173,False,False,False,False,False,False,False,,
frame_000106.jpg,31.858589777382093,31.89737865640951,106,True,0.0810700499977427,0.003215653433564095,0.016453212946852563,0.4053502499887135,False,False,False,False,False,0.2,0.12,0.18,False,False,True,True,True,31.858589777382093,31.89737865640951,31.858589777382093,31.89737865640951,False,False,False,False,0.014006613107357062,0.8460232056289348,0.014006613107357062,False,both,left,none,none,0,moving_average,4,2.0,peak,12,-1,-1,12,False,0.0343906458897768,False,False,False,False,False,False,False,,
frame_000107.jpg,31.95937316394392,31.900123506352045,107,True,0.01006809139764025,0.0007670614824280377,0.007973100848163,0.05034045698820125,False,False,False,False,False,0.2,0.12,0.18,False,False,True,True,True,31.95937316394392,31.900123506352045,31.95937316394392,31.900123506352045,False,False,False,False,0.08916532456197335,0.8463950951405566,0.08916532456197335,False,both,left,none,none,0,moving_average,4,2.0,peak,12,-1,-1,12,False,0.15046488940277233,False,False,False,False,False,False,False,,
frame_000108.jpg,32.306753822592526,32.04208790880632,108,True,0.023453558509997065,0.020809166052845895,0.0061118353811960464,0.17340971710704914,False,False,False,False,False,0.2,0.12,0.18,False,False,True,True,True,32.306753822592526,32.04208790880632,32.306753822592526,32.04208790880632,False,False,False,False,0.3482227305389866,0.8656293241154326,0.3482227305389866,False,both,left,none,none,0,moving_average,4,2.0,peak,12,-1,-1,12,False,0.29685109538112076,False,False,False,False,False,False,False,,
frame_000109.jpg,32.44747550861274,32.32221757478828,109,True,0.016209375754319244,0.00798899141310256,0.003381615621370758,0.08104687877159622,False,False,False,False,False,0.2,0.12,0.18,False,False,True,True,True,32.44747550861274,32.32221757478828,32.44747550861274,32.32221757478828,False,False,False,False,0.45316523104240247,0.9035830508596276,0.45316523104240247,False,both,left,none,none,0,moving_average,4,2.0,peak,12,-1,-1,12,False,0.5271782012715761,False,False,False,False,False,False,False,,
frame_000110.jpg,32.8859382406739,32.71730330615039,110,True,0.07549193439944216,0.010717558718832964,0.011048549427359628,0.37745967199721076,False,False,False,False,False,0.2,0.12,0.18,False,False,True,True,True,32.8859382406739,32.71730330615039,32.8859382406739,32.71730330615039,False,False,False,False,0.7801466422333394,0.9571117474226456,0.7801466422333394,False,both,left,none,none,0,moving_average,4,2.0,peak,12,-1,-1,12,False,0.6262032870455014,False,False,False,False,False,False,False,,
frame_000111.jpg,32.70511417120885,32.719446500510564,111,True,0.04595495671327623,0.002254016280647445,0.0077559107360261614,0.22977478356638112,False,False,False,False,False,0.2,0.12,0.18,False,False,True,True,True,32.70511417120885,32.719446500510564,32.70511417120885,32.719446500510564,False,False,False,False,0.6452979878607628,0.9574021208567499,0.6452979878607628,False,both,left,none,none,0,moving_average,4,2.0,peak,12,-1,-1,12,False,0.698532158049372,False,False,False,False,False,False,False,,
frame_000112.jpg,32.73844172230436,32.75016472856734,112,True,0.02143100369948491,0.010030797504730144,0.009811200993522097,0.10715501849742455,False,False,False,False,False,0.2,0.12,0.18,False,False,True,True,True,32.73844172230436,32.75016472856734,32.73844172230436,32.75016472856734,False,False,False,False,0.6701518440540138,0.9615640193463153,0.6701518440540138,False,both,left,none,none,0,moving_average,4,2.0,peak,12,-1,-1,12,False,0.6737465109412741,False,False,False,False,False,False,False,,
frame_000113.jpg,32.78622998043362,32.80436229671712,113,True,0.0264853541011451,0.00832736800265372,0.013854665161327346,0.1324267705057255,False,False,False,False,False,0.2,0.12,0.18,False,False,True,True,True,32.78622998043362,32.80436229671712,32.78622998043362,32.80436229671712,False,False,False,False,0.7057897009090457,0.9689070463140096,0.7057897009090457,False,both,left,none,none,0,moving_average,4,2.0,peak,12,-1,-1,12,False,0.7824191036378908,False,False,False,False,False,False,False,,
frame_000114.jpg,33.14228472827857,33.01134877188684,114,True,0.048848057587060977,0.01652810124951648,0.023379541645484406,0.24424028793530486,False,False,False,False,False,0.2,0.12,0.18,False,False,True,True,True,33.14228472827857,33.01134877188684,33.14228472827857,33.01134877188684,False,False,False,False,0.971315765950613,0.9969508741278097,0.971315765950613,False,both,left,none,none,0,moving_average,4,2.0,peak,12,-1,-1,12,False,0.8799456605518234,False,False,False,False,False,False,False,,
frame_000115.jpg,33.13077375522256,33.00399621667476,115,True,0.0025715093408118254,0.000782107388515649,0.004092339501512503,0.02273521945284724,False,False,False,False,False,0.2,0.12,0.18,False,False,True,True,True,33.13077375522256,33.00399621667476,33.13077375522256,33.00399621667476,False,False,False,False,0.9627315147958116,0.9959547037635867,0.9627315147958116,False,both,left,none,none,0,moving_average,4,2.0,peak,12,-1,-1,12,False,0.9780157602488082,True,False,False,False,False,False,False,6,
frame_000116.jpg,33.18074858951939,32.977680317985026,116,True,0.005773328206859194,0.0004892023377140366,0.021388360437844995,0.11882422465469442,False,False,False,False,False,0.2,0.12,0.18,False,False,True,True,True,33.18074858951939,32.977680317985026,33.18074858951939,32.977680317985026,False,False,False,False,1.0,0.9923892605093108,1.0,False,both,left,none,none,0,moving_average,4,2.0,peak,12,-1,-1,12,False,0.9743882869949545,False,False,False,False,False,False,False,,
frame_000117.jpg,33.12769204705332,32.96856860098083,117,True,0.007010596780662344,0.013176695811677665,0.0006790597705161106,0.10980579843064721,False,False,False,False,False,0.2,0.12,0.18,False,False,True,True,True,33.12769204705332,32.96856860098083,33.12769204705332,32.96856860098083,False,False,False,False,0.9604333461890523,0.991154747855553,0.9604333461890523,False,both,left,none,none,0,moving_average,4,2.0,peak,12,-1,-1,12,False,0.9770788385725486,False,False,False,False,False,False,False,,
frame_000118.jpg,33.14159736679577,32.96307310404439,118,True,0.009548761666008636,0.00022907243985351752,0.003460960476222914,0.04774380833004318,False,False,False,False,False,0.2,0.12,0.18,False,False,True,True,True,33.14159736679577,32.96307310404439,33.14159736679577,32.96307310404439,False,False,False,False,0.9708031695285941,0.9904101834113764,0.9708031695285941,False,both,left,none,none,0,moving_average,4,2.0,peak,12,-1,-1,12,False,0.9490812531206274,False,False,False,False,False,False,False,,
frame_000119.jpg,33.068119271262546,32.89486269411042,119,True,0.026149941764641544,0.00276241626290289,0.012070034757090384,0.13074970882320772,False,False,False,False,False,0.2,0.12,0.18,False,False,True,True,True,33.068119271262546,32.89486269411042,33.068119271262546,32.89486269411042,False,False,False,False,0.916007243644236,0.9811686086189728,0.916007243644236,False,both,left,none,none,0,moving_average,4,2.0,peak,12,-1,-1,12,False,0.8628128273027644,False,False,False,False,False,False,False,,
frame_000120.jpg,32.78064947784169,32.3766797703932,120,True,0.0026422825590411893,0.0028378919762564432,0.024488829188154534,0.13604905104530296,False,False,False,False,False,0.2,0.12,0.18,False,False,True,True,True,32.78064947784169,32.3766797703932,32.78064947784169,32.3766797703932,False,False,False,False,0.7016280687354635,0.9109619312171658,0.7016280687354635,False,both,left,none,none,0,moving_average,4,2.0,peak,12,-1,-1,12,False,0.7477566918123749,False,False,False,False,False,False,False,,
frame_000121.jpg,32.67874694979096,32.30474746205918,121,True,0.006482734142451749,0.009813225720280648,0.0023171485948543877,0.08177688100233874,False,False,False,False,False,0.2,0.12,0.18,False,False,True,True,True,32.67874694979096,32.30474746205918,32.67874694979096,32.30474746205918,False,False,False,False,0.6256347630574255,0.9012160902509171,0.6256347630574255,False,both,left,none,none,0,moving_average,4,2.0,peak,12,-1,-1,12,False,0.6015831532825697,False,False,False,False,False,False,False,,
frame_000122.jpg,32.48008906344073,32.22316703224802,122,True,0.020784430552891652,0.0657981383847217,0.019900386622171477,0.5483178198726809,False,False,False,False,False,0.2,0.12,0.18,False,False,True,True,True,32.48008906344073,32.22316703224802,32.48008906344073,32.22316703224802,False,False,False,False,0.47748662805482045,0.8901630611835629,0.47748662805482045,False,both,left,none,none,0,moving_average,4,2.0,peak,12,-1,-1,12,False,0.5268693397223554,False,False,False,False,False,False,False,,
frame_000123.jpg,32.48008906344073,32.22316703224802,123,True,0.0,0.0,0.0,0.0,False,False,False,False,False,0.2,0.12,0.18,False,False,True,True,True,32.48008906344073,32.22316703224802,32.48008906344073,32.22316703224802,False,False,False,False,0.47748662805482045,0.8901630611835629,0.47748662805482045,False,both,left,none,none,0,moving_average,4,2.0,peak,12,-1,-1,12,False,0.4915109115905343,False,False,False,False,False,False,False,,
frame_000124.jpg,32.536506267573586,32.20384204436902,124,True,0.09975769371894709,0.04615649799577563,0.03520172534551079,0.4987884685947354,False,False,False,False,False,0.2,0.12,0.18,False,False,True,True,True,32.536506267573586,32.20384204436902,32.536506267573586,32.20384204436902,False,False,False,False,0.5195594786619622,0.8875447904383938,0.5195594786619622,False,both,left,none,none,0,moving_average,4,2.0,peak,12,-1,-1,12,False,0.47651892934137624,False,False,False,False,False,False,False,,
frame_000125.jpg,32.419778979096456,32.197135466354496,125,True,0.14208943855856476,0.027303379118963113,0.048107543100853245,0.7104471927928238,False,False,False,False,False,0.2,0.12,0.18,False,False,True,True,True,32.419778979096456,32.197135466354496,32.419778979096456,32.197135466354496,False,False,False,False,0.43251068130734616,0.8866361411225152,0.43251068130734616,False,both,left,none,none,0,moving_average,4,2.0,peak,12,-1,-1,12,False,0.46152694709221814,False,False,False,False,False,False,False,,
frame_000126.jpg,32.419778979096456,32.197135466354496,126,True,0.0,0.0,0.0,0.0,False,False,False,False,True,0.2,0.12,0.18,False,False,True,True,True,32.419778979096456,32.197135466354496,32.419778979096456,32.197135466354496,False,False,True,True,0.43251068130734616,0.8866361411225152,0.43251068130734616,False,both,left,none,none,0,moving_average,4,2.0,peak,12,-1,-1,12,False,0.3855503411418272,False,False,False,False,False,False,False,,
frame_000127.jpg,32.23086586346245,32.252189393177005,127,True,0.24484420791378797,0.02513697534599873,0.0035226675622394704,1.2242210395689397,True,False,False,True,True,0.2,0.12,0.18,False,False,True,True,True,32.23086586346245,32.252189393177005,32.23086586346245,32.252189393177005,False,False,True,True,0.2916296608107894,0.8940951929422928,0.2916296608107894,False,both,left,none,none,0,moving_average,4,2.0,peak,12,-1,-1,12,False,0.3064069473099684,False,False,False,False,False,False,False,,
frame_000128.jpg,32.10139914926712,32.2085663102192,128,True,0.0505768629658986,0.03307042573054252,0.006003679506403115,0.27558688108785434,False,False,False,False,True,0.2,0.12,0.18,False,False,True,True,True,32.10139914926712,32.2085663102192,32.10139914926712,32.2085663102192,False,False,True,True,0.19508049981176975,0.8881848636506189,0.19508049981176975,False,both,left,none,none,0,moving_average,4,2.0,peak,12,-1,-1,12,False,0.22726355347810964,False,False,False,False,False,False,False,,
frame_000129.jpg,32.10139914926712,32.2085663102192,129,True,0.0,0.0,0.0,0.0,False,False,False,False,False,0.2,0.12,0.18,False,False,True,True,True,32.10139914926712,32.2085663102192,32.10139914926712,32.2085663102192,False,False,False,False,0.19508049981176975,0.8881848636506189,0.19508049981176975,False,both,left,none,none,0,moving_average,4,2.0,peak,12,-1,-1,12,False,0.1918579060227434,False,False,False,False,False,False,False,,
frame_000130.jpg,32.088435226285256,32.240784957953345,130,True,0.03195043393908399,0.003805996932363793,0.000922237094867117,0.15975216969541994,False,False,False,False,False,0.2,0.12,0.18,False,False,True,True,True,32.088435226285256,32.240784957953345,32.088435226285256,32.240784957953345,False,False,False,False,0.18541271844469073,0.8925500484227596,0.18541271844469073,False,both,left,none,none,0,moving_average,4,2.0,peak,12,-1,-1,12,False,0.328041207859023,False,False,False,False,False,False,False,,
frame_000131.jpg,32.649240407582965,32.30499490978469,131,True,0.03032428650704933,0.08937878815348203,0.007854761092358137,0.7448232346123503,False,False,False,False,False,0.2,0.12,0.18,False,False,True,True,True,32.649240407582965,32.30499490978469,32.649240407582965,32.30499490978469,False,False,False,False,0.6036304053206086,0.9012496160230784,0.6036304053206086,False,both,left,none,none,0,moving_average,4,2.0,peak,12,-1,-1,12,False,0.50614720960125,False,False,False,False,False,False,False,,
frame_000132.jpg,32.81788799035404,32.3783679250434,132,True,0.05024953301008524,0.03816927478254272,0.006927787216597533,0.3180772898545227,False,False,False,False,False,0.2,0.12,0.18,False,False,True,True,True,32.81788799035404,32.3783679250434,32.81788799035404,32.3783679250434,False,False,False,False,0.7293985050384506,0.9111906530130917,0.7293985050384506,False,both,left,none,none,0,moving_average,4,2.0,peak,12,-1,-1,12,False,0.7616983113069634,False,False,False,False,False,False,False,,
frame_000133.jpg,33.11647196232188,32.68575381780129,133,True,0.09045458100823561,0.026372394842727496,0.01149002786078673,0.45227290504117806,False,False,False,False,False,0.2,0.12,0.18,False,False,True,True,True,33.11647196232188,32.68575381780129,33.11647196232188,32.68575381780129,False,False,False,False,0.9520660235618312,0.9528372245672261,0.9520660235618312,False,both,left,none,none,0,moving_average,4,2.0,peak,12,-1,-1,12,False,0.877843517387371,False,False,False,False,False,False,False,,
frame_000134.jpg,33.11647196232188,32.68575381780129,134,True,0.0,0.0,0.0,0.0,False,False,False,False,False,0.2,0.12,0.18,False,False,True,True,True,33.11647196232188,32.68575381780129,33.11647196232188,32.68575381780129,False,False,False,False,0.9520660235618312,0.9528372245672261,0.9520660235618312,False,both,left,none,none,0,moving_average,4,2.0,peak,12,-1,-1,12,False,0.9574307195007027,False,False,False,False,False,False,False,,
frame_000135.jpg,33.138053182148425,32.876833335603514,135,True,0.0296097180130419,0.007771676250780492,0.004776241808962228,0.14804859006520948,False,False,False,False,False,0.2,0.12,0.18,False,False,True,True,True,33.138053182148425,32.876833335603514,33.138053182148425,32.876833335603514,False,False,False,False,0.9681601113784459,0.9787258778794574,0.9681601113784459,False,both,left,none,none,0,moving_average,4,2.0,peak,12,-1,-1,12,False,0.9528320804641154,False,False,False,False,False,False,False,,
frame_000136.jpg,33.09797245348068,32.883638926050324,136,True,0.019223987205390376,0.019453474864198777,6.689406632030912e-05,0.16211229053498982,False,False,False,False,False,0.2,0.12,0.18,False,False,True,True,True,33.09797245348068,32.883638926050324,33.09797245348068,32.883638926050324,False,False,False,False,0.9382701064520692,0.9796479420215956,0.9382701064520692,False,both,left,none,none,0,moving_average,4,2.0,peak,12,-1,-1,12,False,0.9482334414275281,False,False,False,False,False,False,False,,
frame_000137.jpg,33.09797245348068,32.883638926050324,137,True,0.0,0.0,0.0,0.0,False,False,False,False,False,0.2,0.12,0.18,False,False,True,True,True,33.09797245348068,32.883638926050324,33.09797245348068,32.883638926050324,False,False,False,False,0.9382701064520692,0.9796479420215956,0.9382701064520692,False,both,left,none,none,0,moving_average,4,2.0,peak,12,-1,-1,12,False,0.9322563461006075,False,False,False,False,False,False,False,,
frame_000138.jpg,33.073780162695165,32.911057107752775,138,True,0.03381025284077693,0.01052752677360677,0.00606063600743785,0.16905126420388467,False,False,False,False,False,0.2,0.12,0.18,False,False,True,True,True,33.073780162695165,32.911057107752775,33.073780162695165,32.911057107752775,False,False,False,False,0.9202288253976842,0.983362729502278,0.9202288253976842,False,both,left,none,none,0,moving_average,4,2.0,peak,12,-1,-1,12,False,0.9350216833238265,False,False,False,False,False,False,False,,
frame_000139.jpg,33.10909691443594,32.94667541783853,139,True,0.08630353377234079,0.02937401030037485,0.0014610477699729622,0.43151766886170395,False,False,False,False,False,0.2,0.12,0.18,False,False,True,True,True,33.10909691443594,32.94667541783853,33.10909691443594,32.94667541783853,False,False,False,False,0.9465661181217259,0.9881885218843376,0.9465661181217259,False,both,left,none,none,0,moving_average,4,2.0,peak,12,-1,-1,12,False,0.9377870205470453,False,False,False,False,False,False,False,,
frame_000140.jpg,33.10909691443594,32.94667541783853,140,True,0.0,0.0,0.0,0.0,False,False,False,False,False,0.2,0.12,0.18,False,False,True,True,True,33.10909691443594,32.94667541783853,33.10909691443594,32.94667541783853,False,False,False,False,0.9465661181217259,0.9881885218843376,0.9465661181217259,False,both,left,none,none,0,moving_average,4,2.0,peak,12,-1,-1,12,False,0.9581688042017822,False,False,False,False,False,False,False,,
frame_000141.jpg,33.15577246170372,32.9373113912237,141,True,0.05931658879149294,0.02965588231711171,0.020521903549093792,0.29658294395746465,False,False,False,False,False,0.2,0.12,0.18,False,False,True,True,True,33.15577246170372,32.9373113912237,33.15577246170372,32.9373113912237,False,False,False,False,0.981374176361895,0.9869198247396825,0.981374176361895,False,both,left,none,none,0,moving_average,4,2.0,peak,12,-1,-1,12,False,0.9592768334782165,True,False,False,False,False,False,False,7,
frame_000142.jpg,33.113554319601384,32.97569891448295,142,True,0.023957626074190268,0.009200569296728139,0.0061772511162334134,0.11978813037095133,False,False,False,False,False,0.2,0.12,0.18,False,False,True,True,True,33.113554319601384,32.97569891448295,33.113554319601384,32.97569891448295,False,False,False,False,0.9498902059510289,0.9921208075169285,0.9498902059510289,False,both,left,none,none,0,moving_average,4,2.0,peak,12,-1,-1,12,False,0.938205514533315,False,False,False,False,False,False,False,,
frame_000143.jpg,33.02433073730926,32.97982886282894,143,True,0.036507191775732584,0.014540647353267822,0.001412635408914776,0.18253595887866292,False,False,False,False,False,0.2,0.12,0.18,False,False,True,True,True,33.02433073730926,32.97982886282894,33.02433073730926,32.97982886282894,False,False,False,False,0.8833521612870213,0.9926803588605605,0.8833521612870213,False,both,left,none,none,0,moving_average,4,2.0,peak,12,-1,-1,12,False,0.871070521444276,False,False,False,False,False,False,False,,
frame_000144.jpg,32.88570029723864,32.90823282871787,144,True,0.04675672035152294,0.003517108960556539,0.005928190426226599,0.23378360175761467,False,False,False,False,False,0.2,0.12,0.18,False,False,True,True,True,32.88570029723864,32.90823282871787,32.88570029723864,32.90823282871787,False,False,False,False,0.779969197094778,0.9829800784382988,0.779969197094778,False,both,left,none,none,0,moving_average,4,2.0,peak,12,-1,-1,12,False,0.7941281196580471,False,False,False,False,False,False,False,,
frame_000145.jpg,32.804028690217784,32.62247719753771,145,True,0.03862503079249343,0.0019718856359538244,0.006376268760517941,0.19312515396246713,False,False,False,False,False,0.2,0.12,0.18,False,False,True,True,True,32.804028690217784,32.62247719753771,32.804028690217784,32.62247719753771,False,False,False,False,0.7190630005923422,0.9442641105903054,0.7190630005923422,False,both,left,none,none,0,moving_average,4,2.0,peak,12,-1,-1,12,False,0.7242083180480505,False,False,False,False,False,False,False,,
frame_000146.jpg,32.7430557823132,32.5118019105457,146,True,0.017347149638866608,0.001934207594586254,0.0031237783667919447,0.08673574819433304,False,False,False,False,False,0.2,0.12,0.18,False,False,True,True,True,32.7430557823132,32.5118019105457,32.7430557823132,32.5118019105457,False,False,False,False,0.6735927564570318,0.9292691275166429,0.6735927564570318,False,both,left,none,none,0,moving_average,4,2.0,peak,12,-1,-1,12,False,0.6497460836062776,False,False,False,False,False,False,False,,
frame_000147.jpg,32.58615194098985,32.37988823045585,147,True,0.034666088825876545,0.022445456876417302,3.244093845739676e-06,0.1870454739701442,False,False,False,False,False,0.2,0.12,0.18,False,False,True,True,True,32.58615194098985,32.37988823045585,32.58615194098985,32.37988823045585,False,False,False,False,0.5565824937694589,0.9113966335399649,0.5565824937694589,False,both,left,none,none,0,moving_average,4,2.0,peak,12,-1,-1,12,False,0.6008024753045974,False,False,False,False,False,False,False,,
frame_000148.jpg,32.60713723879193,32.3132059184515,148,True,0.006965904308259905,0.006576744607825296,0.0012121561830692115,0.0548062050652108,False,False,False,False,False,0.2,0.12,0.18,False,False,True,True,True,32.60713723879193,32.3132059184515,32.60713723879193,32.3132059184515,False,False,False,False,0.5722321756873016,0.9023620950536088,0.5722321756873016,False,both,left,none,none,0,moving_average,4,2.0,peak,12,-1,-1,12,False,0.5380722491225508,False,False,False,False,False,False,False,,
frame_000149.jpg,32.4907032135135,32.19520666937981,149,True,0.010999377328528265,0.019526805180512367,0.0032370269456229593,0.16272337650426974,False,False,False,False,False,0.2,0.12,0.18,False,False,True,True,True,32.4907032135135,32.19520666937981,32.4907032135135,32.19520666937981,False,False,False,False,0.4854020779108921,0.8863748155929047,0.4854020779108921,False,both,left,none,none,0,moving_average,4,2.0,peak,12,-1,-1,12,False,0.4985382981347496,False,False,False,False,False,False,False,,
frame_000150.jpg,32.427113871246235,32.056650103643804,150,True,0.014441998697327851,0.007165427339769737,0.007129694632694465,0.07220999348663926,False,False,False,False,False,0.2,0.12,0.18,False,False,True,True,True,32.427113871246235,32.056650103643804,32.427113871246235,32.056650103643804,False,False,False,False,0.4379806408060551,0.8676023017424901,0.4379806408060551,False,both,left,none,none,0,moving_average,4,2.0,peak,12,-1,-1,12,False,0.43140061591779233,False,False,False,False,False,False,False,,
frame_000151.jpg,32.33705425644241,32.063816700801496,151,True,0.05227255621241783,0.011279116688398223,0.018024461869976798,0.26136278106208916,False,False,False,False,False,0.2,0.12,0.18,False,False,True,True,True,32.33705425644241,32.063816700801496,32.33705425644241,32.063816700801496,False,False,False,False,0.37081912903642983,0.8685732773414339,0.37081912903642983,False,both,left,none,none,0,moving_average,4,2.0,peak,12,-1,-1,12,False,0.4507542111896351,False,False,False,False,False,False,False,,
frame_000152.jpg,32.568559293103995,32.03173713299832,152,True,0.08226190359990582,0.004401635829788167,0.02121165240354188,0.4113095179995291,False,False,False,False,False,0.2,0.12,0.18,False,False,True,True,True,32.568559293103995,32.03173713299832,32.568559293103995,32.03173713299832,False,False,False,False,0.5434628637264205,0.8642269359919535,0.5434628637264205,False,both,left,none,none,0,moving_average,4,2.0,peak,12,-1,-1,12,False,0.5194366299791601,False,False,False,False,False,False,False,,
frame_000153.jpg,32.70341105472226,32.24267964109938,153,True,0.09605568075495728,0.009372497010837689,0.0013821563597197044,0.48027840377478637,False,False,False,False,False,0.2,0.12,0.18,False,False,True,True,True,32.70341105472226,32.24267964109938,32.70341105472226,32.24267964109938,False,False,False,False,0.6440278971746299,0.8928067519965827,0.6440278971746299,False,both,left,none,none,0,moving_average,4,2.0,peak,12,-1,-1,12,False,0.649883355627895,False,False,False,False,False,False,False,,
frame_000154.jpg,32.86181828667939,32.44060652282458,154,True,0.05526724316743618,0.018462358266637106,0.0075715182856350835,0.2763362158371809,False,False,False,False,False,0.2,0.12,0.18,False,False,True,True,True,32.86181828667939,32.44060652282458,32.86181828667939,32.44060652282458,False,False,False,False,0.7621593059826347,0.919623129183898,0.7621593059826347,False,both,left,none,none,0,moving_average,4,2.0,peak,12,-1,-1,12,False,0.7662342308229027,False,False,False,False,False,False,False,,
frame_000155.jpg,33.036618218196104,32.41081848392992,155,True,0.00894543802236883,0.011450938271102367,0.00265845249512979,0.09542448559251973,False,False,False,False,False,0.2,0.12,0.18,False,False,True,True,True,33.036618218196104,32.41081848392992,33.036618218196104,32.41081848392992,False,False,False,False,0.8925154893114433,0.9155872585648751,0.8925154893114433,False,both,left,none,none,0,moving_average,4,2.0,peak,12,-1,-1,12,False,0.8507690900722653,False,False,False,False,False,False,False,,
frame_000156.jpg,33.043479793240586,32.399685563661635,156,True,0.0068891238235399615,0.022443736748325057,0.009323808490227539,0.18703113956937548,False,False,False,False,False,0.2,0.12,0.18,False,False,True,True,True,33.043479793240586,32.399685563661635,33.043479793240586,32.399685563661635,False,False,False,False,0.8976324749227182,0.9140789005969806,0.8976324749227182,False,both,left,none,none,0,moving_average,4,2.0,peak,12,-1,-1,12,False,0.8977301831848263,False,False,False,False,False,False,False,,
frame_000157.jpg,33.05073443128574,32.42169167207457,157,True,0.0172463102447264,0.003276766393118439,0.003303092648440916,0.08623155122363199,False,False,False,False,False,0.2,0.12,0.18,False,False,True,True,True,33.05073443128574,32.42169167207457,33.05073443128574,32.42169167207457,False,False,False,False,0.9030425853203178,0.9170604263931866,0.9030425853203178,False,both,left,none,none,0,moving_average,4,2.0,peak,12,-1,-1,12,False,0.9084815885387996,True,False,False,False,False,False,False,8,
frame_000158.jpg,33.079869214157895,32.43651888144455,158,True,0.03401367177656155,0.03517076307258328,0.006949920075770549,0.29308969227152737,False,False,False,False,False,0.2,0.12,0.18,False,False,True,True,True,33.079869214157895,32.43651888144455,33.079869214157895,32.43651888144455,False,False,False,False,0.9247697053733628,0.9190693098537598,0.9247697053733628,False,both,left,none,none,0,moving_average,4,2.0,peak,12,-1,-1,12,False,0.9025634593591129,False,False,False,False,False,False,False,,
frame_000159.jpg,33.0196722096899,32.495317690923,159,True,0.04357135284410109,0.004275419480092045,0.0015210749090835227,0.21785676422050543,False,False,False,False,False,0.2,0.12,0.18,False,False,True,True,True,33.0196722096899,32.495317690923,33.0196722096899,32.495317690923,False,False,False,False,0.8798780873836579,0.9270357418987433,0.8798780873836579,False,both,left,none,none,0,moving_average,4,2.0,peak,12,-1,-1,12,False,0.8979599324341,False,False,False,False,False,False,False,,
frame_000160.jpg,33.03221525933673,32.54757371188305,160,True,0.04010645817463177,0.01696719854547399,0.02137413166804875,0.20053229087315885,False,False,False,False,False,0.2,0.12,0.18,False,False,True,True,True,33.03221525933673,32.54757371188305,33.03221525933673,32.54757371188305,False,False,False,False,0.8892320045452794,0.9341157158576033,0.8892320045452794,False,both,left,none,none,0,moving_average,4,2.0,peak,12,-1,-1,12,False,0.8792487713031126,False,False,False,False,False,False,False,,
frame_000161.jpg,33.004597533119686,32.571349463046026,161,True,0.007610260258765558,0.0027245767389832715,0.004147746938378733,0.03805130129382779,False,False,False,False,False,0.2,0.12,0.18,False,False,True,True,True,33.004597533119686,32.571349463046026,33.004597533119686,32.571349463046026,False,False,False,False,0.8686362219804008,0.9373370039693587,0.8686362219804008,False,both,left,none,none,0,moving_average,4,2.0,peak,12,-1,-1,12,False,0.8801949844319061,False,False,False,False,False,False,False,,
frame_000162.jpg,33.023478657206766,32.54009089318131,162,True,0.010051685111545076,0.001968346095069671,0.007348813886510963,0.05025842555772538,False,False,False,False,False,0.2,0.12,0.18,False,False,True,True,True,33.023478657206766,32.54009089318131,33.023478657206766,32.54009089318131,False,False,False,False,0.8827167267700385,0.9331018965775687,0.8827167267700385,False,both,left,none,none,0,moving_average,4,2.0,peak,12,-1,-1,12,False,0.8719056857836296,False,False,False,False,False,False,False,,
frame_000163.jpg,32.99886888176478,32.605060626681464,163,True,0.011065430594432648,0.015170712952430755,0.00572122479945605,0.12642260793692298,False,False,False,False,False,0.2,0.12,0.18,False,False,True,True,True,32.99886888176478,32.605060626681464,32.99886888176478,32.605060626681464,False,False,False,False,0.8643641086004497,0.9419044041708449,0.8643641086004497,False,both,left,none,none,0,moving_average,4,2.0,peak,12,-1,-1,12,False,0.8811592191540318,False,False,False,False,False,False,False,,
frame_000164.jpg,33.041822855880646,32.64758372174316,164,True,0.017820457760256595,0.013975994582904449,0.0005614974929379485,0.11646662152420374,False,False,False,False,False,0.2,0.12,0.18,False,False,True,True,True,33.041822855880646,32.64758372174316,33.041822855880646,32.64758372174316,False,False,False,False,0.8963968220916073,0.947665700192927,0.8963968220916073,False,both,left,none,none,0,moving_average,4,2.0,peak,12,-1,-1,12,False,0.8329270237310218,False,False,False,False,False,False,False,,
frame_000165.jpg,32.82944909355553,32.55299807747885,165,True,0.026337704704443788,0.004967847972661461,0.02180657197487894,0.13168852352221894,False,False,False,False,False,0.2,0.12,0.18,False,False,True,True,True,32.82944909355553,32.55299807747885,32.82944909355553,32.55299807747885,False,False,False,False,0.7380201405010085,0.934850642980948,0.7380201405010085,False,both,left,none,none,0,moving_average,4,2.0,peak,12,-1,-1,12,False,0.7447509900972265,False,False,False,False,False,False,False,,
frame_000166.jpg,32.64415234480408,32.45736545989991,166,True,0.022348668593141604,0.014202708427278795,0.013377536269470067,0.11835590356065663,False,False,False,False,False,0.2,0.12,0.18,False,False,True,True,True,32.64415234480408,32.45736545989991,32.64415234480408,32.45736545989991,False,False,False,False,0.5998360076990635,0.9218937352478813,0.5998360076990635,False,both,left,none,none,0,moving_average,4,2.0,peak,12,-1,-1,12,False,0.6219764673161385,False,False,False,False,False,False,False,,
frame_000167.jpg,32.54792273639037,32.43063754067399,167,True,0.00718952549180188,0.010845951464661475,0.00016275532755000675,0.09038292887217897,False,False,False,False,False,0.2,0.12,0.18,False,False,True,True,True,32.54792273639037,32.43063754067399,32.54792273639037,32.43063754067399,False,False,False,False,0.5280732537483438,0.9182724688633107,0.5280732537483438,False,both,left,none,none,0,moving_average,4,2.0,peak,12,-1,-1,12,False,0.551994171731917,False,False,False,False,False,False,False,,
frame_000168.jpg,32.54792273639037,32.43063754067399,168,True,0.0,0.0,0.0,0.0,False,False,False,False,False,0.2,0.12,0.18,False,False,True,True,True,32.54792273639037,32.43063754067399,32.54792273639037,32.43063754067399,False,False,False,False,0.5280732537483438,0.9182724688633107,0.5280732537483438,False,both,left,none,none,0,moving_average,4,2.0,peak,12,-1,-1,12,False,0.5145308618624554,False,False,False,False,False,False,False,,
frame_000169.jpg,32.49344409685576,32.24538574737186,169,True,0.006043392427456841,0.00497881082731483,0.0037041186353249655,0.04149009022762358,False,False,False,False,False,0.2,0.12,0.18,False,False,True,True,True,32.49344409685576,32.24538574737186,32.49344409685576,32.24538574737186,False,False,False,False,0.4874460780906788,0.8931733922724227,0.4874460780906788,False,both,left,none,none,0,moving_average,4,2.0,peak,12,-1,-1,12,False,0.4672027691596836,False,False,False,False,False,False,False,,
frame_000170.jpg,32.35753021755464,32.0140106894965,170,True,0.008265967190653258,0.01288765821574855,0.005734917085766834,0.1073971517979046,False,False,False,False,False,0.2,0.12,0.18,False,False,True,True,True,32.35753021755464,32.0140106894965,32.35753021755464,32.0140106894965,False,False,False,False,0.38608897564002825,0.8618252460800473,0.38608897564002825,False,both,left,none,none,0,moving_average,4,2.0,peak,12,-1,-1,12,False,0.43643528036840484,False,False,False,False,False,False,False,,
frame_000171.jpg,32.424150588503274,32.01737851436544,171,True,0.016560320468351958,0.014789638251334596,0.004465481463698761,0.12324698542778831,False,False,False,False,False,0.2,0.12,0.18,False,False,True,True,True,32.424150588503274,32.01737851436544,32.424150588503274,32.01737851436544,False,False,False,False,0.4357707873745075,0.8622815401478316,0.4357707873745075,False,both,left,none,none,0,moving_average,4,2.0,peak,12,-1,-1,12,False,0.4192101834630143,False,False,False,False,False,False,False,,
frame_000172.jpg,32.424150588503274,32.01737851436544,172,True,0.0,0.0,0.0,0.0,False,False,False,False,False,0.2,0.12,0.18,False,False,True,True,True,32.424150588503274,32.01737851436544,32.424150588503274,32.01737851436544,False,False,False,False,0.4357707873745075,0.8622815401478316,0.4357707873745075,False,both,left,none,none,0,moving_average,4,2.0,peak,12,-1,-1,12,False,0.4220379807027802,False,False,False,False,False,False,False,,
frame_000173.jpg,32.36890594407328,31.994256216059167,173,True,0.0035267152728948622,0.012111935443624563,0.002183536808559505,0.10093279536353802,False,False,False,False,False,0.2,0.12,0.18,False,False,True,True,True,32.36890594407328,31.994256216059167,32.36890594407328,31.994256216059167,False,False,False,False,0.3945723673593258,0.8591487859336795,0.3945723673593258,False,both,left,none,none,0,moving_average,4,2.0,peak,12,-1,-1,12,False,0.4331303001453318,False,False,False,False,False,False,False,,
frame_000174.jpg,32.4687730213501,31.93430793249876,174,True,0.04252215933323554,0.05224366036568031,0.018858617717762306,0.4353638363806693,False,False,False,False,False,0.2,0.12,0.18,False,False,True,True,True,32.4687730213501,31.93430793249876,32.4687730213501,31.93430793249876,False,False,False,False,0.4690477457021623,0.8510266159198057,0.4690477457021623,False,both,left,none,none,0,moving_average,4,2.0,peak,12,-1,-1,12,False,0.4310533158296205,False,False,False,False,False,False,False,,
frame_000175.jpg,32.41579524915051,32.003851580543646,175,True,0.022064727088119684,0.006380203427485003,0.025342316751843636,0.14079064862135354,False,False,False,False,False,0.2,0.12,0.18,False,False,True,True,True,32.41579524915051,32.003851580543646,32.41579524915051,32.003851580543646,False,False,False,False,0.4295398344273734,0.8604488261860329,0.4295398344273734,False,both,left,none,none,0,moving_average,4,2.0,peak,12,-1,-1,12,False,0.5604794089819937,False,False,False,False,False,False,False,,
frame_000176.jpg,32.889564150882975,32.104689730436775,176,True,0.04717925678972304,0.00025021610373676824,0.013352764357969407,0.2358962839486152,False,False,False,False,False,0.2,0.12,0.18,False,False,True,True,True,32.889564150882975,32.104689730436775,32.889564150882975,32.104689730436775,False,False,False,False,0.7828506468164456,0.8741110121348801,0.7828506468164456,False,both,left,none,none,0,moving_average,4,2.0,peak,12,-1,-1,12,False,0.6870758795668153,False,False,False,False,False,False,False,,
frame_000177.jpg,32.97804815867136,32.18259407503319,177,True,0.016409357202162914,0.006074954535607473,0.00798190015861042,0.08204678601081457,False,False,False,False,False,0.2,0.12,0.18,False,False,True,True,True,32.97804815867136,32.18259407503319,32.97804815867136,32.18259407503319,False,False,False,False,0.8488371574566271,0.8846659820865033,0.8488371574566271,False,both,left,none,none,0,moving_average,4,2.0,peak,12,-1,-1,12,False,0.8195839493796508,False,False,False,False,False,False,False,,
frame_000178.jpg,32.94885170118558,32.45361213974247,178,True,0.026606251381257894,0.029481167548040917,0.028013784778109722,0.24567639623367432,False,False,False,False,False,0.2,0.12,0.18,False,False,True,True,True,32.94885170118558,32.45361213974247,32.94885170118558,32.45361213974247,False,False,False,False,0.82706404386588,0.9213852118569733,0.82706404386588,False,both,left,none,none,0,moving_average,4,2.0,peak,12,-1,-1,12,False,0.8289441044539497,False,False,False,False,False,False,False,,
frame_000179.jpg,32.92721839383928,32.41855576537085,179,True,0.008480738925606877,0.016457858816968988,0.0004260499909691136,0.13714882347474158,False,False,False,False,False,0.2,0.12,0.18,False,False,True,True,True,32.92721839383928,32.41855576537085,32.92721839383928,32.41855576537085,False,False,False,False,0.8109311120393424,0.916635554055188,0.8109311120393424,False,both,left,none,none,0,moving_average,4,2.0,peak,12,-1,-1,12,False,0.8181763135502169,False,False,False,False,False,False,False,,
frame_000180.jpg,32.93473124655041,32.44394455509689,180,True,0.020720856717290646,0.020110503471985057,0.004917364683086654,0.1675875289332088,False,False,False,False,False,0.2,0.12,0.18,False,False,True,True,True,32.93473124655041,32.44394455509689,32.93473124655041,32.44394455509689,False,False,False,False,0.8165337847454286,0.920075386763553,0.8165337847454286,False,both,left,none,none,0,moving_average,4,2.0,peak,12,-1,-1,12,False,0.8152398896748507,False,False,False,False,False,False,False,,
frame_000181.jpg,32.93703898898711,32.5707791988218,181,True,0.02358125623879176,0.0019662127726724214,0.0010823387441559196,0.1179062811939588,False,False,False,False,False,0.2,0.12,0.18,False,False,True,True,True,32.93703898898711,32.5707791988218,32.93703898898711,32.5707791988218,False,False,False,False,0.8182547722397813,0.9372597409902227,0.8182547722397813,False,both,left,none,none,0,moving_average,4,2.0,peak,12,-1,-1,12,False,0.8132621963893456,False,False,False,False,False,False,False,,
frame_000182.jpg,32.9192624846824,32.53298425753301,182,True,0.005624984047287174,0.0014055700208150828,0.005527198677662194,0.030706659320345525,False,False,False,False,False,0.2,0.12,0.18,False,False,True,True,True,32.9192624846824,32.53298425753301,32.9192624846824,32.53298425753301,False,False,False,False,0.804998032182827,0.9321390449405577,0.804998032182827,False,both,left,none,none,0,moving_average,4,2.0,peak,12,-1,-1,12,False,0.8348333736297358,False,False,False,False,False,False,False,,
frame_000183.jpg,33.02150826490276,32.53848198043179,183,True,0.008007006470122684,0.008382473803575926,0.00014856267901049158,0.06985394836313272,False,False,False,False,False,0.2,0.12,0.18,False,False,True,True,True,33.02150826490276,32.53848198043179,33.02150826490276,32.53848198043179,False,False,False,False,0.881247316466599,0.9328839109720942,0.881247316466599,False,both,left,none,none,0,moving_average,4,2.0,peak,12,-1,-1,12,False,0.863385520606742,False,False,False,False,False,False,False,,
frame_000184.jpg,33.051899209855506,32.53787337470996,184,True,0.004083093570756506,0.010941256452658515,0.004256294463039326,0.09117713710548762,False,False,False,False,False,0.2,0.12,0.18,False,False,True,True,True,33.051899209855506,32.53787337470996,33.051899209855506,32.53787337470996,False,False,False,False,0.9039112131708005,0.9328014532460255,0.9039112131708005,False,both,left,none,none,0,moving_average,4,2.0,peak,12,-1,-1,12,False,0.9068557806154713,False,False,False,False,False,False,False,,
frame_000185.jpg,33.09413562714101,32.58044899515421,185,True,0.017656923598415506,0.008589922226249663,0.0025068056480150864,0.08828461799207753,False,False,False,False,False,0.2,0.12,0.18,False,False,True,True,True,33.09413562714101,32.58044899515421,33.09413562714101,32.58044899515421,False,False,False,False,0.9354088122090148,0.9385698657368666,0.9354088122090148,False,both,left,none,none,0,moving_average,4,2.0,peak,12,-1,-1,12,False,0.9320805369687136,False,False,False,False,False,False,False,,
frame_000186.jpg,33.12298298371876,32.599096441181736,186,True,0.009753442796046827,0.0074415550733093186,0.00017984694611292842,0.06201295894424432,False,False,False,False,False,0.2,0.12,0.18,False,False,True,True,True,33.12298298371876,32.599096441181736,33.12298298371876,32.599096441181736,False,False,False,False,0.9569215855263259,0.9410963388561097,0.9569215855263259,False,both,left,none,none,0,moving_average,4,2.0,peak,12,-1,-1,12,False,0.9456265441637108,True,False,False,False,False,False,False,9,
frame_000187.jpg,33.10639239313714,32.60696211420451,187,True,0.015517395616296878,0.004259358103680073,0.02798486863891464,0.15547149243841468,False,False,False,False,False,0.2,0.12,0.18,False,False,True,True,True,33.10639239313714,32.60696211420451,33.10639239313714,32.60696211420451,False,False,False,False,0.9445492347557918,0.9421620296444058,0.9445492347557918,False,both,left,none,none,0,moving_average,4,2.0,peak,12,-1,-1,12,False,0.9139768786427555,False,False,False,False,False,False,False,,
frame_000188.jpg,32.96681463880779,32.6186144076359,188,True,0.014537057317837358,0.009096841290328424,0.005531688221394776,0.07580701075273687,False,False,False,False,False,0.2,0.12,0.18,False,False,True,True,True,32.96681463880779,32.6186144076359,32.96681463880779,32.6186144076359,False,False,False,False,0.8404598156461486,0.943740755550811,0.8404598156461486,False,both,left,none,none,0,moving_average,4,2.0,peak,12,-1,-1,12,False,0.8102181730676516,False,False,False,False,False,False,False,,
frame_000189.jpg,32.70558012259687,32.50200668935861,189,True,0.029464479282960244,0.00645837334434107,0.027491410477871805,0.15273005821039892,False,False,False,False,False,0.2,0.12,0.18,False,False,True,True,True,32.70558012259687,32.50200668935861,32.70558012259687,32.50200668935861,False,False,False,False,0.6456454688010147,0.9279420094228465,0.6456454688010147,False,both,left,none,none,0,moving_average,4,2.0,peak,12,-1,-1,12,False,0.7076991547013135,False,False,False,False,False,False,False,,
frame_000190.jpg,32.6939765736805,32.369068453434515,190,True,0.00782800906333791,0.000923779631897091,0.007124873975250339,0.03958263319583522,False,False,False,False,False,0.2,0.12,0.18,False,False,True,True,True,32.6939765736805,32.369068453434515,32.6939765736805,32.369068453434515,False,False,False,False,0.6369921796567773,0.9099307021861353,0.6369921796567773,False,both,left,none,none,0,moving_average,4,2.0,peak,12,-1,-1,12,False,0.6226642294046579,False,False,False,False,False,False,False,,
frame_000191.jpg,32.62473422331515,32.28722568255024,191,True,0.004617652460128024,0.0029015334350558446,0.0014950773461757277,0.024179445292132038,False,False,False,False,False,0.2,0.12,0.18,False,False,True,True,True,32.62473422331515,32.28722568255024,32.62473422331515,32.28722568255024,False,False,False,False,0.585355039756182,0.8988421295023359,0.585355039756182,False,both,left,none,none,0,moving_average,4,2.0,peak,12,-1,-1,12,False,0.5818660295658074,False,False,False,False,False,False,False,,
frame_000192.jpg,32.54145620405943,32.1370572622636,192,True,0.010460227349735214,0.007543165373046307,0.005390764171984724,0.06285971144205256,False,False,False,False,False,0.2,0.12,0.18,False,False,True,True,True,32.54145620405943,32.1370572622636,32.54145620405943,32.1370572622636,False,False,False,False,0.5232508692844628,0.8784963686590926,0.5232508692844628,False,both,left,none,none,0,moving_average,4,2.0,peak,12,-1,-1,12,False,0.5322738247084153,False,False,False,False,False,False,False,,
frame_000193.jpg,32.49447593340088,32.06701570560935,193,True,0.0008515313586314724,0.0069457569453916365,0.0012644419172434286,0.05788130787826364,False,False,False,False,False,0.2,0.12,0.18,False,False,True,True,True,32.49447593340088,32.06701570560935,32.49447593340088,32.06701570560935,False,False,False,False,0.4882155650846012,0.8690066986069219,0.4882155650846012,False,both,left,none,none,0,moving_average,4,2.0,peak,12,-1,-1,12,False,0.49800017371071514,False,False,False,False,False,False,False,,
frame_000194.jpg,32.48685740702066,32.0252984720701,194,True,0.00074653579555344,0.00015982371091379869,0.004571345504123463,0.025396363911797015,False,False,False,False,False,0.2,0.12,0.18,False,False,True,True,True,32.48685740702066,32.0252984720701,32.48685740702066,32.0252984720701,False,False,False,False,0.48253408676308146,0.8633545857658118,0.48253408676308146,False,both,left,none,none,0,moving_average,4,2.0,peak,12,-1,-1,12,False,0.45998502657748147,False,False,False,False,False,False,False,,
frame_000195.jpg,32.38852801271942,31.90466820933863,195,True,0.0026986821707567356,0.0038117110381171793,0.0014947105346020603,0.0317642586509765,False,False,False,False,False,0.2,0.12,0.18,False,False,True,True,True,32.38852801271942,31.90466820933863,32.38852801271942,31.90466820933863,False,False,False,False,0.4092054278847617,0.8470108400481219,0.4092054278847617,False,both,left,none,none,0,moving_average,4,2.0,peak,12,-1,-1,12,False,0.4339031437408166,False,False,False,False,False,False,False,,
frame_000196.jpg,32.38955314683441,31.852133791394383,196,True,0.010400160053208615,0.012852992672409523,0.009915756530762277,0.10710827227007937,False,False,False,False,False,0.2,0.12,0.18,False,False,True,True,True,32.38955314683441,31.852133791394383,32.38955314683441,31.852133791394383,False,False,False,False,0.4099699165746067,0.8398931471171286,0.4099699165746067,False,both,left,none,none,0,moving_average,4,2.0,peak,12,-1,-1,12,False,0.39400989583868773,False,False,False,False,False,False,False,,
frame_000197.jpg,32.326373949545946,31.83237771623173,197,True,0.015747213994264594,0.021266398904269943,0.018716083331705012,0.17721999086891618,False,False,False,False,False,0.2,0.12,0.18,False,False,True,True,True,32.326373949545946,31.83237771623173,32.326373949545946,31.83237771623173,False,False,False,False,0.36285434305669473,0.8372164699589535,0.36285434305669473,False,both,left,none,none,0,moving_average,4,2.0,peak,12,-1,-1,12,False,0.38896779978863755,False,False,False,False,False,False,False,,
frame_000198.jpg,32.36824455500204,31.83822748614537,198,True,0.011030249121321084,0.011146562053056037,0.02214600469271426,0.12303335940396812,False,False,False,False,False,0.2,0.12,0.18,False,False,True,True,True,32.36824455500204,31.83822748614537,32.36824455500204,31.83822748614537,False,False,False,False,0.39407913973461134,0.8380090335313994,0.39407913973461134,False,both,left,none,none,0,moving_average,4,2.0,peak,12,-1,-1,12,False,0.3961551362746123,False,False,False,False,False,False,False,,
frame_000199.jpg,32.418466526164494,31.818603659343506,199,True,0.006380548000178583,0.014476349768111256,0.008598798914165404,0.12063624806759381,False,False,False,False,False,0.2,0.12,0.18,False,False,True,True,True,32.418466526164494,31.818603659343506,32.418466526164494,31.818603659343506,False,False,False,False,0.4315319260325308,0.8353502742118443,0.4315319260325308,False,both,left,none,none,0,moving_average,4,2.0,peak,12,-1,-1,12,False,0.5321080507976672,False,False,False,False,False,False,False,,
frame_000200.jpg,32.87328840058164,32.207707994152045,200,True,0.02886740148171879,0.0005241464399499202,0.019141096288110455,0.14433700740859395,False,False,False,False,False,0.2,0.12,0.18,False,False,True,True,True,32.87328840058164,32.207707994152045,32.87328840058164,32.207707994152045,False,False,False,False,0.7707130866258598,0.8880685735984438,0.7707130866258598,False,both,left,none,none,0,moving_average,4,2.0,peak,12,-1,-1,12,False,0.6873821414157253,False,False,False,False,False,False,False,,
frame_000201.jpg,32.992884669032414,32.30027214412691,201,True,0.011568028007669356,0.010601343471454002,0.006719331101082374,0.08834452892878335,False,False,False,False,False,0.2,0.12,0.18,False,False,True,True,True,32.992884669032414,32.30027214412691,32.992884669032414,32.30027214412691,False,False,False,False,0.8599014115887855,0.9006097460663425,0.8599014115887855,False,both,left,none,none,0,moving_average,4,2.0,peak,12,-1,-1,12,False,0.8449042824586876,False,False,False,False,False,False,False,,
frame_000202.jpg,33.052150148150176,32.46381443203413,202,True,0.0072703166536492725,0.0032035594218254083,0.0023763358881479235,0.03635158326824636,False,False,False,False,False,0.2,0.12,0.18,False,False,True,True,True,33.052150148150176,32.46381443203413,33.052150148150176,32.46381443203413,False,False,False,False,0.9040983491614177,0.9227674825009792,0.9040983491614177,False,both,left,none,none,0,moving_average,4,2.0,peak,12,-1,-1,12,False,0.8837118209977513,False,False,False,False,False,False,False,,
frame_000203.jpg,33.02940424194185,32.46592776185408,203,True,0.012078420293219832,0.012686849901949853,0.010456079445824284,0.10572374918291545,False,False,False,False,False,0.2,0.12,0.18,False,False,True,True,True,33.02940424194185,32.46592776185408,33.02940424194185,32.46592776185408,False,False,False,False,0.8871357022430509,0.9230538096995848,0.8871357022430509,False,both,left,none,none,0,moving_average,4,2.0,peak,12,-1,-1,12,False,0.8785348120507009,False,False,False,False,False,False,False,,
frame_000204.jpg,32.97205848066995,32.557066284679735,204,True,0.04287845849523334,0.009877292805951825,0.009255383203367891,0.2143922924761667,False,False,False,False,False,0.2,0.12,0.18,False,False,True,True,True,32.97205848066995,32.557066284679735,32.97205848066995,32.557066284679735,False,False,False,False,0.8443703847476343,0.9354018292464226,0.8443703847476343,False,both,left,none,none,0,moving_average,4,2.0,peak,12,-1,-1,12,False,0.8586254905794397,False,False,False,False,False,False,False,,
frame_000205.jpg,32.97205848066995,32.557066284679735,205,True,0.0,0.0,0.0,0.0,False,False,False,False,False,0.2,0.12,0.18,False,False,True,True,True,32.97205848066995,32.557066284679735,32.97205848066995,32.557066284679735,False,False,False,False,0.8443703847476343,0.9354018292464226,0.8443703847476343,False,both,left,none,none,0,moving_average,4,2.0,peak,12,-1,-1,12,False,0.8602183090103634,False,False,False,False,False,False,False,,
frame_000206.jpg,33.03581186785266,32.55458083836346,206,True,0.014003736488990275,0.0033977682637046504,0.0017262706988884977,0.07001868244495137,False,False,False,False,False,0.2,0.12,0.18,False,False,True,True,True,33.03581186785266,32.55458083836346,33.03581186785266,32.55458083836346,False,False,False,False,0.8919141575358219,0.9350650853674952,0.8919141575358219,False,both,left,none,none,0,moving_average,4,2.0,peak,12,-1,-1,12,False,0.8867297072933022,False,False,False,False,False,False,False,,
frame_000207.jpg,33.07870913166165,32.529980425048265,207,True,0.0060228709585387116,0.004663647584366305,0.0009309078316893406,0.03886372986971921,False,False,False,False,False,0.2,0.12,0.18,False,False,True,True,True,33.07870913166165,32.529980425048265,33.07870913166165,32.529980425048265,False,False,False,False,0.923904579596451,0.9317320668473533,0.923904579596451,False,both,left,none,none,0,moving_average,4,2.0,peak,12,-1,-1,12,False,0.9132411055762413,False,False,False,False,False,False,False,,
frame_000208.jpg,33.07870913166165,32.529980425048265,208,True,0.0,0.0,0.0,0.0,False,False,False,False,False,0.2,0.12,0.18,False,False,True,True,True,33.07870913166165,32.529980425048265,33.07870913166165,32.529980425048265,False,False,False,False,0.923904579596451,0.9317320668473533,0.923904579596451,False,both,left,none,none,0,moving_average,4,2.0,peak,12,-1,-1,12,False,0.9258311007648589,True,False,False,False,False,False,False,10,
frame_000209.jpg,33.08645918447166,32.538696055043424,209,True,0.007658106789918729,0.012069510344522187,0.0013731590952906925,0.10057925287101822,False,False,False,False,False,0.2,0.12,0.18,False,False,True,True,True,33.08645918447166,32.538696055043424,33.08645918447166,32.538696055043424,False,False,False,False,0.9296841431016749,0.9329129151451594,0.9296841431016749,False,both,left,none,none,0,moving_average,4,2.0,peak,12,-1,-1,12,False,0.9189865744319687,False,False,False,False,False,False,False,,
frame_000210.jpg,33.05117481674766,32.52133807440989,210,True,0.005989436303815231,0.001823405160369855,0.002065547839559657,0.029947181519076153,False,False,False,False,False,0.2,0.12,0.18,False,False,True,True,True,33.05117481674766,32.52133807440989,33.05117481674766,32.52133807440989,False,False,False,False,0.9033710005977806,0.9305611468970989,0.9033710005977806,False,both,left,none,none,0,moving_average,4,2.0,peak,12,-1,-1,12,False,0.9166723700921454,False,False,False,False,False,False,False,,
frame_000211.jpg,33.06939949824526,32.56359723799334,211,True,0.012476744052645256,0.013967301054003964,0.0026184234701716116,0.11639417545003304,False,False,False,False,False,0.2,0.12,0.18,False,False,True,True,True,33.06939949824526,32.56359723799334,33.06939949824526,32.56359723799334,False,False,False,False,0.916961966576981,0.9362866838246582,0.916961966576981,False,both,left,none,none,0,moving_average,4,2.0,peak,12,-1,-1,12,False,0.8792458810232846,False,False,False,False,False,False,False,,
frame_000212.jpg,32.93589906007051,32.585027745857964,212,True,0.013700736667930546,0.017152786102060686,0.0006050185790182246,0.14293988418383904,False,False,False,False,False,0.2,0.12,0.18,False,False,True,True,True,32.93589906007051,32.585027745857964,32.93589906007051,32.585027745857964,False,False,False,False,0.8174046758950925,0.9391902236430206,0.8174046758950925,False,both,left,none,none,0,moving_average,4,2.0,peak,12,-1,-1,12,False,0.7928294657669014,False,False,False,False,False,False,False,,
frame_000213.jpg,32.70353691228477,32.4864043463774,213,True,0.01378231736176921,0.006721431661709868,0.004453975139242717,0.06891158680884604,False,False,False,False,False,0.2,0.12,0.18,False,False,True,True,True,32.70353691228477,32.4864043463774,32.70353691228477,32.4864043463774,False,False,False,False,0.644121754828631,0.9258281059917254,0.644121754828631,False,both,left,none,none,0,moving_average,4,2.0,peak,12,-1,-1,12,False,0.6741929138821696,False,False,False,False,False,False,False,,
frame_000214.jpg,32.59214570141104,32.42786907396942,214,True,0.005768270753652998,0.00205986398626415,0.00330573975608911,0.02884135376826499,False,False,False,False,False,0.2,0.12,0.18,False,False,True,True,True,32.59214570141104,32.42786907396942,32.59214570141104,32.42786907396942,False,False,False,False,0.5610523109227855,0.9178973796044225,0.5610523109227855,False,both,left,none,none,0,moving_average,4,2.0,peak,12,-1,-1,12,False,0.5786475980313637,False,False,False,False,False,False,False,,
frame_000215.jpg,32.55153720838903,32.37096534464531,215,True,0.00020556950084917768,0.001535551735938118,0.004256450821103595,0.023646949006131086,False,False,False,False,False,0.2,0.12,0.18,False,False,True,True,True,32.55153720838903,32.37096534464531,32.55153720838903,32.37096534464531,False,False,False,False,0.5307687283426747,0.9101877049224422,0.5307687283426747,False,both,left,none,none,0,moving_average,4,2.0,peak,12,-1,-1,12,False,0.5227720091970083,False,False,False,False,False,False,False,,
frame_000216.jpg,32.478759333217454,32.30382964435444,216,True,0.0055590622402035056,0.0179042444476275,0.006112934074044754,0.1492020370635625,False,False,False,False,False,0.2,0.12,0.18,False,False,True,True,True,32.478759333217454,32.30382964435444,32.478759333217454,32.30382964435444,False,False,False,False,0.47649498832556453,0.9010917385431292,0.47649498832556453,False,both,left,none,none,0,moving_average,4,2.0,peak,12,-1,-1,12,False,0.5101741619173195,False,False,False,False,False,False,False,,
frame_000217.jpg,32.541466797222974,32.344728178839,217,True,0.0076194875165130896,0.018618182562778706,0.020577704385143798,0.1551515213564892,False,False,False,False,False,0.2,0.12,0.18,False,False,True,True,True,32.541466797222974,32.344728178839,32.541466797222974,32.344728178839,False,False,False,False,0.5232587690837194,0.9066329288937615,0.5232587690837194,False,both,left,none,none,0,moving_average,4,2.0,peak,12,-1,-1,12,False,0.561557028703985,False,False,False,False,False,False,False,,
frame_000218.jpg,32.75824136386709,32.36853653592294,218,True,0.017009205357946616,0.015744751454325953,0.014215298691937146,0.13120626211938294,False,False,False,False,False,0.2,0.12,0.18,False,False,True,True,True,32.75824136386709,32.36853653592294,32.75824136386709,32.36853653592294,False,False,False,False,0.6849173287026715,0.9098586346604988,0.6849173287026715,False,both,left,none,none,0,moving_average,4,2.0,peak,12,-1,-1,12,False,0.6609227533767414,False,False,False,False,False,False,False,,
frame_000219.jpg,32.87849001167929,32.397912581640504,219,True,0.007094473802573733,0.0045954989145465495,0.005346824877375342,0.038295824287887914,False,False,False,False,False,0.2,0.12,0.18,False,False,True,True,True,32.87849001167929,32.397912581640504,32.87849001167929,32.397912581640504,False,False,False,False,0.7745921623438338,0.9138386858560089,0.7745921623438338,False,both,left,none,none,0,moving_average,4,2.0,peak,12,-1,-1,12,False,0.7652639219822017,False,False,False,False,False,False,False,,
frame_000220.jpg,32.96121280376115,32.442961687843,220,True,0.017493579366730724,0.007004247816868711,0.0017977776675523714,0.08746789683365362,False,False,False,False,False,0.2,0.12,0.18,False,False,True,True,True,32.96121280376115,32.442961687843,32.96121280376115,32.442961687843,False,False,False,False,0.8362822749001,0.9199422217342472,0.8362822749001,False,both,left,none,none,0,moving_average,4,2.0,peak,12,-1,-1,12,False,0.8465015382558507,False,False,False,False,False,False,False,,
frame_000221.jpg,33.0850458789716,32.51494443575397,221,True,0.03350344598328865,0.0013423223250830598,0.002567420478240233,0.16751722991644324,False,False,False,False,False,0.2,0.12,0.18,False,False,True,True,True,33.0850458789716,32.51494443575397,33.0850458789716,32.51494443575397,False,False,False,False,0.9286301775236185,0.9296948965712101,0.9286301775236185,False,both,left,none,none,0,moving_average,4,2.0,peak,12,-1,-1,12,False,0.8678335626428838,False,False,False,False,False,False,False,,
frame_000222.jpg,32.964304960538925,32.59527495178103,222,True,0.14980116656673018,0.02571396879675684,0.004464700070730215,0.7490058328336509,False,False,False,False,False,0.2,0.12,0.18,False,False,True,True,True,32.964304960538925,32.59527495178103,32.964304960538925,32.59527495178103,False,False,False,False,0.8385882355049332,0.9405785794679283,0.8385882355049332,False,both,left,none,none,0,moving_average,4,2.0,peak,12,-1,-1,12,False,0.8878344156354869,True,False,False,False,False,False,False,11,
frame_000223.jpg,33.04167268630997,32.51345251694292,223,True,0.13421738090322172,0.014738301471745985,0.03350389382963923,0.6710869045161085,False,False,False,False,False,0.2,0.12,0.18,False,False,True,True,True,33.04167268630997,32.51345251694292,33.04167268630997,32.51345251694292,False,False,False,False,0.896284833877909,0.9294927620394011,0.896284833877909,False,both,left,none,none,0,moving_average,4,2.0,peak,12,-1,-1,12,False,0.8067430122226735,False,False,False,False,False,False,False,,
frame_000224.jpg,32.758829552261574,32.536209547361075,224,True,0.19215917972168817,0.01740236771115279,0.014823595504054276,0.9607958986084408,False,False,False,False,False,0.2,0.12,0.18,False,False,True,True,True,32.758829552261574,32.536209547361075,32.758829552261574,32.536209547361075,False,False,False,False,0.6853559672851787,0.9325760274656899,0.6853559672851787,False,both,left,none,none,0,moving_average,4,2.0,peak,12,-1,-1,12,False,0.7083148014712991,False,False,False,False,False,False,False,,
frame_000225.jpg,32.56834573422616,32.3863898811541,225,True,0.11103687923858412,0.0,0.0,0.5551843961929206,False,False,False,False,False,0.2,0.12,0.18,False,False,True,True,True,32.56834573422616,32.3863898811541,32.56834573422616,32.3863898811541,False,False,False,False,0.5433036032508095,0.912277518015812,0.5433036032508095,False,both,left,none,none,0,moving_average,4,2.0,peak,12,-1,-1,12,False,0.6120261803581912,False,False,False,False,False,False,False,,
frame_000226.jpg,32.654320649453645,32.38820258494934,226,True,0.060319024893207625,0.0,0.0,0.3015951244660381,False,False,False,False,False,0.2,0.12,0.18,False,False,True,True,True,32.654320649453645,32.38820258494934,32.654320649453645,32.38820258494934,False,False,False,False,0.6074189705385856,0.9125231145122469,0.6074189705385856,False,both,left,none,none,0,moving_average,4,2.0,peak,12,-1,-1,12,False,0.5317467285586511,False,False,False,False,False,False,False,,
frame_000227.jpg,32.43587956281544,31.999861343394578,227,True,0.034426926448287265,0.0,0.0,0.17213463224143633,False,False,False,False,False,0.2,0.12,0.18,False,False,True,True,True,32.43587956281544,31.999861343394578,32.43587956281544,31.999861343394578,False,False,False,False,0.4445176118865583,0.8599082037929372,0.4445176118865583,False,both,left,none,none,0,moving_average,4,2.0,peak,12,-1,-1,12,False,0.4941564399465597,False,False,False,False,False,False,False,,
frame_000228.jpg,32.41712667332792,31.970854081949984,228,True,0.0019536988107034556,4.440892098500625e-16,1.3010426069826053e-18,0.009768494053517277,False,False,False,False,False,0.2,0.12,0.18,False,False,True,True,True,32.41712667332792,31.970854081949984,32.41712667332792,31.970854081949984,False,False,False,False,0.43053273741453535,0.8559781178071978,0.43053273741453535,False,both,left,none,none,0,moving_average,4,2.0,peak,12,-1,-1,12,False,0.40073458776490894,False,False,False,False,False,False,False,,
frame_000229.jpg,32.278501115316324,31.520395774999724,229,True,0.022680008865750462,6.661338147750941e-16,1.734723475976807e-18,0.11340004432875231,False,False,False,False,False,0.2,0.12,0.18,False,False,True,True,True,32.278501115316324,31.520395774999724,32.278501115316324,31.520395774999724,False,False,False,False,0.3271534139936333,0.7949471968880836,0.3271534139936333,False,both,left,none,none,0,moving_average,4,2.0,peak,12,-1,-1,12,False,0.36161318846726725,False,False,False,False,False,False,False,,
frame_000230.jpg,32.278501115316324,31.520395774999724,230,True,0.0,0.0,0.0,0.0,False,False,False,False,False,0.2,0.12,0.18,False,False,True,True,True,32.278501115316324,31.520395774999724,32.278501115316324,31.520395774999724,False,False,False,False,0.3271534139936333,0.7949471968880836,0.3271534139936333,False,both,left,none,none,0,moving_average,4,2.0,peak,12,-1,-1,12,False,0.3231116499998713,False,False,False,False,False,False,False,,
frame_000231.jpg,32.26224181595802,31.49101137993552,231,True,0.03259819913370041,0.0,0.0,0.16299099566850206,False,False,False,False,False,0.2,0.12,0.18,False,False,True,True,True,32.26224181595802,31.49101137993552,32.26224181595802,31.49101137993552,False,False,False,False,0.31502812201234737,0.7909660144706454,0.31502812201234737,False,both,left,none,none,0,moving_average,4,2.0,peak,12,-1,-1,12,False,0.3229696502243821,False,False,False,False,False,False,False,,
frame_000232.jpg,32.2779298754166,31.416832708401493,232,True,0.010059053157615468,2.2204460492503128e-16,4.336808689942018e-19,0.05029526578807734,False,False,False,False,False,0.2,0.12,0.18,False,False,True,True,True,32.2779298754166,31.416832708401493,32.2779298754166,31.416832708401493,False,False,False,False,0.32672741466716576,0.7809158221078301,0.32672741466716576,False,both,left,none,none,0,moving_average,4,2.0,peak,12,-1,-1,12,False,0.3004463022100913,False,False,False,False,False,False,False,,
frame_000233.jpg,32.187893682898,31.346454754950816,233,True,0.0136586880688836,0.0,0.0,0.068293440344418,False,False,False,False,False,0.2,0.12,0.18,False,False,True,True,True,32.187893682898,31.346454754950816,32.187893682898,31.346454754950816,False,False,False,False,0.25958336995076065,0.7713805749046485,0.25958336995076065,False,both,left,none,none,0,moving_average,4,2.0,peak,12,-1,-1,12,False,0.2934233499904769,False,False,False,False,False,False,False,,
frame_000234.jpg,32.23398972536243,31.315895482330777,234,True,0.016143150305559163,0.017692260518274196,0.016187582464198574,0.14743550431895164,False,False,False,False,False,0.2,0.12,0.18,False,False,True,True,True,32.23398972536243,31.315895482330777,32.23398972536243,31.315895482330777,False,False,False,False,0.2939592653535043,0.7672402126961096,0.2939592653535043,False,both,left,none,none,0,moving_average,4,2.0,peak,12,-1,-1,12,False,0.28257528093943346,False,False,False,False,False,False,False,,
frame_000235.jpg,32.234290018553935,31.3993791503084,235,True,0.021514587619540438,0.01769226051827363,0.01618758246419857,0.14743550431894692,False,False,False,False,False,0.2,0.12,0.18,False,False,True,True,True,32.234290018553935,31.3993791503084,32.234290018553935,31.3993791503084,False,False,False,False,0.29418320751403554,0.7785511044251912,0.29418320751403554,False,both,left,none,none,0,moving_average,4,2.0,peak,12,-1,-1,12,False,0.27336413947554344,False,False,False,False,False,False,False,,
frame_000236.jpg,32.15083889525473,31.32891633861192,236,True,0.027378280235762737,4.440892098500627e-16,1.3010426069826053e-18,0.13689140117881368,False,False,False,False,False,0.2,0.12,0.18,False,False,True,True,True,32.15083889525473,31.32891633861192,32.15083889525473,31.32891633861192,False,False,False,False,0.2319499455590905,0.7690043600938425,0.2319499455590905,False,both,left,none,none,0,moving_average,4,2.0,peak,12,-1,-1,12,False,0.34908791641257814,False,False,False,False,False,False,False,,
frame_000237.jpg,32.53861304321594,32.03714775505874,237,True,0.070292554460675,0.0,0.0,0.351462772303375,False,False,False,False,False,0.2,0.12,0.18,False,False,True,True,True,32.53861304321594,32.03714775505874,32.53861304321594,32.03714775505874,False,False,False,False,0.5211305961646084,0.8649600010547963,0.5211305961646084,False,both,left,none,none,0,moving_average,4,2.0,peak,12,-1,-1,12,False,0.4690969404969656,False,False,False,False,False,False,False,,
frame_000238.jpg,32.71706502750979,31.94471407589888,238,True,0.06290428476347354,0.0,0.0,0.3145214238173677,False,False,False,False,False,0.2,0.12,0.18,False,False,True,True,True,32.71706502750979,31.94471407589888,32.71706502750979,31.94471407589888,False,False,False,False,0.6542102797671978,0.852436505592449,0.6542102797671978,False,both,left,none,none,0,moving_average,4,2.0,peak,12,-1,-1,12,False,0.6098503852330013,False,False,False,False,False,False,False,,
frame_000239.jpg,32.71706502750979,31.94471407589888,239,True,0.0,0.0,0.0,0.0,False,False,False,False,False,0.2,0.12,0.18,False,False,True,True,True,32.71706502750979,31.94471407589888,32.71706502750979,31.94471407589888,False,False,False,False,0.6542102797671978,0.852436505592449,0.6542102797671978,False,both,left,none,none,0,moving_average,4,2.0,peak,12,-1,-1,12,False,0.6554407381378764,False,False,False,False,False,False,False,,
frame_000240.jpg,32.72201494319702,31.80951802171225,240,True,0.005699836367823257,0.0,0.0,0.028499181839116282,False,False,False,False,False,0.2,0.12,0.18,False,False,True,True,True,32.72201494319702,31.80951802171225,32.72201494319702,31.80951802171225,False,False,False,False,0.6579016548792335,0.8341192949553465,0.6579016548792335,False,both,left,none,none,0,moving_average,4,2.0,peak,12,-1,-1,12,False,0.6560113614031974,False,False,False,False,False,False,False,,
frame_000241.jpg,32.71936054365224,31.72041388378277,241,True,0.0022315963914075554,0.0,0.0,0.011157981957037776,False,False,False,False,False,0.2,0.12,0.18,False,False,True,True,True,32.71936054365224,31.72041388378277,32.71936054365224,31.72041388378277,False,False,False,False,0.655922149563161,0.8220469066529581,0.655922149563161,False,both,left,none,none,0,moving_average,4,2.0,peak,12,-1,-1,12,False,0.684996853960284,False,False,False,False,False,False,False,,
frame_000242.jpg,32.83366852075208,32.04849101941706,242,True,0.035798300554997074,0.0,0.0,0.17899150277498535,False,False,False,False,False,0.2,0.12,0.18,False,False,True,True,True,32.83366852075208,32.04849101941706,32.83366852075208,32.04849101941706,False,False,False,False,0.7411667574384577,0.8664968577612561,0.7411667574384577,False,both,left,none,none,0,moving_average,4,2.0,peak,12,-1,-1,12,False,0.7127518881466921,False,False,False,False,False,False,False,,
frame_000243.jpg,32.83366852075208,32.04849101941706,243,True,0.0,0.0,0.0,0.0,False,False,False,False,False,0.2,0.12,0.18,False,False,True,True,True,32.83366852075208,32.04849101941706,32.83366852075208,32.04849101941706,False,False,False,False,0.7411667574384577,0.8664968577612561,0.7411667574384577,False,both,left,none,none,0,moving_average,4,2.0,peak,12,-1,-1,12,False,0.7470895104742149,True,False,False,False,False,False,False,12,
frame_000244.jpg,32.857494705255256,32.086355861491626,244,True,0.012765138172789922,0.0,0.0,0.06382569086394961,False,False,False,False,False,0.2,0.12,0.18,False,False,True,True,True,32.857494705255256,32.086355861491626,32.857494705255256,32.086355861491626,False,False,False,False,0.7589350165457295,0.8716270244084503,0.7589350165457295,False,both,left,none,none,0,moving_average,4,2.0,peak,12,-1,-1,12,False,0.7437269348010165,False,False,False,False,False,False,False,,
frame_000245.jpg,32.8201414754892,32.085682984445874,245,True,0.0071913725225680345,0.0,0.0,0.035956862612840174,False,False,False,False,False,0.2,0.12,0.18,False,False,True,True,True,32.8201414754892,32.085682984445874,32.8201414754892,32.085682984445874,False,False,False,False,0.7310790304188627,0.8715358587997049,0.7310790304188627,False,both,left,none,none,0,moving_average,4,2.0,peak,12,-1,-1,12,False,0.7338135672532723,False,False,False,False,False,False,False,,
frame_000246.jpg,32.793788802179584,32.08912745672901,246,True,0.037996532203033825,4.440892098500625e-16,1.3010426069826053e-18,0.1899826610151691,False,False,False,False,False,0.2,0.12,0.18,False,False,True,True,True,32.793788802179584,32.08912745672901,32.793788802179584,32.08912745672901,False,False,False,False,0.711426654795225,0.8720025375406151,0.711426654795225,False,both,left,none,none,0,moving_average,4,2.0,peak,12,-1,-1,12,False,0.6988733702681784,False,False,False,False,False,False,False,,
frame_000247.jpg,32.716936492728365,31.84994998124374,247,True,0.015031736996873898,4.440892098500627e-16,1.3010426069826053e-18,0.07515868498436949,False,False,False,False,False,0.2,0.12,0.18,False,False,True,True,True,32.716936492728365,31.84994998124374,32.716936492728365,31.84994998124374,False,False,False,False,0.6541144255904476,0.8395972708006085,0.6541144255904476,False,both,left,none,none,0,moving_average,4,2.0,peak,12,-1,-1,12,False,0.6044420016079619,False,False,False,False,False,False,False,,
frame_000248.jpg,32.44026083569171,32.00392252648032,248,True,0.030072499895812992,0.0,0.0,0.15036249947906496,False,False,False,False,False,0.2,0.12,0.18,False,False,True,True,True,32.44026083569171,32.00392252648032,32.44026083569171,32.00392252648032,False,False,False,False,0.44778492443821327,0.8604584383871713,0.44778492443821327,False,both,left,none,none,0,moving_average,4,2.0,peak,12,-1,-1,12,False,0.48482055024400705,False,False,False,False,False,False,False,,
frame_000249.jpg,32.3125729295054,31.710785108861405,249,True,0.049768015042098906,0.0,0.0,0.24884007521049453,False,False,False,False,False,0.2,0.12,0.18,False,False,True,True,True,32.3125729295054,31.710785108861405,32.3125729295054,31.710785108861405,False,False,False,False,0.3525623007033604,0.8207423397447523,0.3525623007033604,False,both,left,none,none,0,moving_average,4,2.0,peak,12,-1,-1,12,False,0.38786011787482194,False,False,False,False,False,False,False,,
frame_000250.jpg,32.32688187839802,31.856692320421168,250,True,0.04976044442432926,0.0,0.0,0.2488022221216463,False,False,False,False,False,0.2,0.12,0.18,False,False,True,True,True,32.32688187839802,31.856692320421168,32.32688187839802,31.856692320421168,False,False,False,False,0.36323312848289224,0.8405107652634666,0.36323312848289224,False,both,left,none,none,0,moving_average,4,2.0,peak,12,-1,-1,12,False,0.3557942001814306,False,False,False,False,False,False,False,,
frame_000251.jpg,32.31126533873042,31.764506968127243,251,True,0.05396444194576734,4.440892098500625e-16,1.3010426069826053e-18,0.2698222097288367,False,False,False,False,False,0.2,0.12,0.18,False,False,True,True,True,32.31126533873042,31.764506968127243,32.31126533873042,31.764506968127243,False,False,False,False,0.3515871713580392,0.8280209146847483,0.3515871713580392,False,both,left,none,none,0,moving_average,4,2.0,peak,12,-1,-1,12,False,0.3505894756228789,False,False,False,False,False,False,False,,
frame_000252.jpg,32.29163524615585,31.81725311159619,252,True,0.015197315876236867,4.440892098500627e-16,1.3010426069826053e-18,0.07598657938118433,False,False,False,False,False,0.2,0.12,0.18,False,False,True,True,True,32.29163524615585,31.81725311159619,32.29163524615585,31.81725311159619,False,False,False,False,0.33694812702770527,0.8351672935197535,0.33694812702770527,False,both,left,none,none,0,moving_average,4,2.0,peak,12,-1,-1,12,False,0.3418278084711499,False,False,False,False,False,False,False,,
frame_000253.jpg,32.29163524615585,31.81725311159619,253,True,0.0,0.0,0.0,0.0,False,False,False,False,False,0.2,0.12,0.18,False,False,True,True,True,32.29163524615585,31.81725311159619,32.29163524615585,31.81725311159619,False,False,False,False,0.33694812702770527,0.8351672935197535,0.33694812702770527,False,both,left,none,none,0,moving_average,4,2.0,peak,12,-1,-1,12,False,0.33363903927568844,False,False,False,False,False,False,False,,
frame_000254.jpg,32.27832337330875,31.803431422002586,254,True,0.004399191237466634,0.0,0.0,0.02199595618733317,False,False,False,False,False,0.2,0.12,0.18,False,False,True,True,True,32.27832337330875,31.803431422002586,32.27832337330875,31.803431422002586,False,False,False,False,0.3270208637716548,0.8332946441945207,0.3270208637716548,False,both,left,none,none,0,moving_average,4,2.0,peak,12,-1,-1,12,False,0.3614515045833948,False,False,False,False,False,False,False,,
frame_000255.jpg,32.40351985892106,31.85566149913076,255,True,0.03947328431175313,4.440892098500625e-16,1.3010426069826053e-18,0.19736642155876563,False,False,False,False,False,0.2,0.12,0.18,False,False,True,True,True,32.40351985892106,31.85566149913076,32.40351985892106,31.85566149913076,False,False,False,False,0.4203855229508243,0.8403711031200766,0.4203855229508243,False,both,left,none,none,0,moving_average,4,2.0,peak,12,-1,-1,12,False,0.37981884833581103,False,False,False,False,False,False,False,,
frame_000256.jpg,32.365523810888554,31.718819725473463,256,True,0.049211893813640974,4.440892098500627e-16,1.3010426069826053e-18,0.24605946906820486,False,False,False,False,False,0.2,0.12,0.18,False,False,True,True,True,32.365523810888554,31.718819725473463,32.365523810888554,31.718819725473463,False,False,False,False,0.39205015828495415,0.8218309200717215,0.39205015828495415,False,both,left,none,none,0,moving_average,4,2.0,peak,12,-1,-1,12,False,0.4014952798402442,False,False,False,False,False,False,False,,
frame_000257.jpg,32.365523810888554,31.718819725473463,257,True,0.0,0.0,0.0,0.0,False,False,False,False,False,0.2,0.12,0.18,False,False,True,True,True,32.365523810888554,31.718819725473463,32.365523810888554,31.718819725473463,False,False,False,False,0.39205015828495415,0.8218309200717215,0.39205015828495415,False,both,left,none,none,0,moving_average,4,2.0,peak,12,-1,-1,12,False,0.45761176154380184,False,False,False,False,False,False,False,,
frame_000258.jpg,32.62926650725607,31.92557580874589,258,True,0.0362580908565202,0.0,0.0,0.181290454282601,False,False,False,False,False,0.2,0.12,0.18,False,False,True,True,True,32.62926650725607,31.92557580874589,32.62926650725607,31.92557580874589,False,False,False,False,0.5887349680614974,0.8498435329441014,0.5887349680614974,False,both,left,none,none,0,moving_average,4,2.0,peak,12,-1,-1,12,False,0.5466762656402981,False,False,False,False,False,False,False,,
frame_000259.jpg,32.723814506866546,32.06147933078064,259,True,0.018520045995012252,0.0,0.0,0.09260022997506126,False,False,False,False,False,0.2,0.12,0.18,False,False,True,True,True,32.723814506866546,32.06147933078064,32.723814506866546,32.06147933078064,False,False,False,False,0.6592436705744429,0.8682565957691321,0.6592436705744429,False,both,left,none,none,0,moving_average,4,2.0,peak,12,-1,-1,12,False,0.6116196993880263,False,False,False,False,False,False,False,,
frame_000260.jpg,32.62677972100359,31.937430049845727,260,True,0.04202961390470923,0.0,0.0,0.21014806952354614,False,False,False,False,False,0.2,0.12,0.18,False,False,True,True,True,32.62677972100359,31.937430049845727,32.62677972100359,31.937430049845727,False,False,False,False,0.5868804595281389,0.8514496199891343,0.5868804595281389,False,both,left,none,none,0,moving_average,4,2.0,peak,12,-1,-1,12,False,,False,False,False,False,False,False,False,,
