frame_name,left_temp,right_temp,frame_index,motion_coordinate_valid,motion_center_step_norm,motion_scale_step_log,motion_angle_step_rad,motion_score,motion_center_flag,motion_scale_flag,motion_angle_flag,motion_artifact_raw,motion_artifact,motion_center_threshold,motion_scale_threshold,motion_angle_threshold,left_missing_raw,right_missing_raw,left_quality_valid,right_quality_valid,quality_any_valid,left_temp_motion_filtered,right_temp_motion_filtered,left_temp_used,right_temp_used,left_repaired,right_repaired,left_motion_interpolated,right_motion_interpolated,left_norm,right_norm,fused_norm,fused_repaired,fusion_source,selected_fusion_mode,peak_retune_rule,edge_peak_completion,edge_peak_added,smoothing_method,butterworth_order,butterworth_cutoff_hz,rr_estimator,time_peak_count,spectral_count,autocorr_count,joint_count,joint_adjusted,smoothed_norm,is_peak,source_peak_rejected,quality_peak_rejected,mad_ibi_peak_rejected,motion_peak_rejected,motion_interval_peak_rejected,motion_reconstructed_peak,peak_number,event_source
frame_000000.jpg,32.904679377630515,33.34604970986336,0,True,,,,0.0,False,False,False,False,False,0.5353936006977315,0.2346035705288287,0.18,False,False,True,True,True,32.904679377630515,33.34604970986336,32.904679377630515,33.34604970986336,False,False,False,False,0.8773714352257835,0.8768901411637035,0.8773714352257835,False,both,max,none,none,0,moving_average,4,2.0,peak,21,-1,-1,21,False,,False,False,False,False,False,False,False,,
frame_000001.jpg,32.78742095125899,32.91632659987009,1,True,0.0678472049871612,0.06139758045505708,0.01581245433290123,0.26170778354591323,False,False,False,False,False,0.5353936006977315,0.2346035705288287,0.18,False,False,True,True,True,32.78742095125899,32.91632659987009,32.78742095125899,32.91632659987009,False,False,False,False,0.8492100658968168,0.6549182939939785,0.8492100658968168,False,both,max,none,none,0,moving_average,4,2.0,peak,21,-1,-1,21,False,0.85619100090165,False,False,False,False,False,False,False,,
frame_000002.jpg,32.75736426323759,33.026294073639306,2,True,0.034666658096165884,0.04334876524774644,0.012434036937926883,0.1847745332691756,False,False,False,False,False,0.5353936006977315,0.2346035705288287,0.18,False,False,True,True,True,32.75736426323759,33.026294073639306,32.75736426323759,33.026294073639306,False,False,False,False,0.8419915015823497,0.7117215766508589,0.8419915015823497,False,both,max,none,none,0,moving_average,4,2.0,peak,21,-1,-1,21,False,0.840954807067232,False,False,False,False,False,False,False,,
frame_000003.jpg,32.71435779645537,32.910630954137375,3,True,0.02878221437773965,0.01449221187881256,0.0015896049257915785,0.06177319401467388,False,False,False,False,False,0.5353936006977315,0.2346035705288287,0.18,False,False,True,True,True,32.71435779645537,32.910630954137375,32.71435779645537,32.910630954137375,False,False,False,False,0.8316628537225297,0.6519762297327969,0.8316628537225297,False,both,max,none,none,0,moving_average,4,2.0,peak,21,-1,-1,21,False,0.8345498881321458,False,False,False,False,False,False,False,,
frame_000004.jpg,32.70741446720714,32.86477810228872,4,True,0.006516432251740325,0.007969530405837907,0.009988396726222743,0.05549109292345969,False,False,False,False,False,0.5353936006977315,0.2346035705288287,0.18,False,False,True,True,True,32.70741446720714,32.86477810228872,32.70741446720714,32.86477810228872,False,False,False,False,0.829995309091558,0.6282911125348746,0.829995309091558,False,both,max,none,none,0,moving_average,4,2.0,peak,21,-1,-1,21,False,0.8321823040486639,False,False,False,False,False,False,False,,
frame_000005.jpg,32.72778979396853,32.85364183810889,5,True,0.0019007132448219258,0.010341079124835912,0.0062078606584698,0.04407895029698695,False,False,False,False,False,0.5353936006977315,0.2346035705288287,0.18,False,False,True,True,True,32.72778979396853,32.85364183810889,32.72778979396853,32.85364183810889,False,False,False,False,0.8348887493319038,0.6225387173923268,0.8348887493319038,False,both,max,none,none,0,moving_average,4,2.0,peak,21,-1,-1,21,False,0.8433897158643324,False,False,False,False,False,False,False,,
frame_000006.jpg,32.85435419981043,32.91848346848693,6,True,0.020160546421967847,0.048327617992245775,0.001301521757574508,0.20599694149287107,False,False,False,False,False,0.5353936006977315,0.2346035705288287,0.18,False,False,True,True,True,32.85435419981043,32.91848346848693,32.85435419981043,32.91848346848693,False,False,False,False,0.8652850891695358,0.6560324163203078,0.8652850891695358,False,both,max,none,none,0,moving_average,4,2.0,peak,21,-1,-1,21,False,0.8606916181610628,False,False,False,False,False,False,False,,
frame_000007.jpg,32.92353966476225,32.92422925156404,7,True,0.0032132801491581977,0.008136277577254738,0.0038150533341772402,0.03468096226717458,False,False,False,False,False,0.5353936006977315,0.2346035705288287,0.18,False,False,True,True,True,32.92353966476225,32.92422925156404,32.92353966476225,32.92422925156404,False,False,False,False,0.8819010159817485,0.6590003788371076,0.8819010159817485,False,both,max,none,none,0,moving_average,4,2.0,peak,21,-1,-1,21,False,0.8782069209264393,False,False,False,False,False,False,False,,
frame_000008.jpg,32.94658066479203,32.89922179092722,8,True,0.006095980079246242,0.002101396041437829,0.0011023608742273348,0.011385978598365551,False,False,False,False,False,0.5353936006977315,0.2346035705288287,0.18,False,False,True,True,True,32.94658066479203,32.89922179092722,32.94658066479203,32.89922179092722,False,False,False,False,0.8874346576280334,0.6460828696282908,0.8874346576280334,False,both,max,none,none,0,moving_average,4,2.0,peak,21,-1,-1,21,False,0.885590110412605,False,False,False,False,False,False,False,,
frame_000009.jpg,32.94658066479203,32.89922179092722,9,True,0.0,0.0,0.0,0.0,False,False,False,False,False,0.5353936006977315,0.2346035705288287,0.18,False,False,True,True,True,32.94658066479203,32.89922179092722,32.94658066479203,32.89922179092722,False,False,False,False,0.8874346576280334,0.6460828696282908,0.8874346576280334,False,both,max,none,none,0,moving_average,4,2.0,peak,21,-1,-1,21,False,0.8893667285709936,True,False,False,False,False,False,False,1,
frame_000010.jpg,32.970714959800546,33.06349553149631,10,True,0.009947739893013934,0.028468690000173467,0.0021448420670240834,0.12134806787467525,False,False,False,False,False,0.5353936006977315,0.2346035705288287,0.18,False,False,True,True,True,32.970714959800546,33.06349553149631,32.970714959800546,33.06349553149631,False,False,False,False,0.8932308704569144,0.7309378490036647,0.8932308704569144,False,both,max,none,none,0,moving_average,4,2.0,peak,21,-1,-1,21,False,0.8863541971664047,False,False,False,False,False,False,False,,
frame_000011.jpg,32.90894989253407,33.064505109058,11,True,0.038836259469588894,0.030759872536517782,0.011184706212333513,0.13111425570881466,False,False,False,False,False,0.5353936006977315,0.2346035705288287,0.18,False,False,True,True,True,32.90894989253407,33.064505109058,32.90894989253407,33.064505109058,False,False,False,False,0.8783970634142666,0.7314593424747342,0.8783970634142666,False,both,max,none,none,0,moving_average,4,2.0,peak,21,-1,-1,21,False,0.8742896241537315,False,False,False,False,False,False,False,,
frame_000012.jpg,32.7958771073991,32.953340489745266,12,True,0.010627434592608415,0.00938610765492866,0.024276219038726746,0.13486788354848192,False,False,False,False,False,0.5353936006977315,0.2346035705288287,0.18,False,False,True,True,True,32.7958771073991,32.953340489745266,32.7958771073991,32.953340489745266,False,False,False,False,0.8512409385900134,0.6740376788151913,0.8512409385900134,False,both,max,none,none,0,moving_average,4,2.0,peak,21,-1,-1,21,False,0.8602929801980979,False,False,False,False,False,False,False,,
frame_000013.jpg,32.7958771073991,32.953340489745266,13,True,0.0,0.0,0.0,0.0,False,False,False,False,False,0.5353936006977315,0.2346035705288287,0.18,False,False,True,True,True,32.7958771073991,32.953340489745266,32.7958771073991,32.953340489745266,False,False,False,False,0.8512409385900134,0.6740376788151913,0.8512409385900134,False,both,max,none,none,0,moving_average,4,2.0,peak,21,-1,-1,21,False,0.8481107099703213,False,False,False,False,False,False,False,,
frame_000014.jpg,32.75677613068445,32.76179167829097,14,True,0.019836552790136863,0.018881361437228652,0.009336004654817867,0.08048198667508541,False,False,False,False,False,0.5353936006977315,0.2346035705288287,0.18,False,False,True,True,True,32.75677613068445,32.76179167829097,32.75677613068445,32.76179167829097,False,False,False,False,0.8418502527309375,0.5750938647337434,0.8418502527309375,False,both,max,none,none,0,moving_average,4,2.0,peak,21,-1,-1,21,False,0.8367879429907066,False,False,False,False,False,False,False,,
frame_000015.jpg,32.6544397551143,32.7078996455816,15,True,0.01974505680106554,0.011367896842537088,0.003315035956604437,0.04845577080055639,False,False,False,False,False,0.5353936006977315,0.2346035705288287,0.18,False,False,True,True,True,32.6544397551143,32.7078996455816,32.6544397551143,32.7078996455816,False,False,False,False,0.8172726376511693,0.5472561390679824,0.8172726376511693,False,both,max,none,none,0,moving_average,4,2.0,peak,21,-1,-1,21,False,0.8243789502532719,False,False,False,False,False,False,False,,
frame_000016.jpg,32.6408712611723,32.71498647569498,16,True,0.004593134216331029,0.00011729363389312366,0.003869256931741666,0.021495871843009256,False,False,False,False,False,0.5353936006977315,0.2346035705288287,0.18,False,False,True,True,True,32.6408712611723,32.71498647569498,32.6408712611723,32.71498647569498,False,False,False,False,0.8140139603777092,0.5509168143592639,0.8140139603777092,False,both,max,none,none,0,moving_average,4,2.0,peak,21,-1,-1,21,False,0.8239631937325423,False,False,False,False,False,False,False,,
frame_000017.jpg,32.75158274451012,33.0926798530564,17,True,0.024779041104198332,0.031865120654225566,0.0016560423174177407,0.1358253865548474,False,False,False,False,False,0.5353936006977315,0.2346035705288287,0.18,False,False,True,True,True,32.75158274451012,33.0926798530564,32.75158274451012,33.0926798530564,False,False,False,False,0.8406029831687488,0.746012899924689,0.8406029831687488,False,both,max,none,none,0,moving_average,4,2.0,peak,21,-1,-1,21,False,0.8521482807319904,False,False,False,False,False,False,False,,
frame_000018.jpg,33.006511301432944,33.25522138331132,18,True,0.0056620565888749275,0.03327301511533249,0.006951534617502156,0.14182655038169514,False,False,False,False,False,0.5353936006977315,0.2346035705288287,0.18,False,False,True,True,True,33.006511301432944,33.25522138331132,33.006511301432944,33.25522138331132,False,False,False,False,0.9018278986495135,0.8299731126138401,0.9018278986495135,False,both,max,none,none,0,moving_average,4,2.0,peak,21,-1,-1,21,False,0.8826343973239175,False,False,False,False,False,False,False,,
frame_000019.jpg,33.02168591716326,33.31253730038613,19,True,0.010373885785273273,0.04358371456357456,0.00408423843072861,0.18577600701187486,False,False,False,False,False,0.5353936006977315,0.2346035705288287,0.18,False,False,True,True,True,33.02168591716326,33.31253730038613,33.02168591716326,33.31253730038613,False,False,False,False,0.9054723101534902,0.8595794327987648,0.9054723101534902,False,both,max,none,none,0,moving_average,4,2.0,peak,21,-1,-1,21,False,0.9035826917365111,False,False,False,False,False,False,False,,
frame_000020.jpg,33.01325652989614,33.31145637945573,20,True,0.010309273607084841,0.028151239434344486,0.00272046342975024,0.11999493175183874,False,False,False,False,False,0.5353936006977315,0.2346035705288287,0.18,False,False,True,True,True,33.01325652989614,33.31145637945573,33.01325652989614,33.31145637945573,False,False,False,False,0.9034478664065295,0.8590210871804193,0.9034478664065295,False,both,max,none,none,0,moving_average,4,2.0,peak,21,-1,-1,21,False,0.9055293318117368,True,False,False,False,False,False,False,2,
frame_000021.jpg,33.030827585481454,33.36241707688602,21,True,0.01502292375577906,0.01633242210193086,0.009452911477478319,0.06961710797970949,False,False,False,False,False,0.5353936006977315,0.2346035705288287,0.18,False,False,True,True,True,33.030827585481454,33.36241707688602,33.030827585481454,33.36241707688602,False,False,False,False,0.9076678188751905,0.8853446426946581,0.9076678188751905,False,both,max,none,none,0,moving_average,4,2.0,peak,21,-1,-1,21,False,0.8971491437460735,False,False,False,False,False,False,False,,
frame_000022.jpg,32.91700553172479,33.27497445356364,22,True,0.05584270237696192,0.018816717354751544,0.00215559492842014,0.10430214762407887,False,False,False,False,False,0.5353936006977315,0.2346035705288287,0.18,False,False,True,True,True,32.91700553172479,33.27497445356364,32.91700553172479,33.27497445356364,False,False,False,False,0.8803317459565007,0.840176486342677,0.8803317459565007,False,both,max,none,none,0,moving_average,4,2.0,peak,21,-1,-1,21,False,0.8707102742532262,False,False,False,False,False,False,False,,
frame_000023.jpg,32.68299770665938,33.08797336839699,23,True,0.23300140088723456,0.0634271653863249,0.035726159568357396,0.435196462160893,False,False,False,False,False,0.5353936006977315,0.2346035705288287,0.18,False,False,True,True,True,32.68299770665938,33.08797336839699,32.68299770665938,33.08797336839699,False,False,False,False,0.8241312579279878,0.7435817830747184,0.8241312579279878,False,both,max,none,none,0,moving_average,4,2.0,peak,21,-1,-1,21,False,0.8295713982298779,False,False,False,False,False,False,False,,
frame_000024.jpg,32.51694491782693,32.79867776751109,24,True,0.3163343487474937,0.011179956226537629,0.06759548402303192,0.5908444709373496,False,False,False,False,False,0.5353936006977315,0.2346035705288287,0.18,False,False,True,True,True,32.51694491782693,32.79867776751109,32.51694491782693,32.79867776751109,False,False,False,False,0.7842511908051454,0.5941472346099531,0.7842511908051454,False,both,max,none,none,0,moving_average,4,2.0,peak,21,-1,-1,21,False,0.7902410527442403,False,False,False,False,False,False,False,,
frame_000025.jpg,32.42571396492402,32.102560272987176,25,True,0.23996893834259286,0.10486369952935333,0.00623100924511176,0.4482103223308281,False,False,False,False,False,0.5353936006977315,0.2346035705288287,0.18,False,False,True,True,True,32.42571396492402,32.102560272987176,32.42571396492402,32.102560272987176,False,False,False,False,0.7623407094995878,0.23457037566686834,0.7623407094995878,False,both,max,none,none,0,moving_average,4,2.0,peak,21,-1,-1,21,False,0.68959642708936,False,False,False,False,False,False,False,,
frame_000026.jpg,31.410156791215176,32.65938751396403,26,True,0.45273696943612096,0.026946592861422085,0.03161415846081127,0.8456152050493481,False,False,False,False,True,0.5353936006977315,0.2346035705288287,0.18,False,False,True,True,True,31.410156791215176,32.65938751396403,31.410156791215176,32.65938751396403,False,False,True,True,0.5184394264235184,0.5221973809633469,0.5221973809633469,False,both,max,none,none,0,moving_average,4,2.0,peak,21,-1,-1,21,False,0.6636501754142701,False,False,False,False,False,False,False,,
frame_000027.jpg,32.19283958692622,32.84837864191457,27,True,0.38454834948029976,0.25600750041403203,0.07603533678895597,1.0912344592068908,False,True,False,True,True,0.5353936006977315,0.2346035705288287,0.18,False,False,True,True,True,32.19283958692622,32.84837864191457,32.19283958692622,32.84837864191457,False,False,True,True,0.7064124357798756,0.6198200333045933,0.7064124357798756,False,both,max,none,none,0,moving_average,4,2.0,peak,21,-1,-1,21,False,0.6483204879690202,False,False,False,False,False,False,False,,
frame_000028.jpg,,,28,False,,,,0.0,False,False,False,False,True,0.5353936006977315,0.2346035705288287,0.18,True,True,False,False,False,,,32.23422451649563,32.874256061314725,True,True,False,False,0.7163516471638383,0.6331869164222541,0.7163516471638383,False,missing,max,none,none,0,moving_average,4,2.0,peak,21,-1,-1,21,False,0.7163516471638383,False,False,False,False,False,False,False,,
frame_000029.jpg,,,29,False,,,,0.0,False,False,False,False,False,0.5353936006977315,0.2346035705288287,0.18,True,True,False,False,False,,,32.27560944606504,32.900133480714885,True,True,False,False,0.7262908585478011,0.6465537995399184,0.7262908585478011,False,missing,max,none,none,0,moving_average,4,2.0,peak,21,-1,-1,21,False,0.7262908585478011,False,False,False,False,False,False,False,,
frame_000030.jpg,,,30,False,,,,0.0,False,False,False,False,False,0.5353936006977315,0.2346035705288287,0.18,True,True,False,False,False,,,32.31699437563445,32.926010900115045,True,True,False,False,0.7362300699317639,0.6599206826575829,0.7362300699317639,False,missing,max,none,none,0,moving_average,4,2.0,peak,21,-1,-1,21,False,0.7362300699317638,False,False,False,False,False,False,False,,
frame_000031.jpg,,,31,False,,,,0.0,False,False,False,False,False,0.5353936006977315,0.2346035705288287,0.18,True,True,False,False,False,,,32.35837930520386,32.9518883195152,True,True,False,False,0.7461692813157266,0.6732875657752435,0.7461692813157266,False,missing,max,none,none,0,moving_average,4,2.0,peak,21,-1,-1,21,False,0.7461692813157266,False,False,False,False,False,False,False,,
frame_000032.jpg,,,32,False,,,,0.0,False,False,False,False,False,0.5353936006977315,0.2346035705288287,0.18,True,True,False,False,False,,,32.39976423477327,32.97776573891535,True,True,False,False,0.7561084926996894,0.6866544488929043,0.7561084926996894,False,missing,max,none,none,0,moving_average,4,2.0,peak,21,-1,-1,21,False,0.7561084926996899,False,False,False,False,False,False,False,,
frame_000033.jpg,,,33,False,,,,0.0,False,False,False,False,False,0.5353936006977315,0.2346035705288287,0.18,True,True,False,False,False,,,32.44114916434269,33.00364315831551,True,True,False,False,0.7660477040836539,0.7000213320105686,0.7660477040836539,False,missing,max,none,none,0,moving_average,4,2.0,peak,21,-1,-1,21,False,0.7660477040836532,False,False,False,False,False,False,False,,
frame_000034.jpg,,,34,False,,,,0.0,False,False,False,False,False,0.5353936006977315,0.2346035705288287,0.18,True,True,False,False,False,,,32.4825340939121,33.02952057771567,True,True,False,False,0.7759869154676167,0.713388215128233,0.7759869154676167,False,missing,max,none,none,0,moving_average,4,2.0,peak,21,-1,-1,21,False,0.7759869154676166,False,False,False,False,False,False,False,,
frame_000035.jpg,,,35,False,,,,0.0,False,False,False,False,False,0.5353936006977315,0.2346035705288287,0.18,True,True,False,False,False,,,32.52391902348151,33.055397997115826,True,True,False,False,0.7859261268515794,0.7267550982458937,0.7859261268515794,False,missing,max,none,none,0,moving_average,4,2.0,peak,21,-1,-1,21,False,0.7859261268515794,False,False,False,False,False,False,False,,
frame_000036.jpg,,,36,False,,,,0.0,False,False,False,False,False,0.5353936006977315,0.2346035705288287,0.18,True,True,False,False,False,,,32.56530395305092,33.08127541651598,True,True,False,False,0.7958653382355422,0.7401219813635544,0.7958653382355422,False,missing,max,none,none,0,moving_average,4,2.0,peak,21,-1,-1,21,False,0.7958653382355421,False,False,False,False,False,False,False,,
frame_000037.jpg,32.60668888262033,33.10715283591614,37,True,,,,0.0,False,False,False,False,False,0.5353936006977315,0.2346035705288287,0.18,False,False,True,True,True,32.60668888262033,33.10715283591614,32.60668888262033,33.10715283591614,False,False,False,False,0.805804549619505,0.7534888644812188,0.805804549619505,False,both,max,none,none,0,moving_average,4,2.0,peak,21,-1,-1,21,False,0.811460425170039,False,False,False,False,False,False,False,,
frame_000038.jpg,32.718723686390994,33.03650336534721,38,True,0.3838553191705213,0.16492825182267146,0.08081235335305115,0.7169591094668976,False,False,False,False,False,0.5353936006977315,0.2346035705288287,0.18,False,False,True,True,True,32.718723686390994,33.03650336534721,32.718723686390994,33.03650336534721,False,False,False,False,0.83271138765507,0.7169951476690269,0.83271138765507,False,both,max,none,none,0,moving_average,4,2.0,peak,21,-1,-1,21,False,0.8237424416432149,False,False,False,False,False,False,False,,
frame_000039.jpg,32.718723686390994,33.03650336534721,39,True,0.0,0.0,0.0,0.0,False,False,False,False,False,0.5353936006977315,0.2346035705288287,0.18,False,False,True,True,True,32.718723686390994,33.03650336534721,32.718723686390994,33.03650336534721,False,False,False,False,0.83271138765507,0.7169951476690269,0.83271138765507,False,both,max,none,none,0,moving_average,4,2.0,peak,21,-1,-1,21,False,0.8295447912148999,False,False,False,False,False,False,False,,
frame_000040.jpg,32.67916842423127,33.10671329947977,40,True,0.23680458690229683,0.16492825182267146,0.08081235335305115,0.7030082766894831,False,False,False,False,False,0.5353936006977315,0.2346035705288287,0.18,False,False,True,True,True,32.67916842423127,33.10671329947977,32.67916842423127,33.10671329947977,False,False,False,False,0.8232115983345598,0.7532618235974264,0.8232115983345598,False,both,max,none,none,0,moving_average,4,2.0,peak,21,-1,-1,21,False,0.8285448262523424,False,False,False,False,False,False,False,,
frame_000041.jpg,32.70623271161987,33.02958254143969,41,True,0.3366237371962492,0.16843853928889727,0.006042638887791836,0.717970911138367,False,False,False,False,False,0.5353936006977315,0.2346035705288287,0.18,False,False,True,True,True,32.70623271161987,33.02958254143969,32.70623271161987,33.02958254143969,False,False,False,False,0.8297114927673974,0.7134202222555139,0.8297114927673974,False,both,max,none,none,0,moving_average,4,2.0,peak,21,-1,-1,21,False,0.8435811711767953,False,False,False,False,False,False,False,,
frame_000042.jpg,32.90654887240643,33.10716246134515,42,True,0.2603046118990606,0.10283993843006015,0.012610072050152408,0.4861929831806516,False,False,False,False,False,0.5353936006977315,0.2346035705288287,0.18,False,False,True,True,True,32.90654887240643,33.10716246134515,32.90654887240643,33.10716246134515,False,False,False,False,0.8778204224284292,0.7534938364601679,0.8778204224284292,False,both,max,none,none,0,moving_average,4,2.0,peak,21,-1,-1,21,False,0.8769346534748421,False,False,False,False,False,False,False,,
frame_000043.jpg,33.095800527868725,33.330519651743906,43,True,0.12600756483001738,0.010318908776471276,0.003080654687714514,0.23535500735496798,False,False,False,False,False,0.5353936006977315,0.2346035705288287,0.18,False,False,True,True,True,33.095800527868725,33.330519651743906,33.095800527868725,33.330519651743906,False,False,False,False,0.9232720452286999,0.8688681483798337,0.9232720452286999,False,both,max,none,none,0,moving_average,4,2.0,peak,21,-1,-1,21,False,0.9336974892190428,False,False,False,False,False,False,False,,
frame_000044.jpg,33.41528070406648,33.4776715241769,44,True,0.18957668610745315,0.019085099772091375,0.004238989878770822,0.3540884423354977,False,False,False,False,False,0.5353936006977315,0.2346035705288287,0.18,False,False,True,True,True,33.41528070406648,33.4776715241769,33.41528070406648,33.4776715241769,False,False,False,False,1.0,0.9448788915277802,1.0,False,both,max,none,none,0,moving_average,4,2.0,peak,21,-1,-1,21,False,0.9590205537708799,False,False,False,False,False,False,False,,
frame_000045.jpg,33.222869715924375,33.47561520393739,45,True,0.20000804508265105,0.038288220454237486,0.0028698579193782575,0.3735719754998904,False,False,False,False,False,0.5353936006977315,0.2346035705288287,0.18,False,False,True,True,True,33.222869715924375,33.47561520393739,33.222869715924375,33.47561520393739,False,False,False,False,0.9537896160839402,0.9438167070854683,0.9537896160839402,False,both,max,none,none,0,moving_average,4,2.0,peak,21,-1,-1,21,False,0.9821246267499295,True,False,False,False,False,False,False,3,
frame_000046.jpg,33.38440303245393,33.528757804929526,46,True,0.20009130394922767,0.05137954836591347,0.012590797034279448,0.3737274851407754,False,False,False,False,False,0.5353936006977315,0.2346035705288287,0.18,False,False,True,True,True,33.38440303245393,33.528757804929526,33.38440303245393,33.528757804929526,False,False,False,False,0.9925842641658482,0.9712673166321912,0.9925842641658482,False,both,max,none,none,0,moving_average,4,2.0,peak,21,-1,-1,21,False,0.9481375274587254,False,False,False,False,False,False,False,,
frame_000047.jpg,32.9907338292396,33.18473689874806,47,True,0.20998419829111623,0.11418568161608023,0.021324190093109152,0.4867175779068068,False,False,False,False,False,0.5353936006977315,0.2346035705288287,0.18,False,False,True,True,True,32.9907338292396,33.18473689874806,32.9907338292396,33.18473689874806,False,False,False,False,0.8980387021263876,0.7935646186988684,0.8980387021263876,False,both,max,none,none,0,moving_average,4,2.0,peak,21,-1,-1,21,False,0.9268099852848096,False,False,False,False,False,False,False,,
frame_000048.jpg,32.95645859033539,33.142865608838264,48,True,0.00747838075117543,0.024810407954118253,0.008375567190756106,0.10575460509058827,False,False,False,False,False,0.5353936006977315,0.2346035705288287,0.18,False,False,True,True,True,32.95645859033539,33.142865608838264,32.95645859033539,33.142865608838264,False,False,False,False,0.8898069895621933,0.7719361622614129,0.8898069895621933,False,both,max,none,none,0,moving_average,4,2.0,peak,21,-1,-1,21,False,0.8909802979797389,False,False,False,False,False,False,False,,
frame_000049.jpg,32.93683963079203,33.142865608838264,49,True,0.003814277434691781,0.005090131136259311,0.005682061446639977,0.03156700803688876,False,False,False,False,False,0.5353936006977315,0.2346035705288287,0.18,False,False,True,True,True,32.93683963079203,33.142865608838264,32.93683963079203,33.142865608838264,False,False,False,False,0.8850952022506358,0.7719361622614129,0.8850952022506358,False,both,max,none,none,0,moving_average,4,2.0,peak,21,-1,-1,21,False,0.8866451108177517,False,False,False,False,False,False,False,,
frame_000050.jpg,32.936581218402125,33.10803646802687,50,True,0.012376784600713724,0.0035232102621678123,0.009240843529908269,0.05133801961060149,False,False,False,False,False,0.5353936006977315,0.2346035705288287,0.18,False,False,True,True,True,32.936581218402125,33.10803646802687,32.936581218402125,33.10803646802687,False,False,False,False,0.8850331406404262,0.7539453013059451,0.8850331406404262,False,both,max,none,none,0,moving_average,4,2.0,peak,21,-1,-1,21,False,0.8792466775684192,False,False,False,False,False,False,False,,
frame_000051.jpg,32.86404170922096,33.10800692442305,51,True,0.0538412369395765,0.013604679166456426,0.0174465540990575,0.10056384101231308,False,False,False,False,False,0.5353936006977315,0.2346035705288287,0.18,False,False,True,True,True,32.86404170922096,33.10800692442305,32.86404170922096,33.10800692442305,False,False,False,False,0.8676116898141961,0.7539300406691337,0.8676116898141961,False,both,max,none,none,0,moving_average,4,2.0,peak,21,-1,-1,21,False,0.8804464446882506,False,False,False,False,False,False,False,,
frame_000052.jpg,32.95182641671572,33.0475708124062,52,True,0.03273902554909063,0.10992269003943264,0.012827066173217078,0.4685465348700866,False,False,False,False,False,0.5353936006977315,0.2346035705288287,0.18,False,False,True,True,True,32.95182641671572,33.0475708124062,32.95182641671572,33.0475708124062,False,False,False,False,0.8886945036101298,0.722711995588088,0.8886945036101298,False,both,max,none,none,0,moving_average,4,2.0,peak,21,-1,-1,21,False,0.8776656047807692,False,False,False,False,False,False,False,,
frame_000053.jpg,32.90184460019297,33.14998758750653,53,True,0.05446561887672734,0.03844103720500273,0.02239330356498823,0.16385529477812869,False,False,False,False,False,0.5353936006977315,0.2346035705288287,0.18,False,False,True,True,True,32.90184460019297,33.14998758750653,32.90184460019297,33.14998758750653,False,False,False,False,0.8766906209179819,0.7756149934057821,0.8766906209179819,False,both,max,none,none,0,moving_average,4,2.0,peak,21,-1,-1,21,False,0.9071860064815283,False,False,False,False,False,False,False,,
frame_000054.jpg,33.232793222208564,33.377673181345344,54,True,0.03904691874043279,0.039068427823577265,0.004187443600160896,0.16652955338877265,False,False,False,False,False,0.5353936006977315,0.2346035705288287,0.18,False,False,True,True,True,33.232793222208564,33.377673181345344,33.232793222208564,33.377673181345344,False,False,False,False,0.956172894916473,0.8932251257515359,0.956172894916473,False,both,max,none,none,0,moving_average,4,2.0,peak,21,-1,-1,21,False,0.9277876455930281,False,False,False,False,False,False,False,,
frame_000055.jpg,33.20916998776187,33.375084904150924,55,True,0.017384802432639856,0.01951008855045326,0.000705416798638881,0.0831619421071676,False,False,False,False,False,0.5353936006977315,0.2346035705288287,0.18,False,False,True,True,True,33.20916998776187,33.375084904150924,33.20916998776187,33.375084904150924,False,False,False,False,0.9504994209446297,0.8918881609561317,0.9504994209446297,False,both,max,none,none,0,moving_average,4,2.0,peak,21,-1,-1,21,False,0.9553801508460483,True,False,False,False,False,False,False,4,
frame_000056.jpg,33.24651396351359,33.40475985443247,56,True,0.015615765219693123,0.014669111392493016,0.0011031988151165711,0.06252722991140681,False,False,False,False,False,0.5353936006977315,0.2346035705288287,0.18,False,False,True,True,True,33.24651396351359,33.40475985443247,33.24651396351359,33.40475985443247,False,False,False,False,0.9594681366770424,0.9072166442875672,0.9594681366770424,False,both,max,none,none,0,moving_average,4,2.0,peak,21,-1,-1,21,False,0.9538106986021272,False,False,False,False,False,False,False,,
frame_000057.jpg,33.213188546927576,33.41870585585877,57,True,0.010343421831464642,0.003988447171489623,0.005084521182823765,0.028247339904576473,False,False,False,False,False,0.5353936006977315,0.2346035705288287,0.18,False,False,True,True,True,33.213188546927576,33.41870585585877,33.213188546927576,33.41870585585877,False,False,False,False,0.9514645381847096,0.9144203985778019,0.9514645381847096,False,both,max,none,none,0,moving_average,4,2.0,peak,21,-1,-1,21,False,0.9542655950484555,False,False,False,False,False,False,False,,
frame_000058.jpg,33.21485228688966,33.4358420560871,58,True,0.004451145831387524,0.00811173499587662,0.001676590208859529,0.03457634927546778,False,False,False,False,False,0.5353936006977315,0.2346035705288287,0.18,False,False,True,True,True,33.21485228688966,33.4358420560871,33.21485228688966,33.4358420560871,False,False,False,False,0.9518641102836147,0.9232720379932664,0.9518641102836147,False,both,max,none,none,0,moving_average,4,2.0,peak,21,-1,-1,21,False,0.9340731196163873,False,False,False,False,False,False,False,,
frame_000059.jpg,32.994281424741985,33.23352585258162,59,True,0.036244761976253696,0.0087185178498179,0.0032310477828612297,0.06769741350852734,False,False,False,False,False,0.5353936006977315,0.2346035705288287,0.18,False,False,True,True,True,32.994281424741985,33.23352585258162,32.994281424741985,33.23352585258162,False,False,False,False,0.8988907103808378,0.8187663682721761,0.8988907103808378,False,both,max,none,none,0,moving_average,4,2.0,peak,21,-1,-1,21,False,0.91654851034843,False,False,False,False,False,False,False,,
frame_000060.jpg,32.994281424741985,33.23352585258162,60,True,0.0,0.0,0.0,0.0,False,False,False,False,False,0.5353936006977315,0.2346035705288287,0.18,False,False,True,True,True,32.994281424741985,33.23352585258162,32.994281424741985,33.23352585258162,False,False,False,False,0.8988907103808378,0.8187663682721761,0.8988907103808378,False,both,max,none,none,0,moving_average,4,2.0,peak,21,-1,-1,21,False,0.8998175764269472,False,False,False,False,False,False,False,,
frame_000061.jpg,33.005859290798966,33.204092223218154,61,True,0.0174193661333009,0.007665437981098154,0.0020987819618043992,0.03267400391144604,False,False,False,False,False,0.5353936006977315,0.2346035705288287,0.18,False,False,True,True,True,33.005859290798966,33.204092223218154,33.005859290798966,33.204092223218154,False,False,False,False,0.901671308519166,0.8035625383482509,0.901671308519166,False,both,max,none,none,0,moving_average,4,2.0,peak,21,-1,-1,21,False,0.8970514185368282,False,False,False,False,False,False,False,,
frame_000062.jpg,32.95972820566713,33.12977106327345,62,True,0.00776942115424271,0.016106283091581994,0.005177867119717402,0.068653188249762,False,False,False,False,False,0.5353936006977315,0.2346035705288287,0.18,False,False,True,True,True,32.95972820566713,33.12977106327345,32.95972820566713,33.12977106327345,False,False,False,False,0.890592236710481,0.7651722242760556,0.890592236710481,False,both,max,none,none,0,moving_average,4,2.0,peak,21,-1,-1,21,False,0.8975633982630675,False,False,False,False,False,False,False,,
frame_000063.jpg,33.00067677466247,33.11825385172075,63,True,0.014293638372286635,0.005359009063202666,0.006078688931964012,0.03377049406646673,False,False,False,False,False,0.5353936006977315,0.2346035705288287,0.18,False,False,True,True,True,33.00067677466247,33.11825385172075,33.00067677466247,33.11825385172075,False,False,False,False,0.9004266495595559,0.759223052208867,0.9004266495595559,False,both,max,none,none,0,moving_average,4,2.0,peak,21,-1,-1,21,False,0.8958655499039533,False,False,False,False,False,False,False,,
frame_000064.jpg,32.98465076668763,33.10397574650886,64,True,0.00516887961057985,0.004169115689467655,0.007280028378702445,0.04044460210390247,False,False,False,False,False,0.5353936006977315,0.2346035705288287,0.18,False,False,True,True,True,32.98465076668763,33.10397574650886,32.98465076668763,33.10397574650886,False,False,False,False,0.8965777634418232,0.7518477509642648,0.8965777634418232,False,both,max,none,none,0,moving_average,4,2.0,peak,21,-1,-1,21,False,0.8929564021123333,False,False,False,False,False,False,False,,
frame_000065.jpg,32.897056539486805,33.35568031405803,65,True,0.06470741919137717,0.05837609913576939,0.03478420112488637,0.24882869005012004,False,False,False,False,False,0.5353936006977315,0.2346035705288287,0.18,False,False,True,True,True,32.897056539486805,33.35568031405803,32.897056539486805,33.35568031405803,False,False,False,False,0.8755406963446408,0.881864793335621,0.881864793335621,False,both,max,none,none,0,moving_average,4,2.0,peak,21,-1,-1,21,False,0.8971169214256932,False,False,False,False,False,False,False,,
frame_000066.jpg,32.944983929169275,33.41577835193744,66,True,0.009869077720513843,0.01506636817831823,0.003063029601588003,0.064220540822787,False,False,False,False,False,0.5353936006977315,0.2346035705288287,0.18,False,False,True,True,True,32.944983929169275,33.41577835193744,32.944983929169275,33.41577835193744,False,False,False,False,0.887051177625917,0.9129082074996356,0.9129082074996356,False,both,max,none,none,0,moving_average,4,2.0,peak,21,-1,-1,21,False,0.9025604027782974,False,False,False,False,False,False,False,,
frame_000067.jpg,32.944983929169275,33.41577835193744,67,True,0.0,0.0,0.0,0.0,False,False,False,False,False,0.5353936006977315,0.2346035705288287,0.18,False,False,True,True,True,32.944983929169275,33.41577835193744,32.944983929169275,33.41577835193744,False,False,False,False,0.887051177625917,0.9129082074996356,0.9129082074996356,False,both,max,none,none,0,moving_average,4,2.0,peak,21,-1,-1,21,False,0.926238042695613,False,False,False,False,False,False,False,,
frame_000068.jpg,33.21915600653017,33.415347946421086,68,True,0.08155705460841794,0.07518667351179377,0.029829874252574565,0.32048392674635207,False,False,False,False,False,0.5353936006977315,0.2346035705288287,0.18,False,False,True,True,True,33.21915600653017,33.415347946421086,33.21915600653017,33.415347946421086,False,False,False,False,0.952897713087568,0.9126858831580411,0.952897713087568,False,both,max,none,none,0,moving_average,4,2.0,peak,21,-1,-1,21,False,0.9322842821266734,True,False,False,False,False,False,False,5,
frame_000069.jpg,32.93091710575597,33.45089373497193,69,True,0.06135299833472974,0.06613669093488427,0.043234017104413,0.28190828803586865,False,False,False,False,False,0.5353936006977315,0.2346035705288287,0.18,False,False,True,True,True,32.93091710575597,33.45089373497193,32.93091710575597,33.45089373497193,False,False,False,False,0.883672819057703,0.9310469257928166,0.9310469257928166,False,both,max,none,none,0,moving_average,4,2.0,peak,21,-1,-1,21,False,0.9228004200275578,False,False,False,False,False,False,False,,
frame_000070.jpg,32.82371167238841,33.36069792482999,70,True,0.012656206959115627,0.02629973469191625,0.013578575179106052,0.1121028747884486,False,False,False,False,False,0.5353936006977315,0.2346035705288287,0.18,False,False,True,True,True,32.82371167238841,33.36069792482999,32.82371167238841,33.36069792482999,False,False,False,False,0.8579258267386188,0.884456621202289,0.884456621202289,False,both,max,none,none,0,moving_average,4,2.0,peak,21,-1,-1,21,False,0.8841222243914784,False,False,False,False,False,False,False,,
frame_000071.jpg,32.73601071247179,33.264723989471406,71,True,0.002943625794891921,0.02157237808307606,0.001954648202079065,0.09195247128783657,False,False,False,False,False,0.5353936006977315,0.2346035705288287,0.18,False,False,True,True,True,32.73601071247179,33.264723989471406,32.73601071247179,33.264723989471406,False,False,False,False,0.8368631261793296,0.8348816478851062,0.8368631261793296,False,both,max,none,none,0,moving_average,4,2.0,peak,21,-1,-1,21,False,0.852684061205254,False,False,False,False,False,False,False,,
frame_000072.jpg,32.73546654513617,33.21453519744958,72,True,0.010201366223091516,0.003001655761807021,0.0031028223787503352,0.01905395621052805,False,False,False,False,False,0.5353936006977315,0.2346035705288287,0.18,False,False,True,True,True,32.73546654513617,33.21453519744958,32.73546654513617,33.21453519744958,False,False,False,False,0.8367324362341433,0.8089568171901109,0.8367324362341433,False,both,max,none,none,0,moving_average,4,2.0,peak,21,-1,-1,21,False,0.8374840351446888,False,False,False,False,False,False,False,,
frame_000073.jpg,32.74431090978033,33.18932640046691,73,True,0.02304503131582645,0.0003657934895785302,0.011025738977905201,0.061254105432806676,False,False,False,False,False,0.5353936006977315,0.2346035705288287,0.18,False,False,True,True,True,32.74431090978033,33.18932640046691,32.74431090978033,33.18932640046691,False,False,False,False,0.838856543020594,0.7959353084533409,0.838856543020594,False,both,max,none,none,0,moving_average,4,2.0,peak,21,-1,-1,21,False,0.835248138172128,False,False,False,False,False,False,False,,
frame_000074.jpg,32.70808120121805,33.16614604370828,74,True,0.017102251962923705,0.0183857285696902,0.009487145971736263,0.07836934675907208,False,False,False,False,False,0.5353936006977315,0.2346035705288287,0.18,False,False,True,True,True,32.70808120121805,33.16614604370828,32.70808120121805,33.16614604370828,False,False,False,False,0.8301554352616468,0.783961582842338,0.8301554352616468,False,both,max,none,none,0,moving_average,4,2.0,peak,21,-1,-1,21,False,0.8334301957003614,False,False,False,False,False,False,False,,
frame_000075.jpg,32.71275787593228,33.153532948118084,75,True,0.021907680153568053,0.011770833661789416,0.007462341344976392,0.0501732929096362,False,False,False,False,False,0.5353936006977315,0.2346035705288287,0.18,False,False,True,True,True,32.71275787593228,33.153532948118084,32.71275787593228,33.153532948118084,False,False,False,False,0.8312786088188432,0.7774463360204293,0.8312786088188432,False,both,max,none,none,0,moving_average,4,2.0,peak,21,-1,-1,21,False,0.8501596209347334,False,False,False,False,False,False,False,,
frame_000076.jpg,32.87580708911042,33.369580377867656,76,True,0.046478619473655114,0.03046121162928193,0.022423598787871535,0.1298412106883888,False,False,False,False,False,0.5353936006977315,0.2346035705288287,0.18,False,False,True,True,True,32.87580708911042,33.369580377867656,32.87580708911042,33.369580377867656,False,False,False,False,0.8704373222110757,0.8890448187237104,0.8890448187237104,False,both,max,none,none,0,moving_average,4,2.0,peak,21,-1,-1,21,False,0.869789415422088,False,False,False,False,False,False,False,,
frame_000077.jpg,32.87580708911042,33.369580377867656,77,True,0.0,0.0,0.0,0.0,False,False,False,False,False,0.5353936006977315,0.2346035705288287,0.18,False,False,True,True,True,32.87580708911042,33.369580377867656,32.87580708911042,33.369580377867656,False,False,False,False,0.8704373222110757,0.8890448187237104,0.8890448187237104,False,both,max,none,none,0,moving_average,4,2.0,peak,21,-1,-1,21,False,0.8989068787957395,False,False,False,False,False,False,False,,
frame_000078.jpg,33.0764761200888,33.35833435999405,78,True,0.05250088277973493,0.04713652275281936,0.0023390684138809743,0.20091988645597833,False,False,False,False,False,0.5353936006977315,0.2346035705288287,0.18,False,False,True,True,True,33.0764761200888,33.35833435999405,33.0764761200888,33.35833435999405,False,False,False,False,0.9186309989397979,0.8832357307257517,0.9186309989397979,False,both,max,none,none,0,moving_average,4,2.0,peak,21,-1,-1,21,False,0.9080203714905077,False,False,False,False,False,False,False,,
frame_000079.jpg,33.0671254562416,33.40383404370656,79,True,0.0050584425581982305,0.011383479001868629,0.011591067156416522,0.06439481753564735,False,False,False,False,False,0.5353936006977315,0.2346035705288287,0.18,False,False,True,True,True,33.0671254562416,33.40383404370656,33.0671254562416,33.40383404370656,False,False,False,False,0.9163852968080151,0.9067384202586967,0.9163852968080151,False,both,max,none,none,0,moving_average,4,2.0,peak,21,-1,-1,21,False,0.9114590829331302,True,False,False,False,False,False,False,6,
frame_000080.jpg,32.99623942312408,33.38252635661304,80,True,0.004652389545564898,0.00784268279533246,0.0015166975454271522,0.03342951165514649,False,False,False,False,False,0.5353936006977315,0.2346035705288287,0.18,False,False,True,True,True,32.99623942312408,33.38252635661304,32.99623942312408,33.38252635661304,False,False,False,False,0.8993609530515778,0.8957320150804021,0.8993609530515778,False,both,max,none,none,0,moving_average,4,2.0,peak,21,-1,-1,21,False,0.901591298676657,False,False,False,False,False,False,False,,
frame_000081.jpg,32.95321355708932,33.04981830335489,81,True,0.06337167781609153,0.0065117583659100265,0.025673863785747448,0.14263257658748582,False,False,False,False,False,0.5353936006977315,0.2346035705288287,0.18,False,False,True,True,True,32.95321355708932,33.04981830335489,32.95321355708932,33.04981830335489,False,False,False,False,0.8890276461703783,0.7238729285371812,0.8890276461703783,False,both,max,none,none,0,moving_average,4,2.0,peak,21,-1,-1,21,False,0.8884163188086442,False,False,False,False,False,False,False,,
frame_000082.jpg,32.90255134884434,33.007846035975035,82,True,0.0756151418731278,0.12163894170547958,0.014221087927502086,0.5184871714922696,False,False,False,False,False,0.5353936006977315,0.2346035705288287,0.18,False,False,True,True,True,32.90255134884434,33.007846035975035,32.90255134884434,33.007846035975035,False,False,False,False,0.8768603572039768,0.7021923125694856,0.8768603572039768,False,both,max,none,none,0,moving_average,4,2.0,peak,21,-1,-1,21,False,0.8858091922627496,False,False,False,False,False,False,False,,
frame_000083.jpg,32.963672730160546,33.08030420143987,83,True,0.253748501168783,0.12324194162520405,0.020001564650015367,0.5253199742331277,False,False,False,False,False,0.5353936006977315,0.2346035705288287,0.18,False,False,True,True,True,32.963672730160546,33.08030420143987,32.963672730160546,33.08030420143987,False,False,False,False,0.8915395734138937,0.7396203038893182,0.8915395734138937,False,both,max,none,none,0,moving_average,4,2.0,peak,21,-1,-1,21,False,0.8750811651145434,False,False,False,False,False,False,False,,
frame_000084.jpg,32.819205345332115,33.02118556910154,84,True,0.21601985772393953,0.022971423074092775,0.012481380570909542,0.40347859489246757,False,False,False,False,False,0.5353936006977315,0.2346035705288287,0.18,False,False,True,True,True,32.819205345332115,33.02118556910154,32.819205345332115,33.02118556910154,False,False,False,False,0.85684356472576,0.7090827979532445,0.85684356472576,False,both,max,none,none,0,moving_average,4,2.0,peak,21,-1,-1,21,False,0.8657268464853615,False,False,False,False,False,False,False,,
frame_000085.jpg,32.78570269676823,32.99076604265842,85,True,0.15540568994647203,0.060664839649155956,0.03973407836738493,0.2902643769816177,False,False,False,False,False,0.5353936006977315,0.2346035705288287,0.18,False,False,True,True,True,32.78570269676823,32.99076604265842,32.78570269676823,32.99076604265842,False,False,False,False,0.8487974013164312,0.6933697066216818,0.8487974013164312,False,both,max,none,none,0,moving_average,4,2.0,peak,21,-1,-1,21,False,0.8721192988787579,False,False,False,False,False,False,False,,
frame_000086.jpg,33.04352348949847,33.06271669966691,86,True,0.2318494335373503,0.0787980002853747,0.004467224253753419,0.43304483511794184,False,False,False,False,False,0.5353936006977315,0.2346035705288287,0.18,False,False,True,True,True,33.04352348949847,33.06271669966691,33.04352348949847,33.06271669966691,False,False,False,False,0.9107169305940827,0.730535546367883,0.9107169305940827,False,both,max,none,none,0,moving_average,4,2.0,peak,21,-1,-1,21,False,0.8933047724794818,False,False,False,False,False,False,False,,
frame_000087.jpg,33.08384183377885,33.08766788405749,87,True,0.3273854985096686,0.04959957523952258,0.031895577758227406,0.6114856398788029,False,False,False,False,False,0.5353936006977315,0.2346035705288287,0.18,False,False,True,True,True,33.08384183377885,33.08766788405749,33.08384183377885,33.08766788405749,False,False,False,False,0.9203999855279317,0.743423986294552,0.9203999855279317,False,both,max,none,none,0,moving_average,4,2.0,peak,21,-1,-1,21,False,0.9168919576884906,False,False,False,False,False,False,False,,
frame_000088.jpg,33.080339955471835,31.648447228341556,88,True,0.4093728241876598,0.20615741608256113,0.06825636999261778,0.8787479901429206,False,False,False,False,False,0.5353936006977315,0.2346035705288287,0.18,False,False,True,True,True,33.080339955471835,31.648447228341556,33.080339955471835,31.648447228341556,False,False,False,False,0.9195589569434578,0.0,0.9195589569434578,False,both,max,none,none,0,moving_average,4,2.0,peak,21,-1,-1,21,False,0.9406794423888487,True,False,False,False,False,False,False,7,
frame_000089.jpg,33.34066277175969,32.933602175215256,89,True,0.057494534970209975,0.0,0.0,0.10738741534318377,False,False,False,False,False,0.5353936006977315,0.2346035705288287,0.18,False,False,True,True,True,33.34066277175969,32.933602175215256,33.34066277175969,32.933602175215256,False,False,False,False,0.9820793846951567,0.6638419270989016,0.9820793846951567,False,both,max,none,none,0,moving_average,4,2.0,peak,21,-1,-1,21,False,0.9330209847070382,False,False,False,False,False,False,False,,
frame_000090.jpg,32.98817688023431,33.135068464592614,90,True,0.42459805077492047,0.19536826522355596,0.029896928622923043,0.8327591297232564,False,False,False,False,True,0.5353936006977315,0.2346035705288287,0.18,False,False,True,True,True,32.98817688023431,33.135068464592614,32.98817688023431,33.135068464592614,False,False,True,True,0.8974246124825003,0.767908576891655,0.8974246124825003,False,both,max,none,none,0,moving_average,4,2.0,peak,21,-1,-1,21,False,0.9224365403184396,False,False,False,False,False,False,False,,
frame_000091.jpg,32.948125295183914,33.01843139079973,91,True,0.5490486394775584,0.03167128984990732,0.043613398210813704,1.0255046731265214,True,False,False,True,True,0.5353936006977315,0.2346035705288287,0.18,False,False,True,True,True,32.948125295183914,33.01843139079973,32.948125295183914,33.01843139079973,False,False,True,True,0.8878056237776623,0.7076601375682902,0.8878056237776623,False,both,max,none,none,0,moving_average,4,2.0,peak,21,-1,-1,21,False,0.8761386063829162,False,False,False,False,False,False,False,,
frame_000092.jpg,32.76233618393127,32.82168146103312,92,True,0.5120198747617478,0.06081819086851846,0.01219305288719532,0.9563429112609438,False,False,False,False,True,0.5353936006977315,0.2346035705288287,0.18,False,False,True,True,True,32.76233618393127,32.82168146103312,32.76233618393127,32.82168146103312,False,False,True,True,0.8431855828885865,0.6060297054942685,0.8431855828885865,False,both,max,none,none,0,moving_average,4,2.0,peak,21,-1,-1,21,False,0.8684232839526226,False,False,False,False,False,False,False,,
frame_000093.jpg,32.891801605663275,32.754777842014526,93,True,0.24035010420919994,0.22451516624216714,0.02590952247508598,0.956998078657026,False,False,False,False,False,0.5353936006977315,0.2346035705288287,0.18,False,False,True,True,True,32.891801605663275,32.754777842014526,32.891801605663275,32.754777842014526,False,False,False,False,0.8742786451916191,0.5714708941328549,0.8742786451916191,False,both,max,none,none,0,moving_average,4,2.0,peak,21,-1,-1,21,False,0.8489166847713376,False,False,False,False,False,False,False,,
frame_000094.jpg,32.704460319542456,32.446849900453216,94,True,0.10938778403180083,0.0,0.0,0.2043128343133824,False,False,False,False,False,0.5353936006977315,0.2346035705288287,0.18,False,False,True,True,True,32.704460319542456,32.446849900453216,32.704460319542456,32.446849900453216,False,False,False,False,0.8292858262338076,0.41241188056338274,0.8292858262338076,False,both,max,none,none,0,moving_average,4,2.0,peak,21,-1,-1,21,False,0.840698315052993,False,False,False,False,False,False,False,,
frame_000095.jpg,32.65967713820923,32.722463227766234,95,True,0.21304988962502333,0.06184061917362409,0.005307506311794627,0.3979313337839192,False,False,False,False,False,0.5353936006977315,0.2346035705288287,0.18,False,False,True,True,True,32.65967713820923,32.722463227766234,32.65967713820923,32.722463227766234,False,False,False,False,0.8185304737335526,0.5547789023631244,0.8185304737335526,False,both,max,none,none,0,moving_average,4,2.0,peak,21,-1,-1,21,False,0.8230807943738306,False,False,False,False,False,False,False,,
frame_000096.jpg,32.6717338887201,32.80867717247112,96,True,0.0731504673337881,0.03264352145044134,0.07083806677126746,0.39354481539593034,False,False,False,False,False,0.5353936006977315,0.2346035705288287,0.18,False,False,True,True,True,32.6717338887201,32.80867717247112,32.6717338887201,32.80867717247112,False,False,False,False,0.8214260831541318,0.599312389422343,0.8214260831541318,False,both,max,none,none,0,moving_average,4,2.0,peak,21,-1,-1,21,False,0.8446932298600267,False,False,False,False,False,False,False,,
frame_000097.jpg,32.97443016499604,33.247080252288946,97,True,0.1591052959730075,0.01384109549364663,0.05580888169218005,0.3100493427343336,False,False,False,False,False,0.5353936006977315,0.2346035705288287,0.18,False,False,True,True,True,32.97443016499604,33.247080252288946,32.97443016499604,33.247080252288946,False,False,False,False,0.8941231326923959,0.8257678421755895,0.8941231326923959,False,both,max,none,none,0,moving_average,4,2.0,peak,21,-1,-1,21,False,0.8752350074865167,False,False,False,False,False,False,False,,
frame_000098.jpg,33.04118707913966,33.14030812311328,98,True,0.06616025698638273,0.018935571299495232,0.049361380443530986,0.27422989135294995,False,False,False,False,False,0.5353936006977315,0.2346035705288287,0.18,False,False,True,True,True,33.04118707913966,33.14030812311328,33.04118707913966,33.14030812311328,False,False,False,False,0.9101558066130228,0.7706151026830859,0.9101558066130228,False,both,max,none,none,0,moving_average,4,2.0,peak,21,-1,-1,21,False,0.921384123402914,False,False,False,False,False,False,False,,
frame_000099.jpg,33.24820152929337,33.366133734164464,99,True,0.3014861077415568,0.1361178257752427,0.022772132428057965,0.5802035555913084,False,False,False,False,False,0.5353936006977315,0.2346035705288287,0.18,False,False,True,True,True,33.24820152929337,33.366133734164464,33.24820152929337,33.366133734164464,False,False,False,False,0.9598734309033236,0.8872644679547106,0.9598734309033236,False,both,max,none,none,0,moving_average,4,2.0,peak,21,-1,-1,21,False,0.9456149070304962,True,False,False,False,False,False,False,8,
frame_000100.jpg,33.277106876990665,33.2253053842699,100,True,0.2145257624421986,0.021231428048638885,0.020249060540536365,0.40068794651752654,False,False,False,False,False,0.5353936006977315,0.2346035705288287,0.18,False,False,True,True,True,33.277106876990665,33.2253053842699,33.277106876990665,33.2253053842699,False,False,False,False,0.9668154835751427,0.8145201164571848,0.9668154835751427,False,both,max,none,none,0,moving_average,4,2.0,peak,21,-1,-1,21,False,0.9320051994620437,False,False,False,False,False,False,False,,
frame_000101.jpg,32.87118260873787,33.051588176171826,101,True,0.09574018491216751,0.07122539460901829,0.016081357978946765,0.30359893691501144,False,False,False,False,False,0.5353936006977315,0.2346035705288287,0.18,False,False,True,True,True,32.87118260873787,33.051588176171826,32.87118260873787,33.051588176171826,False,False,False,False,0.8693266839076649,0.7247871496467627,0.8693266839076649,False,both,max,none,none,0,moving_average,4,2.0,peak,21,-1,-1,21,False,0.9029109882748112,False,False,False,False,False,False,False,,
frame_000102.jpg,32.884773737787505,32.91572853590284,102,True,0.20505586706582193,0.1569347167907128,0.005374959481597939,0.6689357559092575,False,False,False,False,False,0.5353936006977315,0.2346035705288287,0.18,False,False,True,True,True,32.884773737787505,32.91572853590284,32.884773737787505,32.91572853590284,False,False,False,False,0.8725907973416261,0.6546093663136933,0.8725907973416261,False,both,max,none,none,0,moving_average,4,2.0,peak,21,-1,-1,21,False,0.8638659705191953,False,False,False,False,False,False,False,,
frame_000103.jpg,32.789379456545674,32.83359093735344,103,True,0.3104098324852027,0.05328380718290939,0.034938563981558805,0.5797787498406273,False,False,False,False,False,0.5353936006977315,0.2346035705288287,0.18,False,False,True,True,True,32.789379456545674,32.83359093735344,32.789379456545674,32.83359093735344,False,False,False,False,0.8496804303082952,0.6121815004435482,0.8496804303082952,False,both,max,none,none,0,moving_average,4,2.0,peak,21,-1,-1,21,False,0.8543587615210937,False,False,False,False,False,False,False,,
frame_000104.jpg,32.75242414000574,32.84955864088967,104,True,0.42471512822463847,0.028323243375378143,0.03493120707272098,0.793276437505313,False,False,False,False,False,0.5353936006977315,0.2346035705288287,0.18,False,False,True,True,True,32.75242414000574,32.84955864088967,32.75242414000574,32.84955864088967,False,False,False,False,0.8408050569133597,0.6204295573121915,0.8408050569133597,False,both,max,none,none,0,moving_average,4,2.0,peak,21,-1,-1,21,False,0.8324832350014579,False,False,False,False,False,False,False,,
frame_000105.jpg,32.61151751372641,33.03181992643018,105,True,0.3677642628590525,0.06904035986601878,0.038668505377224896,0.686904479956013,False,False,False,False,False,0.5353936006977315,0.2346035705288287,0.18,False,False,True,True,True,32.61151751372641,33.03181992643018,32.61151751372641,33.03181992643018,False,False,False,False,0.806964217782719,0.7145759350101235,0.806964217782719,False,both,max,none,none,0,moving_average,4,2.0,peak,21,-1,-1,21,False,0.8106444461054416,False,False,False,False,False,False,False,,
frame_000106.jpg,32.51658213729321,32.59038915148805,106,True,0.28303383696670353,0.07731249793321401,0.013126439508866286,0.528646283029626,False,False,False,False,False,0.5353936006977315,0.2346035705288287,0.18,False,False,True,True,True,32.51658213729321,32.59038915148805,32.51658213729321,32.59038915148805,False,False,False,False,0.7841640636202462,0.4865565377917532,0.7841640636202462,False,both,max,none,none,0,moving_average,4,2.0,peak,21,-1,-1,21,False,0.7846778504870087,False,False,False,False,False,False,False,,
frame_000107.jpg,32.42806468451811,32.38045958684697,107,True,0.06905131604870282,1.332267629550187e-15,2.0816681711721685e-17,0.12897299474389368,False,False,False,False,False,0.5353936006977315,0.2346035705288287,0.18,False,False,True,True,True,32.42806468451811,32.38045958684697,32.42806468451811,32.38045958684697,False,False,False,False,0.7629052700580612,0.3781182151712953,0.7629052700580612,False,both,max,none,none,0,moving_average,4,2.0,peak,21,-1,-1,21,False,0.7712712813873647,False,False,False,False,False,False,False,,
frame_000108.jpg,32.444050529720585,32.76889667363877,108,True,0.1226646837277907,1.332267629550187e-15,2.0816681711721685e-17,0.229111225027592,False,False,False,False,False,0.5353936006977315,0.2346035705288287,0.18,False,False,True,True,True,32.444050529720585,32.76889667363877,32.444050529720585,32.76889667363877,False,False,False,False,0.7667445104837866,0.5787639232081612,0.7667445104837866,False,both,max,none,none,0,moving_average,4,2.0,peak,21,-1,-1,21,False,0.7779621802589396,False,False,False,False,False,False,False,,
frame_000109.jpg,32.600160914680814,33.1365081431414,109,True,0.11561989495952137,1.221245327087673e-15,2.0816681711721685e-17,0.2159530760338639,False,False,False,False,False,0.5353936006977315,0.2346035705288287,0.18,False,False,True,True,True,32.600160914680814,33.1365081431414,32.600160914680814,33.1365081431414,False,False,False,False,0.8042367602349709,0.7686522374008824,0.8042367602349709,False,both,max,none,none,0,moving_average,4,2.0,peak,21,-1,-1,21,False,0.810039297871066,False,False,False,False,False,False,False,,
frame_000110.jpg,32.82875319044209,33.30412034908191,110,True,0.061504251896562605,0.013431756805463133,0.05643233832047071,0.31351299066928173,False,False,False,False,False,0.5353936006977315,0.2346035705288287,0.18,False,False,True,True,True,32.82875319044209,33.30412034908191,32.82875319044209,33.30412034908191,False,False,False,False,0.8591366228944405,0.8552316884371349,0.8591366228944405,False,both,max,none,none,0,moving_average,4,2.0,peak,21,-1,-1,21,False,0.8549491238820617,False,False,False,False,False,False,False,,
frame_000111.jpg,33.0050376889549,33.3322436002655,111,True,0.12013104130365748,0.008117826983849573,0.011466796030992647,0.22437892635829276,False,False,False,False,True,0.5353936006977315,0.2346035705288287,0.18,False,False,True,True,True,33.0050376889549,33.3322436002655,33.0050376889549,33.3322436002655,False,False,True,True,0.901473988516774,0.8697586474683507,0.901473988516774,False,both,max,none,none,0,moving_average,4,2.0,peak,21,-1,-1,21,False,0.8804095143366985,True,False,False,False,False,False,False,9,
frame_000112.jpg,32.884355876523266,33.35326647054555,112,True,0.2844136491065936,0.2782821521869256,0.0060079858080712345,1.1861803789244953,False,True,False,True,True,0.5353936006977315,0.2346035705288287,0.18,False,False,True,True,True,32.884355876523266,33.35326647054555,32.884355876523266,33.35326647054555,False,False,True,True,0.8724904416933829,0.8806179315988811,0.8806179315988811,False,both,max,none,none,0,moving_average,4,2.0,peak,21,-1,-1,21,False,0.8767138483921341,False,False,False,False,False,False,False,,
frame_000113.jpg,31.239970014104166,33.29021633985902,113,True,0.5213204831543117,0.25673256839761277,0.03895755648140683,1.0943250685354118,False,True,False,True,True,0.5353936006977315,0.2346035705288287,0.18,False,False,True,True,True,31.239970014104166,33.29021633985902,31.239970014104166,33.29021633985902,False,False,True,True,0.4775665200283374,0.8480496250607473,0.8480496250607473,False,both,max,none,none,0,moving_average,4,2.0,peak,21,-1,-1,21,False,0.8025780583518568,False,False,False,False,False,False,False,,
frame_000114.jpg,29.25147655797633,32.96307619084504,114,True,0.47574597985887995,0.0,0.0,0.8885910837165069,False,False,False,False,True,0.5353936006977315,0.2346035705288287,0.18,False,False,True,True,True,29.25147655797633,32.96307619084504,29.25147655797633,32.96307619084504,False,False,True,True,0.0,0.6790666183959422,0.6790666183959422,False,both,max,none,none,0,moving_average,4,2.0,peak,21,-1,-1,21,False,0.7275908442950074,False,False,False,False,False,False,False,,
frame_000115.jpg,,,115,False,,,,0.0,False,False,False,False,False,0.5353936006977315,0.2346035705288287,0.18,True,True,False,False,False,,,29.454229525572526,32.91775531120108,True,True,False,False,0.04869416535515579,0.655656289428333,0.655656289428333,False,missing,max,none,none,0,moving_average,4,2.0,peak,21,-1,-1,21,False,0.6556562894283342,False,False,False,False,False,False,False,,
frame_000116.jpg,,,116,False,,,,0.0,False,False,False,False,False,0.5353936006977315,0.2346035705288287,0.18,True,True,False,False,False,,,29.65698249316872,32.872434431557124,True,True,False,False,0.09738833071031072,0.6322459604607276,0.6322459604607276,False,missing,max,none,none,0,moving_average,4,2.0,peak,21,-1,-1,21,False,0.6322459604607262,False,False,False,False,False,False,False,,
frame_000117.jpg,29.859735460764917,32.827113551913165,117,True,,,,0.0,False,False,False,False,True,0.5353936006977315,0.2346035705288287,0.18,False,False,True,True,True,29.859735460764917,32.827113551913165,29.859735460764917,32.827113551913165,False,False,True,True,0.1460824960654665,0.6088356314931184,0.6088356314931184,False,both,max,none,none,0,moving_average,4,2.0,peak,21,-1,-1,21,False,0.6187404354746163,False,False,False,False,False,False,False,,
frame_000118.jpg,31.81279785151124,32.68605475109203,118,True,0.2372615429558852,0.010281737715559595,0.21870731444035718,1.215040635779762,False,False,True,True,True,0.5353936006977315,0.2346035705288287,0.18,False,False,True,True,True,31.81279785151124,32.68605475109203,31.81279785151124,32.68605475109203,False,False,True,True,0.6151397144700033,0.5359722414410821,0.6151397144700033,False,both,max,none,none,0,moving_average,4,2.0,peak,21,-1,-1,21,False,0.6088678232462982,False,False,False,False,False,False,False,,
frame_000119.jpg,,,119,False,,,,0.0,False,False,False,False,True,0.5353936006977315,0.2346035705288287,0.18,True,True,False,False,False,,,31.03784568315536,32.81509621928465,True,True,False,False,0.42902333119016833,0.6026281237757729,0.6026281237757729,False,missing,max,none,none,0,moving_average,4,2.0,peak,21,-1,-1,21,False,0.6290172814520799,False,False,False,False,False,False,False,,
frame_000120.jpg,30.26289351479948,32.944137687477266,120,True,,,,0.0,False,False,False,False,True,0.5353936006977315,0.2346035705288287,0.18,False,False,True,True,True,30.26289351479948,32.944137687477266,30.26289351479948,32.944137687477266,False,False,True,True,0.24290694791033335,0.6692840061104637,0.6692840061104637,False,both,max,none,none,0,moving_average,4,2.0,peak,21,-1,-1,21,False,0.7249203974000905,False,False,False,False,False,False,False,,
frame_000121.jpg,33.010763226933115,33.31809169983489,121,True,0.9555831706050466,0.12297397299812576,0.022722283079666256,1.7848236687172185,True,False,False,True,True,0.5353936006977315,0.2346035705288287,0.18,False,False,True,True,True,33.010763226933115,33.31809169983489,33.010763226933115,33.31809169983489,False,False,True,True,0.902849062314035,0.8624485368261883,0.902849062314035,False,both,max,none,none,0,moving_average,4,2.0,peak,21,-1,-1,21,False,0.8537042965848156,False,False,False,False,False,False,False,,
frame_000122.jpg,33.005021415877344,33.56304806606643,122,True,0.6981804407909312,0.06648991907318917,0.041100988837297625,1.3040507766268665,True,False,False,True,True,0.5353936006977315,0.2346035705288287,0.18,False,False,True,True,True,33.005021415877344,33.56304806606643,33.005021415877344,33.56304806606643,False,False,True,True,0.9014700802931918,0.9889798213299483,0.9889798213299483,False,both,max,none,none,0,moving_average,4,2.0,peak,21,-1,-1,21,False,0.9591777881520762,False,False,False,False,False,False,False,,
frame_000123.jpg,33.11543580250384,33.55670721910092,123,True,0.3399021477223564,0.07759435078668556,0.027817711416783502,0.6348640463378564,False,False,False,False,True,0.5353936006977315,0.2346035705288287,0.18,False,False,True,True,True,33.11543580250384,33.55670721910092,33.11543580250384,33.55670721910092,False,False,True,True,0.9279877508541797,0.9857044808122455,0.9857044808122455,False,both,max,none,none,0,moving_average,4,2.0,peak,21,-1,-1,21,False,0.9851539607256341,True,False,False,False,False,False,False,10,
frame_000124.jpg,33.33524231211712,33.49823445397083,124,True,0.4244478047954315,0.021919447733195395,0.017043344684435226,0.7927771348822361,False,False,False,False,False,0.5353936006977315,0.2346035705288287,0.18,False,False,True,True,True,33.33524231211712,33.49823445397083,33.33524231211712,33.49823445397083,False,False,False,False,0.9807775800347088,0.9555005951397922,0.9807775800347088,False,both,max,none,none,0,moving_average,4,2.0,peak,21,-1,-1,21,False,0.9663247910814386,False,False,False,False,False,False,False,,
frame_000125.jpg,33.13419191453366,33.40049640602674,125,True,0.35007300438039485,0.08699460836992216,0.025490881084780495,0.6538610172481992,False,False,False,False,False,0.5353936006977315,0.2346035705288287,0.18,False,False,True,True,True,33.13419191453366,33.40049640602674,33.13419191453366,33.40049640602674,False,False,False,False,0.9324923123973619,0.9050143761387874,0.9324923123973619,False,both,max,none,none,0,moving_average,4,2.0,peak,21,-1,-1,21,False,0.9300673732357909,False,False,False,False,False,False,False,,
frame_000126.jpg,32.90285060174531,33.2078564410749,126,True,0.02004089485666798,0.11238237554206888,0.019540935993942556,0.47903096823609104,False,False,False,False,False,0.5353936006977315,0.2346035705288287,0.18,False,False,True,True,True,32.90285060174531,33.2078564410749,32.90285060174531,33.2078564410749,False,False,False,False,0.8769322272753026,0.805506930845142,0.8769322272753026,False,both,max,none,none,0,moving_average,4,2.0,peak,21,-1,-1,21,False,0.8954818917829048,False,False,False,False,False,False,False,,
frame_000127.jpg,32.90322079891296,33.15964009689366,127,True,0.024203604368297948,0.032570873580926106,0.021923189434167437,0.13883366526565166,False,False,False,False,False,0.5353936006977315,0.2346035705288287,0.18,False,False,True,True,True,32.90322079891296,33.15964009689366,32.90322079891296,33.15964009689366,False,False,False,False,0.8770211356760501,0.780600960622016,0.8770211356760501,False,both,max,none,none,0,moving_average,4,2.0,peak,21,-1,-1,21,False,0.878002913340286,False,False,False,False,False,False,False,,
frame_000128.jpg,32.91585478580727,33.06135392297185,128,True,0.07465401030243904,0.08546981196587336,0.011713820505871286,0.36431590437098915,False,False,False,False,False,0.5353936006977315,0.2346035705288287,0.18,False,False,True,True,True,32.91585478580727,33.06135392297185,32.91585478580727,33.06135392297185,False,False,False,False,0.8800553770695055,0.7298316092203389,0.8800553770695055,False,both,max,none,none,0,moving_average,4,2.0,peak,21,-1,-1,21,False,0.8668788328828134,False,False,False,False,False,False,False,,
frame_000129.jpg,32.76389512475451,33.03199175847038,129,True,0.019216455777503236,0.020959716728764743,0.0032932597815571,0.08934099630930024,False,False,False,False,False,0.5353936006977315,0.2346035705288287,0.18,False,False,True,True,True,32.76389512475451,33.03199175847038,32.76389512475451,33.03199175847038,False,False,False,False,0.8435599859028848,0.7146646942005872,0.8435599859028848,False,both,max,none,none,0,moving_average,4,2.0,peak,21,-1,-1,21,False,0.8475109362509516,False,False,False,False,False,False,False,,
frame_000130.jpg,32.661288414022586,32.76570640497153,130,True,0.10598489206611736,0.03815027087262257,0.008428214049206734,0.1979569646107024,False,False,False,False,False,0.5353936006977315,0.2346035705288287,0.18,False,False,True,True,True,32.661288414022586,32.76570640497153,32.661288414022586,32.76570640497153,False,False,False,False,0.8189174457804645,0.577116001994322,0.8189174457804645,False,both,max,none,none,0,moving_average,4,2.0,peak,21,-1,-1,21,False,0.827539127852942,False,False,False,False,False,False,False,,
frame_000131.jpg,32.66637868996962,32.89431846416016,131,True,0.010227513478614359,0.0016892596265410643,0.0052374875246893535,0.029097152914940853,False,False,False,False,False,0.5353936006977315,0.2346035705288287,0.18,False,False,True,True,True,32.66637868996962,32.89431846416016,32.66637868996962,32.89431846416016,False,False,False,False,0.8201399518754771,0.64355007473211,0.8201399518754771,False,both,max,none,none,0,moving_average,4,2.0,peak,21,-1,-1,21,False,0.8409861391438176,False,False,False,False,False,False,False,,
frame_000132.jpg,32.93186728885092,33.31053585686522,132,True,0.06568126539857119,0.027438412944115486,0.014208383185099425,0.12267846554940995,False,False,False,False,False,0.5353936006977315,0.2346035705288287,0.18,False,False,True,True,True,32.93186728885092,33.31053585686522,32.93186728885092,33.31053585686522,False,False,False,False,0.8839010197755112,0.8585455947178914,0.8839010197755112,False,both,max,none,none,0,moving_average,4,2.0,peak,21,-1,-1,21,False,0.8856216270102408,False,False,False,False,False,False,False,,
frame_000133.jpg,33.2188487023455,33.45926958626555,133,True,0.1009121320453414,0.01336940993657943,0.012106404201227305,0.18848214082841386,False,False,False,False,False,0.5353936006977315,0.2346035705288287,0.18,False,False,True,True,True,33.2188487023455,33.45926958626555,33.2188487023455,33.45926958626555,False,False,False,False,0.9528239093797346,0.9353734400994201,0.9528239093797346,False,both,max,none,none,0,moving_average,4,2.0,peak,21,-1,-1,21,False,0.93679702286832,False,False,False,False,False,False,False,,
frame_000134.jpg,33.30563166632464,33.52561995099361,134,True,0.031384667441091404,0.011684655052341687,0.018924487053449925,0.10513603918583292,False,False,False,False,False,0.5353936006977315,0.2346035705288287,0.18,False,False,True,True,True,33.30563166632464,33.52561995099361,33.30563166632464,33.52561995099361,False,False,False,False,0.9736661394497144,0.9696464700495734,0.9736661394497144,False,both,max,none,none,0,moving_average,4,2.0,peak,21,-1,-1,21,False,0.9723803216672746,False,False,False,False,False,False,False,,
frame_000135.jpg,33.37635295006287,33.41243559711956,135,True,0.03870171436368719,0.006560908855062584,0.030623332429375254,0.1701296246076403,False,False,False,False,False,0.5353936006977315,0.2346035705288287,0.18,False,False,True,True,True,33.37635295006287,33.41243559711956,33.37635295006287,33.41243559711956,False,False,False,False,0.9906509161723751,0.9111815201414161,0.9906509161723751,False,both,max,none,none,0,moving_average,4,2.0,peak,21,-1,-1,21,False,0.9856723243930572,True,False,False,False,False,False,False,11,
frame_000136.jpg,33.38488459052386,33.45081513584915,136,True,0.030870590575571774,0.011146780755869421,0.0019194047732710787,0.057659618148855056,False,False,False,False,False,0.5353936006977315,0.2346035705288287,0.18,False,False,True,True,True,33.38488459052386,33.45081513584915,33.38488459052386,33.45081513584915,False,False,False,False,0.992699917557082,0.9310063257132218,0.992699917557082,False,both,max,none,none,0,moving_average,4,2.0,peak,21,-1,-1,21,False,0.9708917574356903,False,False,False,False,False,False,False,,
frame_000137.jpg,33.1210015083887,33.17298592246706,137,True,0.1396079259188946,0.04353845069377364,0.019031987005319665,0.2607575543244369,False,False,False,False,False,0.5353936006977315,0.2346035705288287,0.18,False,False,True,True,True,33.1210015083887,33.17298592246706,33.1210015083887,33.17298592246706,False,False,False,False,0.9293244385776138,0.7874946963454207,0.9293244385776138,False,both,max,none,none,0,moving_average,4,2.0,peak,21,-1,-1,21,False,0.9366493775397726,False,False,False,False,False,False,False,,
frame_000138.jpg,32.948617259915025,33.00918417604758,138,True,0.08798714890754145,0.06416938090068182,0.003889071413101613,0.2735226098905282,False,False,False,False,False,0.5353936006977315,0.2346035705288287,0.18,False,False,True,True,True,32.948617259915025,33.00918417604758,32.948617259915025,33.00918417604758,False,False,False,False,0.8879237764846221,0.7028835237628512,0.8879237764846221,False,both,max,none,none,0,moving_average,4,2.0,peak,21,-1,-1,21,False,0.8971763695396558,False,False,False,False,False,False,False,,
frame_000139.jpg,32.89181096741525,32.9985862616603,139,True,0.06633831371517634,0.03793709904311167,0.012124255532331358,0.1617072534642002,False,False,False,False,False,0.5353936006977315,0.2346035705288287,0.18,False,False,True,True,True,32.89181096741525,32.9985862616603,32.89181096741525,32.9985862616603,False,False,False,False,0.8742808935567319,0.6974092111694963,0.8742808935567319,False,both,max,none,none,0,moving_average,4,2.0,peak,21,-1,-1,21,False,0.8620530033259695,False,False,False,False,False,False,False,,
frame_000140.jpg,32.68226105479313,33.029838697219866,140,True,0.09384335091655378,0.10152876435936321,0.06968315097507306,0.43276734506002373,False,False,False,False,False,0.5353936006977315,0.2346035705288287,0.18,False,False,True,True,True,32.68226105479313,33.029838697219866,32.68226105479313,33.029838697219866,False,False,False,False,0.8239543399365545,0.7135525385549335,0.8239543399365545,False,both,max,none,none,0,moving_average,4,2.0,peak,21,-1,-1,21,False,0.8367967881145136,False,False,False,False,False,False,False,,
frame_000141.jpg,32.63313145907901,33.03582737682577,141,True,0.0559028902437745,0.026253161274935453,0.018523555108127823,0.11190435514581991,False,False,False,False,False,0.5353936006977315,0.2346035705288287,0.18,False,False,True,True,True,32.63313145907901,33.03582737682577,32.63313145907901,33.03582737682577,False,False,False,False,0.8121551308502546,0.7166459683550005,0.8121551308502546,False,both,max,none,none,0,moving_average,4,2.0,peak,21,-1,-1,21,False,0.8417247143211941,False,False,False,False,False,False,False,,
frame_000142.jpg,32.92831864301752,33.36961881286607,142,True,0.01576547450531659,0.09112471931789706,0.019044368498931933,0.38842000193129805,False,False,False,False,False,0.5353936006977315,0.2346035705288287,0.18,False,False,True,True,True,32.92831864301752,33.36961881286607,32.92831864301752,33.36961881286607,False,False,False,False,0.8830487592683185,0.8890646721767734,0.8890646721767734,False,both,max,none,none,0,moving_average,4,2.0,peak,21,-1,-1,21,False,0.8921391472252931,False,False,False,False,False,False,False,,
frame_000143.jpg,33.312008529039744,33.523801634565174,143,True,0.04743517933380707,0.030452084462672356,0.009991160652521862,0.12980230605198878,False,False,False,False,False,0.5353936006977315,0.2346035705288287,0.18,False,False,True,True,True,33.312008529039744,33.523801634565174,33.312008529039744,33.523801634565174,False,False,False,False,0.9751976386488515,0.9687072255756961,0.9751976386488515,False,both,max,none,none,0,moving_average,4,2.0,peak,21,-1,-1,21,False,0.946608518102045,False,False,False,False,False,False,False,,
frame_000144.jpg,33.2075362158724,33.5370744408863,144,True,0.0316984247794941,0.08622209912520826,0.005650153680689475,0.3675225357007645,False,False,False,False,False,0.5353936006977315,0.2346035705288287,0.18,False,False,True,True,True,33.2075362158724,33.5370744408863,33.2075362158724,33.5370744408863,False,False,False,False,0.9501070461277209,0.9755632434805105,0.9755632434805105,False,both,max,none,none,0,moving_average,4,2.0,peak,21,-1,-1,21,False,0.9652000752183235,True,False,False,False,False,False,False,12,
frame_000145.jpg,33.155816790065074,33.477594961807824,145,True,0.11087174581207648,0.05794958729336375,0.005646366569543758,0.24701067917567246,False,False,False,False,False,0.5353936006977315,0.2346035705288287,0.18,False,False,True,True,True,33.155816790065074,33.477594961807824,33.155816790065074,33.477594961807824,False,False,False,False,0.9376858505112334,0.9448393435256089,0.9448393435256089,False,both,max,none,none,0,moving_average,4,2.0,peak,21,-1,-1,21,False,0.9579403102086224,False,False,False,False,False,False,False,,
frame_000146.jpg,33.1116859134376,33.49420334997998,146,True,0.02188904411543541,0.027934444839161306,0.003647944569931644,0.11907084268237363,False,False,False,False,False,0.5353936006977315,0.2346035705288287,0.18,False,False,True,True,True,33.1116859134376,33.49420334997998,33.1116859134376,33.49420334997998,False,False,False,False,0.9270871587670704,0.953418343619748,0.953418343619748,False,both,max,none,none,0,moving_average,4,2.0,peak,21,-1,-1,21,False,0.9476635830500864,False,False,False,False,False,False,False,,
frame_000147.jpg,33.153418851741804,33.477389207671905,147,True,0.015362507282476989,0.008329017267526002,0.024882537504044643,0.1382363194669147,False,False,False,False,False,0.5353936006977315,0.2346035705288287,0.18,False,False,True,True,True,33.153418851741804,33.477389207671905,33.153418851741804,33.477389207671905,False,False,False,False,0.9371099496669245,0.9447330620049025,0.9447330620049025,False,both,max,none,none,0,moving_average,4,2.0,peak,21,-1,-1,21,False,0.9516836032284561,False,False,False,False,False,False,False,,
frame_000148.jpg,33.09103616121032,33.500942457384106,148,True,0.017241230117151705,0.04290374130576227,0.0067580911893262395,0.1828776143903153,False,False,False,False,False,0.5353936006977315,0.2346035705288287,0.18,False,False,True,True,True,33.09103616121032,33.500942457384106,33.09103616121032,33.500942457384106,False,False,False,False,0.9221278111362101,0.9568994040607182,0.9568994040607182,False,both,max,none,none,0,moving_average,4,2.0,peak,21,-1,-1,21,False,0.9496723090488539,False,False,False,False,False,False,False,,
frame_000149.jpg,33.065673424529585,33.48252214444437,149,True,0.0017114813372515313,0.002398824675684545,0.0011207275848550554,0.010225013499484533,False,False,False,False,False,0.5353936006977315,0.2346035705288287,0.18,False,False,True,True,True,33.065673424529585,33.48252214444437,33.065673424529585,33.48252214444437,False,False,False,False,0.9160365696198316,0.9473844610809415,0.9473844610809415,False,both,max,none,none,0,moving_average,4,2.0,peak,21,-1,-1,21,False,0.9555385569766209,False,False,False,False,False,False,False,,
frame_000150.jpg,33.04460382232717,33.51145923505133,150,True,0.029328263995032907,0.017970996847321084,0.046352594990204235,0.2575144166122458,False,False,False,False,False,0.5353936006977315,0.2346035705288287,0.18,False,False,True,True,True,33.04460382232717,33.51145923505133,33.04460382232717,33.51145923505133,False,False,False,False,0.9109763887219857,0.9623318057882034,0.9623318057882034,False,both,max,none,none,0,moving_average,4,2.0,peak,21,-1,-1,21,False,0.9285393562495694,False,False,False,False,False,False,False,,
frame_000151.jpg,32.89856011221029,33.30003600537795,151,True,0.011695998092990519,0.05144334836954138,0.0017920421640691686,0.21927777251463398,False,False,False,False,False,0.5353936006977315,0.2346035705288287,0.18,False,False,True,True,True,32.89856011221029,33.30003600537795,32.89856011221029,33.30003600537795,False,False,False,False,0.8759018018795632,0.8531219361446425,0.8759018018795632,False,both,max,none,none,0,moving_average,4,2.0,peak,21,-1,-1,21,False,0.9027522115634641,False,False,False,False,False,False,False,,
frame_000152.jpg,32.87408204508704,33.17157169960564,152,True,0.03768730462464156,0.0049407185428384645,0.03313816973537822,0.18410094297432344,False,False,False,False,False,0.5353936006977315,0.2346035705288287,0.18,False,False,True,True,True,32.87408204508704,33.17157169960564,32.87408204508704,33.17157169960564,False,False,False,False,0.8700230270226256,0.7867641848752228,0.8700230270226256,False,both,max,none,none,0,moving_average,4,2.0,peak,21,-1,-1,21,False,0.8719826186416046,False,False,False,False,False,False,False,,
frame_000153.jpg,32.87408204508704,33.17343517490504,153,True,0.010522667315519018,0.0007700847481551495,0.0210316297328436,0.11684238740468668,False,False,False,False,False,0.5353936006977315,0.2346035705288287,0.18,False,False,True,True,True,32.87408204508704,33.17343517490504,32.87408204508704,33.17343517490504,False,False,False,False,0.8700230270226256,0.7877267559930952,0.8700230270226256,False,both,max,none,none,0,moving_average,4,2.0,peak,21,-1,-1,21,False,0.870255286365801,False,False,False,False,False,False,False,,
frame_000154.jpg,32.87698329233529,33.054912260681505,154,True,0.0168086516379541,0.03167610763326734,0.024695839888766995,0.13719911049314998,False,False,False,False,False,0.5353936006977315,0.2346035705288287,0.18,False,False,True,True,True,32.87698329233529,33.054912260681505,32.87698329233529,33.054912260681505,False,False,False,False,0.870719805052152,0.7265041929278959,0.870719805052152,False,both,max,none,none,0,moving_average,4,2.0,peak,21,-1,-1,21,False,0.8675603117608881,False,False,False,False,False,False,False,,
frame_000155.jpg,32.84041800578641,33.03333771120658,155,True,0.05178066914428879,0.02474816589542122,0.029672002255048305,0.1648444569724906,False,False,False,False,False,0.5353936006977315,0.2346035705288287,0.18,False,False,True,True,True,32.84041800578641,33.03333771120658,32.84041800578641,33.03333771120658,False,False,False,False,0.8619381032078869,0.7153599409958107,0.8619381032078869,False,both,max,none,none,0,moving_average,4,2.0,peak,21,-1,-1,21,False,0.8748557829918836,False,False,False,False,False,False,False,,
frame_000156.jpg,32.965212785164944,33.179016449431394,156,True,0.03649118036994347,0.02359441096280088,0.0024982762309363753,0.10057140609418619,False,False,False,False,False,0.5353936006977315,0.2346035705288287,0.18,False,False,True,True,True,32.965212785164944,33.179016449431394,32.965212785164944,33.179016449431394,False,False,False,False,0.891909440715612,0.790609742240207,0.891909440715612,False,both,max,none,none,0,moving_average,4,2.0,peak,21,-1,-1,21,False,0.8819189948797036,False,False,False,False,False,False,False,,
frame_000157.jpg,32.965212785164944,33.179016449431394,157,True,0.0,0.0,0.0,0.0,False,False,False,False,False,0.5353936006977315,0.2346035705288287,0.18,False,False,True,True,True,32.965212785164944,33.179016449431394,32.965212785164944,33.179016449431394,False,False,False,False,0.891909440715612,0.790609742240207,0.891909440715612,False,both,max,none,none,0,moving_average,4,2.0,peak,21,-1,-1,21,False,0.9126214596951355,False,False,False,False,False,False,False,,
frame_000158.jpg,33.22393515666746,33.44466734215571,158,True,0.0083213287189353,0.03791669463528764,0.015340821629783764,0.1616202794774956,False,False,False,False,False,0.5353936006977315,0.2346035705288287,0.18,False,False,True,True,True,33.22393515666746,33.44466734215571,33.22393515666746,33.44466734215571,False,False,False,False,0.9540454976541827,0.9278307061330417,0.9540454976541827,False,both,max,none,none,0,moving_average,4,2.0,peak,21,-1,-1,21,False,0.9384918734344989,False,False,False,False,False,False,False,,
frame_000159.jpg,33.28837079313203,33.42737487740921,159,True,0.027139014776720313,0.033498482159978096,0.02993003088376005,0.16627794935422252,False,False,False,False,False,0.5353936006977315,0.2346035705288287,0.18,False,False,True,True,True,33.28837079313203,33.42737487740921,33.28837079313203,33.42737487740921,False,False,False,False,0.9695206819337023,0.918898348871737,0.9695206819337023,False,both,max,none,none,0,moving_average,4,2.0,peak,21,-1,-1,21,False,0.9631718682596292,False,False,False,False,False,False,False,,
frame_000160.jpg,33.273500779500026,33.4370131423095,160,True,0.011981352501714539,0.018255981275754927,0.0014851938988252045,0.07781629765737766,False,False,False,False,False,0.5353936006977315,0.2346035705288287,0.18,False,False,True,True,True,33.273500779500026,33.4370131423095,33.273500779500026,33.4370131423095,False,False,False,False,0.9659494251910025,0.9238769581521721,0.9659494251910025,False,both,max,none,none,0,moving_average,4,2.0,peak,21,-1,-1,21,False,0.9703426749556301,True,False,False,False,False,False,False,13,
frame_000161.jpg,33.31350866062232,33.470206328763155,161,True,0.006480831208020081,0.001072552918082642,0.006849260268868083,0.03805144593815602,False,False,False,False,False,0.5353936006977315,0.2346035705288287,0.18,False,False,True,True,True,33.31350866062232,33.470206328763155,33.31350866062232,33.470206328763155,False,False,False,False,0.9755579177421856,0.9410227730716478,0.9755579177421856,False,both,max,none,none,0,moving_average,4,2.0,peak,21,-1,-1,21,False,0.967362012722025,False,False,False,False,False,False,False,,
frame_000162.jpg,33.251138111832894,33.50628240145736,162,True,0.016305049332792088,0.0022020034271998308,0.008141839593107929,0.045232442183932936,False,False,False,False,False,0.5353936006977315,0.2346035705288287,0.18,False,False,True,True,True,33.251138111832894,33.50628240145736,33.251138111832894,33.50628240145736,False,False,False,False,0.9605786952328871,0.9596577319750401,0.9605786952328871,False,both,max,none,none,0,moving_average,4,2.0,peak,21,-1,-1,21,False,0.9449009730560473,False,False,False,False,False,False,False,,
frame_000163.jpg,32.992930669239946,33.305164371328026,163,True,0.017533371816949646,0.018155735136227577,0.006886961660354615,0.0773889975131327,False,False,False,False,False,0.5353936006977315,0.2346035705288287,0.18,False,False,True,True,True,32.992930669239946,33.305164371328026,32.992930669239946,33.305164371328026,False,False,False,False,0.8985663061930695,0.855770974179667,0.8985663061930695,False,both,max,none,none,0,moving_average,4,2.0,peak,21,-1,-1,21,False,0.9145974602019302,False,False,False,False,False,False,False,,
frame_000164.jpg,32.93497498323311,33.15289830273368,164,True,0.017489870906096782,0.014121365859509204,0.00038397813279168747,0.060192459252336634,False,False,False,False,False,0.5353936006977315,0.2346035705288287,0.18,False,False,True,True,True,32.93497498323311,33.15289830273368,32.93497498323311,33.15289830273368,False,False,False,False,0.8846473791798344,0.7771185123474702,0.8846473791798344,False,both,max,none,none,0,moving_average,4,2.0,peak,21,-1,-1,21,False,0.8904688921752153,False,False,False,False,False,False,False,,
frame_000165.jpg,32.94973821706633,33.17582670566444,165,True,0.009841168098046516,0.05821437435477277,0.029933428426494504,0.24813933659896809,False,False,False,False,False,0.5353936006977315,0.2346035705288287,0.18,False,False,True,True,True,32.94973821706633,33.17582670566444,32.94973821706633,33.17582670566444,False,False,False,False,0.8881929911527424,0.7889620921616256,0.8881929911527424,False,both,max,none,none,0,moving_average,4,2.0,peak,21,-1,-1,21,False,0.886890070341684,False,False,False,False,False,False,False,,
frame_000166.jpg,32.94822612967422,33.14295213938207,166,True,0.015581460632051505,0.028995298382314568,0.02159342361697368,0.12359274122280058,False,False,False,False,False,0.5353936006977315,0.2346035705288287,0.18,False,False,True,True,True,32.94822612967422,33.14295213938207,32.94822612967422,33.14295213938207,False,False,False,False,0.8878298406924753,0.7719808592865394,0.8878298406924753,False,both,max,none,none,0,moving_average,4,2.0,peak,21,-1,-1,21,False,0.8889020572087534,False,False,False,False,False,False,False,,
frame_000167.jpg,32.96010754101006,33.102516789994574,167,True,0.01515191714025912,0.02071294956474641,0.008232964007591386,0.08828914887380689,False,False,False,False,False,0.5353936006977315,0.2346035705288287,0.18,False,False,True,True,True,32.96010754101006,33.102516789994574,32.96010754101006,33.102516789994574,False,False,False,False,0.890683339781043,0.7510941324948717,0.890683339781043,False,both,max,none,none,0,moving_average,4,2.0,peak,21,-1,-1,21,False,0.9107192936066884,False,False,False,False,False,False,False,,
frame_000168.jpg,33.21598254129489,33.49464156193275,168,True,0.031154076673454052,0.0875448578080175,0.04822362945858525,0.3731608074449991,False,False,False,False,False,0.5353936006977315,0.2346035705288287,0.18,False,False,True,True,True,33.21598254129489,33.49464156193275,33.21598254129489,33.49464156193275,False,False,False,False,0.9521355578266731,0.953644700346547,0.953644700346547,False,both,max,none,none,0,moving_average,4,2.0,peak,21,-1,-1,21,False,0.9302206706587982,False,False,False,False,False,False,False,,
frame_000169.jpg,33.171536778722185,33.48048846537378,169,True,0.013459275927397624,0.023817392562142273,0.0034156891936225203,0.1015218673290206,False,False,False,False,False,0.5353936006977315,0.2346035705288287,0.18,False,False,True,True,True,33.171536778722185,33.48048846537378,33.171536778722185,33.48048846537378,False,False,False,False,0.9414612415011943,0.9463339718488047,0.9463339718488047,False,both,max,none,none,0,moving_average,4,2.0,peak,21,-1,-1,21,False,0.9487708813480521,False,False,False,False,False,False,False,,
frame_000170.jpg,33.171536778722185,33.48048846537378,170,True,0.0,0.0,0.0,0.0,False,False,False,False,False,0.5353936006977315,0.2346035705288287,0.18,False,False,True,True,True,33.171536778722185,33.48048846537378,33.171536778722185,33.48048846537378,False,False,False,False,0.9414612415011943,0.9463339718488047,0.9463339718488047,False,both,max,none,none,0,moving_average,4,2.0,peak,21,-1,-1,21,False,0.957092271682475,False,False,False,False,False,False,False,,
frame_000171.jpg,33.19451111216262,33.54297057905232,171,True,0.00588155653483683,0.0038839721505829895,0.0053729624015565955,0.029849791119758867,False,False,False,False,False,0.5353936006977315,0.2346035705288287,0.18,False,False,True,True,True,33.19451111216262,33.54297057905232,33.19451111216262,33.54297057905232,False,False,False,False,0.9469788721664144,0.9786088713498156,0.9786088713498156,False,both,max,none,none,0,moving_average,4,2.0,peak,21,-1,-1,21,False,0.9749809477328735,True,False,False,False,False,False,False,14,
frame_000172.jpg,33.17310119911098,33.58438241774732,172,True,0.014162103420960855,0.0016501013868529609,0.015180283773742476,0.08433490985412487,False,False,False,False,False,0.5353936006977315,0.2346035705288287,0.18,False,False,True,True,True,33.17310119911098,33.58438241774732,33.17310119911098,33.58438241774732,False,False,False,False,0.9418369605153234,1.0,1.0,False,both,max,none,none,0,moving_average,4,2.0,peak,21,-1,-1,21,False,0.9498328106474037,False,False,False,False,False,False,False,,
frame_000173.jpg,32.87769012115758,33.27946016627103,173,True,0.016620757805010756,0.07358716650085502,0.02987899532561762,0.31366601256314824,False,False,False,False,False,0.5353936006977315,0.2346035705288287,0.18,False,False,True,True,True,32.87769012115758,33.27946016627103,32.87769012115758,33.27946016627103,False,False,False,False,0.8708895605923955,0.8424935642758332,0.8708895605923955,False,both,max,none,none,0,moving_average,4,2.0,peak,21,-1,-1,21,False,0.9119738376718645,False,False,False,False,False,False,False,,
frame_000174.jpg,32.8533001879765,33.22855221216147,174,True,0.0407480420610645,0.05346397833740026,0.038853822024500384,0.22789072739551708,False,False,False,False,False,0.5353936006977315,0.2346035705288287,0.18,False,False,True,True,True,32.8533001879765,33.22855221216147,32.8533001879765,33.22855221216147,False,False,False,False,0.865031952423198,0.8161972531244316,0.865031952423198,False,both,max,none,none,0,moving_average,4,2.0,peak,21,-1,-1,21,False,0.8722307496089516,False,False,False,False,False,False,False,,
frame_000175.jpg,32.918833399502134,33.250970439178545,175,True,0.07106493141100025,0.04240376320603648,0.05108022013099745,0.28377900072776363,False,False,False,False,False,0.5353936006977315,0.2346035705288287,0.18,False,False,True,True,True,32.918833399502134,33.250970439178545,32.918833399502134,33.250970439178545,False,False,False,False,0.8807707358112613,0.8277773034999601,0.8807707358112613,False,both,max,none,none,0,moving_average,4,2.0,peak,21,-1,-1,21,False,0.880079072117685,False,False,False,False,False,False,False,,
frame_000176.jpg,32.97572675456273,33.32957286132743,176,True,0.05815970896426209,0.01481871985679644,0.008291234700151605,0.10862981718210238,False,False,False,False,False,0.5353936006977315,0.2346035705288287,0.18,False,False,True,True,True,32.97572675456273,33.32957286132743,32.97572675456273,33.32957286132743,False,False,False,False,0.8944345281185959,0.8683790873711495,0.8944345281185959,False,both,max,none,none,0,moving_average,4,2.0,peak,21,-1,-1,21,False,0.8898799306828176,False,False,False,False,False,False,False,,
frame_000177.jpg,32.97572675456273,33.32957286132743,177,True,0.0,0.0,0.0,0.0,False,False,False,False,False,0.5353936006977315,0.2346035705288287,0.18,False,False,True,True,True,32.97572675456273,33.32957286132743,32.97572675456273,33.32957286132743,False,False,False,False,0.8944345281185959,0.8683790873711495,0.8944345281185959,False,both,max,none,none,0,moving_average,4,2.0,peak,21,-1,-1,21,False,0.9038133048260262,False,False,False,False,False,False,False,,
frame_000178.jpg,33.092880922581685,33.37970632827776,178,True,0.04742006742426751,0.02983597438804309,0.0023045713079466526,0.1271761308695716,False,False,False,False,False,0.5353936006977315,0.2346035705288287,0.18,False,False,True,True,True,33.092880922581685,33.37970632827776,33.092880922581685,33.37970632827776,False,False,False,False,0.9225708582408868,0.8942753401097154,0.9225708582408868,False,both,max,none,none,0,moving_average,4,2.0,peak,21,-1,-1,21,False,0.9116908659013944,False,False,False,False,False,False,False,,
frame_000179.jpg,33.07412861896282,33.37841812259016,179,True,0.008244408115952995,0.017533401356139185,0.036952126216919616,0.2052895900939979,False,False,False,False,False,0.5353936006977315,0.2346035705288287,0.18,False,False,True,True,True,33.07412861896282,33.37841812259016,33.07412861896282,33.37841812259016,False,False,False,False,0.9180672113447003,0.8936099223340324,0.9180672113447003,False,both,max,none,none,0,moving_average,4,2.0,peak,21,-1,-1,21,False,0.9186446094828554,False,False,False,False,False,False,False,,
frame_000180.jpg,33.05342434049226,33.42040049663825,180,True,0.03244513003726011,0.02723659901513699,0.007223322243435904,0.11609626807359305,False,False,False,False,False,0.5353936006977315,0.2346035705288287,0.18,False,False,True,True,True,33.05342434049226,33.42040049663825,33.05342434049226,33.42040049663825,False,False,False,False,0.9130947684189217,0.9152957588629793,0.9152957588629793,False,both,max,none,none,0,moving_average,4,2.0,peak,21,-1,-1,21,False,0.9249201673740788,True,False,False,False,False,False,False,15,
frame_000181.jpg,33.103553536599,33.470931837594684,181,True,0.1744058257534245,0.026554674796398406,0.0038727667970840786,0.3257525407964098,False,False,False,False,False,0.5353936006977315,0.2346035705288287,0.18,False,False,True,True,True,33.103553536599,33.470931837594684,33.103553536599,33.470931837594684,False,False,False,False,0.9251340465280541,0.941397531914557,0.941397531914557,False,both,max,none,none,0,moving_average,4,2.0,peak,21,-1,-1,21,False,0.9204925904745154,False,False,False,False,False,False,False,,
frame_000182.jpg,32.95037187372076,33.400051343252386,182,True,0.36883397265940654,0.06791684090397535,0.02417971813949669,0.6889024676027835,False,False,False,False,False,0.5353936006977315,0.2346035705288287,0.18,False,False,True,True,True,32.95037187372076,33.400051343252386,32.95037187372076,33.400051343252386,False,False,False,False,0.8883451732996919,0.90478448064601,0.90478448064601,False,both,max,none,none,0,moving_average,4,2.0,peak,21,-1,-1,21,False,0.9109908801348326,False,False,False,False,False,False,False,,
frame_000183.jpg,32.94389905090678,33.36172177933155,183,True,0.43270500699021114,0.040267365898063824,0.013357304272396951,0.8081998111787378,False,False,False,False,False,0.5353936006977315,0.2346035705288287,0.18,False,False,True,True,True,32.94389905090678,33.36172177933155,32.94389905090678,33.36172177933155,False,False,False,False,0.886790627843931,0.8849854893726513,0.886790627843931,False,both,max,none,none,0,moving_average,4,2.0,peak,21,-1,-1,21,False,0.8905589336295063,False,False,False,False,False,False,False,,
frame_000184.jpg,32.91604763376649,33.135746138132546,184,True,0.30086943056808707,0.024370989466381297,0.02751682689773743,0.5619593326778474,False,False,False,False,False,0.5353936006977315,0.2346035705288287,0.18,False,False,True,True,True,32.91604763376649,33.135746138132546,32.91604763376649,33.135746138132546,False,False,False,False,0.8801016923985779,0.7682586265956127,0.8801016923985779,False,both,max,none,none,0,moving_average,4,2.0,peak,21,-1,-1,21,False,0.8862249750611093,False,False,False,False,False,False,False,,
frame_000185.jpg,32.96468466583999,33.266636341614344,185,True,0.1334383288139591,0.012431866517669747,0.04985886665862687,0.2769937036590382,False,False,False,False,False,0.5353936006977315,0.2346035705288287,0.18,False,False,True,True,True,32.96468466583999,33.266636341614344,32.96468466583999,33.266636341614344,False,False,False,False,0.8917826049408192,0.8358694661516489,0.8917826049408192,False,both,max,none,none,0,moving_average,4,2.0,peak,21,-1,-1,21,False,0.8966274871646732,False,False,False,False,False,False,False,,
frame_000186.jpg,33.0738411199865,33.35204314243212,186,True,0.2616504124585247,0.0032340017256911814,0.023277976105801776,0.48870664893554705,False,False,False,False,False,0.5353936006977315,0.2346035705288287,0.18,False,False,True,True,True,33.0738411199865,33.35204314243212,33.0738411199865,33.35204314243212,False,False,False,False,0.9179981641546229,0.8799860260887585,0.9179981641546229,False,both,max,none,none,0,moving_average,4,2.0,peak,21,-1,-1,21,False,0.9089837674406855,False,False,False,False,False,False,False,,
frame_000187.jpg,33.070395026897025,32.80985426129902,187,True,0.06924768686258903,0.1951640631802135,0.02359686995081754,0.8318887165284267,False,False,False,False,False,0.5353936006977315,0.2346035705288287,0.18,False,False,True,True,True,33.070395026897025,32.80985426129902,33.070395026897025,32.80985426129902,False,False,False,False,0.9171705332266148,0.5999204102044142,0.9171705332266148,False,both,max,none,none,0,moving_average,4,2.0,peak,21,-1,-1,21,False,0.9141397155268949,False,False,False,False,False,False,False,,
frame_000188.jpg,33.02908973989514,33.265924747396014,188,True,0.12296301108104557,0.07679693616966662,0.020172756559169894,0.32734768697916994,False,False,False,False,False,0.5353936006977315,0.2346035705288287,0.18,False,False,True,True,True,33.02908973989514,33.265924747396014,33.02908973989514,33.265924747396014,False,False,False,False,0.9072504491994472,0.8355018948495595,0.9072504491994472,False,both,max,none,none,0,moving_average,4,2.0,peak,21,-1,-1,21,False,0.9136655075924083,False,False,False,False,False,False,False,,
frame_000189.jpg,33.06791759309532,33.310446744104965,189,True,0.18914522127692926,0.08550740140137858,0.006169708069911752,0.3644761297052434,False,False,False,False,False,0.5353936006977315,0.2346035705288287,0.18,False,False,True,True,True,33.06791759309532,33.310446744104965,33.06791759309532,33.310446744104965,False,False,False,False,0.9165755403511628,0.8584995638586225,0.9165755403511628,False,both,max,none,none,0,moving_average,4,2.0,peak,21,-1,-1,21,False,0.9127454754518016,False,False,False,False,False,False,False,,
frame_000190.jpg,33.05890252597224,33.3927554161584,190,True,0.1487922838933454,0.03969683242296666,0.010550364718151184,0.277911958042527,False,False,False,False,False,0.5353936006977315,0.2346035705288287,0.18,False,False,True,True,True,33.05890252597224,33.3927554161584,33.05890252597224,33.3927554161584,False,False,False,False,0.9144104368047952,0.901015797100243,0.9144104368047952,False,both,max,none,none,0,moving_average,4,2.0,peak,21,-1,-1,21,False,0.9150848879919348,False,False,False,False,False,False,False,,
frame_000191.jpg,33.058312306797205,33.328264325906,191,True,0.06757560187983168,0.09143353502102528,0.013912479876143212,0.3897363318679316,False,False,False,False,False,0.5353936006977315,0.2346035705288287,0.18,False,False,True,True,True,33.058312306797205,33.328264325906,33.058312306797205,33.328264325906,False,False,False,False,0.9142686868198464,0.8677031683483484,0.9142686868198464,False,both,max,none,none,0,moving_average,4,2.0,peak,21,-1,-1,21,False,0.919712560604354,False,False,False,False,False,False,False,,
frame_000192.jpg,33.09067133360411,33.44975469342227,192,True,0.021685737166376298,0.004325611561260365,0.006436105398843338,0.04050428906530669,False,False,False,False,False,0.5353936006977315,0.2346035705288287,0.18,False,False,True,True,True,33.09067133360411,33.44975469342227,33.09067133360411,33.44975469342227,False,False,False,False,0.9220401923161571,0.9304585581884207,0.9304585581884207,False,both,max,none,none,0,moving_average,4,2.0,peak,21,-1,-1,21,False,0.9372233328781611,True,False,False,False,False,False,False,16,
frame_000193.jpg,33.13292952153731,33.52038573122746,193,True,0.17026954724860394,0.05403113368986005,0.04342625829066641,0.31802686290367793,False,False,False,False,False,0.5353936006977315,0.2346035705288287,0.18,False,False,True,True,True,33.13292952153731,33.52038573122746,33.13292952153731,33.52038573122746,False,False,False,False,0.932189129790289,0.9669427536262161,0.9669427536262161,False,both,max,none,none,0,moving_average,4,2.0,peak,21,-1,-1,21,False,0.9312329578827225,False,False,False,False,False,False,False,,
frame_000194.jpg,32.98348406206928,33.31097841514736,194,True,0.0345772828582243,0.04553900531368849,0.017093034325059993,0.19411045284194658,False,False,False,False,False,0.5353936006977315,0.2346035705288287,0.18,False,False,True,True,True,32.98348406206928,33.31097841514736,32.98348406206928,33.31097841514736,False,False,False,False,0.8962975618335308,0.8587741965246874,0.8962975618335308,False,both,max,none,none,0,moving_average,4,2.0,peak,21,-1,-1,21,False,0.9157981564951704,False,False,False,False,False,False,False,,
frame_000195.jpg,32.93292129029164,32.89461393940512,195,True,0.0330671778598991,0.04381102046495873,0.015631889647503623,0.18674490062620389,False,False,False,False,False,0.5353936006977315,0.2346035705288287,0.18,False,False,True,True,True,32.93292129029164,32.89461393940512,32.93292129029164,32.89461393940512,False,False,False,False,0.8841541540257642,0.6437027013523492,0.8841541540257642,False,both,max,none,none,0,moving_average,4,2.0,peak,21,-1,-1,21,False,0.8743983037425003,False,False,False,False,False,False,False,,
frame_000196.jpg,32.76049416893973,33.000057606098935,196,True,0.044080755705629526,0.09957652222183466,0.04102817122822844,0.42444589397073323,False,False,False,False,False,0.5353936006977315,0.2346035705288287,0.18,False,False,True,True,True,32.76049416893973,33.000057606098935,32.76049416893973,33.000057606098935,False,False,False,False,0.842743195368206,0.698169228574359,0.842743195368206,False,both,max,none,none,0,moving_average,4,2.0,peak,21,-1,-1,21,False,0.8596690844343183,False,False,False,False,False,False,False,,
frame_000197.jpg,32.79949530879704,33.173037299259455,197,True,0.14538104454367398,0.0984912047438036,0.028980109479249623,0.41981971767007165,False,False,False,False,False,0.5353936006977315,0.2346035705288287,0.18,False,False,True,True,True,32.79949530879704,33.173037299259455,32.79949530879704,33.173037299259455,False,False,False,False,0.8521099039089847,0.7875212348332136,0.8521099039089847,False,both,max,none,none,0,moving_average,4,2.0,peak,21,-1,-1,21,False,0.8427666458720717,False,False,False,False,False,False,False,,
frame_000198.jpg,32.72178595899809,32.96511594774151,198,True,0.1878990834380025,0.17783057437519667,0.05214150139297866,0.7580045519952749,False,False,False,False,False,0.5353936006977315,0.2346035705288287,0.18,False,False,True,True,True,32.72178595899809,32.96511594774151,32.72178595899809,32.96511594774151,False,False,False,False,0.8334468383390248,0.6801202471060533,0.8334468383390248,False,both,max,none,none,0,moving_average,4,2.0,peak,21,-1,-1,21,False,0.8478594380706195,False,False,False,False,False,False,False,,
frame_000199.jpg,32.824110336754195,33.26509159974723,199,True,0.18074765132987147,0.09711285951180429,0.03943680065811333,0.41394450771954816,False,False,False,False,False,0.5353936006977315,0.2346035705288287,0.18,False,False,True,True,True,32.824110336754195,33.26509159974723,32.824110336754195,33.26509159974723,False,False,False,False,0.8580215719638492,0.8350715355827084,0.8580215719638492,False,both,max,none,none,0,moving_average,4,2.0,peak,21,-1,-1,21,False,0.8482024717980462,False,False,False,False,False,False,False,,
frame_000200.jpg,32.757885965535685,33.30006904975236,200,True,0.2398965065159274,0.07835331972280252,0.02593522664935467,0.44807503526992354,False,False,False,False,False,0.5353936006977315,0.2346035705288287,0.18,False,False,True,True,True,32.757885965535685,33.30006904975236,32.757885965535685,33.30006904975236,False,False,False,False,0.8421167962119216,0.8531390050912646,0.8531390050912646,False,both,max,none,none,0,moving_average,4,2.0,peak,21,-1,-1,21,False,0.8618888850969568,False,False,False,False,False,False,False,,
frame_000201.jpg,32.892748592315414,33.20241565324884,201,True,0.4852395465596645,0.02406313618190795,0.016064152480405054,0.9063230227766906,False,False,False,False,False,0.5353936006977315,0.2346035705288287,0.18,False,False,True,True,True,32.892748592315414,33.20241565324884,32.892748592315414,33.20241565324884,False,False,False,False,0.8745060782357569,0.8026965124717198,0.8745060782357569,False,both,max,none,none,0,moving_average,4,2.0,peak,21,-1,-1,21,False,0.8484483262331233,False,False,False,False,False,False,False,,
frame_000202.jpg,32.6562187725852,33.074232453544795,202,True,0.44602290072182244,0.09306427216631961,0.0323335255601187,0.8330747699273207,False,False,False,False,False,0.5353936006977315,0.2346035705288287,0.18,False,False,True,True,True,32.6562187725852,33.074232453544795,32.6562187725852,33.074232453544795,False,False,False,False,0.8176998953723486,0.7364839654786601,0.8176998953723486,False,both,max,none,none,0,moving_average,4,2.0,peak,21,-1,-1,21,False,0.8321160018012873,False,False,False,False,False,False,False,,
frame_000203.jpg,32.59976648401286,32.9740831609084,203,True,0.04188694152401648,0.02640466379419292,0.0012895395255250108,0.1125501361069364,False,False,False,False,False,0.5353936006977315,0.2346035705288287,0.18,False,False,True,True,True,32.59976648401286,32.9740831609084,32.59976648401286,32.9740831609084,False,False,False,False,0.8041420317957567,0.6847522271516473,0.8041420317957567,False,both,max,none,none,0,moving_average,4,2.0,peak,21,-1,-1,21,False,0.8094667163523215,False,False,False,False,False,False,False,,
frame_000204.jpg,32.60982702634026,32.851653685104495,204,True,0.11706736648995085,0.04578060676048359,0.046575114381302185,0.2587506354516788,False,False,False,False,False,0.5353936006977315,0.2346035705288287,0.18,False,False,True,True,True,32.60982702634026,32.851653685104495,32.60982702634026,32.851653685104495,False,False,False,False,0.8065582218888592,0.6215117444774908,0.8065582218888592,False,both,max,none,none,0,moving_average,4,2.0,peak,21,-1,-1,21,False,0.8123179786798775,False,False,False,False,False,False,False,,
frame_000205.jpg,32.691835066288405,32.91562184920219,205,True,0.07508638533296967,0.01796841247692577,0.003629847450436985,0.14024520508858562,False,False,False,False,False,0.5353936006977315,0.2346035705288287,0.18,False,False,True,True,True,32.691835066288405,32.91562184920219,32.691835066288405,32.91562184920219,False,False,False,False,0.826253682355017,0.6545542577019803,0.826253682355017,False,both,max,none,none,0,moving_average,4,2.0,peak,21,-1,-1,21,False,0.834764596262031,False,False,False,False,False,False,False,,
frame_000206.jpg,32.88015644207567,33.283593161887154,206,True,0.0677400091642744,0.04940013163778264,0.04265517860522183,0.23697321447345462,False,False,False,False,False,0.5353936006977315,0.2346035705288287,0.18,False,False,True,True,True,32.88015644207567,33.283593161887154,32.88015644207567,33.283593161887154,False,False,False,False,0.8714818845422172,0.8446284475295405,0.8714818845422172,False,both,max,none,none,0,moving_average,4,2.0,peak,21,-1,-1,21,False,0.8812408061801731,False,False,False,False,False,False,False,,
frame_000207.jpg,33.19038053299541,33.41187060632906,207,True,0.1434731655630054,0.06075337239932192,0.010677409554797457,0.26797698996780955,False,False,False,False,False,0.5353936006977315,0.2346035705288287,0.18,False,False,True,True,True,33.19038053299541,33.41187060632906,33.19038053299541,33.41187060632906,False,False,False,False,0.9459868516432856,0.9108896762854891,0.9459868516432856,False,both,max,none,none,0,moving_average,4,2.0,peak,21,-1,-1,21,False,0.9301702728263612,False,False,False,False,False,False,False,,
frame_000208.jpg,33.30303321455054,33.3841599684724,208,True,0.14238142932314762,0.05123907480329201,0.010818183238759707,0.2659378616733454,False,False,False,False,False,0.5353936006977315,0.2346035705288287,0.18,False,False,True,True,True,33.30303321455054,33.3841599684724,33.30303321455054,33.3841599684724,False,False,False,False,0.9730420822935811,0.8965758511077139,0.9730420822935811,False,both,max,none,none,0,moving_average,4,2.0,peak,21,-1,-1,21,False,0.9468583375545621,False,False,False,False,False,False,False,,
frame_000209.jpg,33.07659943502831,33.4325007108077,209,True,0.08883997401294967,0.03255877708334492,0.0025291230000462355,0.16593394821524265,False,False,False,False,False,0.5353936006977315,0.2346035705288287,0.18,False,False,True,True,True,33.07659943502831,33.4325007108077,33.07659943502831,33.4325007108077,False,False,False,False,0.9186606148715711,0.9215460787268197,0.9215460787268197,False,both,max,none,none,0,moving_average,4,2.0,peak,21,-1,-1,21,False,0.9499372047452466,True,False,False,False,False,False,False,17,
frame_000210.jpg,33.22883993291691,33.4354340401176,210,True,0.15299480166137064,0.010351469852721123,0.006581668205331728,0.28576135662059826,False,False,False,False,False,0.5353936006977315,0.2346035705288287,0.18,False,False,True,True,True,33.22883993291691,33.4354340401176,33.22883993291691,33.4354340401176,False,False,False,False,0.9552234532153393,0.9230612788874188,0.9552234532153393,False,both,max,none,none,0,moving_average,4,2.0,peak,21,-1,-1,21,False,0.945567303625628,False,False,False,False,False,False,False,,
frame_000211.jpg,33.24844697735092,33.40168701329387,211,True,0.07061451184309987,0.024385730765609268,0.0038689907929108786,0.1318927080022514,False,False,False,False,False,0.5353936006977315,0.2346035705288287,0.18,False,False,True,True,True,33.24844697735092,33.40168701329387,33.24844697735092,33.40168701329387,False,False,False,False,0.9599323789347255,0.9056293798195146,0.9599323789347255,False,both,max,none,none,0,moving_average,4,2.0,peak,21,-1,-1,21,False,0.932394312529315,False,False,False,False,False,False,False,,
frame_000212.jpg,32.92406467656247,33.15139947380123,212,True,0.02073381617295131,0.08180057817670608,0.028785942953868226,0.34867575967542325,False,False,False,False,False,0.5353936006977315,0.2346035705288287,0.18,False,False,True,True,True,32.92406467656247,33.15139947380123,32.92406467656247,33.15139947380123,False,False,False,False,0.8820271054378805,0.7763442979312764,0.8820271054378805,False,both,max,none,none,0,moving_average,4,2.0,peak,21,-1,-1,21,False,0.8987426708855597,False,False,False,False,False,False,False,,
frame_000213.jpg,32.808483397919886,33.07661760669706,213,True,0.025688432916648477,0.07708737843100238,0.0254125375132837,0.3285856999415518,False,False,False,False,False,0.5353936006977315,0.2346035705288287,0.18,False,False,True,True,True,32.808483397919886,33.07661760669706,32.808483397919886,33.07661760669706,False,False,False,False,0.8542685282840732,0.7377160073183461,0.8542685282840732,False,both,max,none,none,0,moving_average,4,2.0,peak,21,-1,-1,21,False,0.8586150884436557,False,False,False,False,False,False,False,,
frame_000214.jpg,32.7471967949184,33.019624056377154,214,True,0.05274713014531915,0.010356962308378992,0.030318898591949573,0.16843832551083096,False,False,False,False,False,0.5353936006977315,0.2346035705288287,0.18,False,False,True,True,True,32.7471967949184,33.019624056377154,32.7471967949184,33.019624056377154,False,False,False,False,0.8395496316090139,0.7082762044614109,0.8395496316090139,False,both,max,none,none,0,moving_average,4,2.0,peak,21,-1,-1,21,False,0.8504844016417256,False,False,False,False,False,False,False,,
frame_000215.jpg,32.82250091431316,33.00915717503113,215,True,0.10109596324594583,0.016621000764667233,0.03903514269195085,0.21686190384417142,False,False,False,False,False,0.5353936006977315,0.2346035705288287,0.18,False,False,True,True,True,32.82250091431316,33.00915717503113,32.82250091431316,33.00915717503113,False,False,False,False,0.8576350450320899,0.7028695764899243,0.8576350450320899,False,both,max,none,none,0,moving_average,4,2.0,peak,21,-1,-1,21,False,0.8638366898171858,False,False,False,False,False,False,False,,
frame_000216.jpg,32.9752723365142,33.071522435693346,216,True,0.15866293834417564,0.062475791074724875,0.011637528736681068,0.29634821584980503,False,False,False,False,False,0.5353936006977315,0.2346035705288287,0.18,False,False,True,True,True,32.9752723365142,33.071522435693346,32.9752723365142,33.071522435693346,False,False,False,False,0.8943253928104539,0.7350841160073147,0.8943253928104539,False,both,max,none,none,0,moving_average,4,2.0,peak,21,-1,-1,21,False,0.8874143887610757,False,False,False,False,False,False,False,,
frame_000217.jpg,33.041715556771905,32.938529904445375,217,True,0.10399392958270905,0.007107279692755065,0.0031473039097211185,0.1942382752561534,False,False,False,False,False,0.5353936006977315,0.2346035705288287,0.18,False,False,True,True,True,33.041715556771905,32.938529904445375,33.041715556771905,32.938529904445375,False,False,False,False,0.9102827284406837,0.6663873269950784,0.9102827284406837,False,both,max,none,none,0,moving_average,4,2.0,peak,21,-1,-1,21,False,0.8884354633937555,True,False,False,False,False,False,False,18,
frame_000218.jpg,32.83525557868022,32.956215212796366,218,True,0.08249479686425418,0.0608639851849645,0.0069682937978787045,0.25943332851997397,False,False,False,False,False,0.5353936006977315,0.2346035705288287,0.18,False,False,True,True,True,32.83525557868022,32.956215212796366,32.83525557868022,32.956215212796366,False,False,False,False,0.8606982689301291,0.6755226061344692,0.8606982689301291,False,both,max,none,none,0,moving_average,4,2.0,peak,21,-1,-1,21,False,0.8655794272072911,False,False,False,False,False,False,False,,
frame_000219.jpg,32.68976816180504,32.98156694633686,219,True,0.1789600336418372,0.0016989099675668584,0.028374059551637174,0.33425882081633834,False,False,False,False,False,0.5353936006977315,0.2346035705288287,0.18,False,False,True,True,True,32.68976816180504,32.98156694633686,32.68976816180504,32.98156694633686,False,False,False,False,0.8257572842510608,0.6886179482095716,0.8257572842510608,False,both,max,none,none,0,moving_average,4,2.0,peak,21,-1,-1,21,False,0.8331781160965048,False,False,False,False,False,False,False,,
frame_000220.jpg,32.63697741614636,32.904413214279344,220,True,0.13943126250008228,0.003934091524898594,0.032634811310609406,0.2604275850857645,False,False,False,False,False,0.5353936006977315,0.2346035705288287,0.18,False,False,True,True,True,32.63697741614636,32.904413214279344,32.63697741614636,32.904413214279344,False,False,False,False,0.8130787951083248,0.648764479725846,0.8130787951083248,False,both,max,none,none,0,moving_average,4,2.0,peak,21,-1,-1,21,False,0.8123533752142897,False,False,False,False,False,False,False,,
frame_000221.jpg,32.57512515140036,32.8018394547085,221,True,0.030542515180775772,0.00164644047335622,0.014219657656285788,0.0789980980904766,False,False,False,False,False,0.5353936006977315,0.2346035705288287,0.18,False,False,True,True,True,32.57512515140036,32.8018394547085,32.57512515140036,32.8018394547085,False,False,False,False,0.7982240462834838,0.5957803921736538,0.7982240462834838,False,both,max,none,none,0,moving_average,4,2.0,peak,21,-1,-1,21,False,0.8019525069853615,False,False,False,False,False,False,False,,
frame_000222.jpg,32.559846627041395,32.868860396389415,222,True,0.04075231351816049,0.05130625539655359,0.009732870946132566,0.2186934123845696,False,False,False,False,False,0.5353936006977315,0.2346035705288287,0.18,False,False,True,True,True,32.559846627041395,32.868860396389415,32.559846627041395,32.868860396389415,False,False,False,False,0.7945546795642761,0.6303998061125511,0.7945546795642761,False,both,max,none,none,0,moving_average,4,2.0,peak,21,-1,-1,21,False,0.8352972063744876,False,False,False,False,False,False,False,,
frame_000223.jpg,33.05349980884608,33.25802433970119,223,True,0.29924642078046587,0.1272361371370776,0.034975772343175164,0.5589278997554029,False,False,False,False,False,0.5353936006977315,0.2346035705288287,0.18,False,False,True,True,True,33.05349980884608,33.25802433970119,33.05349980884608,33.25802433970119,False,False,False,False,0.9131128932757029,0.8314209691356922,0.9131128932757029,False,both,max,none,none,0,moving_average,4,2.0,peak,21,-1,-1,21,False,0.8752792541529023,False,False,False,False,False,False,False,,
frame_000224.jpg,33.07455740032717,33.301492284936,224,True,0.2316082470765659,0.006728989044179662,0.004340695050575368,0.4325943507257674,False,False,False,False,False,0.5353936006977315,0.2346035705288287,0.18,False,False,True,True,True,33.07455740032717,33.301492284936,33.07455740032717,33.301492284936,False,False,False,False,0.9181701896187284,0.8538741718424206,0.9181701896187284,False,both,max,none,none,0,moving_average,4,2.0,peak,21,-1,-1,21,False,0.9183911919513996,True,False,False,False,False,False,False,19,
frame_000225.jpg,33.098375623095485,33.30098245991141,225,True,0.08497108761625728,0.02193642120858001,0.0042759633814870805,0.15870770122302905,False,False,False,False,False,0.5353936006977315,0.2346035705288287,0.18,False,False,True,True,True,33.098375623095485,33.30098245991141,33.098375623095485,33.30098245991141,False,False,False,False,0.9238904929597677,0.8536108236542254,0.9238904929597677,False,both,max,none,none,0,moving_average,4,2.0,peak,21,-1,-1,21,False,0.9129081734503559,False,False,False,False,False,False,False,,
frame_000226.jpg,32.98500916334287,33.297491408315494,226,True,0.019553519405349336,0.02779185068109701,0.005949802269999482,0.11846303369744271,False,False,False,False,False,0.5353936006977315,0.2346035705288287,0.18,False,False,True,True,True,32.98500916334287,33.297491408315494,32.98500916334287,33.297491408315494,False,False,False,False,0.8966638377725721,0.8518075341561988,0.8966638377725721,False,both,max,none,none,0,moving_average,4,2.0,peak,21,-1,-1,21,False,0.8985990198568086,False,False,False,False,False,False,False,,
frame_000227.jpg,32.89581586114761,33.32313926772013,227,True,0.0725804270838801,0.01279169293473443,0.0060062691400231735,0.1355646144991132,False,False,False,False,False,0.5353936006977315,0.2346035705288287,0.18,False,False,True,True,True,32.89581586114761,33.32313926772013,32.89581586114761,33.32313926772013,False,False,False,False,0.8752427288380858,0.8650558389264159,0.8752427288380858,False,both,max,none,none,0,moving_average,4,2.0,peak,21,-1,-1,21,False,0.8906796180475806,False,False,False,False,False,False,False,,
frame_000228.jpg,32.88606406674425,33.391044998895225,228,True,0.05698924521356701,0.04554228450946963,0.008390476074122404,0.1941244304458413,False,False,False,False,False,0.5353936006977315,0.2346035705288287,0.18,False,False,True,True,True,32.88606406674425,33.391044998895225,32.88606406674425,33.391044998895225,False,False,False,False,0.8729006891884733,0.9001322875320839,0.9001322875320839,False,both,max,none,none,0,moving_average,4,2.0,peak,21,-1,-1,21,False,0.8670337876195873,False,False,False,False,False,False,False,,
frame_000229.jpg,32.689639343021405,33.08033781016306,229,True,0.02183748717107688,0.05441992944707546,0.015002169497686969,0.23196547829346953,False,False,False,False,False,0.5353936006977315,0.2346035705288287,0.18,False,False,True,True,True,32.689639343021405,33.08033781016306,32.689639343021405,33.08033781016306,False,False,False,False,0.8257263464885924,0.739637664348165,0.8257263464885924,False,both,max,none,none,0,moving_average,4,2.0,peak,21,-1,-1,21,False,0.8679066992042422,False,False,False,False,False,False,False,,
frame_000230.jpg,32.90671975977368,32.89042179183952,230,True,0.1279596776337662,0.10390615765394075,0.003362208864507372,0.44290100708920155,False,False,False,False,False,0.5353936006977315,0.2346035705288287,0.18,False,False,True,True,True,32.90671975977368,32.89042179183952,32.90671975977368,32.89042179183952,False,False,False,False,0.8778614635920505,0.6415372633828665,0.8778614635920505,False,both,max,none,none,0,moving_average,4,2.0,peak,21,-1,-1,21,False,0.8481791264734748,False,False,False,False,False,False,False,,
frame_000231.jpg,32.75302586144604,32.723282064192844,231,True,0.22420630804477715,0.019013368261632628,0.01008250192852106,0.41876912191813415,False,False,False,False,False,0.5353936006977315,0.2346035705288287,0.18,False,False,True,True,True,32.75302586144604,32.723282064192844,32.75302586144604,32.723282064192844,False,False,False,False,0.8409495693397816,0.5552018692222896,0.8409495693397816,False,both,max,none,none,0,moving_average,4,2.0,peak,21,-1,-1,21,False,0.8431036599753248,False,False,False,False,False,False,False,,
frame_000232.jpg,32.62623959767639,32.67129474251058,232,True,0.12176132180434174,0.07104419284740844,0.031061150249749717,0.30282656264465657,False,False,False,False,False,0.5353936006977315,0.2346035705288287,0.18,False,False,True,True,True,32.62623959767639,32.67129474251058,32.62623959767639,32.67129474251058,False,False,False,False,0.8104999469941423,0.5283480148335902,0.8104999469941423,False,both,max,none,none,0,moving_average,4,2.0,peak,21,-1,-1,21,False,0.8216146232750807,False,False,False,False,False,False,False,,
frame_000233.jpg,32.6382913394498,32.76808614244037,233,True,0.09294169100786903,0.03296504879501933,0.016288691920598952,0.17359507264701388,False,False,False,False,False,0.5353936006977315,0.2346035705288287,0.18,False,False,True,True,True,32.6382913394498,32.76808614244037,32.6382913394498,32.76808614244037,False,False,False,False,0.8133943534913184,0.578345246383214,0.8133943534913184,False,both,max,none,none,0,moving_average,4,2.0,peak,21,-1,-1,21,False,0.8276387344837051,False,False,False,False,False,False,False,,
frame_000234.jpg,32.828275519126976,32.94446449773227,234,True,0.26990320780045174,0.07328948039598242,0.01911649437414828,0.5041210941795169,False,False,False,False,False,0.5353936006977315,0.2346035705288287,0.18,False,False,True,True,True,32.828275519126976,32.94446449773227,32.828275519126976,32.94446449773227,False,False,False,False,0.8590219029656547,0.6694528187116253,0.8590219029656547,False,both,max,none,none,0,moving_average,4,2.0,peak,21,-1,-1,21,False,0.8493337353209173,False,False,False,False,False,False,False,,
frame_000235.jpg,32.89724080098263,33.267860444999705,235,True,0.09050875587952094,0.10818216562391722,0.007668188256578008,0.46112753262902073,False,False,False,False,False,0.5353936006977315,0.2346035705288287,0.18,False,False,True,True,True,32.89724080098263,33.267860444999705,32.89724080098263,33.267860444999705,False,False,False,False,0.875584949505779,0.8365017721255575,0.875584949505779,False,both,max,none,none,0,moving_average,4,2.0,peak,21,-1,-1,21,False,0.8691434909377501,False,False,False,False,False,False,False,,
frame_000236.jpg,32.885743167161,33.31171503551865,236,True,0.03279125827528335,0.04396959353115925,0.045824197240825884,0.2545788735601438,False,False,False,False,False,0.5353936006977315,0.2346035705288287,0.18,False,False,True,True,True,32.885743167161,33.31171503551865,32.885743167161,33.31171503551865,False,False,False,False,0.8728236203418166,0.8591546949914353,0.8728236203418166,False,both,max,none,none,0,moving_average,4,2.0,peak,21,-1,-1,21,False,0.8737440633964707,False,False,False,False,False,False,False,,
frame_000237.jpg,32.885743167161,33.31171503551865,237,True,0.0,0.0,0.0,0.0,False,False,False,False,False,0.5353936006977315,0.2346035705288287,0.18,False,False,True,True,True,32.885743167161,33.31171503551865,32.885743167161,33.31171503551865,False,False,False,False,0.8728236203418166,0.8591546949914353,0.8728236203418166,False,both,max,none,none,0,moving_average,4,2.0,peak,21,-1,-1,21,False,0.8924015570242665,False,False,False,False,False,False,False,,
frame_000238.jpg,33.13029924895183,33.33086479015519,238,True,0.23743703124843052,0.06412168880849639,0.044595831953923575,0.44348126488437606,False,False,False,False,False,0.5353936006977315,0.2346035705288287,0.18,False,False,True,True,True,33.13029924895183,33.33086479015519,33.13029924895183,33.33086479015519,False,False,False,False,0.9315574303891663,0.8690464283208009,0.9315574303891663,False,both,max,none,none,0,moving_average,4,2.0,peak,21,-1,-1,21,False,0.9037071095171225,False,False,False,False,False,False,False,,
frame_000239.jpg,33.026965486191784,33.33589145548035,239,True,0.1699027436146048,0.04884812385533743,0.022545620339432075,0.3173417526716522,False,False,False,False,False,0.5353936006977315,0.2346035705288287,0.18,False,False,True,True,True,33.026965486191784,33.33589145548035,33.026965486191784,33.33589145548035,False,False,False,False,0.9067402778203847,0.8716429332826763,0.9067402778203847,False,both,max,none,none,0,moving_average,4,2.0,peak,21,-1,-1,21,False,0.9148196798923326,False,False,False,False,False,False,False,,
frame_000240.jpg,33.02455486696706,33.34611448212144,240,True,0.014413367103683367,0.0042609725418369365,0.015667428360186773,0.0870412686677043,False,False,False,False,False,0.5353936006977315,0.2346035705288287,0.18,False,False,True,True,True,33.02455486696706,33.34611448212144,33.02455486696706,33.34611448212144,False,False,False,False,0.9061613314674469,0.8769235990286358,0.9061613314674469,False,both,max,none,none,0,moving_average,4,2.0,peak,21,-1,-1,21,False,0.9154134656478234,True,False,False,False,False,False,False,20,
frame_000241.jpg,33.137716471723635,33.21327253862057,241,True,0.16670754541373142,0.046218326993265085,0.006496464251162223,0.311373810214534,False,False,False,False,False,0.5353936006977315,0.2346035705288287,0.18,False,False,True,True,True,33.137716471723635,33.21327253862057,33.137716471723635,33.21327253862057,False,False,False,False,0.9333387876556388,0.8083045955476118,0.9333387876556388,False,both,max,none,none,0,moving_average,4,2.0,peak,21,-1,-1,21,False,0.9027508518692221,False,False,False,False,False,False,False,,
frame_000242.jpg,32.86879155493675,33.19930827009869,242,True,0.2719317942376842,0.021164019716605306,0.02795025222240311,0.5079100569810685,False,False,False,False,False,0.5353936006977315,0.2346035705288287,0.18,False,False,True,True,True,32.86879155493675,33.19930827009869,32.86879155493675,33.19930827009869,False,False,False,False,0.8687524364845807,0.8010914054582431,0.8687524364845807,False,both,max,none,none,0,moving_average,4,2.0,peak,21,-1,-1,21,False,0.8758101287440836,False,False,False,False,False,False,False,,
frame_000243.jpg,32.6880271830257,33.04377914705682,243,True,0.04300266236877713,0.09774762719318088,0.019425405725473355,0.41665021113209955,False,False,False,False,False,0.5353936006977315,0.2346035705288287,0.18,False,False,True,True,True,32.6880271830257,33.04377914705682,32.6880271830257,33.04377914705682,False,False,False,False,0.8253391620920315,0.7207534251926885,0.8253391620920315,False,both,max,none,none,0,moving_average,4,2.0,peak,21,-1,-1,21,False,0.8429917939327412,False,False,False,False,False,False,False,,
frame_000244.jpg,32.72776911605791,32.982672750569336,244,True,0.0770080255513053,0.03417512469173359,0.010546742227366053,0.14567180122066412,False,False,False,False,False,0.5353936006977315,0.2346035705288287,0.18,False,False,True,True,True,32.72776911605791,32.982672750569336,32.72776911605791,32.982672750569336,False,False,False,False,0.8348837832216113,0.6891891472034866,0.8348837832216113,False,both,max,none,none,0,moving_average,4,2.0,peak,21,-1,-1,21,False,0.8236095297218567,False,False,False,False,False,False,False,,
frame_000245.jpg,32.62667969869106,32.98052135480969,245,True,0.12291523455979701,0.028708639330623086,0.018394743493315793,0.22957920004948207,False,False,False,False,False,0.5353936006977315,0.2346035705288287,0.18,False,False,True,True,True,32.62667969869106,32.98052135480969,32.62667969869106,32.98052135480969,False,False,False,False,0.8106056438519276,0.6880778518608428,0.8106056438519276,False,both,max,none,none,0,moving_average,4,2.0,peak,21,-1,-1,21,False,0.8155274149806675,False,False,False,False,False,False,False,,
frame_000246.jpg,32.58707015442008,32.93728628720204,246,True,0.004997045548459614,0.01444357538504685,0.004486902418074999,0.061565880487193976,False,False,False,False,False,0.5353936006977315,0.2346035705288287,0.18,False,False,True,True,True,32.58707015442008,32.93728628720204,32.58707015442008,32.93728628720204,False,False,False,False,0.8010928178684638,0.6657449412116399,0.8010928178684638,False,both,max,none,none,0,moving_average,4,2.0,peak,21,-1,-1,21,False,0.8075087525673053,False,False,False,False,False,False,False,,
frame_000247.jpg,32.62760469664934,32.78610647049993,247,True,0.07679724559883186,0.05358801429394334,0.015745546640659316,0.2284194318660564,False,False,False,False,False,0.5353936006977315,0.2346035705288287,0.18,False,False,True,True,True,32.62760469664934,32.78610647049993,32.62760469664934,32.78610647049993,False,False,False,False,0.8108277959815247,0.5876535786859575,0.8108277959815247,False,both,max,none,none,0,moving_average,4,2.0,peak,21,-1,-1,21,False,0.8157800873350001,False,False,False,False,False,False,False,,
frame_000248.jpg,32.730000352689345,32.823970824263974,248,True,0.06124567806514898,0.04525434855479711,0.004559734045255161,0.19289710063997573,False,False,False,False,False,0.5353936006977315,0.2346035705288287,0.18,False,False,True,True,True,32.730000352689345,32.823970824263974,32.730000352689345,32.823970824263974,False,False,False,False,0.8354196481550119,0.6072122674123426,0.8354196481550119,False,both,max,none,none,0,moving_average,4,2.0,peak,21,-1,-1,21,False,0.8588406013993357,False,False,False,False,False,False,False,,
frame_000249.jpg,33.124956795401644,33.242359992525635,249,True,0.1287175298147806,0.10631301537262472,0.02764860890930159,0.45316026151256167,False,False,False,False,False,0.5353936006977315,0.2346035705288287,0.18,False,False,True,True,True,33.124956795401644,33.242359992525635,33.124956795401644,33.242359992525635,False,False,False,False,0.9302743600614705,0.8233296098478021,0.9302743600614705,False,both,max,none,none,0,moving_average,4,2.0,peak,21,-1,-1,21,False,0.8956945226730065,False,False,False,False,False,False,False,,
frame_000250.jpg,33.087962227246315,33.308664869330904,250,True,0.24818653199837842,0.1256993637706062,0.028621649015264823,0.5357947600169194,False,False,False,False,False,0.5353936006977315,0.2346035705288287,0.18,False,False,True,True,True,33.087962227246315,33.308664869330904,33.087962227246315,33.308664869330904,False,False,False,False,0.9213895598025373,0.8575791431834823,0.9213895598025373,False,both,max,none,none,0,moving_average,4,2.0,peak,21,-1,-1,21,False,0.9214730827028409,True,False,False,False,False,False,False,21,
frame_000251.jpg,33.05201097808672,33.29864262411416,251,True,0.13221988251378364,0.05285494962757562,0.010027870412581182,0.2469582795563359,False,False,False,False,False,0.5353936006977315,0.2346035705288287,0.18,False,False,True,True,True,33.05201097808672,33.29864262411416,33.05201097808672,33.29864262411416,False,False,False,False,0.9127553282445151,0.8524021903228743,0.9127553282445151,False,both,max,none,none,0,moving_average,4,2.0,peak,21,-1,-1,21,False,0.8942921290483279,False,False,False,False,False,False,False,,
frame_000252.jpg,32.78542829283761,33.25389670419433,252,True,0.2211018778989661,0.12203857133145334,0.04738331719699085,0.5201905966578497,False,False,False,False,False,0.5353936006977315,0.2346035705288287,0.18,False,False,True,True,True,32.78542829283761,33.25389670419433,32.78542829283761,33.25389670419433,False,False,False,False,0.8487314990979316,0.8292888546261555,0.8487314990979316,False,both,max,none,none,0,moving_average,4,2.0,peak,21,-1,-1,21,False,0.8792325066451052,False,False,False,False,False,False,False,,
frame_000253.jpg,32.81242030328504,33.34473434146569,253,True,0.025437402962048695,0.009481731950891827,0.0015271210315222494,0.04751159320712531,False,False,False,False,False,0.5353936006977315,0.2346035705288287,0.18,False,False,True,True,True,32.81242030328504,33.34473434146569,32.81242030328504,33.34473434146569,False,False,False,False,0.8552140351395884,0.8762106925928691,0.8762106925928691,False,both,max,none,none,0,moving_average,4,2.0,peak,21,-1,-1,21,False,0.8622045852755241,False,False,False,False,False,False,False,,
frame_000254.jpg,32.82377870669054,33.316587531062304,254,True,0.00667692116040139,0.0011163620247057707,0.018631016143113337,0.10350564523951855,False,False,False,False,False,0.5353936006977315,0.2346035705288287,0.18,False,False,True,True,True,32.82377870669054,33.316587531062304,32.82377870669054,33.316587531062304,False,False,False,False,0.8579419260314229,0.8616715641357721,0.8616715641357721,False,both,max,none,none,0,moving_average,4,2.0,peak,21,-1,-1,21,False,0.8827282325830745,False,False,False,False,False,False,False,,
frame_000255.jpg,33.04179763609382,33.12634803705402,255,True,0.12792886892794073,0.0991502847609268,0.027823631663074593,0.42262905265008727,False,False,False,False,False,0.5353936006977315,0.2346035705288287,0.18,False,False,True,True,True,33.04179763609382,33.12634803705402,33.04179763609382,33.12634803705402,False,False,False,False,0.9103024410205827,0.7634040730289673,0.9103024410205827,False,both,max,none,none,0,moving_average,4,2.0,peak,21,-1,-1,21,False,0.8603414261081478,False,False,False,False,False,False,False,,
frame_000256.jpg,32.62020343978899,32.861532449422974,256,True,0.1335896982022927,0.0668604332452065,0.00667096871809497,0.28499324666923825,False,False,False,False,False,0.5353936006977315,0.2346035705288287,0.18,False,False,True,True,True,32.62020343978899,32.861532449422974,32.62020343978899,32.861532449422974,False,False,False,False,0.8090502731680886,0.6266145828227722,0.8090502731680886,False,both,max,none,none,0,moving_average,4,2.0,peak,21,-1,-1,21,False,0.8424818259689814,False,False,False,False,False,False,False,,
frame_000257.jpg,32.616216557971924,32.930340494346424,257,True,0.02063319588309092,0.0006331795525850482,0.001256085645223821,0.038538368512812796,False,False,False,False,False,0.5353936006977315,0.2346035705288287,0.18,False,False,True,True,True,32.616216557971924,32.930340494346424,32.616216557971924,32.930340494346424,False,False,False,False,0.8080927637182729,0.662157118182425,0.8080927637182729,False,both,max,none,none,0,moving_average,4,2.0,peak,21,-1,-1,21,False,0.8050414881087591,False,False,False,False,False,False,False,,
frame_000258.jpg,32.57411493405359,32.7942876532226,258,True,0.11565174854910074,0.11383970308096958,0.03291979447853487,0.48524284103758203,False,False,False,False,False,0.5353936006977315,0.2346035705288287,0.18,False,False,True,True,True,32.57411493405359,32.7942876532226,32.57411493405359,32.7942876532226,False,False,False,False,0.797981427439916,0.5918795376785088,0.797981427439916,False,both,max,none,none,0,moving_average,4,2.0,peak,21,-1,-1,21,False,0.8109610414009021,False,False,False,False,False,False,False,,
frame_000259.jpg,32.69414702141147,32.815640805491334,259,True,0.10076461787791834,0.0387340296336878,0.026936011391599988,0.18820661611681697,False,False,False,False,False,0.5353936006977315,0.2346035705288287,0.18,False,False,True,True,True,32.69414702141147,32.815640805491334,32.69414702141147,32.815640805491334,False,False,False,False,0.8268089330445175,0.6029094277211047,0.8268089330445175,False,both,max,none,none,0,moving_average,4,2.0,peak,21,-1,-1,21,False,0.8088472491506048,False,False,False,False,False,False,False,,
frame_000260.jpg,32.58981230716464,32.93450305542048,260,True,0.24346133301745687,0.10247678552404184,0.012185159878033688,0.4547333638283594,False,False,False,False,False,0.5353936006977315,0.2346035705288287,0.18,False,False,True,True,True,32.58981230716464,32.93450305542048,32.58981230716464,32.93450305542048,False,False,False,False,0.8017513869673814,0.664307273361603,0.8017513869673814,False,both,max,none,none,0,moving_average,4,2.0,peak,21,-1,-1,21,False,,False,False,False,False,False,False,False,,
