frame_name,left_temp,right_temp,frame_index,motion_coordinate_valid,motion_center_step_norm,motion_scale_step_log,motion_angle_step_rad,motion_score,motion_center_flag,motion_scale_flag,motion_angle_flag,motion_artifact_raw,motion_artifact,motion_center_threshold,motion_scale_threshold,motion_angle_threshold,left_missing_raw,right_missing_raw,left_quality_valid,right_quality_valid,quality_any_valid,left_temp_motion_filtered,right_temp_motion_filtered,left_temp_used,right_temp_used,left_repaired,right_repaired,left_motion_interpolated,right_motion_interpolated,left_norm,right_norm,fused_norm,fused_repaired,fusion_source,selected_fusion_mode,peak_retune_rule,edge_peak_completion,edge_peak_added,smoothing_method,butterworth_order,butterworth_cutoff_hz,rr_estimator,time_peak_count,spectral_count,autocorr_count,joint_count,joint_adjusted,smoothed_norm,is_peak,source_peak_rejected,quality_peak_rejected,mad_ibi_peak_rejected,motion_peak_rejected,motion_interval_peak_rejected,motion_reconstructed_peak,peak_number,event_source
frame_000000.jpg,31.813487350873288,32.08179350075306,0,True,,,,0.0,False,False,False,False,False,0.2,0.12,0.18,False,False,True,True,True,31.813487350873288,32.08179350075306,31.813487350873288,32.08179350075306,False,False,False,False,0.8211209609589785,0.7220614022715681,0.7220614022715681,False,both,right,none,none,0,moving_average,4,2.0,peak,17,-1,-1,17,False,,False,False,False,False,False,False,False,,
frame_000001.jpg,31.711071357269017,32.14232780121605,1,True,0.03735201498174297,0.0,0.0,0.18676007490871482,False,False,False,False,False,0.2,0.12,0.18,False,False,True,True,True,31.711071357269017,32.14232780121605,31.711071357269017,32.14232780121605,False,False,False,False,0.7960464190646718,0.7455733046210712,0.7455733046210712,False,both,right,none,none,0,moving_average,4,2.0,peak,17,-1,-1,17,False,0.7474214034871065,False,False,False,False,False,False,False,,
frame_000002.jpg,31.70759529737127,32.21713657896874,2,True,0.03735201498174297,0.0,0.0,0.18676007490871482,False,False,False,False,False,0.2,0.12,0.18,False,False,True,True,True,31.70759529737127,32.21713657896874,31.70759529737127,32.21713657896874,False,False,False,False,0.7951953741598111,0.7746295035686804,0.7746295035686804,False,both,right,none,none,0,moving_average,4,2.0,peak,17,-1,-1,17,False,0.8233021157590176,False,False,False,False,False,False,False,,
frame_000003.jpg,31.97364179616609,32.667886335913714,3,True,0.023636078356198652,0.0,0.0,0.11818039178099325,False,False,False,False,True,0.2,0.12,0.18,False,False,True,True,True,31.97364179616609,32.667886335913714,31.97364179616609,32.667886335913714,False,False,True,True,0.8603316272497392,0.9497035390873013,0.9497035390873013,False,both,right,none,none,0,moving_average,4,2.0,peak,17,-1,-1,17,False,0.8481526641524774,False,False,False,False,False,False,False,,
frame_000004.jpg,31.92011364349483,32.334270232001735,4,True,0.18107899930102564,0.23129795240163623,0.09253867485937392,1.927482936680302,False,True,False,True,True,0.2,0.12,0.18,False,False,True,True,True,31.92011364349483,32.334270232001735,31.92011364349483,32.334270232001735,False,False,True,True,0.8472263117668228,0.8201249498014506,0.8201249498014506,False,both,right,none,none,0,moving_average,4,2.0,peak,17,-1,-1,17,False,0.8607976297256041,True,False,False,False,False,False,False,1,
frame_000005.jpg,31.97038417872816,32.31480466221901,5,True,0.012221261867028663,0.002127903314762915,0.00879733671952973,0.06110630933514331,False,False,False,False,True,0.2,0.12,0.18,False,False,True,True,True,31.97038417872816,32.31480466221901,31.97038417872816,32.31480466221901,False,False,True,True,0.8595340636852186,0.8125644002880608,0.8125644002880608,False,both,right,none,none,0,moving_average,4,2.0,peak,17,-1,-1,17,False,0.8161888498766263,False,False,False,False,False,False,False,,
frame_000006.jpg,32.449409141260944,32.3233338736087,6,True,0.09047685218570556,0.08086326868000779,0.0961006398782158,0.6738605723333982,False,False,False,False,False,0.2,0.12,0.18,False,False,True,True,True,32.449409141260944,32.3233338736087,32.449409141260944,32.3233338736087,False,False,False,False,0.9768139051312523,0.8158771995403677,0.8158771995403677,False,both,right,none,none,0,moving_average,4,2.0,peak,17,-1,-1,17,False,0.8147157969795589,False,False,False,False,False,False,False,,
frame_000007.jpg,32.362260586437145,32.322892561406206,7,True,0.008393192832242284,0.021745426843381363,0.0033145517712346176,0.18121189036151136,False,False,False,False,False,0.2,0.12,0.18,False,False,True,True,True,32.362260586437145,32.322892561406206,32.362260586437145,32.322892561406206,False,False,False,False,0.9554772953689029,0.815705791110248,0.815705791110248,False,both,right,none,none,0,moving_average,4,2.0,peak,17,-1,-1,17,False,0.8118927939562939,False,False,False,False,False,False,False,,
frame_000008.jpg,32.2700277109854,32.29300015095344,8,True,0.009761678293346418,0.008388905960914388,0.007165881666870442,0.06990754967428657,False,False,False,False,False,0.2,0.12,0.18,False,False,True,True,True,32.2700277109854,32.29300015095344,32.2700277109854,32.29300015095344,False,False,False,False,0.9328958896903797,0.8040953912182658,0.8040953912182658,False,both,right,none,none,0,moving_average,4,2.0,peak,17,-1,-1,17,False,0.8079655245155932,False,False,False,False,False,False,False,,
frame_000009.jpg,32.2700277109854,32.29300015095344,9,True,0.0,0.0,0.0,0.0,False,False,False,False,False,0.2,0.12,0.18,False,False,True,True,True,32.2700277109854,32.29300015095344,32.2700277109854,32.29300015095344,False,False,False,False,0.9328958896903797,0.8040953912182658,0.8040953912182658,False,both,right,none,none,0,moving_average,4,2.0,peak,17,-1,-1,17,False,0.8013502654474969,False,False,False,False,False,False,False,,
frame_000010.jpg,32.197016001884066,32.271797153542224,10,True,0.004531478913922971,0.010937805076993861,0.010183780587030533,0.09114837564161551,False,False,False,False,False,0.2,0.12,0.18,False,False,True,True,True,32.197016001884066,32.271797153542224,32.197016001884066,32.271797153542224,False,False,False,False,0.915020408584272,0.7958600139059591,0.7958600139059591,False,both,right,none,none,0,moving_average,4,2.0,peak,17,-1,-1,17,False,0.7744964812468351,False,False,False,False,False,False,False,,
frame_000011.jpg,32.071666440399945,32.08558498515268,11,True,0.015160959763775402,0.03572595559903247,0.014874299011575966,0.29771629665860394,False,False,False,False,False,0.2,0.12,0.18,False,False,True,True,True,32.071666440399945,32.08558498515268,32.071666440399945,32.08558498515268,False,False,False,False,0.8843310336121243,0.7235340386162806,0.7235340386162806,False,both,right,none,none,0,moving_average,4,2.0,peak,17,-1,-1,17,False,0.7413495684180293,False,False,False,False,False,False,False,,
frame_000012.jpg,31.72790902164164,32.03697767126133,12,True,0.08628317989597692,0.017149338789603875,0.138952631753484,0.7719590652971333,False,False,False,False,True,0.2,0.12,0.18,False,False,True,True,True,31.72790902164164,32.03697767126133,31.72790902164164,32.03697767126133,False,False,True,True,0.8001687900524002,0.7046546527318484,0.7046546527318484,False,both,right,none,none,0,moving_average,4,2.0,peak,17,-1,-1,17,False,0.7036826993908533,False,False,False,False,False,False,False,,
frame_000013.jpg,31.89008335450676,31.980863115118144,13,True,0.39848838647422025,0.19366922288853303,0.07259820692527306,1.9924419323711011,True,True,False,True,True,0.2,0.12,0.18,False,False,True,True,True,31.89008335450676,31.980863115118144,31.89008335450676,31.980863115118144,False,False,True,True,0.8398739860916066,0.6828594068244308,0.6828594068244308,False,both,right,none,none,0,moving_average,4,2.0,peak,17,-1,-1,17,False,0.7051753109645684,False,False,False,False,False,False,False,,
frame_000014.jpg,31.877471195733552,32.09711372444413,14,True,0.7163862648268094,0.012208351041811834,0.07931809555027149,3.581931324134047,True,False,False,True,True,0.2,0.12,0.18,False,False,True,True,True,31.877471195733552,32.09711372444413,31.877471195733552,32.09711372444413,False,False,True,True,0.8367861470499973,0.7280118733374262,0.7280118733374262,False,both,right,none,none,0,moving_average,4,2.0,peak,17,-1,-1,17,False,0.7671275413619307,False,False,False,False,False,False,False,,
frame_000015.jpg,32.52874135726926,32.51548870879619,15,True,0.3096959945573773,0.07313737863663423,0.02554313403180956,1.5484799727868863,True,False,False,True,True,0.2,0.12,0.18,False,False,True,True,True,32.52874135726926,32.51548870879619,32.52874135726926,32.51548870879619,False,False,True,True,0.9962368380527935,0.890511343923935,0.890511343923935,False,both,right,none,none,0,moving_average,4,2.0,peak,17,-1,-1,17,False,0.8336311735885911,False,False,False,False,False,False,False,,
frame_000016.jpg,32.03656674491039,32.49452859338268,16,True,0.09736511676533156,0.0665911945905096,0.038621404837022665,0.5549266215875801,False,False,False,False,True,0.2,0.12,0.18,False,False,True,True,True,32.03656674491039,32.49452859338268,32.03656674491039,32.49452859338268,False,False,True,True,0.8757375634512921,0.8823703035044124,0.8823703035044124,False,both,right,none,none,0,moving_average,4,2.0,peak,17,-1,-1,17,False,0.895426228352515,False,False,False,False,False,False,False,,
frame_000017.jpg,32.18828811320767,32.57441075765744,17,True,0.024532797398937548,0.04900387355541733,0.05640188407269946,0.40836561296181106,False,False,False,False,False,0.2,0.12,0.18,False,False,True,True,True,32.18828811320767,32.57441075765744,32.18828811320767,32.57441075765744,False,False,False,False,0.9128835566867962,0.9133970376291973,0.9133970376291973,False,both,right,none,none,0,moving_average,4,2.0,peak,17,-1,-1,17,False,0.9039232597295181,True,False,False,False,False,False,False,2,
frame_000018.jpg,32.273434669887735,32.58111868327971,18,True,0.017749198986145024,0.014002913522465464,0.0008603652336697311,0.11669094602054554,False,False,False,False,False,0.2,0.12,0.18,False,False,True,True,True,32.273434669887735,32.58111868327971,32.273434669887735,32.58111868327971,False,False,False,False,0.9337300165754714,0.9160024380549449,0.9160024380549449,False,both,right,none,none,0,moving_average,4,2.0,peak,17,-1,-1,17,False,0.886687480699133,False,False,False,False,False,False,False,,
frame_000019.jpg,32.185272767023854,32.36140165907133,19,True,0.10901273771306547,0.035543905005462555,0.010599944472441593,0.5450636885653273,False,False,False,False,False,0.2,0.12,0.18,False,False,True,True,True,32.185272767023854,32.36140165907133,32.185272767023854,32.36140165907133,False,False,False,False,0.9121453084742752,0.8306629664132567,0.8306629664132567,False,both,right,none,none,0,moving_average,4,2.0,peak,17,-1,-1,17,False,0.8343915160660021,False,False,False,False,False,False,False,,
frame_000020.jpg,31.889455555486126,32.170483471505186,20,True,0.011055239112425607,0.008251029824020583,0.015524731086045029,0.0862485060335835,False,False,False,False,False,0.2,0.12,0.18,False,False,True,True,True,31.889455555486126,32.170483471505186,31.889455555486126,32.170483471505186,False,False,False,False,0.8397202818478638,0.756509143729805,0.756509143729805,False,both,right,none,none,0,moving_average,4,2.0,peak,17,-1,-1,17,False,0.7643911696091088,False,False,False,False,False,False,False,,
frame_000021.jpg,31.808609598402377,32.040445035276335,21,True,0.04684272926129351,0.0001809174393197929,0.0102121590462453,0.23421364630646752,False,False,False,False,False,0.2,0.12,0.18,False,False,True,True,True,31.808609598402377,32.040445035276335,31.808609598402377,32.040445035276335,False,False,False,False,0.8199267391936309,0.706001398684265,0.706001398684265,False,both,right,none,none,0,moving_average,4,2.0,peak,17,-1,-1,17,False,0.7228373136994449,False,False,False,False,False,False,False,,
frame_000022.jpg,31.808609598402377,32.040445035276335,22,True,0.0,0.0,0.0,0.0,False,False,False,False,False,0.2,0.12,0.18,False,False,True,True,True,31.808609598402377,32.040445035276335,31.808609598402377,32.040445035276335,False,False,False,False,0.8199267391936309,0.706001398684265,0.706001398684265,False,both,right,none,none,0,moving_average,4,2.0,peak,17,-1,-1,17,False,0.6865258797108355,False,False,False,False,False,False,False,,
frame_000023.jpg,31.632073686451896,31.89001863850689,23,True,0.03827226075551027,0.011986072568372008,0.0017346570429110086,0.19136130377755134,False,False,False,False,False,0.2,0.12,0.18,False,False,True,True,True,31.632073686451896,31.89001863850689,31.632073686451896,31.89001863850689,False,False,False,False,0.7767053929539421,0.6475748417639764,0.6475748417639764,False,both,right,none,none,0,moving_average,4,2.0,peak,17,-1,-1,17,False,0.6550231418623319,False,False,False,False,False,False,False,,
frame_000024.jpg,31.622048112322723,31.79712195108084,24,True,0.05705082172035684,0.04012151847057725,0.022279478680152537,0.33434598725481046,False,False,False,False,False,0.2,0.12,0.18,False,False,True,True,True,31.622048112322723,31.79712195108084,31.622048112322723,31.79712195108084,False,False,False,False,0.7742508282939753,0.6114931851387543,0.6114931851387543,False,both,right,none,none,0,moving_average,4,2.0,peak,17,-1,-1,17,False,0.6239472729307433,False,False,False,False,False,False,False,,
frame_000025.jpg,31.583309654916928,31.80041903154129,25,True,0.1147970046080822,0.0011138344010610986,0.00015849176099436838,0.573985023040411,False,False,False,False,False,0.2,0.12,0.18,False,False,True,True,True,31.583309654916928,31.80041903154129,31.583309654916928,31.80041903154129,False,False,False,False,0.7647664788387949,0.6127737918894992,0.6127737918894992,False,both,right,none,none,0,moving_average,4,2.0,peak,17,-1,-1,17,False,0.6145722254134538,False,False,False,False,False,False,False,,
frame_000026.jpg,31.581232657182483,31.817606980594608,26,True,0.18186045551346205,0.020261178485305953,0.03137958766372671,0.9093022775673102,False,False,False,False,True,0.2,0.12,0.18,False,False,True,True,True,31.581232657182483,31.817606980594608,31.581232657182483,31.817606980594608,False,False,True,True,0.7642579667902963,0.619449699212108,0.619449699212108,False,both,right,none,none,0,moving_average,4,2.0,peak,17,-1,-1,17,False,0.6458244026280643,False,False,False,False,False,False,False,,
frame_000027.jpg,31.74306718657601,32.038509737255254,27,True,0.22545553457568496,0.0,0.0,1.1272776728784246,True,False,False,True,True,0.2,0.12,0.18,False,False,True,True,True,31.74306718657601,32.038509737255254,31.74306718657601,32.038509737255254,False,False,True,True,0.803879968632147,0.7052497167825857,0.7052497167825857,False,both,right,none,none,0,moving_average,4,2.0,peak,17,-1,-1,17,False,0.6785530070880612,False,False,False,False,False,False,False,,
frame_000028.jpg,32.3639445414566,32.05321055134245,28,True,0.2848091158478971,0.0,0.0,1.4240455792394853,True,False,False,True,True,0.2,0.12,0.18,False,False,True,True,True,32.3639445414566,32.05321055134245,32.3639445414566,32.05321055134245,False,False,True,True,0.9558895786383161,0.7109596052694898,0.7109596052694898,False,both,right,none,none,0,moving_average,4,2.0,peak,17,-1,-1,17,False,0.7824304297995484,False,False,False,False,False,False,False,,
frame_000029.jpg,32.3138173846023,32.619942796420816,29,True,0.2730295149458969,0.02642795655817069,0.007806402998755884,1.3651475747294843,True,False,False,True,True,0.2,0.12,0.18,False,False,True,True,True,32.3138173846023,32.619942796420816,32.3138173846023,32.619942796420816,False,False,True,True,0.9436169300963108,0.9310819673465698,0.9310819673465698,False,both,right,none,none,0,moving_average,4,2.0,peak,17,-1,-1,17,False,0.7989087558503905,True,False,False,False,False,False,False,3,
frame_000030.jpg,,,30,False,,,,0.0,False,False,False,False,True,0.2,0.12,0.18,True,True,False,False,False,,,32.00066066847623,32.16578620244224,True,True,False,False,0.8669466667746722,0.7546846949351119,0.7546846949351119,False,missing,right,none,none,0,moving_average,4,2.0,peak,17,-1,-1,17,False,0.7546846949351118,False,False,False,False,False,False,False,,
frame_000031.jpg,31.68750395235015,31.711629608463667,31,True,,,,0.0,False,False,False,False,False,0.2,0.12,0.18,False,False,True,True,True,31.68750395235015,31.711629608463667,31.68750395235015,31.711629608463667,False,False,False,False,0.790276403453032,0.578287422523654,0.578287422523654,False,both,right,none,none,0,moving_average,4,2.0,peak,17,-1,-1,17,False,0.6370865133274732,False,False,False,False,False,False,False,,
frame_000032.jpg,31.68750395235015,31.711629608463667,32,True,0.0,0.0,0.0,0.0,False,False,False,False,True,0.2,0.12,0.18,False,False,True,True,True,31.68750395235015,31.711629608463667,31.68750395235015,31.711629608463667,False,False,True,True,0.790276403453032,0.578287422523654,0.578287422523654,False,both,right,none,none,0,moving_average,4,2.0,peak,17,-1,-1,17,False,0.5627944865622262,False,False,False,False,False,False,False,,
frame_000033.jpg,32.173706389601584,31.59196416924036,33,True,0.27185137292562456,0.12338729011102409,0.0614633276852672,1.3592568646281227,True,True,False,True,True,0.2,0.12,0.18,False,False,True,True,True,32.173706389601584,31.59196416924036,32.173706389601584,31.59196416924036,False,False,True,True,0.909313508429834,0.5318086146393707,0.5318086146393707,False,both,right,none,none,0,moving_average,4,2.0,peak,17,-1,-1,17,False,0.6171961975073694,False,False,False,False,False,False,False,,
frame_000034.jpg,31.563727837283867,32.131821407549246,34,True,0.529664574980932,0.05981551024536593,0.02390185584044197,2.6483228749046597,True,False,False,True,True,0.2,0.12,0.18,False,False,True,True,True,31.563727837283867,32.131821407549246,31.563727837283867,32.131821407549246,False,False,True,True,0.7599722558924839,0.7414925553590836,0.7414925553590836,False,both,right,none,none,0,moving_average,4,2.0,peak,17,-1,-1,17,False,0.566776503586697,False,False,False,False,False,False,False,,
frame_000035.jpg,32.10213776607999,31.32219439530953,35,True,0.3304980077524219,0.07526074784373712,0.006553333596065207,1.6524900387621093,True,False,False,True,True,0.2,0.12,0.18,False,False,True,True,True,32.10213776607999,31.32219439530953,32.10213776607999,31.32219439530953,False,False,True,True,0.8917913384478284,0.42702834076163665,0.42702834076163665,False,both,right,none,none,0,moving_average,4,2.0,peak,17,-1,-1,17,False,0.5138021146884693,False,False,False,False,False,False,False,,
frame_000036.jpg,32.34736519617909,31.1827968215617,36,True,0.5296137487740921,0.07526074784373704,0.006553333596065207,2.64806874387046,True,False,False,True,True,0.2,0.12,0.18,False,False,True,True,True,32.34736519617909,31.1827968215617,32.34736519617909,31.1827968215617,False,False,True,True,0.9518304520008564,0.37288544794468753,0.37288544794468753,False,both,right,none,none,0,moving_average,4,2.0,peak,17,-1,-1,17,False,0.3909330788836705,False,False,False,False,False,False,False,,
frame_000037.jpg,32.34736519617909,31.1827968215617,37,True,0.0,0.0,0.0,0.0,False,False,False,False,True,0.2,0.12,0.18,False,False,True,True,True,32.34736519617909,31.1827968215617,32.34736519617909,31.1827968215617,False,False,True,True,0.9518304520008564,0.37288544794468753,0.37288544794468753,False,both,right,none,none,0,moving_average,4,2.0,peak,17,-1,-1,17,False,0.45933660103366775,False,False,False,False,False,False,False,,
frame_000038.jpg,31.82186049807175,31.85053437831081,38,True,0.0726515854715989,0.0,0.0,0.3632579273579945,False,False,False,False,False,0.2,0.12,0.18,False,False,True,True,True,31.82186049807175,31.85053437831081,31.82186049807175,31.85053437831081,False,False,False,False,0.8231709613820206,0.6322389072116282,0.6322389072116282,False,both,right,none,none,0,moving_average,4,2.0,peak,17,-1,-1,17,False,0.4993625992064726,False,False,False,False,False,False,False,,
frame_000039.jpg,31.352923497991146,31.491952469246865,39,True,0.0726515854715989,0.0,0.0,0.3632579273579945,False,False,False,False,True,0.2,0.12,0.18,False,False,True,True,True,31.352923497991146,31.491952469246865,31.352923497991146,31.491952469246865,False,False,True,True,0.7083609591498964,0.492963442463102,0.492963442463102,False,both,right,none,none,0,moving_average,4,2.0,peak,17,-1,-1,17,False,0.6637093951203871,False,False,False,False,False,False,False,,
frame_000040.jpg,32.060477246941005,32.45219027719498,40,True,0.5836246182522333,0.0,0.0,2.9181230912611666,True,False,False,True,True,0.2,0.12,0.18,False,False,True,True,True,32.060477246941005,32.45219027719498,32.060477246941005,32.45219027719498,False,False,True,True,0.881591579643306,0.8659258356864312,0.8659258356864312,False,both,right,none,none,0,moving_average,4,2.0,peak,17,-1,-1,17,False,0.7500684834849193,False,False,False,False,False,False,False,,
frame_000041.jpg,32.22397717045399,32.51756083900199,41,True,0.23199222408171313,0.0,0.0,1.1599611204085656,True,False,False,True,True,0.2,0.12,0.18,False,False,True,True,True,32.22397717045399,32.51756083900199,32.22397717045399,32.51756083900199,False,False,True,True,0.9216213204832303,0.8913161723052249,0.8913161723052249,False,both,right,none,none,0,moving_average,4,2.0,peak,17,-1,-1,17,False,0.8876186014693755,False,False,False,False,False,False,False,,
frame_000042.jpg,31.87716601924396,32.554371840553095,42,True,0.2867941152410335,0.0,0.0,1.4339705762051673,True,False,False,True,True,0.2,0.12,0.18,False,False,True,True,True,31.87716601924396,32.554371840553095,31.87716601924396,32.554371840553095,False,False,True,True,0.836711430588201,0.9056137964164708,0.9056137964164708,False,both,right,none,none,0,moving_average,4,2.0,peak,17,-1,-1,17,False,0.9008479217127221,True,False,False,False,False,False,False,4,
frame_000043.jpg,31.87716601924396,32.554371840553095,43,True,0.0,0.0,0.0,0.0,False,False,False,False,True,0.2,0.12,0.18,False,False,True,True,True,31.87716601924396,32.554371840553095,31.87716601924396,32.554371840553095,False,False,True,True,0.836711430588201,0.9056137964164708,0.9056137964164708,False,both,right,none,none,0,moving_average,4,2.0,peak,17,-1,-1,17,False,0.8783856099527985,False,False,False,False,False,False,False,,
frame_000044.jpg,31.96264207203612,32.344064839959955,44,True,0.13800622181038447,0.0,0.0,0.6900311090519223,False,False,False,False,False,0.2,0.12,0.18,False,False,True,True,True,31.96264207203612,32.344064839959955,31.96264207203612,32.344064839959955,False,False,False,False,0.8576385611199666,0.8239292370254538,0.8239292370254538,False,both,right,none,none,0,moving_average,4,2.0,peak,17,-1,-1,17,False,0.8117337262258425,False,False,False,False,False,False,False,,
frame_000045.jpg,31.751995923365897,32.03956128682045,45,True,0.16656165143164736,0.04958541395507012,0.005273992700745696,0.8328082571582368,False,False,False,False,False,0.2,0.12,0.18,False,False,True,True,True,31.751995923365897,32.03956128682045,31.751995923365897,32.03956128682045,False,False,False,False,0.8060659942402794,0.705658145235603,0.705658145235603,False,both,right,none,none,0,moving_average,4,2.0,peak,17,-1,-1,17,False,0.6773892803034102,False,False,False,False,False,False,False,,
frame_000046.jpg,31.67741104822497,31.51671266681452,46,True,0.19285072749586998,0.04958541395507018,0.005273992700745696,0.9642536374793499,False,False,False,False,False,0.2,0.12,0.18,False,False,True,True,True,31.67741104822497,31.51671266681452,31.67741104822497,31.51671266681452,False,False,False,False,0.7878053543676722,0.5025804586491738,0.5025804586491738,False,both,right,none,none,0,moving_average,4,2.0,peak,17,-1,-1,17,False,0.5724966317984884,False,False,False,False,False,False,False,,
frame_000047.jpg,31.78228669344346,31.533887551040163,47,True,0.07503409468199883,0.045000941514064786,0.0006208082104800557,0.3751704734099941,False,False,False,False,False,0.2,0.12,0.18,False,False,True,True,True,31.78228669344346,31.533887551040163,31.78228669344346,31.533887551040163,False,False,False,False,0.8134820935875692,0.5092512915106887,0.5092512915106887,False,both,right,none,none,0,moving_average,4,2.0,peak,17,-1,-1,17,False,0.5174991271624431,False,False,False,False,False,False,False,,
frame_000048.jpg,31.79610893970947,31.61476765410658,48,True,0.03772463328374199,0.01845810840654879,0.0075344799148772896,0.18862316641870994,False,False,False,False,False,0.2,0.12,0.18,False,False,True,True,True,31.79610893970947,31.61476765410658,31.79610893970947,31.61476765410658,False,False,False,False,0.8168661987538938,0.5406656313274668,0.5406656313274668,False,both,right,none,none,0,moving_average,4,2.0,peak,17,-1,-1,17,False,0.5203296954263175,False,False,False,False,False,False,False,,
frame_000049.jpg,31.84275881471844,31.53857561102286,49,True,0.022762234847294713,0.004548918440937491,0.009564332357354426,0.11381117423647356,False,False,False,False,False,0.2,0.12,0.18,False,False,True,True,True,31.84275881471844,31.53857561102286,31.84275881471844,31.53857561102286,False,False,False,False,0.8282875032212051,0.5110721634407971,0.5110721634407971,False,both,right,none,none,0,moving_average,4,2.0,peak,17,-1,-1,17,False,0.5448117998206028,False,False,False,False,False,False,False,,
frame_000050.jpg,31.852203101906568,31.722984167894897,50,True,0.013082305798109681,0.03540478379373361,0.0020715304423355382,0.29503986494778006,False,False,False,False,False,0.2,0.12,0.18,False,False,True,True,True,31.852203101906568,31.722984167894897,31.852203101906568,31.722984167894897,False,False,False,False,0.8305997512053979,0.5826976046935447,0.5826976046935447,False,both,right,none,none,0,moving_average,4,2.0,peak,17,-1,-1,17,False,0.5687272884385977,False,False,False,False,False,False,False,,
frame_000051.jpg,31.836444901875595,31.79948780378237,51,True,0.007452241778250011,0.022985561603504994,0.001091458280349872,0.19154634669587495,False,False,False,False,False,0.2,0.12,0.18,False,False,True,True,True,31.836444901875595,31.79948780378237,31.836444901875595,31.79948780378237,False,False,False,False,0.8267416658326948,0.6124120971814513,0.6124120971814513,False,both,right,none,none,0,moving_average,4,2.0,peak,17,-1,-1,17,False,0.6751838479826594,False,False,False,False,False,False,False,,
frame_000052.jpg,31.82143004499996,32.360832347109465,52,True,0.02950002158695477,0.009574692476349726,0.017458076223737323,0.14750010793477383,False,False,False,False,False,0.2,0.12,0.18,False,False,True,True,True,31.82143004499996,32.360832347109465,31.82143004499996,32.360832347109465,False,False,False,False,0.8230655734127955,0.8304418420729822,0.8304418420729822,False,both,right,none,none,0,moving_average,4,2.0,peak,17,-1,-1,17,False,0.7940285635720825,False,False,False,False,False,False,False,,
frame_000053.jpg,31.87001935552315,32.64092542356035,53,True,0.02533870066181054,0.0,0.0,0.12669350330905269,False,False,False,False,False,0.2,0.12,0.18,False,False,True,True,True,31.87001935552315,32.64092542356035,31.87001935552315,32.64092542356035,False,False,False,False,0.8349617105243181,0.9392317514618139,0.9392317514618139,False,both,right,none,none,0,moving_average,4,2.0,peak,17,-1,-1,17,False,0.9023801624954867,False,False,False,False,False,False,False,,
frame_000054.jpg,31.92708482465562,32.636381579629486,54,True,0.03802982067871053,0.0,0.0,0.19014910339355265,False,False,False,False,False,0.2,0.12,0.18,False,False,True,True,True,31.92708482465562,32.636381579629486,31.92708482465562,32.636381579629486,False,False,False,False,0.8489330683769714,0.9374668939516639,0.9374668939516639,False,both,right,none,none,0,moving_average,4,2.0,peak,17,-1,-1,17,False,0.9459656984719119,False,False,False,False,False,False,False,,
frame_000055.jpg,31.905593680636205,32.69748140571188,55,True,0.010364334095105619,0.0,0.0,0.05182167047552809,False,False,False,False,False,0.2,0.12,0.18,False,False,True,True,True,31.905593680636205,32.69748140571188,31.905593680636205,32.69748140571188,False,False,False,False,0.8436713844142733,0.9611984500022579,0.9611984500022579,False,both,right,none,none,0,moving_average,4,2.0,peak,17,-1,-1,17,False,0.9662217813179739,False,False,False,False,False,False,False,,
frame_000056.jpg,32.003468457280626,32.79738079501173,56,True,0.010364334095105619,0.0,0.0,0.05182167047552809,False,False,False,False,False,0.2,0.12,0.18,False,False,True,True,True,32.003468457280626,32.79738079501173,32.003468457280626,32.79738079501173,False,False,False,False,0.8676340986447202,1.0,1.0,False,both,right,none,none,0,moving_average,4,2.0,peak,17,-1,-1,17,False,0.9750097583719761,True,False,False,False,False,False,False,5,
frame_000057.jpg,32.04386164646847,32.70425878099853,57,True,0.024434669550438017,0.0,0.0,0.12217334775219008,False,False,False,False,False,0.2,0.12,0.18,False,False,True,True,True,32.04386164646847,32.70425878099853,32.04386164646847,32.70425878099853,False,False,False,False,0.877523576634348,0.9638308251136706,0.9638308251136706,False,both,right,none,none,0,moving_average,4,2.0,peak,17,-1,-1,17,False,0.9585270643113991,False,False,False,False,False,False,False,,
frame_000058.jpg,32.07805383230498,32.57017120258105,58,True,0.02073112265314601,0.0,0.0,0.10365561326573004,False,False,False,False,False,0.2,0.12,0.18,False,False,True,True,True,32.07805383230498,32.57017120258105,32.07805383230498,32.57017120258105,False,False,False,False,0.8858948609039538,0.911750367820527,0.911750367820527,False,both,right,none,none,0,moving_average,4,2.0,peak,17,-1,-1,17,False,0.9239165932100586,False,False,False,False,False,False,False,,
frame_000059.jpg,32.22709086496088,32.530053979979456,59,True,0.04956619983449094,0.0,0.0,0.24783099917245469,False,False,False,False,False,0.2,0.12,0.18,False,False,True,True,True,32.22709086496088,32.530053979979456,32.22709086496088,32.530053979979456,False,False,False,False,0.9223836473485115,0.8961685866959785,0.8961685866959785,False,both,right,none,none,0,moving_average,4,2.0,peak,17,-1,-1,17,False,0.888482730368017,False,False,False,False,False,False,False,,
frame_000060.jpg,32.15670633202849,32.43057219435491,60,True,0.015999081875130598,0.0,0.0,0.07999540937565298,False,False,False,False,False,0.2,0.12,0.18,False,False,True,True,True,32.15670633202849,32.43057219435491,32.15670633202849,32.43057219435491,False,False,False,False,0.905151378660638,0.8575292365875455,0.8575292365875455,False,both,right,none,none,0,moving_average,4,2.0,peak,17,-1,-1,17,False,0.8592259497131886,False,False,False,False,False,False,False,,
frame_000061.jpg,32.06437262883978,32.34419560208568,61,True,0.03274403442414197,0.0,0.0,0.16372017212070983,False,False,False,False,False,0.2,0.12,0.18,False,False,True,True,True,32.06437262883978,32.34419560208568,32.06437262883978,32.34419560208568,False,False,False,False,0.8825452872936218,0.8239800258560418,0.8239800258560418,False,both,right,none,none,0,moving_average,4,2.0,peak,17,-1,-1,17,False,0.8141321137669142,False,False,False,False,False,False,False,,
frame_000062.jpg,31.96876358321748,32.1817550069372,62,True,0.036536067244039905,0.0,0.0,0.18268033622019952,False,False,False,False,False,0.2,0.12,0.18,False,False,True,True,True,31.96876358321748,32.1817550069372,31.96876358321748,32.1817550069372,False,False,False,False,0.8591372927454834,0.7608870788571556,0.7608870788571556,False,both,right,none,none,0,moving_average,4,2.0,peak,17,-1,-1,17,False,0.7748122292234224,False,False,False,False,False,False,False,,
frame_000063.jpg,31.91644423770898,32.126870477274224,63,True,0.036536067244039905,0.0,0.0,0.18268033622019952,False,False,False,False,False,0.2,0.12,0.18,False,False,True,True,True,31.91644423770898,32.126870477274224,31.91644423770898,32.126870477274224,False,False,False,False,0.8463279299236508,0.7395695829570701,0.7395695829570701,False,both,right,none,none,0,moving_average,4,2.0,peak,17,-1,-1,17,False,0.7326050953019619,False,False,False,False,False,False,False,,
frame_000064.jpg,31.841063834267228,32.01819314318162,64,True,0.036536067244039905,0.0,0.0,0.18268033622019952,False,False,False,False,False,0.2,0.12,0.18,False,False,True,True,True,31.841063834267228,32.01819314318162,31.841063834267228,32.01819314318162,False,False,False,False,0.8278725205916544,0.6973586240916604,0.6973586240916604,False,both,right,none,none,0,moving_average,4,2.0,peak,17,-1,-1,17,False,0.7257249299648418,False,False,False,False,False,False,False,,
frame_000065.jpg,31.7831380164822,32.12861349721656,65,True,0.033318753860050315,0.0,0.0,0.16659376930025158,False,False,False,False,False,0.2,0.12,0.18,False,False,True,True,True,31.7831380164822,32.12861349721656,31.7831380164822,32.12861349721656,False,False,False,False,0.8136905232912636,0.7402465828457954,0.7402465828457954,False,both,right,none,none,0,moving_average,4,2.0,peak,17,-1,-1,17,False,0.7447916197047464,False,False,False,False,False,False,False,,
frame_000066.jpg,31.9829908806425,32.27413912977112,66,True,0.016094401051152393,0.0,0.0,0.08047200525576195,False,False,False,False,False,0.2,0.12,0.18,False,False,True,True,True,31.9829908806425,32.27413912977112,31.9829908806425,32.27413912977112,False,False,False,False,0.8626205667222497,0.7967696521767833,0.7967696521767833,False,both,right,none,none,0,moving_average,4,2.0,peak,17,-1,-1,17,False,0.7873854616805535,False,False,False,False,False,False,False,,
frame_000067.jpg,32.04805594903597,32.34718248522324,67,True,0.00624670563987968,0.0,0.0,0.031233528199398397,False,False,False,False,False,0.2,0.12,0.18,False,False,True,True,True,32.04805594903597,32.34718248522324,32.04805594903597,32.34718248522324,False,False,False,False,0.8785504691317493,0.8251401500190818,0.8251401500190818,False,both,right,none,none,0,moving_average,4,2.0,peak,17,-1,-1,17,False,0.8235942759568256,False,False,False,False,False,False,False,,
frame_000068.jpg,32.029950134100616,32.40828570879175,68,True,0.013859819821578395,0.0,0.0,0.06929909910789196,False,False,False,False,False,0.2,0.12,0.18,False,False,True,True,True,32.029950134100616,32.40828570879175,32.029950134100616,32.40828570879175,False,False,False,False,0.8741176164185169,0.8488730256746116,0.8488730256746116,False,both,right,none,none,0,moving_average,4,2.0,peak,17,-1,-1,17,False,0.8702268977355962,False,False,False,False,False,False,False,,
frame_000069.jpg,31.99467752302982,32.6343234861245,69,True,0.03229327060760086,0.0,0.0,0.16146635303800427,False,False,False,False,False,0.2,0.12,0.18,False,False,True,True,True,31.99467752302982,32.6343234861245,31.99467752302982,32.6343234861245,False,False,False,False,0.8654818112782215,0.9366675175130952,0.9366675175130952,False,both,right,none,none,0,moving_average,4,2.0,peak,17,-1,-1,17,False,0.9074026869002674,False,False,False,False,False,False,False,,
frame_000070.jpg,31.99467752302982,32.6343234861245,70,True,0.0,0.0,0.0,0.0,False,False,False,False,False,0.2,0.12,0.18,False,False,True,True,True,31.99467752302982,32.6343234861245,31.99467752302982,32.6343234861245,False,False,False,False,0.8654818112782215,0.9366675175130952,0.9366675175130952,False,both,right,none,none,0,moving_average,4,2.0,peak,17,-1,-1,17,False,0.947498508910958,False,False,False,False,False,False,False,,
frame_000071.jpg,31.9898956539188,32.717980666795484,71,True,0.019228535571201154,0.0,0.0,0.09614267785600576,False,False,False,False,False,0.2,0.12,0.18,False,False,True,True,True,31.9898956539188,32.717980666795484,31.9898956539188,32.717980666795484,False,False,False,False,0.8643110646678759,0.9691604917066837,0.9691604917066837,False,both,right,none,none,0,moving_average,4,2.0,peak,17,-1,-1,17,False,0.9553827496342454,True,False,False,False,False,False,False,6,
frame_000072.jpg,32.05128999766664,32.695220344631075,72,True,0.018018747752808616,0.0,0.0,0.09009373876404307,False,False,False,False,False,0.2,0.12,0.18,False,False,True,True,True,32.05128999766664,32.695220344631075,32.05128999766664,32.695220344631075,False,False,False,False,0.879342262337324,0.9603202396829574,0.9603202396829574,False,both,right,none,none,0,moving_average,4,2.0,peak,17,-1,-1,17,False,0.9391669610699457,False,False,False,False,False,False,False,,
frame_000073.jpg,31.85119397502989,32.50907482662379,73,True,0.012523766424342712,0.0,0.0,0.06261883212171356,False,False,False,False,False,0.2,0.12,0.18,False,False,True,True,True,31.85119397502989,32.50907482662379,31.85119397502989,32.50907482662379,False,False,False,False,0.8303526863353963,0.8880201518201961,0.8880201518201961,False,both,right,none,none,0,moving_average,4,2.0,peak,17,-1,-1,17,False,0.9013375068857781,False,False,False,False,False,False,False,,
frame_000074.jpg,31.78156448406177,32.425790841587606,74,True,0.00947166640276083,0.0,0.0,0.04735833201380415,False,False,False,False,False,0.2,0.12,0.18,False,False,True,True,True,31.78156448406177,32.425790841587606,31.78156448406177,32.425790841587606,False,False,False,False,0.8133052748236211,0.8556721291541809,0.8556721291541809,False,both,right,none,none,0,moving_average,4,2.0,peak,17,-1,-1,17,False,0.8493839474100364,False,False,False,False,False,False,False,,
frame_000075.jpg,31.69238916271712,32.293937751754086,75,True,0.010065379841126033,0.0,0.0,0.05032689920563016,False,False,False,False,False,0.2,0.12,0.18,False,False,True,True,True,31.69238916271712,32.293937751754086,31.69238916271712,32.293937751754086,False,False,False,False,0.791472451137561,0.8044595612557325,0.8044595612557325,False,both,right,none,none,0,moving_average,4,2.0,peak,17,-1,-1,17,False,0.7989859696600268,False,False,False,False,False,False,False,,
frame_000076.jpg,31.599367413549327,32.11980734637109,76,True,0.013750704227438836,0.0,0.0,0.06875352113719417,False,False,False,False,False,0.2,0.12,0.18,False,False,True,True,True,31.599367413549327,32.11980734637109,31.599367413549327,32.11980734637109,False,False,False,False,0.7686979052438596,0.7368262185701672,0.7368262185701672,False,both,right,none,none,0,moving_average,4,2.0,peak,17,-1,-1,17,False,0.7529729531415184,False,False,False,False,False,False,False,,
frame_000077.jpg,31.54566234351245,32.07039223635325,77,True,0.011657522659762673,0.0,0.0,0.058287613298813365,False,False,False,False,False,0.2,0.12,0.18,False,False,True,True,True,31.54566234351245,32.07039223635325,31.54566234351245,32.07039223635325,False,False,False,False,0.7555492750232748,0.7176330795986557,0.7176330795986557,False,both,right,none,none,0,moving_average,4,2.0,peak,17,-1,-1,17,False,0.7216017716449808,False,False,False,False,False,False,False,,
frame_000078.jpg,31.50399262706397,32.051630791854194,78,True,0.012473590873732919,0.0,0.0,0.062367954368664595,False,False,False,False,False,0.2,0.12,0.18,False,False,True,True,True,31.50399262706397,32.051630791854194,31.50399262706397,32.051630791854194,False,False,False,False,0.7453472644383992,0.7103460167661197,0.7103460167661197,False,both,right,none,none,0,moving_average,4,2.0,peak,17,-1,-1,17,False,0.7116027155519822,False,False,False,False,False,False,False,,
frame_000079.jpg,31.470220317760447,32.04257592669917,79,True,0.00635167186444625,0.0,0.0,0.03175835932223125,False,False,False,False,False,0.2,0.12,0.18,False,False,True,True,True,31.470220317760447,32.04257592669917,31.470220317760447,32.04257592669917,False,False,False,False,0.7370787786804938,0.7068290502911713,0.7068290502911713,False,both,right,none,none,0,moving_average,4,2.0,peak,17,-1,-1,17,False,0.7568231358754158,False,False,False,False,False,False,False,,
frame_000080.jpg,31.528364512448647,32.41966893079894,80,True,0.08654344323781207,0.0,0.0,0.43271721618906034,False,False,False,False,True,0.2,0.12,0.18,False,False,True,True,True,31.528364512448647,32.41966893079894,31.528364512448647,32.41966893079894,False,False,True,True,0.7513142412709695,0.8532943405689565,0.8532943405689565,False,both,right,none,none,0,moving_average,4,2.0,peak,17,-1,-1,17,False,0.8391169909476658,True,False,False,False,False,False,False,7,
frame_000081.jpg,31.94591421334209,32.687257914893856,81,True,0.3518094656071364,0.0,0.0,1.7590473280356818,True,False,False,True,True,0.2,0.12,0.18,False,False,True,True,True,31.94591421334209,32.687257914893856,31.94591421334209,32.687257914893856,False,False,True,True,0.8535430738931741,0.95722758198287,0.95722758198287,False,both,right,none,none,0,moving_average,4,2.0,peak,17,-1,-1,17,False,0.7970350320595859,False,False,False,False,False,False,False,,
frame_000082.jpg,32.54411184625133,31.71754030360897,82,True,0.3281168950874341,0.0,0.0,1.6405844754371703,True,False,False,True,True,0.2,0.12,0.18,False,False,True,True,True,32.54411184625133,31.71754030360897,32.54411184625133,31.71754030360897,False,False,True,True,1.0,0.5805831736269316,0.5805831736269316,False,both,right,none,none,0,moving_average,4,2.0,peak,17,-1,-1,17,False,0.7002220330910898,False,False,False,False,False,False,False,,
frame_000083.jpg,32.37221359816247,31.67189781285629,83,True,0.3515555678328274,0.0,0.0,1.7577778391641368,True,False,False,True,True,0.2,0.12,0.18,False,False,True,True,True,32.37221359816247,31.67189781285629,32.37221359816247,31.67189781285629,False,False,True,True,0.957914094551318,0.5628553436634679,0.5628553436634679,False,both,right,none,none,0,moving_average,4,2.0,peak,17,-1,-1,17,False,0.5687646203179557,False,False,False,False,False,False,False,,
frame_000084.jpg,32.37221359816247,31.67189781285629,84,True,0.0,0.0,0.0,0.0,False,False,False,False,True,0.2,0.12,0.18,False,False,True,True,True,32.37221359816247,31.67189781285629,32.37221359816247,31.67189781285629,False,False,True,True,0.957914094551318,0.5628553436634679,0.5628553436634679,False,both,right,none,none,0,moving_average,4,2.0,peak,17,-1,-1,17,False,0.6701081777414291,False,False,False,False,False,False,False,,
frame_000085.jpg,31.859696107876523,32.50030487074624,85,True,1.1380313372730495,0.0,0.0,5.690156686365247,True,False,False,True,True,0.2,0.12,0.18,False,False,True,True,True,31.859696107876523,32.50030487074624,31.859696107876523,32.50030487074624,False,False,True,True,0.8324342663577277,0.8846138458973516,0.8846138458973516,False,both,right,none,none,0,moving_average,4,2.0,peak,17,-1,-1,17,False,0.6902366135475464,False,False,False,False,False,False,False,,
frame_000086.jpg,,31.827367255033938,86,True,0.7291657445709602,0.343994060717001,0.0021268866117517375,3.6458287228548008,True,True,False,True,True,0.2,0.12,0.18,True,False,False,True,True,,31.827367255033938,31.821113239755633,31.827367255033938,True,False,False,True,0.8229880098790966,0.6232406510818199,0.6232406510818199,False,right_only,right,none,none,0,moving_average,4,2.0,peak,17,-1,-1,17,False,0.7027507457319374,True,False,False,False,False,False,False,8,
frame_000087.jpg,,,87,False,,,,0.0,False,False,False,False,True,0.2,0.12,0.18,True,True,False,False,False,,,31.78253037163474,31.768555355885706,True,True,False,False,0.8135417534004646,0.600397740216641,0.600397740216641,False,missing,right,none,none,0,moving_average,4,2.0,peak,17,-1,-1,17,False,0.6003977402166409,False,False,False,False,False,False,False,,
frame_000088.jpg,,,88,False,,,,0.0,False,False,False,False,False,0.2,0.12,0.18,True,True,False,False,False,,,31.743947503513848,31.709743456737474,True,True,False,False,0.8040954969218337,0.5775548293514621,0.5775548293514621,False,missing,right,none,none,0,moving_average,4,2.0,peak,17,-1,-1,17,False,0.5775548293514621,False,False,False,False,False,False,False,,
frame_000089.jpg,,,89,False,,,,0.0,False,False,False,False,False,0.2,0.12,0.18,True,True,False,False,False,,,31.705364635392954,31.650931557589242,True,True,False,False,0.7946492404432017,0.5547119184862831,0.5547119184862831,False,missing,right,none,none,0,moving_average,4,2.0,peak,17,-1,-1,17,False,0.5547119184862827,False,False,False,False,False,False,False,,
frame_000090.jpg,,,90,False,,,,0.0,False,False,False,False,False,0.2,0.12,0.18,True,True,False,False,False,,,31.666781767272063,31.592119658441007,True,True,False,False,0.7852029839645708,0.5318690076211028,0.5318690076211028,False,missing,right,none,none,0,moving_average,4,2.0,peak,17,-1,-1,17,False,0.5318690076211032,False,False,False,False,False,False,False,,
frame_000091.jpg,,,91,False,,,,0.0,False,False,False,False,False,0.2,0.12,0.18,True,True,False,False,False,,,31.62819889915117,31.533307759292775,True,True,False,False,0.7757567274859388,0.5090260967559238,0.5090260967559238,False,missing,right,none,none,0,moving_average,4,2.0,peak,17,-1,-1,17,False,0.5090260967559238,False,False,False,False,False,False,False,,
frame_000092.jpg,,,92,False,,,,0.0,False,False,False,False,False,0.2,0.12,0.18,True,True,False,False,False,,,31.58961603103028,31.474495860144543,True,True,False,False,0.7663104710073079,0.48618318589074483,0.48618318589074483,False,missing,right,none,none,0,moving_average,4,2.0,peak,17,-1,-1,17,False,0.48618318589074483,False,False,False,False,False,False,False,,
frame_000093.jpg,,31.41568396099631,93,True,,,,0.0,False,False,False,False,False,0.2,0.12,0.18,True,False,False,True,True,,31.41568396099631,31.551033162909388,31.41568396099631,True,False,False,False,0.7568642145286768,0.4633402750255659,0.4633402750255659,False,right_only,right,none,none,0,moving_average,4,2.0,peak,17,-1,-1,17,False,0.5432785672265917,False,False,False,False,False,False,False,,
frame_000094.jpg,,31.97430512107021,94,True,0.10712063366120095,0.02723683946572677,0.05718654858325321,0.5356031683060047,False,False,False,False,True,0.2,0.12,0.18,True,False,False,True,True,,31.97430512107021,31.512450294788493,31.97430512107021,True,False,False,True,0.747417958050045,0.6803122407634646,0.6803122407634646,False,right_only,right,none,none,0,moving_average,4,2.0,peak,17,-1,-1,17,False,0.5802094365155109,False,False,False,False,False,False,False,,
frame_000095.jpg,,31.759745131513107,95,True,0.1839890924282347,0.26845320716886184,0.011889547287096514,2.2371100597405156,False,True,False,True,True,0.2,0.12,0.18,True,False,False,True,True,,31.759745131513107,31.473867426667603,31.759745131513107,True,False,False,True,0.7379717015714139,0.5969757937575024,0.5969757937575024,False,right_only,right,none,none,0,moving_average,4,2.0,peak,17,-1,-1,17,False,0.6231464868057446,False,False,False,False,False,False,False,,
frame_000096.jpg,,31.747324199794573,96,True,0.14432858489679334,0.2327467959884538,0.3254571533155796,1.939556633237115,False,True,True,True,True,0.2,0.12,0.18,True,False,False,True,True,,31.747324199794573,31.43528455854671,31.747324199794573,True,False,False,True,0.728525445092782,0.592151425896267,0.592151425896267,False,right_only,right,none,none,0,moving_average,4,2.0,peak,17,-1,-1,17,False,0.6184631498844894,False,False,False,False,False,False,False,,
frame_000097.jpg,,31.93813163070608,97,True,0.06053201529980397,0.07633278358306787,0.04097126868606207,0.6361065298588989,False,False,False,False,True,0.2,0.12,0.18,True,False,False,True,True,,31.93813163070608,31.396701690425818,31.93813163070608,True,False,False,True,0.719079188614151,0.6662622299996986,0.6662622299996986,False,right_only,right,none,none,0,moving_average,4,2.0,peak,17,-1,-1,17,False,0.6391409650029749,False,False,False,False,False,False,False,,
frame_000098.jpg,,31.91945790864537,98,True,0.02251806718125475,0.01893613086043491,0.005761985735196096,0.15780109050362426,False,False,False,False,False,0.2,0.12,0.18,True,False,False,True,True,,31.91945790864537,31.358118822304924,31.91945790864537,True,False,False,False,0.7096329321355191,0.6590092391129593,0.6590092391129593,False,right_only,right,none,none,0,moving_average,4,2.0,peak,17,-1,-1,17,False,0.6523836405768031,False,False,False,False,False,False,False,,
frame_000099.jpg,,31.849608918002875,99,True,0.08411379474795708,0.01249573819617115,0.10538831473347214,0.5854906374081786,False,False,False,False,False,0.2,0.12,0.18,True,False,False,True,True,,31.849608918002875,31.319535954184033,31.849608918002875,True,False,False,False,0.7001866756568881,0.6318794526177515,0.6318794526177515,False,right_only,right,none,none,0,moving_average,4,2.0,peak,17,-1,-1,17,False,0.652633617534948,False,False,False,False,False,False,False,,
frame_000100.jpg,,,100,False,,,,0.0,False,False,False,False,False,0.2,0.12,0.18,True,True,False,False,False,,,31.280953086063143,31.94006242049096,True,True,False,False,0.690740419178257,0.6670121608741332,0.6670121608741332,False,missing,right,none,none,0,moving_average,4,2.0,peak,17,-1,-1,17,False,0.6670121608741335,False,False,False,False,False,False,False,,
frame_000101.jpg,,,101,False,,,,0.0,False,False,False,False,False,0.2,0.12,0.18,True,True,False,False,False,,,31.24237021794225,32.03051592297905,True,True,False,False,0.6812941626996252,0.7021448691305162,0.7021448691305162,False,missing,right,none,none,0,moving_average,4,2.0,peak,17,-1,-1,17,False,0.7021448691305152,True,False,False,False,False,False,False,9,
frame_000102.jpg,,32.12096942546713,102,True,,,,0.0,False,False,False,False,False,0.2,0.12,0.18,True,False,False,True,True,,32.12096942546713,31.203787349821358,32.12096942546713,True,False,False,False,0.6718479062209941,0.7372775773868965,0.7372775773868965,False,right_only,right,none,none,0,moving_average,4,2.0,peak,17,-1,-1,17,False,0.6897586667278222,False,False,False,False,False,False,False,,
frame_000103.jpg,,31.84439299059612,103,True,0.04849863942342919,0.05768384548184247,0.016725943302565757,0.4806987123486873,False,False,False,False,True,0.2,0.12,0.18,True,False,False,True,True,,31.84439299059612,31.165204481700464,31.84439299059612,True,False,False,True,0.6624016497423623,0.6298535536660537,0.6298535536660537,False,right_only,right,none,none,0,moving_average,4,2.0,peak,17,-1,-1,17,False,0.6085367836182685,False,False,False,False,False,False,False,,
frame_000104.jpg,,31.40316857312573,104,True,0.24872767085623615,0.26785597159318386,0.04836714028419928,2.2321330966098656,True,True,False,True,True,0.2,0.12,0.18,True,False,False,True,True,,31.40316857312573,31.126621613579573,31.40316857312573,True,False,False,True,0.6529553932637312,0.4584792198018553,0.4584792198018553,False,right_only,right,none,none,0,moving_average,4,2.0,peak,17,-1,-1,17,False,0.5324078118309157,False,False,False,False,False,False,False,,
frame_000105.jpg,,31.532959065827534,105,True,0.12915422412920968,0.20175126487913994,0.0812301112112442,1.6812605406594996,False,True,False,True,True,0.2,0.12,0.18,True,False,False,True,True,,31.532959065827534,31.08803874545868,31.532959065827534,True,False,False,True,0.6435091367850994,0.5088906620248381,0.5088906620248381,False,right_only,right,none,none,0,moving_average,4,2.0,peak,17,-1,-1,17,False,0.4718022758714009,False,False,False,False,False,False,False,,
frame_000106.jpg,,31.37628364721438,106,True,0.038104891799531186,0.02812780507590793,0.015334802923270885,0.2343983756325661,False,False,False,False,True,0.2,0.12,0.18,True,False,False,True,True,,31.37628364721438,31.049455877337788,31.37628364721438,True,False,False,True,0.6340628803064683,0.4480369457875094,0.4480369457875094,False,right_only,right,none,none,0,moving_average,4,2.0,peak,17,-1,-1,17,False,0.4349342881614725,False,False,False,False,False,False,False,,
frame_000107.jpg,,31.118404990963377,107,True,0.09689778582821837,0.1727674765198734,0.04388929190324348,1.439728970998945,False,True,False,True,True,0.2,0.12,0.18,True,False,False,True,True,,31.118404990963377,31.010873009216894,31.118404990963377,True,False,False,True,0.6246166238278364,0.3478752566720702,0.3478752566720702,False,right_only,right,none,none,0,moving_average,4,2.0,peak,17,-1,-1,17,False,0.4653774503348028,False,False,False,False,False,False,False,,
frame_000108.jpg,,31.76809812416275,108,True,0.14763149828569114,0.28381904692538634,0.09670384244025942,2.3651587243782197,False,True,False,True,True,0.2,0.12,0.18,True,False,False,True,True,,31.76809812416275,30.972290141096003,31.76809812416275,True,False,False,True,0.6151703673492054,0.6002201485448289,0.6002201485448289,False,right_only,right,none,none,0,moving_average,4,2.0,peak,17,-1,-1,17,False,0.553455060813703,False,False,False,False,False,False,False,,
frame_000109.jpg,,32.05658375107705,109,True,0.06355202130953068,0.11176488581024081,0.06834678123214133,0.9313740484186734,False,False,False,False,True,0.2,0.12,0.18,True,False,False,True,True,,32.05658375107705,30.933707272975113,32.05658375107705,True,False,False,True,0.6057241108705744,0.7122697772242098,0.7122697772242098,False,right_only,right,none,none,0,moving_average,4,2.0,peak,17,-1,-1,17,False,0.6782033851786164,False,False,False,False,False,False,False,,
frame_000110.jpg,,32.081944959415125,110,True,0.10119352237330301,0.1509229332973925,0.08278224776115928,1.2576911108116042,False,True,False,True,True,0.2,0.12,0.18,True,False,False,True,True,,32.081944959415125,30.89512440485422,32.081944959415125,True,False,False,True,0.5962778543919425,0.7221202297668109,0.7221202297668109,False,right_only,right,none,none,0,moving_average,4,2.0,peak,17,-1,-1,17,False,0.713476503181067,False,True,False,False,False,False,False,,
frame_000111.jpg,,32.04054313839683,111,True,0.21435609696553842,0.3543578181750956,0.1434403988956363,2.9529818181257967,True,True,False,True,True,0.2,0.12,0.18,True,False,False,True,True,,32.04054313839683,30.856541536733328,32.04054313839683,True,False,False,True,0.5868315979133115,0.7060395025521807,0.7060395025521807,False,right_only,right,none,none,0,moving_average,4,2.0,peak,17,-1,-1,17,False,0.6633012249189025,False,False,False,False,False,False,False,,
frame_000112.jpg,,31.669036372946643,112,True,0.12448900379284548,0.2329285567833083,0.01971014795955886,1.941071306527569,False,True,False,True,True,0.2,0.12,0.18,True,False,False,True,True,,31.669036372946643,30.817958668612434,31.669036372946643,True,False,False,True,0.5773853414346796,0.561743942437716,0.561743942437716,False,right_only,right,none,none,0,moving_average,4,2.0,peak,17,-1,-1,17,False,0.6038503651380068,False,False,False,False,False,False,False,,
frame_000113.jpg,,31.62275418591705,113,True,0.05492778192565947,0.0789313986916651,0.03072901025800591,0.6577616557638759,False,False,False,False,True,0.2,0.12,0.18,True,False,False,True,True,,31.62275418591705,30.779375800491543,31.62275418591705,True,False,False,True,0.5679390849560486,0.5437676504241239,0.5437676504241239,False,right_only,right,none,none,0,moving_average,4,2.0,peak,17,-1,-1,17,False,0.5485561016686753,False,False,False,False,False,False,False,,
frame_000114.jpg,,31.613457378728,114,True,0.03149827603179589,0.06223220694561323,0.025121152501233167,0.518601724546777,False,False,False,False,True,0.2,0.12,0.18,True,False,False,True,True,,31.613457378728,30.74079293237065,31.613457378728,True,False,False,True,0.5584928284774167,0.5401567121441859,0.5401567121441859,False,right_only,right,none,none,0,moving_average,4,2.0,peak,17,-1,-1,17,False,0.6222029196231291,False,False,False,False,False,False,False,,
frame_000115.jpg,30.70221006424976,32.23787489650732,115,True,0.3804226337425634,0.37635631978355016,0.0031848674774569517,3.136302664862918,True,True,False,True,True,0.2,0.12,0.18,False,False,True,True,True,30.70221006424976,32.23787489650732,30.70221006424976,32.23787489650732,False,False,True,True,0.5490465719987857,0.7826843963010774,0.7826843963010774,False,both,right,none,none,0,moving_average,4,2.0,peak,17,-1,-1,17,False,0.7014503092632883,False,False,False,False,False,False,False,,
frame_000116.jpg,30.75658509003234,32.23485080286559,116,True,0.015143205499183902,0.0,0.0,0.0757160274959195,False,False,False,False,True,0.2,0.12,0.18,False,False,True,True,True,30.75658509003234,32.23485080286559,30.75658509003234,32.23485080286559,False,False,True,True,0.562359227708181,0.7815098193446017,0.7815098193446017,False,both,right,none,none,0,moving_average,4,2.0,peak,17,-1,-1,17,False,0.7832744323247169,True,False,False,False,False,False,False,10,
frame_000117.jpg,30.732967563886405,32.245456352297985,117,True,0.015143205499183902,0.0,0.0,0.0757160274959195,False,False,False,False,False,0.2,0.12,0.18,False,False,True,True,True,30.732967563886405,32.245456352297985,30.732967563886405,32.245456352297985,False,False,False,False,0.5565769408997914,0.785629081328472,0.785629081328472,False,both,right,none,none,0,moving_average,4,2.0,peak,17,-1,-1,17,False,0.7749064808918296,False,False,False,False,False,False,False,,
frame_000118.jpg,30.570769873374164,32.173241918864555,118,True,0.0734869707530346,0.0,0.0,0.367434853765173,False,False,False,False,False,0.2,0.12,0.18,False,False,True,True,True,30.570769873374164,32.173241918864555,30.570769873374164,32.173241918864555,False,False,False,False,0.5168660262000453,0.7575805420024155,0.7575805420024155,False,both,right,none,none,0,moving_average,4,2.0,peak,17,-1,-1,17,False,0.7718641759791808,False,False,False,False,False,False,False,,
frame_000119.jpg,30.386298957365845,32.211352432090045,119,True,0.05714605488403706,8.881784197001248e-16,1.214306433183765e-17,0.2857302744201853,False,False,False,False,False,0.2,0.12,0.18,False,False,True,True,True,30.386298957365845,32.211352432090045,30.386298957365845,32.211352432090045,False,False,False,False,0.47170195026865863,0.772382904606655,0.772382904606655,False,both,right,none,none,0,moving_average,4,2.0,peak,17,-1,-1,17,False,0.769354538649915,False,False,False,False,False,False,False,,
frame_000120.jpg,30.45133837724273,32.22607223723771,120,True,0.020021952888791564,1.776356839400252e-15,2.6020852139652106e-17,0.10010976444395782,False,False,False,False,False,0.2,0.12,0.18,False,False,True,True,True,30.45133837724273,32.22607223723771,30.45133837724273,32.22607223723771,False,False,False,False,0.4876255731432832,0.7781001693406743,0.7781001693406743,False,both,right,none,none,0,moving_average,4,2.0,peak,17,-1,-1,17,False,0.773447517500814,False,False,False,False,False,False,False,,
frame_000121.jpg,30.303185553267134,32.20485555963245,121,True,0.034285410127166537,8.881784197001248e-16,1.3877787807814457e-17,0.17142705063583266,False,False,False,False,False,0.2,0.12,0.18,False,False,True,True,True,30.303185553267134,32.20485555963245,30.303185553267134,32.20485555963245,False,False,False,False,0.451353267805018,0.7698594785551132,0.7698594785551132,False,both,right,none,none,0,moving_average,4,2.0,peak,17,-1,-1,17,False,0.7630737459135595,False,False,False,False,False,False,False,,
frame_000122.jpg,30.081695778855323,32.13122675826801,122,True,0.016532520742221314,0.0,0.0,0.08266260371110656,False,False,False,False,False,0.2,0.12,0.18,False,False,True,True,True,30.081695778855323,32.13122675826801,30.081695778855323,32.13122675826801,False,False,False,False,0.39712585241608145,0.7412615898448912,0.7412615898448912,False,both,right,none,none,0,moving_average,4,2.0,peak,17,-1,-1,17,False,0.7538317066616556,False,False,False,False,False,False,False,,
frame_000123.jpg,30.176798100318003,32.154687918013025,123,True,0.016532520742221307,8.881784197001248e-16,1.214306433183765e-17,0.08266260371110654,False,False,False,False,False,0.2,0.12,0.18,False,False,True,True,True,30.176798100318003,32.154687918013025,30.176798100318003,32.154687918013025,False,False,False,False,0.42040978551910724,0.7503740515849622,0.7503740515849622,False,both,right,none,none,0,moving_average,4,2.0,peak,17,-1,-1,17,False,0.7488742641610978,False,False,False,False,False,False,False,,
frame_000124.jpg,30.192672379915795,32.16656491312552,124,True,0.016532520742221994,2.6645352591003792e-15,3.8163916471489756e-17,0.08266260371110996,False,False,False,False,False,0.2,0.12,0.18,False,False,True,True,True,30.192672379915795,32.16656491312552,30.192672379915795,32.16656491312552,False,False,False,False,0.424296290690895,0.75498715105344,0.75498715105344,False,both,right,none,none,0,moving_average,4,2.0,peak,17,-1,-1,17,False,0.7441545010169652,False,False,False,False,False,False,False,,
frame_000125.jpg,30.188921894492783,32.09477191645631,125,True,0.01653252074222066,8.881784197001248e-16,1.214306433183765e-17,0.08266260371110329,False,False,False,False,False,0.2,0.12,0.18,False,False,True,True,True,30.188921894492783,32.09477191645631,30.188921894492783,32.09477191645631,False,False,False,False,0.4233780580930971,0.7271023004124937,0.7271023004124937,False,both,right,none,none,0,moving_average,4,2.0,peak,17,-1,-1,17,False,0.7243342887152857,False,False,False,False,False,False,False,,
frame_000126.jpg,30.394945790280424,32.001599154431695,126,True,0.06711659634531016,0.0,0.0,0.33558298172655077,False,False,False,False,False,0.2,0.12,0.18,False,False,True,True,True,30.394945790280424,32.001599154431695,30.394945790280424,32.001599154431695,False,False,False,False,0.4738189572569171,0.6909134146799233,0.6909134146799233,False,both,right,none,none,0,moving_average,4,2.0,peak,17,-1,-1,17,False,0.6986771660671975,False,False,False,False,False,False,False,,
frame_000127.jpg,30.517680580469303,31.968392606821944,127,True,0.011070124921522099,0.0,0.0,0.05535062460761049,False,False,False,False,False,0.2,0.12,0.18,False,False,True,True,True,30.517680580469303,31.968392606821944,30.517680580469303,31.968392606821944,False,False,False,False,0.5038681569002006,0.6780157831091755,0.6780157831091755,False,both,right,none,none,0,moving_average,4,2.0,peak,17,-1,-1,17,False,0.6868960400662778,False,False,False,False,False,False,False,,
frame_000128.jpg,30.61299616083757,32.00377601865133,128,True,0.09201312877294261,8.881784197001248e-16,1.3877787807814457e-17,0.46006564386471305,False,False,False,False,False,0.2,0.12,0.18,False,False,True,True,True,30.61299616083757,32.00377601865133,30.61299616083757,32.00377601865133,False,False,False,False,0.5272043022522545,0.6917589224097347,0.6917589224097347,False,both,right,none,none,0,moving_average,4,2.0,peak,17,-1,-1,17,False,0.6903879167717345,False,False,False,False,False,False,False,,
frame_000129.jpg,30.658888255017263,32.028569959753064,129,True,0.042335728498103624,0.0,0.0,0.2116786424905181,False,False,False,False,False,0.2,0.12,0.18,False,False,True,True,True,30.658888255017263,32.028569959753064,30.658888255017263,32.028569959753064,False,False,False,False,0.5384400789862328,0.7013890447962933,0.7013890447962933,False,both,right,none,none,0,moving_average,4,2.0,peak,17,-1,-1,17,False,0.6685233077603748,False,False,False,False,False,False,False,,
frame_000130.jpg,31.031402430937145,31.79951318672337,130,True,0.06547818487659597,0.0,0.0,0.32739092438297984,False,False,False,False,False,0.2,0.12,0.18,False,False,True,True,True,31.031402430937145,31.79951318672337,31.031402430937145,31.79951318672337,False,False,False,False,0.6296428489990665,0.6124219560750965,0.6124219560750965,False,both,right,none,none,0,moving_average,4,2.0,peak,17,-1,-1,17,False,0.6295828986653984,False,False,False,False,False,False,False,,
frame_000131.jpg,31.111976588159784,31.70300532099357,131,True,0.030128806320310803,0.0,0.0,0.150644031601554,False,False,False,False,True,0.2,0.12,0.18,False,False,True,True,True,31.111976588159784,31.70300532099357,31.111976588159784,31.70300532099357,False,False,True,True,0.6493698468025937,0.5749376951248055,0.5749376951248055,False,both,right,none,none,0,moving_average,4,2.0,peak,17,-1,-1,17,False,0.5891330717968711,False,False,False,False,False,False,False,,
frame_000132.jpg,,31.71614071388384,132,True,0.6463494235284385,0.6438643812161676,0.03452221025997154,5.3655365101347305,True,True,False,True,True,0.2,0.12,0.18,True,False,False,True,True,,31.71614071388384,30.979360290806728,31.71614071388384,True,False,False,True,0.6169013544624641,0.5800395641907115,0.5800395641907115,False,right_only,right,none,none,0,moving_average,4,2.0,peak,17,-1,-1,17,False,0.5038089196391514,False,False,False,False,False,False,False,,
frame_000133.jpg,,31.140480439816635,133,True,0.2401030164595753,0.22162792124844505,0.214325687211246,1.8468993437370422,True,True,True,True,True,0.2,0.12,0.18,True,False,False,True,True,,31.140480439816635,30.84674399345367,31.140480439816635,True,False,False,True,0.5844328621223345,0.3564494996019373,0.3564494996019373,False,right_only,right,none,none,0,moving_average,4,2.0,peak,17,-1,-1,17,False,0.46506937291757267,False,False,False,False,False,False,False,,
frame_000134.jpg,,31.403786058402467,134,True,0.134753409354227,0.24159232548016873,0.12877328473934552,2.013269379001406,False,True,False,True,True,0.2,0.12,0.18,True,False,False,True,True,,31.403786058402467,30.714127696100615,31.403786058402467,True,False,False,True,0.5519643697822049,0.4587190549600694,0.4587190549600694,False,right_only,right,none,none,0,moving_average,4,2.0,peak,17,-1,-1,17,False,0.41563471190029866,False,False,False,False,False,False,False,,
frame_000135.jpg,,,135,False,,,,0.0,False,False,False,False,True,0.2,0.12,0.18,True,True,False,False,False,,,30.58151139874756,31.33431376783466,True,True,False,False,0.5194958774420753,0.43173558113888927,0.43173558113888927,False,missing,right,none,none,0,moving_average,4,2.0,peak,17,-1,-1,17,False,0.43173558113888877,False,False,False,False,False,False,False,,
frame_000136.jpg,,,136,False,,,,0.0,False,False,False,False,False,0.2,0.12,0.18,True,True,False,False,False,,,30.4488951013945,31.264841477266852,True,True,False,False,0.4870273851019448,0.40475210731770783,0.40475210731770783,False,missing,right,none,none,0,moving_average,4,2.0,peak,17,-1,-1,17,False,0.4047521073177083,False,False,False,False,False,False,False,,
frame_000137.jpg,,,137,False,,,,0.0,False,False,False,False,False,0.2,0.12,0.18,True,True,False,False,False,,,30.316278804041442,31.195369186699047,True,True,False,False,0.45455889276181527,0.3777686334965278,0.3777686334965278,False,missing,right,none,none,0,moving_average,4,2.0,peak,17,-1,-1,17,False,0.37776863349652773,False,False,False,False,False,False,False,,
frame_000138.jpg,,,138,False,,,,0.0,False,False,False,False,False,0.2,0.12,0.18,True,True,False,False,False,,,30.183662506688385,31.12589689613124,True,True,False,False,0.42209040042168566,0.35078515967534774,0.35078515967534774,False,missing,right,none,none,0,moving_average,4,2.0,peak,17,-1,-1,17,False,0.35078515967534724,False,False,False,False,False,False,False,,
frame_000139.jpg,,,139,False,,,,0.0,False,False,False,False,False,0.2,0.12,0.18,True,True,False,False,False,,,30.05104620933533,31.056424605563432,True,True,False,False,0.38962190808155606,0.3238016858541663,0.3238016858541663,False,missing,right,none,none,0,moving_average,4,2.0,peak,17,-1,-1,17,False,0.32380168585416674,False,False,False,False,False,False,False,,
frame_000140.jpg,,,140,False,,,,0.0,False,False,False,False,False,0.2,0.12,0.18,True,True,False,False,False,,,29.918429911982273,30.986952314995627,True,True,False,False,0.35715341574142645,0.2968182120329862,0.2968182120329862,False,missing,right,none,none,0,moving_average,4,2.0,peak,17,-1,-1,17,False,0.2968182120329862,False,False,False,False,False,False,False,,
frame_000141.jpg,,,141,False,,,,0.0,False,False,False,False,False,0.2,0.12,0.18,True,True,False,False,False,,,29.785813614629216,30.91748002442782,True,True,False,False,0.32468492340129684,0.26983473821180615,0.26983473821180615,False,missing,right,none,none,0,moving_average,4,2.0,peak,17,-1,-1,17,False,0.2698347382118057,False,False,False,False,False,False,False,,
frame_000142.jpg,,,142,False,,,,0.0,False,False,False,False,False,0.2,0.12,0.18,True,True,False,False,False,,,29.65319731727616,30.848007733860012,True,True,False,False,0.29221643106116724,0.2428512643906247,0.2428512643906247,False,missing,right,none,none,0,moving_average,4,2.0,peak,17,-1,-1,17,False,0.24285126439062515,False,False,False,False,False,False,False,,
frame_000143.jpg,,,143,False,,,,0.0,False,False,False,False,False,0.2,0.12,0.18,True,True,False,False,False,,,29.520581019923103,30.778535443292206,True,True,False,False,0.25974793872103763,0.21586779056944463,0.21586779056944463,False,missing,right,none,none,0,moving_average,4,2.0,peak,17,-1,-1,17,False,0.21586779056944416,False,False,False,False,False,False,False,,
frame_000144.jpg,,,144,False,,,,0.0,False,False,False,False,False,0.2,0.12,0.18,True,True,False,False,False,,,29.387964722570047,30.709063152724397,True,True,False,False,0.22727944638090805,0.1888843167482632,0.1888843167482632,False,missing,right,none,none,0,moving_average,4,2.0,peak,17,-1,-1,17,False,0.18888431674826364,False,False,False,False,False,False,False,,
frame_000145.jpg,,,145,False,,,,0.0,False,False,False,False,False,0.2,0.12,0.18,True,True,False,False,False,,,29.25534842521699,30.63959086215659,True,True,False,False,0.19481095404077847,0.16190084292708315,0.16190084292708315,False,missing,right,none,none,0,moving_average,4,2.0,peak,17,-1,-1,17,False,0.16190084292708312,False,False,False,False,False,False,False,,
frame_000146.jpg,,,146,False,,,,0.0,False,False,False,False,False,0.2,0.12,0.18,True,True,False,False,False,,,29.122732127863934,30.570118571588786,True,True,False,False,0.16234246170064887,0.13491736910590307,0.13491736910590307,False,missing,right,none,none,0,moving_average,4,2.0,peak,17,-1,-1,17,False,0.13491736910590263,False,False,False,False,False,False,False,,
frame_000147.jpg,,,147,False,,,,0.0,False,False,False,False,False,0.2,0.12,0.18,True,True,False,False,False,,,28.990115830510874,30.500646281020977,True,True,False,False,0.1298739693605184,0.10793389528472164,0.10793389528472164,False,missing,right,none,none,0,moving_average,4,2.0,peak,17,-1,-1,17,False,0.10793389528472208,False,False,False,False,False,False,False,,
frame_000148.jpg,,,148,False,,,,0.0,False,False,False,False,False,0.2,0.12,0.18,True,True,False,False,False,,,28.857499533157817,30.43117399045317,True,True,False,False,0.09740547702038879,0.08095042146354157,0.08095042146354157,False,missing,right,none,none,0,moving_average,4,2.0,peak,17,-1,-1,17,False,0.08095042146354156,False,False,False,False,False,False,False,,
frame_000149.jpg,,,149,False,,,,0.0,False,False,False,False,False,0.2,0.12,0.18,True,True,False,False,False,,,28.72488323580476,30.361701699885366,True,True,False,False,0.0649369846802592,0.053966947642361505,0.053966947642361505,False,missing,right,none,none,0,moving_average,4,2.0,peak,17,-1,-1,17,False,0.05396694764236104,False,False,False,False,False,False,False,,
frame_000150.jpg,,,150,False,,,,0.0,False,False,False,False,False,0.2,0.12,0.18,True,True,False,False,False,,,28.592266938451704,30.292229409317557,True,True,False,False,0.0324684923401296,0.026983473821180062,0.026983473821180062,False,missing,right,none,none,0,moving_average,4,2.0,peak,17,-1,-1,17,False,0.02698347382118052,False,False,False,False,False,False,False,,
frame_000151.jpg,28.459650641098648,30.22275711874975,151,True,,,,0.0,False,False,False,False,False,0.2,0.12,0.18,False,False,True,True,True,28.459650641098648,30.22275711874975,28.459650641098648,30.22275711874975,False,False,False,False,0.0,0.0,0.0,False,both,right,none,none,0,moving_average,4,2.0,peak,17,-1,-1,17,False,0.07433000935530575,False,False,False,False,False,False,False,,
frame_000152.jpg,,,152,False,,,,0.0,False,False,False,False,False,0.2,0.12,0.18,True,True,False,False,False,,,29.430020234805575,30.72740023401078,True,True,False,False,0.23757591147708126,0.19600655424473717,0.19600655424473717,False,missing,right,none,none,0,moving_average,4,2.0,peak,17,-1,-1,17,False,0.19600655424473717,False,False,False,False,False,False,False,,
frame_000153.jpg,30.4003898285125,31.23204334927181,153,True,,,,0.0,False,False,False,False,True,0.2,0.12,0.18,False,False,True,True,True,30.4003898285125,31.23204334927181,30.4003898285125,31.23204334927181,False,False,True,True,0.47515182295416164,0.39201310848947435,0.39201310848947435,False,both,right,none,none,0,moving_average,4,2.0,peak,17,-1,-1,17,False,0.3377407189598529,False,False,False,False,False,False,False,,
frame_000154.jpg,30.63231228566787,31.31749352738201,154,True,0.937820369548046,0.0,0.0,4.68910184774023,True,False,False,True,True,0.2,0.12,0.18,False,False,True,True,True,30.63231228566787,31.31749352738201,30.63231228566787,31.31749352738201,False,False,True,True,0.531933475540993,0.4252024941453473,0.4252024941453473,False,both,right,none,none,0,moving_average,4,2.0,peak,17,-1,-1,17,False,0.4712582692392832,False,False,False,False,False,False,False,,
frame_000155.jpg,31.09899918974808,31.758672572448543,155,True,0.8752611235901845,0.0,0.0,4.376305617950922,True,False,False,True,True,0.2,0.12,0.18,False,False,True,True,True,31.09899918974808,31.758672572448543,31.09899918974808,31.758672572448543,False,False,True,True,0.6461925860183974,0.5965592050830281,0.5965592050830281,False,both,right,none,none,0,moving_average,4,2.0,peak,17,-1,-1,17,False,0.5523538523033694,False,False,False,False,False,False,False,,
frame_000156.jpg,31.104304966245603,31.85841517386301,156,True,0.34179861963097774,0.10826927849091292,0.039802959801194346,1.7089930981548886,True,False,False,True,True,0.2,0.12,0.18,False,False,True,True,True,31.104304966245603,31.85841517386301,31.104304966245603,31.85841517386301,False,False,True,True,0.6474916010490283,0.6352998576817329,0.6352998576817329,False,both,right,none,none,0,moving_average,4,2.0,peak,17,-1,-1,17,False,0.6217931584690618,False,False,False,False,False,False,False,,
frame_000157.jpg,31.36340960047236,31.8538337725342,157,True,0.05198269728471373,0.03510527967813714,0.002586419079218496,0.2925439973178095,False,False,False,False,True,0.2,0.12,0.18,False,False,True,True,True,31.36340960047236,31.8538337725342,31.36340960047236,31.8538337725342,False,False,True,True,0.7109282751199892,0.6335204126424246,0.6335204126424246,False,both,right,none,none,0,moving_average,4,2.0,peak,17,-1,-1,17,False,0.6219259434063595,True,False,False,False,False,False,False,11,
frame_000158.jpg,31.450137336227943,31.759698186178795,158,True,0.18600750621217355,0.018983459832368738,0.02192981035670879,0.9300375310608677,False,False,False,False,False,0.2,0.12,0.18,False,False,True,True,True,31.450137336227943,31.759698186178795,31.450137336227943,31.759698186178795,False,False,False,False,0.7321618556094243,0.596957559894921,0.596957559894921,False,both,right,none,none,0,moving_average,4,2.0,peak,17,-1,-1,17,False,0.615227236336971,False,False,False,False,False,False,False,,
frame_000159.jpg,31.48067438061929,31.806675224399434,159,True,0.030129511469071377,0.00987353685053965,0.0041199916790000506,0.15064755734535687,False,False,False,False,False,0.2,0.12,0.18,False,False,True,True,True,31.48067438061929,31.806675224399434,31.48067438061929,31.806675224399434,False,False,False,False,0.7396382503791492,0.6152037364735672,0.6152037364735672,False,both,right,none,none,0,moving_average,4,2.0,peak,17,-1,-1,17,False,0.6097244590137636,False,False,False,False,False,False,False,,
frame_000160.jpg,31.75846344676883,31.811331030189617,160,True,0.06672583407766884,0.05318516231145893,0.0008310303418301392,0.4432096859288244,False,False,False,False,False,0.2,0.12,0.18,False,False,True,True,True,31.75846344676883,31.811331030189617,31.75846344676883,31.811331030189617,False,False,False,False,0.8076494401534816,0.6170120806728027,0.6170120806728027,False,both,right,none,none,0,moving_average,4,2.0,peak,17,-1,-1,17,False,0.5991735854622173,False,False,False,False,False,False,False,,
frame_000161.jpg,31.5368576581194,31.678204599625623,161,True,0.0351087941367561,0.008837742800578157,0.009029479230787658,0.17554397068378047,False,False,False,False,False,0.2,0.12,0.18,False,False,True,True,True,31.5368576581194,31.678204599625623,31.5368576581194,31.678204599625623,False,False,False,False,0.7533936209600303,0.5653049392402822,0.5653049392402822,False,both,right,none,none,0,moving_average,4,2.0,peak,17,-1,-1,17,False,0.5784262555182726,False,False,False,False,False,False,False,,
frame_000162.jpg,31.647613375425927,31.646425523720737,162,True,0.02041577838873076,0.0208946380329166,0.005454270745697989,0.17412198360763834,False,False,False,False,False,0.2,0.12,0.18,False,False,True,True,True,31.647613375425927,31.646425523720737,31.647613375425927,31.646425523720737,False,False,False,False,0.7805099801916484,0.5529617466417331,0.5529617466417331,False,both,right,none,none,0,moving_average,4,2.0,peak,17,-1,-1,17,False,0.5484280367074199,False,False,False,False,False,False,False,,
frame_000163.jpg,31.73621968622749,31.57962865700129,163,True,0.015200003088306279,0.02468132718224301,0.004586486420442398,0.20567772651869173,False,False,False,False,False,0.2,0.12,0.18,False,False,True,True,True,31.73621968622749,31.57962865700129,31.73621968622749,31.57962865700129,False,False,False,False,0.8022034928365434,0.5270174242402446,0.5270174242402446,False,both,right,none,none,0,moving_average,4,2.0,peak,17,-1,-1,17,False,0.5222095397083647,False,False,False,False,False,False,False,,
frame_000164.jpg,31.65381236681865,31.47569631023631,164,True,0.014750319093389485,0.02681340426535603,0.0032835644731691455,0.2234450355446336,False,False,False,False,False,0.2,0.12,0.18,False,False,True,True,True,31.65381236681865,31.47569631023631,31.65381236681865,31.47569631023631,False,False,False,False,0.7820276813231715,0.48664944824311646,0.48664944824311646,False,both,right,none,none,0,moving_average,4,2.0,peak,17,-1,-1,17,False,0.5018024071412798,False,False,False,False,False,False,False,,
frame_000165.jpg,31.538122332258403,31.488803463705235,165,True,0.012313318525011135,0.011929778914729156,0.011028454136070563,0.09941482428940963,False,False,False,False,False,0.2,0.12,0.18,False,False,True,True,True,31.538122332258403,31.488803463705235,31.538122332258403,31.488803463705235,False,False,False,False,0.7537032515515535,0.4917403489404782,0.4917403489404782,False,both,right,none,none,0,moving_average,4,2.0,peak,17,-1,-1,17,False,0.5209301272646403,False,False,False,False,False,False,False,,
frame_000166.jpg,31.60348420852642,31.72736870030884,166,True,0.01398532741404672,0.0042864635088940084,0.012761828243502058,0.07089904579723366,False,False,False,False,False,0.2,0.12,0.18,False,False,True,True,True,31.60348420852642,31.72736870030884,31.60348420852642,31.72736870030884,False,False,False,False,0.7697058215320349,0.5844005846103261,0.5844005846103261,False,both,right,none,none,0,moving_average,4,2.0,peak,17,-1,-1,17,False,0.5701109387884181,False,False,False,False,False,False,False,,
frame_000167.jpg,31.69837388314182,31.855562555537,167,True,0.0045955946117883124,0.01704929231748636,0.004138995101297241,0.142077435979053,False,False,False,False,False,0.2,0.12,0.18,False,False,True,True,True,31.69837388314182,31.855562555537,31.69837388314182,31.855562555537,False,False,False,False,0.7929376922364725,0.63419188281445,0.63419188281445,False,both,right,none,none,0,moving_average,4,2.0,peak,17,-1,-1,17,False,0.6308695984912522,False,False,False,False,False,False,False,,
frame_000168.jpg,31.91567982867728,31.95809551513182,168,True,0.01710880183083365,0.007996270815710253,0.0030232694863514334,0.08554400915416824,False,False,False,False,False,0.2,0.12,0.18,False,False,True,True,True,31.91567982867728,31.95809551513182,31.91567982867728,31.95809551513182,False,False,False,False,0.846140779405307,0.6740163280489807,0.6740163280489807,False,both,right,none,none,0,moving_average,4,2.0,peak,17,-1,-1,17,False,0.6575698686488876,False,False,False,False,False,False,False,,
frame_000169.jpg,31.79853795034729,31.933598143440157,169,True,0.007887670549166226,0.008590876365655042,0.0010367380043455887,0.07159063638045868,False,False,False,False,False,0.2,0.12,0.18,False,False,True,True,True,31.79853795034729,31.933598143440157,31.79853795034729,31.933598143440157,False,False,False,False,0.8174608942390056,0.6645013950832319,0.6645013950832319,False,both,right,none,none,0,moving_average,4,2.0,peak,17,-1,-1,17,False,0.6722291435350057,False,False,False,False,False,False,False,,
frame_000170.jpg,31.85967027913905,31.968788904132897,170,True,0.0007801607332596911,0.006733460957452041,0.0010132733099416855,0.05611217464543368,False,False,False,False,False,0.2,0.12,0.18,False,False,True,True,True,31.85967027913905,31.968788904132897,31.85967027913905,31.968788904132897,False,False,False,False,0.8324279426993118,0.6781697074728047,0.6781697074728047,False,both,right,none,none,0,moving_average,4,2.0,peak,17,-1,-1,17,False,0.686353224469188,False,False,False,False,False,False,False,,
frame_000171.jpg,31.98559122017352,32.06718809466758,171,True,0.015545620155159492,0.003396708180474669,0.0020169227302397966,0.07772810077579746,False,False,False,False,False,0.2,0.12,0.18,False,False,True,True,True,31.98559122017352,32.06718809466758,31.98559122017352,32.06718809466758,False,False,False,False,0.8632572087174634,0.7163885708515275,0.7163885708515275,False,both,right,none,none,0,moving_average,4,2.0,peak,17,-1,-1,17,False,0.7035779708523958,False,False,False,False,False,False,False,,
frame_000172.jpg,31.946682852560905,32.0666398630076,172,True,0.00847793414966988,0.00047866915040613756,0.005849576930227668,0.0423896707483494,False,False,False,False,False,0.2,0.12,0.18,False,False,True,True,True,31.946682852560905,32.0666398630076,31.946682852560905,32.0666398630076,False,False,False,False,0.8537312600896413,0.7161756342328554,0.7161756342328554,False,both,right,none,none,0,moving_average,4,2.0,peak,17,-1,-1,17,False,0.7190228863319416,True,False,False,False,False,False,False,12,
frame_000173.jpg,31.89505127409693,32.08808343934741,173,True,0.007846723845593253,0.011390479904759478,0.005442225509300909,0.09492066587299565,False,False,False,False,False,0.2,0.12,0.18,False,False,True,True,True,31.89505127409693,32.08808343934741,31.89505127409693,32.08808343934741,False,False,False,False,0.8410902835028541,0.7245044539114419,0.7245044539114419,False,both,right,none,none,0,moving_average,4,2.0,peak,17,-1,-1,17,False,0.7123272454305971,False,False,False,False,False,False,False,,
frame_000174.jpg,31.81990327220791,32.01547182789053,174,True,0.00936970193590178,0.004335573956608692,0.003848715753578813,0.046848509679508904,False,False,False,False,False,0.2,0.12,0.18,False,False,True,True,True,31.81990327220791,32.01547182789053,31.81990327220791,32.01547182789053,False,False,False,False,0.8226917731205746,0.696301648147494,0.696301648147494,False,both,right,none,none,0,moving_average,4,2.0,peak,17,-1,-1,17,False,0.6887476580750398,False,False,False,False,False,False,False,,
frame_000175.jpg,31.614939267634316,31.884514171361285,175,True,0.004002954136068127,0.004511414812104542,0.004008762156797976,0.037595123434204514,False,False,False,False,False,0.2,0.12,0.18,False,False,True,True,True,31.614939267634316,31.884514171361285,31.614939267634316,31.884514171361285,False,False,False,False,0.7725103674764167,0.6454368721661835,0.6454368721661835,False,both,right,none,none,0,moving_average,4,2.0,peak,17,-1,-1,17,False,0.6495665613273327,False,False,False,False,False,False,False,,
frame_000176.jpg,31.553292470457823,31.785453701301734,176,True,0.018416749863116838,0.002689680319112135,0.0006224164287934736,0.09208374931558419,False,False,False,False,False,0.2,0.12,0.18,False,False,True,True,True,31.553292470457823,31.785453701301734,31.553292470457823,31.785453701301734,False,False,False,False,0.7574173615497785,0.6069611636683206,0.6069611636683206,False,both,right,none,none,0,moving_average,4,2.0,peak,17,-1,-1,17,False,0.6101398019630266,False,False,False,False,False,False,False,,
frame_000177.jpg,31.502817639772413,31.71094462347765,177,True,0.017663894392900073,0.01682045559515533,0.03206531333138318,0.17814062961879545,False,False,False,False,False,0.2,0.12,0.18,False,False,True,True,True,31.502817639772413,31.71094462347765,31.502817639772413,31.71094462347765,False,False,False,False,0.7450595919076689,0.5780213700545761,0.5780213700545761,False,both,right,none,none,0,moving_average,4,2.0,peak,17,-1,-1,17,False,0.5772303423466381,False,False,False,False,False,False,False,,
frame_000178.jpg,31.545401912008597,31.63032574965726,178,True,0.013681729222250855,0.0,0.0,0.06840864611125427,False,False,False,False,False,0.2,0.12,0.18,False,False,True,True,True,31.545401912008597,31.63032574965726,31.545401912008597,31.63032574965726,False,False,False,False,0.7554855134912702,0.5467084933170174,0.5467084933170174,False,both,right,none,none,0,moving_average,4,2.0,peak,17,-1,-1,17,False,0.5542379555403054,False,False,False,False,False,False,False,,
frame_000179.jpg,31.533456830956563,31.60786347096566,179,True,0.00424857898967053,0.0,0.0,0.021242894948352648,False,False,False,False,False,0.2,0.12,0.18,False,False,True,True,True,31.533456830956563,31.60786347096566,31.533456830956563,31.60786347096566,False,False,False,False,0.7525609953107659,0.5379840032493229,0.5379840032493229,False,both,right,none,none,0,moving_average,4,2.0,peak,17,-1,-1,17,False,0.5533003935444599,False,False,False,False,False,False,False,,
frame_000180.jpg,31.609866095955024,31.70370301554025,180,True,0.007829095903703882,0.0,0.0,0.039145479518519405,False,False,False,False,False,0.2,0.12,0.18,False,False,True,True,True,31.609866095955024,31.70370301554025,31.609866095955024,31.70370301554025,False,False,False,False,0.7712683011610622,0.5752086840670394,0.5752086840670394,False,both,right,none,none,0,moving_average,4,2.0,peak,17,-1,-1,17,False,0.5711784865671196,False,False,False,False,False,False,False,,
frame_000181.jpg,31.662620494849275,31.76841383440492,181,True,0.0022880082978389634,0.0,4.458239333260394e-16,0.011440041489194816,False,False,False,False,False,0.2,0.12,0.18,False,False,True,True,True,31.662620494849275,31.76841383440492,31.662620494849275,31.76841383440492,False,False,False,False,0.7841841782485222,0.6003427723849964,0.6003427723849964,False,both,right,none,none,0,moving_average,4,2.0,peak,17,-1,-1,17,False,0.606783967456713,False,False,False,False,False,False,False,,
frame_000182.jpg,31.781167755374018,31.882875613274784,182,True,0.012401409852631657,0.016318812850809775,0.030024440896498465,0.16680244942499148,False,False,False,False,False,0.2,0.12,0.18,False,False,True,True,True,31.781167755374018,31.882875613274784,31.781167755374018,31.882875613274784,False,False,False,False,0.8132081436065947,0.6448004459181035,0.6448004459181035,False,both,right,none,none,0,moving_average,4,2.0,peak,17,-1,-1,17,False,0.6484874953605223,False,False,False,False,False,False,False,,
frame_000183.jpg,31.87143874561007,32.02581568651465,183,True,0.006987698717737226,0.00488702250140942,0.00580278041877038,0.04072518751174516,False,False,False,False,False,0.2,0.12,0.18,False,False,True,True,True,31.87143874561007,32.02581568651465,31.87143874561007,32.02581568651465,False,False,False,False,0.8353092202730038,0.7003192677784671,0.7003192677784671,False,both,right,none,none,0,moving_average,4,2.0,peak,17,-1,-1,17,False,0.6852470043452331,False,False,False,False,False,False,False,,
frame_000184.jpg,31.887814485510965,32.052339540884326,184,True,0.005969327155924498,0.002722592872795286,0.00031200150346304134,0.029846635779622488,False,False,False,False,False,0.2,0.12,0.18,False,False,True,True,True,31.887814485510965,32.052339540884326,31.887814485510965,32.052339540884326,False,False,False,False,0.8393184981381567,0.7106212993391289,0.7106212993391289,False,both,right,none,none,0,moving_average,4,2.0,peak,17,-1,-1,17,False,0.7142665472672316,False,False,False,False,False,False,False,,
frame_000185.jpg,31.835921031208123,32.10701882011862,185,True,0.00797760434222454,0.015421785030893635,0.0030014442727952922,0.12851487525744695,False,False,False,False,False,0.2,0.12,0.18,False,False,True,True,True,31.835921031208123,32.10701882011862,31.835921031208123,32.10701882011862,False,False,False,False,0.8266134064023418,0.7318590746840989,0.7318590746840989,False,both,right,none,none,0,moving_average,4,2.0,peak,17,-1,-1,17,False,0.7313659033957371,False,False,False,False,False,False,False,,
frame_000186.jpg,31.8675497939644,32.157888907926505,186,True,0.010582432549845778,0.006260589049612584,0.004186792943763403,0.052912162749228886,False,False,False,False,False,0.2,0.12,0.18,False,False,True,True,True,31.8675497939644,32.157888907926505,31.8675497939644,32.157888907926505,False,False,False,False,0.8343570869437009,0.7516173361639839,0.7516173361639839,False,both,right,none,none,0,moving_average,4,2.0,peak,17,-1,-1,17,False,0.7450312490040222,True,False,False,False,False,False,False,13,
frame_000187.jpg,31.8675497939644,32.157888907926505,187,True,0.0,0.0,0.0,0.0,False,False,False,False,False,0.2,0.12,0.18,False,False,True,True,True,31.8675497939644,32.157888907926505,31.8675497939644,32.157888907926505,False,False,False,False,0.8343570869437009,0.7516173361639839,0.7516173361639839,False,both,right,none,none,0,moving_average,4,2.0,peak,17,-1,-1,17,False,0.731981883057274,False,False,False,False,False,False,False,,
frame_000188.jpg,31.521227634377667,32.006227200538504,188,True,0.1151870426297688,0.021892875201715907,0.031033579774249205,0.575935213148844,False,False,False,False,False,0.2,0.12,0.18,False,False,True,True,True,31.521227634377667,32.006227200538504,31.521227634377667,32.006227200538504,False,False,False,False,0.7495669170309994,0.6927109768438543,0.6927109768438543,False,both,right,none,none,0,moving_average,4,2.0,peak,17,-1,-1,17,False,0.714344932834734,False,False,False,False,False,False,False,,
frame_000189.jpg,31.70597622164529,32.02166337906649,189,True,0.08163311013589383,0.07735780073466844,0.027672196674028166,0.6446483394555703,False,False,False,False,False,0.2,0.12,0.18,False,False,True,True,True,31.70597622164529,32.02166337906649,31.70597622164529,32.02166337906649,False,False,False,False,0.7947989753094713,0.6987064854963638,0.6987064854963638,False,both,right,none,none,0,moving_average,4,2.0,peak,17,-1,-1,17,False,0.6835650483374389,False,False,False,False,False,False,False,,
frame_000190.jpg,31.63673039241869,31.92014904978847,190,True,0.017735785603239983,0.01184154007332885,0.03300155391939017,0.18334196621883428,False,False,False,False,False,0.2,0.12,0.18,False,False,True,True,True,31.63673039241869,31.92014904978847,31.63673039241869,31.92014904978847,False,False,False,False,0.7778454958299152,0.6592776826720987,0.6592776826720987,False,both,right,none,none,0,moving_average,4,2.0,peak,17,-1,-1,17,False,0.6688953796856525,False,False,False,False,False,False,False,,
frame_000191.jpg,31.581647724887773,31.89292057183708,191,True,0.010939669998350453,0.01402534193285548,0.0195208764610317,0.11687784944046234,False,False,False,False,False,0.2,0.12,0.18,False,False,True,True,True,31.581647724887773,31.89292057183708,31.581647724887773,31.89292057183708,False,False,False,False,0.7643595879551068,0.6487019708884948,0.6487019708884948,False,both,right,none,none,0,moving_average,4,2.0,peak,17,-1,-1,17,False,0.6522947497351712,False,False,False,False,False,False,False,,
frame_000192.jpg,31.52579674455602,31.89344225433237,192,True,0.006760095044581377,0.03885953937210439,0.0020847325002375725,0.3238294947675366,False,False,False,False,False,0.2,0.12,0.18,False,False,True,True,True,31.52579674455602,31.89344225433237,31.52579674455602,31.89344225433237,False,False,False,False,0.7506855738008539,0.6489045956449202,0.6489045956449202,False,both,right,none,none,0,moving_average,4,2.0,peak,17,-1,-1,17,False,0.6536848363323022,False,False,False,False,False,False,False,,
frame_000193.jpg,31.467841122447943,31.930885899383554,193,True,0.02386207389668892,0.02640892320590759,0.04753020157033866,0.2640566753907703,False,False,False,False,False,0.2,0.12,0.18,False,False,True,True,True,31.467841122447943,31.930885899383554,31.467841122447943,31.930885899383554,False,False,False,False,0.7364962794981041,0.6634479424634917,0.6634479424634917,False,both,right,none,none,0,moving_average,4,2.0,peak,17,-1,-1,17,False,0.6469885141416263,False,False,False,False,False,False,False,,
frame_000194.jpg,31.547749794210144,31.841199042869103,194,True,0.018789005245190598,0.0674220017333363,0.028704934624743376,0.5618500144444692,False,False,False,False,False,0.2,0.12,0.18,False,False,True,True,True,31.547749794210144,31.841199042869103,31.547749794210144,31.841199042869103,False,False,False,False,0.7560603462742541,0.6286130043164673,0.6286130043164673,False,both,right,none,none,0,moving_average,4,2.0,peak,17,-1,-1,17,False,0.672765932571731,False,False,False,False,False,False,False,,
frame_000195.jpg,31.466175517049333,32.09254370974155,195,True,0.06474179508386908,0.07227984698504922,0.016234114521601777,0.6023320582087435,False,False,False,False,False,0.2,0.12,0.18,False,False,True,True,True,31.466175517049333,32.09254370974155,31.466175517049333,32.09254370974155,False,False,False,False,0.7360884887724856,0.7262368509352339,0.7262368509352339,False,both,right,none,none,0,moving_average,4,2.0,peak,17,-1,-1,17,False,0.6468326257119195,False,False,False,False,False,False,False,,
frame_000196.jpg,31.32861917059144,31.73058038184844,196,True,0.01871739158135787,0.0,0.0,0.09358695790678935,False,False,False,False,False,0.2,0.12,0.18,False,False,True,True,True,31.32861917059144,31.73058038184844,31.32861917059144,31.73058038184844,False,False,False,False,0.702410522561334,0.5856480218840574,0.5856480218840574,False,both,right,none,none,0,moving_average,4,2.0,peak,17,-1,-1,17,False,0.6203662534298819,False,False,False,False,False,False,False,,
frame_000197.jpg,31.145421649354983,31.63677619676281,197,True,0.003205956196451982,0.0,0.0,0.01602978098225991,False,False,False,False,False,0.2,0.12,0.18,False,False,True,True,True,31.145421649354983,31.63677619676281,31.145421649354983,31.63677619676281,False,False,False,False,0.6575582122969229,0.5492138874703545,0.5492138874703545,False,both,right,none,none,0,moving_average,4,2.0,peak,17,-1,-1,17,False,0.5560151581406712,False,False,False,False,False,False,False,,
frame_000198.jpg,31.08432431642455,31.59550414916657,198,True,0.005571995067607101,0.0,0.0,0.027859975338035504,False,False,False,False,False,0.2,0.12,0.18,False,False,True,True,True,31.08432431642455,31.59550414916657,31.08432431642455,31.59550414916657,False,False,False,False,0.642599731885025,0.5331835650676015,0.5331835650676015,False,both,right,none,none,0,moving_average,4,2.0,peak,17,-1,-1,17,False,0.5369598150346924,False,False,False,False,False,False,False,,
frame_000199.jpg,31.203632041840518,31.583399369288596,199,True,0.06812488171853688,0.0,4.458239333260394e-16,0.3406244085926844,False,False,False,False,False,0.2,0.12,0.18,False,False,True,True,True,31.203632041840518,31.583399369288596,31.203632041840518,31.583399369288596,False,False,False,False,0.6718098821162127,0.5284819925661214,0.5284819925661214,False,both,right,none,none,0,moving_average,4,2.0,peak,17,-1,-1,17,False,0.5404313461562276,False,False,False,False,False,False,False,,
frame_000200.jpg,31.30373863959677,31.663589855417964,200,True,0.051942719265099045,0.06361854299643566,0.03653597029095689,0.5301545249702971,False,False,False,False,False,0.2,0.12,0.18,False,False,True,True,True,31.30373863959677,31.663589855417964,31.30373863959677,31.663589855417964,False,False,False,False,0.6963190138543143,0.55962848083496,0.55962848083496,False,both,right,none,none,0,moving_average,4,2.0,peak,17,-1,-1,17,False,0.5782240417323162,False,False,False,False,False,False,False,,
frame_000201.jpg,31.74473030801741,31.887410055626447,201,True,0.07257894744616937,0.036480115345866135,0.05485378823226646,0.3628947372308468,False,False,False,False,False,0.2,0.12,0.18,False,False,True,True,True,31.74473030801741,31.887410055626447,31.74473030801741,31.887410055626447,False,False,False,False,0.8042871512096927,0.6465616517958673,0.6465616517958673,False,both,right,none,none,0,moving_average,4,2.0,peak,17,-1,-1,17,False,0.6288808710826856,False,False,False,False,False,False,False,,
frame_000202.jpg,31.76380285203478,31.974666185918068,202,True,0.028498404092590617,0.013770587251011048,0.005422438730085237,0.1424920204629531,False,False,False,False,False,0.2,0.12,0.18,False,False,True,True,True,31.76380285203478,31.974666185918068,31.76380285203478,31.974666185918068,False,False,False,False,0.8089566885267099,0.6804524806172295,0.6804524806172295,False,both,right,none,none,0,moving_average,4,2.0,peak,17,-1,-1,17,False,0.6686690024064258,False,False,False,False,False,False,False,,
frame_000203.jpg,31.73387057409525,31.97090825023893,203,True,0.012058937497199036,0.02552407375192748,0.012068064121841755,0.21270061459939568,False,False,False,False,False,0.2,0.12,0.18,False,False,True,True,True,31.73387057409525,31.97090825023893,31.73387057409525,31.97090825023893,False,False,False,False,0.8016283589292176,0.6789928748061805,0.6789928748061805,False,both,right,none,none,0,moving_average,4,2.0,peak,17,-1,-1,17,False,0.6819553058404074,True,False,False,False,False,False,False,14,
frame_000204.jpg,31.573568338877188,31.990031749799837,204,True,0.010688538340595695,0.03757200424873118,0.012565508446115065,0.31310003540609316,False,False,False,False,False,0.2,0.12,0.18,False,False,True,True,True,31.573568338877188,31.990031749799837,31.573568338877188,31.990031749799837,False,False,False,False,0.7623815091817319,0.6864205620978122,0.6864205620978122,False,both,right,none,none,0,moving_average,4,2.0,peak,17,-1,-1,17,False,0.6801406629827236,False,False,False,False,False,False,False,,
frame_000205.jpg,31.41624426401312,31.96065011852201,205,True,0.017874038617179008,0.015411397470382223,0.0016340981217436714,0.12842831225318518,False,False,False,False,False,0.2,0.12,0.18,False,False,True,True,True,31.41624426401312,31.96065011852201,31.41624426401312,31.96065011852201,False,False,False,False,0.7238638034276417,0.6750085520441783,0.6750085520441783,False,both,right,none,none,0,moving_average,4,2.0,peak,17,-1,-1,17,False,0.6614244235867578,False,False,False,False,False,False,False,,
frame_000206.jpg,31.239377997008926,31.82634643100061,206,True,0.011052686131435716,0.0020402650015488052,0.002281148022137372,0.05526343065717858,False,False,False,False,False,0.2,0.12,0.18,False,False,True,True,True,31.239377997008926,31.82634643100061,31.239377997008926,31.82634643100061,False,False,False,False,0.6805615762499002,0.622844156618283,0.622844156618283,False,both,right,none,none,0,moving_average,4,2.0,peak,17,-1,-1,17,False,0.6386485857606355,False,False,False,False,False,False,False,,
frame_000207.jpg,31.1328450844118,31.814114115858324,207,True,0.017604846980726344,0.01838752718055489,0.006955403528145818,0.15322939317129078,False,False,False,False,False,0.2,0.12,0.18,False,False,True,True,True,31.1328450844118,31.814114115858324,31.1328450844118,31.814114115858324,False,False,False,False,0.6544790877045984,0.6180930486194455,0.6180930486194455,False,both,right,none,none,0,moving_average,4,2.0,peak,17,-1,-1,17,False,0.6145604916105261,False,False,False,False,False,False,False,,
frame_000208.jpg,31.19693070272442,31.774596785977312,208,True,0.05045253148051084,0.10226429973932528,0.05234996358845296,0.8522024978277107,False,False,False,False,False,0.2,0.12,0.18,False,False,True,True,True,31.19693070272442,31.774596785977312,31.19693070272442,31.774596785977312,False,False,False,False,0.6701691910239227,0.60274426959385,0.60274426959385,False,both,right,none,none,0,moving_average,4,2.0,peak,17,-1,-1,17,False,0.5917908590988085,False,False,False,False,False,False,False,,
frame_000209.jpg,31.045021275730925,31.65047672610725,209,True,0.005463928233324755,0.000804928454289791,0.007016291733366565,0.03897939851870314,False,False,False,False,False,0.2,0.12,0.18,False,False,True,True,True,31.045021275730925,31.65047672610725,31.045021275730925,31.65047672610725,False,False,False,False,0.632977155315062,0.5545352590831301,0.5545352590831301,False,both,right,none,none,0,moving_average,4,2.0,peak,17,-1,-1,17,False,0.5639636416321115,False,False,False,False,False,False,False,,
frame_000210.jpg,30.96584612311284,31.599180277055577,210,True,0.009686932733239667,0.0,0.0,0.048434663666198335,False,False,False,False,False,0.2,0.12,0.18,False,False,True,True,True,30.96584612311284,31.599180277055577,30.96584612311284,31.599180277055577,False,False,False,False,0.6135926762757697,0.5346113962193547,0.5346113962193547,False,both,right,none,none,0,moving_average,4,2.0,peak,17,-1,-1,17,False,0.5412526838406131,False,False,False,False,False,False,False,,
frame_000211.jpg,30.96584612311284,31.599180277055577,211,True,0.0,0.0,0.0,0.0,False,False,False,False,False,0.2,0.12,0.18,False,False,True,True,True,30.96584612311284,31.599180277055577,30.96584612311284,31.599180277055577,False,False,False,False,0.6135926762757697,0.5346113962193547,0.5346113962193547,False,both,right,none,none,0,moving_average,4,2.0,peak,17,-1,-1,17,False,0.5426117947634789,False,False,False,False,False,False,False,,
frame_000212.jpg,30.97272920060797,31.66097432358928,212,True,0.004126146871505659,0.0,4.458239333260394e-16,0.020630734357528293,False,False,False,False,False,0.2,0.12,0.18,False,False,True,True,True,30.97272920060797,31.66097432358928,30.97272920060797,31.66097432358928,False,False,False,False,0.615277862436051,0.5586125918517273,0.5586125918517273,False,both,right,none,none,0,moving_average,4,2.0,peak,17,-1,-1,17,False,0.5933597267855797,False,False,False,False,False,False,False,,
frame_000213.jpg,31.13919973145768,31.99115075897188,213,True,0.02262507836886777,0.0,4.458239333260394e-16,0.11312539184433884,False,False,False,False,False,0.2,0.12,0.18,False,False,True,True,True,31.13919973145768,31.99115075897188,31.13919973145768,31.99115075897188,False,False,False,False,0.6560348980616318,0.6868551922856571,0.6868551922856571,False,both,right,none,none,0,moving_average,4,2.0,peak,17,-1,-1,17,False,0.6436759992294478,False,False,False,False,False,False,False,,
frame_000214.jpg,31.20870203875775,31.98781667606127,214,True,0.003791334520867845,0.0,0.0,0.018956672604339222,False,False,False,False,False,0.2,0.12,0.18,False,False,True,True,True,31.20870203875775,31.98781667606127,31.20870203875775,31.98781667606127,False,False,False,False,0.6730511711535124,0.6855602135509593,0.6855602135509593,False,both,right,none,none,0,moving_average,4,2.0,peak,17,-1,-1,17,False,0.7067291054149684,False,False,False,False,False,False,False,,
frame_000215.jpg,31.28322833274116,32.147988383730585,215,True,0.005990599490328087,0.03707125282359986,0.010972807043209857,0.3089271068633322,False,False,False,False,False,0.2,0.12,0.18,False,False,True,True,True,31.28322833274116,32.147988383730585,31.28322833274116,32.147988383730585,False,False,False,False,0.6912974685817738,0.7477719104082887,0.7477719104082887,False,both,right,none,none,0,moving_average,4,2.0,peak,17,-1,-1,17,False,0.7221215983055309,False,False,False,False,False,False,False,,
frame_000216.jpg,31.265806838130484,32.11004038887009,216,True,0.017092850633737795,0.015020596642970528,0.007188172651625647,0.12517163869142106,False,False,False,False,False,0.2,0.12,0.18,False,False,True,True,True,31.265806838130484,32.11004038887009,31.265806838130484,32.11004038887009,False,False,False,False,0.6870321582420162,0.7330326709573446,0.7330326709573446,False,both,right,none,none,0,moving_average,4,2.0,peak,17,-1,-1,17,False,0.7369339393372097,False,False,False,False,False,False,False,,
frame_000217.jpg,31.24194775533656,32.10222528782435,217,True,0.004809727338307332,0.0073718258542517364,0.006575763930521696,0.06143188211876447,False,False,False,False,False,0.2,0.12,0.18,False,False,True,True,True,31.24194775533656,32.10222528782435,31.24194775533656,32.10222528782435,False,False,False,False,0.6811907310388826,0.729997236645996,0.729997236645996,False,both,right,none,none,0,moving_average,4,2.0,peak,17,-1,-1,17,False,0.7360952682937804,False,False,False,False,False,False,False,,
frame_000218.jpg,31.28024975762851,32.14151059675556,218,True,0.007982537483618499,0.002789017431792912,0.0021789900690700544,0.03991268741809249,False,False,False,False,False,0.2,0.12,0.18,False,False,True,True,True,31.28024975762851,32.14151059675556,31.28024975762851,32.14151059675556,False,False,False,False,0.6905682230428782,0.7452558972780006,0.7452558972780006,False,both,right,none,none,0,moving_average,4,2.0,peak,17,-1,-1,17,False,0.7388210606312279,True,False,False,False,False,False,False,15,
frame_000219.jpg,31.18935989580639,32.13109405733579,219,True,0.0007045037680469478,0.00033119789825271085,0.0055198620827329545,0.030665900459627526,False,False,False,False,False,0.2,0.12,0.18,False,False,True,True,True,31.18935989580639,32.13109405733579,31.18935989580639,32.13109405733579,False,False,False,False,0.668315627839511,0.741210047969687,0.741210047969687,False,both,right,none,none,0,moving_average,4,2.0,peak,17,-1,-1,17,False,0.7176020338152878,False,False,False,False,False,False,False,,
frame_000220.jpg,31.167674147993868,31.93833226134168,220,True,0.008856033187842387,0.012221010792837567,0.007019526308443007,0.10184175660697974,False,False,False,False,False,0.2,0.12,0.18,False,False,True,True,True,31.167674147993868,31.93833226134168,31.167674147993868,31.93833226134168,False,False,False,False,0.6630062989651994,0.6663401561981757,0.6663401561981757,False,both,right,none,none,0,moving_average,4,2.0,peak,17,-1,-1,17,False,0.6726587507260494,False,False,False,False,False,False,False,,
frame_000221.jpg,31.09595989708984,31.794374474564066,221,True,0.0038490182905117293,0.0,0.0,0.019245091452558646,False,False,False,False,False,0.2,0.12,0.18,False,False,True,True,True,31.09595989708984,31.794374474564066,31.09595989708984,31.794374474564066,False,False,False,False,0.6454484749825511,0.6104260480102855,0.6104260480102855,False,both,right,none,none,0,moving_average,4,2.0,peak,17,-1,-1,17,False,0.607048670326914,False,False,False,False,False,False,False,,
frame_000222.jpg,31.00026308623674,31.62433025814459,222,True,0.013283626248985254,0.0,0.0,0.06641813124492627,False,False,False,False,False,0.2,0.12,0.18,False,False,True,True,True,31.00026308623674,31.62433025814459,31.00026308623674,31.62433025814459,False,False,False,False,0.6220189928436639,0.544379806772281,0.544379806772281,False,both,right,none,none,0,moving_average,4,2.0,peak,17,-1,-1,17,False,0.5555244032763861,False,False,False,False,False,False,False,,
frame_000223.jpg,30.964000397948663,31.54036546779068,223,True,0.01210872807237482,0.0,0.0,0.0605436403618741,False,False,False,False,False,0.2,0.12,0.18,False,False,True,True,True,30.964000397948663,31.54036546779068,30.964000397948663,31.54036546779068,False,False,False,False,0.6131407867678346,0.5117673550465919,0.5117673550465919,False,both,right,none,none,0,moving_average,4,2.0,peak,17,-1,-1,17,False,0.5226688083010305,False,False,False,False,False,False,False,,
frame_000224.jpg,30.92490162083055,31.54060209640039,224,True,0.006776800184811165,0.0,0.0,0.03388400092405582,False,False,False,False,False,0.2,0.12,0.18,False,False,True,True,True,30.92490162083055,31.54060209640039,30.92490162083055,31.54060209640039,False,False,False,False,0.6035682201172348,0.5118592630842188,0.5118592630842188,False,both,right,none,none,0,moving_average,4,2.0,peak,17,-1,-1,17,False,0.5482363718972616,False,False,False,False,False,False,False,,
frame_000225.jpg,31.09103131992119,31.82181082188216,225,True,0.02827733732553894,0.0,0.0,0.14138668662769469,False,False,False,False,False,0.2,0.12,0.18,False,False,True,True,True,31.09103131992119,31.82181082188216,31.09103131992119,31.82181082188216,False,False,False,False,0.6442418097894934,0.6210824975609741,0.6210824975609741,False,both,right,none,none,0,moving_average,4,2.0,peak,17,-1,-1,17,False,0.5893447650487249,False,False,False,False,False,False,False,,
frame_000226.jpg,31.171548372944955,31.85788139469321,226,True,0.007570452461699828,0.0,0.0,0.037852262308499134,False,False,False,False,False,0.2,0.12,0.18,False,False,True,True,True,31.171548372944955,31.85788139469321,31.171548372944955,31.85788139469321,False,False,False,False,0.6639548267529525,0.6350925345009818,0.6350925345009818,False,both,right,none,none,0,moving_average,4,2.0,peak,17,-1,-1,17,False,0.6320400145887874,False,False,False,False,False,False,False,,
frame_000227.jpg,31.247813435343136,31.870374697389668,227,True,0.005696064966460532,0.0,0.0,0.02848032483230266,False,False,False,False,False,0.2,0.12,0.18,False,False,True,True,True,31.247813435343136,31.870374697389668,31.247813435343136,31.870374697389668,False,False,False,False,0.6826268274324965,0.6399450117044067,0.6399450117044067,False,both,right,none,none,0,moving_average,4,2.0,peak,17,-1,-1,17,False,0.638327519303265,False,False,False,False,False,False,False,,
frame_000228.jpg,31.247813435343136,31.870374697389668,228,True,0.0,0.0,0.0,0.0,False,False,False,False,False,0.2,0.12,0.18,False,False,True,True,True,31.247813435343136,31.870374697389668,31.247813435343136,31.870374697389668,False,False,False,False,0.6826268274324965,0.6399450117044067,0.6399450117044067,False,both,right,none,none,0,moving_average,4,2.0,peak,17,-1,-1,17,False,0.6499820701215895,False,False,False,False,False,False,False,,
frame_000229.jpg,31.22210914983249,31.94789964211238,229,True,0.006365390404057896,0.0,4.458239333260394e-16,0.03182695202028948,False,False,False,False,False,0.2,0.12,0.18,False,False,True,True,True,31.22210914983249,31.94789964211238,31.22210914983249,31.94789964211238,False,False,False,False,0.6763336386324122,0.6700561869559554,0.6700561869559554,False,both,right,none,none,0,moving_average,4,2.0,peak,17,-1,-1,17,False,0.695777334633267,False,False,False,False,False,False,False,,
frame_000230.jpg,31.32191158433695,32.224091414207,230,True,0.018491473671343225,0.036757014223606325,0.0074856249992806875,0.30630845186338607,False,False,False,False,False,0.2,0.12,0.18,False,False,True,True,True,31.32191158433695,32.224091414207,31.32191158433695,32.224091414207,False,False,False,False,0.7007683019800659,0.777330805239439,0.777330805239439,False,both,right,none,none,0,moving_average,4,2.0,peak,17,-1,-1,17,False,0.7380754881082563,True,False,False,False,False,False,False,16,
frame_000231.jpg,31.2938304546926,32.19708017958628,231,True,0.006567359594723199,0.002604587032507731,0.0029934371574364873,0.032836797973615994,False,False,False,False,False,0.2,0.12,0.18,False,False,True,True,True,31.2938304546926,32.19708017958628,31.2938304546926,32.19708017958628,False,False,False,False,0.6938931896374824,0.7668394721293748,0.7668394721293748,False,both,right,none,none,0,moving_average,4,2.0,peak,17,-1,-1,17,False,0.723339735316175,False,False,False,False,False,False,False,,
frame_000232.jpg,31.224888010268916,31.83408258803427,232,True,0.013821437684203592,0.034152427191098754,0.010479062156716729,0.284603559925823,False,False,False,False,False,0.2,0.12,0.18,False,False,True,True,True,31.224888010268916,31.83408258803427,31.224888010268916,31.83408258803427,False,False,False,False,0.6770139879604753,0.6258489285797115,0.6258489285797115,False,both,right,none,none,0,moving_average,4,2.0,peak,17,-1,-1,17,False,0.6615478249144319,False,False,False,False,False,False,False,,
frame_000233.jpg,31.056157515358244,31.74681866764164,233,True,0.009483693946765452,0.0,0.0,0.04741846973382726,False,False,False,False,False,0.2,0.12,0.18,False,False,True,True,True,31.056157515358244,31.74681866764164,31.056157515358244,31.74681866764164,False,False,False,False,0.6357036445796119,0.5919550740342093,0.5919550740342093,False,both,right,none,none,0,moving_average,4,2.0,peak,17,-1,-1,17,False,0.595511896136443,False,False,False,False,False,False,False,,
frame_000234.jpg,30.934523369433972,31.687027182439,234,True,0.005415430570400607,0.0,0.0,0.02707715285200303,False,False,False,False,False,0.2,0.12,0.18,False,False,True,True,True,30.934523369433972,31.687027182439,30.934523369433972,31.687027182439,False,False,False,False,0.6059239160389598,0.5687316857954082,0.5687316857954082,False,both,right,none,none,0,moving_average,4,2.0,peak,17,-1,-1,17,False,0.5764728152083419,False,False,False,False,False,False,False,,
frame_000235.jpg,30.934523369433972,31.687027182439,235,True,0.0,0.0,0.0,0.0,False,False,False,False,False,0.2,0.12,0.18,False,False,True,True,True,30.934523369433972,31.687027182439,30.934523369433972,31.687027182439,False,False,False,False,0.6059239160389598,0.5687316857954082,0.5687316857954082,False,both,right,none,none,0,moving_average,4,2.0,peak,17,-1,-1,17,False,0.5384292917590423,False,False,False,False,False,False,False,,
frame_000236.jpg,30.89773299622812,31.452975399038657,236,True,0.009291469991262596,0.0,0.0,0.04645734995631298,False,False,False,False,False,0.2,0.12,0.18,False,False,True,True,True,30.89773299622812,31.452975399038657,30.89773299622812,31.452975399038657,False,False,False,False,0.5969165166886029,0.4778245036863104,0.4778245036863104,False,both,right,none,none,0,moving_average,4,2.0,peak,17,-1,-1,17,False,0.4763110927531017,False,False,False,False,False,False,False,,
frame_000237.jpg,30.72870991909622,31.207234224776656,237,True,0.02246288524573667,0.0,0.0,0.11231442622868335,False,False,False,False,False,0.2,0.12,0.18,False,False,True,True,True,30.72870991909622,31.207234224776656,30.72870991909622,31.207234224776656,False,False,False,False,0.5555345403048704,0.3823770887775867,0.3823770887775867,False,both,right,none,none,0,moving_average,4,2.0,peak,17,-1,-1,17,False,0.4063287451716987,False,False,False,False,False,False,False,,
frame_000238.jpg,30.665988111837265,31.146492555428573,238,True,0.017176943474762573,0.0,4.458239333260394e-16,0.08588471737381285,False,False,False,False,False,0.2,0.12,0.18,False,False,True,True,True,30.665988111837265,31.146492555428573,30.665988111837265,31.146492555428573,False,False,False,False,0.5401783393009704,0.3587846430511993,0.3587846430511993,False,both,right,none,none,0,moving_average,4,2.0,peak,17,-1,-1,17,False,0.3903040232227405,False,False,False,False,False,False,False,,
frame_000239.jpg,30.68446203460265,31.329202513432747,239,True,0.00504630205046077,0.0,4.458239333260394e-16,0.02523151025230385,False,False,False,False,False,0.2,0.12,0.18,False,False,True,True,True,30.68446203460265,31.329202513432747,30.68446203460265,31.329202513432747,False,False,False,False,0.5447013159770809,0.42975033783943556,0.42975033783943556,False,both,right,none,none,0,moving_average,4,2.0,peak,17,-1,-1,17,False,0.49985318664338196,False,False,False,False,False,False,False,,
frame_000240.jpg,31.064721876666205,32.053377834349085,240,True,0.031119379916438934,0.07734963755535243,0.0016089390622902947,0.6445803129612703,False,False,False,False,False,0.2,0.12,0.18,False,False,True,True,True,31.064721876666205,32.053377834349085,31.064721876666205,32.053377834349085,False,False,False,False,0.6378004600168983,0.711024579039511,0.711024579039511,False,both,right,none,none,0,moving_average,4,2.0,peak,17,-1,-1,17,False,0.6172664986394858,False,False,False,False,False,False,False,,
frame_000241.jpg,31.064721876666205,32.053377834349085,241,True,0.0,0.0,0.0,0.0,False,False,False,False,False,0.2,0.12,0.18,False,False,True,True,True,31.064721876666205,32.053377834349085,31.064721876666205,32.053377834349085,False,False,False,False,0.6378004600168983,0.711024579039511,0.711024579039511,False,both,right,none,none,0,moving_average,4,2.0,peak,17,-1,-1,17,False,0.7130357046262038,True,False,False,False,False,False,False,17,
frame_000242.jpg,31.035684281684983,32.06891150900339,242,True,0.005297569192922515,0.021079442163012895,0.004828534478671549,0.17566201802510747,False,False,False,False,False,0.2,0.12,0.18,False,False,True,True,True,31.035684281684983,32.06891150900339,31.035684281684983,32.06891150900339,False,False,False,False,0.6306911759466786,0.7170579557995895,0.7170579557995895,False,both,right,none,none,0,moving_average,4,2.0,peak,17,-1,-1,17,False,0.706434363803884,False,False,False,False,False,False,False,,
frame_000243.jpg,31.20307364585697,32.00238992922043,243,True,0.020980400412534413,0.002254805595529503,0.0016844152522685202,0.10490200206267206,False,False,False,False,False,0.2,0.12,0.18,False,False,True,True,True,31.20307364585697,32.00238992922043,31.20307364585697,32.00238992922043,False,False,False,False,0.6716731698412028,0.6912205565725518,0.6912205565725518,False,both,right,none,none,0,moving_average,4,2.0,peak,17,-1,-1,17,False,0.6949073671782002,False,False,False,False,False,False,False,,
frame_000244.jpg,31.203340310917504,31.964344799063053,244,True,0.008828946613253659,0.006267309059808725,0.007758301982710415,0.052227575498406044,False,False,False,False,False,0.2,0.12,0.18,False,False,True,True,True,31.203340310917504,31.964344799063053,31.203340310917504,31.964344799063053,False,False,False,False,0.6717384575369695,0.6764435891624596,0.6764435891624596,False,both,right,none,none,0,moving_average,4,2.0,peak,17,-1,-1,17,False,0.6769646372712714,False,False,False,False,False,False,False,,
frame_000245.jpg,31.211308421704626,31.930324177297933,245,True,0.007896110986510177,0.016253737397423074,0.0026089492121678273,0.1354478116451923,False,False,False,False,False,0.2,0.12,0.18,False,False,True,True,True,31.211308421704626,31.930324177297933,31.211308421704626,31.930324177297933,False,False,False,False,0.6736892927602468,0.663229766078803,0.663229766078803,False,both,right,none,none,0,moving_average,4,2.0,peak,17,-1,-1,17,False,0.6628975565984168,False,False,False,False,False,False,False,,
frame_000246.jpg,31.16108501237208,31.89373761235177,246,True,0.003605475575015011,0.008515360240176078,0.0038952172366797846,0.07096133533480066,False,False,False,False,False,0.2,0.12,0.18,False,False,True,True,True,31.16108501237208,31.89373761235177,31.16108501237208,31.89373761235177,False,False,False,False,0.6613930786918681,0.6490193145539878,0.6490193145539878,False,both,right,none,none,0,moving_average,4,2.0,peak,17,-1,-1,17,False,0.6584932586448371,False,False,False,False,False,False,False,,
frame_000247.jpg,31.159432984382224,31.930326569697257,247,True,0.02572300041718875,0.01509082636613542,0.006157754928330443,0.12861500208594376,False,False,False,False,False,0.2,0.12,0.18,False,False,True,True,True,31.159432984382224,31.930326569697257,31.159432984382224,31.930326569697257,False,False,False,False,0.6609886121277662,0.6632306953017205,0.6632306953017205,False,both,right,none,none,0,moving_average,4,2.0,peak,17,-1,-1,17,False,0.5814195740385713,False,False,False,False,False,False,False,,
frame_000248.jpg,31.26130087487229,31.33501697768581,248,True,0.19177143829306117,0.001582633683888458,0.019703678105456115,0.9588571914653058,False,False,False,False,True,0.2,0.12,0.18,False,False,True,True,True,31.26130087487229,31.33501697768581,31.26130087487229,31.33501697768581,False,False,True,True,0.6859289617536988,0.43200871226000537,0.43200871226000537,False,both,right,none,none,0,moving_average,4,2.0,peak,17,-1,-1,17,False,0.5356338743937504,False,False,False,False,False,False,False,,
frame_000249.jpg,31.33678171924213,31.540094773332445,249,True,0.3028403281395468,0.06377042399457676,0.035842485826662926,1.5142016406977339,True,False,False,True,True,0.2,0.12,0.18,False,False,True,True,True,31.33678171924213,31.540094773332445,31.33678171924213,31.540094773332445,False,False,True,True,0.7044089620716396,0.5116622156195256,0.5116622156195256,False,both,right,none,none,0,moving_average,4,2.0,peak,17,-1,-1,17,False,0.3701125256573761,False,False,False,False,False,False,False,,
frame_000250.jpg,30.86776253683341,30.6518610195468,250,True,0.2478053701867266,0.01789202506139106,0.056255412387969835,1.2390268509336329,True,False,False,True,True,0.2,0.12,0.18,False,False,True,True,True,30.86776253683341,30.6518610195468,30.86776253683341,30.6518610195468,False,False,True,True,0.5895788391126958,0.16666664909259743,0.16666664909259743,False,both,right,none,none,0,moving_average,4,2.0,peak,17,-1,-1,17,False,0.3211544346833704,False,False,False,False,False,False,False,,
frame_000251.jpg,30.693345817517105,30.95687099718702,251,True,0.10156749416626812,0.053538853106636176,0.00813303913996058,0.5078374708313406,False,False,False,False,True,0.2,0.12,0.18,False,False,True,True,True,30.693345817517105,30.95687099718702,30.693345817517105,30.95687099718702,False,False,True,True,0.5468763355128887,0.28513443933798815,0.28513443933798815,False,both,right,none,none,0,moving_average,4,2.0,peak,17,-1,-1,17,False,0.2456451759228579,False,False,False,False,False,False,False,,
frame_000252.jpg,30.693345817517105,30.95687099718702,252,True,0.0,0.0,0.0,0.0,False,False,False,False,False,0.2,0.12,0.18,False,False,True,True,True,30.693345817517105,30.95687099718702,30.693345817517105,30.95687099718702,False,False,False,False,0.5468763355128887,0.28513443933798815,0.28513443933798815,False,both,right,none,none,0,moving_average,4,2.0,peak,17,-1,-1,17,False,0.2709921746118505,False,False,False,False,False,False,False,,
frame_000253.jpg,30.665833984274084,30.847637968387385,253,True,0.009194082061491556,0.012872886304826695,0.004797543343099802,0.10727405254022246,False,False,False,False,False,0.2,0.12,0.18,False,False,True,True,True,30.665833984274084,30.847637968387385,30.665833984274084,30.847637968387385,False,False,False,False,0.5401406041982383,0.24270764515957516,0.24270764515957516,False,both,right,none,none,0,moving_average,4,2.0,peak,17,-1,-1,17,False,0.2788621508033785,False,False,False,False,False,False,False,,
frame_000254.jpg,30.901620726342,31.01765767829,254,True,0.03030885119744473,0.061934257196324886,0.0031054657887414315,0.5161188099693741,False,False,False,False,False,0.2,0.12,0.18,False,False,True,True,True,30.901620726342,31.01765767829,30.901620726342,31.01765767829,False,False,False,False,0.5978683509498692,0.3087443679125723,0.3087443679125723,False,both,right,none,none,0,moving_average,4,2.0,peak,17,-1,-1,17,False,0.33076575008773657,False,False,False,False,False,False,False,,
frame_000255.jpg,31.19068091201604,31.35776770398919,255,True,0.08411394580006785,0.04542878353760999,0.016063093636679182,0.42056972900033923,False,False,False,False,False,0.2,0.12,0.18,False,False,True,True,True,31.19068091201604,31.35776770398919,31.19068091201604,31.35776770398919,False,False,False,False,0.668639052678994,0.4408452371910624,0.4408452371910624,False,both,right,none,none,0,moving_average,4,2.0,peak,17,-1,-1,17,False,0.41242281506143186,False,False,False,False,False,False,False,,
frame_000256.jpg,31.310913640932046,31.4783466068334,256,True,0.10223808104065621,0.02633804302265696,0.008401780377729153,0.511190405203281,False,False,False,False,False,0.2,0.12,0.18,False,False,True,True,True,31.310913640932046,31.4783466068334,31.310913640932046,31.4783466068334,False,False,False,False,0.6980756718258051,0.48767884008066087,0.48767884008066087,False,both,right,none,none,0,moving_average,4,2.0,peak,17,-1,-1,17,False,0.47622042007725424,False,False,False,False,False,False,False,,
frame_000257.jpg,31.120838422797647,31.51042215137764,257,True,0.030243756120355098,0.030734369798214478,0.019605387324910968,0.256119748318454,False,False,False,False,False,0.2,0.12,0.18,False,False,True,True,True,31.120838422797647,31.51042215137764,31.120838422797647,31.51042215137764,False,False,False,False,0.651539492734518,0.5001371829600395,0.5001371829600395,False,both,right,none,none,0,moving_average,4,2.0,peak,17,-1,-1,17,False,0.49969066730157463,False,False,False,False,False,False,False,,
frame_000258.jpg,31.506567158179912,31.53904886656356,258,True,0.032144180891222125,0.06489595589322499,0.025975046176161566,0.5407996324435416,False,False,False,False,False,0.2,0.12,0.18,False,False,True,True,True,31.506567158179912,31.53904886656356,31.506567158179912,31.53904886656356,False,False,False,False,0.7459775877507361,0.5112559788640235,0.5112559788640235,False,both,right,none,none,0,moving_average,4,2.0,peak,17,-1,-1,17,False,0.5179183239027347,False,False,False,False,False,False,False,,
frame_000259.jpg,31.481110561212528,31.61913467557776,259,True,0.06562462204202603,0.0018063402310831557,0.008674887563719244,0.32812311021013013,False,False,False,False,False,0.2,0.12,0.18,False,False,True,True,True,31.481110561212528,31.61913467557776,31.481110561212528,31.61913467557776,False,False,False,False,0.7397450406193617,0.5423618098841414,0.5423618098841414,False,both,right,none,none,0,moving_average,4,2.0,peak,17,-1,-1,17,False,0.5604123914735152,False,False,False,False,False,False,False,,
frame_000260.jpg,31.52862943636687,31.838640848782862,260,True,0.12474744371326035,0.06690582687461451,0.019573706674395185,0.6237372185663017,False,False,False,False,False,0.2,0.12,0.18,False,False,True,True,True,31.52862943636687,31.838640848782862,31.52862943636687,31.838640848782862,False,False,False,False,0.7513791026822834,0.6276193856723806,0.6276193856723806,False,both,right,none,none,0,moving_average,4,2.0,peak,17,-1,-1,17,False,,False,False,False,False,False,False,False,,
