frame_name,left_temp,right_temp,frame_index,motion_coordinate_valid,motion_center_step_norm,motion_scale_step_log,motion_angle_step_rad,motion_score,motion_center_flag,motion_scale_flag,motion_angle_flag,motion_artifact_raw,motion_artifact,motion_center_threshold,motion_scale_threshold,motion_angle_threshold,left_missing_raw,right_missing_raw,left_quality_valid,right_quality_valid,quality_any_valid,left_temp_motion_filtered,right_temp_motion_filtered,left_temp_used,right_temp_used,left_repaired,right_repaired,left_motion_interpolated,right_motion_interpolated,left_norm,right_norm,fused_norm,fused_repaired,fusion_source,selected_fusion_mode,peak_retune_rule,edge_peak_completion,edge_peak_added,smoothing_method,butterworth_order,butterworth_cutoff_hz,rr_estimator,time_peak_count,spectral_count,autocorr_count,joint_count,joint_adjusted,smoothed_norm,is_peak,source_peak_rejected,quality_peak_rejected,mad_ibi_peak_rejected,motion_peak_rejected,motion_interval_peak_rejected,motion_reconstructed_peak,peak_number,event_source
frame_000000.jpg,30.011020783535223,31.143408105313814,0,True,,,,0.0,False,False,False,False,False,0.2,0.12,0.18,False,False,True,True,True,30.011020783535223,31.143408105313814,30.011020783535223,31.143408105313814,False,False,False,False,0.22361363697867323,0.5331018574790826,0.5331018574790826,False,both,right,none,none,0,moving_average,4,2.0,peak,18,-1,-1,18,False,,False,False,False,False,False,False,False,,
frame_000001.jpg,29.41070484668672,31.636833747080825,1,True,0.10135386988321489,0.010267432244461333,0.03936280303770147,0.5067693494160744,False,False,False,False,False,0.2,0.12,0.18,False,False,True,True,True,29.41070484668672,31.636833747080825,29.41070484668672,31.636833747080825,False,False,False,False,0.02199051695955198,0.7615982491835153,0.7615982491835153,False,both,right,none,none,0,moving_average,4,2.0,peak,18,-1,-1,18,False,0.6587730011278762,False,False,False,False,False,False,False,,
frame_000002.jpg,29.57520535718632,31.46412264638231,2,True,0.04028654918267894,0.0,0.0,0.2014327459133947,False,False,False,False,False,0.2,0.12,0.18,False,False,True,True,True,29.57520535718632,31.46412264638231,29.57520535718632,31.46412264638231,False,False,False,False,0.07723993503395127,0.6816188967210308,0.6816188967210308,False,both,right,none,none,0,moving_average,4,2.0,peak,18,-1,-1,18,False,0.713517114106912,False,False,False,False,False,False,False,,
frame_000003.jpg,29.752593613678428,31.49805898900813,3,True,0.009706405829538944,0.0,0.0,0.048532029147694715,False,False,False,False,False,0.2,0.12,0.18,False,False,True,True,True,29.752593613678428,31.49805898900813,29.752593613678428,31.49805898900813,False,False,False,False,0.13681785314895353,0.6973341964161899,0.6973341964161899,False,both,right,none,none,0,moving_average,4,2.0,peak,18,-1,-1,18,False,0.7279067358673175,True,False,False,False,False,False,False,1,
frame_000004.jpg,29.660094638088463,31.73005458482294,4,True,0.03101045906384296,0.0,0.0,0.1550522953192148,False,False,False,False,False,0.2,0.12,0.18,False,False,True,True,True,29.660094638088463,31.73005458482294,29.660094638088463,31.73005458482294,False,False,False,False,0.10575099166443513,0.8047671144647319,0.8047671144647319,False,both,right,none,none,0,moving_average,4,2.0,peak,18,-1,-1,18,False,0.7267817815522737,False,False,False,False,False,False,False,,
frame_000005.jpg,29.68009085749174,31.456834811759823,5,True,0.014607239755806635,0.0,0.0,0.07303619877903317,False,False,False,False,False,0.2,0.12,0.18,False,False,True,True,True,29.68009085749174,31.456834811759823,29.68009085749174,31.456834811759823,False,False,False,False,0.11246695553812681,0.6782440337758994,0.6782440337758994,False,both,right,none,none,0,moving_average,4,2.0,peak,18,-1,-1,18,False,0.7204183940055102,False,False,False,False,False,False,False,,
frame_000006.jpg,29.68009085749174,31.456834811759823,6,True,0.0,0.0,0.0,0.0,False,False,False,False,False,0.2,0.12,0.18,False,False,True,True,True,29.68009085749174,31.456834811759823,29.68009085749174,31.456834811759823,False,False,False,False,0.11246695553812681,0.6782440337758994,0.6782440337758994,False,both,right,none,none,0,moving_average,4,2.0,peak,18,-1,-1,18,False,0.5451339614972424,False,False,False,False,False,False,False,,
frame_000007.jpg,29.799131899751867,30.594502732686443,7,True,0.09123906905108889,0.08148733191542983,0.02880645036510791,0.6790610992952486,False,False,False,False,False,0.2,0.12,0.18,False,False,True,True,True,29.799131899751867,30.594502732686443,29.799131899751867,30.594502732686443,False,False,False,False,0.15244828016664752,0.27891381693992856,0.27891381693992856,False,both,right,none,none,0,moving_average,4,2.0,peak,18,-1,-1,18,False,0.4886617813977151,False,False,False,False,False,False,False,,
frame_000008.jpg,29.56256712209224,31.09098892465756,8,True,0.08639540643506821,0.03764523405287301,0.05061573381025838,0.43197703217534106,False,False,False,False,False,0.2,0.12,0.18,False,False,True,True,True,29.56256712209224,31.09098892465756,29.56256712209224,31.09098892465756,False,False,False,False,0.07299523614326256,0.5088274934773174,0.5088274934773174,False,both,right,none,none,0,moving_average,4,2.0,peak,18,-1,-1,18,False,0.35321715966098177,False,False,False,False,False,False,False,,
frame_000009.jpg,30.34516700884004,30.579378731523946,9,True,0.18453172634058693,0.11913256596830328,0.0794221841753663,0.992771383069194,False,False,False,False,True,0.2,0.12,0.18,False,False,True,True,True,30.34516700884004,30.579378731523946,30.34516700884004,30.579378731523946,False,False,True,True,0.3358405500975424,0.2719101685656996,0.2719101685656996,False,both,right,none,none,0,moving_average,4,2.0,peak,18,-1,-1,18,False,0.35268011116683456,False,False,False,False,False,False,False,,
frame_000010.jpg,29.925908207726756,30.591023550859003,10,True,0.2558733330997302,4.440892098500627e-16,1.0408340855860843e-17,1.2793666654986509,True,False,False,True,True,0.2,0.12,0.18,False,False,True,True,True,29.925908207726756,30.591023550859003,29.925908207726756,30.591023550859003,False,False,True,True,0.19502758414546706,0.2773026714574868,0.2773026714574868,False,both,right,none,none,0,moving_average,4,2.0,peak,18,-1,-1,18,False,0.2666334810964307,False,False,False,False,False,False,False,,
frame_000011.jpg,31.10644170354608,30.5335497456709,11,True,0.4231312153593082,4.440892098500625e-16,1.0408340855860843e-17,2.1156560767965407,True,False,False,True,True,0.2,0.12,0.18,False,False,True,True,True,31.10644170354608,30.5335497456709,31.10644170354608,30.5335497456709,False,False,True,True,0.5915235491930183,0.25068760326610573,0.25068760326610573,False,both,right,none,none,0,moving_average,4,2.0,peak,18,-1,-1,18,False,0.44006640833049804,False,False,False,False,False,False,False,,
frame_000012.jpg,31.298248789234744,31.702935906133906,12,True,0.0882147396366409,0.0,0.0,0.44107369818320447,False,False,False,False,True,0.2,0.12,0.18,False,False,True,True,True,31.298248789234744,31.702935906133906,31.298248789234744,31.702935906133906,False,False,True,True,0.6559441995281489,0.7922089502679016,0.7922089502679016,False,both,right,none,none,0,moving_average,4,2.0,peak,18,-1,-1,18,False,0.4837027426437972,False,False,False,False,False,False,False,,
frame_000013.jpg,30.47338828038788,30.873714486618955,13,True,0.7852087781302847,4.440892098500627e-16,1.0408340855860843e-17,3.9260438906514232,True,False,False,True,True,0.2,0.12,0.18,False,False,True,True,True,30.47338828038788,30.873714486618955,30.47338828038788,30.873714486618955,False,False,True,True,0.37890516197177065,0.4082116743973845,0.4082116743973845,False,both,right,none,none,0,moving_average,4,2.0,peak,18,-1,-1,18,False,0.5419035798614944,True,False,False,False,False,False,False,2,
frame_000014.jpg,,,14,False,,,,0.0,False,False,False,False,True,0.2,0.12,0.18,True,True,False,False,False,,,30.5504406891773,30.910594458385667,True,True,False,False,0.4047841135562798,0.4252901149191971,0.4252901149191971,False,missing,right,none,none,0,moving_average,4,2.0,peak,18,-1,-1,18,False,0.42529011491919655,False,False,False,False,False,False,False,,
frame_000015.jpg,,,15,False,,,,0.0,False,False,False,False,False,0.2,0.12,0.18,True,True,False,False,False,,,30.627493097966724,30.947474430152376,True,True,False,False,0.43066306514079017,0.44236855544100806,0.44236855544100806,False,missing,right,none,none,0,moving_average,4,2.0,peak,18,-1,-1,18,False,0.44236855544100806,False,False,False,False,False,False,False,,
frame_000016.jpg,,,16,False,,,,0.0,False,False,False,False,False,0.2,0.12,0.18,True,True,False,False,False,,,30.704545506756144,30.984354401919084,True,True,False,False,0.4565420167252993,0.459446995962819,0.459446995962819,False,missing,right,none,none,0,moving_average,4,2.0,peak,18,-1,-1,18,False,0.4594469959628195,False,False,False,False,False,False,False,,
frame_000017.jpg,,,17,False,,,,0.0,False,False,False,False,False,0.2,0.12,0.18,True,True,False,False,False,,,30.781597915545564,31.021234373685797,True,True,False,False,0.48242096830980846,0.47652543648463164,0.47652543648463164,False,missing,right,none,none,0,moving_average,4,2.0,peak,18,-1,-1,18,False,0.4765254364846316,False,False,False,False,False,False,False,,
frame_000018.jpg,,,18,False,,,,0.0,False,False,False,False,False,0.2,0.12,0.18,True,True,False,False,False,,,30.858650324334988,31.05811434545251,True,True,False,False,0.5082999198943188,0.4936038770064442,0.4936038770064442,False,missing,right,none,none,0,moving_average,4,2.0,peak,18,-1,-1,18,False,0.49360387700644365,False,False,False,False,False,False,False,,
frame_000019.jpg,,,19,False,,,,0.0,False,False,False,False,False,0.2,0.12,0.18,True,True,False,False,False,,,30.93570273312441,31.094994317219218,True,True,False,False,0.534178871478828,0.5106823175282552,0.5106823175282552,False,missing,right,none,none,0,moving_average,4,2.0,peak,18,-1,-1,18,False,0.5106823175282551,False,False,False,False,False,False,False,,
frame_000020.jpg,,,20,False,,,,0.0,False,False,False,False,False,0.2,0.12,0.18,True,True,False,False,False,,,31.01275514191383,31.131874288985927,True,True,False,False,0.5600578230633372,0.5277607580500662,0.5277607580500662,False,missing,right,none,none,0,moving_average,4,2.0,peak,18,-1,-1,18,False,0.5277607580500667,False,False,False,False,False,False,False,,
frame_000021.jpg,,,21,False,,,,0.0,False,False,False,False,False,0.2,0.12,0.18,True,True,False,False,False,,,31.089807550703252,31.16875426075264,True,True,False,False,0.5859367746478474,0.5448391985718788,0.5448391985718788,False,missing,right,none,none,0,moving_average,4,2.0,peak,18,-1,-1,18,False,0.5448391985718788,False,False,False,False,False,False,False,,
frame_000022.jpg,,,22,False,,,,0.0,False,False,False,False,False,0.2,0.12,0.18,True,True,False,False,False,,,31.166859959492673,31.20563423251935,True,True,False,False,0.6118157262323567,0.5619176390936914,0.5619176390936914,False,missing,right,none,none,0,moving_average,4,2.0,peak,18,-1,-1,18,False,0.5619176390936909,False,False,False,False,False,False,False,,
frame_000023.jpg,,,23,False,,,,0.0,False,False,False,False,False,0.2,0.12,0.18,True,True,False,False,False,,,31.243912368282093,31.24251420428606,True,True,False,False,0.6376946778168658,0.5789960796155024,0.5789960796155024,False,missing,right,none,none,0,moving_average,4,2.0,peak,18,-1,-1,18,False,0.5789960796155024,False,False,False,False,False,False,False,,
frame_000024.jpg,,,24,False,,,,0.0,False,False,False,False,False,0.2,0.12,0.18,True,True,False,False,False,,,31.320964777071516,31.27939417605277,True,True,False,False,0.6635736294013762,0.5960745201373133,0.5960745201373133,False,missing,right,none,none,0,moving_average,4,2.0,peak,18,-1,-1,18,False,0.5960745201373139,False,False,False,False,False,False,False,,
frame_000025.jpg,,,25,False,,,,0.0,False,False,False,False,False,0.2,0.12,0.18,True,True,False,False,False,,,31.398017185860937,31.31627414781948,True,True,False,False,0.6894525809858854,0.6131529606591258,0.6131529606591258,False,missing,right,none,none,0,moving_average,4,2.0,peak,18,-1,-1,18,False,0.6131529606591258,False,False,False,False,False,False,False,,
frame_000026.jpg,,,26,False,,,,0.0,False,False,False,False,False,0.2,0.12,0.18,True,True,False,False,False,,,31.475069594650357,31.353154119586193,True,True,False,False,0.7153315325703945,0.6302314011809385,0.6302314011809385,False,missing,right,none,none,0,moving_average,4,2.0,peak,18,-1,-1,18,False,0.6302314011809379,False,False,False,False,False,False,False,,
frame_000027.jpg,,,27,False,,,,0.0,False,False,False,False,False,0.2,0.12,0.18,True,True,False,False,False,,,31.55212200343978,31.390034091352902,True,True,False,False,0.7412104841549049,0.6473098417027494,0.6473098417027494,False,missing,right,none,none,0,moving_average,4,2.0,peak,18,-1,-1,18,False,0.6473098417027494,False,False,False,False,False,False,False,,
frame_000028.jpg,,,28,False,,,,0.0,False,False,False,False,False,0.2,0.12,0.18,True,True,False,False,False,,,31.6291744122292,31.42691406311961,True,True,False,False,0.767089435739414,0.6643882822245604,0.6643882822245604,False,missing,right,none,none,0,moving_average,4,2.0,peak,18,-1,-1,18,False,0.6643882822245609,False,False,False,False,False,False,False,,
frame_000029.jpg,,,29,False,,,,0.0,False,False,False,False,False,0.2,0.12,0.18,True,True,False,False,False,,,31.70622682101862,31.463794034886323,True,True,False,False,0.7929683873239232,0.681466722746373,0.681466722746373,False,missing,right,none,none,0,moving_average,4,2.0,peak,18,-1,-1,18,False,0.681466722746373,False,False,False,False,False,False,False,,
frame_000030.jpg,,,30,False,,,,0.0,False,False,False,False,False,0.2,0.12,0.18,True,True,False,False,False,,,31.783279229808045,31.500674006653036,True,True,False,False,0.8188473389084335,0.6985451632681856,0.6985451632681856,False,missing,right,none,none,0,moving_average,4,2.0,peak,18,-1,-1,18,False,0.6985451632681849,False,False,False,False,False,False,False,,
frame_000031.jpg,,,31,False,,,,0.0,False,False,False,False,False,0.2,0.12,0.18,True,True,False,False,False,,,31.860331638597465,31.537553978419744,True,True,False,False,0.8447262904929427,0.7156236037899966,0.7156236037899966,False,missing,right,none,none,0,moving_average,4,2.0,peak,18,-1,-1,18,False,0.7156236037899966,False,False,False,False,False,False,False,,
frame_000032.jpg,,,32,False,,,,0.0,False,False,False,False,False,0.2,0.12,0.18,True,True,False,False,False,,,31.937384047386885,31.574433950186453,True,True,False,False,0.8706052420774518,0.7327020443118075,0.7327020443118075,False,missing,right,none,none,0,moving_average,4,2.0,peak,18,-1,-1,18,False,0.7327020443118081,False,False,False,False,False,False,False,,
frame_000033.jpg,,,33,False,,,,0.0,False,False,False,False,False,0.2,0.12,0.18,True,True,False,False,False,,,32.014436456176306,31.611313921953165,True,True,False,False,0.896484193661961,0.7497804848336201,0.7497804848336201,False,missing,right,none,none,0,moving_average,4,2.0,peak,18,-1,-1,18,False,0.74978048483362,False,False,False,False,False,False,False,,
frame_000034.jpg,,,34,False,,,,0.0,False,False,False,False,False,0.2,0.12,0.18,True,True,False,False,False,,,32.091488864965726,31.648193893719878,True,True,False,False,0.9223631452464701,0.7668589253554328,0.7668589253554328,False,missing,right,none,none,0,moving_average,4,2.0,peak,18,-1,-1,18,False,0.7668589253554322,False,False,False,False,False,False,False,,
frame_000035.jpg,,,35,False,,,,0.0,False,False,False,False,False,0.2,0.12,0.18,True,True,False,False,False,,,32.16854127375515,31.685073865486586,True,True,False,False,0.9482420968309817,0.7839373658772437,0.7839373658772437,False,missing,right,none,none,0,moving_average,4,2.0,peak,18,-1,-1,18,False,0.7839373658772437,False,False,False,False,False,False,False,,
frame_000036.jpg,,,36,False,,,,0.0,False,False,False,False,False,0.2,0.12,0.18,True,True,False,False,False,,,32.24559368254457,31.721953837253295,True,True,False,False,0.9741210484154909,0.8010158063990547,0.8010158063990547,False,missing,right,none,none,0,moving_average,4,2.0,peak,18,-1,-1,18,False,0.8010158063990551,False,False,False,False,False,False,False,,
frame_000037.jpg,32.32264609133399,31.758833809020008,37,True,,,,0.0,False,False,False,False,False,0.2,0.12,0.18,False,False,True,True,True,32.32264609133399,31.758833809020008,32.32264609133399,31.758833809020008,False,False,False,False,1.0,0.8180942469208673,0.8180942469208673,False,both,right,none,none,0,moving_average,4,2.0,peak,18,-1,-1,18,False,0.8225073085846593,False,False,False,False,False,False,False,,
frame_000038.jpg,,,38,False,,,,0.0,False,False,False,False,False,0.2,0.12,0.18,True,True,False,False,False,,,32.29171360448092,31.82430308717407,True,True,False,False,0.9896109629505948,0.8484118724340558,0.8484118724340558,False,missing,right,none,none,0,moving_average,4,2.0,peak,18,-1,-1,18,False,0.8484118724340558,False,False,False,False,False,False,False,,
frame_000039.jpg,,,39,False,,,,0.0,False,False,False,False,False,0.2,0.12,0.18,True,True,False,False,False,,,32.26078111762785,31.88977236532813,True,True,False,False,0.9792219259011921,0.8787294979472443,0.8787294979472443,False,missing,right,none,none,0,moving_average,4,2.0,peak,18,-1,-1,18,False,0.8787294979472449,False,False,False,False,False,False,False,,
frame_000040.jpg,,,40,False,,,,0.0,False,False,False,False,False,0.2,0.12,0.18,True,True,False,False,False,,,32.229848630774775,31.955241643482196,True,True,False,False,0.968832888851787,0.9090471234604345,0.9090471234604345,False,missing,right,none,none,0,moving_average,4,2.0,peak,18,-1,-1,18,False,0.9090471234604339,False,False,False,False,False,False,False,,
frame_000041.jpg,,,41,False,,,,0.0,False,False,False,False,False,0.2,0.12,0.18,True,True,False,False,False,,,32.1989161439217,32.02071092163626,True,True,False,False,0.9584438518023818,0.939364748973623,0.939364748973623,False,missing,right,none,none,0,moving_average,4,2.0,peak,18,-1,-1,18,False,0.939364748973623,False,False,False,False,False,False,False,,
frame_000042.jpg,,,42,False,,,,0.0,False,False,False,False,False,0.2,0.12,0.18,True,True,False,False,False,,,32.16798365706863,32.08618019979032,True,True,False,False,0.948054814752979,0.9696823744868115,0.9696823744868115,False,missing,right,none,none,0,moving_average,4,2.0,peak,18,-1,-1,18,False,0.9696823744868115,False,False,False,False,False,False,False,,
frame_000043.jpg,32.13705117021556,32.15164947794438,43,True,,,,0.0,False,False,False,False,False,0.2,0.12,0.18,False,False,True,True,True,32.13705117021556,32.15164947794438,32.13705117021556,32.15164947794438,False,False,False,False,0.9376657777035738,1.0,1.0,False,both,right,none,none,0,moving_average,4,2.0,peak,18,-1,-1,18,False,0.9729739704022504,True,False,False,False,False,False,False,3,
frame_000044.jpg,,,44,False,,,,0.0,False,False,False,False,False,0.2,0.12,0.18,True,True,False,False,False,,,32.045355599555386,32.04203499351632,True,True,False,False,0.9068687491497522,0.94923953671994,0.94923953671994,False,missing,right,none,none,0,moving_average,4,2.0,peak,18,-1,-1,18,False,0.9492395367199399,False,False,False,False,False,False,False,,
frame_000045.jpg,,,45,False,,,,0.0,False,False,False,False,False,0.2,0.12,0.18,True,True,False,False,False,,,31.953660028895218,31.932420509088253,True,True,False,False,0.8760717205959319,0.8984790734398799,0.8984790734398799,False,missing,right,none,none,0,moving_average,4,2.0,peak,18,-1,-1,18,False,0.8984790734398799,False,False,False,False,False,False,False,,
frame_000046.jpg,,,46,False,,,,0.0,False,False,False,False,False,0.2,0.12,0.18,True,True,False,False,False,,,31.86196445823505,31.82280602466019,True,True,False,False,0.8452746920421115,0.8477186101598199,0.8477186101598199,False,missing,right,none,none,0,moving_average,4,2.0,peak,18,-1,-1,18,False,0.8477186101598198,False,False,False,False,False,False,False,,
frame_000047.jpg,,,47,False,,,,0.0,False,False,False,False,False,0.2,0.12,0.18,True,True,False,False,False,,,31.77026888757488,31.713191540232124,True,True,False,False,0.8144776634882899,0.7969581468797597,0.7969581468797597,False,missing,right,none,none,0,moving_average,4,2.0,peak,18,-1,-1,18,False,0.7969581468797597,False,False,False,False,False,False,False,,
frame_000048.jpg,,,48,False,,,,0.0,False,False,False,False,False,0.2,0.12,0.18,True,True,False,False,False,,,31.67857331691471,31.60357705580406,True,True,False,False,0.7836806349344694,0.7461976835996997,0.7461976835996997,False,missing,right,none,none,0,moving_average,4,2.0,peak,18,-1,-1,18,False,0.7461976835996997,False,False,False,False,False,False,False,,
frame_000049.jpg,,,49,False,,,,0.0,False,False,False,False,False,0.2,0.12,0.18,True,True,False,False,False,,,31.586877746254544,31.493962571375995,True,True,False,False,0.752883606380649,0.6954372203196396,0.6954372203196396,False,missing,right,none,none,0,moving_average,4,2.0,peak,18,-1,-1,18,False,0.6954372203196391,False,False,False,False,False,False,False,,
frame_000050.jpg,,,50,False,,,,0.0,False,False,False,False,False,0.2,0.12,0.18,True,True,False,False,False,,,31.495182175594373,31.384348086947927,True,True,False,False,0.7220865778268274,0.6446767570395779,0.6446767570395779,False,missing,right,none,none,0,moving_average,4,2.0,peak,18,-1,-1,18,False,0.6446767570395784,False,False,False,False,False,False,False,,
frame_000051.jpg,,,51,False,,,,0.0,False,False,False,False,False,0.2,0.12,0.18,True,True,False,False,False,,,31.403486604934205,31.274733602519863,True,True,False,False,0.691289549273007,0.5939162937595178,0.5939162937595178,False,missing,right,none,none,0,moving_average,4,2.0,peak,18,-1,-1,18,False,0.5939162937595178,False,False,False,False,False,False,False,,
frame_000052.jpg,,,52,False,,,,0.0,False,False,False,False,False,0.2,0.12,0.18,True,True,False,False,False,,,31.311791034274037,31.1651191180918,True,True,False,False,0.6604925207191866,0.5431558304794578,0.5431558304794578,False,missing,right,none,none,0,moving_average,4,2.0,peak,18,-1,-1,18,False,0.5431558304794577,False,False,False,False,False,False,False,,
frame_000053.jpg,,,53,False,,,,0.0,False,False,False,False,False,0.2,0.12,0.18,True,True,False,False,False,,,31.220095463613866,31.055504633663734,True,True,False,False,0.629695492165365,0.49239536719939775,0.49239536719939775,False,missing,right,none,none,0,moving_average,4,2.0,peak,18,-1,-1,18,False,0.49239536719939775,False,False,False,False,False,False,False,,
frame_000054.jpg,,,54,False,,,,0.0,False,False,False,False,False,0.2,0.12,0.18,True,True,False,False,False,,,31.1283998929537,30.94589014923567,True,True,False,False,0.5988984636115445,0.4416349039193377,0.4416349039193377,False,missing,right,none,none,0,moving_average,4,2.0,peak,18,-1,-1,18,False,0.4416349039193377,False,False,False,False,False,False,False,,
frame_000055.jpg,,,55,False,,,,0.0,False,False,False,False,False,0.2,0.12,0.18,True,True,False,False,False,,,31.036704322293527,30.836275664807605,True,True,False,False,0.5681014350577229,0.3908744406392776,0.3908744406392776,False,missing,right,none,none,0,moving_average,4,2.0,peak,18,-1,-1,18,False,0.39087444063927756,False,False,False,False,False,False,False,,
frame_000056.jpg,30.94500875163336,30.72666118037954,56,True,,,,0.0,False,False,False,False,False,0.2,0.12,0.18,False,False,True,True,True,30.94500875163336,30.72666118037954,30.94500875163336,30.72666118037954,False,False,False,False,0.5373044065039025,0.34011397735921756,0.34011397735921756,False,both,right,none,none,0,moving_average,4,2.0,peak,18,-1,-1,18,False,0.3234444445755726,False,False,False,False,False,False,False,,
frame_000057.jpg,,,57,False,,,,0.0,False,False,False,False,False,0.2,0.12,0.18,True,True,False,False,False,,,30.753223915134203,30.5090558233118,True,True,False,False,0.47289122881897405,0.23934491572822267,0.23934491572822267,False,missing,right,none,none,0,moving_average,4,2.0,peak,18,-1,-1,18,False,0.2393449157282232,False,False,False,False,False,False,False,,
frame_000058.jpg,,,58,False,,,,0.0,False,False,False,False,False,0.2,0.12,0.18,True,True,False,False,False,,,30.561439078635047,30.291450466244065,True,True,False,False,0.4084780511340455,0.1385758540972294,0.1385758540972294,False,missing,right,none,none,0,moving_average,4,2.0,peak,18,-1,-1,18,False,0.13857585409722883,False,False,False,False,False,False,False,,
frame_000059.jpg,30.36965424213589,30.073845109176325,59,True,,,,0.0,False,False,False,False,True,0.2,0.12,0.18,False,False,True,True,True,30.36965424213589,30.073845109176325,30.36965424213589,30.073845109176325,False,False,True,True,0.344064873449117,0.037806792466234494,0.037806792466234494,False,both,right,none,none,0,moving_average,4,2.0,peak,18,-1,-1,18,False,0.13157567718939633,False,False,False,False,False,False,False,,
frame_000060.jpg,30.34219749955319,30.463706309158013,60,True,0.32662796736087196,0.06494205807929537,0.009435617519393265,1.6331398368043597,True,False,False,True,True,0.2,0.12,0.18,False,False,True,True,True,30.34219749955319,30.463706309158013,30.34219749955319,30.463706309158013,False,False,True,True,0.3348432057150436,0.2183443850047251,0.2183443850047251,False,both,right,none,none,0,moving_average,4,2.0,peak,18,-1,-1,18,False,0.10945813658267778,False,False,False,False,False,False,False,,
frame_000061.jpg,29.922491251028777,30.148165555877146,61,True,0.010709264662943103,0.048415269751127026,0.010341669771260414,0.4034605812593919,False,False,False,False,True,0.2,0.12,0.18,False,False,True,True,True,29.922491251028777,30.148165555877146,29.922491251028777,30.148165555877146,False,False,True,True,0.19387995932305518,0.07222323227707378,0.07222323227707378,False,both,right,none,none,0,moving_average,4,2.0,peak,18,-1,-1,18,False,0.11882907398739345,False,False,False,False,False,False,False,,
frame_000062.jpg,30.105043909805534,30.13455321185212,62,True,0.04360657846569605,0.0024223034904519523,0.009027826408914238,0.21803289232848025,False,False,False,False,False,0.2,0.12,0.18,False,False,True,True,True,30.105043909805534,30.13455321185212,30.105043909805534,30.13455321185212,False,False,False,False,0.2551924022736484,0.0659196046803815,0.0659196046803815,False,both,right,none,none,0,moving_average,4,2.0,peak,18,-1,-1,18,False,0.046047612319151755,False,False,False,False,False,False,False,,
frame_000063.jpg,29.345229926007462,29.99220337865861,63,True,0.03247526024931149,0.02226174830309579,0.0013315010453786684,0.18551456919246492,False,False,False,False,False,0.2,0.12,0.18,False,False,True,True,True,29.345229926007462,29.99220337865861,29.345229926007462,29.99220337865861,False,False,False,False,0.0,0.0,0.0,False,both,right,none,none,0,moving_average,4,2.0,peak,18,-1,-1,18,False,0.04819723811024258,False,False,False,False,False,False,False,,
frame_000064.jpg,29.62564477125591,30.16209155896563,64,True,0.02190466176429776,0.04087258759762967,0.00994434003785942,0.3406048966469139,False,False,False,False,False,0.2,0.12,0.18,False,False,True,True,True,29.62564477125591,30.16209155896563,29.62564477125591,30.16209155896563,False,False,False,False,0.09418060146042592,0.07867210965034627,0.07867210965034627,False,both,right,none,none,0,moving_average,4,2.0,peak,18,-1,-1,18,False,0.22405350917438513,False,False,False,False,False,False,False,,
frame_000065.jpg,29.377922963999573,31.27380962760533,65,True,0.04159667688369477,0.03271532413224979,0.01854671765326215,0.2726277011020816,False,False,False,False,False,0.2,0.12,0.18,False,False,True,True,True,29.377922963999573,31.27380962760533,29.377922963999573,31.27380962760533,False,False,False,False,0.010980338715439684,0.5934884178728091,0.5934884178728091,False,both,right,none,none,0,moving_average,4,2.0,peak,18,-1,-1,18,False,0.4260754765546556,False,False,False,False,False,False,False,,
frame_000066.jpg,29.49976021486117,31.300970026946697,66,True,0.024763816378699968,4.440892098500627e-16,1.0408340855860843e-17,0.12381908189349984,False,False,False,False,False,0.2,0.12,0.18,False,False,True,True,True,29.49976021486117,31.300970026946697,29.49976021486117,31.300970026946697,False,False,False,False,0.051900802666851695,0.6060659021408114,0.6060659021408114,False,both,right,none,none,0,moving_average,4,2.0,peak,18,-1,-1,18,False,0.5733839608164034,True,False,False,False,False,False,False,4,
frame_000067.jpg,29.85041447661993,31.116405754157825,67,True,0.03206462939588557,0.0,0.0,0.16032314697942784,False,False,False,False,False,0.2,0.12,0.18,False,False,True,True,True,29.85041447661993,31.116405754157825,29.85041447661993,31.116405754157825,False,False,False,False,0.16967213266844947,0.5205975624355897,0.5205975624355897,False,both,right,none,none,0,moving_average,4,2.0,peak,18,-1,-1,18,False,0.5344152759864758,False,False,False,False,False,False,False,,
frame_000068.jpg,30.10550490712089,31.02135730425448,68,True,0.025896294504775652,0.0,0.0,0.12948147252387826,False,False,False,False,False,0.2,0.12,0.18,False,False,True,True,True,30.10550490712089,31.02135730425448,30.10550490712089,31.02135730425448,False,False,False,False,0.25534723360717937,0.4765823633830263,0.4765823633830263,False,both,right,none,none,0,moving_average,4,2.0,peak,18,-1,-1,18,False,0.4751497716651307,False,False,False,False,False,False,False,,
frame_000069.jpg,30.43128138832955,30.9170280405599,69,True,0.025896294504775645,4.440892098500625e-16,1.0408340855860843e-17,0.1294814725238782,False,False,False,False,False,0.2,0.12,0.18,False,False,True,True,True,30.43128138832955,30.9170280405599,30.43128138832955,30.9170280405599,False,False,False,False,0.36476307039965955,0.42826938917677626,0.42826938917677626,False,both,right,none,none,0,moving_average,4,2.0,peak,18,-1,-1,18,False,0.5205671983598232,False,False,False,False,False,False,False,,
frame_000070.jpg,30.63816070069829,31.41063520890418,70,True,0.03227379051877066,0.05880473230479795,0.03337727972423548,0.4900394358733163,False,False,False,False,False,0.2,0.12,0.18,False,False,True,True,True,30.63816070069829,31.41063520890418,30.63816070069829,31.41063520890418,False,False,False,False,0.43424590413246195,0.6568498425196673,0.6568498425196673,False,both,right,none,none,0,moving_average,4,2.0,peak,18,-1,-1,18,False,0.6002844539531069,False,False,False,False,False,False,False,,
frame_000071.jpg,30.807365439989734,31.53779265416453,71,True,0.008617197497256071,0.02519310126970343,0.006732792306579437,0.2099425105808619,False,False,False,False,False,0.2,0.12,0.18,False,False,True,True,True,30.807365439989734,31.53779265416453,30.807365439989734,31.53779265416453,False,False,False,False,0.49107529239934805,0.7157341301628775,0.7157341301628775,False,both,right,none,none,0,moving_average,4,2.0,peak,18,-1,-1,18,False,0.6601203033808499,True,False,False,False,False,False,False,5,
frame_000072.jpg,30.510893968955564,31.30466491549247,72,True,0.02437004029106636,0.020026271956639786,0.02115078930136779,0.1668855996386649,False,False,False,False,False,0.2,0.12,0.18,False,False,True,True,True,30.510893968955564,31.30466491549247,30.510893968955564,31.30466491549247,False,False,False,False,0.3915018856022984,0.6077769374600052,0.6077769374600052,False,both,right,none,none,0,moving_average,4,2.0,peak,18,-1,-1,18,False,0.6110766595616418,False,False,False,False,False,False,False,,
frame_000073.jpg,30.6327565352288,31.09291389288373,73,True,0.038423964148262164,0.015238230689798935,0.007071829640376815,0.19211982074131081,False,False,False,False,False,0.2,0.12,0.18,False,False,True,True,True,30.6327565352288,31.09291389288373,30.6327565352288,31.09291389288373,False,False,False,False,0.4324308520304336,0.5097189110620429,0.5097189110620429,False,both,right,none,none,0,moving_average,4,2.0,peak,18,-1,-1,18,False,0.5078763722363349,False,False,False,False,False,False,False,,
frame_000074.jpg,30.4432450308731,30.869226280435115,74,True,0.020929733176652535,0.03478082680421114,0.0073797243090020954,0.2898402233684262,False,False,False,False,False,0.2,0.12,0.18,False,False,True,True,True,30.4432450308731,30.869226280435115,30.4432450308731,30.869226280435115,False,False,False,False,0.368781199501958,0.4061332681869565,0.4061332681869565,False,both,right,none,none,0,moving_average,4,2.0,peak,18,-1,-1,18,False,0.44373979455739937,False,False,False,False,False,False,False,,
frame_000075.jpg,30.370424097735416,30.88916646802152,75,True,0.016684885125067977,0.003264727976392722,0.0008847330028635831,0.08342442562533987,False,False,False,False,False,0.2,0.12,0.18,False,False,True,True,True,30.370424097735416,30.88916646802152,30.370424097735416,30.88916646802152,False,False,False,False,0.3443234384453345,0.4153672044231988,0.4153672044231988,False,both,right,none,none,0,moving_average,4,2.0,peak,18,-1,-1,18,False,0.4198135066315952,False,False,False,False,False,False,False,,
frame_000076.jpg,30.357739879866028,30.93791130548843,76,True,0.009072727970287874,0.010258274759720996,0.003028802738014598,0.08548562299767497,False,False,False,False,False,0.2,0.12,0.18,False,False,True,True,True,30.357739879866028,30.93791130548843,30.357739879866028,30.93791130548843,False,False,False,False,0.3400632957024078,0.43794004728463043,0.43794004728463043,False,both,right,none,none,0,moving_average,4,2.0,peak,18,-1,-1,18,False,0.47178421070158216,False,False,False,False,False,False,False,,
frame_000077.jpg,30.39771858296248,31.20591008297832,77,True,0.01736320959249356,0.029189223448562004,0.0015620665895096295,0.24324352873801672,False,False,False,False,False,0.2,0.12,0.18,False,False,True,True,True,30.39771858296248,31.20591008297832,30.39771858296248,31.20591008297832,False,False,False,False,0.3534906101510977,0.5620453803969174,0.5620453803969174,False,both,right,none,none,0,moving_average,4,2.0,peak,18,-1,-1,18,False,0.5192860712449139,False,False,False,False,False,False,False,,
frame_000078.jpg,30.474327702756785,31.196899590398864,78,True,0.006945449806374588,0.03283748731648791,0.0030902145247052796,0.27364572763739925,False,False,False,False,False,0.2,0.12,0.18,False,False,True,True,True,30.474327702756785,31.196899590398864,30.474327702756785,31.196899590398864,False,False,False,False,0.3792206779482891,0.5578727860531937,0.5578727860531937,False,both,right,none,none,0,moving_average,4,2.0,peak,18,-1,-1,18,False,0.5605837413127461,True,False,False,False,False,False,False,6,
frame_000079.jpg,30.70657770361041,31.205451583101144,79,True,0.013971029313241533,0.021691987076848867,0.002036587286787288,0.18076655897374055,False,False,False,False,False,0.2,0.12,0.18,False,False,True,True,True,30.70657770361041,31.205451583101144,30.70657770361041,31.205451583101144,False,False,False,False,0.45722455377804055,0.5618330574881272,0.5618330574881272,False,both,right,none,none,0,moving_average,4,2.0,peak,18,-1,-1,18,False,0.5553060033394759,False,False,False,False,False,False,False,,
frame_000080.jpg,30.68256315847779,31.17171911094003,80,True,0.0064351487271471575,0.008498399666118879,0.0003371504665803937,0.07081999721765733,False,False,False,False,False,0.2,0.12,0.18,False,False,True,True,True,30.68256315847779,31.17171911094003,30.68256315847779,31.17171911094003,False,False,False,False,0.44915898826782386,0.5462121664771068,0.5462121664771068,False,both,right,none,none,0,moving_average,4,2.0,peak,18,-1,-1,18,False,0.5483143752295858,False,False,False,False,False,False,False,,
frame_000081.jpg,30.79083968282143,31.151605458250188,81,True,0.004767268020047238,0.0016443863725280556,0.0005497482742875814,0.02383634010023619,False,False,False,False,False,0.2,0.12,0.18,False,False,True,True,True,30.79083968282143,31.151605458250188,30.79083968282143,31.151605458250188,False,False,False,False,0.4855249238076969,0.5368979017235236,0.5368979017235236,False,both,right,none,none,0,moving_average,4,2.0,peak,18,-1,-1,18,False,0.5605002997378388,False,False,False,False,False,False,False,,
frame_000082.jpg,30.923533728624783,31.284396124537757,82,True,0.014051364222772955,0.0289328469771984,0.0027236216728055845,0.24110705814332,False,False,False,False,False,0.2,0.12,0.18,False,False,True,True,True,30.923533728624783,31.284396124537757,30.923533728624783,31.284396124537757,False,False,False,False,0.5300917691646336,0.5983908310128858,0.5983908310128858,False,both,right,none,none,0,moving_average,4,2.0,peak,18,-1,-1,18,False,0.5602629517316445,False,False,False,False,False,False,False,,
frame_000083.jpg,30.78602574668982,31.17018149026158,83,True,0.006547847002517749,0.021268839046805606,0.0011298759044423082,0.17724032539004672,False,False,False,False,False,0.2,0.12,0.18,False,False,True,True,True,30.78602574668982,31.17018149026158,30.78602574668982,31.17018149026158,False,False,False,False,0.48390810712359594,0.5455001224585242,0.5455001224585242,False,both,right,none,none,0,moving_average,4,2.0,peak,18,-1,-1,18,False,0.5430807112946572,False,False,False,False,False,False,False,,
frame_000084.jpg,30.613896282356546,31.04029309198426,84,True,0.017576448287610402,0.021037589640156753,0.005407859637843314,0.1753132470013063,False,False,False,False,False,0.2,0.12,0.18,False,False,True,True,True,30.613896282356546,31.04029309198426,30.613896282356546,31.04029309198426,False,False,False,False,0.426096415786051,0.48535118041256164,0.48535118041256164,False,both,right,none,none,0,moving_average,4,2.0,peak,18,-1,-1,18,False,0.48122067804021806,False,False,False,False,False,False,False,,
frame_000085.jpg,30.39009909877641,30.883645901998797,85,True,0.012498143980264154,0.0139247675823702,0.00894436602935647,0.116039729853085,False,False,False,False,False,0.2,0.12,0.18,False,False,True,True,True,30.39009909877641,30.883645901998797,30.39009909877641,30.883645901998797,False,False,False,False,0.35093151737972034,0.4128107312495686,0.4128107312495686,False,both,right,none,none,0,moving_average,4,2.0,peak,18,-1,-1,18,False,0.43735003594805333,False,False,False,False,False,False,False,,
frame_000086.jpg,30.19281966447941,30.885972629444318,86,True,0.012009562342414529,0.0067840919085502835,0.00403677458496305,0.06004781171207264,False,False,False,False,False,0.2,0.12,0.18,False,False,True,True,True,30.19281966447941,30.885972629444318,30.19281966447941,30.885972629444318,False,False,False,False,0.284672914838894,0.4138881961820299,0.4138881961820299,False,both,right,none,none,0,moving_average,4,2.0,peak,18,-1,-1,18,False,0.41864411307757776,False,False,False,False,False,False,False,,
frame_000087.jpg,30.18000790985572,30.919109795455693,87,True,0.005919512974024166,0.0044956837362007595,0.001411963676187681,0.03746403113500633,False,False,False,False,False,0.2,0.12,0.18,False,False,True,True,True,30.18000790985572,30.919109795455693,30.18000790985572,30.919109795455693,False,False,False,False,0.28036993738720745,0.42923341180113483,0.42923341180113483,False,both,right,none,none,0,moving_average,4,2.0,peak,18,-1,-1,18,False,0.46588173753624706,False,False,False,False,False,False,False,,
frame_000088.jpg,30.10157895725289,31.189667213629196,88,True,0.014160790775522653,0.0021553617859541565,0.0053615681788948995,0.07080395387761326,False,False,False,False,False,0.2,0.12,0.18,False,False,True,True,True,30.10157895725289,31.189667213629196,30.10157895725289,31.189667213629196,False,False,False,False,0.2540286574827807,0.5545236046255766,0.5545236046255766,False,both,right,none,none,0,moving_average,4,2.0,peak,18,-1,-1,18,False,0.5218300300375744,False,False,False,False,False,False,False,,
frame_000089.jpg,30.15767523363324,31.24842459545539,89,True,0.002519402117329744,0.0003936415720746357,0.015171211713665995,0.08428450952036665,False,False,False,False,False,0.2,0.12,0.18,False,False,True,True,True,30.15767523363324,31.24842459545539,30.15767523363324,31.24842459545539,False,False,False,False,0.272869247197318,0.5817330736860118,0.5817330736860118,False,both,right,none,none,0,moving_average,4,2.0,peak,18,-1,-1,18,False,0.584130464406549,False,False,False,False,False,False,False,,
frame_000090.jpg,30.307174469575838,31.322713085401368,90,True,0.006291121222976392,0.0,0.0,0.031455606114881955,False,False,False,False,False,0.2,0.12,0.18,False,False,True,True,True,30.307174469575838,31.322713085401368,30.307174469575838,31.322713085401368,False,False,False,False,0.3230803119734118,0.6161347149080588,0.6161347149080588,False,both,right,none,none,0,moving_average,4,2.0,peak,18,-1,-1,18,False,0.6029316722122481,False,False,False,False,False,False,False,,
frame_000091.jpg,30.412916885194925,31.31146779820283,91,True,0.010554554533253265,0.0,0.0,0.05277277266626632,False,False,False,False,False,0.2,0.12,0.18,False,False,True,True,True,30.412916885194925,31.31146779820283,30.412916885194925,31.31146779820283,False,False,False,False,0.3585951374957923,0.6109272280426737,0.6109272280426737,False,both,right,none,none,0,moving_average,4,2.0,peak,18,-1,-1,18,False,0.6278503514937923,False,False,False,False,False,False,False,,
frame_000092.jpg,30.363535891811495,31.40985622977704,92,True,0.0046735162602708205,0.0,0.0,0.0233675813013541,False,False,False,False,False,0.2,0.12,0.18,False,False,True,True,True,30.363535891811495,31.40985622977704,30.363535891811495,31.40985622977704,False,False,False,False,0.34200995402077267,0.6564891115306444,0.6564891115306444,False,both,right,none,none,0,moving_average,4,2.0,peak,18,-1,-1,18,False,0.6445658651578652,False,False,False,False,False,False,False,,
frame_000093.jpg,30.323063705954144,31.43100183773969,93,True,0.016900396524345638,4.440892098500625e-16,1.0408340855860843e-17,0.08450198262172819,False,False,False,False,False,0.2,0.12,0.18,False,False,True,True,True,30.323063705954144,31.43100183773969,30.323063705954144,31.43100183773969,False,False,False,False,0.32841689762218496,0.6662812559002778,0.6662812559002778,False,both,right,none,none,0,moving_average,4,2.0,peak,18,-1,-1,18,False,0.649146417999375,True,False,False,False,False,False,False,7,
frame_000094.jpg,30.36679757800893,31.341142169101342,94,True,0.007349562046345673,0.0,0.0,0.036747810231728364,False,False,False,False,False,0.2,0.12,0.18,False,False,True,True,True,30.36679757800893,31.341142169101342,30.36679757800893,31.341142169101342,False,False,False,False,0.34310542943177524,0.6246688865672031,0.6246688865672031,False,both,right,none,none,0,moving_average,4,2.0,peak,18,-1,-1,18,False,0.614902251468815,False,False,False,False,False,False,False,,
frame_000095.jpg,30.36445457936908,31.18801093426391,95,True,0.017541043198131444,4.440892098500627e-16,1.0408340855860843e-17,0.08770521599065721,False,False,False,False,False,0.2,0.12,0.18,False,False,True,True,True,30.36445457936908,31.18801093426391,30.36445457936908,31.18801093426391,False,False,False,False,0.3423185059686948,0.5537566119389644,0.5537566119389644,False,both,right,none,none,0,moving_average,4,2.0,peak,18,-1,-1,18,False,0.529272970565892,False,False,False,False,False,False,False,,
frame_000096.jpg,30.498425284245076,30.8762663878483,96,True,0.021748425024566975,4.440892098500625e-16,1.0408340855860843e-17,0.10874212512283488,False,False,False,False,False,0.2,0.12,0.18,False,False,True,True,True,30.498425284245076,30.8762663878483,30.498425284245076,30.8762663878483,False,False,False,False,0.3873141321885528,0.4093934131915085,0.4093934131915085,False,both,right,none,none,0,moving_average,4,2.0,peak,18,-1,-1,18,False,0.4386003396437987,False,False,False,False,False,False,False,,
frame_000097.jpg,30.38909210345644,30.753734191631263,97,True,0.010058968591781374,4.440892098500627e-16,1.0408340855860843e-17,0.05029484295890686,False,False,False,False,False,0.2,0.12,0.18,False,False,True,True,True,30.38909210345644,30.753734191631263,30.38909210345644,30.753734191631263,False,False,False,False,0.3505933062382293,0.3526509938009232,0.3526509938009232,False,both,right,none,none,0,moving_average,4,2.0,peak,18,-1,-1,18,False,0.3709582441210837,False,False,False,False,False,False,False,,
frame_000098.jpg,30.35794486873213,30.749802556291783,98,True,0.007444162927335272,4.440892098500625e-16,1.0408340855860843e-17,0.037220814636676355,False,False,False,False,False,0.2,0.12,0.18,False,False,True,True,True,30.35794486873213,30.749802556291783,30.35794486873213,30.749802556291783,False,False,False,False,0.3401321436076785,0.35083032537081943,0.35083032537081943,False,both,right,none,none,0,moving_average,4,2.0,peak,18,-1,-1,18,False,0.34292031960217284,False,False,False,False,False,False,False,,
frame_000099.jpg,30.35303153874048,30.694627227645007,99,True,0.008711751511663552,0.0,0.0,0.04355875755831776,False,False,False,False,False,0.2,0.12,0.18,False,False,True,True,True,30.35303153874048,30.694627227645007,30.35303153874048,30.694627227645007,False,False,False,False,0.3384819443346086,0.32527963963477596,0.32527963963477596,False,both,right,none,none,0,moving_average,4,2.0,peak,18,-1,-1,18,False,0.3843040365794837,False,False,False,False,False,False,False,,
frame_000100.jpg,30.222230099874068,31.021831910233065,100,True,0.08047209191057164,4.440892098500627e-16,1.0408340855860843e-17,0.4023604595528582,False,False,False,False,False,0.2,0.12,0.18,False,False,True,True,True,30.222230099874068,31.021831910233065,30.222230099874068,31.021831910233065,False,False,False,False,0.29455075312604995,0.4768021447328558,0.4768021447328558,False,both,right,none,none,0,moving_average,4,2.0,peak,18,-1,-1,18,False,0.48960993820089826,False,False,False,False,False,False,False,,
frame_000101.jpg,31.269017057043555,31.43200981175619,101,True,0.11398580421595103,0.1175080886112324,0.02861219783471526,0.97923407176027,False,False,False,False,True,0.2,0.12,0.18,False,False,True,True,True,31.269017057043555,31.43200981175619,31.269017057043555,31.43200981175619,False,False,True,True,0.6461263807994113,0.6667480302350631,0.6667480302350631,False,both,right,none,none,0,moving_average,4,2.0,peak,18,-1,-1,18,False,0.6089546546260033,False,False,False,False,False,False,False,,
frame_000102.jpg,30.82658470435914,31.467782674708687,102,True,0.34729426114706996,0.06879742436281615,0.01850431280883591,1.7364713057353498,True,False,False,True,True,0.2,0.12,0.18,False,False,True,True,True,30.82658470435914,31.467782674708687,30.82658470435914,31.467782674708687,False,False,True,True,0.4975303068488637,0.6833137889100911,0.6833137889100911,False,both,right,none,none,0,moving_average,4,2.0,peak,18,-1,-1,18,False,0.752795622275547,True,False,False,False,False,False,False,8,
frame_000103.jpg,30.25559042113666,31.95368235975796,103,True,0.8076558166338452,0.04871066424841619,0.010107885025879348,4.0382790831692255,True,False,False,True,True,0.2,0.12,0.18,False,False,True,True,True,30.25559042113666,31.95368235975796,30.25559042113666,31.95368235975796,False,False,True,True,0.3057552067227923,0.9083250476814868,0.9083250476814868,False,both,right,none,none,0,moving_average,4,2.0,peak,18,-1,-1,18,False,0.7052814836022816,False,False,False,False,False,False,False,,
frame_000104.jpg,30.84517254764655,31.12419714749947,104,True,0.8519298576957841,0.0,0.0,4.25964928847892,True,False,False,True,True,0.2,0.12,0.18,False,False,True,True,True,30.84517254764655,31.12419714749947,30.84517254764655,31.12419714749947,False,False,True,True,0.5037732511520062,0.5242056142152668,0.5242056142152668,False,both,right,none,none,0,moving_average,4,2.0,peak,18,-1,-1,18,False,0.677145774987742,False,False,False,False,False,False,False,,
frame_000105.jpg,30.229152270643425,31.28551003605376,105,True,0.684070331475643,0.019555901484152833,0.01970853817481283,3.4203516573782147,True,False,False,True,True,0.2,0.12,0.18,False,False,True,True,True,30.229152270643425,31.28551003605376,30.229152270643425,31.28551003605376,False,False,True,True,0.29687564504071384,0.5989066630664724,0.5989066630664724,False,both,right,none,none,0,moving_average,4,2.0,peak,18,-1,-1,18,False,0.561342709147965,False,False,False,False,False,False,False,,
frame_000106.jpg,30.4314908674901,31.20347092331884,106,True,0.051067588897075696,0.019555901484152927,0.01970853817481283,0.25533794448537844,False,False,False,False,True,0.2,0.12,0.18,False,False,True,True,True,30.4314908674901,31.20347092331884,30.4314908674901,31.20347092331884,False,False,True,True,0.36483342642277533,0.560915850162156,0.560915850162156,False,both,right,none,none,0,moving_average,4,2.0,peak,18,-1,-1,18,False,0.5526378954619553,False,False,False,False,False,False,False,,
frame_000107.jpg,30.031813754496543,31.06780441962168,107,True,0.12068439005810762,2.2204460492503136e-16,3.469446951953614e-18,0.603421950290538,False,False,False,False,True,0.2,0.12,0.18,False,False,True,True,True,30.031813754496543,31.06780441962168,30.031813754496543,31.06780441962168,False,False,True,True,0.23059719917043692,0.4980911731572378,0.4980911731572378,False,both,right,none,none,0,moving_average,4,2.0,peak,18,-1,-1,18,False,0.4719062108071075,False,False,False,False,False,False,False,,
frame_000108.jpg,29.880389939451696,30.76250287150372,108,True,0.3144792396480341,0.022879158462775395,0.029624337260122466,1.5723961982401704,True,False,False,True,True,0.2,0.12,0.18,False,False,True,True,True,29.880389939451696,30.76250287150372,29.880389939451696,30.76250287150372,False,False,True,True,0.17973974202076082,0.3567116091019289,0.3567116091019289,False,both,right,none,none,0,moving_average,4,2.0,peak,18,-1,-1,18,False,0.3948396280655095,False,False,False,False,False,False,False,,
frame_000109.jpg,30.161184781927105,30.704207528858955,109,True,0.1803733265201519,0.007311443513459441,0.0066531055074788015,0.9018666326007594,False,False,False,False,True,0.2,0.12,0.18,False,False,True,True,True,30.161184781927105,30.704207528858955,30.161184781927105,30.704207528858955,False,False,True,True,0.27404796998882325,0.32971610193736195,0.32971610193736195,False,both,right,none,none,0,moving_average,4,2.0,peak,18,-1,-1,18,False,0.38856122546881056,False,False,False,False,False,False,False,,
frame_000110.jpg,30.26451053979795,31.02713080363012,110,True,0.21568943282146527,0.036185962033484016,0.038860032925050116,1.0784471641073263,True,False,False,True,True,0.2,0.12,0.18,False,False,True,True,True,30.26451053979795,31.02713080363012,30.26451053979795,31.02713080363012,False,False,True,True,0.3087511327761165,0.47925596536714093,0.47925596536714093,False,both,right,none,none,0,moving_average,4,2.0,peak,18,-1,-1,18,False,0.4690885130078146,False,False,False,False,False,False,False,,
frame_000111.jpg,30.364706911459876,31.28418588239022,111,True,0.10912782696478203,0.00920036035359182,0.007623992664533997,0.5456391348239101,False,False,False,False,True,0.2,0.12,0.18,False,False,True,True,True,30.364706911459876,31.28418588239022,30.364706911459876,31.28418588239022,False,False,True,True,0.3424032546490217,0.598293471718941,0.598293471718941,False,both,right,none,none,0,moving_average,4,2.0,peak,18,-1,-1,18,False,0.6276265031339063,False,False,False,False,False,False,False,,
frame_000112.jpg,30.26457783776529,31.73127026195814,112,True,0.10565587455654295,0.05046021780947365,0.0203552970697402,0.5282793727827148,False,False,False,False,False,0.2,0.12,0.18,False,False,True,True,True,30.26457783776529,31.73127026195814,30.26457783776529,31.73127026195814,False,False,False,False,0.3087737355845935,0.8053300723156371,0.8053300723156371,False,both,right,none,none,0,moving_average,4,2.0,peak,18,-1,-1,18,False,0.7184809784720181,False,False,False,False,False,False,False,,
frame_000113.jpg,30.423353661196355,31.61571683074474,113,True,0.11477840893343984,0.03789623344314761,0.007324722866246247,0.5738920446671991,False,False,False,False,False,0.2,0.12,0.18,False,False,True,True,True,30.423353661196355,31.61571683074474,30.423353661196355,31.61571683074474,False,False,False,False,0.36210045063373114,0.7518193913814762,0.7518193913814762,False,both,right,none,none,0,moving_average,4,2.0,peak,18,-1,-1,18,False,0.7756487277410111,False,False,False,False,False,False,False,,
frame_000114.jpg,30.926003230779227,31.65453790188184,114,True,0.03773930903392152,0.05344555116992439,0.02195928285384326,0.44537959308270325,False,False,False,False,False,0.2,0.12,0.18,False,False,True,True,True,30.926003230779227,31.65453790188184,30.926003230779227,31.65453790188184,False,False,False,False,0.5309211803108491,0.7697967195259203,0.7697967195259203,False,both,right,none,none,0,moving_average,4,2.0,peak,18,-1,-1,18,False,0.8077245660658872,True,False,False,False,False,False,False,9,
frame_000115.jpg,31.00047757216989,31.939068393814065,115,True,0.020878042836118105,0.03772027069249349,0.005505968474000859,0.31433558910411247,False,False,False,False,False,0.2,0.12,0.18,False,False,True,True,True,31.00047757216989,31.939068393814065,31.00047757216989,31.939068393814065,False,False,False,False,0.555934257843628,0.9015575872902651,0.9015575872902651,False,both,right,none,none,0,moving_average,4,2.0,peak,18,-1,-1,18,False,0.7988943757927796,False,False,False,False,False,False,False,,
frame_000116.jpg,30.688218854834528,31.5585118709211,116,True,0.05960909600079488,0.09231191949816726,0.0016186623307367122,0.7692659958180605,False,False,False,False,False,0.2,0.12,0.18,False,False,True,True,True,30.688218854834528,31.5585118709211,30.688218854834528,31.5585118709211,False,False,False,False,0.4510585199566083,0.7253288205621536,0.7253288205621536,False,both,right,none,none,0,moving_average,4,2.0,peak,18,-1,-1,18,False,0.7730547015538723,False,False,False,False,False,False,False,,
frame_000117.jpg,30.604062722547013,31.48713975065577,117,True,0.008730187070696154,0.0,0.0,0.04365093535348077,False,False,False,False,False,0.2,0.12,0.18,False,False,True,True,True,30.604062722547013,31.48713975065577,30.604062722547013,31.48713975065577,False,False,False,False,0.42279369985266924,0.6922776968091985,0.6922776968091985,False,both,right,none,none,0,moving_average,4,2.0,peak,18,-1,-1,18,False,0.7032947380601835,False,False,False,False,False,False,False,,
frame_000118.jpg,30.604062722547013,31.48713975065577,118,True,0.0,0.0,0.0,0.0,False,False,False,False,False,0.2,0.12,0.18,False,False,True,True,True,30.604062722547013,31.48713975065577,30.604062722547013,31.48713975065577,False,False,False,False,0.42279369985266924,0.6922776968091985,0.6922776968091985,False,both,right,none,none,0,moving_average,4,2.0,peak,18,-1,-1,18,False,0.6393061003553347,False,False,False,False,False,False,False,,
frame_000119.jpg,30.51963274999372,31.143971828650063,119,True,0.008990972295248114,0.0,0.0,0.04495486147624057,False,False,False,False,False,0.2,0.12,0.18,False,False,True,True,True,30.51963274999372,31.143971828650063,30.51963274999372,31.143971828650063,False,False,False,False,0.3944369072965854,0.5333629074476073,0.5333629074476073,False,both,right,none,none,0,moving_average,4,2.0,peak,18,-1,-1,18,False,0.5873693570140232,False,False,False,False,False,False,False,,
frame_000120.jpg,30.544854900337665,31.150675957201766,120,True,0.05481388077796121,0.0,0.0,0.27406940388980605,False,False,False,False,False,0.2,0.12,0.18,False,False,True,True,True,30.544854900337665,31.150675957201766,30.544854900337665,31.150675957201766,False,False,False,False,0.40290806112374294,0.5364674667852638,0.5364674667852638,False,both,right,none,none,0,moving_average,4,2.0,peak,18,-1,-1,18,False,0.5511852213124678,False,False,False,False,False,False,False,,
frame_000121.jpg,30.241982504536978,31.25272667856552,121,True,0.039014180172589896,3.33066907387547e-16,6.938893903907228e-18,0.19507090086294948,False,False,False,False,False,0.2,0.12,0.18,False,False,True,True,True,30.241982504536978,31.25272667856552,30.241982504536978,31.25272667856552,False,False,False,False,0.3011848289710515,0.5837252897045326,0.5837252897045326,False,both,right,none,none,0,moving_average,4,2.0,peak,18,-1,-1,18,False,0.5586942577315365,False,False,False,False,False,False,False,,
frame_000122.jpg,30.168384738449905,31.19261790686372,122,True,0.04384541321707906,6.661338147750937e-16,1.3877787807814457e-17,0.2192270660853953,False,False,False,False,False,0.2,0.12,0.18,False,False,True,True,True,30.168384738449905,31.19261790686372,30.168384738449905,31.19261790686372,False,False,False,False,0.27646615949375286,0.5558900167048131,0.5558900167048131,False,both,right,none,none,0,moving_average,4,2.0,peak,18,-1,-1,18,False,0.5715675075366404,False,False,False,False,False,False,False,,
frame_000123.jpg,30.13070773805462,31.234073224432056,123,True,0.02164215523033316,3.33066907387547e-16,6.938893903907228e-18,0.10821077615166579,False,False,False,False,False,0.2,0.12,0.18,False,False,True,True,True,30.13070773805462,31.234073224432056,30.13070773805462,31.234073224432056,False,False,False,False,0.26381189878473565,0.5750872162005756,0.5750872162005756,False,both,right,none,none,0,moving_average,4,2.0,peak,18,-1,-1,18,False,0.5961754182482963,False,False,False,False,False,False,False,,
frame_000124.jpg,30.02003505966358,31.412145048959093,124,True,0.0406770664594196,0.0,0.0,0.203385332297098,False,False,False,False,False,0.2,0.12,0.18,False,False,True,True,True,30.02003505966358,31.412145048959093,30.02003505966358,31.412145048959093,False,False,False,False,0.22664118691721852,0.6575490218395005,0.6575490218395005,False,both,right,none,none,0,moving_average,4,2.0,peak,18,-1,-1,18,False,0.6792036674072426,False,False,False,False,False,False,False,,
frame_000125.jpg,30.0350960917546,31.73050299319416,125,True,0.010905300021579448,0.0,0.0,0.05452650010789724,False,False,False,False,False,0.2,0.12,0.18,False,False,True,True,True,30.0350960917546,31.73050299319416,30.0350960917546,31.73050299319416,False,False,False,False,0.23169961048138532,0.8049747641816516,0.8049747641816516,False,both,right,none,none,0,moving_average,4,2.0,peak,18,-1,-1,18,False,0.7458811633094515,False,False,False,False,False,False,False,,
frame_000126.jpg,30.10457772915745,31.66603259974056,126,True,0.010721586313133672,0.0,0.0,0.05360793156566836,False,False,False,False,False,0.2,0.12,0.18,False,False,True,True,True,30.10457772915745,31.66603259974056,30.10457772915745,31.66603259974056,False,False,False,False,0.25503583005727115,0.7751197039072026,0.7751197039072026,False,both,right,none,none,0,moving_average,4,2.0,peak,18,-1,-1,18,False,0.7813906340752887,True,False,False,False,False,False,False,10,
frame_000127.jpg,30.16153200349263,31.642187413358062,127,True,0.004598250585408278,0.0,0.0,0.02299125292704139,False,False,False,False,False,0.2,0.12,0.18,False,False,True,True,True,30.16153200349263,31.642187413358062,30.16153200349263,31.642187413358062,False,False,False,False,0.274164588407696,0.7640774341370125,0.7640774341370125,False,both,right,none,none,0,moving_average,4,2.0,peak,18,-1,-1,18,False,0.7659562634970667,False,False,False,False,False,False,False,,
frame_000128.jpg,30.184805369494335,31.630513919173943,128,True,0.031270347627707556,0.0,0.0,0.15635173813853778,False,False,False,False,False,0.2,0.12,0.18,False,False,True,True,True,30.184805369494335,31.630513919173943,30.184805369494335,31.630513919173943,False,False,False,False,0.2819812202486637,0.7586716524469853,0.7586716524469853,False,both,right,none,none,0,moving_average,4,2.0,peak,18,-1,-1,18,False,0.7759537173456241,False,False,False,False,False,False,False,,
frame_000129.jpg,30.13510980779203,31.73079948788873,129,True,0.0043089995758947884,0.0,0.0,0.02154499787947394,False,False,False,False,False,0.2,0.12,0.18,False,False,True,True,True,30.13510980779203,31.73079948788873,30.13510980779203,31.73079948788873,False,False,False,False,0.26529038532910043,0.805112065452875,0.805112065452875,False,both,right,none,none,0,moving_average,4,2.0,peak,18,-1,-1,18,False,0.7783612197030793,False,False,False,False,False,False,False,,
frame_000130.jpg,30.163906104928436,31.657784028082546,130,True,0.019278741205953694,0.0,0.0,0.09639370602976846,False,False,False,False,False,0.2,0.12,0.18,False,False,True,True,True,30.163906104928436,31.657784028082546,30.163906104928436,31.657784028082546,False,False,False,False,0.27496195810812707,0.7712999412093777,0.7712999412093777,False,both,right,none,none,0,moving_average,4,2.0,peak,18,-1,-1,18,False,0.725052352368138,False,False,False,False,False,False,False,,
frame_000131.jpg,29.99912876788358,31.285161042302597,131,True,0.03046246860252982,0.03697564141246376,0.02841299055856124,0.30813034510386467,False,False,False,False,False,0.2,0.12,0.18,False,False,True,True,True,29.99912876788358,31.285161042302597,29.99912876788358,31.285161042302597,False,False,False,False,0.21961956460473658,0.5987450504421614,0.5987450504421614,False,both,right,none,none,0,moving_average,4,2.0,peak,18,-1,-1,18,False,0.62832680514521,False,False,False,False,False,False,False,,
frame_000132.jpg,29.96568157344523,31.10417867093323,132,True,0.012466036429980397,0.009298637198158566,0.005419182356612351,0.07748864331798805,False,False,False,False,False,0.2,0.12,0.18,False,False,True,True,True,29.96568157344523,31.10417867093323,29.96568157344523,31.10417867093323,False,False,False,False,0.20838593363710173,0.5149354237840909,0.5149354237840909,False,both,right,none,none,0,moving_average,4,2.0,peak,18,-1,-1,18,False,0.5392597788047891,False,False,False,False,False,False,False,,
frame_000133.jpg,29.917371600201665,31.08077770026513,133,True,0.010533014152843093,0.011086465982771724,0.00045226258167046715,0.0923872165230977,False,False,False,False,False,0.2,0.12,0.18,False,False,True,True,True,29.917371600201665,31.08077770026513,29.917371600201665,31.08077770026513,False,False,False,False,0.19216046478724502,0.5040988621881153,0.5040988621881153,False,both,right,none,none,0,moving_average,4,2.0,peak,18,-1,-1,18,False,0.5127117612792019,False,False,False,False,False,False,False,,
frame_000134.jpg,29.858649117120454,31.1131740036344,134,True,0.011309394897667342,0.03518781262785076,0.03337991033350313,0.2932317718987564,False,False,False,False,False,0.2,0.12,0.18,False,False,True,True,True,29.858649117120454,31.1131740036344,29.858649117120454,31.1131740036344,False,False,False,False,0.1724378328740231,0.5191009978653998,0.5191009978653998,False,both,right,none,none,0,moving_average,4,2.0,peak,18,-1,-1,18,False,0.5130933306454629,False,False,False,False,False,False,False,,
frame_000135.jpg,29.813936150634117,31.106650606371968,135,True,0.007775823589088814,0.0,0.0,0.03887911794544407,False,False,False,False,False,0.2,0.12,0.18,False,False,True,True,True,29.813936150634117,31.106650606371968,29.813936150634117,31.106650606371968,False,False,False,False,0.15742046076224336,0.5160801318828738,0.5160801318828738,False,both,right,none,none,0,moving_average,4,2.0,peak,18,-1,-1,18,False,0.5105992422244326,False,False,False,False,False,False,False,,
frame_000136.jpg,29.825347334643546,31.064620151728928,136,True,0.010065372692277306,2.2204460492503136e-16,3.469446951953614e-18,0.050326863461386526,False,False,False,False,False,0.2,0.12,0.18,False,False,True,True,True,29.825347334643546,31.064620151728928,29.825347334643546,31.064620151728928,False,False,False,False,0.16125304021227713,0.4966165969250245,0.4966165969250245,False,both,right,none,none,0,moving_average,4,2.0,peak,18,-1,-1,18,False,0.5056835865348395,False,False,False,False,False,False,False,,
frame_000137.jpg,29.747774764363108,31.081328723121427,137,True,0.004083933868537095,2.2204460492503128e-16,3.469446951953614e-18,0.020419669342685475,False,False,False,False,False,0.2,0.12,0.18,False,False,True,True,True,29.747774764363108,31.081328723121427,29.747774764363108,31.081328723121427,False,False,False,False,0.13519938631471035,0.5043540307966202,0.5043540307966202,False,both,right,none,none,0,moving_average,4,2.0,peak,18,-1,-1,18,False,0.5679313942794125,False,False,False,False,False,False,False,,
frame_000138.jpg,29.716949663241948,31.509912963241295,138,True,0.017085264029771185,4.440892098500625e-16,6.938893903907228e-18,0.08542632014885591,False,False,False,False,False,0.2,0.12,0.18,False,False,True,True,True,29.716949663241948,31.509912963241295,29.716949663241948,31.509912963241295,False,False,False,False,0.12484641601780226,0.7028235551165929,0.7028235551165929,False,both,right,none,none,0,moving_average,4,2.0,peak,18,-1,-1,18,False,0.634207381895992,False,False,False,False,False,False,False,,
frame_000139.jpg,29.77058107866456,31.493978420533733,139,True,0.02449435337976676,3.33066907387547e-16,6.938893903907228e-18,0.1224717668988338,False,False,False,False,False,0.2,0.12,0.18,False,False,True,True,True,29.77058107866456,31.493978420533733,29.77058107866456,31.493978420533733,False,False,False,False,0.14285915338625457,0.6954445597747632,0.6954445597747632,False,both,right,none,none,0,moving_average,4,2.0,peak,18,-1,-1,18,False,0.7022099878395629,True,False,False,False,False,False,False,11,
frame_000140.jpg,29.8227510563607,31.52187260955976,140,True,0.005313414321586997,0.0,0.0,0.026567071607934985,False,False,False,False,False,0.2,0.12,0.18,False,False,True,True,True,29.8227510563607,31.52187260955976,29.8227510563607,31.52187260955976,False,False,False,False,0.16038104982239504,0.7083618486273325,0.7083618486273325,False,both,right,none,none,0,moving_average,4,2.0,peak,18,-1,-1,18,False,0.699823095288067,False,False,False,False,False,False,False,,
frame_000141.jpg,29.91673004200688,31.49444986581207,141,True,0.017941496925937418,0.0,0.0,0.08970748462968708,False,False,False,False,False,0.2,0.12,0.18,False,False,True,True,True,29.91673004200688,31.49444986581207,29.91673004200688,31.49444986581207,False,False,False,False,0.19194498997312345,0.6956628774621053,0.6956628774621053,False,both,right,none,none,0,moving_average,4,2.0,peak,18,-1,-1,18,False,0.6965300638400922,False,False,False,False,False,False,False,,
frame_000142.jpg,29.99162457128044,31.47264504878827,142,True,0.010216713037607981,4.440892098500625e-16,6.938893903907228e-18,0.05108356518803991,False,False,False,False,False,0.2,0.12,0.18,False,False,True,True,True,29.99162457128044,31.47264504878827,29.99162457128044,31.47264504878827,False,False,False,False,0.2170991925148252,0.685565465430839,0.685565465430839,False,both,right,none,none,0,moving_average,4,2.0,peak,18,-1,-1,18,False,0.6923414338466585,False,False,False,False,False,False,False,,
frame_000143.jpg,30.04315629903213,31.494737247457746,143,True,0.01601618792655989,0.0,0.0,0.08008093963279944,False,False,False,False,False,0.2,0.12,0.18,False,False,True,True,True,30.04315629903213,31.494737247457746,30.04315629903213,31.494737247457746,False,False,False,False,0.23440672525136466,0.6957959586470314,0.6957959586470314,False,both,right,none,none,0,moving_average,4,2.0,peak,18,-1,-1,18,False,0.6893747619572775,False,False,False,False,False,False,False,,
frame_000144.jpg,30.046388801344264,31.475230761693915,144,True,0.007343448161035695,3.33066907387547e-16,6.938893903907228e-18,0.03671724080517847,False,False,False,False,True,0.2,0.12,0.18,False,False,True,True,True,30.046388801344264,31.475230761693915,30.046388801344264,31.475230761693915,False,False,True,True,0.23549239891357482,0.6867628617939623,0.6867628617939623,False,both,right,none,none,0,moving_average,4,2.0,peak,18,-1,-1,18,False,0.6126431486094781,False,False,False,False,False,False,False,,
frame_000145.jpg,29.857076128630784,30.97555169938084,145,True,0.2686754479991571,0.0,0.0,1.3433772399957855,True,False,False,True,True,0.2,0.12,0.18,False,False,True,True,True,29.857076128630784,30.97555169938084,29.857076128630784,30.97555169938084,False,False,True,True,0.17190952631480297,0.45537062538744083,0.45537062538744083,False,both,right,none,none,0,moving_average,4,2.0,peak,18,-1,-1,18,False,0.5508726929672372,False,False,False,False,False,False,False,,
frame_000146.jpg,30.099010612383907,31.09456733899452,146,True,0.696705813236228,0.0,0.0,3.48352906618114,True,False,False,True,True,0.2,0.12,0.18,False,False,True,True,True,30.099010612383907,31.09456733899452,30.099010612383907,31.09456733899452,False,False,True,True,0.25316604885624977,0.5104845917203085,0.5104845917203085,False,both,right,none,none,0,moving_average,4,2.0,peak,18,-1,-1,18,False,0.49211326960935253,False,False,False,False,False,False,False,,
frame_000147.jpg,30.099010612383907,31.09456733899452,147,True,0.0,0.0,0.0,0.0,False,False,False,False,True,0.2,0.12,0.18,False,False,True,True,True,30.099010612383907,31.09456733899452,30.099010612383907,31.09456733899452,False,False,True,True,0.25316604885624977,0.5104845917203085,0.5104845917203085,False,both,right,none,none,0,moving_average,4,2.0,peak,18,-1,-1,18,False,0.5119281706370934,False,False,False,False,False,False,False,,
frame_000148.jpg,,,148,False,,,,0.0,False,False,False,False,False,0.2,0.12,0.18,True,True,False,False,False,,,30.14003173532155,31.103919331577107,True,True,False,False,0.266943472185697,0.5148153284706634,0.5148153284706634,False,missing,right,none,none,0,moving_average,4,2.0,peak,18,-1,-1,18,False,0.5148153284706628,False,False,False,False,False,False,False,,
frame_000149.jpg,,,149,False,,,,0.0,False,False,False,False,False,0.2,0.12,0.18,True,True,False,False,False,,,30.181052858259196,31.11327132415969,True,True,False,False,0.28072089551514534,0.5191460652210166,0.5191460652210166,False,missing,right,none,none,0,moving_average,4,2.0,peak,18,-1,-1,18,False,0.5191460652210171,False,False,False,False,False,False,False,,
frame_000150.jpg,,,150,False,,,,0.0,False,False,False,False,False,0.2,0.12,0.18,True,True,False,False,False,,,30.222073981196843,31.122623316742278,True,True,False,False,0.29449831884459376,0.5234768019713715,0.5234768019713715,False,missing,right,none,none,0,moving_average,4,2.0,peak,18,-1,-1,18,False,0.5234768019713709,False,False,False,False,False,False,False,,
frame_000151.jpg,,,151,False,,,,0.0,False,False,False,False,False,0.2,0.12,0.18,True,True,False,False,False,,,30.263095104134486,31.13197530932486,True,True,False,False,0.3082757421740409,0.5278075387217246,0.5278075387217246,False,missing,right,none,none,0,moving_average,4,2.0,peak,18,-1,-1,18,False,0.5278075387217251,False,False,False,False,False,False,False,,
frame_000152.jpg,,,152,False,,,,0.0,False,False,False,False,False,0.2,0.12,0.18,True,True,False,False,False,,,30.30411622707213,31.14132730190745,True,True,False,False,0.3220531655034881,0.5321382754720795,0.5321382754720795,False,missing,right,none,none,0,moving_average,4,2.0,peak,18,-1,-1,18,False,0.5321382754720789,False,False,False,False,False,False,False,,
frame_000153.jpg,,,153,False,,,,0.0,False,False,False,False,False,0.2,0.12,0.18,True,True,False,False,False,,,30.345137350009775,31.150679294490033,True,True,False,False,0.3358305888329365,0.5364690122224327,0.5364690122224327,False,missing,right,none,none,0,moving_average,4,2.0,peak,18,-1,-1,18,False,0.5364690122224332,False,False,False,False,False,False,False,,
frame_000154.jpg,,,154,False,,,,0.0,False,False,False,False,False,0.2,0.12,0.18,True,True,False,False,False,,,30.38615847294742,31.16003128707262,True,True,False,False,0.34960801216238485,0.5407997489727876,0.5407997489727876,False,missing,right,none,none,0,moving_average,4,2.0,peak,18,-1,-1,18,False,0.5407997489727876,False,False,False,False,False,False,False,,
frame_000155.jpg,,,155,False,,,,0.0,False,False,False,False,False,0.2,0.12,0.18,True,True,False,False,False,,,30.427179595885065,31.169383279655207,True,True,False,False,0.36338543549183205,0.5451304857231424,0.5451304857231424,False,missing,right,none,none,0,moving_average,4,2.0,peak,18,-1,-1,18,False,0.5451304857231418,False,False,False,False,False,False,False,,
frame_000156.jpg,,,156,False,,,,0.0,False,False,False,False,False,0.2,0.12,0.18,True,True,False,False,False,,,30.468200718822708,31.17873527223779,True,True,False,False,0.37716285882127926,0.5494612224734956,0.5494612224734956,False,missing,right,none,none,0,moving_average,4,2.0,peak,18,-1,-1,18,False,0.5494612224734962,False,False,False,False,False,False,False,,
frame_000157.jpg,,,157,False,,,,0.0,False,False,False,False,False,0.2,0.12,0.18,True,True,False,False,False,,,30.509221841760354,31.18808726482038,True,True,False,False,0.3909402821507276,0.5537919592238505,0.5537919592238505,False,missing,right,none,none,0,moving_average,4,2.0,peak,18,-1,-1,18,False,0.5537919592238498,False,False,False,False,False,False,False,,
frame_000158.jpg,,,158,False,,,,0.0,False,False,False,False,False,0.2,0.12,0.18,True,True,False,False,False,,,30.550242964698,31.197439257402962,True,True,False,False,0.404717705480176,0.5581226959742037,0.5581226959742037,False,missing,right,none,none,0,moving_average,4,2.0,peak,18,-1,-1,18,False,0.5581226959742043,False,False,False,False,False,False,False,,
frame_000159.jpg,,,159,False,,,,0.0,False,False,False,False,False,0.2,0.12,0.18,True,True,False,False,False,,,30.591264087635643,31.20679124998555,True,True,False,False,0.4184951288096232,0.5624534327245586,0.5624534327245586,False,missing,right,none,none,0,moving_average,4,2.0,peak,18,-1,-1,18,False,0.5624534327245581,False,False,False,False,False,False,False,,
frame_000160.jpg,,,160,False,,,,0.0,False,False,False,False,False,0.2,0.12,0.18,True,True,False,False,False,,,30.632285210573286,31.216143242568133,True,True,False,False,0.4322725521390704,0.5667841694749117,0.5667841694749117,False,missing,right,none,none,0,moving_average,4,2.0,peak,18,-1,-1,18,False,0.5667841694749123,False,False,False,False,False,False,False,,
frame_000161.jpg,,,161,False,,,,0.0,False,False,False,False,False,0.2,0.12,0.18,True,True,False,False,False,,,30.673306333510933,31.22549523515072,True,True,False,False,0.44604997546851877,0.5711149062252666,0.5711149062252666,False,missing,right,none,none,0,moving_average,4,2.0,peak,18,-1,-1,18,False,0.5711149062252661,False,False,False,False,False,False,False,,
frame_000162.jpg,,,162,False,,,,0.0,False,False,False,False,False,0.2,0.12,0.18,True,True,False,False,False,,,30.71432745644858,31.234847227733304,True,True,False,False,0.45982739879796714,0.5754456429756198,0.5754456429756198,False,missing,right,none,none,0,moving_average,4,2.0,peak,18,-1,-1,18,False,0.5754456429756204,False,False,False,False,False,False,False,,
frame_000163.jpg,30.755348579386222,31.244199220315892,163,True,,,,0.0,False,False,False,False,False,0.2,0.12,0.18,False,False,True,True,True,30.755348579386222,31.244199220315892,30.755348579386222,31.244199220315892,False,False,False,False,0.47360482212741434,0.5797763797259747,0.5797763797259747,False,both,right,none,none,0,moving_average,4,2.0,peak,18,-1,-1,18,False,0.5870865644952943,False,False,False,False,False,False,False,,
frame_000164.jpg,,,164,False,,,,0.0,False,False,False,False,False,0.2,0.12,0.18,True,True,False,False,False,,,30.573650080049887,31.300909062853975,True,True,False,False,0.41257925860280437,0.6060376707842882,0.6060376707842882,False,missing,right,none,none,0,moving_average,4,2.0,peak,18,-1,-1,18,False,0.6060376707842882,False,False,False,False,False,False,False,,
frame_000165.jpg,,,165,False,,,,0.0,False,False,False,False,False,0.2,0.12,0.18,True,True,False,False,False,,,30.391951580713553,31.35761890539206,True,True,False,False,0.3515536950781944,0.6322989618426017,0.6322989618426017,False,missing,right,none,none,0,moving_average,4,2.0,peak,18,-1,-1,18,False,0.6322989618426016,False,False,False,False,False,False,False,,
frame_000166.jpg,,,166,False,,,,0.0,False,False,False,False,False,0.2,0.12,0.18,True,True,False,False,False,,,30.21025308137722,31.414328747930142,True,True,False,False,0.2905281315535856,0.6585602529009151,0.6585602529009151,False,missing,right,none,none,0,moving_average,4,2.0,peak,18,-1,-1,18,False,0.6585602529009151,True,False,False,False,False,False,False,12,
frame_000167.jpg,30.028554582040886,31.471038590468225,167,True,,,,0.0,False,False,False,False,True,0.2,0.12,0.18,False,False,True,True,True,30.028554582040886,31.471038590468225,30.028554582040886,31.471038590468225,False,False,True,True,0.22950256802897562,0.6848215439592287,0.6848215439592287,False,both,right,none,none,0,moving_average,4,2.0,peak,18,-1,-1,18,False,0.6558177481245645,False,False,False,False,False,False,False,,
frame_000168.jpg,29.82913252069391,31.33985203166737,168,True,0.8178650367815945,0.0,0.0,4.089325183907972,True,False,False,True,True,0.2,0.12,0.18,False,False,True,True,True,29.82913252069391,31.33985203166737,29.82913252069391,31.33985203166737,False,False,True,True,0.16252433916418227,0.6240714475135497,0.6240714475135497,False,both,right,none,none,0,moving_average,4,2.0,peak,18,-1,-1,18,False,0.6443214796621093,False,False,False,False,False,False,False,,
frame_000169.jpg,29.82913252069391,31.33985203166737,169,True,0.0,0.0,0.0,0.0,False,False,False,False,True,0.2,0.12,0.18,False,False,True,True,True,29.82913252069391,31.33985203166737,29.82913252069391,31.33985203166737,False,False,True,True,0.16252433916418227,0.6240714475135497,0.6240714475135497,False,both,right,none,none,0,moving_average,4,2.0,peak,18,-1,-1,18,False,0.6002589015277863,False,False,False,False,False,False,False,,
frame_000170.jpg,,,170,False,,,,0.0,False,False,False,False,False,0.2,0.12,0.18,True,True,False,False,False,,,29.955024202610954,31.18558630303831,True,True,False,False,0.20480653114765887,0.5526338095562594,0.5526338095562594,False,missing,right,none,none,0,moving_average,4,2.0,peak,18,-1,-1,18,False,0.5526338095562594,False,False,False,False,False,False,False,,
frame_000171.jpg,,,171,False,,,,0.0,False,False,False,False,False,0.2,0.12,0.18,True,True,False,False,False,,,30.080915884528,31.03132057440925,True,True,False,False,0.24708872313113664,0.48119617159896916,0.48119617159896916,False,missing,right,none,none,0,moving_average,4,2.0,peak,18,-1,-1,18,False,0.4811961715989691,False,False,False,False,False,False,False,,
frame_000172.jpg,30.206807566445043,30.87705484578019,172,True,,,,0.0,False,False,False,False,False,0.2,0.12,0.18,False,False,True,True,True,30.206807566445043,30.87705484578019,30.206807566445043,30.87705484578019,False,False,False,False,0.2893709151146132,0.40975853364167886,0.40975853364167886,False,both,right,none,none,0,moving_average,4,2.0,peak,18,-1,-1,18,False,0.43934196494963296,False,False,False,False,False,False,False,,
frame_000173.jpg,,,173,False,,,,0.0,False,False,False,False,False,0.2,0.12,0.18,True,True,False,False,False,,,30.28436753298507,30.91444059317548,True,True,False,False,0.3154203358987312,0.4270711896082511,0.4270711896082511,False,missing,right,none,none,0,moving_average,4,2.0,peak,18,-1,-1,18,False,0.427071189608251,False,False,False,False,False,False,False,,
frame_000174.jpg,,,174,False,,,,0.0,False,False,False,False,False,0.2,0.12,0.18,True,True,False,False,False,,,30.361927499525095,30.951826340570772,True,True,False,False,0.3414697566828491,0.4443838455748233,0.4443838455748233,False,missing,right,none,none,0,moving_average,4,2.0,peak,18,-1,-1,18,False,0.44438384557482336,False,False,False,False,False,False,False,,
frame_000175.jpg,,,175,False,,,,0.0,False,False,False,False,False,0.2,0.12,0.18,True,True,False,False,False,,,30.43948746606512,30.989212087966063,True,True,False,False,0.3675191774669671,0.4616965015413956,0.4616965015413956,False,missing,right,none,none,0,moving_average,4,2.0,peak,18,-1,-1,18,False,0.4616965015413955,False,False,False,False,False,False,False,,
frame_000176.jpg,,,176,False,,,,0.0,False,False,False,False,False,0.2,0.12,0.18,True,True,False,False,False,,,30.517047432605146,31.026597835361354,True,True,False,False,0.39356859825108503,0.4790091575079678,0.4790091575079678,False,missing,right,none,none,0,moving_average,4,2.0,peak,18,-1,-1,18,False,0.4790091575079678,False,False,False,False,False,False,False,,
frame_000177.jpg,,,177,False,,,,0.0,False,False,False,False,False,0.2,0.12,0.18,True,True,False,False,False,,,30.594607399145172,31.063983582756645,True,True,False,False,0.419618019035203,0.49632181347454,0.49632181347454,False,missing,right,none,none,0,moving_average,4,2.0,peak,18,-1,-1,18,False,0.49632181347453996,False,False,False,False,False,False,False,,
frame_000178.jpg,,,178,False,,,,0.0,False,False,False,False,False,0.2,0.12,0.18,True,True,False,False,False,,,30.672167365685198,31.101369330151936,True,True,False,False,0.44566743981932094,0.5136344694411122,0.5136344694411122,False,missing,right,none,none,0,moving_average,4,2.0,peak,18,-1,-1,18,False,0.5136344694411121,False,False,False,False,False,False,False,,
frame_000179.jpg,,,179,False,,,,0.0,False,False,False,False,False,0.2,0.12,0.18,True,True,False,False,False,,,30.749727332225223,31.138755077547227,True,True,False,False,0.4717168606034389,0.5309471254076845,0.5309471254076845,False,missing,right,none,none,0,moving_average,4,2.0,peak,18,-1,-1,18,False,0.530947125407685,False,False,False,False,False,False,False,,
frame_000180.jpg,,,180,False,,,,0.0,False,False,False,False,False,0.2,0.12,0.18,True,True,False,False,False,,,30.82728729876525,31.17614082494252,True,True,False,False,0.4977662813875569,0.5482597813742583,0.5482597813742583,False,missing,right,none,none,0,moving_average,4,2.0,peak,18,-1,-1,18,False,0.5482597813742578,False,False,False,False,False,False,False,,
frame_000181.jpg,,,181,False,,,,0.0,False,False,False,False,False,0.2,0.12,0.18,True,True,False,False,False,,,30.90484726530527,31.213526572337813,True,True,False,False,0.5238157021716736,0.5655724373408306,0.5655724373408306,False,missing,right,none,none,0,moving_average,4,2.0,peak,18,-1,-1,18,False,0.5655724373408306,False,False,False,False,False,False,False,,
frame_000182.jpg,,,182,False,,,,0.0,False,False,False,False,False,0.2,0.12,0.18,True,True,False,False,False,,,30.982407231845297,31.250912319733104,True,True,False,False,0.5498651229557916,0.5828850933074029,0.5828850933074029,False,missing,right,none,none,0,moving_average,4,2.0,peak,18,-1,-1,18,False,0.5828850933074028,False,False,False,False,False,False,False,,
frame_000183.jpg,,,183,False,,,,0.0,False,False,False,False,False,0.2,0.12,0.18,True,True,False,False,False,,,31.059967198385323,31.288298067128395,True,True,False,False,0.5759145437399096,0.6001977492739751,0.6001977492739751,False,missing,right,none,none,0,moving_average,4,2.0,peak,18,-1,-1,18,False,0.6001977492739751,False,False,False,False,False,False,False,,
frame_000184.jpg,,,184,False,,,,0.0,False,False,False,False,False,0.2,0.12,0.18,True,True,False,False,False,,,31.13752716492535,31.325683814523686,True,True,False,False,0.6019639645240276,0.6175104052405473,0.6175104052405473,False,missing,right,none,none,0,moving_average,4,2.0,peak,18,-1,-1,18,False,0.6175104052405473,False,False,False,False,False,False,False,,
frame_000185.jpg,,,185,False,,,,0.0,False,False,False,False,False,0.2,0.12,0.18,True,True,False,False,False,,,31.215087131465374,31.363069561918977,True,True,False,False,0.6280133853081454,0.6348230612071196,0.6348230612071196,False,missing,right,none,none,0,moving_average,4,2.0,peak,18,-1,-1,18,False,0.6348230612071195,False,False,False,False,False,False,False,,
frame_000186.jpg,,,186,False,,,,0.0,False,False,False,False,False,0.2,0.12,0.18,True,True,False,False,False,,,31.2926470980054,31.400455309314268,True,True,False,False,0.6540628060922634,0.6521357171736918,0.6521357171736918,False,missing,right,none,none,0,moving_average,4,2.0,peak,18,-1,-1,18,False,0.6521357171736918,False,False,False,False,False,False,False,,
frame_000187.jpg,,,187,False,,,,0.0,False,False,False,False,False,0.2,0.12,0.18,True,True,False,False,False,,,31.370207064545426,31.43784105670956,True,True,False,False,0.6801122268763814,0.6694483731402641,0.6694483731402641,False,missing,right,none,none,0,moving_average,4,2.0,peak,18,-1,-1,18,False,0.6694483731402641,False,False,False,False,False,False,False,,
frame_000188.jpg,31.44776703108545,31.47522680410485,188,True,,,,0.0,False,False,False,False,True,0.2,0.12,0.18,False,False,True,True,True,31.44776703108545,31.47522680410485,31.44776703108545,31.47522680410485,False,False,True,True,0.7061616476604994,0.6867610291068363,0.6867610291068363,False,both,right,none,none,0,moving_average,4,2.0,peak,18,-1,-1,18,False,0.7272416754821049,True,False,False,False,False,False,False,13,
frame_000189.jpg,30.75019256190101,31.774859873235062,189,True,0.5015636765555204,0.20414765170195268,0.009695637299074515,2.5078183827776015,True,True,False,True,True,0.2,0.12,0.18,False,False,True,True,True,30.75019256190101,31.774859873235062,30.75019256190101,31.774859873235062,False,False,True,True,0.47187311342466154,0.8255156241992143,0.8255156241992143,False,both,right,none,none,0,moving_average,4,2.0,peak,18,-1,-1,18,False,0.7099089377898128,False,False,False,False,False,False,False,,
frame_000190.jpg,30.86789019699966,31.325553718310868,190,True,0.2092696772402217,0.0434292986388134,0.012186545282565828,1.0463483862011085,True,False,False,True,True,0.2,0.12,0.18,False,False,True,True,True,30.86789019699966,31.325553718310868,30.86789019699966,31.325553718310868,False,False,True,True,0.5114032390649054,0.6174501600633879,0.6174501600633879,False,both,right,none,none,0,moving_average,4,2.0,peak,18,-1,-1,18,False,0.6298097675024138,False,False,False,False,False,False,False,,
frame_000191.jpg,30.276714096055752,30.956317281605397,191,True,0.2786351399083242,0.07730640687917438,0.03993582399311035,1.3931756995416211,True,False,False,True,True,0.2,0.12,0.18,False,False,True,True,True,30.276714096055752,30.956317281605397,30.276714096055752,30.956317281605397,False,False,True,True,0.3128498397019129,0.44646351824463915,0.44646351824463915,False,both,right,none,none,0,moving_average,4,2.0,peak,18,-1,-1,18,False,0.49569021807210406,False,False,False,False,False,False,False,,
frame_000192.jpg,30.032098063147345,30.90598805966932,192,True,0.23038081326366994,0.027979169690591717,0.014563469319842252,1.1519040663183495,True,False,False,True,True,0.2,0.12,0.18,False,False,True,True,True,30.032098063147345,30.90598805966932,30.032098063147345,30.90598805966932,False,False,True,True,0.23069268755197808,0.42315697590828527,0.42315697590828527,False,both,right,none,none,0,moving_average,4,2.0,peak,18,-1,-1,18,False,0.3603600883374042,False,False,False,False,False,False,False,,
frame_000193.jpg,29.79939502173566,30.44883935599656,193,True,0.32794373885248007,0.06108361933756072,0.00542239018268046,1.6397186942624002,True,False,False,True,True,0.2,0.12,0.18,False,False,True,True,True,29.79939502173566,30.44883935599656,29.79939502173566,30.44883935599656,False,False,True,True,0.15253665275858025,0.2114597708592881,0.2114597708592881,False,both,right,none,none,0,moving_average,4,2.0,peak,18,-1,-1,18,False,0.31711601169190434,False,False,False,False,False,False,False,,
frame_000194.jpg,29.556274829465583,30.67616752371738,194,True,0.4908932947702458,0.08120775443343878,0.008912562274308228,2.454466473851229,True,False,False,True,True,0.2,0.12,0.18,False,False,True,True,True,29.556274829465583,30.67616752371738,29.556274829465583,30.67616752371738,False,False,True,True,0.07088189616078576,0.3167312883081397,0.3167312883081397,False,both,right,none,none,0,moving_average,4,2.0,peak,18,-1,-1,18,False,0.35575911451387554,False,False,False,False,False,False,False,,
frame_000195.jpg,30.24077164252761,31.156331152628933,195,True,0.46110036727302234,0.02497307966239112,0.003975466052904851,2.3055018363651114,True,False,False,True,True,0.2,0.12,0.18,False,False,True,True,True,30.24077164252761,31.156331152628933,30.24077164252761,31.156331152628933,False,False,True,True,0.3007781468204438,0.5390862843741988,0.5390862843741988,False,both,right,none,none,0,moving_average,4,2.0,peak,18,-1,-1,18,False,0.5151466397239207,False,False,False,False,False,False,False,,
frame_000196.jpg,31.625507588596417,31.481405664765497,196,True,0.40871076056063355,0.1035836913780326,0.001448368542856026,2.0435538028031677,True,False,False,True,True,0.2,0.12,0.18,False,False,True,True,True,31.625507588596417,31.481405664765497,31.625507588596417,31.481405664765497,False,False,True,True,0.7658578901881115,0.6896223464894238,0.6896223464894238,False,both,right,none,none,0,moving_average,4,2.0,peak,18,-1,-1,18,False,0.6426564313330674,False,False,False,False,False,False,False,,
frame_000197.jpg,30.85486153256105,31.50221909005072,197,True,0.4095226155840155,0.11089907500637189,0.02659742491191502,2.047613077920077,True,False,False,True,True,0.2,0.12,0.18,False,False,True,True,True,30.85486153256105,31.50221909005072,30.85486153256105,31.50221909005072,False,False,True,True,0.5070274099180309,0.6992606631355797,0.6992606631355797,False,both,right,none,none,0,moving_average,4,2.0,peak,18,-1,-1,18,False,0.6761473355396037,False,False,False,False,False,False,False,,
frame_000198.jpg,31.423531107479103,31.37329655998001,198,True,0.46870506566228565,0.03228846329073009,0.03202125950767588,2.343525328311428,True,False,False,True,True,0.2,0.12,0.18,False,False,True,True,True,31.423531107479103,31.37329655998001,31.423531107479103,31.37329655998001,False,False,True,True,0.6980217296038344,0.639558996993808,0.639558996993808,False,both,right,none,none,0,moving_average,4,2.0,peak,18,-1,-1,18,False,0.7324419424169124,False,False,False,False,False,False,False,,
frame_000199.jpg,30.93193388662768,31.846101172461587,199,True,0.659078145308642,0.0,0.0,3.2953907265432094,True,False,False,True,True,0.2,0.12,0.18,False,False,True,True,True,30.93193388662768,31.846101172461587,30.93193388662768,31.846101172461587,False,False,True,True,0.5329130603568828,0.8585061671213496,0.8585061671213496,False,both,right,none,none,0,moving_average,4,2.0,peak,18,-1,-1,18,False,0.782083109146543,True,False,False,False,False,False,False,14,
frame_000200.jpg,30.741542033449186,31.823811361625605,200,True,0.6041757902179297,0.0,0.0,3.020878951089648,True,False,False,True,True,0.2,0.12,0.18,False,False,True,True,True,30.741542033449186,31.823811361625605,30.741542033449186,31.823811361625605,False,False,True,True,0.46896773239242173,0.8481841633244712,0.8481841633244712,False,both,right,none,none,0,moving_average,4,2.0,peak,18,-1,-1,18,False,0.7776598248347986,False,False,False,False,False,False,False,,
frame_000201.jpg,30.09672544457192,31.344641027820924,201,True,0.4651406830153946,0.03239530612703619,0.003025788304722648,2.3257034150769726,True,False,False,True,True,0.2,0.12,0.18,False,False,True,True,True,30.09672544457192,31.344641027820924,30.09672544457192,31.344641027820924,False,False,True,True,0.25239854855226174,0.6262891440585748,0.6262891440585748,False,both,right,none,none,0,moving_average,4,2.0,peak,18,-1,-1,18,False,0.6458140974177364,False,False,False,False,False,False,False,,
frame_000202.jpg,30.14092356198405,30.991959947126777,202,True,0.1789235262291759,0.024275065299052764,0.005818287163331621,0.8946176311458794,False,False,False,False,True,0.2,0.12,0.18,False,False,True,True,True,30.14092356198405,30.991959947126777,30.14092356198405,30.991959947126777,False,False,True,True,0.267243002588227,0.4629689848701632,0.4629689848701632,False,both,right,none,none,0,moving_average,4,2.0,peak,18,-1,-1,18,False,0.5168551009904265,False,False,False,False,False,False,False,,
frame_000203.jpg,29.92914750143646,30.988371356217318,203,True,0.13358245199923127,0.002275925028549614,0.019757496859148387,0.6679122599961563,False,False,False,False,False,0.2,0.12,0.18,False,False,True,True,True,29.92914750143646,30.988371356217318,29.92914750143646,30.988371356217318,False,False,False,False,0.19611553877788543,0.4613071740425414,0.4613071740425414,False,both,right,none,none,0,moving_average,4,2.0,peak,18,-1,-1,18,False,0.40184361819009373,False,False,False,False,False,False,False,,
frame_000204.jpg,29.792860888749725,30.59955773410217,204,True,0.12568244603114614,0.005180436563649273,0.011597085101620913,0.6284122301557307,False,False,False,False,False,0.2,0.12,0.18,False,False,True,True,True,29.792860888749725,30.59955773410217,29.792860888749725,30.59955773410217,False,False,False,False,0.15034208786636705,0.2812546956575768,0.2812546956575768,False,both,right,none,none,0,moving_average,4,2.0,peak,18,-1,-1,18,False,0.372369947479568,False,False,False,False,False,False,False,,
frame_000205.jpg,30.013686443644083,30.80101953738434,205,True,0.12662014722399995,0.032338931205954574,0.012489841361832975,0.6331007361199997,False,False,False,False,False,0.2,0.12,0.18,False,False,True,True,True,30.013686443644083,30.80101953738434,30.013686443644083,30.80101953738434,False,False,False,False,0.224508930065311,0.37454797273858575,0.37454797273858575,False,both,right,none,none,0,moving_average,4,2.0,peak,18,-1,-1,18,False,0.38083669999648573,False,False,False,False,False,False,False,,
frame_000206.jpg,30.308426516554277,31.043221843306146,206,True,0.10422249680183138,0.0279442098590469,0.02377333574490125,0.5211124840091569,False,False,False,False,False,0.2,0.12,0.18,False,False,True,True,True,30.308426516554277,31.043221843306146,30.308426516554277,31.043221843306146,False,False,False,False,0.32350082657698676,0.48670743159329455,0.48670743159329455,False,both,right,none,none,0,moving_average,4,2.0,peak,18,-1,-1,18,False,0.5696029706420822,False,False,False,False,False,False,False,,
frame_000207.jpg,30.68660861635088,31.822449494569238,207,True,0.03747932088973099,0.040703556524919596,0.0035389903586043707,0.33919630437432996,False,False,False,False,False,0.2,0.12,0.18,False,False,True,True,True,30.68660861635088,31.822449494569238,30.68660861635088,31.822449494569238,False,False,False,False,0.450517702551773,0.8475535075943663,0.8475535075943663,False,both,right,none,none,0,moving_average,4,2.0,peak,18,-1,-1,18,False,0.7039758499447712,False,False,False,False,False,False,False,,
frame_000208.jpg,30.853472198070204,31.67153250756431,208,True,0.04211989548585038,0.0385704927534009,0.007514155336559171,0.32142077294500754,False,False,False,False,False,0.2,0.12,0.18,False,False,True,True,True,30.853472198070204,31.67153250756431,30.853472198070204,31.67153250756431,False,False,False,False,0.5065607856996819,0.777666610646653,0.777666610646653,False,both,right,none,none,0,moving_average,4,2.0,peak,18,-1,-1,18,False,0.8191028133188227,False,False,False,False,False,False,False,,
frame_000209.jpg,31.157529393403088,31.78905325924828,209,True,0.028965112689650553,0.022302380578548005,0.004081408472810146,0.18585317148790004,False,False,False,False,False,0.2,0.12,0.18,False,False,True,True,True,31.157529393403088,31.78905325924828,31.157529393403088,31.78905325924828,False,False,False,False,0.6086819466155723,0.8320883217154491,0.8320883217154491,False,both,right,none,none,0,moving_average,4,2.0,peak,18,-1,-1,18,False,0.822505960133845,False,False,False,False,False,False,False,,
frame_000210.jpg,30.91853016101732,31.844496230914228,210,True,0.017955709017438832,0.026239504359582194,0.017976127424001197,0.21866253632985164,False,False,False,False,False,0.2,0.12,0.18,False,False,True,True,True,30.91853016101732,31.844496230914228,30.91853016101732,31.844496230914228,False,False,False,False,0.5284112625341758,0.8577629480394331,0.8577629480394331,False,both,right,none,none,0,moving_average,4,2.0,peak,18,-1,-1,18,False,0.8791113943654003,False,False,False,False,False,False,False,,
frame_000211.jpg,31.349044966331693,32.03824166001344,211,True,0.031185473916048635,0.0643864466899369,0.03634703060350943,0.5365537224161409,False,False,False,False,False,0.2,0.12,0.18,False,False,True,True,True,31.349044966331693,32.03824166001344,31.349044966331693,32.03824166001344,False,False,False,False,0.6730046889849117,0.9474829133413192,0.9474829133413192,False,both,right,none,none,0,moving_average,4,2.0,peak,18,-1,-1,18,False,0.9238017076740803,False,False,False,False,False,False,False,,
frame_000212.jpg,30.86514235341357,32.078572227499144,212,True,0.024802856013047134,0.05364255361498046,0.04360790984682071,0.44702128012483716,False,False,False,False,False,0.2,0.12,0.18,False,False,True,True,True,30.86514235341357,32.078572227499144,30.86514235341357,32.078572227499144,False,False,False,False,0.5104803436974088,0.9661592616414888,0.9661592616414888,False,both,right,none,none,0,moving_average,4,2.0,peak,18,-1,-1,18,False,0.9502782765833148,True,False,False,False,False,False,False,15,
frame_000213.jpg,30.894108401798064,32.01602040127478,213,True,0.0199394881931859,0.005050619836050962,0.006039550357019922,0.09969744096592949,False,False,False,False,False,0.2,0.12,0.18,False,False,True,True,True,30.894108401798064,32.01602040127478,30.894108401798064,32.01602040127478,False,False,False,False,0.5202089294160656,0.9371926547671365,0.9371926547671365,False,both,right,none,none,0,moving_average,4,2.0,peak,18,-1,-1,18,False,0.9439257969692947,False,False,False,False,False,False,False,,
frame_000214.jpg,31.216050561918355,31.997088148043577,214,True,0.045128676583800494,0.024179863765622197,0.005516295335870058,0.22564338291900246,False,False,False,False,False,0.2,0.12,0.18,False,False,True,True,True,31.216050561918355,31.997088148043577,31.216050561918355,31.997088148043577,False,False,False,False,0.6283369646801527,0.9284254744992593,0.9284254744992593,False,both,right,none,none,0,moving_average,4,2.0,peak,18,-1,-1,18,False,0.9229807284948277,False,False,False,False,False,False,False,,
frame_000215.jpg,30.829591535612224,31.94288298824976,215,True,0.005285037734471937,0.03379747248351567,0.001687772329617988,0.2816456040292972,False,False,False,False,False,0.2,0.12,0.18,False,False,True,True,True,30.829591535612224,31.94288298824976,30.829591535612224,31.94288298824976,False,False,False,False,0.49854018624970164,0.9033240562180875,0.9033240562180875,False,both,right,none,none,0,moving_average,4,2.0,peak,18,-1,-1,18,False,0.8702381526840955,False,False,False,False,False,False,False,,
frame_000216.jpg,30.762314929717306,31.67433615247247,216,True,0.019325105907393718,0.011801283168689827,0.006741721072181256,0.09834402640574856,False,False,False,False,False,0.2,0.12,0.18,False,False,True,True,True,30.762314929717306,31.67433615247247,30.762314929717306,31.67433615247247,False,False,False,False,0.4759445522639703,0.77896492733494,0.77896492733494,False,both,right,none,none,0,moving_average,4,2.0,peak,18,-1,-1,18,False,0.8055340473174003,False,False,False,False,False,False,False,,
frame_000217.jpg,30.75806149089264,31.57791306421792,217,True,0.022325120433730826,0.005824919505349881,0.004243733938050824,0.11162560216865412,False,False,False,False,False,0.2,0.12,0.18,False,False,True,True,True,30.75806149089264,31.57791306421792,30.75806149089264,31.57791306421792,False,False,False,False,0.4745159851478919,0.7343131583991738,0.7343131583991738,False,both,right,none,none,0,moving_average,4,2.0,peak,18,-1,-1,18,False,0.7386715124971187,False,False,False,False,False,False,False,,
frame_000218.jpg,30.65242152261154,31.50972486823171,218,True,0.014740914358373079,0.008272670773010592,0.00030684458540143796,0.07370457179186539,False,False,False,False,False,0.2,0.12,0.18,False,False,True,True,True,30.65242152261154,31.50972486823171,30.65242152261154,31.50972486823171,False,False,False,False,0.43903556776071945,0.7027364517572425,0.7027364517572425,False,both,right,none,none,0,moving_average,4,2.0,peak,18,-1,-1,18,False,0.709945689535465,False,False,False,False,False,False,False,,
frame_000219.jpg,30.57131320777596,31.48824055344252,219,True,0.006987519852203534,0.011873244110083697,0.0021499574162847663,0.09894370091736415,False,False,False,False,False,0.2,0.12,0.18,False,False,True,True,True,30.57131320777596,31.48824055344252,30.57131320777596,31.48824055344252,False,False,False,False,0.41179439275128527,0.6927874584499787,0.6927874584499787,False,both,right,none,none,0,moving_average,4,2.0,peak,18,-1,-1,18,False,0.711071202197793,False,False,False,False,False,False,False,,
frame_000220.jpg,30.587764498084283,31.585204516003003,220,True,0.0007690366759470188,0.004978924696551208,0.0016152974477140827,0.04149103913792674,False,False,False,False,False,0.2,0.12,0.18,False,False,True,True,True,30.587764498084283,31.585204516003003,30.587764498084283,31.585204516003003,False,False,False,False,0.41731975077812233,0.7376896963861577,0.7376896963861577,False,both,right,none,none,0,moving_average,4,2.0,peak,18,-1,-1,18,False,0.7583869375532462,False,False,False,False,False,False,False,,
frame_000221.jpg,30.91146919075,31.816252208676225,221,True,0.033242871020910336,0.025625418185091713,0.005251008358190955,0.21354515154243095,False,False,False,False,False,0.2,0.12,0.18,False,False,True,True,True,30.91146919075,31.816252208676225,30.91146919075,31.816252208676225,False,False,False,False,0.5260397531867267,0.8446836578236022,0.8446836578236022,False,both,right,none,none,0,moving_average,4,2.0,peak,18,-1,-1,18,False,0.8118742680639396,False,False,False,False,False,False,False,,
frame_000222.jpg,30.88491273509478,31.834749575140098,222,True,0.003292387516471225,0.0017534405745736716,0.0012731798459642337,0.016461937582356125,False,False,False,False,False,0.2,0.12,0.18,False,False,True,True,True,30.88491273509478,31.834749575140098,30.88491273509478,31.834749575140098,False,False,False,False,0.5171204573340057,0.8532494499820592,0.8532494499820592,False,both,right,none,none,0,moving_average,4,2.0,peak,18,-1,-1,18,False,0.8596832665690778,False,False,False,False,False,False,False,,
frame_000223.jpg,30.962126199067992,31.894927382001043,223,True,0.005198163320689092,0.0008744148634462272,0.008622192276673683,0.04790106820374269,False,False,False,False,False,0.2,0.12,0.18,False,False,True,True,True,30.962126199067992,31.894927382001043,30.962126199067992,31.894927382001043,False,False,False,False,0.5430535011833677,0.8811166919015723,0.8811166919015723,False,both,right,none,none,0,moving_average,4,2.0,peak,18,-1,-1,18,False,0.8712974275313835,False,False,False,False,False,False,False,,
frame_000224.jpg,30.91415284213056,31.89149267243581,224,True,0.007163223212761147,0.0031785598243552074,0.002112226413946675,0.035816116063805734,False,False,False,False,False,0.2,0.12,0.18,False,False,True,True,True,30.91415284213056,31.89149267243581,30.91415284213056,31.89149267243581,False,False,False,False,0.5269410888521302,0.8795261407105194,0.8795261407105194,False,both,right,none,none,0,moving_average,4,2.0,peak,18,-1,-1,18,False,0.8834878996465003,True,False,False,False,False,False,False,16,
frame_000225.jpg,30.979269682267287,31.91372357751242,225,True,0.006595213409714414,0.005829369493844598,0.003491514606064205,0.04857807911537165,False,False,False,False,False,0.2,0.12,0.18,False,False,True,True,True,30.979269682267287,31.91372357751242,30.979269682267287,31.91372357751242,False,False,False,False,0.5488113402785332,0.8898208663274098,0.8898208663274098,False,both,right,none,none,0,moving_average,4,2.0,peak,18,-1,-1,18,False,0.879286213364812,False,False,False,False,False,False,False,,
frame_000226.jpg,30.863092427578152,31.8677074368468,226,True,0.0036219129456380368,0.013821292726828608,0.007283412314700326,0.1151774393902384,False,False,False,False,False,0.2,0.12,0.18,False,False,True,True,True,30.863092427578152,31.8677074368468,30.863092427578152,31.8677074368468,False,False,False,False,0.5097918521592453,0.8685116330565072,0.8685116330565072,False,both,right,none,none,0,moving_average,4,2.0,peak,18,-1,-1,18,False,0.8701822071180333,False,False,False,False,False,False,False,,
frame_000227.jpg,30.883330673798465,31.83251384010337,227,True,0.006218030148133956,0.002757692447805595,0.002594992680421897,0.03109015074066978,False,False,False,False,False,0.2,0.12,0.18,False,False,True,True,True,30.883330673798465,31.83251384010337,30.883330673798465,31.83251384010337,False,False,False,False,0.5165891035666894,0.8522141219701831,0.8522141219701831,False,both,right,none,none,0,moving_average,4,2.0,peak,18,-1,-1,18,False,0.8206647401077717,False,False,False,False,False,False,False,,
frame_000228.jpg,30.74963105538032,31.592932674566956,228,True,0.01630710864511875,0.008938806346221476,0.0006311180869486111,0.08153554322559375,False,False,False,False,False,0.2,0.12,0.18,False,False,True,True,True,30.74963105538032,31.592932674566956,30.74963105538032,31.592932674566956,False,False,False,False,0.471684524900414,0.7412684652966247,0.7412684652966247,False,both,right,none,none,0,moving_average,4,2.0,peak,18,-1,-1,18,False,0.7680311924158307,False,False,False,False,False,False,False,,
frame_000229.jpg,30.7008010255641,31.526729509082,229,True,0.005634856868772418,0.00792054375044556,0.00242497007572638,0.066004531253713,False,False,False,False,False,0.2,0.12,0.18,False,False,True,True,True,30.7008010255641,31.526729509082,30.7008010255641,31.526729509082,False,False,False,False,0.45528438897555773,0.7106109899806845,0.7106109899806845,False,both,right,none,none,0,moving_average,4,2.0,peak,18,-1,-1,18,False,0.6852785385906854,False,False,False,False,False,False,False,,
frame_000230.jpg,30.538977732858907,31.296414153578603,230,True,0.0070572672273418475,0.026947789452000857,0.03864027411428595,0.22456491210000715,False,False,False,False,False,0.2,0.12,0.18,False,False,True,True,True,30.538977732858907,31.296414153578603,30.538977732858907,31.296414153578603,False,False,False,False,0.40093414577149883,0.6039561604947472,0.6039561604947472,False,both,right,none,none,0,moving_average,4,2.0,peak,18,-1,-1,18,False,0.6395077703233929,False,False,False,False,False,False,False,,
frame_000231.jpg,30.538977732858907,31.296414153578603,231,True,0.0,0.0,0.0,0.0,False,False,False,False,False,0.2,0.12,0.18,False,False,True,True,True,30.538977732858907,31.296414153578603,30.538977732858907,31.296414153578603,False,False,False,False,0.40093414577149883,0.6039561604947472,0.6039561604947472,False,both,right,none,none,0,moving_average,4,2.0,peak,18,-1,-1,18,False,0.6102514189176682,False,False,False,False,False,False,False,,
frame_000232.jpg,30.478697270056237,31.33719696731472,232,True,0.009072567300500163,0.014496057961321605,0.04011831865123757,0.22287954806243096,False,False,False,False,False,0.2,0.12,0.18,False,False,True,True,True,30.478697270056237,31.33719696731472,30.478697270056237,31.33719696731472,False,False,False,False,0.3806882481691868,0.6228419357635104,0.6228419357635104,False,both,right,none,none,0,moving_average,4,2.0,peak,18,-1,-1,18,False,0.6351950172126718,False,False,False,False,False,False,False,,
frame_000233.jpg,30.30019343696232,31.458007221699493,233,True,0.021095110346157846,0.05920988930788647,5.149154949379061e-05,0.49341574423238727,False,False,False,False,False,0.2,0.12,0.18,False,False,True,True,True,30.30019343696232,31.458007221699493,30.30019343696232,31.458007221699493,False,False,False,False,0.3207356506207885,0.6787869553797579,0.6787869553797579,False,both,right,none,none,0,moving_average,4,2.0,peak,18,-1,-1,18,False,0.6725030338546533,False,False,False,False,False,False,False,,
frame_000234.jpg,30.35595132850143,31.53810810660745,234,True,0.005864540520964463,0.005609043460421003,0.004774609136351231,0.04674202883684169,False,False,False,False,False,0.2,0.12,0.18,False,False,True,True,True,30.35595132850143,31.53810810660745,30.35595132850143,31.53810810660745,False,False,False,False,0.3394625898335318,0.7158802104206915,0.7158802104206915,False,both,right,none,none,0,moving_average,4,2.0,peak,18,-1,-1,18,False,0.7106599583040054,False,False,False,False,False,False,False,,
frame_000235.jpg,30.401181884132544,31.584390432303408,235,True,0.011919784985491618,0.0036985856321363523,0.005895542375054788,0.05959892492745809,False,False,False,False,False,0.2,0.12,0.18,False,False,True,True,True,30.401181884132544,31.584390432303408,30.401181884132544,31.584390432303408,False,False,False,False,0.35465380030583543,0.7373127091115671,0.7373127091115671,False,both,right,none,none,0,moving_average,4,2.0,peak,18,-1,-1,18,False,0.7260624617534669,False,False,False,False,False,False,False,,
frame_000236.jpg,30.531464363194377,31.55778984967902,236,True,0.0048857005972814385,0.0022304650882373793,0.000843137099947126,0.02442850298640719,False,False,False,False,False,0.2,0.12,0.18,False,False,True,True,True,30.531464363194377,31.55778984967902,30.531464363194377,31.55778984967902,False,False,False,False,0.39841069280176405,0.7249944657281422,0.7249944657281422,False,both,right,none,none,0,moving_average,4,2.0,peak,18,-1,-1,18,False,0.7606619238154226,False,False,False,False,False,False,False,,
frame_000237.jpg,30.62028074069903,31.76225512676868,237,True,0.009731998136552792,0.01716026593022038,0.0016044784698976851,0.14300221608516986,False,False,False,False,False,0.2,0.12,0.18,False,False,True,True,True,30.62028074069903,31.76225512676868,30.62028074069903,31.76225512676868,False,False,False,False,0.42824071070082803,0.8196785966065588,0.8196785966065588,False,both,right,none,none,0,moving_average,4,2.0,peak,18,-1,-1,18,False,0.7610148066077895,True,False,False,False,False,False,False,17,
frame_000238.jpg,30.80013483694509,31.586676526411853,238,True,0.053194731203890594,0.018760939098441523,0.03172607210205331,0.26597365601945294,False,False,False,False,False,0.2,0.12,0.18,False,False,True,True,True,30.80013483694509,31.586676526411853,30.80013483694509,31.586676526411853,False,False,False,False,0.48864680990205817,0.7383713574886678,0.7383713574886678,False,both,right,none,none,0,moving_average,4,2.0,peak,18,-1,-1,18,False,0.7603133358152143,False,False,False,False,False,False,False,,
frame_000239.jpg,30.65737266562812,31.55324548457865,239,True,0.030461539709511324,0.005663703752644625,0.004286463606408903,0.1523076985475566,False,False,False,False,False,0.2,0.12,0.18,False,False,True,True,True,30.65737266562812,31.55324548457865,30.65737266562812,31.55324548457865,False,False,False,False,0.44069846697992787,0.7228900533504163,0.7228900533504163,False,both,right,none,none,0,moving_average,4,2.0,peak,18,-1,-1,18,False,0.7145481015577949,False,False,False,False,False,False,False,,
frame_000240.jpg,30.63992094215072,31.465772456968427,240,True,0.0030047881621084074,0.00419111183528967,3.6044859982181654e-05,0.03492593196074725,False,False,False,False,False,0.2,0.12,0.18,False,False,True,True,True,30.63992094215072,31.465772456968427,30.63992094215072,31.465772456968427,False,False,False,False,0.4348371017866325,0.6823828938343006,0.6823828938343006,False,both,right,none,none,0,moving_average,4,2.0,peak,18,-1,-1,18,False,0.6942054192276643,False,False,False,False,False,False,False,,
frame_000241.jpg,30.634228884226932,31.454889748391423,241,True,0.007020395706438546,0.005173246791955184,0.00029167787996626365,0.04311038993295987,False,False,False,False,False,0.2,0.12,0.18,False,False,True,True,True,30.634228884226932,31.454889748391423,30.634228884226932,31.454889748391423,False,False,False,False,0.4329253576407939,0.6773433104982761,0.6773433104982761,False,both,right,none,none,0,moving_average,4,2.0,peak,18,-1,-1,18,False,0.6494618480403624,False,False,False,False,False,False,False,,
frame_000242.jpg,30.35811283164017,31.263381493773046,242,True,0.03379976941172646,0.03616808586236671,0.029124437527999,0.3014007155197226,False,False,False,False,False,0.2,0.12,0.18,False,False,True,True,True,30.35811283164017,31.263381493773046,30.35811283164017,31.263381493773046,False,False,False,False,0.3401885559124133,0.5886593397885106,0.5886593397885106,False,both,right,none,none,0,moving_average,4,2.0,peak,18,-1,-1,18,False,0.594997745444418,False,False,False,False,False,False,False,,
frame_000243.jpg,30.3184386833832,31.11293557526269,243,True,0.023559199297979783,0.005680840855790472,0.0029835447209907375,0.11779599648989891,False,False,False,False,False,0.2,0.12,0.18,False,False,True,True,True,30.3184386833832,31.11293557526269,30.3184386833832,31.11293557526269,False,False,False,False,0.32686352976423966,0.5189905860464671,0.5189905860464671,False,both,right,none,none,0,moving_average,4,2.0,peak,18,-1,-1,18,False,0.5492430336213142,False,False,False,False,False,False,False,,
frame_000244.jpg,30.362968272266965,31.158475246480386,244,True,0.02628175222683908,0.022851442373644306,0.0290323580361683,0.1904286864470359,False,False,False,False,False,0.2,0.12,0.18,False,False,True,True,True,30.362968272266965,31.158475246480386,30.362968272266965,31.158475246480386,False,False,False,False,0.3418193123660588,0.5400791750289651,0.5400791750289651,False,both,right,none,none,0,moving_average,4,2.0,peak,18,-1,-1,18,False,0.5467313969770693,False,False,False,False,False,False,False,,
frame_000245.jpg,30.43696214875845,31.247110261910333,245,True,0.01304307836330471,0.009897189937129718,0.024993697530716348,0.13885387517064637,False,False,False,False,False,0.2,0.12,0.18,False,False,True,True,True,30.43696214875845,31.247110261910333,30.43696214875845,31.247110261910333,False,False,False,False,0.36667102014986824,0.581124429855776,0.581124429855776,False,both,right,none,none,0,moving_average,4,2.0,peak,18,-1,-1,18,False,0.6102963803084269,False,False,False,False,False,False,False,,
frame_000246.jpg,30.594031506633,31.524731041180885,246,True,0.035208274818625776,0.0315745763564124,0.02961634482247992,0.26312146963677,False,False,False,False,False,0.2,0.12,0.18,False,False,True,True,True,30.594031506633,31.524731041180885,30.594031506633,31.524731041180885,False,False,False,False,0.4194245988076658,0.7096855360405399,0.7096855360405399,False,both,right,none,none,0,moving_average,4,2.0,peak,18,-1,-1,18,False,0.6766734309312958,False,False,False,False,False,False,False,,
frame_000247.jpg,30.77100022421641,31.58848823562933,247,True,0.010980132787526884,0.016577797827051446,0.005126072906167479,0.13814831522542872,False,False,False,False,False,0.2,0.12,0.18,False,False,True,True,True,30.77100022421641,31.58848823562933,30.77100022421641,31.58848823562933,False,False,False,False,0.47886160987931153,0.7392103268975717,0.7392103268975717,False,both,right,none,none,0,moving_average,4,2.0,peak,18,-1,-1,18,False,0.7320497200811964,False,False,False,False,False,False,False,,
frame_000248.jpg,30.8550686099781,31.605856596703354,248,True,0.006215248189581301,0.004966131222410878,0.005075527688133339,0.041384426853423986,False,False,False,False,False,0.2,0.12,0.18,False,False,True,True,True,30.8550686099781,31.605856596703354,30.8550686099781,31.605856596703354,False,False,False,False,0.5070969592875357,0.7472532973054776,0.7472532973054776,False,both,right,none,none,0,moving_average,4,2.0,peak,18,-1,-1,18,False,0.7511664120652427,False,False,False,False,False,False,False,,
frame_000249.jpg,30.854067266035077,31.648575438989475,249,True,0.014827399783008881,0.007630102729556969,0.0018817190329451158,0.0741369989150444,False,False,False,False,False,0.2,0.12,0.18,False,False,True,True,True,30.854067266035077,31.648575438989475,30.854067266035077,31.648575438989475,False,False,False,False,0.5067606462270086,0.767035611992679,0.767035611992679,False,both,right,none,none,0,moving_average,4,2.0,peak,18,-1,-1,18,False,0.7618412662328273,True,False,False,False,False,False,False,18,
frame_000250.jpg,30.861070311310037,31.657643552207237,250,True,0.011109645236091082,0.00029206740543115254,0.0006890532570906459,0.05554822618045541,False,False,False,False,False,0.2,0.12,0.18,False,False,True,True,True,30.861070311310037,31.657643552207237,30.861070311310037,31.657643552207237,False,False,False,False,0.5091127007891197,0.7712348894003257,0.7712348894003257,False,both,right,none,none,0,moving_average,4,2.0,peak,18,-1,-1,18,False,0.7510757514377463,False,False,False,False,False,False,False,,
frame_000251.jpg,30.88309615915713,31.53611394991023,251,True,0.029216706229910773,0.009342454363292615,0.004574787586718636,0.14608353114955386,False,False,False,False,False,0.2,0.12,0.18,False,False,True,True,True,30.88309615915713,31.53611394991023,30.88309615915713,31.53611394991023,False,False,False,False,0.5165103390848995,0.7149567529202343,0.7149567529202343,False,both,right,none,none,0,moving_average,4,2.0,peak,18,-1,-1,18,False,0.7337161317469314,False,False,False,False,False,False,False,,
frame_000252.jpg,30.88309615915713,31.53611394991023,252,True,0.0,0.0,0.0,0.0,False,False,False,False,True,0.2,0.12,0.18,False,False,True,True,True,30.88309615915713,31.53611394991023,30.88309615915713,31.53611394991023,False,False,True,True,0.5165103390848995,0.7149567529202343,0.7149567529202343,False,both,right,none,none,0,moving_average,4,2.0,peak,18,-1,-1,18,False,0.715785475475422,False,False,False,False,False,False,False,,
frame_000253.jpg,30.83819535117476,31.5414826949778,253,True,0.2313227936750899,0.033268147094484744,0.03782388092091638,1.1566139683754495,True,False,False,True,True,0.2,0.12,0.18,False,False,True,True,True,30.83819535117476,31.5414826949778,30.83819535117476,31.5414826949778,False,False,True,True,0.501429878212395,0.7174429205857975,0.7174429205857975,False,both,right,none,none,0,moving_average,4,2.0,peak,18,-1,-1,18,False,0.6469234778537309,False,False,False,False,False,False,False,,
frame_000254.jpg,30.99652038604035,31.09000263345067,254,True,0.4309113297504503,0.07826722053056254,0.01455275770948039,2.1545566487522514,True,False,False,True,True,0.2,0.12,0.18,False,False,True,True,True,30.99652038604035,31.09000263345067,30.99652038604035,31.09000263345067,False,False,True,True,0.5546051906559022,0.508370760055161,0.508370760055161,False,both,right,none,none,0,moving_average,4,2.0,peak,18,-1,-1,18,False,0.6819628446223704,False,False,False,False,False,False,False,,
frame_000255.jpg,30.34868806423152,31.763110821580177,255,True,0.4027790963831742,0.04444347443397016,0.03500723263214093,2.013895481915871,True,False,False,True,True,0.2,0.12,0.18,False,False,True,True,True,30.34868806423152,31.763110821580177,30.34868806423152,31.763110821580177,False,False,True,True,0.33702313768220227,0.8200748532261529,0.8200748532261529,False,both,right,none,none,0,moving_average,4,2.0,peak,18,-1,-1,18,False,0.7203386279515349,False,False,False,False,False,False,False,,
frame_000256.jpg,,,256,False,,,,0.0,False,False,False,False,True,0.2,0.12,0.18,True,True,False,False,False,,,30.726275580520756,31.790094001829402,True,True,False,False,0.4638403158403741,0.8325702705732909,0.8325702705732909,False,missing,right,none,none,0,moving_average,4,2.0,peak,18,-1,-1,18,False,0.8325702705732907,False,False,False,False,False,False,False,,
frame_000257.jpg,,,257,False,,,,0.0,False,False,False,False,False,0.2,0.12,0.18,True,True,False,False,False,,,31.103863096809995,31.817077182078627,True,True,False,False,0.5906574939985472,0.8450656879204288,0.8450656879204288,False,missing,right,none,none,0,moving_average,4,2.0,peak,18,-1,-1,18,False,0.8450656879204288,False,False,False,False,False,False,False,,
frame_000258.jpg,,,258,False,,,,0.0,False,False,False,False,False,0.2,0.12,0.18,True,True,False,False,False,,,31.48145061309923,31.844060362327852,True,True,False,False,0.717474672156719,0.8575611052675668,0.8575611052675668,False,missing,right,none,none,0,moving_average,4,2.0,peak,18,-1,-1,18,False,0.8575611052675667,False,False,False,False,False,False,False,,
frame_000259.jpg,,,259,False,,,,0.0,False,False,False,False,False,0.2,0.12,0.18,True,True,False,False,False,,,31.85903812938847,31.871043542577077,True,True,False,False,0.844291850314892,0.8700565226147048,0.8700565226147048,False,missing,right,none,none,0,moving_average,4,2.0,peak,18,-1,-1,18,False,0.8700565226147047,False,False,False,False,False,False,False,,
frame_000260.jpg,32.236625645677705,31.8980267228263,260,True,,,,0.0,False,False,False,False,False,0.2,0.12,0.18,False,False,True,True,True,32.236625645677705,31.8980267228263,32.236625645677705,31.8980267228263,False,False,False,False,0.9711090284730638,0.8825519399618427,0.8825519399618427,False,both,right,none,none,0,moving_average,4,2.0,peak,18,-1,-1,18,False,,False,False,False,False,False,False,False,,
