frame_name,left_temp,right_temp,frame_index,motion_coordinate_valid,motion_center_step_norm,motion_scale_step_log,motion_angle_step_rad,motion_score,motion_center_flag,motion_scale_flag,motion_angle_flag,motion_artifact_raw,motion_artifact,motion_center_threshold,motion_scale_threshold,motion_angle_threshold,left_missing_raw,right_missing_raw,left_quality_valid,right_quality_valid,quality_any_valid,left_temp_motion_filtered,right_temp_motion_filtered,left_temp_used,right_temp_used,left_repaired,right_repaired,left_motion_interpolated,right_motion_interpolated,left_norm,right_norm,fused_norm,fused_repaired,fusion_source,selected_fusion_mode,peak_retune_rule,edge_peak_completion,edge_peak_added,smoothing_method,butterworth_order,butterworth_cutoff_hz,rr_estimator,time_peak_count,spectral_count,autocorr_count,joint_count,joint_adjusted,smoothed_norm,is_peak,source_peak_rejected,quality_peak_rejected,mad_ibi_peak_rejected,motion_peak_rejected,motion_interval_peak_rejected,motion_reconstructed_peak,peak_number,event_source
frame_000000.jpg,31.701532797092757,31.948566722724276,0,True,,,,0.0,False,False,False,False,False,0.8746383708816627,0.12,0.18,False,False,True,True,True,31.701532797092757,31.948566722724276,31.701532797092757,31.948566722724276,False,False,False,False,0.6781221278231254,0.736990566145684,0.736990566145684,False,both,max,none,none,0,moving_average,4,2.0,peak,16,-1,-1,16,False,,False,False,False,False,False,False,False,,
frame_000001.jpg,31.560638270896472,31.77846164999728,1,True,0.5967758053038869,0.009783533476028417,0.02501449979880266,0.682311484576555,False,False,False,False,False,0.8746383708816627,0.12,0.18,False,False,True,True,True,31.560638270896472,31.77846164999728,31.560638270896472,31.77846164999728,False,False,False,False,0.645572037862583,0.713268402994643,0.713268402994643,False,both,max,none,none,0,moving_average,4,2.0,peak,16,-1,-1,16,False,0.7325927349327264,False,False,False,False,False,False,False,,
frame_000002.jpg,32.00192129493159,31.76745978163597,2,True,0.4578249288867173,0.040917580829933096,0.0041229787227585815,0.523444824888274,False,False,False,False,False,0.8746383708816627,0.12,0.18,False,False,True,True,True,32.00192129493159,31.76745978163597,32.00192129493159,31.76745978163597,False,False,False,False,0.747519235657852,0.7117341270788853,0.747519235657852,False,both,max,none,none,0,moving_average,4,2.0,peak,16,-1,-1,16,False,0.8009371198977222,False,False,False,False,False,False,False,,
frame_000003.jpg,32.84384269497333,32.26630451509435,3,True,0.12442411297837616,0.045396050128507684,0.04674423592488071,0.37830041773756407,False,False,False,False,False,0.8746383708816627,0.12,0.18,False,False,True,True,True,32.84384269497333,32.26630451509435,32.84384269497333,32.26630451509435,False,False,False,False,0.9420237210406716,0.7813009892801623,0.9420237210406716,False,both,max,none,none,0,moving_average,4,2.0,peak,16,-1,-1,16,False,0.8888774361332692,False,False,False,False,False,False,False,,
frame_000004.jpg,32.99562585206107,31.590219834865465,4,True,0.12924595023883448,0.06135547172737095,0.025636002871738922,0.5112955977280913,False,False,False,False,False,0.8746383708816627,0.12,0.18,False,False,True,True,True,32.99562585206107,31.590219834865465,32.99562585206107,31.590219834865465,False,False,False,False,0.9770893517012841,0.6870169633472685,0.9770893517012841,False,both,max,none,none,0,moving_average,4,2.0,peak,16,-1,-1,16,False,0.949721695704949,True,False,False,False,False,False,False,1,
frame_000005.jpg,32.79202262502076,31.98786153246469,5,True,0.2283542761546384,0.03294038730923944,0.002189038427325908,0.27450322757699536,False,False,False,False,False,0.8746383708816627,0.12,0.18,False,False,True,True,True,32.79202262502076,31.98786153246469,32.79202262502076,31.98786153246469,False,False,False,False,0.9300520143728918,0.7424704608525707,0.9300520143728918,False,both,max,none,none,0,moving_average,4,2.0,peak,16,-1,-1,16,False,0.898182829061681,False,False,False,False,False,False,False,,
frame_000006.jpg,32.174577798452376,31.02951369541054,6,True,0.6315523754990812,0.007565100563283141,0.0023394996842518896,0.7220725691035675,False,False,False,False,False,0.8746383708816627,0.12,0.18,False,False,True,True,True,32.174577798452376,31.02951369541054,32.174577798452376,31.02951369541054,False,False,False,False,0.7874071211108672,0.608823160501146,0.7874071211108672,False,both,max,none,none,0,moving_average,4,2.0,peak,16,-1,-1,16,False,0.8349554188648753,False,False,False,False,False,False,False,,
frame_000007.jpg,32.174577798452376,31.02951369541054,7,True,0.0,0.0,0.0,0.0,False,False,False,False,False,0.8746383708816627,0.12,0.18,False,False,True,True,True,32.174577798452376,31.02951369541054,32.174577798452376,31.02951369541054,False,False,False,False,0.7874071211108672,0.608823160501146,0.7874071211108672,False,both,max,none,none,0,moving_average,4,2.0,peak,16,-1,-1,16,False,0.7683664982631465,False,False,False,False,False,False,False,,
frame_000008.jpg,31.927323225159604,31.11983247229807,8,True,0.1167719042843675,0.0,0.0,0.1335087827974638,False,False,False,False,False,0.8746383708816627,0.12,0.18,False,False,True,True,True,31.927323225159604,31.11983247229807,31.927323225159604,31.11983247229807,False,False,False,False,0.7302852525677053,0.6214186506095869,0.7302852525677053,False,both,max,none,none,0,moving_average,4,2.0,peak,16,-1,-1,16,False,0.741906148408902,False,False,False,False,False,False,False,,
frame_000009.jpg,31.83097336047193,31.49286652576385,9,True,0.11372263836496146,0.0,0.0,0.13002246659991087,False,False,False,False,False,0.8746383708816627,0.12,0.18,False,False,True,True,True,31.83097336047193,31.49286652576385,31.83097336047193,31.49286652576385,False,False,False,False,0.7080260715481336,0.6734404659225937,0.7080260715481336,False,both,max,none,none,0,moving_average,4,2.0,peak,16,-1,-1,16,False,0.6719230810116639,False,False,False,False,False,False,False,,
frame_000010.jpg,30.999176808997444,30.804602220582805,10,True,0.06425997333868552,4.440892098500625e-16,1.0408340855860843e-17,0.07347033411524063,False,False,False,False,False,0.8746383708816627,0.12,0.18,False,False,True,True,True,30.999176808997444,30.804602220582805,30.999176808997444,30.804602220582805,False,False,False,False,0.515860674422312,0.5774579189191528,0.5774579189191528,False,both,max,none,none,0,moving_average,4,2.0,peak,16,-1,-1,16,False,0.6406187848365671,False,False,False,False,False,False,False,,
frame_000011.jpg,30.731953757275477,31.227061416590963,11,True,0.22710072581785626,0.0,0.0,0.2596509979192105,False,False,False,False,False,0.8746383708816627,0.12,0.18,False,False,True,True,True,30.731953757275477,31.227061416590963,30.731953757275477,31.227061416590963,False,False,False,False,0.45412559778091677,0.6363723640424149,0.6363723640424149,False,both,max,none,none,0,moving_average,4,2.0,peak,16,-1,-1,16,False,0.6167342156679941,False,False,False,False,False,False,False,,
frame_000012.jpg,30.731953757275477,31.227061416590963,12,True,0.0,0.0,0.0,0.0,False,False,False,False,False,0.8746383708816627,0.12,0.18,False,False,True,True,True,30.731953757275477,31.227061416590963,30.731953757275477,31.227061416590963,False,False,False,False,0.45412559778091677,0.6363723640424149,0.6363723640424149,False,both,max,none,none,0,moving_average,4,2.0,peak,16,-1,-1,16,False,0.6594378954065202,False,False,False,False,False,False,False,,
frame_000013.jpg,29.939911091884383,31.72325105981991,13,True,0.6330397865889797,0.0,0.0,0.7237731703342216,False,False,False,False,False,0.8746383708816627,0.12,0.18,False,False,True,True,True,29.939911091884383,31.72325105981991,29.939911091884383,31.72325105981991,False,False,False,False,0.2711443230140638,0.7055689581347309,0.7055689581347309,False,both,max,none,none,0,moving_average,4,2.0,peak,16,-1,-1,16,False,0.6825034267706256,False,False,False,False,False,False,False,,
frame_000014.jpg,29.939911091884383,31.72325105981991,14,True,0.0,0.0,0.0,0.0,False,False,False,False,False,0.8746383708816627,0.12,0.18,False,False,True,True,True,29.939911091884383,31.72325105981991,29.939911091884383,31.72325105981991,False,False,False,False,0.2711443230140638,0.7055689581347309,0.7055689581347309,False,both,max,none,none,0,moving_average,4,2.0,peak,16,-1,-1,16,False,0.7445669974708704,False,False,False,False,False,False,False,,
frame_000015.jpg,28.766250712813584,32.56218353093309,15,True,0.8139648623047756,0.0,0.0,0.9306301774575402,False,False,False,False,False,0.8746383708816627,0.12,0.18,False,False,True,True,True,28.766250712813584,32.56218353093309,28.766250712813584,32.56218353093309,False,False,False,False,0.0,0.8225630761431496,0.8225630761431496,False,both,max,none,none,0,moving_average,4,2.0,peak,16,-1,-1,16,False,0.7715113790019483,False,False,False,False,False,False,False,,
frame_000016.jpg,,,16,False,,,,0.0,False,False,False,False,False,0.8746383708816627,0.12,0.18,True,True,False,False,False,,,29.124078399966955,32.3028831891597,True,True,False,False,0.08266696884298265,0.7864021027279645,0.7864021027279645,False,missing,max,none,none,0,moving_average,4,2.0,peak,16,-1,-1,16,False,0.7864021027279648,True,False,False,False,False,False,False,2,
frame_000017.jpg,,,17,False,,,,0.0,False,False,False,False,False,0.8746383708816627,0.12,0.18,True,True,False,False,False,,,29.48190608712033,32.04358284738632,True,True,False,False,0.16533393768596613,0.7502411293127805,0.7502411293127805,False,missing,max,none,none,0,moving_average,4,2.0,peak,16,-1,-1,16,False,0.7502411293127801,False,False,False,False,False,False,False,,
frame_000018.jpg,,,18,False,,,,0.0,False,False,False,False,False,0.8746383708816627,0.12,0.18,True,True,False,False,False,,,29.8397337742737,31.78428250561293,True,True,False,False,0.24800090652894877,0.7140801558975954,0.7140801558975954,False,missing,max,none,none,0,moving_average,4,2.0,peak,16,-1,-1,16,False,0.7140801558975955,False,False,False,False,False,False,False,,
frame_000019.jpg,30.19756146142707,31.524982163839542,19,True,,,,0.0,False,False,False,False,True,0.8746383708816627,0.12,0.18,False,False,True,True,True,30.19756146142707,31.524982163839542,30.19756146142707,31.524982163839542,False,False,True,True,0.33066787537193143,0.6779191824824109,0.6779191824824109,False,both,max,none,none,0,moving_average,4,2.0,peak,16,-1,-1,16,False,0.6972896351604569,False,False,False,False,False,False,False,,
frame_000020.jpg,29.44693087126653,31.682382302613515,20,True,0.7639361933807746,0.13126535940661777,0.044684424188085485,1.093877995055148,False,True,False,True,True,0.8746383708816627,0.12,0.18,False,False,True,True,True,29.44693087126653,31.682382302613515,29.44693087126653,31.682382302613515,False,False,True,True,0.15725380531201913,0.6998695671013647,0.6998695671013647,False,both,max,none,none,0,moving_average,4,2.0,peak,16,-1,-1,16,False,0.7139733383127375,False,False,False,False,False,False,False,,
frame_000021.jpg,31.193238856926257,32.143185172288554,21,True,1.6797372872096181,0.43531867930050866,0.07378278209746314,3.6276556608375725,True,True,False,True,True,0.8746383708816627,0.12,0.18,False,False,True,True,True,31.193238856926257,32.143185172288554,31.193238856926257,32.143185172288554,False,False,True,True,0.5606937654482184,0.7641312653544369,0.7641312653544369,False,both,max,none,none,0,moving_average,4,2.0,peak,16,-1,-1,16,False,0.722677415912309,False,False,False,False,False,False,False,,
frame_000022.jpg,,,22,False,,,,0.0,False,False,False,False,True,0.8746383708816627,0.12,0.18,True,True,False,False,False,,,31.494972598063853,31.71222576515061,True,True,False,False,0.6304016574672255,0.7040314152811256,0.7040314152811256,False,missing,max,none,none,0,moving_average,4,2.0,peak,16,-1,-1,16,False,0.7227574100405983,False,False,False,False,False,False,False,,
frame_000023.jpg,31.79670633920145,31.281266358012665,23,True,,,,0.0,False,False,False,False,False,0.8746383708816627,0.12,0.18,False,False,True,True,True,31.79670633920145,31.281266358012665,31.79670633920145,31.281266358012665,False,False,False,False,0.7001095494862327,0.6439315652078141,0.7001095494862327,False,both,max,none,none,0,moving_average,4,2.0,peak,16,-1,-1,16,False,0.7054829051510088,False,False,False,False,False,False,False,,
frame_000024.jpg,,,24,False,,,,0.0,False,False,False,False,False,0.8746383708816627,0.12,0.18,True,True,False,False,False,,,31.849506800906003,31.40892977262301,True,True,False,False,0.712307750685668,0.6617349869474234,0.712307750685668,False,missing,max,none,none,0,moving_average,4,2.0,peak,16,-1,-1,16,False,0.712307750685668,False,False,False,False,False,False,False,,
frame_000025.jpg,,,25,False,,,,0.0,False,False,False,False,False,0.8746383708816627,0.12,0.18,True,True,False,False,False,,,31.902307262610556,31.536593187233358,True,True,False,False,0.7245059518851032,0.6795384086870326,0.7245059518851032,False,missing,max,none,none,0,moving_average,4,2.0,peak,16,-1,-1,16,False,0.7245059518851035,False,False,False,False,False,False,False,,
frame_000026.jpg,,,26,False,,,,0.0,False,False,False,False,False,0.8746383708816627,0.12,0.18,True,True,False,False,False,,,31.955107724315113,31.664256601843704,True,True,False,False,0.7367041530845393,0.6973418304266419,0.7367041530845393,False,missing,max,none,none,0,moving_average,4,2.0,peak,16,-1,-1,16,False,0.7367041530845387,False,False,False,False,False,False,False,,
frame_000027.jpg,,,27,False,,,,0.0,False,False,False,False,False,0.8746383708816627,0.12,0.18,True,True,False,False,False,,,32.00790818601966,31.79192001645405,True,True,False,False,0.7489023542839738,0.7151452521662511,0.7489023542839738,False,missing,max,none,none,0,moving_average,4,2.0,peak,16,-1,-1,16,False,0.7489023542839742,False,False,False,False,False,False,False,,
frame_000028.jpg,,,28,False,,,,0.0,False,False,False,False,False,0.8746383708816627,0.12,0.18,True,True,False,False,False,,,32.06070864772422,31.919583431064396,True,True,False,False,0.7611005554834098,0.7329486739058604,0.7611005554834098,False,missing,max,none,none,0,moving_average,4,2.0,peak,16,-1,-1,16,False,0.7611005554834097,False,False,False,False,False,False,False,,
frame_000029.jpg,,,29,False,,,,0.0,False,False,False,False,False,0.8746383708816627,0.12,0.18,True,True,False,False,False,,,32.113509109428776,32.04724684567474,True,True,False,False,0.773298756682846,0.7507520956454696,0.773298756682846,False,missing,max,none,none,0,moving_average,4,2.0,peak,16,-1,-1,16,False,0.7732987566828453,False,False,False,False,False,False,False,,
frame_000030.jpg,,,30,False,,,,0.0,False,False,False,False,False,0.8746383708816627,0.12,0.18,True,True,False,False,False,,,32.166309571133326,32.17491026028509,True,True,False,False,0.7854969578822805,0.7685555173850789,0.7854969578822805,False,missing,max,none,none,0,moving_average,4,2.0,peak,16,-1,-1,16,False,0.7854969578822809,False,False,False,False,False,False,False,,
frame_000031.jpg,,,31,False,,,,0.0,False,False,False,False,False,0.8746383708816627,0.12,0.18,True,True,False,False,False,,,32.21911003283788,32.302573674895434,True,True,False,False,0.7976951590817165,0.7863589391246881,0.7976951590817165,False,missing,max,none,none,0,moving_average,4,2.0,peak,16,-1,-1,16,False,0.797695159081716,False,False,False,False,False,False,False,,
frame_000032.jpg,,,32,False,,,,0.0,False,False,False,False,False,0.8746383708816627,0.12,0.18,True,True,False,False,False,,,32.27191049454243,32.43023708950578,True,True,False,False,0.809893360281151,0.8041623608642974,0.809893360281151,False,missing,max,none,none,0,moving_average,4,2.0,peak,16,-1,-1,16,False,0.8098933602811516,False,False,False,False,False,False,False,,
frame_000033.jpg,,,33,False,,,,0.0,False,False,False,False,False,0.8746383708816627,0.12,0.18,True,True,False,False,False,,,32.32471095624699,32.557900504116134,True,True,False,False,0.822091561480587,0.8219657826039076,0.822091561480587,False,missing,max,none,none,0,moving_average,4,2.0,peak,16,-1,-1,16,False,0.8239180420350849,False,False,False,False,False,False,False,,
frame_000034.jpg,,,34,False,,,,0.0,False,False,False,False,False,0.8746383708816627,0.12,0.18,True,True,False,False,False,,,32.377511417951546,32.68556391872648,True,True,False,False,0.8342897626800232,0.8397692043435168,0.8397692043435168,False,missing,max,none,none,0,moving_average,4,2.0,peak,16,-1,-1,16,False,0.8398111306357432,False,False,False,False,False,False,False,,
frame_000035.jpg,,,35,False,,,,0.0,False,False,False,False,False,0.8746383708816627,0.12,0.18,True,True,False,False,False,,,32.430311879656095,32.813227333336826,True,True,False,False,0.8464879638794576,0.857572626083126,0.857572626083126,False,missing,max,none,none,0,moving_average,4,2.0,peak,16,-1,-1,16,False,0.857572626083126,False,False,False,False,False,False,False,,
frame_000036.jpg,,,36,False,,,,0.0,False,False,False,False,False,0.8746383708816627,0.12,0.18,True,True,False,False,False,,,32.48311234136065,32.94089074794717,True,True,False,False,0.8586861650788937,0.8753760478227353,0.8753760478227353,False,missing,max,none,none,0,moving_average,4,2.0,peak,16,-1,-1,16,False,0.8753760478227353,False,False,False,False,False,False,False,,
frame_000037.jpg,,,37,False,,,,0.0,False,False,False,False,False,0.8746383708816627,0.12,0.18,True,True,False,False,False,,,32.5359128030652,33.06855416255752,True,True,False,False,0.8708843662783281,0.8931794695623445,0.8931794695623445,False,missing,max,none,none,0,moving_average,4,2.0,peak,16,-1,-1,16,False,0.8931794695623444,False,False,False,False,False,False,False,,
frame_000038.jpg,,,38,False,,,,0.0,False,False,False,False,False,0.8746383708816627,0.12,0.18,True,True,False,False,False,,,32.58871326476976,33.196217577167864,True,True,False,False,0.8830825674777643,0.9109828913019538,0.9109828913019538,False,missing,max,none,none,0,moving_average,4,2.0,peak,16,-1,-1,16,False,0.9109828913019538,False,False,False,False,False,False,False,,
frame_000039.jpg,,,39,False,,,,0.0,False,False,False,False,False,0.8746383708816627,0.12,0.18,True,True,False,False,False,,,32.641513726474315,33.32388099177821,True,True,False,False,0.8952807686772003,0.928786313041563,0.928786313041563,False,missing,max,none,none,0,moving_average,4,2.0,peak,16,-1,-1,16,False,0.928786313041563,False,False,False,False,False,False,False,,
frame_000040.jpg,,,40,False,,,,0.0,False,False,False,False,False,0.8746383708816627,0.12,0.18,True,True,False,False,False,,,32.694314188178865,33.45154440638856,True,True,False,False,0.9074789698766348,0.9465897347811723,0.9465897347811723,False,missing,max,none,none,0,moving_average,4,2.0,peak,16,-1,-1,16,False,0.9465897347811721,False,False,False,False,False,False,False,,
frame_000041.jpg,,,41,False,,,,0.0,False,False,False,False,False,0.8746383708816627,0.12,0.18,True,True,False,False,False,,,32.74711464988342,33.5792078209989,True,True,False,False,0.9196771710760708,0.9643931565207815,0.9643931565207815,False,missing,max,none,none,0,moving_average,4,2.0,peak,16,-1,-1,16,False,0.9643931565207815,False,False,False,False,False,False,False,,
frame_000042.jpg,,,42,False,,,,0.0,False,False,False,False,False,0.8746383708816627,0.12,0.18,True,True,False,False,False,,,32.79991511158797,33.70687123560925,True,True,False,False,0.9318753722755053,0.9821965782603908,0.9821965782603908,False,missing,max,none,none,0,moving_average,4,2.0,peak,16,-1,-1,16,False,0.9821965782603908,False,False,False,False,False,False,False,,
frame_000043.jpg,32.85271557329253,33.834534650219595,43,True,,,,0.0,False,False,False,False,False,0.8746383708816627,0.12,0.18,False,False,True,True,True,32.85271557329253,33.834534650219595,32.85271557329253,33.834534650219595,False,False,False,False,0.9440735734749414,1.0,1.0,False,both,max,none,none,0,moving_average,4,2.0,peak,16,-1,-1,16,False,0.9940655260867968,False,True,False,False,False,False,False,,
frame_000044.jpg,32.85271557329253,33.834534650219595,44,True,0.0,0.0,0.0,0.0,False,False,False,False,False,0.8746383708816627,0.12,0.18,False,False,True,True,True,32.85271557329253,33.834534650219595,32.85271557329253,33.834534650219595,False,False,False,False,0.9440735734749414,1.0,1.0,False,both,max,none,none,0,moving_average,4,2.0,peak,16,-1,-1,16,False,0.9898109361829571,False,False,False,False,False,False,False,,
frame_000045.jpg,,,45,False,,,,0.0,False,False,False,False,False,0.8746383708816627,0.12,0.18,True,True,False,False,False,,,32.6632866201558,33.615345772217715,True,True,False,False,0.9003108409388181,0.9694328085488716,0.9694328085488716,False,missing,max,none,none,0,moving_average,4,2.0,peak,16,-1,-1,16,False,0.9694328085488715,False,False,False,False,False,False,False,,
frame_000046.jpg,,,46,False,,,,0.0,False,False,False,False,False,0.8746383708816627,0.12,0.18,True,True,False,False,False,,,32.473857667019075,33.396156894215835,True,True,False,False,0.8565481084026948,0.9388656170977433,0.9388656170977433,False,missing,max,none,none,0,moving_average,4,2.0,peak,16,-1,-1,16,False,0.9388656170977435,False,False,False,False,False,False,False,,
frame_000047.jpg,,,47,False,,,,0.0,False,False,False,False,False,0.8746383708816627,0.12,0.18,True,True,False,False,False,,,32.28442871388235,33.17696801621396,True,True,False,False,0.8127853758665715,0.9082984256466159,0.9082984256466159,False,missing,max,none,none,0,moving_average,4,2.0,peak,16,-1,-1,16,False,0.9082984256466156,False,False,False,False,False,False,False,,
frame_000048.jpg,,,48,False,,,,0.0,False,False,False,False,False,0.8746383708816627,0.12,0.18,True,True,False,False,False,,,32.09499976074563,32.95777913821208,True,True,False,False,0.7690226433304499,0.8777312341954875,0.8777312341954875,False,missing,max,none,none,0,moving_average,4,2.0,peak,16,-1,-1,16,False,0.8777312341954875,False,False,False,False,False,False,False,,
frame_000049.jpg,,,49,False,,,,0.0,False,False,False,False,False,0.8746383708816627,0.12,0.18,True,True,False,False,False,,,31.9055708076089,32.7385902602102,True,True,False,False,0.7252599107943257,0.8471640427443592,0.8471640427443592,False,missing,max,none,none,0,moving_average,4,2.0,peak,16,-1,-1,16,False,0.8471640427443591,False,False,False,False,False,False,False,,
frame_000050.jpg,,,50,False,,,,0.0,False,False,False,False,False,0.8746383708816627,0.12,0.18,True,True,False,False,False,,,31.716141854472177,32.51940138220832,True,True,False,False,0.6814971782582032,0.8165968512932308,0.8165968512932308,False,missing,max,none,none,0,moving_average,4,2.0,peak,16,-1,-1,16,False,0.8165968512932307,False,False,False,False,False,False,False,,
frame_000051.jpg,,,51,False,,,,0.0,False,False,False,False,False,0.8746383708816627,0.12,0.18,True,True,False,False,False,,,31.52671290133545,32.30021250420644,True,True,False,False,0.6377344457220799,0.7860296598421024,0.7860296598421024,False,missing,max,none,none,0,moving_average,4,2.0,peak,16,-1,-1,16,False,0.7860296598421024,False,False,False,False,False,False,False,,
frame_000052.jpg,,,52,False,,,,0.0,False,False,False,False,False,0.8746383708816627,0.12,0.18,True,True,False,False,False,,,31.337283948198724,32.08102362620456,True,True,False,False,0.5939717131859567,0.7554624683909741,0.7554624683909741,False,missing,max,none,none,0,moving_average,4,2.0,peak,16,-1,-1,16,False,0.7554624683909742,False,False,False,False,False,False,False,,
frame_000053.jpg,,,53,False,,,,0.0,False,False,False,False,False,0.8746383708816627,0.12,0.18,True,True,False,False,False,,,31.147854995061998,31.861834748202686,True,True,False,False,0.5502089806498334,0.7248952769398461,0.7248952769398461,False,missing,max,none,none,0,moving_average,4,2.0,peak,16,-1,-1,16,False,0.724895276939846,False,False,False,False,False,False,False,,
frame_000054.jpg,,,54,False,,,,0.0,False,False,False,False,False,0.8746383708816627,0.12,0.18,True,True,False,False,False,,,30.958426041925275,31.642645870200806,True,True,False,False,0.5064462481137109,0.6943280854887178,0.6943280854887178,False,missing,max,none,none,0,moving_average,4,2.0,peak,16,-1,-1,16,False,0.6943280854887179,False,False,False,False,False,False,False,,
frame_000055.jpg,,,55,False,,,,0.0,False,False,False,False,False,0.8746383708816627,0.12,0.18,True,True,False,False,False,,,30.76899708878855,31.42345699219893,True,True,False,False,0.4626835155775876,0.66376089403759,0.66376089403759,False,missing,max,none,none,0,moving_average,4,2.0,peak,16,-1,-1,16,False,0.6637608940375898,False,False,False,False,False,False,False,,
frame_000056.jpg,,,56,False,,,,0.0,False,False,False,False,False,0.8746383708816627,0.12,0.18,True,True,False,False,False,,,30.579568135651822,31.20426811419705,True,True,False,False,0.41892078304146424,0.6331937025864616,0.6331937025864616,False,missing,max,none,none,0,moving_average,4,2.0,peak,16,-1,-1,16,False,0.6331937025864616,False,False,False,False,False,False,False,,
frame_000057.jpg,,,57,False,,,,0.0,False,False,False,False,False,0.8746383708816627,0.12,0.18,True,True,False,False,False,,,30.3901391825151,30.98507923619517,True,True,False,False,0.3751580505053418,0.6026265111353332,0.6026265111353332,False,missing,max,none,none,0,moving_average,4,2.0,peak,16,-1,-1,16,False,0.6026265111353333,False,False,False,False,False,False,False,,
frame_000058.jpg,,,58,False,,,,0.0,False,False,False,False,False,0.8746383708816627,0.12,0.18,True,True,False,False,False,,,30.200710229378373,30.765890358193293,True,True,False,False,0.33139531796921845,0.5720593196842053,0.5720593196842053,False,missing,max,none,none,0,moving_average,4,2.0,peak,16,-1,-1,16,False,0.5720593196842051,False,False,False,False,False,False,False,,
frame_000059.jpg,30.011281276241647,30.546701480191413,59,True,,,,0.0,False,False,False,False,False,0.8746383708816627,0.12,0.18,False,False,True,True,True,30.011281276241647,30.546701480191413,30.011281276241647,30.546701480191413,False,False,False,False,0.28763258543309517,0.5414921282330769,0.5414921282330769,False,both,max,none,none,0,moving_average,4,2.0,peak,16,-1,-1,16,False,0.5609428587009669,False,False,False,False,False,False,False,,
frame_000060.jpg,,,60,False,,,,0.0,False,False,False,False,False,0.8746383708816627,0.12,0.18,True,True,False,False,False,,,30.620969876754046,30.74594003223886,True,True,False,False,0.4284856003113917,0.5692771281856187,0.5692771281856187,False,missing,max,none,none,0,moving_average,4,2.0,peak,16,-1,-1,16,False,0.5692771281856186,False,False,False,False,False,False,False,,
frame_000061.jpg,,,61,False,,,,0.0,False,False,False,False,False,0.8746383708816627,0.12,0.18,True,True,False,False,False,,,31.230658477266445,30.945178584286307,True,True,False,False,0.5693386151896882,0.5970621281381605,0.5970621281381605,False,missing,max,none,none,0,moving_average,4,2.0,peak,16,-1,-1,16,False,0.6255102954639212,False,False,False,False,False,False,False,,
frame_000062.jpg,,,62,False,,,,0.0,False,False,False,False,False,0.8746383708816627,0.12,0.18,True,True,False,False,False,,,31.840347077778844,31.144417136333754,True,True,False,False,0.7101916300679847,0.6248471280907022,0.7101916300679847,False,missing,max,none,none,0,moving_average,4,2.0,peak,16,-1,-1,16,False,0.7194328010508089,False,False,False,False,False,False,False,,
frame_000063.jpg,32.45003567829124,31.3436556883812,63,True,,,,0.0,False,False,False,False,False,0.8746383708816627,0.12,0.18,False,False,True,True,True,32.45003567829124,31.3436556883812,32.45003567829124,31.3436556883812,False,False,False,False,0.8510446449462813,0.652632128043244,0.8510446449462813,False,both,max,none,none,0,moving_average,4,2.0,peak,16,-1,-1,16,False,0.7914760858975142,False,False,False,False,False,False,False,,
frame_000064.jpg,31.49753038300989,32.49498601082398,64,True,0.8733815566651538,0.0,0.0,0.998563047016515,False,False,False,False,True,0.8746383708816627,0.12,0.18,False,False,True,True,True,31.49753038300989,32.49498601082398,31.49753038300989,32.49498601082398,False,False,True,True,0.6309925685007548,0.8131919826782766,0.8131919826782766,False,both,max,none,none,0,moving_average,4,2.0,peak,16,-1,-1,16,False,0.7950316520564551,True,False,False,False,False,False,False,3,
frame_000065.jpg,31.886518361169838,31.50715956323143,65,True,0.9493496877343239,0.053522026884991046,0.0033005953605315906,1.085419665246735,True,False,False,True,True,0.8746383708816627,0.12,0.18,False,False,True,True,True,31.886518361169838,31.50715956323143,31.886518361169838,31.50715956323143,False,False,True,True,0.7208583285448072,0.675433714926249,0.7208583285448072,False,both,max,none,none,0,moving_average,4,2.0,peak,16,-1,-1,16,False,0.7461993119798653,False,False,False,False,False,False,False,,
frame_000066.jpg,31.81591674714661,31.41637573020996,66,True,0.9204675890816473,0.11000775074287537,0.055537285615719925,1.052397904923594,True,False,False,True,True,0.8746383708816627,0.12,0.18,False,False,True,True,True,31.81591674714661,31.41637573020996,31.81591674714661,31.41637573020996,False,False,True,True,0.704547624716512,0.662773369976581,0.704547624716512,False,both,max,none,none,0,moving_average,4,2.0,peak,16,-1,-1,16,False,0.71740149641747,False,False,False,False,False,False,False,,
frame_000067.jpg,31.69955423461181,31.87548249260394,67,True,0.5873988972455574,0.015485510137481331,0.027484874735515502,0.6715905873800632,False,False,False,False,True,0.8746383708816627,0.12,0.18,False,False,True,True,True,31.69955423461181,31.87548249260394,31.69955423461181,31.87548249260394,False,False,True,True,0.6776650313802327,0.7267985359910907,0.7267985359910907,False,both,max,none,none,0,moving_average,4,2.0,peak,16,-1,-1,16,False,0.7099994203114568,False,False,False,False,False,False,False,,
frame_000068.jpg,31.61842531350057,31.67365218428799,68,True,0.33013216356998476,0.02681055854744979,0.0045384086676239326,0.3774498976499296,False,False,False,False,False,0.8746383708816627,0.12,0.18,False,False,True,True,True,31.61842531350057,31.67365218428799,31.61842531350057,31.67365218428799,False,False,False,False,0.658922261509289,0.698652100226768,0.698652100226768,False,both,max,none,none,0,moving_average,4,2.0,peak,16,-1,-1,16,False,0.7067346119270728,False,False,False,False,False,False,False,,
frame_000069.jpg,31.20789328265548,31.645694245685107,69,True,0.03278386493296152,0.015589909861058435,0.0002838246921222174,0.1299159155088203,False,False,False,False,False,0.8746383708816627,0.12,0.18,False,False,True,True,True,31.20789328265548,31.645694245685107,31.20789328265548,31.645694245685107,False,False,False,False,0.564079297084428,0.6947531995633597,0.6947531995633597,False,both,max,none,none,0,moving_average,4,2.0,peak,16,-1,-1,16,False,0.7246554999206088,False,False,False,False,False,False,False,,
frame_000070.jpg,31.6075131115567,32.26099969051669,70,True,0.20432203518203174,0.022795495290702118,0.03589429483510395,0.23360744507020514,False,False,False,False,False,0.8746383708816627,0.12,0.18,False,False,True,True,True,31.6075131115567,32.26099969051669,31.6075131115567,32.26099969051669,False,False,False,False,0.6564012753182018,0.7805611999716989,0.7805611999716989,False,both,max,none,none,0,moving_average,4,2.0,peak,16,-1,-1,16,False,0.7747805545001838,False,False,False,False,False,False,False,,
frame_000071.jpg,32.44130335411671,32.14456255213575,71,True,0.1152484661961183,0.011539603423659098,0.0125821142694062,0.1317669908306724,False,False,False,False,False,0.8746383708816627,0.12,0.18,False,False,True,True,True,32.44130335411671,32.14456255213575,32.44130335411671,32.14456255213575,False,False,False,False,0.8490272639654927,0.7643233491584787,0.8490272639654927,False,both,max,none,none,0,moving_average,4,2.0,peak,16,-1,-1,16,False,0.8465468002188465,False,False,False,False,False,False,False,,
frame_000072.jpg,32.705451390707715,32.457519066732054,72,True,0.16892623696699458,0.004061972525533733,0.03287284082038248,0.19313837877557516,False,False,False,False,False,0.8746383708816627,0.12,0.18,False,False,True,True,True,32.705451390707715,32.457519066732054,32.705451390707715,32.457519066732054,False,False,False,False,0.9100519367193483,0.807966994697195,0.9100519367193483,False,both,max,none,none,0,moving_average,4,2.0,peak,16,-1,-1,16,False,0.9024638167095834,False,False,False,False,False,False,False,,
frame_000073.jpg,32.87106287258022,32.28154324431319,73,True,0.08046222095871476,0.013674111806689777,0.030848775278876382,0.17138208488264658,False,False,False,False,False,0.8746383708816627,0.12,0.18,False,False,True,True,True,32.87106287258022,32.28154324431319,32.87106287258022,32.28154324431319,False,False,False,False,0.9483122494439093,0.7834261206178039,0.9483122494439093,False,both,max,none,none,0,moving_average,4,2.0,peak,16,-1,-1,16,False,0.9442744905034718,False,False,False,False,False,False,False,,
frame_000074.jpg,32.98424149173277,32.34430551449213,74,True,0.1479514856258668,0.005330307780730396,0.01739439191125848,0.1691573232451797,False,False,False,False,False,0.8746383708816627,0.12,0.18,False,False,True,True,True,32.98424149173277,32.34430551449213,32.98424149173277,32.34430551449213,False,False,False,False,0.9744592853471579,0.7921786921257914,0.9744592853471579,False,both,max,none,none,0,moving_average,4,2.0,peak,16,-1,-1,16,False,0.9618126186716545,True,False,False,False,False,False,False,4,
frame_000075.jpg,32.93319511691135,32.38119209004756,75,True,0.0638071905789812,0.03751443614666463,0.007203285986154874,0.31262030122220524,False,False,False,False,False,0.8746383708816627,0.12,0.18,False,False,True,True,True,32.93319511691135,32.38119209004756,32.93319511691135,32.38119209004756,False,False,False,False,0.9626663212238963,0.797322744265927,0.9626663212238963,False,both,max,none,none,0,moving_average,4,2.0,peak,16,-1,-1,16,False,0.9489668866389613,False,False,False,False,False,False,False,,
frame_000076.jpg,32.7042528885908,32.39777829096294,76,True,0.014171745716674863,0.017940858353722867,0.004395345303231051,0.14950715294769057,False,False,False,False,False,0.8746383708816627,0.12,0.18,False,False,True,True,True,32.7042528885908,32.39777829096294,32.7042528885908,32.39777829096294,False,False,False,False,0.9097750533458302,0.7996357885382868,0.9097750533458302,False,both,max,none,none,0,moving_average,4,2.0,peak,16,-1,-1,16,False,0.9049787889782601,False,False,False,False,False,False,False,,
frame_000077.jpg,32.4130281231344,32.09024571387099,77,True,0.012340749142539348,0.024002777779984618,0.02046612173312603,0.2000231481665385,False,False,False,False,False,0.8746383708816627,0.12,0.18,False,False,True,True,True,32.4130281231344,32.09024571387099,32.4130281231344,32.09024571387099,False,False,False,False,0.8424949923650537,0.7567485433134271,0.8424949923650537,False,both,max,none,none,0,moving_average,4,2.0,peak,16,-1,-1,16,False,0.8614351997170873,False,False,False,False,False,False,False,,
frame_000078.jpg,32.36775397202276,32.075671404289444,78,True,0.03926188533971725,0.01922514852662807,0.015048175139291435,0.16020957105523392,False,False,False,False,False,0.8746383708816627,0.12,0.18,False,False,True,True,True,32.36775397202276,32.075671404289444,32.36775397202276,32.075671404289444,False,False,False,False,0.8320355534403783,0.7547160692421682,0.8320355534403783,False,both,max,none,none,0,moving_average,4,2.0,peak,16,-1,-1,16,False,0.8330550610877203,False,False,False,False,False,False,False,,
frame_000079.jpg,32.335718774821835,32.07671660235384,79,True,0.06449548022565427,0.01103299418149999,0.011455527946192829,0.09194161817916659,False,False,False,False,False,0.8746383708816627,0.12,0.18,False,False,True,True,True,32.335718774821835,32.07671660235384,32.335718774821835,32.07671660235384,False,False,False,False,0.824634637457729,0.7548618283227839,0.824634637457729,False,both,max,none,none,0,moving_average,4,2.0,peak,16,-1,-1,16,False,0.8453279834965414,False,False,False,False,False,False,False,,
frame_000080.jpg,32.572399810579576,32.19771042764907,80,True,0.17761124321240152,0.009050130754600363,0.05342578292720075,0.29680990515111527,False,False,False,False,False,0.8746383708816627,0.12,0.18,False,False,True,True,True,32.572399810579576,32.19771042764907,32.572399810579576,32.19771042764907,False,False,False,False,0.8793137595915169,0.7717351362018997,0.8793137595915169,False,both,max,none,none,0,moving_average,4,2.0,peak,16,-1,-1,16,False,0.860665158287646,False,False,False,False,False,False,False,,
frame_000081.jpg,32.56691692161846,31.610878265857902,81,True,0.5517474661986409,0.008230874940035217,0.00801391595824787,0.6308292484841046,False,False,False,False,False,0.8746383708816627,0.12,0.18,False,False,True,True,True,32.56691692161846,31.610878265857902,32.56691692161846,31.610878265857902,False,False,False,False,0.8780470778136923,0.6898979043009438,0.8780470778136923,False,both,max,none,none,0,moving_average,4,2.0,peak,16,-1,-1,16,False,0.878259240503049,True,False,False,False,False,False,False,5,
frame_000082.jpg,32.56418909984422,30.403846781300494,82,True,0.7132298208263198,7.771561172376099e-16,1.734723475976807e-17,0.8154568157207212,False,False,False,False,False,0.8746383708816627,0.12,0.18,False,False,True,True,True,32.56418909984422,30.403846781300494,32.56418909984422,30.403846781300494,False,False,False,False,0.8774168841039379,0.5215701916343845,0.8774168841039379,False,both,max,none,none,0,moving_average,4,2.0,peak,16,-1,-1,16,False,0.8755361121610532,False,False,False,False,False,False,False,,
frame_000083.jpg,,,83,False,,,,0.0,False,False,False,False,False,0.8746383708816627,0.12,0.18,True,True,False,False,False,,,32.537038260613144,30.485113594298436,True,True,False,False,0.8711443745655293,0.532903331591923,0.8711443745655293,False,missing,max,none,none,0,moving_average,4,2.0,peak,16,-1,-1,16,False,0.8711443745655286,False,False,False,False,False,False,False,,
frame_000084.jpg,,,84,False,,,,0.0,False,False,False,False,False,0.8746383708816627,0.12,0.18,True,True,False,False,False,,,32.50988742138206,30.566380407296382,True,True,False,False,0.864871865027119,0.544236471549462,0.864871865027119,False,missing,max,none,none,0,moving_average,4,2.0,peak,16,-1,-1,16,False,0.8648718650271194,False,False,False,False,False,False,False,,
frame_000085.jpg,,,85,False,,,,0.0,False,False,False,False,False,0.8746383708816627,0.12,0.18,True,True,False,False,False,,,32.482736582150984,30.647647220294324,True,True,False,False,0.8585993554887102,0.5555696115070006,0.8585993554887102,False,missing,max,none,none,0,moving_average,4,2.0,peak,16,-1,-1,16,False,0.8585993554887101,False,False,False,False,False,False,False,,
frame_000086.jpg,,,86,False,,,,0.0,False,False,False,False,False,0.8746383708816627,0.12,0.18,True,True,False,False,False,,,32.45558574291991,30.72891403329227,True,True,False,False,0.8523268459503016,0.5669027514645396,0.8523268459503016,False,missing,max,none,none,0,moving_average,4,2.0,peak,16,-1,-1,16,False,0.8523268459503011,False,False,False,False,False,False,False,,
frame_000087.jpg,,,87,False,,,,0.0,False,False,False,False,False,0.8746383708816627,0.12,0.18,True,True,False,False,False,,,32.428434903688824,30.810180846290212,True,True,False,False,0.8460543364118913,0.5782358914220781,0.8460543364118913,False,missing,max,none,none,0,moving_average,4,2.0,peak,16,-1,-1,16,False,0.8460543364118918,False,False,False,False,False,False,False,,
frame_000088.jpg,,,88,False,,,,0.0,False,False,False,False,False,0.8746383708816627,0.12,0.18,True,True,False,False,False,,,32.40128406445775,30.891447659288154,True,True,False,False,0.8397818268734827,0.5895690313796167,0.8397818268734827,False,missing,max,none,none,0,moving_average,4,2.0,peak,16,-1,-1,16,False,0.8397818268734826,False,False,False,False,False,False,False,,
frame_000089.jpg,,,89,False,,,,0.0,False,False,False,False,False,0.8746383708816627,0.12,0.18,True,True,False,False,False,,,32.37413322522667,30.9727144722861,True,True,False,False,0.833509317335074,0.6009021713371556,0.833509317335074,False,missing,max,none,none,0,moving_average,4,2.0,peak,16,-1,-1,16,False,0.833509317335074,False,False,False,False,False,False,False,,
frame_000090.jpg,,,90,False,,,,0.0,False,False,False,False,False,0.8746383708816627,0.12,0.18,True,True,False,False,False,,,32.346982385995595,31.053981285284042,True,True,False,False,0.8272368077966654,0.6122353112946942,0.8272368077966654,False,missing,max,none,none,0,moving_average,4,2.0,peak,16,-1,-1,16,False,0.8272368077966648,False,False,False,False,False,False,False,,
frame_000091.jpg,,,91,False,,,,0.0,False,False,False,False,False,0.8746383708816627,0.12,0.18,True,True,False,False,False,,,32.31983154676451,31.135248098281988,True,True,False,False,0.8209642982582551,0.6235684512522333,0.8209642982582551,False,missing,max,none,none,0,moving_average,4,2.0,peak,16,-1,-1,16,False,0.8209642982582557,False,False,False,False,False,False,False,,
frame_000092.jpg,,,92,False,,,,0.0,False,False,False,False,False,0.8746383708816627,0.12,0.18,True,True,False,False,False,,,32.292680707533435,31.21651491127993,True,True,False,False,0.8146917887198465,0.6349015912097717,0.8146917887198465,False,missing,max,none,none,0,moving_average,4,2.0,peak,16,-1,-1,16,False,0.8146917887198465,False,False,False,False,False,False,False,,
frame_000093.jpg,,,93,False,,,,0.0,False,False,False,False,False,0.8746383708816627,0.12,0.18,True,True,False,False,False,,,32.26552986830236,31.297781724277872,True,True,False,False,0.8084192791814379,0.6462347311673102,0.8084192791814379,False,missing,max,none,none,0,moving_average,4,2.0,peak,16,-1,-1,16,False,0.8084192791814373,False,False,False,False,False,False,False,,
frame_000094.jpg,,,94,False,,,,0.0,False,False,False,False,False,0.8746383708816627,0.12,0.18,True,True,False,False,False,,,32.238379029071275,31.379048537275818,True,True,False,False,0.8021467696430276,0.6575678711248493,0.8021467696430276,False,missing,max,none,none,0,moving_average,4,2.0,peak,16,-1,-1,16,False,0.8021467696430281,False,False,False,False,False,False,False,,
frame_000095.jpg,,,95,False,,,,0.0,False,False,False,False,False,0.8746383708816627,0.12,0.18,True,True,False,False,False,,,32.2112281898402,31.46031535027376,True,True,False,False,0.7958742601046189,0.6689010110823879,0.7958742601046189,False,missing,max,none,none,0,moving_average,4,2.0,peak,16,-1,-1,16,False,0.7958742601046189,False,False,False,False,False,False,False,,
frame_000096.jpg,,,96,False,,,,0.0,False,False,False,False,False,0.8746383708816627,0.12,0.18,True,True,False,False,False,,,32.18407735060912,31.541582163271705,True,True,False,False,0.7896017505662103,0.6802341510399269,0.7896017505662103,False,missing,max,none,none,0,moving_average,4,2.0,peak,16,-1,-1,16,False,0.7896017505662102,False,False,False,False,False,False,False,,
frame_000097.jpg,,,97,False,,,,0.0,False,False,False,False,False,0.8746383708816627,0.12,0.18,True,True,False,False,False,,,32.156926511378046,31.622848976269648,True,True,False,False,0.7833292410278015,0.6915672909974654,0.7833292410278015,False,missing,max,none,none,0,moving_average,4,2.0,peak,16,-1,-1,16,False,0.783329241027801,False,False,False,False,False,False,False,,
frame_000098.jpg,,,98,False,,,,0.0,False,False,False,False,False,0.8746383708816627,0.12,0.18,True,True,False,False,False,,,32.12977567214696,31.70411578926759,True,True,False,False,0.7770567314893914,0.7029004309550039,0.7770567314893914,False,missing,max,none,none,0,moving_average,4,2.0,peak,16,-1,-1,16,False,0.7770567314893917,False,False,False,False,False,False,False,,
frame_000099.jpg,,,99,False,,,,0.0,False,False,False,False,False,0.8746383708816627,0.12,0.18,True,True,False,False,False,,,32.102624832915886,31.785382602265535,True,True,False,False,0.7707842219509826,0.7142335709125429,0.7707842219509826,False,missing,max,none,none,0,moving_average,4,2.0,peak,16,-1,-1,16,False,0.7707842219509825,False,False,False,False,False,False,False,,
frame_000100.jpg,,,100,False,,,,0.0,False,False,False,False,False,0.8746383708816627,0.12,0.18,True,True,False,False,False,,,32.07547399368481,31.866649415263478,True,True,False,False,0.764511712412574,0.7255667108700815,0.764511712412574,False,missing,max,none,none,0,moving_average,4,2.0,peak,16,-1,-1,16,False,0.7645117124125734,False,False,False,False,False,False,False,,
frame_000101.jpg,,,101,False,,,,0.0,False,False,False,False,False,0.8746383708816627,0.12,0.18,True,True,False,False,False,,,32.048323154453726,31.947916228261423,True,True,False,False,0.7582392028741637,0.7368998508276206,0.7582392028741637,False,missing,max,none,none,0,moving_average,4,2.0,peak,16,-1,-1,16,False,0.7582392028741642,False,False,False,False,False,False,False,,
frame_000102.jpg,32.02117231522265,32.029183041259365,102,True,,,,0.0,False,False,False,False,True,0.8746383708816627,0.12,0.18,False,False,True,True,True,32.02117231522265,32.029183041259365,32.02117231522265,32.029183041259365,False,False,True,True,0.751966693335755,0.748232990785159,0.751966693335755,False,both,max,none,none,0,moving_average,4,2.0,peak,16,-1,-1,16,False,0.8367352987366394,False,False,False,False,False,False,False,,
frame_000103.jpg,33.09479562212346,32.582598665494565,103,True,1.122678280496599,0.11139829685933317,0.008931420092132318,1.2835913880212049,True,False,False,True,True,0.8746383708816627,0.12,0.18,False,False,True,True,True,33.09479562212346,32.582598665494565,33.09479562212346,32.582598665494565,False,False,True,True,1.0,0.8254100879638671,1.0,False,both,max,none,none,0,moving_average,4,2.0,peak,16,-1,-1,16,False,0.9149844144725814,False,False,False,False,False,False,False,,
frame_000104.jpg,33.06443758918416,32.376109929846386,104,True,0.7355874559236288,0.0463022844793979,0.01288911529006741,0.8410189632797995,False,False,False,False,True,0.8746383708816627,0.12,0.18,False,False,True,True,True,33.06443758918416,32.376109929846386,33.06443758918416,32.376109929846386,False,False,True,True,0.9929865500819894,0.7966140068278288,0.9929865500819894,False,both,max,none,none,0,moving_average,4,2.0,peak,16,-1,-1,16,False,0.938551774745336,True,False,False,False,False,False,False,6,
frame_000105.jpg,32.32720944722616,31.89464809078907,105,True,0.4028643525220163,0.037162674303027325,0.024435841169784644,0.4606067672470355,False,False,False,False,False,0.8746383708816627,0.12,0.18,False,False,True,True,True,32.32720944722616,31.89464809078907,32.32720944722616,31.89464809078907,False,False,False,False,0.8226687741540186,0.7294712925394189,0.8226687741540186,False,both,max,none,none,0,moving_average,4,2.0,peak,16,-1,-1,16,False,0.8606313160002639,False,False,False,False,False,False,False,,
frame_000106.jpg,32.082949007027246,32.10360526777742,106,True,0.16652642727940611,0.03844165076828008,0.0074932041356159385,0.32034708973566733,False,False,False,False,False,0.8746383708816627,0.12,0.18,False,False,True,True,True,32.082949007027246,32.10360526777742,32.082949007027246,32.10360526777742,False,False,False,False,0.7662386237647836,0.7586116124877486,0.7662386237647836,False,both,max,none,none,0,moving_average,4,2.0,peak,16,-1,-1,16,False,0.7663805223902024,False,False,False,False,False,False,False,,
frame_000107.jpg,31.840531210546416,31.584235992909186,107,True,0.12064236222421294,0.09774939400407658,0.01679301377095076,0.8145782833673049,False,False,False,False,False,0.8746383708816627,0.12,0.18,False,False,True,True,True,31.840531210546416,31.584235992909186,31.840531210546416,31.584235992909186,False,False,False,False,0.7102341692518052,0.6861824810306552,0.7102341692518052,False,both,max,none,none,0,moving_average,4,2.0,peak,16,-1,-1,16,False,0.7237530030924587,False,False,False,False,False,False,False,,
frame_000108.jpg,31.731155194492217,31.645930999293174,108,True,0.08752175780401507,0.047741665992517474,0.02714826257444803,0.39784721660431227,False,False,False,False,False,0.8746383708816627,0.12,0.18,False,False,True,True,True,31.731155194492217,31.645930999293174,31.731155194492217,31.645930999293174,False,False,False,False,0.6849656278953433,0.6947862162607875,0.6947862162607875,False,both,max,none,none,0,moving_average,4,2.0,peak,16,-1,-1,16,False,0.6968613801806388,False,False,False,False,False,False,False,,
frame_000109.jpg,31.73374421465313,31.55375041139148,109,True,0.026218119692565687,0.030527971203959885,0.004711185097780637,0.254399760032999,False,False,False,False,False,0.8746383708816627,0.12,0.18,False,False,True,True,True,31.73374421465313,31.55375041139148,31.73374421465313,31.55375041139148,False,False,False,False,0.6855637550293239,0.6819310855435963,0.6855637550293239,False,both,max,none,none,0,moving_average,4,2.0,peak,16,-1,-1,16,False,0.6981332073794402,False,False,False,False,False,False,False,,
frame_000110.jpg,31.857046693987098,31.59666121948232,110,True,0.03533646727334646,0.007786595057412508,0.010627495469755433,0.06488829214510423,False,False,False,False,False,0.8746383708816627,0.12,0.18,False,False,True,True,True,31.857046693987098,31.59666121948232,31.857046693987098,31.59666121948232,False,False,False,False,0.7140496508482094,0.6879152527066041,0.7140496508482094,False,both,max,none,none,0,moving_average,4,2.0,peak,16,-1,-1,16,False,0.7297009295532975,False,False,False,False,False,False,False,,
frame_000111.jpg,32.18359096161036,31.760900966410677,111,True,0.04630197112338272,0.022209657847517203,0.010044118372921478,0.18508048206264335,False,False,False,False,False,0.8746383708816627,0.12,0.18,False,False,True,True,True,32.18359096161036,31.760900966410677,32.18359096161036,31.760900966410677,False,False,False,False,0.7894893827823591,0.710819461323434,0.7894893827823591,False,both,max,none,none,0,moving_average,4,2.0,peak,16,-1,-1,16,False,0.813787421254897,False,False,False,False,False,False,False,,
frame_000112.jpg,32.82566068144319,32.35466770348339,112,True,0.02075349259227076,0.030366803198597643,0.020534924209774714,0.25305669332164704,False,False,False,False,False,0.8746383708816627,0.12,0.18,False,False,True,True,True,32.82566068144319,32.35466770348339,32.82566068144319,32.35466770348339,False,False,False,False,0.9378232301341228,0.7936237609524409,0.9378232301341228,False,both,max,none,none,0,moving_average,4,2.0,peak,16,-1,-1,16,False,0.8879895923529433,False,False,False,False,False,False,False,,
frame_000113.jpg,32.82060898388566,32.35070927963601,113,True,0.017607276853586713,0.0018371236689568274,0.005169704186078192,0.02872057881154551,False,False,False,False,False,0.8746383708816627,0.12,0.18,False,False,True,True,True,32.82060898388566,32.35070927963601,32.82060898388566,32.35070927963601,False,False,False,False,0.9366561641423479,0.7930717352260865,0.9366561641423479,False,both,max,none,none,0,moving_average,4,2.0,peak,16,-1,-1,16,False,0.9498797591052085,False,False,False,False,False,False,False,,
frame_000114.jpg,32.987274060305936,32.32692453920686,114,True,0.04473686842042847,0.022945451295209703,0.005012999371520194,0.19121209412674753,False,False,False,False,False,0.8746383708816627,0.12,0.18,False,False,True,True,True,32.987274060305936,32.32692453920686,32.987274060305936,32.32692453920686,False,False,False,False,0.9751598830391549,0.7897548118450244,0.9751598830391549,False,both,max,none,none,0,moving_average,4,2.0,peak,16,-1,-1,16,False,0.9556260726228016,True,False,False,False,False,False,False,7,
frame_000115.jpg,32.90028020981482,32.59678700005908,115,True,0.22518753344334755,0.0012734274860241959,0.019277304198023135,0.2574635883129064,False,False,False,False,False,0.8746383708816627,0.12,0.18,False,False,True,True,True,32.90028020981482,32.59678700005908,32.90028020981482,32.59678700005908,False,False,False,False,0.955062170686902,0.8273887355255489,0.955062170686902,False,both,max,none,none,0,moving_average,4,2.0,peak,16,-1,-1,16,False,0.9168562426699207,False,False,False,False,False,False,False,,
frame_000116.jpg,32.31715813365361,31.93776571210144,116,True,0.36865871364379904,0.04715007855121164,0.02684969352882534,0.42149844543428794,False,False,False,False,False,0.8746383708816627,0.12,0.18,False,False,True,True,True,32.31715813365361,31.93776571210144,32.31715813365361,31.93776571210144,False,False,False,False,0.8203466742837053,0.7354843010350472,0.8203466742837053,False,both,max,none,none,0,moving_average,4,2.0,peak,16,-1,-1,16,False,0.8322327965582654,False,False,False,False,False,False,False,,
frame_000117.jpg,31.7805765839834,31.835979039333505,117,True,0.32954572944148813,0.0477570047211669,0.010589185978623003,0.39797503934305756,False,False,False,False,False,0.8746383708816627,0.12,0.18,False,False,True,True,True,31.7805765839834,31.835979039333505,31.7805765839834,31.835979039333505,False,False,False,False,0.6963831805664238,0.7212895447041892,0.7212895447041892,False,both,max,none,none,0,moving_average,4,2.0,peak,16,-1,-1,16,False,0.7793339118864765,False,False,False,False,False,False,False,,
frame_000118.jpg,30.52135191795492,32.37432807564367,118,True,0.44105941335607884,0.04189617254173006,0.049336282623187414,0.5042763135482807,False,False,False,False,False,0.8746383708816627,0.12,0.18,False,False,True,True,True,30.52135191795492,32.37432807564367,30.52135191795492,32.37432807564367,False,False,False,False,0.40547140942593585,0.7963655166715352,0.7963655166715352,False,both,max,none,none,0,moving_average,4,2.0,peak,16,-1,-1,16,False,0.7656801574054205,False,False,False,False,False,False,False,,
frame_000119.jpg,,,119,False,,,,0.0,False,False,False,False,False,0.8746383708816627,0.12,0.18,True,True,False,False,False,,,30.47629374365123,32.252568431765354,True,True,False,False,0.3950618664391508,0.7793854108405374,0.7793854108405374,False,missing,max,none,none,0,moving_average,4,2.0,peak,16,-1,-1,16,False,0.7793854108405369,False,False,False,False,False,False,False,,
frame_000120.jpg,,,120,False,,,,0.0,False,False,False,False,False,0.8746383708816627,0.12,0.18,True,True,False,False,False,,,30.431235569347542,32.130808787887034,True,True,False,False,0.38465232345236666,0.7624053050095384,0.7624053050095384,False,missing,max,none,none,0,moving_average,4,2.0,peak,16,-1,-1,16,False,0.7624053050095387,False,False,False,False,False,False,False,,
frame_000121.jpg,30.386177395043852,32.00904914400872,121,True,,,,0.0,False,False,False,False,False,0.8746383708816627,0.12,0.18,False,False,True,True,True,30.386177395043852,32.00904914400872,30.386177395043852,32.00904914400872,False,False,False,False,0.3742427804655816,0.7454251991785406,0.7454251991785406,False,both,max,none,none,0,moving_average,4,2.0,peak,16,-1,-1,16,False,0.7542527558947518,False,False,False,False,False,False,False,,
frame_000122.jpg,30.18553257316365,32.077189405251026,122,True,0.02522426816448093,0.0,5.342948306008566e-16,0.02883965419794478,False,False,False,False,True,0.8746383708816627,0.12,0.18,False,False,True,True,True,30.18553257316365,32.077189405251026,30.18553257316365,32.077189405251026,False,False,True,True,0.32788890726245173,0.7549277634961771,0.7549277634961771,False,both,max,none,none,0,moving_average,4,2.0,peak,16,-1,-1,16,False,0.74829070592597,False,False,False,False,False,False,False,,
frame_000123.jpg,30.197906264288346,32.00255215246754,123,True,0.09352266646797733,0.1386915638916003,0.07113115898694862,1.1557630324300026,False,True,False,True,True,0.8746383708816627,0.12,0.18,False,False,True,True,True,30.197906264288346,32.00255215246754,30.197906264288346,32.00255215246754,False,False,True,True,0.3307475332866576,0.7445191551031928,0.7445191551031928,False,both,max,none,none,0,moving_average,4,2.0,peak,16,-1,-1,16,False,0.7506070720333404,False,False,False,False,False,False,False,,
frame_000124.jpg,30.20384902315357,32.05887920663595,124,True,0.139870881000921,0.13869156389160017,0.07113115898694809,1.1557630324300014,False,True,False,True,True,0.8746383708816627,0.12,0.18,False,False,True,True,True,30.20384902315357,32.05887920663595,30.20384902315357,32.05887920663595,False,False,True,True,0.3321204562872813,0.7523742975006514,0.7523742975006514,False,both,max,none,none,0,moving_average,4,2.0,peak,16,-1,-1,16,False,0.746956796390041,False,False,False,False,False,False,False,,
frame_000125.jpg,30.045520724301326,31.99866405326392,125,True,0.05847654619644578,0.0,0.0,0.0668579702689005,False,False,False,False,True,0.8746383708816627,0.12,0.18,False,False,True,True,True,30.045520724301326,31.99866405326392,30.045520724301326,31.99866405326392,False,False,True,True,0.29554273740726944,0.743976936566279,0.743976936566279,False,both,max,none,none,0,moving_average,4,2.0,peak,16,-1,-1,16,False,0.7418954583682474,False,False,False,False,False,False,False,,
frame_000126.jpg,30.077588045263948,31.89367178601723,126,True,0.032869310327220666,0.0,5.342948306008566e-16,0.037580457731447775,False,False,False,False,False,0.8746383708816627,0.12,0.18,False,False,True,True,True,30.077588045263948,31.89367178601723,30.077588045263948,31.89367178601723,False,False,False,False,0.3029510747664708,0.729335141037812,0.729335141037812,False,both,max,none,none,0,moving_average,4,2.0,peak,16,-1,-1,16,False,0.7370664158679321,False,False,False,False,False,False,False,,
frame_000127.jpg,30.20725004068632,31.95499602104857,127,True,0.032869310327220666,0.0,5.342948306008566e-16,0.037580457731447775,False,False,False,False,False,0.8746383708816627,0.12,0.18,False,False,True,True,True,30.20725004068632,31.95499602104857,30.20725004068632,31.95499602104857,False,False,False,False,0.3329061747224612,0.7378871699997052,0.7378871699997052,False,both,max,none,none,0,moving_average,4,2.0,peak,16,-1,-1,16,False,0.7322155843128582,False,False,False,False,False,False,False,,
frame_000128.jpg,30.05171694915495,31.89431213781568,128,True,0.032869310327220666,0.0,0.0,0.037580457731447775,False,False,False,False,False,0.8746383708816627,0.12,0.18,False,False,True,True,True,30.05171694915495,31.89431213781568,30.05171694915495,31.89431213781568,False,False,False,False,0.2969742172656158,0.7294244419010575,0.7294244419010575,False,both,max,none,none,0,moving_average,4,2.0,peak,16,-1,-1,16,False,0.7299956902629858,False,False,False,False,False,False,False,,
frame_000129.jpg,29.86324963775048,31.84591704673876,129,True,0.04018535855648891,0.0,5.342948306008566e-16,0.04594511273954379,False,False,False,False,False,0.8746383708816627,0.12,0.18,False,False,True,True,True,29.86324963775048,31.84591704673876,29.86324963775048,31.84591704673876,False,False,False,False,0.25343364754688374,0.722675458888195,0.722675458888195,False,both,max,none,none,0,moving_average,4,2.0,peak,16,-1,-1,16,False,0.7226455161231171,False,False,False,False,False,False,False,,
frame_000130.jpg,29.812623808586945,31.796877821794435,130,True,0.04018535855648891,0.0,0.0,0.04594511273954379,False,False,False,False,False,0.8746383708816627,0.12,0.18,False,False,True,True,True,29.812623808586945,31.796877821794435,29.812623808586945,31.796877821794435,False,False,False,False,0.24173783978140356,0.7158366475800991,0.7158366475800991,False,both,max,none,none,0,moving_average,4,2.0,peak,16,-1,-1,16,False,0.7181162513494643,False,False,False,False,False,False,False,,
frame_000131.jpg,29.812623808586945,31.796877821794435,131,True,0.0,0.0,0.0,0.0,False,False,False,False,False,0.8746383708816627,0.12,0.18,False,False,True,True,True,29.812623808586945,31.796877821794435,29.812623808586945,31.796877821794435,False,False,False,False,0.24173783978140356,0.7158366475800991,0.7158366475800991,False,both,max,none,none,0,moving_average,4,2.0,peak,16,-1,-1,16,False,0.7146506927142247,False,False,False,False,False,False,False,,
frame_000132.jpg,29.751184671241816,31.77136535852209,132,True,0.012370279087546673,0.0,0.0,0.014143307107687313,False,False,False,False,False,0.8746383708816627,0.12,0.18,False,False,True,True,True,29.751184671241816,31.77136535852209,29.751184671241816,31.77136535852209,False,False,False,False,0.22754389270856965,0.7122787829824758,0.7122787829824758,False,both,max,none,none,0,moving_average,4,2.0,peak,16,-1,-1,16,False,0.7060462951821085,False,False,False,False,False,False,False,,
frame_000133.jpg,29.925764871425063,31.611778555089277,133,True,0.07645153866479984,0.0,0.0,0.08740931247703472,False,False,False,False,False,0.8746383708816627,0.12,0.18,False,False,True,True,True,29.925764871425063,31.611778555089277,29.925764871425063,31.611778555089277,False,False,False,False,0.2678761992552241,0.6900234549837507,0.6900234549837507,False,both,max,none,none,0,moving_average,4,2.0,peak,16,-1,-1,16,False,0.6898636085075757,False,False,False,False,False,False,False,,
frame_000134.jpg,30.133654362923306,31.448753107008194,134,True,0.0346604795913437,0.0,0.0,0.03962835469521518,False,False,False,False,False,0.8746383708816627,0.12,0.18,False,False,True,True,True,30.133654362923306,31.448753107008194,30.133654362923306,31.448753107008194,False,False,False,False,0.31590376876273035,0.6672885875565006,0.6672885875565006,False,both,max,none,none,0,moving_average,4,2.0,peak,16,-1,-1,16,False,0.6741187823252428,False,False,False,False,False,False,False,,
frame_000135.jpg,30.49429551971792,31.432659973296445,135,True,0.050379257392532156,0.0,0.0,0.05760009973235944,False,False,False,False,False,0.8746383708816627,0.12,0.18,False,False,True,True,True,30.49429551971792,31.432659973296445,30.49429551971792,31.432659973296445,False,False,False,False,0.3992207180726343,0.6650443044354774,0.6650443044354774,False,both,max,none,none,0,moving_average,4,2.0,peak,16,-1,-1,16,False,0.6657923988091518,False,False,False,False,False,False,False,,
frame_000136.jpg,30.49429551971792,31.432659973296445,136,True,0.0,0.0,0.0,0.0,False,False,False,False,False,0.8746383708816627,0.12,0.18,False,False,True,True,True,30.49429551971792,31.432659973296445,30.49429551971792,31.432659973296445,False,False,False,False,0.3992207180726343,0.6650443044354774,0.6650443044354774,False,both,max,none,none,0,moving_average,4,2.0,peak,16,-1,-1,16,False,0.6651412234964817,False,False,False,False,False,False,False,,
frame_000137.jpg,30.55696032909586,31.434744912660847,137,True,0.01163154031596745,0.0,5.30825383648903e-16,0.013298685151718755,False,False,False,False,False,0.8746383708816627,0.12,0.18,False,False,True,True,True,30.55696032909586,31.434744912660847,30.55696032909586,31.434744912660847,False,False,False,False,0.4136978254357019,0.6653350616184905,0.6653350616184905,False,both,max,none,none,0,moving_average,4,2.0,peak,16,-1,-1,16,False,0.6818440199397375,False,False,False,False,False,False,False,,
frame_000138.jpg,29.7697887108928,31.791973378102814,138,True,0.05480173191734271,0.0,1.0651202142497596e-15,0.06265644607165,False,False,False,False,True,0.8746383708816627,0.12,0.18,False,False,True,True,True,29.7697887108928,31.791973378102814,29.7697887108928,31.791973378102814,False,False,True,True,0.2318418819961408,0.7151526937652446,0.7151526937652446,False,both,max,none,none,0,moving_average,4,2.0,peak,16,-1,-1,16,False,0.7288152862681327,False,False,False,False,False,False,False,,
frame_000139.jpg,31.36306770849711,32.4431138628508,139,True,0.17786745945880952,0.12493231648826697,0.10578182528737204,1.0411026374022248,False,True,False,True,True,0.8746383708816627,0.12,0.18,False,False,True,True,True,31.36306770849711,32.4431138628508,31.36306770849711,32.4431138628508,False,False,True,True,0.5999283939732875,0.805958103420663,0.805958103420663,False,both,max,none,none,0,moving_average,4,2.0,peak,16,-1,-1,16,False,0.8011590413827578,False,False,False,False,False,False,False,,
frame_000140.jpg,31.44220266982469,32.99101610683025,140,True,0.15941658790980942,0.12493231648826696,0.10578182528737154,1.0411026374022248,False,True,False,True,True,0.8746383708816627,0.12,0.18,False,False,True,True,True,31.44220266982469,32.99101610683025,31.44220266982469,32.99101610683025,False,False,True,True,0.618210510246906,0.882366326962366,0.882366326962366,False,both,max,none,none,0,moving_average,4,2.0,peak,16,-1,-1,16,False,0.8154937679755925,True,False,False,False,False,False,False,8,
frame_000141.jpg,29.692133085556573,32.10034446054629,141,True,0.08001900692541535,0.0,0.0,0.09148810478638582,False,False,False,False,True,0.8746383708816627,0.12,0.18,False,False,True,True,True,29.692133085556573,32.10034446054629,29.692133085556573,32.10034446054629,False,False,True,True,0.21390152860643594,0.7581568735437484,0.7581568735437484,False,both,max,none,none,0,moving_average,4,2.0,peak,16,-1,-1,16,False,0.7754214153002681,False,False,False,False,False,False,False,,
frame_000142.jpg,31.734511623961605,31.545660056551803,142,True,0.6885269017776392,0.0442321664595944,0.034208165625829665,0.7872132354353293,False,False,False,False,True,0.8746383708816627,0.12,0.18,False,False,True,True,True,31.734511623961605,31.545660056551803,31.734511623961605,31.545660056551803,False,False,True,True,0.6857410453946903,0.6808028374885565,0.6857410453946903,False,both,max,none,none,0,moving_average,4,2.0,peak,16,-1,-1,16,False,0.731015579838493,False,False,False,False,False,False,False,,
frame_000143.jpg,31.96865621397825,32.03575020346804,143,True,1.0923862980105303,0.11243626197601857,0.10001361531555053,1.2489576656800123,True,False,False,True,True,0.8746383708816627,0.12,0.18,False,False,True,True,True,31.96865621397825,32.03575020346804,31.96865621397825,32.03575020346804,False,False,True,True,0.7398341863744785,0.7491488205770405,0.7491488205770405,False,both,max,none,none,0,moving_average,4,2.0,peak,16,-1,-1,16,False,0.7171962991813556,False,False,False,False,False,False,False,,
frame_000144.jpg,31.81064340388894,31.80306173895174,144,True,1.1881697948281407,0.15396405804379443,0.09152727944348739,1.3584697794934706,True,True,False,True,True,0.8746383708816627,0.12,0.18,False,False,True,True,True,31.81064340388894,31.80306173895174,31.81064340388894,31.80306173895174,False,False,True,True,0.7033293531337618,0.7166990315723364,0.7166990315723364,False,both,max,none,none,0,moving_average,4,2.0,peak,16,-1,-1,16,False,0.7346847883345312,False,False,False,False,False,False,False,,
frame_000145.jpg,31.961610756048103,28.791724737036915,145,True,0.9167707399070535,0.0857599625273703,0.025721829753766544,1.0481711875765523,True,False,False,True,True,0.8746383708816627,0.12,0.18,False,False,True,True,True,31.961610756048103,28.791724737036915,31.961610756048103,28.791724737036915,False,False,True,True,0.7382065128542169,0.2967501933807934,0.7382065128542169,False,both,max,none,none,0,moving_average,4,2.0,peak,16,-1,-1,16,False,0.7331306130743097,False,False,False,False,False,False,False,,
frame_000146.jpg,31.98879307420541,28.35458044933258,146,True,0.3497460631295038,2.2204460492503136e-16,6.938893903907228e-18,0.3998750509618608,False,False,False,False,True,0.8746383708816627,0.12,0.18,False,False,True,True,True,31.98879307420541,28.35458044933258,31.98879307420541,28.35458044933258,False,False,True,True,0.744486294796376,0.23578782496212325,0.744486294796376,False,both,max,none,none,0,moving_average,4,2.0,peak,16,-1,-1,16,False,0.7228533648192408,False,False,False,False,False,False,False,,
frame_000147.jpg,31.735058065584763,26.718722765651165,147,True,0.26328312479268257,4.440892098500625e-16,6.938893903907228e-18,0.3010194082009974,False,False,False,False,False,0.8746383708816627,0.12,0.18,False,False,True,True,True,31.735058065584763,26.718722765651165,31.735058065584763,26.718722765651165,False,False,False,False,0.6858672868071294,0.007657750755254428,0.6858672868071294,False,both,max,none,none,0,moving_average,4,2.0,peak,16,-1,-1,16,False,0.7547501231484408,False,False,False,False,False,False,False,,
frame_000148.jpg,32.37581040871614,27.61971480552658,148,True,0.16217709387748921,1.1102230246251565e-16,0.0,0.18542188323387832,False,False,False,False,False,0.8746383708816627,0.12,0.18,False,False,True,True,True,32.37581040871614,27.61971480552658,32.37581040871614,27.61971480552658,False,False,False,False,0.833896787841817,0.1333064443836706,0.833896787841817,False,both,max,none,none,0,moving_average,4,2.0,peak,16,-1,-1,16,False,0.7789623750918848,False,False,False,False,False,False,False,,
frame_000149.jpg,32.30320453388358,27.77958620300037,149,True,0.11106182250349846,0.0,0.0,0.1269802768789399,False,False,False,False,False,0.8746383708816627,0.12,0.18,False,False,True,True,True,32.30320453388358,27.77958620300037,32.30320453388358,27.77958620300037,False,False,False,False,0.8171230506267081,0.1556014607124592,0.8171230506267081,False,both,max,none,none,0,moving_average,4,2.0,peak,16,-1,-1,16,False,0.8227142963650776,False,False,False,False,False,False,False,,
frame_000150.jpg,32.30320453388358,27.77958620300037,150,True,0.0,0.0,0.0,0.0,False,False,False,False,False,0.8746383708816627,0.12,0.18,False,False,True,True,True,32.30320453388358,27.77958620300037,32.30320453388358,27.77958620300037,False,False,False,False,0.8171230506267081,0.1556014607124592,0.8171230506267081,False,both,max,none,none,0,moving_average,4,2.0,peak,16,-1,-1,16,False,0.8383914141634883,False,False,False,False,False,False,False,,
frame_000151.jpg,32.57938773403303,28.20600481804927,151,True,0.11540888337516463,0.0,0.0,0.13195040055106302,False,False,False,False,False,0.8746383708816627,0.12,0.18,False,False,True,True,True,32.57938773403303,28.20600481804927,32.57938773403303,28.20600481804927,False,False,False,False,0.880928141237049,0.2150680703477022,0.880928141237049,False,both,max,none,none,0,moving_average,4,2.0,peak,16,-1,-1,16,False,0.8668831146334102,False,False,False,False,False,False,False,,
frame_000152.jpg,32.673187348963566,28.35812187930159,152,True,0.07843779646582641,0.0,0.0,0.0896802599533321,False,False,False,False,False,0.8746383708816627,0.12,0.18,False,False,True,True,True,32.673187348963566,28.35812187930159,32.673187348963566,28.35812187930159,False,False,False,False,0.9025981520364735,0.23628169841437255,0.9025981520364735,False,both,max,none,none,0,moving_average,4,2.0,peak,16,-1,-1,16,False,0.8855652406544892,True,False,False,False,False,False,False,9,
frame_000153.jpg,32.54580379833446,27.683598741628664,153,True,0.06416188970311584,0.0,0.0,0.07335819218454669,False,False,False,False,False,0.8746383708816627,0.12,0.18,False,False,True,True,True,32.54580379833446,27.683598741628664,32.54580379833446,27.683598741628664,False,False,False,False,0.873169428689945,0.14221543886954632,0.873169428689945,False,both,max,none,none,0,moving_average,4,2.0,peak,16,-1,-1,16,False,0.8774472594535213,False,False,False,False,False,False,False,,
frame_000154.jpg,32.47397059542906,28.709393393971062,154,True,0.10594419176406737,0.0,0.0,0.12112913781414864,False,False,False,False,False,0.8746383708816627,0.12,0.18,False,False,True,True,True,32.47397059542906,28.709393393971062,32.47397059542906,28.709393393971062,False,False,False,False,0.8565741976341454,0.28526859837987883,0.8565741976341454,False,both,max,none,none,0,moving_average,4,2.0,peak,16,-1,-1,16,False,0.831219139147783,False,False,False,False,False,False,False,,
frame_000155.jpg,32.07288586451446,27.79392664656306,155,True,0.01812611885198009,5.551115123125785e-16,1.0408340855860843e-17,0.020724129486462385,False,False,False,False,False,0.8746383708816627,0.12,0.18,False,False,True,True,True,32.07288586451446,27.79392664656306,32.07288586451446,27.79392664656306,False,False,False,False,0.7639137911192586,0.15760132077776381,0.7639137911192586,False,both,max,none,none,0,moving_average,4,2.0,peak,16,-1,-1,16,False,0.7907932888799314,False,False,False,False,False,False,False,,
frame_000156.jpg,32.02084847319016,27.53729998070712,156,True,0.016897493995345007,4.440892098500625e-16,1.0408340855860843e-17,0.019319406234501017,False,False,False,False,False,0.8746383708816627,0.12,0.18,False,False,True,True,True,32.02084847319016,27.53729998070712,32.02084847319016,27.53729998070712,False,False,False,False,0.7518918778863901,0.12181320735616959,0.7518918778863901,False,both,max,none,none,0,moving_average,4,2.0,peak,16,-1,-1,16,False,0.7414130424722541,False,False,False,False,False,False,False,,
frame_000157.jpg,31.832736752803804,26.663811152369785,157,True,0.030860589511857328,0.0,0.0,0.035283827624380225,False,False,False,False,False,0.8746383708816627,0.12,0.18,False,False,True,True,True,31.832736752803804,26.663811152369785,31.832736752803804,26.663811152369785,False,False,False,False,0.708433458411114,0.0,0.708433458411114,False,both,max,none,none,0,moving_average,4,2.0,peak,16,-1,-1,16,False,0.74491525099939,False,False,False,False,False,False,False,,
frame_000158.jpg,32.11836426518889,27.81539465352733,158,True,0.10919943013132494,0.0,0.0,0.12485094842254463,False,False,False,False,False,0.8746383708816627,0.12,0.18,False,False,True,True,True,32.11836426518889,27.81539465352733,32.11836426518889,27.81539465352733,False,False,False,False,0.7744204167006661,0.1605951619111874,0.7744204167006661,False,both,max,none,none,0,moving_average,4,2.0,peak,16,-1,-1,16,False,0.7633856730898186,False,False,False,False,False,False,False,,
frame_000159.jpg,32.26069862772715,28.993398099161944,159,True,0.18965925867675348,0.0,0.0,0.21684305764629447,False,False,False,False,False,0.8746383708816627,0.12,0.18,False,False,True,True,True,32.26069862772715,28.993398099161944,32.26069862772715,28.993398099161944,False,False,False,False,0.8073031441576759,0.3248747420662226,0.8073031441576759,False,both,max,none,none,0,moving_average,4,2.0,peak,16,-1,-1,16,False,0.8068690084465087,False,False,False,False,False,False,False,,
frame_000160.jpg,32.39739546249785,30.81091351074942,160,True,0.1723663910951438,0.0,0.0,0.1970716090598599,False,False,False,False,False,0.8746383708816627,0.12,0.18,False,False,True,True,True,32.39739546249785,30.81091351074942,32.39739546249785,30.81091351074942,False,False,False,False,0.8388834644811839,0.5783380658343849,0.8388834644811839,False,both,max,none,none,0,moving_average,4,2.0,peak,16,-1,-1,16,False,0.8160435502669556,True,False,False,False,False,False,False,10,
frame_000161.jpg,32.17962535145634,32.41433013946155,161,True,0.4498516685472077,2.2204460492503136e-16,6.938893903907228e-18,0.5143287597750179,False,False,False,False,False,0.8746383708816627,0.12,0.18,False,False,True,True,True,32.17962535145634,32.41433013946155,32.17962535145634,32.41433013946155,False,False,False,False,0.7885732296091539,0.801944042162007,0.801944042162007,False,both,max,none,none,0,moving_average,4,2.0,peak,16,-1,-1,16,False,0.8142587298248306,False,False,False,False,False,False,False,,
frame_000162.jpg,,,162,False,,,,0.0,False,False,False,False,False,0.8746383708816627,0.12,0.18,True,True,False,False,False,,,31.976966586224897,32.4143634164179,True,True,False,False,0.7417540861146369,0.8019486828313009,0.8019486828313009,False,missing,max,none,none,0,moving_average,4,2.0,peak,16,-1,-1,16,False,0.8019486828313012,False,False,False,False,False,False,False,,
frame_000163.jpg,,,163,False,,,,0.0,False,False,False,False,False,0.8746383708816627,0.12,0.18,True,True,False,False,False,,,31.774307820993457,32.41439669337426,True,True,False,False,0.6949349426201198,0.8019533235005958,0.8019533235005958,False,missing,max,none,none,0,moving_average,4,2.0,peak,16,-1,-1,16,False,0.8019533235005953,False,False,False,False,False,False,False,,
frame_000164.jpg,,,164,False,,,,0.0,False,False,False,False,False,0.8746383708816627,0.12,0.18,True,True,False,False,False,,,31.57164905576202,32.41442997033061,True,True,False,False,0.6481157991256036,0.8019579641698896,0.8019579641698896,False,missing,max,none,none,0,moving_average,4,2.0,peak,16,-1,-1,16,False,0.8019579641698895,False,False,False,False,False,False,False,,
frame_000165.jpg,31.36899029053058,32.41446324728696,165,True,,,,0.0,False,False,False,False,False,0.8746383708816627,0.12,0.18,False,False,True,True,True,31.36899029053058,32.41446324728696,31.36899029053058,32.41446324728696,False,False,False,False,0.6012966556310866,0.8019626048391836,0.8019626048391836,False,both,max,none,none,0,moving_average,4,2.0,peak,16,-1,-1,16,False,0.8000841871728693,False,False,False,False,False,False,False,,
frame_000166.jpg,,,166,False,,,,0.0,False,False,False,False,False,0.8746383708816627,0.12,0.18,True,True,False,False,False,,,31.42741943202892,32.374087683147465,True,True,False,False,0.6147952198651484,0.7963319925095348,0.7963319925095348,False,missing,max,none,none,0,moving_average,4,2.0,peak,16,-1,-1,16,False,0.796331992509535,False,False,False,False,False,False,False,,
frame_000167.jpg,,,167,False,,,,0.0,False,False,False,False,False,0.8746383708816627,0.12,0.18,True,True,False,False,False,,,31.48584857352726,32.33371211900798,True,True,False,False,0.6282937840992101,0.790701380179887,0.790701380179887,False,missing,max,none,none,0,moving_average,4,2.0,peak,16,-1,-1,16,False,0.7907013801798866,False,False,False,False,False,False,False,,
frame_000168.jpg,,,168,False,,,,0.0,False,False,False,False,False,0.8746383708816627,0.12,0.18,True,True,False,False,False,,,31.5442777150256,32.29333655486848,True,True,False,False,0.6417923483332718,0.7850707678502382,0.7850707678502382,False,missing,max,none,none,0,moving_average,4,2.0,peak,16,-1,-1,16,False,0.7850707678502385,False,False,False,False,False,False,False,,
frame_000169.jpg,,,169,False,,,,0.0,False,False,False,False,False,0.8746383708816627,0.12,0.18,True,True,False,False,False,,,31.60270685652394,32.252960990728994,True,True,False,False,0.6552909125673336,0.7794401555205905,0.7794401555205905,False,missing,max,none,none,0,moving_average,4,2.0,peak,16,-1,-1,16,False,0.7794401555205901,False,False,False,False,False,False,False,,
frame_000170.jpg,,,170,False,,,,0.0,False,False,False,False,False,0.8746383708816627,0.12,0.18,True,True,False,False,False,,,31.66113599802228,32.2125854265895,True,True,False,False,0.6687894768013953,0.7738095431909418,0.7738095431909418,False,missing,max,none,none,0,moving_average,4,2.0,peak,16,-1,-1,16,False,0.7738095431909418,False,False,False,False,False,False,False,,
frame_000171.jpg,,,171,False,,,,0.0,False,False,False,False,False,0.8746383708816627,0.12,0.18,True,True,False,False,False,,,31.719565139520622,32.17220986245,True,True,False,False,0.6822880410354571,0.768178930861293,0.768178930861293,False,missing,max,none,none,0,moving_average,4,2.0,peak,16,-1,-1,16,False,0.7681789308612932,False,False,False,False,False,False,False,,
frame_000172.jpg,,,172,False,,,,0.0,False,False,False,False,False,0.8746383708816627,0.12,0.18,True,True,False,False,False,,,31.777994281018962,32.131834298310515,True,True,False,False,0.6957866052695189,0.7625483185316453,0.7625483185316453,False,missing,max,none,none,0,moving_average,4,2.0,peak,16,-1,-1,16,False,0.7625483185316448,False,False,False,False,False,False,False,,
frame_000173.jpg,,,173,False,,,,0.0,False,False,False,False,False,0.8746383708816627,0.12,0.18,True,True,False,False,False,,,31.836423422517303,32.09145873417102,True,True,False,False,0.7092851695035807,0.7569177062019965,0.7569177062019965,False,missing,max,none,none,0,moving_average,4,2.0,peak,16,-1,-1,16,False,0.7569177062019967,False,False,False,False,False,False,False,,
frame_000174.jpg,,,174,False,,,,0.0,False,False,False,False,False,0.8746383708816627,0.12,0.18,True,True,False,False,False,,,31.894852564015643,32.05108317003153,True,True,False,False,0.7227837337376424,0.7512870938723487,0.7512870938723487,False,missing,max,none,none,0,moving_average,4,2.0,peak,16,-1,-1,16,False,0.7512870938723484,False,False,False,False,False,False,False,,
frame_000175.jpg,,,175,False,,,,0.0,False,False,False,False,False,0.8746383708816627,0.12,0.18,True,True,False,False,False,,,31.953281705513987,32.01070760589204,True,True,False,False,0.736282297971705,0.7456564815426999,0.7456564815426999,False,missing,max,none,none,0,moving_average,4,2.0,peak,16,-1,-1,16,False,0.7489081458736048,False,False,False,False,False,False,False,,
frame_000176.jpg,,,176,False,,,,0.0,False,False,False,False,False,0.8746383708816627,0.12,0.18,True,True,False,False,False,,,32.011710847012324,31.970332041752545,True,True,False,False,0.7497808622057659,0.7400258692130517,0.7497808622057659,False,missing,max,none,none,0,moving_average,4,2.0,peak,16,-1,-1,16,False,0.7529055900627647,False,False,False,False,False,False,False,,
frame_000177.jpg,,,177,False,,,,0.0,False,False,False,False,False,0.8746383708816627,0.12,0.18,True,True,False,False,False,,,32.07013998851067,31.92995647761305,True,True,False,False,0.7632794264398285,0.734395256883403,0.7632794264398285,False,missing,max,none,none,0,moving_average,4,2.0,peak,16,-1,-1,16,False,0.7632794264398279,False,False,False,False,False,False,False,,
frame_000178.jpg,,,178,False,,,,0.0,False,False,False,False,False,0.8746383708816627,0.12,0.18,True,True,False,False,False,,,32.128569130009005,31.88958091347356,True,True,False,False,0.7767779906738894,0.7287646445537547,0.7767779906738894,False,missing,max,none,none,0,moving_average,4,2.0,peak,16,-1,-1,16,False,0.7767779906738899,False,False,False,False,False,False,False,,
frame_000179.jpg,,,179,False,,,,0.0,False,False,False,False,False,0.8746383708816627,0.12,0.18,True,True,False,False,False,,,32.18699827150735,31.849205349334067,True,True,False,False,0.790276554907952,0.7231340322241064,0.790276554907952,False,missing,max,none,none,0,moving_average,4,2.0,peak,16,-1,-1,16,False,0.7902765549079513,False,False,False,False,False,False,False,,
frame_000180.jpg,,,180,False,,,,0.0,False,False,False,False,False,0.8746383708816627,0.12,0.18,True,True,False,False,False,,,32.245427413005686,31.808829785194575,True,True,False,False,0.8037751191420129,0.7175034198944582,0.8037751191420129,False,missing,max,none,none,0,moving_average,4,2.0,peak,16,-1,-1,16,False,0.8037751191420134,False,False,False,False,False,False,False,,
frame_000181.jpg,,,181,False,,,,0.0,False,False,False,False,False,0.8746383708816627,0.12,0.18,True,True,False,False,False,,,32.30385655450403,31.76845422105508,True,True,False,False,0.8172736833760755,0.7118728075648094,0.8172736833760755,False,missing,max,none,none,0,moving_average,4,2.0,peak,16,-1,-1,16,False,0.817273683376075,False,False,False,False,False,False,False,,
frame_000182.jpg,,,182,False,,,,0.0,False,False,False,False,False,0.8746383708816627,0.12,0.18,True,True,False,False,False,,,32.36228569600237,31.72807865691559,True,True,False,False,0.8307722476101365,0.7062421952351612,0.8307722476101365,False,missing,max,none,none,0,moving_average,4,2.0,peak,16,-1,-1,16,False,0.830772247610137,True,False,False,False,False,False,False,11,
frame_000183.jpg,32.42071483750071,31.687703092776097,183,True,,,,0.0,False,False,False,False,False,0.8746383708816627,0.12,0.18,False,False,True,True,True,32.42071483750071,31.687703092776097,32.42071483750071,31.687703092776097,False,False,False,False,0.844270811844199,0.700611582905513,0.844270811844199,False,both,max,none,none,0,moving_average,4,2.0,peak,16,-1,-1,16,False,0.8040527971543259,False,False,False,False,False,False,False,,
frame_000184.jpg,31.956887530753853,31.88060915238266,184,True,0.7435684454102118,4.440892098500625e-16,1.078998002057574e-15,0.8501438653562291,False,False,False,False,True,0.8746383708816627,0.12,0.18,False,False,True,True,True,31.956887530753853,31.88060915238266,31.956887530753853,31.88060915238266,False,False,True,True,0.7371153320086421,0.7275134791596926,0.7371153320086421,False,both,max,none,none,0,moving_average,4,2.0,peak,16,-1,-1,16,False,0.7606832500005282,False,False,False,False,False,False,False,,
frame_000185.jpg,31.79910459834743,31.292798341615963,185,True,0.9006881589582226,5.551115123125785e-16,1.0408340855860843e-17,1.029783495606648,True,False,False,True,True,0.8746383708816627,0.12,0.18,False,False,True,True,True,31.79910459834743,31.292798341615963,31.79910459834743,31.292798341615963,False,False,True,True,0.7006636061487436,0.6455397688439962,0.7006636061487436,False,both,max,none,none,0,moving_average,4,2.0,peak,16,-1,-1,16,False,0.713260679554441,False,False,False,False,False,False,False,,
frame_000186.jpg,31.758693768886243,31.697681280731132,186,True,0.6881132752313626,0.0,0.0,0.7867403239326477,False,False,False,False,True,0.8746383708816627,0.12,0.18,False,False,True,True,True,31.758693768886243,31.697681280731132,31.758693768886243,31.697681280731132,False,False,True,True,0.6913277137627661,0.7020031005059374,0.7020031005059374,False,both,max,none,none,0,moving_average,4,2.0,peak,16,-1,-1,16,False,0.727171371398825,False,False,False,False,False,False,False,,
frame_000187.jpg,32.137526693857815,32.00741896029698,187,True,0.6845790166177846,0.07899361100635856,0.045874069835205436,0.7826995011980867,False,False,False,False,False,0.8746383708816627,0.12,0.18,False,False,True,True,True,32.137526693857815,32.00741896029698,32.137526693857815,32.00741896029698,False,False,False,False,0.7788474075417944,0.7451978603734355,0.7788474075417944,False,both,max,none,none,0,moving_average,4,2.0,peak,16,-1,-1,16,False,0.7998434629435252,False,False,False,False,False,False,False,,
frame_000188.jpg,32.74279783406157,32.503166532730624,188,True,0.22149915632512818,0.015294136672100233,0.063620543768009,0.35344746537782784,False,False,False,False,False,0.8746383708816627,0.12,0.18,False,False,True,True,True,32.74279783406157,32.503166532730624,32.74279783406157,32.503166532730624,False,False,False,False,0.9186798807828438,0.8143328050665751,0.9186798807828438,False,both,max,none,none,0,moving_average,4,2.0,peak,16,-1,-1,16,False,0.8842600996846761,False,False,False,False,False,False,False,,
frame_000189.jpg,32.90110626950922,32.35536174023881,189,True,0.012490393789027684,0.007077577464654018,0.0007422436452851761,0.058979812205450156,False,False,False,False,False,0.8746383708816627,0.12,0.18,False,False,True,True,True,32.90110626950922,32.35536174023881,32.90110626950922,32.35536174023881,False,False,False,False,0.9552530107293901,0.7937205485019297,0.9552530107293901,False,both,max,none,none,0,moving_average,4,2.0,peak,16,-1,-1,16,False,0.9418331887667517,True,False,False,False,False,False,False,12,
frame_000190.jpg,32.8851497988362,32.104924702995724,190,True,0.06468644825582129,0.03487713063531248,0.006566442194583931,0.2906427552942707,False,False,False,False,False,0.8746383708816627,0.12,0.18,False,False,True,True,True,32.8851497988362,32.104924702995724,32.8851497988362,32.104924702995724,False,False,False,False,0.9515666747880211,0.758795615568986,0.9515666747880211,False,both,max,none,none,0,moving_average,4,2.0,peak,16,-1,-1,16,False,0.9373398601674028,False,False,False,False,False,False,False,,
frame_000191.jpg,32.684449110157864,32.18550688825623,191,True,0.14100844871313,0.06648819450780072,0.011922275383504814,0.554068287565006,False,False,False,False,False,0.8746383708816627,0.12,0.18,False,False,True,True,True,32.684449110157864,32.18550688825623,32.684449110157864,32.18550688825623,False,False,False,False,0.9051998949847969,0.7700332801205012,0.9051998949847969,False,both,max,none,none,0,moving_average,4,2.0,peak,16,-1,-1,16,False,0.8758116549841454,False,False,False,False,False,False,False,,
frame_000192.jpg,32.102123471534334,31.96917430393757,192,True,0.366702134461137,4.440892098500625e-16,1.0408340855860843e-17,0.419261430402933,False,False,False,False,False,0.8746383708816627,0.12,0.18,False,False,True,True,True,32.102123471534334,31.96917430393757,32.102123471534334,31.96917430393757,False,False,False,False,0.770668395179618,0.73986441579551,0.770668395179618,False,both,max,none,none,0,moving_average,4,2.0,peak,16,-1,-1,16,False,0.8406251339911301,False,False,False,False,False,False,False,,
frame_000193.jpg,31.37712168938114,32.73029422836646,193,True,0.2601422859628894,0.0,0.0,0.2974283939780253,False,False,False,False,False,0.8746383708816627,0.12,0.18,False,False,True,True,True,31.37712168938114,32.73029422836646,31.37712168938114,32.73029422836646,False,False,False,False,0.6031752081287337,0.8460071118089759,0.8460071118089759,False,both,max,none,none,0,moving_average,4,2.0,peak,16,-1,-1,16,False,0.8203620089283359,False,False,False,False,False,False,False,,
frame_000194.jpg,,,194,False,,,,0.0,False,False,False,False,False,0.8746383708816627,0.12,0.18,True,True,False,False,False,,,31.253676064298578,32.7188455085055,True,True,False,False,0.5746562421323188,0.8444105197964139,0.8444105197964139,False,missing,max,none,none,0,moving_average,4,2.0,peak,16,-1,-1,16,False,0.8444105197964142,False,False,False,False,False,False,False,,
frame_000195.jpg,,,195,False,,,,0.0,False,False,False,False,False,0.8746383708816627,0.12,0.18,True,True,False,False,False,,,31.130230439216014,32.70739678864455,True,True,False,False,0.5461372761359038,0.8428139277838529,0.8428139277838529,False,missing,max,none,none,0,moving_average,4,2.0,peak,16,-1,-1,16,False,0.8428139277838526,False,False,False,False,False,False,False,,
frame_000196.jpg,31.00678481413345,32.69594806878359,196,True,,,,0.0,False,False,False,False,False,0.8746383708816627,0.12,0.18,False,False,True,True,True,31.00678481413345,32.69594806878359,31.00678481413345,32.69594806878359,False,False,False,False,0.5176183101394888,0.8412173357712908,0.8412173357712908,False,both,max,none,none,0,moving_average,4,2.0,peak,16,-1,-1,16,False,0.8190422210093772,False,False,False,False,False,False,False,,
frame_000197.jpg,30.51695129626721,32.207464499450325,197,True,0.19227987057329543,5.551115123125785e-16,1.0408340855860843e-17,0.21983928098131725,False,False,False,False,False,0.8746383708816627,0.12,0.18,False,False,True,True,True,30.51695129626721,32.207464499450325,30.51695129626721,32.207464499450325,False,False,False,False,0.40445475792296853,0.7730953994729878,0.7730953994729878,False,both,max,none,none,0,moving_average,4,2.0,peak,16,-1,-1,16,False,0.7990305366068654,False,False,False,False,False,False,False,,
frame_000198.jpg,,,198,False,,,,0.0,False,False,False,False,False,0.8746383708816627,0.12,0.18,True,True,False,False,False,,,30.798332260816764,32.276902021914616,True,True,False,False,0.4694606595469434,0.7827788745763177,0.7827788745763177,False,missing,max,none,none,0,moving_average,4,2.0,peak,16,-1,-1,16,False,0.7827788745763177,False,False,False,False,False,False,False,,
frame_000199.jpg,,,199,False,,,,0.0,False,False,False,False,False,0.8746383708816627,0.12,0.18,True,True,False,False,False,,,31.07971322536632,32.34633954437891,True,True,False,False,0.5344665611709183,0.7924623496796476,0.7924623496796476,False,missing,max,none,none,0,moving_average,4,2.0,peak,16,-1,-1,16,False,0.7924623496796476,False,False,False,False,False,False,False,,
frame_000200.jpg,31.361094189915875,32.4157770668432,200,True,,,,0.0,False,False,False,False,False,0.8746383708816627,0.12,0.18,False,False,True,True,True,31.361094189915875,32.4157770668432,31.361094189915875,32.4157770668432,False,False,False,False,0.5994724627948932,0.8021458247829775,0.8021458247829775,False,both,max,none,none,0,moving_average,4,2.0,peak,16,-1,-1,16,False,0.7652193890724732,False,False,False,False,False,False,False,,
frame_000201.jpg,30.549382883147704,31.69084680858403,201,True,0.060526292544431134,0.0,0.0,0.06920150608464473,False,False,False,False,False,0.8746383708816627,0.12,0.18,False,False,True,True,True,30.549382883147704,31.69084680858403,30.549382883147704,31.69084680858403,False,False,False,False,0.4119472496401599,0.7010499927547947,0.7010499927547947,False,both,max,none,none,0,moving_average,4,2.0,peak,16,-1,-1,16,False,0.7454942168906774,False,False,False,False,False,False,False,,
frame_000202.jpg,31.94031570144085,30.986330354174704,202,True,0.16522906269124518,0.07129889497614324,0.033279478040254384,0.594157458134527,False,False,False,False,False,0.8746383708816627,0.12,0.18,False,False,True,True,True,31.94031570144085,30.986330354174704,31.94031570144085,30.986330354174704,False,False,False,False,0.7332868331342601,0.602800986971685,0.7332868331342601,False,both,max,none,none,0,moving_average,4,2.0,peak,16,-1,-1,16,False,0.7174669072244387,False,False,False,False,False,False,False,,
frame_000203.jpg,31.87442253346977,30.226946565047623,203,True,0.2245881094844088,0.09146823959097199,0.00011465754374513464,0.7622353299247666,False,False,False,False,True,0.8746383708816627,0.12,0.18,False,False,True,True,True,31.87442253346977,30.226946565047623,31.87442253346977,30.226946565047623,False,False,True,True,0.7180638957842616,0.4969004053421203,0.7180638957842616,False,both,max,none,none,0,moving_average,4,2.0,peak,16,-1,-1,16,False,0.7456976611820273,False,False,False,False,False,False,False,,
frame_000204.jpg,32.16737134911138,31.282492226256416,204,True,0.24473324597647061,0.18351807508920767,0.05847851664706224,1.529317292410064,False,True,False,True,True,0.8746383708816627,0.12,0.18,False,False,True,True,True,32.16737134911138,31.282492226256416,32.16737134911138,31.282492226256416,False,False,True,True,0.7857422546275603,0.6441025198184777,0.7857422546275603,False,both,max,none,none,0,moving_average,4,2.0,peak,16,-1,-1,16,False,0.7291696564902486,False,False,False,False,False,False,False,,
frame_000205.jpg,31.725689069731903,30.942425882689825,205,True,0.09231312561659659,0.01044347189272843,0.017621611247164055,0.10554433545322518,False,False,False,False,True,0.8746383708816627,0.12,0.18,False,False,True,True,True,31.725689069731903,30.942425882689825,31.725689069731903,30.942425882689825,False,False,True,True,0.683702819058924,0.5966782475440605,0.683702819058924,False,both,max,none,none,0,moving_average,4,2.0,peak,16,-1,-1,16,False,0.7230358701121788,False,False,False,False,False,False,False,,
frame_000206.jpg,31.794771424065004,30.89563281829742,206,True,0.022113140675845185,0.03881597320053783,0.003211192967630349,0.32346644333781527,False,False,False,False,False,0.8746383708816627,0.12,0.18,False,False,True,True,True,31.794771424065004,30.89563281829742,31.794771424065004,30.89563281829742,False,False,False,False,0.6996625366500522,0.5901526766715484,0.6996625366500522,False,both,max,none,none,0,moving_average,4,2.0,peak,16,-1,-1,16,False,0.6938132490347175,False,False,False,False,False,False,False,,
frame_000207.jpg,31.787897066006767,30.95492076543995,207,True,0.02471505309524599,0.007055868976568067,0.009728170545028513,0.05879890813806723,False,False,False,False,False,0.8746383708816627,0.12,0.18,False,False,True,True,True,31.787897066006767,30.95492076543995,31.787897066006767,30.95492076543995,False,False,False,False,0.6980743913951765,0.5984207331877855,0.6980743913951765,False,both,max,none,none,0,moving_average,4,2.0,peak,16,-1,-1,16,False,0.7040448435994501,False,False,False,False,False,False,False,,
frame_000208.jpg,31.85855281943379,31.041140385807385,208,True,0.026985605913049354,0.005107895478041283,0.004869557676568409,0.042565795650344025,False,False,False,False,False,0.8746383708816627,0.12,0.18,False,False,True,True,True,31.85855281943379,31.041140385807385,31.85855281943379,31.041140385807385,False,False,False,False,0.7143976027531216,0.6104445715624331,0.7143976027531216,False,both,max,none,none,0,moving_average,4,2.0,peak,16,-1,-1,16,False,0.7427368656817193,False,False,False,False,False,False,False,,
frame_000209.jpg,32.29721188971034,31.678576473818687,209,True,0.1126341207949756,0.03113772619796313,0.022653455404165093,0.25948105164969276,False,False,False,False,False,0.8746383708816627,0.12,0.18,False,False,True,True,True,32.29721188971034,31.678576473818687,32.29721188971034,31.678576473818687,False,False,False,False,0.8157386028968598,0.6993388216618048,0.8157386028968598,False,both,max,none,none,0,moving_average,4,2.0,peak,16,-1,-1,16,False,0.8177363264254965,False,False,False,False,False,False,False,,
frame_000210.jpg,32.76181266801716,31.786781274407915,210,True,0.0373287461957164,0.01812008244931935,0.006142459103799959,0.15100068707766126,False,False,False,False,False,0.8746383708816627,0.12,0.18,False,False,True,True,True,32.76181266801716,31.786781274407915,32.76181266801716,31.786781274407915,False,False,False,False,0.9230727736265083,0.7144286240536658,0.9230727736265083,False,both,max,none,none,0,moving_average,4,2.0,peak,16,-1,-1,16,False,0.8842980991715805,False,False,False,False,False,False,False,,
frame_000211.jpg,32.7228996871579,31.59923153235321,211,True,0.013546545297305602,0.002530864093415508,0.010657688128758861,0.059209378493104786,False,False,False,False,False,0.8746383708816627,0.12,0.18,False,False,True,True,True,32.7228996871579,31.59923153235321,32.7228996871579,31.59923153235321,False,False,False,False,0.9140829209913736,0.6882736981091716,0.9140829209913736,False,both,max,none,none,0,moving_average,4,2.0,peak,16,-1,-1,16,False,0.923742797155697,False,False,False,False,False,False,False,,
frame_000212.jpg,32.80942632968558,31.76288863818773,212,True,0.019578019302904023,0.0047463443258492334,0.0048942088840428916,0.039552869382076944,False,False,False,False,False,0.8746383708816627,0.12,0.18,False,False,True,True,True,32.80942632968558,31.76288863818773,32.80942632968558,31.76288863818773,False,False,False,False,0.9340726968492092,0.7110966539634301,0.9340726968492092,False,both,max,none,none,0,moving_average,4,2.0,peak,16,-1,-1,16,False,0.9347060386554438,False,False,False,False,False,False,False,,
frame_000213.jpg,32.90417731756695,31.67110419792448,213,True,0.007861735561304827,0.006152755632297819,0.0019479866145417255,0.05127296360248183,False,False,False,False,False,0.8746383708816627,0.12,0.18,False,False,True,True,True,32.90417731756695,31.67110419792448,32.90417731756695,31.67110419792448,False,False,False,False,0.9559624981257485,0.6982967683883173,0.9559624981257485,False,both,max,none,none,0,moving_average,4,2.0,peak,16,-1,-1,16,False,0.9530468433177005,False,False,False,False,False,False,False,,
frame_000214.jpg,32.961066677118275,32.062447498783015,214,True,0.08571343079191478,0.026148210769728238,0.023321204748869576,0.217901756414402,False,False,False,False,False,0.8746383708816627,0.12,0.18,False,False,True,True,True,32.961066677118275,32.062447498783015,32.961066677118275,32.062447498783015,False,False,False,False,0.9691053349781441,0.7528719170432451,0.9691053349781441,False,both,max,none,none,0,moving_average,4,2.0,peak,16,-1,-1,16,False,0.9633073519124098,True,False,False,False,False,False,False,13,
frame_000215.jpg,32.942665546419256,32.29972996573405,215,True,0.10212251998518915,0.050611604843604475,0.013825049214081455,0.42176337369670397,False,False,False,False,False,0.8746383708816627,0.12,0.18,False,False,True,True,True,32.942665546419256,32.29972996573405,32.942665546419256,32.29972996573405,False,False,False,False,0.9648542226333371,0.7859623669848984,0.9648542226333371,False,both,max,none,none,0,moving_average,4,2.0,peak,16,-1,-1,16,False,0.9496543281251674,False,False,False,False,False,False,False,,
frame_000216.jpg,32.72688413773408,31.1287126019624,216,True,0.06865558172908583,0.05304920225155565,0.046892879018683366,0.4420766854296304,False,False,False,False,False,0.8746383708816627,0.12,0.18,False,False,True,True,True,32.72688413773408,31.1287126019624,32.72688413773408,31.1287126019624,False,False,False,False,0.915003426764021,0.6226570374567425,0.915003426764021,False,both,max,none,none,0,moving_average,4,2.0,peak,16,-1,-1,16,False,0.8877615188427095,False,False,False,False,False,False,False,,
frame_000217.jpg,32.157349263490865,32.00369715893261,217,True,0.3136498501719133,0.053990052545592214,0.04798941644054712,0.4499171045466018,False,False,False,False,False,0.8746383708816627,0.12,0.18,False,False,True,True,True,32.157349263490865,32.00369715893261,32.157349263490865,32.00369715893261,False,False,False,False,0.7834269071307706,0.7446788330583415,0.7834269071307706,False,both,max,none,none,0,moving_average,4,2.0,peak,16,-1,-1,16,False,0.8149876826510588,False,False,False,False,False,False,False,,
frame_000218.jpg,31.85574209965105,32.01699082698184,218,True,0.32052663357583283,0.015267727964409816,0.008951071228811103,0.36646761021098584,False,False,False,False,False,0.8746383708816627,0.12,0.18,False,False,True,True,True,31.85574209965105,32.01699082698184,31.85574209965105,32.01699082698184,False,False,False,False,0.7137482575709346,0.746532714058385,0.746532714058385,False,both,max,none,none,0,moving_average,4,2.0,peak,16,-1,-1,16,False,0.7553237193717537,False,False,False,False,False,False,False,,
frame_000219.jpg,31.84117080095415,31.941546374894365,219,True,0.4108961284867479,0.07053316208541618,0.004968724216342159,0.5877763507118016,False,False,False,False,False,0.8746383708816627,0.12,0.18,False,False,True,True,True,31.84117080095415,31.941546374894365,31.84117080095415,31.941546374894365,False,False,False,False,0.7103819303172748,0.7360115369261058,0.7360115369261058,False,both,max,none,none,0,moving_average,4,2.0,peak,16,-1,-1,16,False,0.742769846854362,False,False,False,False,False,False,False,,
frame_000220.jpg,31.99432926055902,31.301050201307664,220,True,0.07846190096751555,0.10574202487969808,0.014746289759295001,0.8811835406641507,False,False,False,False,False,0.8746383708816627,0.12,0.18,False,False,True,True,True,31.99432926055902,31.301050201307664,31.99432926055902,31.301050201307664,False,False,False,False,0.7457652895785952,0.6466905397103077,0.7457652895785952,False,both,max,none,none,0,moving_average,4,2.0,peak,16,-1,-1,16,False,0.77474863252905,False,False,False,False,False,False,False,,
frame_000221.jpg,32.41291592169854,32.088585126981584,221,True,0.03430617093144588,0.07119350933724843,0.01263023979556989,0.5932792444770703,False,False,False,False,False,0.8746383708816627,0.12,0.18,False,False,True,True,True,32.41291592169854,32.088585126981584,32.41291592169854,32.088585126981584,False,False,False,False,0.842469071082449,0.7565169646045415,0.842469071082449,False,both,max,none,none,0,moving_average,4,2.0,peak,16,-1,-1,16,False,0.8184235909878508,False,False,False,False,False,False,False,,
frame_000222.jpg,32.51925676147191,32.70949108744409,222,True,0.015958089387344124,0.06269880706942894,0.02606947760152662,0.5224900589119079,False,False,False,False,False,0.8746383708816627,0.12,0.18,False,False,True,True,True,32.51925676147191,32.70949108744409,32.51925676147191,32.70949108744409,False,False,False,False,0.8670364123025084,0.8431059901957098,0.8670364123025084,False,both,max,none,none,0,moving_average,4,2.0,peak,16,-1,-1,16,False,0.8622026970288479,False,False,False,False,False,False,False,,
frame_000223.jpg,32.56282874032271,32.7173503657062,223,True,0.0428976161331375,0.02202859519426103,0.002437905457804021,0.1835716266188419,False,False,False,False,False,0.8746383708816627,0.12,0.18,False,False,True,True,True,32.56282874032271,32.7173503657062,32.56282874032271,32.7173503657062,False,False,False,False,0.8771026077015868,0.8442020132489577,0.8771026077015868,False,both,max,none,none,0,moving_average,4,2.0,peak,16,-1,-1,16,False,0.8807368933902986,False,False,False,False,False,False,False,,
frame_000224.jpg,32.65359422562406,32.76339325247856,224,True,0.06186237686609366,0.009734680041412938,0.005655591773343357,0.08112233367844116,False,False,False,False,False,0.8746383708816627,0.12,0.18,False,False,True,True,True,32.65359422562406,32.76339325247856,32.65359422562406,32.76339325247856,False,False,False,False,0.8980716601668008,0.8506229673948206,0.8980716601668008,False,both,max,none,none,0,moving_average,4,2.0,peak,16,-1,-1,16,False,0.9038605773492505,False,False,False,False,False,False,False,,
frame_000225.jpg,32.819532474926945,32.67379262134227,225,True,0.10467164720887691,0.01964568877256306,0.03099687806146892,0.17220487811927176,False,False,False,False,False,0.8746383708816627,0.12,0.18,False,False,True,True,True,32.819532474926945,32.67379262134227,32.819532474926945,32.67379262134227,False,False,False,False,0.9364074641793643,0.8381276269785917,0.9364074641793643,False,both,max,none,none,0,moving_average,4,2.0,peak,16,-1,-1,16,False,0.9157307835945149,False,False,False,False,False,False,False,,
frame_000226.jpg,32.7169709027689,32.70543797962562,226,True,0.24554311522899583,0.03091082349040622,0.023838546831203393,0.2807367289197257,False,False,False,False,False,0.8746383708816627,0.12,0.18,False,False,True,True,True,32.7169709027689,32.70543797962562,32.7169709027689,32.70543797962562,False,False,False,False,0.9127132264373798,0.8425407602269783,0.9127132264373798,False,both,max,none,none,0,moving_average,4,2.0,peak,16,-1,-1,16,False,0.9250747367383068,True,False,False,False,False,False,False,14,
frame_000227.jpg,32.77493138806423,31.967291630205978,227,True,0.48843693486509004,0.0196198260257698,0.041483266004395294,0.5584444395833336,False,False,False,False,False,0.8746383708816627,0.12,0.18,False,False,True,True,True,32.77493138806423,31.967291630205978,32.77493138806423,31.967291630205978,False,False,False,False,0.9261035195981763,0.7396018657568483,0.9261035195981763,False,both,max,none,none,0,moving_average,4,2.0,peak,16,-1,-1,16,False,0.8619722087503079,False,False,False,False,False,False,False,,
frame_000228.jpg,32.000106096065835,31.432729714984333,228,True,0.6641285578741962,0.04804859552250272,0.01152270155171018,0.7593178849502497,False,False,False,False,False,0.8746383708816627,0.12,0.18,False,False,True,True,True,32.000106096065835,31.432729714984333,32.000106096065835,31.432729714984333,False,False,False,False,0.7470998802153679,0.6650540303282564,0.7470998802153679,False,both,max,none,none,0,moving_average,4,2.0,peak,16,-1,-1,16,False,0.8241686546896685,False,False,False,False,False,False,False,,
frame_000229.jpg,30.82429095072567,32.39538883176803,229,True,0.6776076062356352,0.0002026990511411651,0.04731442480069366,0.7747288808660265,False,False,False,False,False,0.8746383708816627,0.12,0.18,False,False,True,True,True,30.82429095072567,32.39538883176803,30.82429095072567,32.39538883176803,False,False,False,False,0.4754577533631753,0.7993025642554615,0.7993025642554615,False,both,max,none,none,0,moving_average,4,2.0,peak,16,-1,-1,16,False,0.7963214603482172,False,False,False,False,False,False,False,,
frame_000230.jpg,30.50603583924836,32.705589829353535,230,True,0.7461014219934591,0.0,0.0,0.8530398926374172,False,False,False,False,True,0.8746383708816627,0.12,0.18,False,False,True,True,True,30.50603583924836,32.705589829353535,30.50603583924836,32.705589829353535,False,False,True,True,0.4019330197297542,0.8425619365738224,0.8425619365738224,False,both,max,none,none,0,moving_average,4,2.0,peak,16,-1,-1,16,False,0.7974777871225822,False,False,False,False,False,False,False,,
frame_000231.jpg,31.563269255129384,32.0459329173873,231,True,1.344502951484191,0.0,0.0,1.5372101159121228,True,False,False,True,True,0.8746383708816627,0.12,0.18,False,False,True,True,True,31.563269255129384,32.0459329173873,31.563269255129384,32.0459329173873,False,False,True,True,0.6461798597260581,0.7505688605384628,0.7505688605384628,False,both,max,none,none,0,moving_average,4,2.0,peak,16,-1,-1,16,False,0.7842159810694374,False,False,False,False,False,False,False,,
frame_000232.jpg,,,232,False,,,,0.0,False,False,False,False,True,0.8746383708816627,0.12,0.18,True,True,False,False,False,,,31.490624567463882,32.11009859890039,True,True,False,False,0.6293971557949386,0.759517146096027,0.759517146096027,False,missing,max,none,none,0,moving_average,4,2.0,peak,16,-1,-1,16,False,0.7595171460960273,False,False,False,False,False,False,False,,
frame_000233.jpg,,,233,False,,,,0.0,False,False,False,False,False,0.8746383708816627,0.12,0.18,True,True,False,False,False,,,31.41797987979838,32.174264280413496,True,True,False,False,0.6126144518638192,0.7684654316535922,0.7684654316535922,False,missing,max,none,none,0,moving_average,4,2.0,peak,16,-1,-1,16,False,0.7684654316535918,False,False,False,False,False,False,False,,
frame_000234.jpg,,,234,False,,,,0.0,False,False,False,False,False,0.8746383708816627,0.12,0.18,True,True,False,False,False,,,31.34533519213288,32.23842996192659,True,True,False,False,0.5958317479326998,0.7774137172111564,0.7774137172111564,False,missing,max,none,none,0,moving_average,4,2.0,peak,16,-1,-1,16,False,0.7774137172111564,False,False,False,False,False,False,False,,
frame_000235.jpg,,,235,False,,,,0.0,False,False,False,False,False,0.8746383708816627,0.12,0.18,True,True,False,False,False,,,31.272690504467377,32.30259564343969,True,True,False,False,0.5790490440015804,0.7863620027687206,0.7863620027687206,False,missing,max,none,none,0,moving_average,4,2.0,peak,16,-1,-1,16,False,0.7863620027687206,False,False,False,False,False,False,False,,
frame_000236.jpg,,,236,False,,,,0.0,False,False,False,False,False,0.8746383708816627,0.12,0.18,True,True,False,False,False,,,31.200045816801875,32.36676132495278,True,True,False,False,0.5622663400704611,0.7953102883262848,0.7953102883262848,False,missing,max,none,none,0,moving_average,4,2.0,peak,16,-1,-1,16,False,0.795310288326285,False,False,False,False,False,False,False,,
frame_000237.jpg,,,237,False,,,,0.0,False,False,False,False,False,0.8746383708816627,0.12,0.18,True,True,False,False,False,,,31.12740112913637,32.430927006465886,True,True,False,False,0.5454836361393408,0.80425857388385,0.80425857388385,False,missing,max,none,none,0,moving_average,4,2.0,peak,16,-1,-1,16,False,0.8042585738838496,False,False,False,False,False,False,False,,
frame_000238.jpg,,,238,False,,,,0.0,False,False,False,False,False,0.8746383708816627,0.12,0.18,True,True,False,False,False,,,31.054756441470868,32.49509268797898,True,True,False,False,0.5287009322082213,0.8132068594414142,0.8132068594414142,False,missing,max,none,none,0,moving_average,4,2.0,peak,16,-1,-1,16,False,0.8132068594414141,False,False,False,False,False,False,False,,
frame_000239.jpg,,,239,False,,,,0.0,False,False,False,False,False,0.8746383708816627,0.12,0.18,True,True,False,False,False,,,30.982111753805366,32.55925836949208,True,True,False,False,0.511918228277102,0.8221551449989785,0.8221551449989785,False,missing,max,none,none,0,moving_average,4,2.0,peak,16,-1,-1,16,False,0.8221551449989783,False,False,False,False,False,False,False,,
frame_000240.jpg,,,240,False,,,,0.0,False,False,False,False,False,0.8746383708816627,0.12,0.18,True,True,False,False,False,,,30.909467066139864,32.62342405100517,True,True,False,False,0.49513552434598257,0.8311034305565427,0.8311034305565427,False,missing,max,none,none,0,moving_average,4,2.0,peak,16,-1,-1,16,False,0.831103430556543,False,False,False,False,False,False,False,,
frame_000241.jpg,,,241,False,,,,0.0,False,False,False,False,False,0.8746383708816627,0.12,0.18,True,True,False,False,False,,,30.836822378474363,32.687589732518276,True,True,False,False,0.47835282041486316,0.8400517161141079,0.8400517161141079,False,missing,max,none,none,0,moving_average,4,2.0,peak,16,-1,-1,16,False,0.8400517161141074,True,False,False,False,False,False,False,15,
frame_000242.jpg,30.76417769080886,32.75175541403137,242,True,,,,0.0,False,False,False,False,False,0.8746383708816627,0.12,0.18,False,False,True,True,True,30.76417769080886,32.75175541403137,30.76417769080886,32.75175541403137,False,False,False,False,0.46157011648374374,0.8490000016716721,0.8490000016716721,False,both,max,none,none,0,moving_average,4,2.0,peak,16,-1,-1,16,False,0.8365536167879527,False,False,False,False,False,False,False,,
frame_000243.jpg,,,243,False,,,,0.0,False,False,False,False,False,0.8746383708816627,0.12,0.18,True,True,False,False,False,,,30.7666335344202,32.54817234189756,True,True,False,False,0.46213747656959114,0.8206091325780784,0.8206091325780784,False,missing,max,none,none,0,moving_average,4,2.0,peak,16,-1,-1,16,False,0.8206091325780784,False,False,False,False,False,False,False,,
frame_000244.jpg,30.769089378031545,32.34458926976375,244,True,,,,0.0,False,False,False,False,False,0.8746383708816627,0.12,0.18,False,False,True,True,True,30.769089378031545,32.34458926976375,30.769089378031545,32.34458926976375,False,False,False,False,0.4627048366554393,0.7922182634844848,0.7922182634844848,False,both,max,none,none,0,moving_average,4,2.0,peak,16,-1,-1,16,False,0.704979691748268,False,False,False,False,False,False,False,,
frame_000245.jpg,29.864036786977906,30.264315168826705,245,True,0.012630693134671921,0.0,0.0,0.014441046214265433,False,False,False,False,True,0.8746383708816627,0.12,0.18,False,False,True,True,True,29.864036786977906,30.264315168826705,29.864036786977906,30.264315168826705,False,False,True,True,0.25361549831750435,0.5021116791822409,0.5021116791822409,False,both,max,none,none,0,moving_average,4,2.0,peak,16,-1,-1,16,False,0.6446719606905459,False,False,False,False,False,False,False,,
frame_000246.jpg,31.535160029381824,30.001229501300266,246,True,0.17225130945706923,0.21694430764106978,0.03169671255303741,1.8078692303422483,False,True,False,True,True,0.8746383708816627,0.12,0.18,False,False,True,True,True,31.535160029381824,30.001229501300266,31.535160029381824,30.001229501300266,False,False,True,True,0.6396859394049121,0.46542281959850046,0.6396859394049121,False,both,max,none,none,0,moving_average,4,2.0,peak,16,-1,-1,16,False,0.6491259294039524,False,False,False,False,False,False,False,,
frame_000247.jpg,32.25324065508359,30.528903485667296,247,True,0.04610217105535591,0.15138807070468502,0.01928244808904287,1.2615672558723752,False,True,False,True,True,0.8746383708816627,0.12,0.18,False,False,True,True,True,32.25324065508359,30.528903485667296,32.25324065508359,30.528903485667296,False,False,True,True,0.8055801696247044,0.5390100921415371,0.8055801696247044,False,both,max,none,none,0,moving_average,4,2.0,peak,16,-1,-1,16,False,0.7517237139772959,False,False,False,False,False,False,False,,
frame_000248.jpg,32.27196102000716,30.199882604553995,248,True,0.059233259976705144,0.03793562910561896,0.01749347381731085,0.3161302425468247,False,False,False,False,True,0.8746383708816627,0.12,0.18,False,False,True,True,True,32.27196102000716,30.199882604553995,32.27196102000716,30.199882604553995,False,False,True,True,0.8099050329022714,0.4931261752380391,0.8099050329022714,False,both,max,none,none,0,moving_average,4,2.0,peak,16,-1,-1,16,False,0.8242315692338001,False,False,False,False,False,False,False,,
frame_000249.jpg,32.47672055264838,30.170453811429745,249,True,0.03615378815831853,0.02588106937847948,0.006259111931482245,0.21567557815399568,False,False,False,False,False,0.8746383708816627,0.12,0.18,False,False,True,True,True,32.47672055264838,30.170453811429745,32.47672055264838,30.170453811429745,False,False,False,False,0.8572095051744247,0.48902215517185266,0.8572095051744247,False,both,max,none,none,0,moving_average,4,2.0,peak,16,-1,-1,16,False,0.8455851059834856,True,False,False,False,False,False,False,16,
frame_000250.jpg,32.530529883464425,29.90412981450562,250,True,0.03635900710520617,0.03243066152162608,0.004761771412659017,0.27025551268021736,False,False,False,False,False,0.8746383708816627,0.12,0.18,False,False,True,True,True,32.530529883464425,29.90412981450562,32.530529883464425,29.90412981450562,False,False,False,False,0.8696407798737609,0.4518816913115484,0.8696407798737609,False,both,max,none,none,0,moving_average,4,2.0,peak,16,-1,-1,16,False,0.8408959404031653,False,False,False,False,False,False,False,,
frame_000251.jpg,32.21106922860234,29.56920301851034,251,True,0.02812797212633913,0.006435965248732956,0.06585267522728729,0.3658481957071516,False,False,False,False,True,0.8746383708816627,0.12,0.18,False,False,True,True,True,32.21106922860234,29.56920301851034,32.21106922860234,29.56920301851034,False,False,True,True,0.7958375361613104,0.40517415948498864,0.7958375361613104,False,both,max,none,none,0,moving_average,4,2.0,peak,16,-1,-1,16,False,0.7073881804732185,False,False,False,False,False,False,False,,
frame_000252.jpg,30.730887621621964,29.93858179987936,252,True,0.0243045538816972,0.16823956219084263,0.059276125355147764,1.4019963515903553,False,True,False,True,True,0.8746383708816627,0.12,0.18,False,False,True,True,True,30.730887621621964,29.93858179987936,30.730887621621964,29.93858179987936,False,False,True,True,0.45387929430576507,0.4566862253845843,0.4566862253845843,False,both,max,none,none,0,moving_average,4,2.0,peak,16,-1,-1,16,False,0.5710327551269871,False,False,False,False,False,False,False,,
frame_000253.jpg,30.67609111471181,29.96646356953042,253,True,0.05996483889643751,5.551115123125785e-16,1.0408340855860843e-17,0.06855957947053144,False,False,False,False,True,0.8746383708816627,0.12,0.18,False,False,True,True,True,30.67609111471181,29.96646356953042,30.67609111471181,29.96646356953042,False,False,True,True,0.44121995772540584,0.46057450383506715,0.46057450383506715,False,both,max,none,none,0,moving_average,4,2.0,peak,16,-1,-1,16,False,0.4530724838644709,False,False,False,False,False,False,False,,
frame_000254.jpg,29.47829483770393,29.832960606528,254,True,0.010526726434338891,5.551115123125785e-16,1.0408340855860843e-17,0.012035518660961128,False,False,False,False,True,0.8746383708816627,0.12,0.18,False,False,True,True,True,29.47829483770393,29.832960606528,29.47829483770393,29.832960606528,False,False,True,True,0.1644996505312618,0.44195672237376143,0.44195672237376143,False,both,max,none,none,0,moving_average,4,2.0,peak,16,-1,-1,16,False,0.4979084992815708,False,False,False,False,False,False,False,,
frame_000255.jpg,31.32526166771625,29.721409075713208,255,True,0.1348185545890074,0.2424693527735769,0.07274981375180196,2.0205779397798076,False,True,False,True,True,0.8746383708816627,0.12,0.18,False,False,True,True,True,31.32526166771625,29.721409075713208,31.32526166771625,29.721409075713208,False,False,True,True,0.591194271635884,0.42640019856577427,0.591194271635884,False,both,max,none,none,0,moving_average,4,2.0,peak,16,-1,-1,16,False,0.5414484218818432,False,False,False,False,False,False,False,,
frame_000256.jpg,31.32526166771625,29.721409075713208,256,True,0.0,0.0,0.0,0.0,False,False,False,False,True,0.8746383708816627,0.12,0.18,False,False,True,True,True,31.32526166771625,29.721409075713208,31.32526166771625,29.721409075713208,False,False,True,True,0.591194271635884,0.42640019856577427,0.591194271635884,False,both,max,none,none,0,moving_average,4,2.0,peak,16,-1,-1,16,False,0.5616269079231182,False,False,False,False,False,False,False,,
frame_000257.jpg,30.30713684203883,30.26704363854962,257,True,0.1569714134701502,0.24246935277357734,0.07274981375180195,2.020577939779811,False,True,False,True,True,0.8746383708816627,0.12,0.18,False,False,True,True,True,30.30713684203883,30.26704363854962,30.30713684203883,30.26704363854962,False,False,True,True,0.3559824748291492,0.5024921804975869,0.5024921804975869,False,both,max,none,none,0,moving_average,4,2.0,peak,16,-1,-1,16,False,0.5651312447511976,False,False,False,False,False,False,False,,
frame_000258.jpg,31.37076770572932,30.9729267760376,258,True,0.08149865552209683,0.0,0.0,0.09317983092823111,False,False,False,False,True,0.8746383708816627,0.12,0.18,False,False,True,True,True,31.37076770572932,30.9729267760376,31.37076770572932,30.9729267760376,False,False,True,True,0.6017072821201219,0.6009317783568049,0.6017072821201219,False,both,max,none,none,0,moving_average,4,2.0,peak,16,-1,-1,16,False,0.5943182979869459,False,False,False,False,False,False,False,,
frame_000259.jpg,31.61204482229082,31.530978673195143,259,True,0.16865921996604663,5.551115123125785e-16,1.0408340855860843e-17,0.19283309031598153,False,False,False,False,False,0.8746383708816627,0.12,0.18,False,False,True,True,True,31.61204482229082,31.530978673195143,31.61204482229082,31.530978673195143,False,False,False,False,0.6574482116048911,0.678755431343129,0.678755431343129,False,both,max,none,none,0,moving_average,4,2.0,peak,16,-1,-1,16,False,0.639065749168195,False,False,False,False,False,False,False,,
frame_000260.jpg,31.12777166963128,31.22965843751243,260,True,0.14261034609108858,4.440892098500625e-16,1.0408340855860843e-17,0.1630506399431492,False,False,False,False,False,0.8746383708816627,0.12,0.18,False,False,True,True,True,31.12777166963128,31.22965843751243,31.12777166963128,31.22965843751243,False,False,False,False,0.5455692400784642,0.6367345340413343,0.6367345340413343,False,both,max,none,none,0,moving_average,4,2.0,peak,16,-1,-1,16,False,,False,False,False,False,False,False,False,,
