frame_name,left_temp,right_temp,frame_index,motion_coordinate_valid,motion_center_step_norm,motion_scale_step_log,motion_angle_step_rad,motion_score,motion_center_flag,motion_scale_flag,motion_angle_flag,motion_artifact_raw,motion_artifact,motion_center_threshold,motion_scale_threshold,motion_angle_threshold,left_missing_raw,right_missing_raw,left_quality_valid,right_quality_valid,quality_any_valid,left_temp_motion_filtered,right_temp_motion_filtered,left_temp_used,right_temp_used,left_repaired,right_repaired,left_motion_interpolated,right_motion_interpolated,left_norm,right_norm,fused_norm,fused_repaired,fusion_source,selected_fusion_mode,peak_retune_rule,edge_peak_completion,edge_peak_added,smoothing_method,butterworth_order,butterworth_cutoff_hz,rr_estimator,time_peak_count,spectral_count,autocorr_count,joint_count,joint_adjusted,smoothed_norm,is_peak,source_peak_rejected,quality_peak_rejected,mad_ibi_peak_rejected,motion_peak_rejected,motion_interval_peak_rejected,motion_reconstructed_peak,peak_number,event_source,target_time_seconds
frame_000000.jpg,32.809067463809825,33.4478921709478,0,True,,,,0.0,False,False,False,False,False,0.6840235398379801,0.2003904115531367,0.18,False,False,True,True,True,32.809067463809825,33.4478921709478,32.809067463809825,33.4478921709478,False,False,False,False,0.8692905755182765,0.9281838856189776,0.8692905755182765,False,both,left,none,none,0,moving_average,4,2.0,peak,16,-1,-1,16,False,,False,False,False,False,False,False,False,,,0.0
frame_000001.jpg,32.614180948417655,33.467842931377454,1,True,0.07936810762935355,0.0,0.0,0.1160312518603569,False,False,False,False,False,0.6840235398379801,0.2003904115531367,0.18,False,False,True,True,True,32.614180948417655,33.467842931377454,32.614180948417655,33.467842931377454,False,False,False,False,0.8281147519330575,0.9328074343181773,0.8281147519330575,False,both,left,none,none,0,moving_average,4,2.0,peak,16,-1,-1,16,False,0.871581793299095,False,False,False,False,False,False,False,,,0.1149425287356322
frame_000002.jpg,33.03648720455819,33.60126563026418,2,True,0.23002949654672988,0.03552254148962822,0.034342704577174574,0.3362888601775538,False,False,False,False,False,0.6840235398379801,0.2003904115531367,0.18,False,False,True,True,True,33.03648720455819,33.60126563026418,33.03648720455819,33.60126563026418,False,False,False,False,0.9173400524459512,0.9637278770780733,0.9173400524459512,False,both,left,none,none,0,moving_average,4,2.0,peak,16,-1,-1,16,False,0.8862034872797205,False,False,False,False,False,False,False,,,0.2298850574712644
frame_000003.jpg,33.016682326675934,33.56103206298222,3,True,0.19341603258655043,0.035522541489628336,0.034342704577174574,0.28276224621211654,False,False,False,False,False,0.6840235398379801,0.2003904115531367,0.18,False,False,True,True,True,33.016682326675934,33.56103206298222,33.016682326675934,33.56103206298222,False,False,False,False,0.913155657460153,0.9544038285874606,0.913155657460153,False,both,left,none,none,0,moving_average,4,2.0,peak,16,-1,-1,16,False,0.9145504557887524,False,False,False,False,False,False,False,,,0.3448275862068966
frame_000004.jpg,33.016682326675934,33.56103206298222,4,True,0.0,0.0,0.0,0.0,False,False,False,False,False,0.6840235398379801,0.2003904115531367,0.18,False,False,True,True,True,33.016682326675934,33.56103206298222,33.016682326675934,33.56103206298222,False,False,False,False,0.913155657460153,0.9544038285874606,0.913155657460153,False,both,left,none,none,0,moving_average,4,2.0,peak,16,-1,-1,16,False,0.9179977719085142,False,False,False,False,False,False,False,,,0.4597701149425288
frame_000005.jpg,33.08543598329811,33.55150684849962,5,True,0.2359734148954623,0.036172845552484824,0.026864793406539977,0.34497850023020504,False,False,False,False,False,0.6840235398379801,0.2003904115531367,0.18,False,False,True,True,True,33.08543598329811,33.55150684849962,33.08543598329811,33.55150684849962,False,False,False,False,0.9276820008052364,0.9521963792430651,0.9276820008052364,False,both,left,none,none,0,moving_average,4,2.0,peak,16,-1,-1,16,False,0.9469458860884632,False,False,False,False,False,False,False,,,0.574712643678161
frame_000006.jpg,33.42771943110899,33.715396284110845,6,True,0.3709858756300776,0.006694045441059006,0.006642089467900905,0.5423583459100698,False,False,False,False,False,0.6840235398379801,0.2003904115531367,0.18,False,False,True,True,True,33.42771943110899,33.715396284110845,33.42771943110899,33.715396284110845,False,False,False,False,1.0,0.9901774271086222,1.0,False,both,left,none,none,0,moving_average,4,2.0,peak,16,-1,-1,16,False,0.9581970263551749,False,False,False,False,False,False,False,,,0.6896551724137931
frame_000007.jpg,33.1764383677103,33.6484110909941,7,True,0.21900411269908618,0.05717655669882256,0.015487024787307083,0.32017043265932066,False,False,False,False,False,0.6840235398379801,0.2003904115531367,0.18,False,False,True,True,True,33.1764383677103,33.6484110909941,33.1764383677103,33.6484110909941,False,False,False,False,0.9469090782602884,0.9746537430068243,0.9469090782602884,False,both,left,none,none,0,moving_average,4,2.0,peak,16,-1,-1,16,False,0.9687404402301691,True,False,False,False,False,False,False,1,,0.8045977011494253
frame_000008.jpg,33.235142948079215,33.61189249797043,8,True,0.08715180792125604,0.007629062922281339,0.026202507144450937,0.14556948413583853,False,False,False,False,False,0.6840235398379801,0.2003904115531367,0.18,False,False,True,True,True,33.235142948079215,33.61189249797043,33.235142948079215,33.61189249797043,False,False,False,False,0.9593122424302193,0.9661906323466282,0.9593122424302193,False,both,left,none,none,0,moving_average,4,2.0,peak,16,-1,-1,16,False,0.9549524338686556,False,False,False,False,False,False,False,,,0.9195402298850576
frame_000009.jpg,33.23194218028321,33.75778100011753,9,True,0.15401548087367659,0.04276775313410284,0.020713815195738023,0.22516108277524652,False,False,False,False,False,0.6840235398379801,0.2003904115531367,0.18,False,False,True,True,True,33.23194218028321,33.75778100011753,33.23194218028321,33.75778100011753,False,False,False,False,0.9586359809154591,1.0,0.9586359809154591,False,both,left,none,none,0,moving_average,4,2.0,peak,16,-1,-1,16,False,0.9588614014203791,False,False,False,False,False,False,False,,,1.0344827586206897
frame_000010.jpg,33.23194218028321,33.75778100011753,10,True,0.0,0.0,0.0,0.0,False,False,False,False,False,0.6840235398379801,0.2003904115531367,0.18,False,False,True,True,True,33.23194218028321,33.75778100011753,33.23194218028321,33.75778100011753,False,False,False,False,0.9586359809154591,1.0,0.9586359809154591,False,both,left,none,none,0,moving_average,4,2.0,peak,16,-1,-1,16,False,0.9545081643101407,False,False,False,False,False,False,False,,,1.149425287356322
frame_000011.jpg,33.173330908594366,33.75547915476859,11,True,0.026239244295494662,0.017019236538318085,0.019987281992737055,0.11104045551520586,False,False,False,False,False,0.6840235398379801,0.2003904115531367,0.18,False,False,True,True,True,33.173330908594366,33.75547915476859,33.173330908594366,33.75547915476859,False,False,False,False,0.9462525310995041,0.999466551958939,0.9462525310995041,False,both,left,none,none,0,moving_average,4,2.0,peak,16,-1,-1,16,False,0.9425798400770313,False,False,False,False,False,False,False,,,1.264367816091954
frame_000012.jpg,33.062570737879824,33.685294698888356,12,True,0.03415916545721082,0.009038432832384289,0.015280078737792172,0.08488932632106762,False,False,False,False,False,0.6840235398379801,0.2003904115531367,0.18,False,False,True,True,True,33.062570737879824,33.685294698888356,33.062570737879824,33.685294698888356,False,False,False,False,0.922851008216131,0.9832014451308906,0.922851008216131,False,both,left,none,none,0,moving_average,4,2.0,peak,16,-1,-1,16,False,0.9009807715373721,False,False,False,False,False,False,False,,,1.3793103448275863
frame_000013.jpg,32.64127293760428,32.99550149339217,13,True,0.2469733822148132,0.02635531837335038,0.01448917150801089,0.36105977036011366,False,False,False,False,False,0.6840235398379801,0.2003904115531367,0.18,False,False,True,True,True,32.64127293760428,32.99550149339217,32.64127293760428,32.99550149339217,False,False,False,False,0.8338387752964813,0.8233432537985607,0.8338387752964813,False,both,left,none,none,0,moving_average,4,2.0,peak,16,-1,-1,16,False,0.8635095196030311,False,False,False,False,False,False,False,,,1.4942528735632186
frame_000014.jpg,32.64127293760428,32.99550149339217,14,True,0.0,0.0,0.0,0.0,False,False,False,False,False,0.6840235398379801,0.2003904115531367,0.18,False,False,True,True,True,32.64127293760428,32.99550149339217,32.64127293760428,32.99550149339217,False,False,False,False,0.8338387752964813,0.8233432537985607,0.8338387752964813,False,both,left,none,none,0,moving_average,4,2.0,peak,16,-1,-1,16,False,0.8215448306531933,False,False,False,False,False,False,False,,,1.6091954022988506
frame_000015.jpg,32.46671001523825,32.63254318803474,15,True,0.2097118712497505,0.006294716453379004,0.025319556181099788,0.3065857518579309,False,False,False,False,False,0.6840235398379801,0.2003904115531367,0.18,False,False,True,True,True,32.46671001523825,32.63254318803474,32.46671001523825,32.63254318803474,False,False,False,False,0.7969569413666174,0.7392283947927377,0.7969569413666174,False,both,left,none,none,0,moving_average,4,2.0,peak,16,-1,-1,16,False,0.7880435487161191,False,False,False,False,False,False,False,,,1.7241379310344829
frame_000016.jpg,32.16558495887755,32.523892069642564,16,True,0.26417352827192253,0.02360096489063735,0.028594651065209996,0.3862053173411188,False,False,False,False,False,0.6840235398379801,0.2003904115531367,0.18,False,False,True,True,True,32.16558495887755,32.523892069642564,32.16558495887755,32.523892069642564,False,False,False,False,0.733334929485259,0.7140487161093068,0.733334929485259,False,both,left,none,none,0,moving_average,4,2.0,peak,16,-1,-1,16,False,0.7695674246365637,False,False,False,False,False,False,False,,,1.8390804597701151
frame_000017.jpg,32.37892864479136,32.62533156516768,17,True,0.09073330707226314,0.03459944084296313,0.003926902762070479,0.1726601616055294,False,False,False,False,False,0.6840235398379801,0.2003904115531367,0.18,False,False,True,True,True,32.37892864479136,32.62533156516768,32.37892864479136,32.62533156516768,False,False,False,False,0.7784104030578148,0.737557115663118,0.7784104030578148,False,both,left,none,none,0,moving_average,4,2.0,peak,16,-1,-1,16,False,0.7542949909058728,False,False,False,False,False,False,False,,,1.9540229885057472
frame_000018.jpg,32.24985523501712,32.62354063530807,18,True,0.30198102487040396,0.05868164828346736,0.001579214728403484,0.441477532983634,False,False,False,False,False,0.6840235398379801,0.2003904115531367,0.18,False,False,True,True,True,32.24985523501712,32.62354063530807,32.24985523501712,32.62354063530807,False,False,False,False,0.7511396401745448,0.7371420712615799,0.7511396401745448,False,both,left,none,none,0,moving_average,4,2.0,peak,16,-1,-1,16,False,0.7534177671163484,False,False,False,False,False,False,False,,,2.0689655172413794
frame_000019.jpg,32.153129172495596,32.65524107194219,19,True,0.0024795211895061297,0.02525468295022916,0.0016041457460743479,0.1260274019824171,False,False,False,False,False,0.6840235398379801,0.2003904115531367,0.18,False,False,True,True,True,32.153129172495596,32.65524107194219,32.153129172495596,32.65524107194219,False,False,False,False,0.7307032581166858,0.7444885838459292,0.7307032581166858,False,both,left,none,none,0,moving_average,4,2.0,peak,16,-1,-1,16,False,0.7375153854693054,False,False,False,False,False,False,False,,,2.1839080459770117
frame_000020.jpg,32.153129172495596,32.65524107194219,20,True,0.0,0.0,0.0,0.0,False,False,False,False,False,0.6840235398379801,0.2003904115531367,0.18,False,False,True,True,True,32.153129172495596,32.65524107194219,32.153129172495596,32.65524107194219,False,False,False,False,0.7307032581166858,0.7444885838459292,0.7307032581166858,False,both,left,none,none,0,moving_average,4,2.0,peak,16,-1,-1,16,False,0.7667143866613332,False,False,False,False,False,False,False,,,2.298850574712644
frame_000021.jpg,32.66445470867201,33.099408181581516,21,True,0.12101034924694899,0.04959080475009364,0.010541655377471666,0.2474709461682195,False,False,False,False,False,0.6840235398379801,0.2003904115531367,0.18,False,False,True,True,True,32.66445470867201,33.099408181581516,32.66445470867201,33.099408181581516,False,False,False,False,0.8387366437506282,0.8474234203019886,0.8387366437506282,False,both,left,none,none,0,moving_average,4,2.0,peak,16,-1,-1,16,False,0.811376506471067,False,False,False,False,False,False,False,,,2.4137931034482762
frame_000022.jpg,32.78729097973176,33.45980079532166,22,True,0.13495538807315038,0.011206584899314198,0.012670500009796453,0.19729640898779058,False,False,False,False,False,0.6840235398379801,0.2003904115531367,0.18,False,False,True,True,True,32.78729097973176,33.45980079532166,32.78729097973176,33.45980079532166,False,False,False,False,0.8646896175458869,0.9309436854234594,0.8646896175458869,False,both,left,none,none,0,moving_average,4,2.0,peak,16,-1,-1,16,False,0.8631229115062645,False,False,False,False,False,False,False,,,2.528735632183908
frame_000023.jpg,32.88788143850746,33.480104748695325,23,True,0.17545206696828916,0.04234043814603641,0.012450368258166814,0.25650004239597846,False,False,False,False,False,0.6840235398379801,0.2003904115531367,0.18,False,False,True,True,True,32.88788143850746,33.480104748695325,32.88788143850746,33.480104748695325,False,False,False,False,0.8859424732222787,0.9356490858787667,0.8859424732222787,False,both,left,none,none,0,moving_average,4,2.0,peak,16,-1,-1,16,False,0.881113408135595,False,False,False,False,False,False,False,,,2.6436781609195403
frame_000024.jpg,32.919903529823706,33.37178585472549,24,True,0.04083584771114473,0.016599531283244918,0.003198329700117423,0.08283595584533889,False,False,False,False,False,0.6840235398379801,0.2003904115531367,0.18,False,False,True,True,True,32.919903529823706,33.37178585472549,32.919903529823706,33.37178585472549,False,False,False,False,0.8927081336386196,0.9105463995386179,0.8927081336386196,False,both,left,none,none,0,moving_average,4,2.0,peak,16,-1,-1,16,False,0.8904529134998392,True,False,False,False,False,False,False,2,,2.7586206896551726
frame_000025.jpg,32.919903529823706,33.37178585472549,25,True,0.0,0.0,0.0,0.0,False,False,False,False,False,0.6840235398379801,0.2003904115531367,0.18,False,False,True,True,True,32.919903529823706,33.37178585472549,32.919903529823706,33.37178585472549,False,False,False,False,0.8927081336386196,0.9105463995386179,0.8927081336386196,False,both,left,none,none,0,moving_average,4,2.0,peak,16,-1,-1,16,False,0.8868270818003274,False,False,False,False,False,False,False,,,2.873563218390805
frame_000026.jpg,32.83639789959144,33.42398735701341,26,True,0.01596276444820936,0.009197020434819316,0.0024276665443250557,0.04589551148449326,False,False,False,False,False,0.6840235398379801,0.2003904115531367,0.18,False,False,True,True,True,32.83639789959144,33.42398735701341,32.83639789959144,33.42398735701341,False,False,False,False,0.8750649781237434,0.9226439929536979,0.8750649781237434,False,both,left,none,none,0,moving_average,4,2.0,peak,16,-1,-1,16,False,0.8749771251275376,False,False,False,False,False,False,False,,,2.988505747126437
frame_000027.jpg,32.75164483607382,33.3564302246355,27,True,0.10464572629470752,0.008249559825133652,0.0007419739753907108,0.1529855629230161,False,False,False,False,False,0.6840235398379801,0.2003904115531367,0.18,False,False,True,True,True,32.75164483607382,33.3564302246355,32.75164483607382,33.3564302246355,False,False,False,False,0.85715826362025,0.9069877630756977,0.85715826362025,False,both,left,none,none,0,moving_average,4,2.0,peak,16,-1,-1,16,False,0.8431862437264155,False,False,False,False,False,False,False,,,3.1034482758620694
frame_000028.jpg,32.46850169558806,33.12968913988387,28,True,0.1949517073398364,0.0010650327590798448,0.018731357083758064,0.28500730747660125,False,False,False,False,False,0.6840235398379801,0.2003904115531367,0.18,False,False,True,True,True,32.46850169558806,33.12968913988387,32.46850169558806,33.12968913988387,False,False,False,False,0.7973354894352535,0.8544409716310747,0.7973354894352535,False,both,left,none,none,0,moving_average,4,2.0,peak,16,-1,-1,16,False,0.8001855636782929,False,False,False,False,False,False,False,,,3.218390804597701
frame_000029.jpg,32.22582703802301,32.75548650603316,29,True,0.062154373839248094,0.04444590220350023,0.013340897121744116,0.22179655133706183,False,False,False,False,False,0.6840235398379801,0.2003904115531367,0.18,False,False,True,True,True,32.22582703802301,32.75548650603316,32.22582703802301,32.75548650603316,False,False,False,False,0.7460629379793754,0.7677202620582112,0.7460629379793754,False,both,left,none,none,0,moving_average,4,2.0,peak,16,-1,-1,16,False,0.763153788464668,False,False,False,False,False,False,False,,,3.3333333333333335
frame_000030.jpg,32.22582703802301,32.75548650603316,30,True,0.0,0.0,0.0,0.0,False,False,False,False,False,0.6840235398379801,0.2003904115531367,0.18,False,False,True,True,True,32.22582703802301,32.75548650603316,32.22582703802301,32.75548650603316,False,False,False,False,0.7460629379793754,0.7677202620582112,0.7460629379793754,False,both,left,none,none,0,moving_average,4,2.0,peak,16,-1,-1,16,False,0.7364067753074732,False,False,False,False,False,False,False,,,3.4482758620689657
frame_000031.jpg,32.08871823984982,32.75277271963069,31,True,0.09992942488777022,0.00031558084134775723,0.027766441630673197,0.15425800905929554,False,False,False,False,False,0.6840235398379801,0.2003904115531367,0.18,False,False,True,True,True,32.08871823984982,32.75277271963069,32.08871823984982,32.75277271963069,False,False,False,False,0.717094449963669,0.7670913475045393,0.717094449963669,False,both,left,none,none,0,moving_average,4,2.0,peak,16,-1,-1,16,False,0.7226016615895252,False,False,False,False,False,False,False,,,3.563218390804598
frame_000032.jpg,32.029806878170085,32.51114376005704,32,True,0.11892560508834556,0.01689393228987643,0.0007122536659040432,0.17386186024608835,False,False,False,False,False,0.6840235398379801,0.2003904115531367,0.18,False,False,True,True,True,32.029806878170085,32.51114376005704,32.029806878170085,32.51114376005704,False,False,False,False,0.7046475968255315,0.7110943209418148,0.7046475968255315,False,both,left,none,none,0,moving_average,4,2.0,peak,16,-1,-1,16,False,0.6910657441281116,False,False,False,False,False,False,False,,,3.6781609195402303
frame_000033.jpg,31.778045461703343,32.480749164132774,33,True,0.044860950407903395,0.05248724109856801,0.012637551587067605,0.2619249129325242,False,False,False,False,False,0.6840235398379801,0.2003904115531367,0.18,False,False,True,True,True,31.778045461703343,32.480749164132774,31.778045461703343,32.480749164132774,False,False,False,False,0.6514551855951344,0.7040504343218608,0.6514551855951344,False,both,left,none,none,0,moving_average,4,2.0,peak,16,-1,-1,16,False,0.6757899061863097,False,False,False,False,False,False,False,,,3.7931034482758625
frame_000034.jpg,31.871815122902188,32.63228448228681,34,True,0.13738222001618836,0.08462722496700745,0.018942435736417303,0.4223117479079941,False,False,False,False,False,0.6840235398379801,0.2003904115531367,0.18,False,False,True,True,True,31.871815122902188,32.63228448228681,31.871815122902188,32.63228448228681,False,False,False,False,0.6712669361382636,0.7391684402547385,0.6712669361382636,False,both,left,none,none,0,moving_average,4,2.0,peak,16,-1,-1,16,False,0.6646630192905538,False,False,False,False,False,False,False,,,3.9080459770114944
frame_000035.jpg,31.871815122902188,32.63228448228681,35,True,0.0,0.0,0.0,0.0,False,False,False,False,False,0.6840235398379801,0.2003904115531367,0.18,False,False,True,True,True,31.871815122902188,32.63228448228681,31.871815122902188,32.63228448228681,False,False,False,False,0.6712669361382636,0.7391684402547385,0.6712669361382636,False,both,left,none,none,0,moving_average,4,2.0,peak,16,-1,-1,16,False,0.7286323537071655,False,False,False,False,False,False,False,,,4.022988505747127
frame_000036.jpg,32.686352297432435,33.242530637029084,36,True,0.1071145427546219,0.093287804754808,0.03508209625569296,0.46553028177234546,False,False,False,False,False,0.6840235398379801,0.2003904115531367,0.18,False,False,True,True,True,32.686352297432435,33.242530637029084,32.686352297432435,33.242530637029084,False,False,False,False,0.8433631888449695,0.8805917621827011,0.8433631888449695,False,both,left,none,none,0,moving_average,4,2.0,peak,16,-1,-1,16,False,0.78798822036562,False,False,False,False,False,False,False,,,4.137931034482759
frame_000037.jpg,32.71461487872548,33.370940918235334,37,True,0.048344909488322464,0.0071381372021323275,0.028149971299415946,0.15638872944119972,False,False,False,False,False,0.6840235398379801,0.2003904115531367,0.18,False,False,True,True,True,32.71461487872548,33.370940918235334,32.71461487872548,33.370940918235334,False,False,False,False,0.849334536113627,0.9103505872023547,0.849334536113627,False,both,left,none,none,0,moving_average,4,2.0,peak,16,-1,-1,16,False,0.851020780045743,True,False,False,False,False,False,False,3,,4.252873563218391
frame_000038.jpg,32.76682060252916,33.41972410452845,38,True,0.024489104796732615,0.005782127923403341,0.010314887263907125,0.05730492924392848,False,False,False,False,False,0.6840235398379801,0.2003904115531367,0.18,False,False,True,True,True,32.76682060252916,33.41972410452845,32.76682060252916,33.41972410452845,False,False,False,False,0.8603646151786324,0.9216559927443473,0.8603646151786324,False,both,left,none,none,0,moving_average,4,2.0,peak,16,-1,-1,16,False,0.8491066877568936,False,False,False,False,False,False,False,,,4.367816091954023
frame_000039.jpg,32.659173913820446,33.42145154786749,39,True,0.028662807137820368,0.051844415651221123,0.011093427681459149,0.25871704763415665,False,False,False,False,False,0.6840235398379801,0.2003904115531367,0.18,False,False,True,True,True,32.659173913820446,33.42145154786749,32.659173913820446,33.42145154786749,False,False,False,False,0.8376209119784211,0.9220563242721271,0.8376209119784211,False,both,left,none,none,0,moving_average,4,2.0,peak,16,-1,-1,16,False,0.8452021463784916,False,False,False,False,False,False,False,,,4.482758620689656
frame_000040.jpg,32.659173913820446,33.42145154786749,40,True,0.0,0.0,0.0,0.0,False,False,False,False,False,0.6840235398379801,0.2003904115531367,0.18,False,False,True,True,True,32.659173913820446,33.42145154786749,32.659173913820446,33.42145154786749,False,False,False,False,0.8376209119784211,0.9220563242721271,0.8376209119784211,False,both,left,none,none,0,moving_average,4,2.0,peak,16,-1,-1,16,False,0.8484713933932337,False,False,False,False,False,False,False,,,4.597701149425288
frame_000041.jpg,32.81324096063134,33.43756541339161,41,True,0.07427844319796788,0.03642177174253088,0.007078427394374959,0.18175406428003205,False,False,False,False,False,0.6840235398379801,0.2003904115531367,0.18,False,False,True,True,True,32.81324096063134,33.43756541339161,32.81324096063134,33.43756541339161,False,False,False,False,0.8701723562228593,0.9257906802755399,0.8701723562228593,False,both,left,none,none,0,moving_average,4,2.0,peak,16,-1,-1,16,False,0.8426605207588403,False,False,False,False,False,False,False,,,4.71264367816092
frame_000042.jpg,32.57666476496802,33.384124532521064,42,True,0.18195294728143907,0.032645705940310805,0.015464071942420993,0.266003926304257,False,False,False,False,False,0.6840235398379801,0.2003904115531367,0.18,False,False,True,True,True,32.57666476496802,33.384124532521064,32.57666476496802,33.384124532521064,False,False,False,False,0.8201882940752407,0.9134058633606982,0.8201882940752407,False,both,left,none,none,0,moving_average,4,2.0,peak,16,-1,-1,16,False,0.836849648124447,False,False,False,False,False,False,False,,,4.8275862068965525
frame_000043.jpg,32.57666476496802,33.384124532521064,43,True,0.0,0.0,0.0,0.0,False,False,False,False,False,0.6840235398379801,0.2003904115531367,0.18,False,False,True,True,True,32.57666476496802,33.384124532521064,32.57666476496802,33.384124532521064,False,False,False,False,0.8201882940752407,0.9134058633606982,0.8201882940752407,False,both,left,none,none,0,moving_average,4,2.0,peak,16,-1,-1,16,False,0.8136045762126394,False,False,False,False,False,False,False,,,4.942528735632185
frame_000044.jpg,32.48318191113424,33.45770516529995,44,True,0.18796018482223828,0.03356308090213326,0.0019423999862775824,0.27478613508938465,False,False,False,False,False,0.6840235398379801,0.2003904115531367,0.18,False,False,True,True,True,32.48318191113424,33.45770516529995,32.48318191113424,33.45770516529995,False,False,False,False,0.8004371404874366,0.9304580273707218,0.8004371404874366,False,both,left,none,none,0,moving_average,4,2.0,peak,16,-1,-1,16,False,0.7787623841104575,False,False,False,False,False,False,False,,,5.057471264367816
frame_000045.jpg,32.08193707166284,33.19096984678992,45,True,0.012668794178668716,0.03136175297498521,5.3905240006142056e-05,0.1565032614680226,False,False,False,False,False,0.6840235398379801,0.2003904115531367,0.18,False,False,True,True,True,32.08193707166284,33.19096984678992,32.08193707166284,33.19096984678992,False,False,False,False,0.7156617177686952,0.8686426524993582,0.7156617177686952,False,both,left,none,none,0,moving_average,4,2.0,peak,16,-1,-1,16,False,0.7459867372906923,False,False,False,False,False,False,False,,,5.172413793103448
frame_000046.jpg,32.111280150240745,33.08943976184981,46,True,0.023413283204849613,0.034435235527652076,0.0007029753001913942,0.17184073459782795,False,False,False,False,False,0.6840235398379801,0.2003904115531367,0.18,False,False,True,True,True,32.111280150240745,33.08943976184981,32.111280150240745,33.08943976184981,False,False,False,False,0.7218613536159453,0.8451132590303858,0.7218613536159453,False,both,left,none,none,0,moving_average,4,2.0,peak,16,-1,-1,16,False,0.7197948083335286,False,False,False,False,False,False,False,,,5.287356321839081
frame_000047.jpg,32.111280150240745,33.08943976184981,47,True,0.0,0.0,0.0,0.0,False,False,False,False,False,0.6840235398379801,0.2003904115531367,0.18,False,False,True,True,True,32.111280150240745,33.08943976184981,32.111280150240745,33.08943976184981,False,False,False,False,0.7218613536159453,0.8451132590303858,0.7218613536159453,False,both,left,none,none,0,moving_average,4,2.0,peak,16,-1,-1,16,False,0.7039965782715103,False,False,False,False,False,False,False,,,5.402298850574713
frame_000048.jpg,31.85761645790911,32.829067018486654,48,True,0.06860896260949229,0.00408778609779357,0.0021825756328263096,0.10030204899928329,False,False,False,False,False,0.6840235398379801,0.2003904115531367,0.18,False,False,True,True,True,31.85761645790911,32.829067018486654,31.85761645790911,32.829067018486654,False,False,False,False,0.6682670275826402,0.7847723981830674,0.6682670275826402,False,both,left,none,none,0,moving_average,4,2.0,peak,16,-1,-1,16,False,0.6880369051504674,False,False,False,False,False,False,False,,,5.517241379310345
frame_000049.jpg,31.884667190702423,32.79336669939941,49,True,0.14056355638700077,0.01805552998872786,0.019445931703344653,0.20549520330878535,False,False,False,False,False,0.6840235398379801,0.2003904115531367,0.18,False,False,True,True,True,31.884667190702423,32.79336669939941,31.884667190702423,32.79336669939941,False,False,False,False,0.673982334252817,0.776498920865805,0.673982334252817,False,both,left,none,none,0,moving_average,4,2.0,peak,16,-1,-1,16,False,0.6592107728256597,False,False,False,False,False,False,False,,,5.6321839080459775
frame_000050.jpg,31.701975078098943,32.47145976079364,50,True,0.1343999964731957,0.04660202773518654,0.008150335507061589,0.23255617558741964,False,False,False,False,False,0.6840235398379801,0.2003904115531367,0.18,False,False,True,True,True,31.701975078098943,32.47145976079364,31.701975078098943,32.47145976079364,False,False,False,False,0.6353829566415218,0.7018976337368188,0.6353829566415218,False,both,left,none,none,0,moving_average,4,2.0,peak,16,-1,-1,16,False,0.6817356497346909,False,False,False,False,False,False,False,,,5.74712643678161
frame_000051.jpg,32.17744938812507,32.50050611564496,51,True,0.08447004201777299,0.04734921618863558,0.0029160743293721175,0.236284839287733,False,False,False,False,False,0.6840235398379801,0.2003904115531367,0.18,False,False,True,True,True,32.17744938812507,32.50050611564496,32.17744938812507,32.50050611564496,False,False,False,False,0.7358416583097341,0.7086290681933073,0.7358416583097341,False,both,left,none,none,0,moving_average,4,2.0,peak,16,-1,-1,16,False,0.7023554244203299,False,False,False,False,False,False,False,,,5.862068965517242
frame_000052.jpg,32.17744938812507,32.50050611564496,52,True,0.0,0.0,0.0,0.0,False,False,False,False,False,0.6840235398379801,0.2003904115531367,0.18,False,False,True,True,True,32.17744938812507,32.50050611564496,32.17744938812507,32.50050611564496,False,False,False,False,0.7358416583097341,0.7086290681933073,0.7358416583097341,False,both,left,none,none,0,moving_average,4,2.0,peak,16,-1,-1,16,False,0.7328486169543451,False,False,False,False,False,False,False,,,5.977011494252874
frame_000053.jpg,32.13495090119359,32.690728861226134,53,True,0.10744144705727897,0.033126949643127214,0.009639183815215249,0.16531204954555961,False,False,False,False,False,0.6840235398379801,0.2003904115531367,0.18,False,False,True,True,True,32.13495090119359,32.690728861226134,32.13495090119359,32.690728861226134,False,False,False,False,0.726862534243567,0.7527128078077076,0.726862534243567,False,both,left,none,none,0,moving_average,4,2.0,peak,16,-1,-1,16,False,0.7505945372538783,False,False,False,False,False,False,False,,,6.0919540229885065
frame_000054.jpg,32.42942544604985,33.16904314798353,54,True,0.04113696711861858,0.03611334588712677,0.03292073689462907,0.1828929827479393,False,False,False,False,False,0.6840235398379801,0.2003904115531367,0.18,False,False,True,True,True,32.42942544604985,33.16904314798353,32.42942544604985,33.16904314798353,False,False,False,False,0.7890794192083338,0.8635611840459878,0.7890794192083338,False,both,left,none,none,0,moving_average,4,2.0,peak,16,-1,-1,16,False,0.7743984262393118,False,False,False,False,False,False,False,,,6.206896551724139
frame_000055.jpg,32.51544313590418,33.42212397835592,55,True,0.019897797781219636,0.010083000574153704,0.013353931343716863,0.07418850746509369,False,False,False,False,False,0.6840235398379801,0.2003904115531367,0.18,False,False,True,True,True,32.51544313590418,33.42212397835592,32.51544313590418,33.42212397835592,False,False,False,False,0.8072533252660348,0.9222121586886166,0.8072533252660348,False,both,left,none,none,0,moving_average,4,2.0,peak,16,-1,-1,16,False,0.8200208811691232,False,False,False,False,False,False,False,,,6.321839080459771
frame_000056.jpg,32.78274860072271,33.46188685262418,56,True,0.061150172292437986,0.04334476695438305,0.0031371666655842893,0.2163016015508781,False,False,False,False,False,0.6840235398379801,0.2003904115531367,0.18,False,False,True,True,True,32.78274860072271,33.46188685262418,32.78274860072271,33.46188685262418,False,False,False,False,0.8637298990330011,0.9314271250177311,0.8637298990330011,False,both,left,none,none,0,moving_average,4,2.0,peak,16,-1,-1,16,False,0.828560306699528,False,False,False,False,False,False,False,,,6.436781609195402
frame_000057.jpg,32.55067758433147,33.54886386295566,57,True,0.30810909858916535,0.010262893823437093,0.01278122947247112,0.4504363967680776,False,False,False,False,False,0.6840235398379801,0.2003904115531367,0.18,False,False,True,True,True,32.55067758433147,33.54886386295566,32.55067758433147,33.54886386295566,False,False,False,False,0.814697695799548,0.9515838726462937,0.814697695799548,False,both,left,none,none,0,moving_average,4,2.0,peak,16,-1,-1,16,False,0.8371808168467902,False,False,False,False,False,False,False,,,6.551724137931035
frame_000058.jpg,32.63784660259082,33.49470670958036,58,True,0.03617080344249981,0.03118024533557466,0.007712431500582309,0.15559749138649143,False,False,False,False,False,0.6840235398379801,0.2003904115531367,0.18,False,False,True,True,True,32.63784660259082,33.49470670958036,32.63784660259082,33.49470670958036,False,False,False,False,0.8331148557078217,0.9390330610156464,0.8331148557078217,False,both,left,none,none,0,moving_average,4,2.0,peak,16,-1,-1,16,False,0.8269758024050639,False,False,False,False,False,False,False,,,6.666666666666667
frame_000059.jpg,32.63784660259082,33.49470670958036,59,True,0.0,0.0,0.0,0.0,False,False,False,False,False,0.6840235398379801,0.2003904115531367,0.18,False,False,True,True,True,32.63784660259082,33.49470670958036,32.63784660259082,33.49470670958036,False,False,False,False,0.8331148557078217,0.9390330610156464,0.8331148557078217,False,both,left,none,none,0,moving_average,4,2.0,peak,16,-1,-1,16,False,0.8349019310763827,False,False,False,False,False,False,False,,,6.781609195402299
frame_000060.jpg,32.66322146052909,33.31486809023682,60,True,0.1577169373214864,0.03563534070130119,0.0031961302264806074,0.2305723825803476,False,False,False,False,False,0.6840235398379801,0.2003904115531367,0.18,False,False,True,True,True,32.66322146052909,33.31486809023682,32.66322146052909,33.31486809023682,False,False,False,False,0.8384760818135046,0.8973558218214994,0.8384760818135046,False,both,left,none,none,0,moving_average,4,2.0,peak,16,-1,-1,16,False,0.8396424787923473,False,False,False,False,False,False,False,,,6.8965517241379315
frame_000061.jpg,32.70515810324624,33.47775345941546,61,True,0.051609732789005346,0.014496971086416543,0.02787857661881942,0.15488098121566346,False,False,False,False,False,0.6840235398379801,0.2003904115531367,0.18,False,False,True,True,True,32.70515810324624,33.47775345941546,32.70515810324624,33.47775345941546,False,False,False,False,0.8473364988557156,0.9351041793059223,0.8473364988557156,False,both,left,none,none,0,moving_average,4,2.0,peak,16,-1,-1,16,False,0.8443830265083119,True,False,False,False,False,False,False,4,,7.011494252873564
frame_000062.jpg,32.70515810324624,33.47775345941546,62,True,0.0,0.0,0.0,0.0,False,False,False,False,False,0.6840235398379801,0.2003904115531367,0.18,False,False,True,True,True,32.70515810324624,33.47775345941546,32.70515810324624,33.47775345941546,False,False,False,False,0.8473364988557156,0.9351041793059223,0.8473364988557156,False,both,left,none,none,0,moving_average,4,2.0,peak,16,-1,-1,16,False,0.7857868160896504,False,False,False,False,False,False,False,,,7.126436781609196
frame_000063.jpg,31.83120813795074,33.19413727366395,63,True,0.052503882062627814,0.006125632557243383,0.01737977974430262,0.09655433191279235,False,False,False,False,False,0.6840235398379801,0.2003904115531367,0.18,False,False,True,True,True,31.83120813795074,33.19413727366395,31.83120813795074,33.19413727366395,False,False,False,False,0.66268745055752,0.8693766973221041,0.66268745055752,False,both,left,none,none,0,moving_average,4,2.0,peak,16,-1,-1,16,False,0.7273917014807135,False,False,False,False,False,False,False,,,7.241379310344828
frame_000064.jpg,31.876000159737806,32.787233932285105,64,True,0.07281297097571579,0.017379149408521238,0.047956975771942155,0.26642764317745643,False,False,False,False,False,0.6840235398379801,0.2003904115531367,0.18,False,False,True,True,True,31.876000159737806,32.787233932285105,31.876000159737806,32.787233932285105,False,False,False,False,0.6721511550289052,0.775077664392208,0.6721511550289052,False,both,left,none,none,0,moving_average,4,2.0,peak,16,-1,-1,16,False,0.6701010916255581,False,False,False,False,False,False,False,,,7.356321839080461
frame_000065.jpg,31.891683130759844,32.78575852468788,65,True,0.20398888944787713,0.035693994926737097,0.019564482038886256,0.2982191073368536,False,False,False,False,False,0.6840235398379801,0.2003904115531367,0.18,False,False,True,True,True,31.891683130759844,32.78575852468788,31.891683130759844,32.78575852468788,False,False,False,False,0.675464669290249,0.7747357416418948,0.675464669290249,False,both,left,none,none,0,moving_average,4,2.0,peak,16,-1,-1,16,False,0.6808633087693229,False,False,False,False,False,False,False,,,7.471264367816093
frame_000066.jpg,31.984021911744577,32.71784959490481,66,True,0.05649867199944712,0.004221830257305656,0.023632457729446967,0.13129143183026093,False,False,False,False,False,0.6840235398379801,0.2003904115531367,0.18,False,False,True,True,True,31.984021911744577,32.71784959490481,31.984021911744577,32.71784959490481,False,False,False,False,0.6949741019888146,0.7589979834211159,0.6949741019888146,False,both,left,none,none,0,moving_average,4,2.0,peak,16,-1,-1,16,False,0.6893053441091641,False,False,False,False,False,False,False,,,7.586206896551725
frame_000067.jpg,31.99586944517863,32.6872764583068,67,True,0.14406564715803002,0.01489563954949218,0.024535397277332623,0.21061504285679092,False,False,False,False,False,0.6840235398379801,0.2003904115531367,0.18,False,False,True,True,True,31.99586944517863,32.6872764583068,31.99586944517863,32.6872764583068,False,False,False,False,0.697477261048429,0.7519127203582544,0.697477261048429,False,both,left,none,none,0,moving_average,4,2.0,peak,16,-1,-1,16,False,0.7093341835692866,False,False,False,False,False,False,False,,,7.701149425287357
frame_000068.jpg,32.17607458112056,33.06133767334399,68,True,0.0978148366242083,0.04891594604095171,0.01681284958742165,0.24410322660563463,False,False,False,False,False,0.6840235398379801,0.2003904115531367,0.18,False,False,True,True,True,32.17607458112056,33.06133767334399,32.17607458112056,33.06133767334399,False,False,False,False,0.7355511876706163,0.8386006564048355,0.7355511876706163,False,both,left,none,none,0,moving_average,4,2.0,peak,16,-1,-1,16,False,0.7118371756118138,False,False,False,False,False,False,False,,,7.816091954022989
frame_000069.jpg,32.01956214055478,32.89083259858229,69,True,0.044994871742060696,0.009340079719708929,0.026706702844580005,0.14837057135877782,False,False,False,False,False,0.6840235398379801,0.2003904115531367,0.18,False,False,True,True,True,32.01956214055478,32.89083259858229,32.01956214055478,32.89083259858229,False,False,False,False,0.7024830781163961,0.7990864474401611,0.7024830781163961,False,both,left,none,none,0,moving_average,4,2.0,peak,16,-1,-1,16,False,0.7122486209370209,False,False,False,False,False,False,False,,,7.931034482758621
frame_000070.jpg,32.001711597591544,32.808268871976445,70,True,0.021871846020966642,0.02581598555087532,0.0016393980093286236,0.1288284471836109,False,False,False,False,False,0.6840235398379801,0.2003904115531367,0.18,False,False,True,True,True,32.001711597591544,32.808268871976445,32.001711597591544,32.808268871976445,False,False,False,False,0.6987115970240506,0.7799524694599435,0.6987115970240506,False,both,left,none,none,0,moving_average,4,2.0,peak,16,-1,-1,16,False,0.7278509849160794,False,False,False,False,False,False,False,,,8.045977011494253
frame_000071.jpg,32.39761407320619,33.324537118037824,71,True,0.04084216129079365,0.013438275341831967,0.016836747996634576,0.09353748887019209,False,False,False,False,False,0.6840235398379801,0.2003904115531367,0.18,False,False,True,True,True,32.39761407320619,33.324537118037824,32.39761407320619,33.324537118037824,False,False,False,False,0.7823582796077916,0.8995965996138792,0.7823582796077916,False,both,left,none,none,0,moving_average,4,2.0,peak,16,-1,-1,16,False,0.7714389687152361,False,False,False,False,False,False,False,,,8.160919540229886
frame_000072.jpg,32.638472185523796,33.364736597246655,72,True,0.19517939067496465,0.05664970501909208,0.010689982034647364,0.2853401663942668,False,False,False,False,False,0.6840235398379801,0.2003904115531367,0.18,False,False,True,True,True,32.638472185523796,33.364736597246655,32.638472185523796,33.364736597246655,False,False,False,False,0.8332470295138662,0.9089127482619406,0.8332470295138662,False,both,left,none,none,0,moving_average,4,2.0,peak,16,-1,-1,16,False,0.817536308563328,False,False,False,False,False,False,False,,,8.275862068965518
frame_000073.jpg,32.65625223452017,33.143144007570754,73,True,0.120345214937053,0.10146443772091979,0.05020542023403207,0.506333795786506,False,False,False,False,False,0.6840235398379801,0.2003904115531367,0.18,False,False,True,True,True,32.65625223452017,33.143144007570754,32.65625223452017,33.143144007570754,False,False,False,False,0.8370036165683268,0.8575591102208764,0.8370036165683268,False,both,left,none,none,0,moving_average,4,2.0,peak,16,-1,-1,16,False,0.827709576448614,False,False,False,False,False,False,False,,,8.39080459770115
frame_000074.jpg,32.5420652988783,33.37512213576678,74,True,0.0813727498765669,0.10331042804201947,0.026562091304910246,0.5155457650957769,False,False,False,False,False,0.6840235398379801,0.2003904115531367,0.18,False,False,True,True,True,32.5420652988783,33.37512213576678,32.5420652988783,33.37512213576678,False,False,False,False,0.8128780832636494,0.9113195759758281,0.8128780832636494,False,both,left,none,none,0,moving_average,4,2.0,peak,16,-1,-1,16,False,0.84319404764903,False,False,False,False,False,False,False,,,8.505747126436782
frame_000075.jpg,32.8583377065153,33.408412037616024,75,True,0.1619845833198626,0.04381647158764005,0.007697049833716852,0.23681141639983727,False,False,False,False,False,0.6840235398379801,0.2003904115531367,0.18,False,False,True,True,True,32.8583377065153,33.408412037616024,32.8583377065153,33.408412037616024,False,False,False,False,0.8797004431151142,0.9190344439345853,0.8797004431151142,False,both,left,none,none,0,moving_average,4,2.0,peak,16,-1,-1,16,False,0.8573681987161619,False,False,False,False,False,False,False,,,8.620689655172415
frame_000076.jpg,32.857512391786855,33.466323719865315,76,True,0.033185576993787644,0.021065583720205956,0.01630741464192919,0.1051227129927825,False,False,False,False,False,0.6840235398379801,0.2003904115531367,0.18,False,False,True,True,True,32.857512391786855,33.466323719865315,32.857512391786855,33.466323719865315,False,False,False,False,0.8795260697697221,0.9324553600984737,0.8795260697697221,False,both,left,none,none,0,moving_average,4,2.0,peak,16,-1,-1,16,False,0.8753674173121108,True,False,False,False,False,False,False,5,,8.735632183908047
frame_000077.jpg,32.79763796408704,33.43229372722209,77,True,0.028623797688585965,0.03236601595998214,0.025263964660196443,0.1615147935928051,False,False,False,False,False,0.6840235398379801,0.2003904115531367,0.18,False,False,True,True,True,32.79763796408704,33.43229372722209,32.79763796408704,33.43229372722209,False,False,False,False,0.866875739051496,0.9245689775831726,0.866875739051496,False,both,left,none,none,0,moving_average,4,2.0,peak,16,-1,-1,16,False,0.8709177421752275,False,False,False,False,False,False,False,,,8.85057471264368
frame_000078.jpg,32.79515633405826,33.42817628658607,78,True,0.01921537616119706,0.016261147193560324,0.009868651363658797,0.08114733168881398,False,False,False,False,False,0.6840235398379801,0.2003904115531367,0.18,False,False,True,True,True,32.79515633405826,33.42817628658607,32.79515633405826,33.42817628658607,False,False,False,False,0.8663514177044648,0.9236147689772495,0.8663514177044648,False,both,left,none,none,0,moving_average,4,2.0,peak,16,-1,-1,16,False,0.84574252711285,False,False,False,False,False,False,False,,,8.965517241379311
frame_000079.jpg,32.50004705092238,33.289666965970575,79,True,0.10811496736536758,0.055697031896115086,0.03901681570399519,0.2779425994708641,False,False,False,False,False,0.6840235398379801,0.2003904115531367,0.18,False,False,True,True,True,32.50004705092238,33.289666965970575,32.50004705092238,33.289666965970575,False,False,False,False,0.8040004245825896,0.8915155118378058,0.8040004245825896,False,both,left,none,none,0,moving_average,4,2.0,peak,16,-1,-1,16,False,0.8049072606664225,False,False,False,False,False,False,False,,,9.080459770114944
frame_000080.jpg,32.2178140220315,32.634921676122815,80,True,0.15227881820079572,0.06614211942052839,0.0193258463743742,0.3300662886407105,False,False,False,False,False,0.6840235398379801,0.2003904115531367,0.18,False,False,True,True,True,32.2178140220315,32.634921676122815,32.2178140220315,32.634921676122815,False,False,False,False,0.7443699397122134,0.739779604634812,0.7443699397122134,False,both,left,none,none,0,moving_average,4,2.0,peak,16,-1,-1,16,False,0.7291528719197498,False,False,False,False,False,False,False,,,9.195402298850576
frame_000081.jpg,31.71951235929129,32.44797358921876,81,True,0.09295956251155761,0.07629340867507631,0.023725219007812076,0.3807238484304719,False,False,False,False,False,0.6840235398379801,0.2003904115531367,0.18,False,False,True,True,True,31.71951235929129,32.44797358921876,31.71951235929129,32.44797358921876,False,False,False,False,0.6390882514644465,0.6964547605983679,0.6390882514644465,False,both,left,none,none,0,moving_average,4,2.0,peak,16,-1,-1,16,False,0.6867798111216807,False,False,False,False,False,False,False,,,9.310344827586208
frame_000082.jpg,31.89838781646807,32.405140917048705,82,True,0.17341338426896313,0.006303371021352473,0.005732644766807018,0.2535196147051289,False,False,False,False,False,0.6840235398379801,0.2003904115531367,0.18,False,False,True,True,True,31.89838781646807,32.405140917048705,31.89838781646807,32.405140917048705,False,False,False,False,0.6768812421883824,0.6865283747649344,0.6768812421883824,False,both,left,none,none,0,moving_average,4,2.0,peak,16,-1,-1,16,False,0.6796438456859988,False,False,False,False,False,False,False,,,9.42528735632184
frame_000083.jpg,32.11648975089646,32.70065357660391,83,True,0.09107572395038292,0.040357591020626256,0.023416732748648646,0.20139482077926069,False,False,False,False,False,0.6840235398379801,0.2003904115531367,0.18,False,False,True,True,True,32.11648975089646,32.70065357660391,32.11648975089646,32.70065357660391,False,False,False,False,0.7229620434051676,0.7550128406829786,0.7229620434051676,False,both,left,none,none,0,moving_average,4,2.0,peak,16,-1,-1,16,False,0.7058622461023156,False,False,False,False,False,False,False,,,9.540229885057473
frame_000084.jpg,32.09178999102227,32.711208596419965,84,True,0.01083308160762474,0.01969983081474608,0.007787657366904073,0.09830725263779579,False,False,False,False,False,0.6840235398379801,0.2003904115531367,0.18,False,False,True,True,True,32.09178999102227,32.711208596419965,32.09178999102227,32.711208596419965,False,False,False,False,0.7177434527133971,0.7574589453471401,0.7177434527133971,False,both,left,none,none,0,moving_average,4,2.0,peak,16,-1,-1,16,False,0.7174200329469758,False,False,False,False,False,False,False,,,9.655172413793105
frame_000085.jpg,32.06249796225346,32.577074354111225,85,True,0.08234166857420915,0.026576465388644107,0.03682385050437607,0.20457694724653372,False,False,False,False,False,0.6840235398379801,0.2003904115531367,0.18,False,False,True,True,True,32.06249796225346,32.577074354111225,32.06249796225346,32.577074354111225,False,False,False,False,0.7115546027223626,0.7263736038268745,0.7115546027223626,False,both,left,none,none,0,moving_average,4,2.0,peak,16,-1,-1,16,False,0.7136175527193741,False,False,False,False,False,False,False,,,9.770114942528737
frame_000086.jpg,32.06249796225346,32.577074354111225,86,True,0.0,0.0,0.0,0.0,False,False,False,False,False,0.6840235398379801,0.2003904115531367,0.18,False,False,True,True,True,32.06249796225346,32.577074354111225,32.06249796225346,32.577074354111225,False,False,False,False,0.7115546027223626,0.7263736038268745,0.7115546027223626,False,both,left,none,none,0,moving_average,4,2.0,peak,16,-1,-1,16,False,0.7083571872015331,False,False,False,False,False,False,False,,,9.88505747126437
frame_000087.jpg,32.01709754655863,32.66979439727877,87,True,0.135601078391828,0.02111831665840504,0.03729822424757634,0.20721235693097967,False,False,False,False,False,0.6840235398379801,0.2003904115531367,0.18,False,False,True,True,True,32.01709754655863,32.66979439727877,32.01709754655863,32.66979439727877,False,False,False,False,0.7019623561598742,0.7478612877920385,0.7019623561598742,False,both,left,none,none,0,moving_average,4,2.0,peak,16,-1,-1,16,False,0.7495837654626323,False,False,False,False,False,False,False,,,10.0
frame_000088.jpg,32.64787817903672,33.071009867434626,88,True,0.09184301129136105,0.03977142123181345,0.04020014324817725,0.2233341291565403,False,False,False,False,False,0.6840235398379801,0.2003904115531367,0.18,False,False,True,True,True,32.64787817903672,33.071009867434626,32.64787817903672,33.071009867434626,False,False,False,False,0.8352343375056602,0.8408421679784842,0.8352343375056602,False,both,left,none,none,0,moving_average,4,2.0,peak,16,-1,-1,16,False,0.811093166262412,False,False,False,False,False,False,False,,,10.114942528735632
frame_000089.jpg,32.935875959970005,33.35157078841627,89,True,0.10460817771004159,0.049845810360446996,0.007027965641396231,0.24874349014064273,False,False,False,False,False,0.6840235398379801,0.2003904115531367,0.18,False,False,True,True,True,32.935875959970005,33.35157078841627,32.935875959970005,33.35157078841627,False,False,False,False,0.8960828051217018,0.905861598482147,0.8960828051217018,False,both,left,none,none,0,moving_average,4,2.0,peak,16,-1,-1,16,False,0.8608094483226072,False,False,False,False,False,False,False,,,10.229885057471265
frame_000090.jpg,32.723023897897754,33.33433154583558,90,True,0.07184464234029996,0.04301409735829776,0.016466248311372896,0.21465147471335919,False,False,False,False,False,0.6840235398379801,0.2003904115531367,0.18,False,False,True,True,True,32.723023897897754,33.33433154583558,32.723023897897754,33.33433154583558,False,False,False,False,0.8511112023404597,0.901866438603897,0.8511112023404597,False,both,left,none,none,0,moving_average,4,2.0,peak,16,-1,-1,16,False,0.8692522082504418,True,False,False,False,False,False,False,6,,10.344827586206897
frame_000091.jpg,32.767757752973324,33.3228203410735,91,True,0.038959852185278115,0.0028678572083778568,0.009445505307632517,0.05695688805462201,False,False,False,False,False,0.6840235398379801,0.2003904115531367,0.18,False,False,True,True,True,32.767757752973324,33.3228203410735,32.767757752973324,33.3228203410735,False,False,False,False,0.860562617289164,0.8991987399970391,0.860562617289164,False,both,left,none,none,0,moving_average,4,2.0,peak,16,-1,-1,16,False,0.8544401723099329,False,False,False,False,False,False,False,,,10.459770114942529
frame_000092.jpg,32.72555841299963,33.44031351523105,92,True,0.02819581803412829,0.007265140756124113,0.001266678564809059,0.041220537586771994,False,False,False,False,False,0.6840235398379801,0.2003904115531367,0.18,False,False,True,True,True,32.72555841299963,33.44031351523105,32.72555841299963,33.44031351523105,False,False,False,False,0.8516466973001751,0.9264275473628771,0.8516466973001751,False,both,left,none,none,0,moving_average,4,2.0,peak,16,-1,-1,16,False,0.854618670629838,False,False,False,False,False,False,False,,,10.574712643678161
frame_000093.jpg,32.72555841299963,33.44031351523105,93,True,0.0,0.0,0.0,0.0,False,False,False,False,False,0.6840235398379801,0.2003904115531367,0.18,False,False,True,True,True,32.72555841299963,33.44031351523105,32.72555841299963,33.44031351523105,False,False,False,False,0.8516466973001751,0.9264275473628771,0.8516466973001751,False,both,left,none,none,0,moving_average,4,2.0,peak,16,-1,-1,16,False,0.855473428606921,False,False,False,False,False,False,False,,,10.689655172413794
frame_000094.jpg,32.77989454508722,33.40226249364394,94,True,0.03448101975982181,0.07557420006365635,0.03608012866866943,0.3771348113810159,False,False,False,False,False,0.6840235398379801,0.2003904115531367,0.18,False,False,True,True,True,32.77989454508722,33.40226249364394,32.77989454508722,33.40226249364394,False,False,False,False,0.863126891220413,0.917609299457859,0.863126891220413,False,both,left,none,none,0,moving_average,4,2.0,peak,16,-1,-1,16,False,0.8646445167685265,False,False,False,False,False,False,False,,,10.804597701149426
frame_000095.jpg,32.855779590759724,33.453435349652615,95,True,0.2284778933960731,0.06561752551602973,0.02207370340464614,0.33402051258380827,False,False,False,False,False,0.6840235398379801,0.2003904115531367,0.18,False,False,True,True,True,32.855779590759724,33.453435349652615,32.855779590759724,33.453435349652615,False,False,False,False,0.8791599617849913,0.92946850616166,0.8791599617849913,False,both,left,none,none,0,moving_average,4,2.0,peak,16,-1,-1,16,False,0.8510617142671476,False,False,False,False,False,False,False,,,10.919540229885058
frame_000096.jpg,32.532694871853316,33.26739255593146,96,True,0.049555703215974606,0.00317179875825266,0.026245362395027554,0.1458075688612642,False,False,False,False,False,0.6840235398379801,0.2003904115531367,0.18,False,False,True,True,True,32.532694871853316,33.26739255593146,32.532694871853316,33.26739255593146,False,False,False,False,0.8108982897960385,0.8863534620039188,0.8108982897960385,False,both,left,none,none,0,moving_average,4,2.0,peak,16,-1,-1,16,False,0.8103415587547366,False,False,False,False,False,False,False,,,11.03448275862069
frame_000097.jpg,32.20170507444189,33.105134992044285,97,True,0.05794536306976102,0.048734676122489565,0.006100499299258979,0.24319864281314074,False,False,False,False,False,0.6840235398379801,0.2003904115531367,0.18,False,False,True,True,True,32.20170507444189,33.105134992044285,32.20170507444189,33.105134992044285,False,False,False,False,0.7409664246831799,0.8487505971361278,0.7409664246831799,False,both,left,none,none,0,moving_average,4,2.0,peak,16,-1,-1,16,False,0.7642770463874661,False,False,False,False,False,False,False,,,11.149425287356323
frame_000098.jpg,32.20170507444189,33.105134992044285,98,True,0.0,0.0,0.0,0.0,False,False,False,False,False,0.6840235398379801,0.2003904115531367,0.18,False,False,True,True,True,32.20170507444189,33.105134992044285,32.20170507444189,33.105134992044285,False,False,False,False,0.7409664246831799,0.8487505971361278,0.7409664246831799,False,both,left,none,none,0,moving_average,4,2.0,peak,16,-1,-1,16,False,0.7499995926492669,False,False,False,False,False,False,False,,,11.264367816091955
frame_000099.jpg,32.329967909856904,33.040754921531764,99,True,0.03008076574511964,0.013770546126200434,0.016053931547003426,0.08918850859446348,False,False,False,False,False,0.6840235398379801,0.2003904115531367,0.18,False,False,True,True,True,32.329967909856904,33.040754921531764,32.329967909856904,33.040754921531764,False,False,False,False,0.768065928581441,0.8338306449707883,0.768065928581441,False,both,left,none,none,0,moving_average,4,2.0,peak,16,-1,-1,16,False,0.7492941046955511,False,False,False,False,False,False,False,,,11.379310344827587
frame_000100.jpg,32.19168778198874,32.93183086613044,100,True,0.04449799521971611,0.01837809645951657,0.0009062354930430285,0.09171145623723283,False,False,False,False,False,0.6840235398379801,0.2003904115531367,0.18,False,False,True,True,True,32.19168778198874,32.93183086613044,32.19168778198874,32.93183086613044,False,False,False,False,0.7388499608220328,0.8085877136831235,0.7388499608220328,False,both,left,none,none,0,moving_average,4,2.0,peak,16,-1,-1,16,False,0.747184844367303,False,False,False,False,False,False,False,,,11.49425287356322
frame_000101.jpg,32.1717554807506,32.74150424610769,101,True,0.011969319406931384,0.04333181814881184,0.002126937147293781,0.21623698366087601,False,False,False,False,False,0.6840235398379801,0.2003904115531367,0.18,False,False,True,True,True,32.1717554807506,32.74150424610769,32.1717554807506,32.74150424610769,False,False,False,False,0.7346386436984357,0.7644799013753073,0.7346386436984357,False,both,left,none,none,0,moving_average,4,2.0,peak,16,-1,-1,16,False,0.7356832163088912,False,False,False,False,False,False,False,,,11.609195402298852
frame_000102.jpg,32.16665516816991,32.52475984482307,102,True,0.2668369322992571,0.12290253491226835,0.03562279187896842,0.6133154473794711,False,False,False,False,False,0.6840235398379801,0.2003904115531367,0.18,False,False,True,True,True,32.16665516816991,32.52475984482307,32.16665516816991,32.52475984482307,False,False,False,False,0.7335610444062053,0.7142498212662349,0.7335610444062053,False,both,left,none,none,0,moving_average,4,2.0,peak,16,-1,-1,16,False,0.7357585931393615,False,False,False,False,False,False,False,,,11.724137931034484
frame_000103.jpg,32.192758064976616,32.56005877969311,103,True,0.027083309252166753,0.034579052698424824,0.02285481028405965,0.1725584194893259,False,False,False,False,False,0.6840235398379801,0.2003904115531367,0.18,False,False,True,True,True,32.192758064976616,32.56005877969311,32.192758064976616,32.56005877969311,False,False,False,False,0.7390760913134438,0.7224302785965191,0.7390760913134438,False,both,left,none,none,0,moving_average,4,2.0,peak,16,-1,-1,16,False,0.7372377423443642,False,False,False,False,False,False,False,,,11.839080459770116
frame_000104.jpg,32.192758064976616,32.56005877969311,104,True,0.0,0.0,0.0,0.0,False,False,False,False,False,0.6840235398379801,0.2003904115531367,0.18,False,False,True,True,True,32.192758064976616,32.56005877969311,32.192758064976616,32.56005877969311,False,False,False,False,0.7390760913134438,0.7224302785965191,0.7390760913134438,False,both,left,none,none,0,moving_average,4,2.0,peak,16,-1,-1,16,False,0.7531685146998763,False,False,False,False,False,False,False,,,11.954022988505749
frame_000105.jpg,32.3928577629119,32.82390476723404,105,True,0.12449518438125523,0.02562918658594997,0.012077809971470666,0.18200423981131342,False,False,False,False,False,0.6840235398379801,0.2003904115531367,0.18,False,False,True,True,True,32.3928577629119,32.82390476723404,32.3928577629119,32.82390476723404,False,False,False,False,0.7813533614727418,0.7835760568131169,0.7813533614727418,False,both,left,none,none,0,moving_average,4,2.0,peak,16,-1,-1,16,False,0.8006873906303578,False,False,False,False,False,False,False,,,12.06896551724138
frame_000106.jpg,32.867483231768574,33.38068542003193,106,True,0.21434918347482848,0.04196502483650912,0.01533771596517144,0.3133652147784269,False,False,False,False,False,0.6840235398379801,0.2003904115531367,0.18,False,False,True,True,True,32.867483231768574,33.38068542003193,32.867483231768574,33.38068542003193,False,False,False,False,0.881632719104888,0.912608855941778,0.881632719104888,False,both,left,none,none,0,moving_average,4,2.0,peak,16,-1,-1,16,False,0.8568988801923066,False,False,False,False,False,False,False,,,12.183908045977013
frame_000107.jpg,32.99091050287933,33.64839928257251,107,True,0.353207465961618,0.01345277737320631,0.009486388242083248,0.5163674133865039,False,False,False,False,False,0.6840235398379801,0.2003904115531367,0.18,False,False,True,True,True,32.99091050287933,33.64839928257251,32.99091050287933,33.64839928257251,False,False,False,False,0.9077105599992904,0.974651006428814,0.9077105599992904,False,both,left,none,none,0,moving_average,4,2.0,peak,16,-1,-1,16,False,0.9039449290875505,False,False,False,False,False,False,False,,,12.298850574712645
frame_000108.jpg,33.060869212386955,33.53409396287568,108,True,0.3948977234912622,0.023494475349689705,0.0385188815884127,0.5773159847463712,False,False,False,False,False,0.6840235398379801,0.2003904115531367,0.18,False,False,True,True,True,33.060869212386955,33.53409396287568,33.060869212386955,33.53409396287568,False,False,False,False,0.9224915081584735,0.9481609779379485,0.9224915081584735,False,both,left,none,none,0,moving_average,4,2.0,peak,16,-1,-1,16,False,0.9317855942472887,False,False,False,False,False,False,False,,,12.413793103448278
frame_000109.jpg,33.2627955592526,33.56386855674595,109,True,0.5359015938104181,0.04315172390956605,0.024424091263031012,0.7834548997207806,False,False,False,False,False,0.6840235398379801,0.2003904115531367,0.18,False,False,True,True,True,33.2627955592526,33.56386855674595,33.2627955592526,33.56386855674595,False,False,False,False,0.9651547145841024,0.9550611803258984,0.9651547145841024,False,both,left,none,none,0,moving_average,4,2.0,peak,16,-1,-1,16,False,0.9421084725151923,True,False,False,False,False,False,False,7,,12.52873563218391
frame_000110.jpg,33.13748606100646,33.45778784985052,110,True,0.6192058278168158,0.003470493196050116,0.011488263547672328,0.9052405242712593,False,False,False,False,False,0.6840235398379801,0.2003904115531367,0.18,False,False,True,True,True,33.13748606100646,33.45778784985052,33.13748606100646,33.45778784985052,False,False,False,False,0.9386791948030009,0.9304771893494133,0.9386791948030009,False,both,left,none,none,0,moving_average,4,2.0,peak,16,-1,-1,16,False,0.9285816432759781,False,False,False,False,False,False,False,,,12.643678160919542
frame_000111.jpg,32.86880044106443,33.10188767858902,111,True,0.2763266961747319,0.0,0.0,0.4039724952158568,False,False,False,False,False,0.6840235398379801,0.2003904115531367,0.18,False,False,True,True,True,32.86880044106443,33.10188767858902,32.86880044106443,33.10188767858902,False,False,False,False,0.8819110204408313,0.8479980387584705,0.8819110204408313,False,both,left,none,none,0,moving_average,4,2.0,peak,16,-1,-1,16,False,0.9152303294603943,False,False,False,False,False,False,False,,,12.758620689655173
frame_000112.jpg,33.073218948596015,33.53640643650033,112,True,0.2596812651032672,0.09053995744135036,0.008053870654873294,0.451817812736725,False,False,False,False,False,0.6840235398379801,0.2003904115531367,0.18,False,False,True,True,True,33.073218948596015,33.53640643650033,33.073218948596015,33.53640643650033,False,False,False,False,0.925100773137351,0.9486968890605786,0.925100773137351,False,both,left,none,none,0,moving_average,4,2.0,peak,16,-1,-1,16,False,0.9208191283582434,False,False,False,False,False,False,False,,,12.873563218390805
frame_000113.jpg,33.21684196315437,33.593286554937826,113,True,0.2682383063474488,0.005862378878218055,0.0017886107048831331,0.39214777083692837,False,False,False,False,False,0.6840235398379801,0.2003904115531367,0.18,False,False,True,True,True,33.21684196315437,33.593286554937826,33.21684196315437,33.593286554937826,False,False,False,False,0.9554455914965482,0.961878742380874,0.9554455914965482,False,both,left,none,none,0,moving_average,4,2.0,peak,16,-1,-1,16,False,0.9360057120760996,False,False,False,False,False,False,False,,,12.988505747126437
frame_000114.jpg,33.08443622855699,33.4854140637058,114,True,0.20685728312381124,0.043631334794022876,0.013557946929412848,0.3024125210264081,False,False,False,False,False,0.6840235398379801,0.2003904115531367,0.18,False,False,True,True,True,33.08443622855699,33.4854140637058,33.08443622855699,33.4854140637058,False,False,False,False,0.9274707715943998,0.9368795089795235,0.9274707715943998,False,both,left,none,none,0,moving_average,4,2.0,peak,16,-1,-1,16,False,0.9094006651768488,False,False,False,False,False,False,False,,,13.10344827586207
frame_000115.jpg,32.695451285638946,32.96813216612804,115,True,0.32910364512235696,0.04658874482222112,0.017702384501617943,0.48112912196020247,False,False,False,False,False,0.6840235398379801,0.2003904115531367,0.18,False,False,True,True,True,32.695451285638946,32.96813216612804,32.695451285638946,32.96813216612804,False,False,False,False,0.8452856324395985,0.8170004671205178,0.8452856324395985,False,both,left,none,none,0,moving_average,4,2.0,peak,16,-1,-1,16,False,0.8652553353977526,False,False,False,False,False,False,False,,,13.218390804597702
frame_000116.jpg,32.590018108106484,33.26557405998879,116,True,0.41411044946246056,0.029271862774688476,0.053240108571040036,0.6054037987648028,False,False,False,False,False,0.6840235398379801,0.2003904115531367,0.18,False,False,True,True,True,32.590018108106484,33.26557405998879,32.590018108106484,33.26557405998879,False,False,False,False,0.8230096021592597,0.8859320292179429,0.8230096021592597,False,both,left,none,none,0,moving_average,4,2.0,peak,16,-1,-1,16,False,0.8097458996998776,False,False,False,False,False,False,False,,,13.333333333333334
frame_000117.jpg,32.29625232213274,32.79725253528594,117,True,0.37186801278333387,0.05708923580684641,0.0020789933217654835,0.5436479757281681,False,False,False,False,False,0.6840235398379801,0.2003904115531367,0.18,False,False,True,True,True,32.29625232213274,32.79725253528594,32.29625232213274,32.79725253528594,False,False,False,False,0.760942464500775,0.7773994555357413,0.760942464500775,False,both,left,none,none,0,moving_average,4,2.0,peak,16,-1,-1,16,False,0.789041886425481,False,False,False,False,False,False,False,,,13.448275862068966
frame_000118.jpg,32.4014729762558,33.11807823678846,118,True,0.3489681626613439,0.06764854636976353,0.03435449726409603,0.5101698148341526,False,False,False,False,False,0.6840235398379801,0.2003904115531367,0.18,False,False,True,True,True,32.4014729762558,33.11807823678846,32.4014729762558,33.11807823678846,False,False,False,False,0.7831735926164085,0.8517501681355083,0.7831735926164085,False,both,left,none,none,0,moving_average,4,2.0,peak,16,-1,-1,16,False,0.8016241437221407,False,False,False,False,False,False,False,,,13.563218390804598
frame_000119.jpg,32.76867481003538,33.204106603390336,119,True,0.21484858041940608,0.03371827597632659,0.00554541873876227,0.31409530214456616,False,False,False,False,False,0.6840235398379801,0.2003904115531367,0.18,False,False,True,True,True,32.76867481003538,33.204106603390336,32.76867481003538,33.204106603390336,False,False,False,False,0.860756374049239,0.8716870694831486,0.860756374049239,False,both,left,none,none,0,moving_average,4,2.0,peak,16,-1,-1,16,False,0.8348954469049621,False,False,False,False,False,False,False,,,13.67816091954023
frame_000120.jpg,32.76867481003538,33.204106603390336,120,True,0.0,0.0,0.0,0.0,False,False,False,False,False,0.6840235398379801,0.2003904115531367,0.18,False,False,True,True,True,32.76867481003538,33.204106603390336,32.76867481003538,33.204106603390336,False,False,False,False,0.860756374049239,0.8716870694831486,0.860756374049239,False,both,left,none,none,0,moving_average,4,2.0,peak,16,-1,-1,16,False,0.851560942081642,False,False,False,False,False,False,False,,,13.793103448275863
frame_000121.jpg,32.63810797219313,33.1934214948671,121,True,0.19625059358683564,0.000570396308167223,0.0696431811808585,0.38690656211588054,False,False,False,False,False,0.6840235398379801,0.2003904115531367,0.18,False,False,True,True,True,32.63810797219313,33.1934214948671,32.63810797219313,33.1934214948671,False,False,False,False,0.8331700781464483,0.8692108170221156,0.8331700781464483,False,both,left,none,none,0,moving_average,4,2.0,peak,16,-1,-1,16,False,0.8406637511889761,False,False,False,False,False,False,False,,,13.908045977011495
frame_000122.jpg,32.61394453078015,33.33231073887549,122,True,0.1635288678577582,0.04624555106070269,0.004665776672685956,0.2390690646355418,False,False,False,False,False,0.6840235398379801,0.2003904115531367,0.18,False,False,True,True,True,32.61394453078015,33.33231073887549,32.61394453078015,33.33231073887549,False,False,False,False,0.8280648013712413,0.9013981206455615,0.8280648013712413,False,both,left,none,none,0,moving_average,4,2.0,peak,16,-1,-1,16,False,0.8648226941605499,False,False,False,False,False,False,False,,,14.022988505747128
frame_000123.jpg,33.111710004088785,33.68867140700426,123,True,0.244213538585424,0.0433434466258829,0.04934377941459854,0.35702505010758717,False,False,False,False,False,0.6840235398379801,0.2003904115531367,0.18,False,False,True,True,True,33.111710004088785,33.68867140700426,33.111710004088785,33.68867140700426,False,False,False,False,0.93323320296396,0.9839839904615262,0.93323320296396,False,both,left,none,none,0,moving_average,4,2.0,peak,16,-1,-1,16,False,0.9020666097812012,False,False,False,False,False,False,False,,,14.13793103448276
frame_000124.jpg,33.16693797263113,33.30396127639814,124,True,0.3069948759789266,0.02279651723066992,0.019233962970087434,0.4488074724031315,False,False,False,False,False,0.6840235398379801,0.2003904115531367,0.18,False,False,True,True,True,33.16693797263113,33.30396127639814,33.16693797263113,33.30396127639814,False,False,False,False,0.9449018250084027,0.8948281895984541,0.9449018250084027,False,both,left,none,none,0,moving_average,4,2.0,peak,16,-1,-1,16,False,0.9364491383690515,True,False,False,False,False,False,False,8,,14.252873563218392
frame_000125.jpg,33.10214541688919,33.44389596115045,125,True,0.3257097439044935,0.01735469216631877,0.04126025932371592,0.4761674488302582,False,False,False,False,False,0.6840235398379801,0.2003904115531367,0.18,False,False,True,True,True,33.10214541688919,33.44389596115045,33.10214541688919,33.44389596115045,False,False,False,False,0.9312123871347924,0.9272577720166706,0.9312123871347924,False,both,left,none,none,0,moving_average,4,2.0,peak,16,-1,-1,16,False,0.9098064915898418,False,False,False,False,False,False,False,,,14.367816091954024
frame_000126.jpg,32.73340845675882,33.48656796094225,126,True,0.39869518163691475,0.044725939132494674,0.029715161155560183,0.5828676330808014,False,False,False,False,False,0.6840235398379801,0.2003904115531367,0.18,False,False,True,True,True,32.73340845675882,33.48656796094225,32.73340845675882,33.48656796094225,False,False,False,False,0.8533052626263306,0.9371469223488254,0.8533052626263306,False,both,left,none,none,0,moving_average,4,2.0,peak,16,-1,-1,16,False,0.8792743041291511,False,False,False,False,False,False,False,,,14.482758620689657
frame_000127.jpg,32.73340845675882,33.48656796094225,127,True,0.0,0.0,0.0,0.0,False,False,False,False,False,0.6840235398379801,0.2003904115531367,0.18,False,False,True,True,True,32.73340845675882,33.48656796094225,32.73340845675882,33.48656796094225,False,False,False,False,0.8533052626263306,0.9371469223488254,0.8533052626263306,False,both,left,none,none,0,moving_average,4,2.0,peak,16,-1,-1,16,False,0.8330527839486762,False,False,False,False,False,False,False,,,14.597701149425289
frame_000128.jpg,32.445841531275946,33.25825265648371,128,True,0.21863397162352158,0.04567256057672403,0.017171878606705736,0.3196293093587216,False,False,False,False,False,0.6840235398379801,0.2003904115531367,0.18,False,False,True,True,True,32.445841531275946,33.25825265648371,32.445841531275946,33.25825265648371,False,False,False,False,0.7925478265933678,0.8842353086457323,0.7925478265933678,False,both,left,none,none,0,moving_average,4,2.0,peak,16,-1,-1,16,False,0.7756031716370191,False,False,False,False,False,False,False,,,14.712643678160921
frame_000129.jpg,31.917675792841756,32.97802399035649,129,True,0.05899978036122862,0.03532246674756708,0.014873824298622091,0.17626824793560927,False,False,False,False,False,0.6840235398379801,0.2003904115531367,0.18,False,False,True,True,True,31.917675792841756,32.97802399035649,31.917675792841756,32.97802399035649,False,False,False,False,0.6809564256913591,0.8192928775379259,0.6809564256913591,False,both,left,none,none,0,moving_average,4,2.0,peak,16,-1,-1,16,False,0.7097764563117374,False,False,False,False,False,False,False,,,14.827586206896553
frame_000130.jpg,31.798728487851413,32.473254455500026,130,True,0.3184602198441049,0.0724898593340875,0.00188130090670156,0.46556909418575904,False,False,False,False,False,0.6840235398379801,0.2003904115531367,0.18,False,False,True,True,True,31.798728487851413,32.473254455500026,31.798728487851413,32.473254455500026,False,False,False,False,0.6558251166504855,0.7023135506340428,0.6558251166504855,False,both,left,none,none,0,moving_average,4,2.0,peak,16,-1,-1,16,False,0.66420221966411,False,False,False,False,False,False,False,,,14.942528735632186
frame_000131.jpg,31.798728487851413,32.473254455500026,131,True,0.0,0.0,0.0,0.0,False,False,False,False,False,0.6840235398379801,0.2003904115531367,0.18,False,False,True,True,True,31.798728487851413,32.473254455500026,31.798728487851413,32.473254455500026,False,False,False,False,0.6558251166504855,0.7023135506340428,0.6558251166504855,False,both,left,none,none,0,moving_average,4,2.0,peak,16,-1,-1,16,False,0.6594444556039724,False,False,False,False,False,False,False,,,15.057471264367818
frame_000132.jpg,31.850119835631624,32.47142618162257,132,True,0.07179077189993613,0.00038584336904557467,0.014037997084546651,0.10495365688283287,False,False,False,False,False,0.6840235398379801,0.2003904115531367,0.18,False,False,True,True,True,31.850119835631624,32.47142618162257,31.850119835631624,32.47142618162257,False,False,False,False,0.6666831335109461,0.7018898518312977,0.6666831335109461,False,both,left,none,none,0,moving_average,4,2.0,peak,16,-1,-1,16,False,0.6417542844864669,False,False,False,False,False,False,False,,,15.17241379310345
frame_000133.jpg,31.547544018014644,32.21163077927885,133,True,0.1694714200375386,0.035300041331524916,0.005632446701691688,0.24775670743389927,False,False,False,False,False,0.6840235398379801,0.2003904115531367,0.18,False,False,True,True,True,31.547544018014644,32.21163077927885,31.547544018014644,32.21163077927885,False,False,False,False,0.602754603297969,0.641682788606823,0.602754603297969,False,both,left,none,none,0,moving_average,4,2.0,peak,16,-1,-1,16,False,0.6799712230682815,False,False,False,False,False,False,False,,,15.287356321839082
frame_000134.jpg,32.341374536478845,33.09912291053461,134,True,0.10083200301740126,0.04553628969116679,0.01085260208190745,0.22723786701287413,False,False,False,False,False,0.6840235398379801,0.2003904115531367,0.18,False,False,True,True,True,32.341374536478845,33.09912291053461,32.341374536478845,33.09912291053461,False,False,False,False,0.7704759323959295,0.8473573093092527,0.7704759323959295,False,both,left,none,none,0,moving_average,4,2.0,peak,16,-1,-1,16,False,0.7205760910823785,False,False,False,False,False,False,False,,,15.402298850574715
frame_000135.jpg,32.42667232781301,33.20636835064561,135,True,0.030570356579591004,0.10050686348712466,0.029612669864325307,0.5015552526098469,False,False,False,False,False,0.6840235398379801,0.2003904115531367,0.18,False,False,True,True,True,32.42667232781301,33.20636835064561,32.42667232781301,33.20636835064561,False,False,False,False,0.7884977375532372,0.8722112248714567,0.7884977375532372,False,both,left,none,none,0,moving_average,4,2.0,peak,16,-1,-1,16,False,0.7824904691674679,False,False,False,False,False,False,False,,,15.517241379310347
frame_000136.jpg,32.42667232781301,33.20636835064561,136,True,0.0,0.0,0.0,0.0,False,False,False,False,False,0.6840235398379801,0.2003904115531367,0.18,False,False,True,True,True,32.42667232781301,33.20636835064561,32.42667232781301,33.20636835064561,False,False,False,False,0.7884977375532372,0.8722112248714567,0.7884977375532372,False,both,left,none,none,0,moving_average,4,2.0,peak,16,-1,-1,16,False,0.7912287143914684,False,False,False,False,False,False,False,,,15.632183908045977
frame_000137.jpg,32.46544973503485,33.10100042368157,137,True,0.07404560006302373,0.08463506334006964,0.008388636912774021,0.4223508634175708,False,False,False,False,False,0.6840235398379801,0.2003904115531367,0.18,False,False,True,True,True,32.46544973503485,33.10100042368157,32.46544973503485,33.10100042368157,False,False,False,False,0.7966906680679308,0.8477924192139081,0.7966906680679308,False,both,left,none,none,0,moving_average,4,2.0,peak,16,-1,-1,16,False,0.7895559387982882,False,False,False,False,False,False,False,,,15.74712643678161
frame_000138.jpg,32.402920423564154,33.36932550168904,138,True,0.017481568128325714,0.008839834954437851,0.028613107921983634,0.15896171067768686,False,False,False,False,False,0.6840235398379801,0.2003904115531367,0.18,False,False,True,True,True,32.402920423564154,33.36932550168904,32.402920423564154,33.36932550168904,False,False,False,False,0.7834794107736968,0.9099762176590174,0.7834794107736968,False,both,left,none,none,0,moving_average,4,2.0,peak,16,-1,-1,16,False,0.7921757754621611,False,False,False,False,False,False,False,,,15.862068965517242
frame_000139.jpg,32.463871644829375,33.23676243561493,139,True,0.16828331790787357,0.030377092091229862,0.041870471085256454,0.24601977579270687,False,False,False,False,False,0.6840235398379801,0.2003904115531367,0.18,False,False,True,True,True,32.463871644829375,33.23676243561493,32.463871644829375,33.23676243561493,False,False,False,False,0.7963572475448559,0.8792549930786269,0.7963572475448559,False,both,left,none,none,0,moving_average,4,2.0,peak,16,-1,-1,16,False,0.7926260540964146,True,False,False,False,False,False,False,9,,15.977011494252874
frame_000140.jpg,32.4718432854009,33.12043903976383,140,True,0.07574570467801121,0.0240533425922955,0.041335970415727424,0.22964428008737459,False,False,False,False,False,0.6840235398379801,0.2003904115531367,0.18,False,False,True,True,True,32.4718432854009,33.12043903976383,32.4718432854009,33.12043903976383,False,False,False,False,0.7980415039706914,0.8522972794881966,0.7980415039706914,False,both,left,none,none,0,moving_average,4,2.0,peak,16,-1,-1,16,False,0.7622841101402833,False,False,False,False,False,False,False,,,16.091954022988507
frame_000141.jpg,31.972092193819336,32.60581000007049,141,True,0.05334306112525402,0.1301009252120521,0.02953156885099651,0.6492372773911579,False,False,False,False,False,0.6840235398379801,0.2003904115531367,0.18,False,False,True,True,True,31.972092193819336,32.60581000007049,31.972092193819336,32.60581000007049,False,False,False,False,0.6924535789053027,0.7330330321210545,0.6924535789053027,False,both,left,none,none,0,moving_average,4,2.0,peak,16,-1,-1,16,False,0.716495113454038,False,False,False,False,False,False,False,,,16.20689655172414
frame_000142.jpg,31.813709202612483,32.25286090677053,142,True,0.09801311707053033,0.06941822466177164,0.015930081001864823,0.34641490141041154,False,False,False,False,False,0.6840235398379801,0.2003904115531367,0.18,False,False,True,True,True,31.813709202612483,32.25286090677053,31.813709202612483,32.25286090677053,False,False,False,False,0.6589902574861201,0.6512377879264818,0.6589902574861201,False,both,left,none,none,0,moving_average,4,2.0,peak,16,-1,-1,16,False,0.6671644770090033,False,False,False,False,False,False,False,,,16.32183908045977
frame_000143.jpg,31.771392753868465,32.16170111121019,143,True,0.007350303596354341,0.03131145154035668,0.0004661090721560304,0.15625224429490206,False,False,False,False,False,0.6840235398379801,0.2003904115531367,0.18,False,False,True,True,True,31.771392753868465,32.16170111121019,31.771392753868465,32.16170111121019,False,False,False,False,0.650049594635587,0.6301116882137165,0.650049594635587,False,both,left,none,none,0,moving_average,4,2.0,peak,16,-1,-1,16,False,0.6598795798180703,False,False,False,False,False,False,False,,,16.436781609195403
frame_000144.jpg,31.868653226125627,32.1732100409172,144,True,0.012329675834911817,7.279532874830967e-05,0.004625089654818386,0.02569494252676881,False,False,False,False,False,0.6840235398379801,0.2003904115531367,0.18,False,False,True,True,True,31.868653226125627,32.1732100409172,31.868653226125627,32.1732100409172,False,False,False,False,0.6705988873325042,0.6327788595811258,0.6705988873325042,False,both,left,none,none,0,moving_average,4,2.0,peak,16,-1,-1,16,False,0.6467847493951505,False,False,False,False,False,False,False,,,16.551724137931036
frame_000145.jpg,31.627774424732994,32.07300803025243,145,True,0.05046539335975805,0.014218285812150988,0.0033979361235241673,0.0737772758108755,False,False,False,False,False,0.6840235398379801,0.2003904115531367,0.18,False,False,True,True,True,31.627774424732994,32.07300803025243,31.627774424732994,32.07300803025243,False,False,False,False,0.6197057662173604,0.609557244660738,0.6197057662173604,False,both,left,none,none,0,moving_average,4,2.0,peak,16,-1,-1,16,False,0.6234877920559809,False,False,False,False,False,False,False,,,16.666666666666668
frame_000146.jpg,31.440596978113735,32.2533727968968,146,True,0.08209168396369512,0.0019474442263601101,0.01997061476372823,0.12001295157640277,False,False,False,False,False,0.6840235398379801,0.2003904115531367,0.18,False,False,True,True,True,31.440596978113735,32.2533727968968,31.440596978113735,32.2533727968968,False,False,False,False,0.5801587226180781,0.6513564174361584,0.5801587226180781,False,both,left,none,none,0,moving_average,4,2.0,peak,16,-1,-1,16,False,0.5977171818300526,False,False,False,False,False,False,False,,,16.7816091954023
frame_000147.jpg,31.502733811102885,32.06377581025832,147,True,0.16177729953277015,0.11246324591461987,0.05488455727407725,0.5612206943584147,False,False,False,False,False,0.6840235398379801,0.2003904115531367,0.18,False,False,True,True,True,31.502733811102885,32.06377581025832,31.502733811102885,32.06377581025832,False,False,False,False,0.5932870566547195,0.6074176962011687,0.5932870566547195,False,both,left,none,none,0,moving_average,4,2.0,peak,16,-1,-1,16,False,0.6256316685537531,False,False,False,False,False,False,False,,,16.896551724137932
frame_000148.jpg,32.02413495182364,32.364132093867305,148,True,0.049440893426833596,0.11268350619404885,0.04529328214652457,0.5623198501399805,False,False,False,False,False,0.6840235398379801,0.2003904115531367,0.18,False,False,True,True,True,32.02413495182364,32.364132093867305,32.02413495182364,32.364132093867305,False,False,False,False,0.7034492263884615,0.6770246622751451,0.7034492263884615,False,both,left,none,none,0,moving_average,4,2.0,peak,16,-1,-1,16,False,0.6969744839383083,False,False,False,False,False,False,False,,,17.011494252873565
frame_000149.jpg,32.45360059125001,33.096723378464596,149,True,0.054031243877567234,0.04950618309139162,0.017871166314952197,0.24704866219741392,False,False,False,False,False,0.6840235398379801,0.2003904115531367,0.18,False,False,True,True,True,32.45360059125001,33.096723378464596,32.45360059125001,33.096723378464596,False,False,False,False,0.794187168771744,0.8468012225665881,0.794187168771744,False,both,left,none,none,0,moving_average,4,2.0,peak,16,-1,-1,16,False,0.7656699062934906,False,False,False,False,False,False,False,,,17.126436781609197
frame_000150.jpg,32.478146831693984,33.03038474714942,150,True,0.04614775329937992,0.04857042925806948,0.04482354812110487,0.24901971178391594,False,False,False,False,False,0.6840235398379801,0.2003904115531367,0.18,False,False,True,True,True,32.478146831693984,33.03038474714942,32.478146831693984,33.03038474714942,False,False,False,False,0.7993733237202668,0.8314273778650039,0.7993733237202668,False,both,left,none,none,0,moving_average,4,2.0,peak,16,-1,-1,16,False,0.8005285187384829,False,False,False,False,False,False,False,,,17.24137931034483
frame_000151.jpg,32.51909579918233,33.121625012942765,151,True,0.008973508964487568,0.0006609203914043616,0.002475765953934346,0.013754255299635256,False,False,False,False,False,0.6840235398379801,0.2003904115531367,0.18,False,False,True,True,True,32.51909579918233,33.121625012942765,32.51909579918233,33.121625012942765,False,False,False,False,0.808025063723438,0.8525721263928087,0.808025063723438,False,both,left,none,none,0,moving_average,4,2.0,peak,16,-1,-1,16,False,0.8015101554826586,True,False,False,False,False,False,False,10,,17.35632183908046
frame_000152.jpg,32.467538947386885,33.216279342301206,152,True,0.07131580227952342,0.08471808939775552,0.06725061800158771,0.42276518492648124,False,False,False,False,False,0.6840235398379801,0.2003904115531367,0.18,False,False,True,True,True,32.467538947386885,33.216279342301206,32.467538947386885,33.216279342301206,False,False,False,False,0.7971320790042711,0.8745080773016477,0.7971320790042711,False,both,left,none,none,0,moving_average,4,2.0,peak,16,-1,-1,16,False,0.800330553551118,False,False,False,False,False,False,False,,,17.471264367816094
frame_000153.jpg,32.461397548500265,33.116296835418474,153,True,0.004167606219159815,0.008591551403759601,0.04897257276178984,0.2720698486766102,False,False,False,False,False,0.6840235398379801,0.2003904115531367,0.18,False,False,True,True,True,32.461397548500265,33.116296835418474,32.461397548500265,33.116296835418474,False,False,False,False,0.7958345179256453,0.8513373319423212,0.7958345179256453,False,both,left,none,none,0,moving_average,4,2.0,peak,16,-1,-1,16,False,0.7970634820292654,False,False,False,False,False,False,False,,,17.586206896551726
frame_000154.jpg,32.472706331116456,33.211885685438325,154,True,0.19834123734504625,0.01864903787884421,0.0058737185053774395,0.28996259016469805,False,False,False,False,False,0.6840235398379801,0.2003904115531367,0.18,False,False,True,True,True,32.472706331116456,33.211885685438325,32.472706331116456,33.211885685438325,False,False,False,False,0.7982238491578797,0.873489856139365,0.7982238491578797,False,both,left,none,none,0,moving_average,4,2.0,peak,16,-1,-1,16,False,0.78280260939056,False,False,False,False,False,False,False,,,17.70114942528736
frame_000155.jpg,32.26504742204386,33.03385453198092,155,True,0.0844653749860869,0.027390764419211927,0.01825326323546024,0.13668700117395005,False,False,False,False,False,0.6840235398379801,0.2003904115531367,0.18,False,False,True,True,True,32.26504742204386,33.03385453198092,32.26504742204386,33.03385453198092,False,False,False,False,0.7543494610881554,0.8322314935377253,0.7543494610881554,False,both,left,none,none,0,moving_average,4,2.0,peak,16,-1,-1,16,False,0.7538246551759236,False,False,False,False,False,False,False,,,17.81609195402299
frame_000156.jpg,32.04993674249626,32.71381981169393,156,True,0.030945248251597068,0.011536463486868995,0.0206973696781003,0.11498538710055722,False,False,False,False,False,0.6840235398379801,0.2003904115531367,0.18,False,False,True,True,True,32.04993674249626,32.71381981169393,32.04993674249626,32.71381981169393,False,False,False,False,0.7089006552817357,0.7580640892475866,0.7089006552817357,False,both,left,none,none,0,moving_average,4,2.0,peak,16,-1,-1,16,False,0.724050257217209,False,False,False,False,False,False,False,,,17.931034482758623
frame_000157.jpg,32.04993674249626,32.71381981169393,157,True,0.0,0.0,0.0,0.0,False,False,False,False,False,0.6840235398379801,0.2003904115531367,0.18,False,False,True,True,True,32.04993674249626,32.71381981169393,32.04993674249626,32.71381981169393,False,False,False,False,0.7089006552817357,0.7580640892475866,0.7089006552817357,False,both,left,none,none,0,moving_average,4,2.0,peak,16,-1,-1,16,False,0.707733655656965,False,False,False,False,False,False,False,,,18.045977011494255
frame_000158.jpg,32.0333664006889,32.449672343865146,158,True,0.13967969077392148,0.018697742435684506,0.00803762363561139,0.20420304658960484,False,False,False,False,False,0.6840235398379801,0.2003904115531367,0.18,False,False,True,True,True,32.0333664006889,32.449672343865146,32.0333664006889,32.449672343865146,False,False,False,False,0.7053996564074236,0.6968484435791866,0.7053996564074236,False,both,left,none,none,0,moving_average,4,2.0,peak,16,-1,-1,16,False,0.6844849734352785,False,False,False,False,False,False,False,,,18.160919540229887
frame_000159.jpg,31.719826429856088,32.62943834381289,159,True,0.047677258843276386,0.0434564614631829,0.0752815794410872,0.4182309968949289,False,False,False,False,False,0.6840235398379801,0.2003904115531367,0.18,False,False,True,True,True,31.719826429856088,32.62943834381289,31.719826429856088,32.62943834381289,False,False,False,False,0.6391546086166764,0.7385088533740661,0.6391546086166764,False,both,left,none,none,0,moving_average,4,2.0,peak,16,-1,-1,16,False,0.6526328335922909,False,False,False,False,False,False,False,,,18.27586206896552
frame_000160.jpg,31.597665093653344,32.23632971288058,160,True,0.06910620945239336,0.09009863178537622,0.09197131173261519,0.5109517318478622,False,False,False,False,False,0.6840235398379801,0.2003904115531367,0.18,False,False,True,True,True,31.597665093653344,32.23632971288058,31.597665093653344,32.23632971288058,False,False,False,False,0.6133442357527727,0.6474067169116405,0.6133442357527727,False,both,left,none,none,0,moving_average,4,2.0,peak,16,-1,-1,16,False,0.6104171578844485,False,False,False,False,False,False,False,,,18.390804597701152
frame_000161.jpg,31.433941892523336,32.220926861478944,161,True,0.03954461481854843,0.03552287126348237,0.011466251182461137,0.1772683183200256,False,False,False,False,False,0.6840235398379801,0.2003904115531367,0.18,False,False,True,True,True,31.433941892523336,32.220926861478944,31.433941892523336,32.220926861478944,False,False,False,False,0.5787526292838965,0.6438371370044922,0.5787526292838965,False,both,left,none,none,0,moving_average,4,2.0,peak,16,-1,-1,16,False,0.5902831647735218,False,False,False,False,False,False,False,,,18.505747126436784
frame_000162.jpg,31.433941892523336,32.220926861478944,162,True,0.0,0.0,0.0,0.0,False,False,False,False,False,0.6840235398379801,0.2003904115531367,0.18,False,False,True,True,True,31.433941892523336,32.220926861478944,31.433941892523336,32.220926861478944,False,False,False,False,0.5787526292838965,0.6438371370044922,0.5787526292838965,False,both,left,none,none,0,moving_average,4,2.0,peak,16,-1,-1,16,False,0.6230425970064293,False,False,False,False,False,False,False,,,18.620689655172416
frame_000163.jpg,32.062819475876005,32.77022109712163,163,True,0.189493937103912,0.05298301668600396,0.008135493977431393,0.2770283858195817,False,False,False,False,False,0.6840235398379801,0.2003904115531367,0.18,False,False,True,True,True,32.062819475876005,32.77022109712163,32.062819475876005,32.77022109712163,False,False,False,False,0.7116225324514951,0.7711349739786192,0.7116225324514951,False,both,left,none,none,0,moving_average,4,2.0,peak,16,-1,-1,16,False,0.7118909326777021,False,False,False,False,False,False,False,,,18.73563218390805
frame_000164.jpg,32.695508100290745,33.18368665929774,164,True,0.05509387536852206,0.02675167903745114,0.03592288448702627,0.19957158048347928,False,False,False,False,False,0.6840235398379801,0.2003904115531367,0.18,False,False,True,True,True,32.695508100290745,33.18368665929774,32.695508100290745,33.18368665929774,False,False,False,False,0.8452976362977148,0.8669547884114593,0.8452976362977148,False,both,left,none,none,0,moving_average,4,2.0,peak,16,-1,-1,16,False,0.7964425166327267,False,False,False,False,False,False,False,,,18.85057471264368
frame_000165.jpg,32.634498102439565,33.09785128299108,165,True,0.06098669465094834,0.05560099584591387,0.03823311318636494,0.27746335473326966,False,False,False,False,False,0.6840235398379801,0.2003904115531367,0.18,False,False,True,True,True,32.634498102439565,33.09785128299108,32.634498102439565,33.09785128299108,False,False,False,False,0.8324073811489704,0.8470626121775072,0.8324073811489704,False,both,left,none,none,0,moving_average,4,2.0,peak,16,-1,-1,16,False,0.8358805259008413,True,False,False,False,False,False,False,11,,18.965517241379313
frame_000166.jpg,32.62280362660172,33.228546904948345,166,True,0.006881343366814855,0.025887498661333035,0.03913865380521517,0.2174369655845287,False,False,False,False,False,0.6840235398379801,0.2003904115531367,0.18,False,False,True,True,True,32.62280362660172,33.228546904948345,32.62280362660172,33.228546904948345,False,False,False,False,0.8299365602558387,0.8773510603307674,0.8299365602558387,False,both,left,none,none,0,moving_average,4,2.0,peak,16,-1,-1,16,False,0.8307882666056023,False,False,False,False,False,False,False,,,19.080459770114945
frame_000167.jpg,32.62320261252301,33.152047885063666,167,True,0.005064035563374314,0.005918881904277775,0.04073958600864867,0.22633103338138152,False,False,False,False,False,0.6840235398379801,0.2003904115531367,0.18,False,False,True,True,True,32.62320261252301,33.152047885063666,32.62320261252301,33.152047885063666,False,False,False,False,0.8300208584119981,0.8596225659645985,0.8300208584119981,False,both,left,none,none,0,moving_average,4,2.0,peak,16,-1,-1,16,False,0.8299927590266116,False,False,False,False,False,False,False,,,19.195402298850578
frame_000168.jpg,32.62320261252301,33.152047885063666,168,True,0.0,0.0,0.0,0.0,False,False,False,False,False,0.6840235398379801,0.2003904115531367,0.18,False,False,True,True,True,32.62320261252301,33.152047885063666,32.62320261252301,33.152047885063666,False,False,False,False,0.8300208584119981,0.8596225659645985,0.8300208584119981,False,both,left,none,none,0,moving_average,4,2.0,peak,16,-1,-1,16,False,0.8170071540997179,False,False,False,False,False,False,False,,,19.31034482758621
frame_000169.jpg,32.43841975222281,33.01419507371157,169,True,0.22761187963098048,0.059913627041077465,0.0325478831175232,0.33275445415941873,False,False,False,False,False,0.6840235398379801,0.2003904115531367,0.18,False,False,True,True,True,32.43841975222281,33.01419507371157,32.43841975222281,33.01419507371157,False,False,False,False,0.7909797454751575,0.8276754535296893,0.7909797454751575,False,both,left,none,none,0,moving_average,4,2.0,peak,16,-1,-1,16,False,0.765530829734576,False,False,False,False,False,False,False,,,19.425287356321842
frame_000170.jpg,31.892285248359773,32.453313760426184,170,True,0.1197458910495861,0.03632529861938604,0.017091117734046705,0.1812726384353665,False,False,False,False,False,0.6840235398379801,0.2003904115531367,0.18,False,False,True,True,True,31.892285248359773,32.453313760426184,31.892285248359773,32.453313760426184,False,False,False,False,0.6755918853165724,0.6976923345608562,0.6755918853165724,False,both,left,none,none,0,moving_average,4,2.0,peak,16,-1,-1,16,False,0.6981932737152561,False,False,False,False,False,False,False,,,19.540229885057474
frame_000171.jpg,31.667070068837265,32.38789042494596,171,True,0.03369660029773382,0.10371782457097542,0.002405667353660441,0.5175787791796266,False,False,False,False,False,0.6840235398379801,0.2003904115531367,0.18,False,False,True,True,True,31.667070068837265,32.38789042494596,31.667070068837265,32.38789042494596,False,False,False,False,0.6280081903540384,0.6825306078325187,0.6280081903540384,False,both,left,none,none,0,moving_average,4,2.0,peak,16,-1,-1,16,False,0.6438694220082164,False,False,False,False,False,False,False,,,19.655172413793107
frame_000172.jpg,31.667070068837265,32.38789042494596,172,True,0.0,0.0,0.0,0.0,False,False,False,False,False,0.6840235398379801,0.2003904115531367,0.18,False,False,True,True,True,31.667070068837265,32.38789042494596,31.667070068837265,32.38789042494596,False,False,False,False,0.6280081903540384,0.6825306078325187,0.6280081903540384,False,both,left,none,none,0,moving_average,4,2.0,peak,16,-1,-1,16,False,0.6433306002962847,False,False,False,False,False,False,False,,,19.77011494252874
frame_000173.jpg,31.884634466174056,32.47951068681948,173,True,0.09905847871216987,0.01612376086626082,0.014885585225775703,0.14481735341393828,False,False,False,False,False,0.6840235398379801,0.2003904115531367,0.18,False,False,True,True,True,31.884634466174056,32.47951068681948,31.884634466174056,32.47951068681948,False,False,False,False,0.6739754201807774,0.7037634196894582,0.6739754201807774,False,both,left,none,none,0,moving_average,4,2.0,peak,16,-1,-1,16,False,0.6420131813204293,False,False,False,False,False,False,False,,,19.885057471264368
frame_000174.jpg,31.648363907952497,32.30970616012499,174,True,0.049485256530477494,0.04101764991039471,0.04069500690490339,0.22608337169390771,False,False,False,False,False,0.6840235398379801,0.2003904115531367,0.18,False,False,True,True,True,31.648363907952497,32.30970616012499,31.648363907952497,32.30970616012499,False,False,False,False,0.6240559334264721,0.6644115613337386,0.6240559334264721,False,both,left,none,none,0,moving_average,4,2.0,peak,16,-1,-1,16,False,0.6406957623445738,False,False,False,False,False,False,False,,,20.0
frame_000175.jpg,31.648363907952497,32.30970616012499,175,True,0.0,0.0,0.0,0.0,False,False,False,False,False,0.6840235398379801,0.2003904115531367,0.18,False,False,True,True,True,31.648363907952497,32.30970616012499,31.648363907952497,32.30970616012499,False,False,False,False,0.6240559334264721,0.6644115613337386,0.6240559334264721,False,both,left,none,none,0,moving_average,4,2.0,peak,16,-1,-1,16,False,0.616540277257005,False,False,False,False,False,False,False,,,20.114942528735632
frame_000176.jpg,31.541648370953823,32.173193316703504,176,True,0.024725346437282695,0.0036790406606515076,0.006054187030227216,0.036146923310766785,False,False,False,False,False,0.6840235398379801,0.2003904115531367,0.18,False,False,True,True,True,31.541648370953823,32.173193316703504,31.541648370953823,32.173193316703504,False,False,False,False,0.6015089649180709,0.6327749837781587,0.6015089649180709,False,both,left,none,none,0,moving_average,4,2.0,peak,16,-1,-1,16,False,0.6611798786025778,False,False,False,False,False,False,False,,,20.229885057471265
frame_000177.jpg,32.28220597331368,32.73916827978506,177,True,0.2784561891950824,0.01759638246771094,0.008150935918619677,0.4070856819650364,False,False,False,False,False,0.6840235398379801,0.2003904115531367,0.18,False,False,True,True,True,32.28220597331368,32.73916827978506,32.28220597331368,32.73916827978506,False,False,False,False,0.7579747374631906,0.7639385458670581,0.7579747374631906,False,both,left,none,none,0,moving_average,4,2.0,peak,16,-1,-1,16,False,0.7173869500491483,False,False,False,False,False,False,False,,,20.344827586206897
frame_000178.jpg,32.44645361260285,33.057762539799285,178,True,0.07726114914604519,0.02519789524617598,0.024555595740440507,0.1364199763357806,False,False,False,False,False,0.6840235398379801,0.2003904115531367,0.18,False,False,True,True,True,32.44645361260285,33.057762539799285,32.44645361260285,33.057762539799285,False,False,False,False,0.7926771477661835,0.8377721263792065,0.7926771477661835,False,both,left,none,none,0,moving_average,4,2.0,peak,16,-1,-1,16,False,0.7862602271071881,False,False,False,False,False,False,False,,,20.45977011494253
frame_000179.jpg,32.51958676786539,33.16225897050001,179,True,0.0967915520514935,0.03758071477097271,0.024095406403659748,0.18753748984146174,False,False,False,False,False,0.6840235398379801,0.2003904115531367,0.18,False,False,True,True,True,32.51958676786539,33.16225897050001,32.51958676786539,33.16225897050001,False,False,False,False,0.8081287960921905,0.861988964526353,0.8081287960921905,False,both,left,none,none,0,moving_average,4,2.0,peak,16,-1,-1,16,False,0.8072406468469947,False,False,False,False,False,False,False,,,20.57471264367816
frame_000180.jpg,32.580109005132364,33.23533083775303,180,True,0.05463051872013103,0.00653271825202048,0.004112894940899917,0.07986643081475087,False,False,False,False,False,0.6840235398379801,0.2003904115531367,0.18,False,False,True,True,True,32.580109005132364,33.23533083775303,32.580109005132364,33.23533083775303,False,False,False,False,0.8209159966826104,0.8789232231465743,0.8209159966826104,False,both,left,none,none,0,moving_average,4,2.0,peak,16,-1,-1,16,False,0.8094825000902888,True,False,False,False,False,False,False,12,,20.689655172413794
frame_000181.jpg,32.47828590606277,33.24354020278793,181,True,0.0680507273118922,0.009706689920090486,0.028724034033823714,0.1595779668545762,False,False,False,False,False,0.6840235398379801,0.2003904115531367,0.18,False,False,True,True,True,32.47828590606277,33.24354020278793,32.47828590606277,33.24354020278793,False,False,False,False,0.7994027074960656,0.8808257270216627,0.7994027074960656,False,both,left,none,none,0,moving_average,4,2.0,peak,16,-1,-1,16,False,0.8083322853782491,False,False,False,False,False,False,False,,,20.804597701149426
frame_000182.jpg,32.5032547566755,33.10901257294285,182,True,0.09038214335336321,0.01928544343467065,0.027058653204300974,0.1503258511350054,False,False,False,False,False,0.6840235398379801,0.2003904115531367,0.18,False,False,True,True,True,32.5032547566755,33.10901257294285,32.5032547566755,33.10901257294285,False,False,False,False,0.8046781519560714,0.8496492187291659,0.8046781519560714,False,both,left,none,none,0,moving_average,4,2.0,peak,16,-1,-1,16,False,0.7785568203425661,False,False,False,False,False,False,False,,,20.919540229885058
frame_000183.jpg,32.15732426498193,33.07507683080114,183,True,0.14474704516139159,0.1516226294756191,0.003836066169966082,0.7566361499058749,False,False,False,False,False,0.6840235398379801,0.2003904115531367,0.18,False,False,True,True,True,32.15732426498193,33.07507683080114,32.15732426498193,33.07507683080114,False,False,False,False,0.7315896015755617,0.8417846785784803,0.7315896015755617,False,both,left,none,none,0,moving_average,4,2.0,peak,16,-1,-1,16,False,0.7149100598766055,False,False,False,False,False,False,False,,,21.03448275862069
frame_000184.jpg,31.574559329407446,32.24046031147196,184,True,0.14523197069893004,0.06797921978067742,0.005484166738880508,0.3392338947447675,False,False,False,False,False,0.6840235398379801,0.2003904115531367,0.18,False,False,True,True,True,31.574559329407446,32.24046031147196,31.574559329407446,32.24046031147196,False,False,False,False,0.6084624260981835,0.6483639748473186,0.6084624260981835,False,both,left,none,none,0,moving_average,4,2.0,peak,16,-1,-1,16,False,0.6495048179239762,False,False,False,False,False,False,False,,,21.149425287356323
frame_000185.jpg,31.574559329407446,32.24046031147196,185,True,0.0,0.0,0.0,0.0,False,False,False,False,False,0.6840235398379801,0.2003904115531367,0.18,False,False,True,True,True,31.574559329407446,32.24046031147196,31.574559329407446,32.24046031147196,False,False,False,False,0.6084624260981835,0.6483639748473186,0.6084624260981835,False,both,left,none,none,0,moving_average,4,2.0,peak,16,-1,-1,16,False,0.6253480461280921,False,False,False,False,False,False,False,,,21.264367816091955
frame_000186.jpg,31.814319899664486,32.278728545341764,186,True,0.10641251078960708,0.023062628731629783,0.033658808907614975,0.1869933828200832,False,False,False,False,False,0.6840235398379801,0.2003904115531367,0.18,False,False,True,True,True,31.814319899664486,32.278728545341764,31.814319899664486,32.278728545341764,False,False,False,False,0.6591192861879095,0.6572325612630233,0.6591192861879095,False,both,left,none,none,0,moving_average,4,2.0,peak,16,-1,-1,16,False,0.6345545461133718,False,False,False,False,False,False,False,,,21.379310344827587
frame_000187.jpg,31.705283323115246,32.547957453831444,187,True,0.029801959373204297,0.03864302561312665,0.056955414261406434,0.31641896811892467,False,False,False,False,False,0.6840235398379801,0.2003904115531367,0.18,False,False,True,True,True,31.705283323115246,32.547957453831444,31.705283323115246,32.547957453831444,False,False,False,False,0.6360819260540225,0.719625820608886,0.6360819260540225,False,both,left,none,none,0,moving_average,4,2.0,peak,16,-1,-1,16,False,0.6511186311672489,False,False,False,False,False,False,False,,,21.49425287356322
frame_000188.jpg,31.809754393092955,32.46218647266393,188,True,0.01944340917852968,0.06920643955548668,0.06129365669951512,0.345358038935588,False,False,False,False,False,0.6840235398379801,0.2003904115531367,0.18,False,False,True,True,True,31.809754393092955,32.46218647266393,31.809754393092955,32.46218647266393,False,False,False,False,0.6581546812598147,0.6997485678192253,0.6581546812598147,False,both,left,none,none,0,moving_average,4,2.0,peak,16,-1,-1,16,False,0.6639724627699579,False,False,False,False,False,False,False,,,21.60919540229885
frame_000189.jpg,31.996832711725563,32.69576055330356,189,True,0.015806728399862174,0.015077856998267416,0.012615000051903448,0.07524240746553526,False,False,False,False,False,0.6840235398379801,0.2003904115531367,0.18,False,False,True,True,True,31.996832711725563,32.69576055330356,31.996832711725563,32.69576055330356,False,False,False,False,0.6976807809960366,0.7538788923507693,0.6976807809960366,False,both,left,none,none,0,moving_average,4,2.0,peak,16,-1,-1,16,False,0.7049750895214155,False,False,False,False,False,False,False,,,21.724137931034484
frame_000190.jpg,32.28748363051013,32.99582826862853,190,True,0.04733636876062078,0.013384009934012115,0.01283722745263903,0.07131793029243906,False,False,False,False,False,0.6840235398379801,0.2003904115531367,0.18,False,False,True,True,True,32.28748363051013,32.99582826862853,32.28748363051013,32.99582826862853,False,False,False,False,0.7590898063083954,0.823418983303926,0.7590898063083954,False,both,left,none,none,0,moving_average,4,2.0,peak,16,-1,-1,16,False,0.7290316579423944,False,False,False,False,False,False,False,,,21.839080459770116
frame_000191.jpg,32.15133596089,32.9566191515281,191,True,0.07074777365359922,0.047060612326622175,0.011329633753729033,0.23484463134676137,False,False,False,False,False,0.6840235398379801,0.2003904115531367,0.18,False,False,True,True,True,32.15133596089,32.9566191515281,32.15133596089,32.9566191515281,False,False,False,False,0.7303243865227514,0.8143323490873668,0.7303243865227514,False,both,left,none,none,0,moving_average,4,2.0,peak,16,-1,-1,16,False,0.751176035352255,False,False,False,False,False,False,False,,,21.95402298850575
frame_000192.jpg,32.31126289233907,33.07769663313485,192,True,0.07136153070343622,0.07442511941418763,0.03991372873833533,0.37140060164232275,False,False,False,False,False,0.6840235398379801,0.2003904115531367,0.18,False,False,True,True,True,32.31126289233907,33.07769663313485,32.31126289233907,33.07769663313485,False,False,False,False,0.7641139132256182,0.8423918125127934,0.7641139132256182,False,both,left,none,none,0,moving_average,4,2.0,peak,16,-1,-1,16,False,0.7626555135782442,False,False,False,False,False,False,False,,,22.06896551724138
frame_000193.jpg,32.45048186456025,33.17204431387886,193,True,0.17731151275690718,0.06328027604118988,0.01077145270838709,0.3157849497425186,False,False,False,False,False,0.6840235398379801,0.2003904115531367,0.18,False,False,True,True,True,32.45048186456025,33.17204431387886,32.45048186456025,33.17204431387886,False,False,False,False,0.7935282409863633,0.8642566982205152,0.7935282409863633,False,both,left,none,none,0,moving_average,4,2.0,peak,16,-1,-1,16,False,0.7995213676241114,False,False,False,False,False,False,False,,,22.183908045977013
frame_000194.jpg,32.67479782805235,33.23519230642679,194,True,0.10843474570456725,0.04033545993804247,0.015292594761750553,0.20128438095126563,False,False,False,False,False,0.6840235398379801,0.2003904115531367,0.18,False,False,True,True,True,32.67479782805235,33.23519230642679,32.67479782805235,33.23519230642679,False,False,False,False,0.8409219486603529,0.8788911187896749,0.8409219486603529,False,both,left,none,none,0,moving_average,4,2.0,peak,16,-1,-1,16,False,0.8138731416945747,False,False,False,False,False,False,False,,,22.298850574712645
frame_000195.jpg,32.515045136002,33.06959136444666,195,True,0.05091047803968154,0.02763429880116133,0.024062423573038498,0.13790230074872448,False,False,False,False,False,0.6840235398379801,0.2003904115531367,0.18,False,False,True,True,True,32.515045136002,33.06959136444666,32.515045136002,33.06959136444666,False,False,False,False,0.8071692354370079,0.8405134327571901,0.8071692354370079,False,both,left,none,none,0,moving_average,4,2.0,peak,16,-1,-1,16,False,0.8188407211800395,False,False,False,False,False,False,False,,,22.413793103448278
frame_000196.jpg,32.521017011515035,33.20849300171585,196,True,0.09726748690972489,0.022046188375817403,0.0012002850377436506,0.14219903445539894,False,False,False,False,False,0.6840235398379801,0.2003904115531367,0.18,False,False,True,True,True,32.521017011515035,33.20849300171585,32.521017011515035,33.20849300171585,False,False,False,False,0.8084309794427578,0.8727036084939607,0.8084309794427578,False,both,left,none,none,0,moving_average,4,2.0,peak,16,-1,-1,16,False,0.8054862710534488,False,False,False,False,False,False,False,,,22.52873563218391
frame_000197.jpg,32.48517668460904,33.23456444661159,197,True,0.003314889571355215,0.0028201051373567265,0.002081965152354124,0.014073054271905276,False,False,False,False,False,0.6840235398379801,0.2003904115531367,0.18,False,False,True,True,True,32.48517668460904,33.23456444661159,32.48517668460904,33.23456444661159,False,False,False,False,0.800858598280581,0.8787456135372776,0.800858598280581,False,both,left,none,none,0,moving_average,4,2.0,peak,16,-1,-1,16,False,0.8184096751097758,False,False,False,False,False,False,False,,,22.643678160919542
frame_000198.jpg,32.698545814136345,33.197940682502704,198,True,0.022258484701726686,0.035630860480396626,0.02261403567490883,0.17780721245212144,False,False,False,False,False,0.6840235398379801,0.2003904115531367,0.18,False,False,True,True,True,32.698545814136345,33.197940682502704,32.698545814136345,33.197940682502704,False,False,False,False,0.8459394476059888,0.870258129689104,0.8459394476059888,False,both,left,none,none,0,moving_average,4,2.0,peak,16,-1,-1,16,False,0.8150736125683792,False,False,False,False,False,False,False,,,22.758620689655174
frame_000199.jpg,32.473647933215176,33.1449986959911,199,True,0.041636924477020575,0.01782965563769951,0.01942607594806431,0.10792264415591284,False,False,False,False,False,0.6840235398379801,0.2003904115531367,0.18,False,False,True,True,True,32.473647933215176,33.1449986959911,32.473647933215176,33.1449986959911,False,False,False,False,0.7984227918185679,0.8579889305409361,0.7984227918185679,False,both,left,none,none,0,moving_average,4,2.0,peak,16,-1,-1,16,False,0.8194489649075095,True,False,False,False,False,False,False,13,,22.873563218390807
frame_000200.jpg,32.54730274039184,33.336550046611336,200,True,0.05603555197967123,0.08501249032947927,0.051222365834324816,0.42423432174516423,False,False,False,False,False,0.6840235398379801,0.2003904115531367,0.18,False,False,True,True,True,32.54730274039184,33.336550046611336,32.54730274039184,33.336550046611336,False,False,False,False,0.8139846552979719,0.9023805717073484,0.8139846552979719,False,both,left,none,none,0,moving_average,4,2.0,peak,16,-1,-1,16,False,0.7672814301237363,False,False,False,False,False,False,False,,,22.98850574712644
frame_000201.jpg,31.957813885636998,32.91809336972412,201,True,0.20865558965738243,0.0414626386647,0.058067252226229674,0.322595845701276,False,False,False,False,False,0.6840235398379801,0.2003904115531367,0.18,False,False,True,True,True,31.957813885636998,32.91809336972412,31.957813885636998,32.91809336972412,False,False,False,False,0.6894368432546691,0.8054040764546745,0.6894368432546691,False,both,left,none,none,0,moving_average,4,2.0,peak,16,-1,-1,16,False,0.7120239912933264,False,False,False,False,False,False,False,,,23.10344827586207
frame_000202.jpg,31.68904215495793,32.41384884453032,202,True,0.10922549970402562,0.03088640485445817,0.024087033557418085,0.15968090766276422,False,False,False,False,False,0.6840235398379801,0.2003904115531367,0.18,False,False,True,True,True,31.68904215495793,32.41384884453032,31.68904215495793,32.41384884453032,False,False,False,False,0.632650475327338,0.6885464194867043,0.632650475327338,False,both,left,none,none,0,moving_average,4,2.0,peak,16,-1,-1,16,False,0.644696389876642,False,False,False,False,False,False,False,,,23.218390804597703
frame_000203.jpg,31.591311543082504,32.20638841429418,203,True,0.032629250873755414,0.004859115099310044,0.0005831405289659703,0.047701941487984574,False,False,False,False,False,0.6840235398379801,0.2003904115531367,0.18,False,False,True,True,True,31.591311543082504,32.20638841429418,31.591311543082504,32.20638841429418,False,False,False,False,0.6120018510479192,0.6404678810402139,0.6120018510479192,False,both,left,none,none,0,moving_average,4,2.0,peak,16,-1,-1,16,False,0.6238486889752525,False,False,False,False,False,False,False,,,23.333333333333336
frame_000204.jpg,31.661795341585204,32.22489614312997,204,True,0.09190063305939095,0.009059451885637998,0.028138112241745065,0.15632284578747258,False,False,False,False,False,0.6840235398379801,0.2003904115531367,0.18,False,False,True,True,True,31.661795341585204,32.22489614312997,31.661795341585204,32.22489614312997,False,False,False,False,0.6268937405505004,0.6447570100629183,0.6268937405505004,False,both,left,none,none,0,moving_average,4,2.0,peak,16,-1,-1,16,False,0.6255998075093028,False,False,False,False,False,False,False,,,23.448275862068968
frame_000205.jpg,31.71390645828632,32.251029419674495,205,True,0.01035725065618931,0.009131398160546455,0.016443251992908206,0.09135139996060115,False,False,False,False,False,0.6840235398379801,0.2003904115531367,0.18,False,False,True,True,True,31.71390645828632,32.251029419674495,31.71390645828632,32.251029419674495,False,False,False,False,0.6379038309294889,0.6508133444667787,0.6379038309294889,False,both,left,none,none,0,moving_average,4,2.0,peak,16,-1,-1,16,False,0.6383200658728265,False,False,False,False,False,False,False,,,23.5632183908046
frame_000206.jpg,31.77192773565662,32.12806988890233,206,True,0.03100785584156201,0.05386552873559387,0.03788484437873002,0.26880292484109486,False,False,False,False,False,0.6840235398379801,0.2003904115531367,0.18,False,False,True,True,True,31.77192773565662,32.12806988890233,31.77192773565662,32.12806988890233,False,False,False,False,0.6501626261384906,0.6223177199235203,0.6501626261384906,False,both,left,none,none,0,moving_average,4,2.0,peak,16,-1,-1,16,False,0.6344922276989566,False,False,False,False,False,False,False,,,23.678160919540232
frame_000207.jpg,31.607443492983073,32.09891199966717,207,True,0.04090768675336732,0.08062485300566598,0.028332595967956578,0.4023388763004113,False,False,False,False,False,0.6840235398379801,0.2003904115531367,0.18,False,False,True,True,True,31.607443492983073,32.09891199966717,31.607443492983073,32.09891199966717,False,False,False,False,0.6154102260288907,0.6155604375973659,0.6154102260288907,False,both,left,none,none,0,moving_average,4,2.0,peak,16,-1,-1,16,False,0.6319605973193461,False,False,False,False,False,False,False,,,23.793103448275865
frame_000208.jpg,31.67795959092697,32.14835571439839,208,True,0.029632758862798748,0.030910385056555738,0.002510046740976317,0.1542508187741276,False,False,False,False,False,0.6840235398379801,0.2003904115531367,0.18,False,False,True,True,True,31.67795959092697,32.14835571439839,31.67795959092697,32.14835571439839,False,False,False,False,0.6303089397906568,0.6270189192795661,0.6303089397906568,False,both,left,none,none,0,moving_average,4,2.0,peak,16,-1,-1,16,False,0.6619127852613655,False,False,False,False,False,False,False,,,23.908045977011497
frame_000209.jpg,32.197221781638035,33.044717065079254,209,True,0.18513831209630585,0.029365627495920282,0.004224146591783928,0.27066073214404035,False,False,False,False,False,0.6840235398379801,0.2003904115531367,0.18,False,False,True,True,True,32.197221781638035,33.044717065079254,32.197221781638035,33.044717065079254,False,False,False,False,0.7400191899645493,0.8347488637880426,0.7400191899645493,False,both,left,none,none,0,moving_average,4,2.0,peak,16,-1,-1,16,False,0.728192487140868,False,False,False,False,False,False,False,,,24.02298850574713
frame_000210.jpg,32.54855546227699,32.986123564801765,210,True,0.1655452001377075,0.01134529020900431,0.020257043211444163,0.24201681739917755,False,False,False,False,False,0.6840235398379801,0.2003904115531367,0.18,False,False,True,True,True,32.54855546227699,32.986123564801765,32.54855546227699,32.986123564801765,False,False,False,False,0.8142493316673979,0.8211699376641588,0.8142493316673979,False,both,left,none,none,0,moving_average,4,2.0,peak,16,-1,-1,16,False,0.7990616042042737,False,False,False,False,False,False,False,,,24.13793103448276
frame_000211.jpg,32.68423711527246,33.2249797240589,211,True,0.24029801620976088,0.017022278391558794,0.08031467765525717,0.4461926536403176,False,False,False,False,False,0.6840235398379801,0.2003904115531367,0.18,False,False,True,True,True,32.68423711527246,33.2249797240589,32.68423711527246,33.2249797240589,False,False,False,False,0.8429162909808741,0.8765243733170381,0.8429162909808741,False,both,left,none,none,0,moving_average,4,2.0,peak,16,-1,-1,16,False,0.8224142060977364,False,False,False,False,False,False,False,,,24.252873563218394
frame_000212.jpg,32.528807659861336,33.285460551292964,212,True,0.3453064927210963,0.12150359061218889,0.04752232773007399,0.6063343533778326,False,False,False,False,False,0.6840235398379801,0.2003904115531367,0.18,False,False,True,True,True,32.528807659861336,33.285460551292964,32.528807659861336,33.285460551292964,False,False,False,False,0.8100769956449371,0.8905406836762657,0.8100769956449371,False,both,left,none,none,0,moving_average,4,2.0,peak,16,-1,-1,16,False,0.8151064696393834,False,False,False,False,False,False,False,,,24.367816091954026
frame_000213.jpg,32.44479219759145,33.42140897082256,213,True,0.42966914914787796,0.11519142707678534,0.0018747089279760331,0.6281496529339483,False,False,False,False,False,0.6840235398379801,0.2003904115531367,0.18,False,False,True,True,True,32.44479219759145,33.42140897082256,32.44479219759145,33.42140897082256,False,False,False,False,0.792326122292339,0.9220464571273937,0.792326122292339,False,both,left,none,none,0,moving_average,4,2.0,peak,16,-1,-1,16,False,0.7958943571349012,False,False,False,False,False,False,False,,,24.48275862068966
frame_000214.jpg,32.41144245083265,32.602574513635695,214,True,0.2824291764056688,0.0,0.0,0.41289394290811365,False,False,False,False,False,0.6840235398379801,0.2003904115531367,0.18,False,False,True,True,True,32.41144245083265,32.602574513635695,32.41144245083265,32.602574513635695,False,False,False,False,0.7852799534674278,0.7322832146316596,0.7852799534674278,False,both,left,none,none,0,moving_average,4,2.0,peak,16,-1,-1,16,False,0.8095737041077897,False,False,False,False,False,False,False,,,24.59770114942529
frame_000215.jpg,32.72304204540089,31.46925647313347,215,True,0.32155134471687774,0.0,0.0,0.4700881270738743,False,False,False,False,False,0.6840235398379801,0.2003904115531367,0.18,False,False,True,True,True,32.72304204540089,31.46925647313347,32.72304204540089,31.46925647313347,False,False,False,False,0.8511150365636025,0.4696390327008369,0.8511150365636025,False,both,left,none,none,0,moving_average,4,2.0,peak,16,-1,-1,16,False,0.81758363463345,False,False,False,False,False,False,False,,,24.712643678160923
frame_000216.jpg,32.55852598451487,31.628217148347975,216,True,0.46709441586999245,0.0,0.0,0.6828630721986992,False,False,False,False,True,0.6840235398379801,0.2003904115531367,0.18,False,False,True,True,True,32.55852598451487,31.628217148347975,32.55852598451487,31.628217148347975,False,False,True,True,0.8163559138693196,0.5064778502338072,0.8163559138693196,False,both,left,none,none,0,moving_average,4,2.0,peak,16,-1,-1,16,False,0.831169296980392,True,False,False,False,False,False,False,14,,24.827586206896555
frame_000217.jpg,32.60434659920582,31.951008253310576,217,True,0.7484251387537393,0.40595519250377343,0.0284674351558217,2.025821442041043,True,True,False,True,True,0.6840235398379801,0.2003904115531367,0.18,False,False,True,True,True,32.60434659920582,31.951008253310576,32.60434659920582,31.951008253310576,False,False,True,True,0.8260369405082539,0.5812840411419473,0.8260369405082539,False,both,left,none,none,0,moving_average,4,2.0,peak,16,-1,-1,16,False,0.8219167102179266,False,False,False,False,False,False,False,,,24.942528735632187
frame_000218.jpg,,32.826909527716985,218,True,1.286710915570642,0.6944011914972519,0.23639470571227658,3.4652416056998834,True,True,True,True,True,0.6840235398379801,0.2003904115531367,0.18,True,False,False,True,True,,32.826909527716985,32.591663661036435,32.826909527716985,True,False,False,True,0.8233572762762064,0.7842724040261123,0.8233572762762064,False,right_only,left,none,none,0,moving_average,4,2.0,peak,16,-1,-1,16,False,0.8233572762762058,False,False,False,False,False,False,False,,,25.05747126436782
frame_000219.jpg,,,219,False,,,,0.0,False,False,False,False,True,0.6840235398379801,0.2003904115531367,0.18,True,True,False,False,False,,,32.578980722867044,32.829002760170205,True,True,False,False,0.8206776120441572,0.784757506447162,0.8206776120441572,False,missing,left,none,none,0,moving_average,4,2.0,peak,16,-1,-1,16,False,0.8206776120441577,False,False,False,False,False,False,False,,,25.172413793103452
frame_000220.jpg,,,220,False,,,,0.0,False,False,False,False,False,0.6840235398379801,0.2003904115531367,0.18,True,True,False,False,False,,,32.56629778469766,32.83109599262342,True,True,False,False,0.8179979478121097,0.7852426088682101,0.8179979478121097,False,missing,left,none,none,0,moving_average,4,2.0,peak,16,-1,-1,16,False,0.8179979478121091,False,False,False,False,False,False,False,,,25.287356321839084
frame_000221.jpg,,,221,False,,,,0.0,False,False,False,False,False,0.6840235398379801,0.2003904115531367,0.18,True,True,False,False,False,,,32.55361484652827,32.83318922507664,True,True,False,False,0.8153182835800606,0.7857277112892598,0.8153182835800606,False,missing,left,none,none,0,moving_average,4,2.0,peak,16,-1,-1,16,False,0.8153182835800611,False,False,False,False,False,False,False,,,25.402298850574716
frame_000222.jpg,,,222,False,,,,0.0,False,False,False,False,False,0.6840235398379801,0.2003904115531367,0.18,True,True,False,False,False,,,32.540931908358885,32.83528245752985,True,True,False,False,0.8126386193480131,0.7862128137103078,0.8126386193480131,False,missing,left,none,none,0,moving_average,4,2.0,peak,16,-1,-1,16,False,0.812638619348013,False,False,False,False,False,False,False,,,25.517241379310345
frame_000223.jpg,,,223,False,,,,0.0,False,False,False,False,False,0.6840235398379801,0.2003904115531367,0.18,True,True,False,False,False,,,32.5282489701895,32.83737568998307,True,True,False,False,0.8099589551159655,0.7866979161313575,0.8099589551159655,False,missing,left,none,none,0,moving_average,4,2.0,peak,16,-1,-1,16,False,0.8099589551159649,False,False,False,False,False,False,False,,,25.632183908045977
frame_000224.jpg,,,224,False,,,,0.0,False,False,False,False,False,0.6840235398379801,0.2003904115531367,0.18,True,True,False,False,False,,,32.51556603202011,32.83946892243629,True,True,False,False,0.8072792908839164,0.7871830185524072,0.8072792908839164,False,missing,left,none,none,0,moving_average,4,2.0,peak,16,-1,-1,16,False,0.8072792908839168,False,False,False,False,False,False,False,,,25.74712643678161
frame_000225.jpg,,,225,False,,,,0.0,False,False,False,False,False,0.6840235398379801,0.2003904115531367,0.18,True,True,False,False,False,,,32.50288309385073,32.8415621548895,True,True,False,False,0.8045996266518688,0.7876681209734553,0.8045996266518688,False,missing,left,none,none,0,moving_average,4,2.0,peak,16,-1,-1,16,False,0.8045996266518682,False,False,False,False,False,False,False,,,25.862068965517242
frame_000226.jpg,,,226,False,,,,0.0,False,False,False,False,False,0.6840235398379801,0.2003904115531367,0.18,True,True,False,False,False,,,32.490200155681336,32.84365538734272,True,True,False,False,0.8019199624198197,0.788153223394505,0.8019199624198197,False,missing,left,none,none,0,moving_average,4,2.0,peak,16,-1,-1,16,False,0.8019199624198201,False,False,False,False,False,False,False,,,25.977011494252874
frame_000227.jpg,,,227,False,,,,0.0,False,False,False,False,False,0.6840235398379801,0.2003904115531367,0.18,True,True,False,False,False,,,32.47751721751195,32.84574861979594,True,True,False,False,0.7992402981877721,0.7886383258155547,0.7992402981877721,False,missing,left,none,none,0,moving_average,4,2.0,peak,16,-1,-1,16,False,0.799240298187772,False,False,False,False,False,False,False,,,26.091954022988507
frame_000228.jpg,,,228,False,,,,0.0,False,False,False,False,False,0.6840235398379801,0.2003904115531367,0.18,True,True,False,False,False,,,32.46483427934257,32.847841852249154,True,True,False,False,0.7965606339557245,0.7891234282366028,0.7965606339557245,False,missing,left,none,none,0,moving_average,4,2.0,peak,16,-1,-1,16,False,0.796560633955724,False,False,False,False,False,False,False,,,26.20689655172414
frame_000229.jpg,,,229,False,,,,0.0,False,False,False,False,False,0.6840235398379801,0.2003904115531367,0.18,True,True,False,False,False,,,32.45215134117318,32.84993508470237,True,True,False,False,0.7938809697236755,0.7896085306576525,0.7938809697236755,False,missing,left,none,none,0,moving_average,4,2.0,peak,16,-1,-1,16,False,0.7938809697236759,False,False,False,False,False,False,False,,,26.32183908045977
frame_000230.jpg,,,230,False,,,,0.0,False,False,False,False,False,0.6840235398379801,0.2003904115531367,0.18,True,True,False,False,False,,,32.439468403003794,32.852028317155586,True,True,False,False,0.7912013054916279,0.7900936330787005,0.7912013054916279,False,missing,left,none,none,0,moving_average,4,2.0,peak,16,-1,-1,16,False,0.7912013054916274,False,False,False,False,False,False,False,,,26.436781609195403
frame_000231.jpg,,,231,False,,,,0.0,False,False,False,False,False,0.6840235398379801,0.2003904115531367,0.18,True,True,False,False,False,,,32.4267854648344,32.854121549608806,True,True,False,False,0.7885216412595788,0.7905787354997502,0.7885216412595788,False,missing,left,none,none,0,moving_average,4,2.0,peak,16,-1,-1,16,False,0.7885216412595792,False,False,False,False,False,False,False,,,26.551724137931036
frame_000232.jpg,,,232,False,,,,0.0,False,False,False,False,False,0.6840235398379801,0.2003904115531367,0.18,True,True,False,False,False,,,32.41410252666502,32.856214782062025,True,True,False,False,0.7858419770275312,0.7910638379207999,0.7858419770275312,False,missing,left,none,none,0,moving_average,4,2.0,peak,16,-1,-1,16,False,0.7858419770275312,False,False,False,False,False,False,False,,,26.666666666666668
frame_000233.jpg,,,233,False,,,,0.0,False,False,False,False,False,0.6840235398379801,0.2003904115531367,0.18,True,True,False,False,False,,,32.401419588495635,32.85830801451524,True,True,False,False,0.7831623127954837,0.791548940341848,0.7831623127954837,False,missing,left,none,none,0,moving_average,4,2.0,peak,16,-1,-1,16,False,0.783162312795483,False,False,False,False,False,False,False,,,26.7816091954023
frame_000234.jpg,,,234,False,,,,0.0,False,False,False,False,False,0.6840235398379801,0.2003904115531367,0.18,True,True,False,False,False,,,32.388736650326244,32.86040124696846,True,True,False,False,0.7804826485634345,0.7920340427628977,0.7804826485634345,False,missing,left,none,none,0,moving_average,4,2.0,peak,16,-1,-1,16,False,0.780482648563435,False,False,False,False,False,False,False,,,26.896551724137932
frame_000235.jpg,,,235,False,,,,0.0,False,False,False,False,False,0.6840235398379801,0.2003904115531367,0.18,True,True,False,False,False,,,32.37605371215686,32.86249447942167,True,True,False,False,0.777802984331387,0.7925191451839457,0.777802984331387,False,missing,left,none,none,0,moving_average,4,2.0,peak,16,-1,-1,16,False,0.7778029843313864,False,False,False,False,False,False,False,,,27.011494252873565
frame_000236.jpg,,32.86458771187489,236,True,,,,0.0,False,False,False,False,True,0.6840235398379801,0.2003904115531367,0.18,True,False,False,True,True,,32.86458771187489,32.36337077398747,32.86458771187489,True,False,False,True,0.7751233200993379,0.7930042476049954,0.7751233200993379,False,right_only,left,none,none,0,moving_average,4,2.0,peak,16,-1,-1,16,False,0.7751233200993384,False,False,False,False,False,False,False,,,27.126436781609197
frame_000237.jpg,32.350687835818086,30.74112510737991,237,True,1.5186149053858073,1.8686384456748775,0.5999706650909618,9.324989310575763,True,True,True,True,True,0.6840235398379801,0.2003904115531367,0.18,False,False,True,True,True,32.350687835818086,30.74112510737991,32.350687835818086,30.74112510737991,False,False,True,True,0.7724436558672902,0.30089604965278705,0.7724436558672902,False,both,left,none,none,0,moving_average,4,2.0,peak,16,-1,-1,16,False,0.5158556586555427,False,False,False,False,False,False,False,,,27.24137931034483
frame_000238.jpg,28.694686830344473,33.382632867050916,238,True,0.14758077410833434,0.0,0.0,0.2157539404905433,False,False,False,False,True,0.6840235398379801,0.2003904115531367,0.18,False,False,True,True,True,28.694686830344473,33.382632867050916,28.694686830344473,33.382632867050916,False,False,True,True,0.0,0.9130601728809562,0.0,False,both,left,none,none,0,moving_average,4,2.0,peak,16,-1,-1,16,False,0.5250659205983688,False,False,False,False,False,False,False,,,27.35632183908046
frame_000239.jpg,32.4941481840984,33.64353584084931,239,True,0.8232904273915598,0.0,0.0,1.2035995538787552,True,False,False,True,True,0.6840235398379801,0.2003904115531367,0.18,False,False,True,True,True,32.4941481840984,33.64353584084931,32.4941481840984,33.64353584084931,False,False,True,True,0.8027541059278163,0.9735239135677556,0.8027541059278163,False,both,left,none,none,0,moving_average,4,2.0,peak,16,-1,-1,16,False,0.5529761534281779,False,False,False,False,False,False,False,,,27.471264367816094
frame_000240.jpg,32.74698796145333,33.59219605647834,240,True,0.4036119794440223,0.08611946632796848,0.03907077970571138,0.5900556865917553,False,False,False,False,True,0.6840235398379801,0.2003904115531367,0.18,False,False,True,True,True,32.74698796145333,33.59219605647834,32.74698796145333,33.59219605647834,False,False,True,True,0.8561743543567174,0.9616260215509286,0.8561743543567174,False,both,left,none,none,0,moving_average,4,2.0,peak,16,-1,-1,16,False,0.8533667868753547,False,False,False,False,False,False,False,,,27.586206896551726
frame_000241.jpg,32.95996281355385,33.62204219887215,241,True,0.16250535793016002,0.048372577932535084,0.03481822824638143,0.2413916791607982,False,False,False,False,False,0.6840235398379801,0.2003904115531367,0.18,False,False,True,True,True,32.95996281355385,33.62204219887215,32.95996281355385,33.62204219887215,False,False,False,False,0.9011719003415308,0.9685428051656487,0.9011719003415308,False,both,left,none,none,0,moving_average,4,2.0,peak,16,-1,-1,16,False,0.8811467995776749,False,False,False,False,False,False,False,,,27.70114942528736
frame_000242.jpg,32.8885993014076,33.64673485381374,242,True,0.11868974986667699,0.0035821689594729765,0.03102260514762502,0.1735170545370269,False,False,False,False,False,0.6840235398379801,0.2003904115531367,0.18,False,False,True,True,True,32.8885993014076,33.64673485381374,32.8885993014076,33.64673485381374,False,False,False,False,0.886094144034777,0.9742652784035757,0.886094144034777,False,both,left,none,none,0,moving_average,4,2.0,peak,16,-1,-1,16,False,0.8911200628036948,True,False,False,False,False,False,False,15,,27.81609195402299
frame_000243.jpg,32.8885993014076,33.64673485381374,243,True,0.0,0.0,0.0,0.0,False,False,False,False,False,0.6840235398379801,0.2003904115531367,0.18,False,False,True,True,True,32.8885993014076,33.64673485381374,32.8885993014076,33.64673485381374,False,False,False,False,0.886094144034777,0.9742652784035757,0.886094144034777,False,both,left,none,none,0,moving_average,4,2.0,peak,16,-1,-1,16,False,0.8371952124177644,False,False,False,False,False,False,False,,,27.931034482758623
frame_000244.jpg,32.19427858894998,32.93867744659858,244,True,0.1862913295862938,0.04035236190939791,0.010856916749683983,0.2723463722175692,False,False,False,False,False,0.6840235398379801,0.2003904115531367,0.18,False,False,True,True,True,32.19427858894998,32.93867744659858,32.19427858894998,32.93867744659858,False,False,False,False,0.7393973491837396,0.8101743949692363,0.7393973491837396,False,both,left,none,none,0,moving_average,4,2.0,peak,16,-1,-1,16,False,0.7820712005298448,False,False,False,False,False,False,False,,,28.045977011494255
frame_000245.jpg,32.10588806535624,33.0121586751969,245,True,0.031688746564943346,0.022457602555041874,0.004449246112225653,0.1120692471310529,False,False,False,False,False,0.6840235398379801,0.2003904115531367,0.18,False,False,True,True,True,32.10588806535624,33.0121586751969,32.10588806535624,33.0121586751969,False,False,False,False,0.7207221083710182,0.8272035222598638,0.7207221083710182,False,both,left,none,none,0,moving_average,4,2.0,peak,16,-1,-1,16,False,0.7426427010082772,False,False,False,False,False,False,False,,,28.160919540229887
frame_000246.jpg,32.32875018050318,33.210358948903576,246,True,0.24001084024207783,0.07365464476909618,0.008577361531627529,0.36755573382095424,False,False,False,False,False,0.6840235398379801,0.2003904115531367,0.18,False,False,True,True,True,32.32875018050318,33.210358948903576,32.32875018050318,33.210358948903576,False,False,False,False,0.7678086454700739,0.8731360380107702,0.7678086454700739,False,both,left,none,none,0,moving_average,4,2.0,peak,16,-1,-1,16,False,0.7634981997889532,False,False,False,False,False,False,False,,,28.27586206896552
frame_000247.jpg,32.49040785585241,32.994387648344045,247,True,0.22146980638582897,0.033924373827983204,0.021706729492141322,0.32377512393548175,False,False,False,False,False,0.6840235398379801,0.2003904115531367,0.18,False,False,True,True,True,32.49040785585241,32.994387648344045,32.49040785585241,32.994387648344045,False,False,False,False,0.8019638455257677,0.8230851224435417,0.8019638455257677,False,both,left,none,none,0,moving_average,4,2.0,peak,16,-1,-1,16,False,0.7918377965462019,False,False,False,False,False,False,False,,,28.390804597701152
frame_000248.jpg,32.508284771389974,32.80170913703067,248,True,0.09592263319290327,0.01137139917419187,0.0056383202635937185,0.14023294171370737,False,False,False,False,False,0.6840235398379801,0.2003904115531367,0.18,False,False,True,True,True,32.508284771389974,32.80170913703067,32.508284771389974,32.80170913703067,False,False,False,False,0.8057408986427641,0.7784322640480958,0.8057408986427641,False,both,left,none,none,0,moving_average,4,2.0,peak,16,-1,-1,16,False,0.8143672195186211,False,False,False,False,False,False,False,,,28.505747126436784
frame_000249.jpg,32.6486476607178,33.185665654824355,249,True,0.13138778172739046,0.023547008640181787,0.0050550788454299675,0.19208078973204834,False,False,False,False,False,0.6840235398379801,0.2003904115531367,0.18,False,False,True,True,True,32.6486476607178,33.185665654824355,32.6486476607178,33.185665654824355,False,False,False,False,0.8353969143873319,0.8674134166539796,0.8353969143873319,False,both,left,none,none,0,moving_average,4,2.0,peak,16,-1,-1,16,False,0.8615245523397648,False,False,False,False,False,False,False,,,28.620689655172416
frame_000250.jpg,33.159999436675136,33.46933456195738,250,True,0.07385931107912372,0.015344294817596572,0.01741418459658849,0.1079777328958858,False,False,False,False,False,0.6840235398379801,0.2003904115531367,0.18,False,False,True,True,True,33.159999436675136,33.46933456195738,33.159999436675136,33.46933456195738,False,False,False,False,0.9434358439891984,0.9331531167121807,0.9434358439891984,False,both,left,none,none,0,moving_average,4,2.0,peak,16,-1,-1,16,False,0.9100408476308255,False,False,False,False,False,False,False,,,28.73563218390805
frame_000251.jpg,33.1971723932327,33.45526796143356,251,True,0.09814041491077144,0.014399313645160762,0.017004437053722572,0.14347520106401201,False,False,False,False,False,0.6840235398379801,0.2003904115531367,0.18,False,False,True,True,True,33.1971723932327,33.45526796143356,33.1971723932327,33.45526796143356,False,False,False,False,0.951289784515946,0.9298932102648353,0.951289784515946,False,both,left,none,none,0,moving_average,4,2.0,peak,16,-1,-1,16,False,0.9486718043403635,False,False,False,False,False,False,False,,,28.85057471264368
frame_000252.jpg,33.1971723932327,33.45526796143356,252,True,0.0,0.0,0.0,0.0,False,False,False,False,True,0.6840235398379801,0.2003904115531367,0.18,False,False,True,True,True,33.1971723932327,33.45526796143356,33.1971723932327,33.45526796143356,False,False,True,True,0.951289784515946,0.9298932102648353,0.951289784515946,False,both,left,none,none,0,moving_average,4,2.0,peak,16,-1,-1,16,False,0.9516839149040061,False,False,False,False,False,False,False,,,28.965517241379313
frame_000253.jpg,33.20276868915962,33.57393480748224,253,True,0.7111542817805808,0.02147341689814799,0.037462799400800786,1.0396634623846819,True,False,False,True,True,0.6840235398379801,0.2003904115531367,0.18,False,False,True,True,True,33.20276868915962,33.57393480748224,33.20276868915962,33.57393480748224,False,False,True,True,0.9524721756801263,0.9573940137365189,0.9524721756801263,False,both,left,none,none,0,moving_average,4,2.0,peak,16,-1,-1,16,False,0.9526402595248691,False,False,False,False,False,False,False,,,29.080459770114945
frame_000254.jpg,33.21075162403703,33.65473889877172,254,True,0.29062040463606803,0.06855420086606538,0.007559697705812437,0.4248690106555474,False,False,False,False,True,0.6840235398379801,0.2003904115531367,0.18,False,False,True,True,True,33.21075162403703,33.65473889877172,33.21075162403703,33.65473889877172,False,False,True,True,0.9541588183785352,0.9761201997628034,0.9541588183785352,False,both,left,none,none,0,moving_average,4,2.0,peak,16,-1,-1,16,False,0.9535966041457322,True,False,False,False,False,False,False,16,,29.195402298850578
frame_000255.jpg,33.21075162403703,33.65473889877172,255,True,0.0,0.0,0.0,0.0,False,False,False,False,False,0.6840235398379801,0.2003904115531367,0.18,False,False,True,True,True,33.21075162403703,33.65473889877172,33.21075162403703,33.65473889877172,False,False,False,False,0.9541588183785352,0.9761201997628034,0.9541588183785352,False,both,left,none,none,0,moving_average,4,2.0,peak,16,-1,-1,16,False,0.9338244927564621,False,False,False,False,False,False,False,,,29.31034482758621
frame_000256.jpg,32.92202254578553,33.62441153182132,256,True,0.18274482680970958,0.06792906075957421,0.061427987160525215,0.3412665953362512,False,False,False,False,False,0.6840235398379801,0.2003904115531367,0.18,False,False,True,True,True,32.92202254578553,33.62441153182132,32.92202254578553,33.62441153182132,False,False,False,False,0.893155841512316,0.9690918933226512,0.893155841512316,False,both,left,none,none,0,moving_average,4,2.0,peak,16,-1,-1,16,False,0.9104945994603415,False,False,False,False,False,False,False,,,29.425287356321842
frame_000257.jpg,32.87948818740834,32.89658107146192,257,True,0.5503141393628023,0.09441650681114169,0.028419149107687617,0.8045251476186789,False,False,False,False,False,0.6840235398379801,0.2003904115531367,0.18,False,False,True,True,True,32.87948818740834,32.89658107146192,32.87948818740834,32.89658107146192,False,False,False,False,0.8841691384901735,0.8004186444959419,0.8841691384901735,False,both,left,none,none,0,moving_average,4,2.0,peak,16,-1,-1,16,False,0.879636260259976,False,False,False,False,False,False,False,,,29.540229885057474
frame_000258.jpg,32.77259104771469,32.47406988552793,258,True,0.3307124633348423,0.0,0.0,0.4834811144265237,False,False,False,False,False,0.6840235398379801,0.2003904115531367,0.18,False,False,True,True,True,32.77259104771469,32.47406988552793,32.77259104771469,32.47406988552793,False,False,False,False,0.8615838007774387,0.7025025249068836,0.8615838007774387,False,both,left,none,none,0,moving_average,4,2.0,peak,16,-1,-1,16,False,0.8609107454554974,False,False,False,False,False,False,False,,,29.655172413793107
frame_000259.jpg,32.65613712967844,31.86651098235983,259,True,0.40361764686365664,0.03711112992844336,0.027719976413205148,0.5900639720078328,False,False,False,False,False,0.6840235398379801,0.2003904115531367,0.18,False,False,True,True,True,32.65613712967844,31.86651098235983,32.65613712967844,31.86651098235983,False,False,False,False,0.8369792970988799,0.561701968139376,0.8369792970988799,False,both,left,none,none,0,moving_average,4,2.0,peak,16,-1,-1,16,False,0.818999584343641,False,False,False,False,False,False,False,,,29.77011494252874
frame_000260.jpg,32.28438751177341,29.442749034929257,260,True,0.51455554735895,0.03711112992844321,0.027719976413205148,0.7522483034441025,False,False,False,False,False,0.6840235398379801,0.2003904115531367,0.18,False,False,True,True,True,32.28438751177341,29.442749034929257,32.28438751177341,29.442749034929257,False,False,False,False,0.7584356551546043,0.0,0.7584356551546043,False,both,left,none,none,0,moving_average,4,2.0,peak,16,-1,-1,16,False,,False,False,False,False,False,False,False,,,29.88505747126437
