frame_name,left_temp,right_temp,frame_index,motion_coordinate_valid,motion_center_step_norm,motion_scale_step_log,motion_angle_step_rad,motion_score,motion_center_flag,motion_scale_flag,motion_angle_flag,motion_artifact_raw,motion_artifact,motion_center_threshold,motion_scale_threshold,motion_angle_threshold,left_missing_raw,right_missing_raw,left_quality_valid,right_quality_valid,quality_any_valid,left_temp_motion_filtered,right_temp_motion_filtered,left_temp_used,right_temp_used,left_repaired,right_repaired,left_motion_interpolated,right_motion_interpolated,left_norm,right_norm,fused_norm,fused_repaired,fusion_source,selected_fusion_mode,peak_retune_rule,edge_peak_completion,edge_peak_added,smoothing_method,butterworth_order,butterworth_cutoff_hz,rr_estimator,time_peak_count,spectral_count,autocorr_count,joint_count,joint_adjusted,smoothed_norm,is_peak,source_peak_rejected,quality_peak_rejected,mad_ibi_peak_rejected,motion_peak_rejected,motion_interval_peak_rejected,motion_reconstructed_peak,peak_number,event_source,target_time_seconds
frame_000000.jpg,,,0,False,,,,0.0,False,False,False,False,False,0.32692430459542643,0.12,0.18,True,True,False,False,False,,,32.75515238556642,32.3478208042538,True,True,False,False,0.9237610673433314,0.8846417448337625,0.8846417448337625,False,missing,min,none,none,0,moving_average,4,2.0,peak,15,-1,-1,15,False,,False,False,False,False,False,False,False,,,0.0
frame_000001.jpg,32.75515238556642,32.3478208042538,1,True,,,,0.0,False,False,False,False,False,0.32692430459542643,0.12,0.18,False,False,True,True,True,32.75515238556642,32.3478208042538,32.75515238556642,32.3478208042538,False,False,False,False,0.9237610673433314,0.8846417448337625,0.8846417448337625,False,both,min,none,none,0,moving_average,4,2.0,peak,15,-1,-1,15,False,0.8833578811626441,False,False,False,False,False,False,False,,,0.1149425287356322
frame_000002.jpg,,,2,False,,,,0.0,False,False,False,False,False,0.32692430459542643,0.12,0.18,True,True,False,False,False,,,32.72188310914866,32.32754753546912,True,True,False,False,0.9189888124921631,0.8807901538204076,0.8807901538204076,False,missing,min,none,none,0,moving_average,4,2.0,peak,15,-1,-1,15,False,0.8807901538204076,False,False,False,False,False,False,False,,,0.2298850574712644
frame_000003.jpg,,,3,False,,,,0.0,False,False,False,False,False,0.32692430459542643,0.12,0.18,True,True,False,False,False,,,32.6886138327309,32.307274266684445,True,True,False,False,0.9142165576409939,0.8769385628070527,0.8769385628070527,False,missing,min,none,none,0,moving_average,4,2.0,peak,15,-1,-1,15,False,0.8769385628070527,False,False,False,False,False,False,False,,,0.3448275862068966
frame_000004.jpg,,,4,False,,,,0.0,False,False,False,False,False,0.32692430459542643,0.12,0.18,True,True,False,False,False,,,32.65534455631314,32.28700099789977,True,True,False,False,0.9094443027898246,0.873086971793698,0.873086971793698,False,missing,min,none,none,0,moving_average,4,2.0,peak,15,-1,-1,15,False,0.8730869717936974,False,False,False,False,False,False,False,,,0.4597701149425288
frame_000005.jpg,,,5,False,,,,0.0,False,False,False,False,False,0.32692430459542643,0.12,0.18,True,True,False,False,False,,,32.622075279895384,32.26672772911508,True,True,False,False,0.9046720479386563,0.8692353807803418,0.8692353807803418,False,missing,min,none,none,0,moving_average,4,2.0,peak,15,-1,-1,15,False,0.8692353807803421,False,False,False,False,False,False,False,,,0.574712643678161
frame_000006.jpg,,,6,False,,,,0.0,False,False,False,False,False,0.32692430459542643,0.12,0.18,True,True,False,False,False,,,32.58880600347763,32.246454460330405,True,True,False,False,0.899899793087488,0.8653837897669869,0.8653837897669869,False,missing,min,none,none,0,moving_average,4,2.0,peak,15,-1,-1,15,False,0.8653837897669868,False,False,False,False,False,False,False,,,0.6896551724137931
frame_000007.jpg,,,7,False,,,,0.0,False,False,False,False,False,0.32692430459542643,0.12,0.18,True,True,False,False,False,,,32.55553672705987,32.22618119154573,True,True,False,False,0.8951275382363187,0.8615321987536321,0.8615321987536321,False,missing,min,none,none,0,moving_average,4,2.0,peak,15,-1,-1,15,False,0.8615321987536321,False,False,False,False,False,False,False,,,0.8045977011494253
frame_000008.jpg,,,8,False,,,,0.0,False,False,False,False,False,0.32692430459542643,0.12,0.18,True,True,False,False,False,,,32.522267450642104,32.20590792276105,True,True,False,False,0.8903552833851494,0.8576806077402772,0.8576806077402772,False,missing,min,none,none,0,moving_average,4,2.0,peak,15,-1,-1,15,False,0.8576806077402772,False,False,False,False,False,False,False,,,0.9195402298850576
frame_000009.jpg,,,9,False,,,,0.0,False,False,False,False,False,0.32692430459542643,0.12,0.18,True,True,False,False,False,,,32.48899817422435,32.18563465397637,True,True,False,False,0.8855830285339811,0.8538290167269224,0.8538290167269224,False,missing,min,none,none,0,moving_average,4,2.0,peak,15,-1,-1,15,False,0.8538290167269222,False,False,False,False,False,False,False,,,1.0344827586206897
frame_000010.jpg,,,10,False,,,,0.0,False,False,False,False,False,0.32692430459542643,0.12,0.18,True,True,False,False,False,,,32.455728897806594,32.165361385191694,True,True,False,False,0.8808107736828128,0.8499774257135675,0.8499774257135675,False,missing,min,none,none,0,moving_average,4,2.0,peak,15,-1,-1,15,False,0.8499774257135675,False,False,False,False,False,False,False,,,1.149425287356322
frame_000011.jpg,,,11,False,,,,0.0,False,False,False,False,False,0.32692430459542643,0.12,0.18,True,True,False,False,False,,,32.42245962138883,32.14508811640702,True,True,False,False,0.8760385188316435,0.8461258347002126,0.8461258347002126,False,missing,min,none,none,0,moving_average,4,2.0,peak,15,-1,-1,15,False,0.8461258347002125,False,False,False,False,False,False,False,,,1.264367816091954
frame_000012.jpg,,,12,False,,,,0.0,False,False,False,False,False,0.32692430459542643,0.12,0.18,True,True,False,False,False,,,32.38919034497107,32.12481484762234,True,True,False,False,0.8712662639804742,0.8422742436868578,0.8422742436868578,False,missing,min,none,none,0,moving_average,4,2.0,peak,15,-1,-1,15,False,0.8422742436868572,False,False,False,False,False,False,False,,,1.3793103448275863
frame_000013.jpg,,,13,False,,,,0.0,False,False,False,False,False,0.32692430459542643,0.12,0.18,True,True,False,False,False,,,32.355921068553315,32.104541578837654,True,True,False,False,0.866494009129306,0.8384226526735016,0.8384226526735016,False,missing,min,none,none,0,moving_average,4,2.0,peak,15,-1,-1,15,False,0.838422652673502,False,False,False,False,False,False,False,,,1.4942528735632186
frame_000014.jpg,,,14,False,,,,0.0,False,False,False,False,False,0.32692430459542643,0.12,0.18,True,True,False,False,False,,,32.32265179213556,32.08426831005298,True,True,False,False,0.8617217542781377,0.8345710616601467,0.8345710616601467,False,missing,min,none,none,0,moving_average,4,2.0,peak,15,-1,-1,15,False,0.8345710616601467,False,False,False,False,False,False,False,,,1.6091954022988506
frame_000015.jpg,,,15,False,,,,0.0,False,False,False,False,False,0.32692430459542643,0.12,0.18,True,True,False,False,False,,,32.2893825157178,32.0639950412683,True,True,False,False,0.8569494994269683,0.8307194706467919,0.8307194706467919,False,missing,min,none,none,0,moving_average,4,2.0,peak,15,-1,-1,15,False,0.8307194706467917,False,False,False,False,False,False,False,,,1.7241379310344829
frame_000016.jpg,,,16,False,,,,0.0,False,False,False,False,False,0.32692430459542643,0.12,0.18,True,True,False,False,False,,,32.256113239300035,32.04372177248362,True,True,False,False,0.852177244575799,0.8268678796334371,0.8268678796334371,False,missing,min,none,none,0,moving_average,4,2.0,peak,15,-1,-1,15,False,0.826867879633437,False,False,False,False,False,False,False,,,1.8390804597701151
frame_000017.jpg,,,17,False,,,,0.0,False,False,False,False,False,0.32692430459542643,0.12,0.18,True,True,False,False,False,,,32.22284396288228,32.023448503698944,True,True,False,False,0.8474049897246307,0.8230162886200822,0.8230162886200822,False,missing,min,none,none,0,moving_average,4,2.0,peak,15,-1,-1,15,False,0.8230162886200821,False,False,False,False,False,False,False,,,1.9540229885057472
frame_000018.jpg,,,18,False,,,,0.0,False,False,False,False,False,0.32692430459542643,0.12,0.18,True,True,False,False,False,,,32.189574686464525,32.003175234914266,True,True,False,False,0.8426327348734625,0.8191646976067274,0.8191646976067274,False,missing,min,none,none,0,moving_average,4,2.0,peak,15,-1,-1,15,False,0.8191646976067272,False,False,False,False,False,False,False,,,2.0689655172413794
frame_000019.jpg,,,19,False,,,,0.0,False,False,False,False,False,0.32692430459542643,0.12,0.18,True,True,False,False,False,,,32.15630541004676,31.982901966129585,True,True,False,False,0.8378604800222932,0.8153131065933719,0.8153131065933719,False,missing,min,none,none,0,moving_average,4,2.0,peak,15,-1,-1,15,False,0.8153131065933721,False,False,False,False,False,False,False,,,2.1839080459770117
frame_000020.jpg,,,20,False,,,,0.0,False,False,False,False,False,0.32692430459542643,0.12,0.18,True,True,False,False,False,,,32.123036133629,31.962628697344908,True,True,False,False,0.8330882251711239,0.811461515580017,0.811461515580017,False,missing,min,none,none,0,moving_average,4,2.0,peak,15,-1,-1,15,False,0.8114615155800169,False,False,False,False,False,False,False,,,2.298850574712644
frame_000021.jpg,,,21,False,,,,0.0,False,False,False,False,False,0.32692430459542643,0.12,0.18,True,True,False,False,False,,,32.089766857211245,31.94235542856023,True,True,False,False,0.8283159703199555,0.8076099245666621,0.8076099245666621,False,missing,min,none,none,0,moving_average,4,2.0,peak,15,-1,-1,15,False,0.8076099245666619,False,False,False,False,False,False,False,,,2.4137931034482762
frame_000022.jpg,,,22,False,,,,0.0,False,False,False,False,False,0.32692430459542643,0.12,0.18,True,True,False,False,False,,,32.05649758079349,31.92208215977555,True,True,False,False,0.8235437154687872,0.8037583335533066,0.8037583335533066,False,missing,min,none,none,0,moving_average,4,2.0,peak,15,-1,-1,15,False,0.8037583335533067,False,False,False,False,False,False,False,,,2.528735632183908
frame_000023.jpg,,,23,False,,,,0.0,False,False,False,False,False,0.32692430459542643,0.12,0.18,True,True,False,False,False,,,32.02322830437573,31.90180889099087,True,True,False,False,0.818771460617618,0.7999067425399518,0.7999067425399518,False,missing,min,none,none,0,moving_average,4,2.0,peak,15,-1,-1,15,False,0.7999067425399516,False,False,False,False,False,False,False,,,2.6436781609195403
frame_000024.jpg,,,24,False,,,,0.0,False,False,False,False,False,0.32692430459542643,0.12,0.18,True,True,False,False,False,,,31.98995902795797,31.881535622206194,True,True,False,False,0.8139992057664492,0.7960551515265969,0.7960551515265969,False,missing,min,none,none,0,moving_average,4,2.0,peak,15,-1,-1,15,False,0.7960551515265969,False,False,False,False,False,False,False,,,2.7586206896551726
frame_000025.jpg,,,25,False,,,,0.0,False,False,False,False,False,0.32692430459542643,0.12,0.18,True,True,False,False,False,,,31.95668975154021,31.861262353421516,True,True,False,False,0.8092269509152804,0.792203560513242,0.792203560513242,False,missing,min,none,none,0,moving_average,4,2.0,peak,15,-1,-1,15,False,0.7922035605132418,False,False,False,False,False,False,False,,,2.873563218390805
frame_000026.jpg,,,26,False,,,,0.0,False,False,False,False,False,0.32692430459542643,0.12,0.18,True,True,False,False,False,,,31.92342047512245,31.840989084636835,True,True,False,False,0.8044546960641116,0.7883519694998865,0.7883519694998865,False,missing,min,none,none,0,moving_average,4,2.0,peak,15,-1,-1,15,False,0.7883519694998866,False,False,False,False,False,False,False,,,2.988505747126437
frame_000027.jpg,,,27,False,,,,0.0,False,False,False,False,False,0.32692430459542643,0.12,0.18,True,True,False,False,False,,,31.890151198704693,31.820715815852157,True,True,False,False,0.7996824412129429,0.7845003784865316,0.7845003784865316,False,missing,min,none,none,0,moving_average,4,2.0,peak,15,-1,-1,15,False,0.7845003784865316,False,False,False,False,False,False,False,,,3.1034482758620694
frame_000028.jpg,,,28,False,,,,0.0,False,False,False,False,False,0.32692430459542643,0.12,0.18,True,True,False,False,False,,,31.856881922286934,31.80044254706748,True,True,False,False,0.794910186361774,0.7806487874731769,0.7806487874731769,False,missing,min,none,none,0,moving_average,4,2.0,peak,15,-1,-1,15,False,0.7806487874731768,False,False,False,False,False,False,False,,,3.218390804597701
frame_000029.jpg,,,29,False,,,,0.0,False,False,False,False,False,0.32692430459542643,0.12,0.18,True,True,False,False,False,,,31.823612645869176,31.780169278282802,True,True,False,False,0.7901379315106052,0.776797196459822,0.776797196459822,False,missing,min,none,none,0,moving_average,4,2.0,peak,15,-1,-1,15,False,0.7767971964598218,False,False,False,False,False,False,False,,,3.3333333333333335
frame_000030.jpg,,,30,False,,,,0.0,False,False,False,False,False,0.32692430459542643,0.12,0.18,True,True,False,False,False,,,31.790343369451417,31.75989600949812,True,True,False,False,0.7853656766594365,0.7729456054464665,0.7729456054464665,False,missing,min,none,none,0,moving_average,4,2.0,peak,15,-1,-1,15,False,0.7729456054464667,False,False,False,False,False,False,False,,,3.4482758620689657
frame_000031.jpg,31.75707409303366,31.739622740713443,31,True,,,,0.0,False,False,False,False,True,0.32692430459542643,0.12,0.18,False,False,True,True,True,31.75707409303366,31.739622740713443,31.75707409303366,31.739622740713443,False,False,True,True,0.7805934218082676,0.7690940144331117,0.7690940144331117,False,both,min,none,none,0,moving_average,4,2.0,peak,15,-1,-1,15,False,0.7719136127223061,False,False,False,False,False,False,False,,,3.563218390804598
frame_000032.jpg,31.709025815811202,32.00302029045945,32,True,0.7150740209698232,0.045614084641857275,0.014199770941844927,2.1872770268785544,True,False,False,True,True,0.32692430459542643,0.12,0.18,False,False,True,True,True,31.709025815811202,32.00302029045945,31.709025815811202,32.00302029045945,False,False,True,True,0.7737012182873406,0.8191352606828615,0.7737012182873406,False,both,min,none,none,0,moving_average,4,2.0,peak,15,-1,-1,15,False,0.7627559802634923,False,False,False,False,False,False,False,,,3.6781609195402303
frame_000033.jpg,31.512233704205638,32.0333840608478,33,True,0.660401136947695,0.07368101630926124,0.007874969348959864,2.0200429508138007,True,False,False,True,True,0.32692430459542643,0.12,0.18,False,False,True,True,True,31.512233704205638,32.0333840608478,31.512233704205638,32.0333840608478,False,False,True,True,0.7454727080700249,0.8249038827241043,0.7454727080700249,False,both,min,none,none,0,moving_average,4,2.0,peak,15,-1,-1,15,False,0.761387129160821,False,False,False,False,False,False,False,,,3.7931034482758625
frame_000034.jpg,31.64827876756903,32.03985358603555,34,True,0.3561163620975765,0.0322298892447361,0.00864371317684923,1.0892930170434274,True,False,False,True,True,0.32692430459542643,0.12,0.18,False,False,True,True,True,31.64827876756903,32.03985358603555,31.64827876756903,32.03985358603555,False,False,True,True,0.7649874611250973,0.8261329871836984,0.7649874611250973,False,both,min,none,none,0,moving_average,4,2.0,peak,15,-1,-1,15,False,0.7895780001650419,False,False,False,False,False,False,False,,,3.9080459770114944
frame_000035.jpg,32.298614957095495,32.29188415579851,35,True,0.9281438705875098,0.027406580109347427,0.008394942115792411,2.839017648859424,True,False,False,True,True,0.32692430459542643,0.12,0.18,False,False,True,True,True,32.298614957095495,32.29188415579851,32.298614957095495,32.29188415579851,False,False,True,True,0.8582738313000033,0.8740146922949827,0.8582738313000033,False,both,min,none,none,0,moving_average,4,2.0,peak,15,-1,-1,15,False,0.8531578809887356,False,False,False,False,False,False,False,,,4.022988505747127
frame_000036.jpg,32.84195520632548,32.955021544261626,36,True,0.8572188955123968,0.0,0.0,2.6220714809601495,True,False,False,True,True,0.32692430459542643,0.12,0.18,False,False,True,True,True,32.84195520632548,32.955021544261626,32.84195520632548,32.955021544261626,False,False,True,True,0.9362123505411063,1.0,0.9362123505411063,False,both,min,none,none,0,moving_average,4,2.0,peak,15,-1,-1,15,False,0.8978231859565977,True,False,False,False,False,False,False,1,,4.137931034482759
frame_000037.jpg,33.286644144379004,32.42330954202923,37,True,1.1765647080509773,0.0,0.0,3.5988902981899535,True,False,False,True,True,0.32692430459542643,0.12,0.18,False,False,True,True,True,33.286644144379004,32.42330954202923,33.286644144379004,32.42330954202923,False,False,True,True,1.0,0.8989833760286833,0.8989833760286833,False,both,min,none,none,0,moving_average,4,2.0,peak,15,-1,-1,15,False,0.887189099262412,False,False,False,False,False,False,False,,,4.252873563218391
frame_000038.jpg,32.5041770473041,32.04110939908193,38,True,0.4275876975368032,0.3350475716327608,0.15156537945865145,2.7920630969396734,True,True,False,True,True,0.32692430459542643,0.12,0.18,False,False,True,True,True,32.5041770473041,32.04110939908193,32.5041770473041,32.04110939908193,False,False,True,True,0.8877603362030904,0.8263715712174465,0.8263715712174465,False,both,min,none,none,0,moving_average,4,2.0,peak,15,-1,-1,15,False,0.8479657803772193,False,False,False,False,False,False,False,,,4.367816091954023
frame_000039.jpg,,,39,False,,,,0.0,False,False,False,False,True,0.32692430459542643,0.12,0.18,True,True,False,False,False,,,32.43285093992133,31.999899671501165,True,True,False,False,0.8775290838699107,0.8185423938855282,0.8185423938855282,False,missing,min,none,none,0,moving_average,4,2.0,peak,15,-1,-1,15,False,0.818542393885528,False,False,False,False,False,False,False,,,4.482758620689656
frame_000040.jpg,,,40,False,,,,0.0,False,False,False,False,False,0.32692430459542643,0.12,0.18,True,True,False,False,False,,,32.361524832538564,31.958689943920394,True,True,False,False,0.8672978315367309,0.8107132165536092,0.8107132165536092,False,missing,min,none,none,0,moving_average,4,2.0,peak,15,-1,-1,15,False,0.8107132165536094,False,False,False,False,False,False,False,,,4.597701149425288
frame_000041.jpg,32.2901987251558,31.917480216339627,41,True,,,,0.0,False,False,False,False,True,0.32692430459542643,0.12,0.18,False,False,True,True,True,32.2901987251558,31.917480216339627,32.2901987251558,31.917480216339627,False,False,True,True,0.8570665792035512,0.8028840392216908,0.8028840392216908,False,both,min,none,none,0,moving_average,4,2.0,peak,15,-1,-1,15,False,0.6387838620721658,False,False,False,False,False,False,False,,,4.71264367816092
frame_000042.jpg,28.42586875935199,31.77035509163964,42,True,0.6574451976466993,0.329019491408691,0.0982382125385993,2.741829095072425,True,True,False,True,True,0.32692430459542643,0.12,0.18,False,False,True,True,True,28.42586875935199,31.77035509163964,28.42586875935199,31.77035509163964,False,False,True,True,0.30275433044119715,0.7749326607759288,0.30275433044119715,False,both,min,none,none,0,moving_average,4,2.0,peak,15,-1,-1,15,False,0.47821446693175573,False,False,False,False,False,False,False,,,4.8275862068965525
frame_000043.jpg,,,43,False,,,,0.0,False,False,False,False,True,0.32692430459542643,0.12,0.18,True,True,False,False,False,,,28.608872778351707,31.817859801514693,True,True,False,False,0.3290050311323794,0.7839577822593016,0.3290050311323794,False,missing,min,none,none,0,moving_average,4,2.0,peak,15,-1,-1,15,False,0.32900503113237933,False,False,False,False,False,False,False,,,4.942528735632185
frame_000044.jpg,,,44,False,,,,0.0,False,False,False,False,False,0.32692430459542643,0.12,0.18,True,True,False,False,False,,,28.791876797351424,31.865364511389743,True,True,False,False,0.35525573182356157,0.7929829037426736,0.35525573182356157,False,missing,min,none,none,0,moving_average,4,2.0,peak,15,-1,-1,15,False,0.3552557318235615,False,False,False,False,False,False,False,,,5.057471264367816
frame_000045.jpg,,,45,False,,,,0.0,False,False,False,False,False,0.32692430459542643,0.12,0.18,True,True,False,False,False,,,28.974880816351142,31.912869221264796,True,True,False,False,0.38150643251474375,0.8020080252260463,0.38150643251474375,False,missing,min,none,none,0,moving_average,4,2.0,peak,15,-1,-1,15,False,0.3815064325147437,False,False,False,False,False,False,False,,,5.172413793103448
frame_000046.jpg,,,46,False,,,,0.0,False,False,False,False,False,0.32692430459542643,0.12,0.18,True,True,False,False,False,,,29.15788483535086,31.960373931139845,True,True,False,False,0.40775713320592594,0.8110331467094183,0.40775713320592594,False,missing,min,none,none,0,moving_average,4,2.0,peak,15,-1,-1,15,False,0.40775713320592594,False,False,False,False,False,False,False,,,5.287356321839081
frame_000047.jpg,,,47,False,,,,0.0,False,False,False,False,False,0.32692430459542643,0.12,0.18,True,True,False,False,False,,,29.340888854350577,32.0078786410149,True,True,False,False,0.4340078338971082,0.820058268192791,0.4340078338971082,False,missing,min,none,none,0,moving_average,4,2.0,peak,15,-1,-1,15,False,0.434007833897108,False,False,False,False,False,False,False,,,5.402298850574713
frame_000048.jpg,,,48,False,,,,0.0,False,False,False,False,False,0.32692430459542643,0.12,0.18,True,True,False,False,False,,,29.52389287335029,32.05538335088995,True,True,False,False,0.46025853458828986,0.829083389676163,0.46025853458828986,False,missing,min,none,none,0,moving_average,4,2.0,peak,15,-1,-1,15,False,0.46025853458829,False,False,False,False,False,False,False,,,5.517241379310345
frame_000049.jpg,,,49,False,,,,0.0,False,False,False,False,False,0.32692430459542643,0.12,0.18,True,True,False,False,False,,,29.70689689235001,32.102888060765,True,True,False,False,0.48650923527947204,0.8381085111595351,0.48650923527947204,False,missing,min,none,none,0,moving_average,4,2.0,peak,15,-1,-1,15,False,0.48650923527947204,False,False,False,False,False,False,False,,,5.6321839080459775
frame_000050.jpg,,,50,False,,,,0.0,False,False,False,False,False,0.32692430459542643,0.12,0.18,True,True,False,False,False,,,29.889900911349727,32.15039277064005,True,True,False,False,0.5127599359706543,0.8471336326429085,0.5127599359706543,False,missing,min,none,none,0,moving_average,4,2.0,peak,15,-1,-1,15,False,0.5127599359706543,False,False,False,False,False,False,False,,,5.74712643678161
frame_000051.jpg,,,51,False,,,,0.0,False,False,False,False,False,0.32692430459542643,0.12,0.18,True,True,False,False,False,,,30.072904930349445,32.1978974805151,True,True,False,False,0.5390106366618365,0.8561587541262805,0.5390106366618365,False,missing,min,none,none,0,moving_average,4,2.0,peak,15,-1,-1,15,False,0.5390106366618364,False,False,False,False,False,False,False,,,5.862068965517242
frame_000052.jpg,,,52,False,,,,0.0,False,False,False,False,False,0.32692430459542643,0.12,0.18,True,True,False,False,False,,,30.255908949349163,32.24540219039015,True,True,False,False,0.5652613373530186,0.8651838756096526,0.5652613373530186,False,missing,min,none,none,0,moving_average,4,2.0,peak,15,-1,-1,15,False,0.5652613373530186,False,False,False,False,False,False,False,,,5.977011494252874
frame_000053.jpg,,,53,False,,,,0.0,False,False,False,False,False,0.32692430459542643,0.12,0.18,True,True,False,False,False,,,30.43891296834888,32.2929069002652,True,True,False,False,0.5915120380442008,0.8742089970930246,0.5915120380442008,False,missing,min,none,none,0,moving_average,4,2.0,peak,15,-1,-1,15,False,0.5915120380442007,False,False,False,False,False,False,False,,,6.0919540229885065
frame_000054.jpg,,,54,False,,,,0.0,False,False,False,False,False,0.32692430459542643,0.12,0.18,True,True,False,False,False,,,30.621916987348598,32.34041161014026,True,True,False,False,0.617762738735383,0.883234118576398,0.617762738735383,False,missing,min,none,none,0,moving_average,4,2.0,peak,15,-1,-1,15,False,0.617762738735383,False,False,False,False,False,False,False,,,6.206896551724139
frame_000055.jpg,30.804921006348316,32.38791632001531,55,True,,,,0.0,False,False,False,False,True,0.32692430459542643,0.12,0.18,False,False,True,True,True,30.804921006348316,32.38791632001531,30.804921006348316,32.38791632001531,False,False,True,True,0.6440134394265652,0.89225924005977,0.6440134394265652,False,both,min,none,none,0,moving_average,4,2.0,peak,15,-1,-1,15,False,0.6393958243657275,True,False,False,False,False,False,False,2,,6.321839080459771
frame_000056.jpg,30.89135136155123,32.48689094618872,56,True,0.7704386545825448,0.0,0.0,2.356627034921658,True,False,False,True,True,0.32692430459542643,0.12,0.18,False,False,True,True,True,30.89135136155123,32.48689094618872,30.89135136155123,32.48689094618872,False,False,True,True,0.6564112949352344,0.9110628076920306,0.6564112949352344,False,both,min,none,none,0,moving_average,4,2.0,peak,15,-1,-1,15,False,0.5492978404221356,False,False,False,False,False,False,False,,,6.436781609195402
frame_000057.jpg,28.737590923893702,32.39211120884827,57,True,0.20112556713283752,0.0,0.0,0.6152053068728962,False,False,False,False,True,0.32692430459542643,0.12,0.18,False,False,True,True,True,28.737590923893702,32.39211120884827,28.737590923893702,32.39211120884827,False,False,True,True,0.3474687869046073,0.8930562006438113,0.3474687869046073,False,both,min,none,none,0,moving_average,4,2.0,peak,15,-1,-1,15,False,0.4504496229148164,False,False,False,False,False,False,False,,,6.551724137931035
frame_000058.jpg,28.737590923893702,32.39211120884827,58,True,0.0,0.0,0.0,0.0,False,False,False,False,False,0.32692430459542643,0.12,0.18,False,False,True,True,True,28.737590923893702,32.39211120884827,28.737590923893702,32.39211120884827,False,False,False,False,0.3474687869046073,0.8930562006438113,0.3474687869046073,False,both,min,none,none,0,moving_average,4,2.0,peak,15,-1,-1,15,False,0.23164585793640485,False,False,False,False,False,False,False,,,6.666666666666667
frame_000059.jpg,26.315248555643723,32.616553854932,59,True,0.05613785207190848,0.0,0.0,0.17171513797782606,False,False,False,False,False,0.32692430459542643,0.12,0.18,False,False,True,True,True,26.315248555643723,32.616553854932,26.315248555643723,32.616553854932,False,False,False,False,0.0,0.9356966493968526,0.0,False,both,min,none,none,0,moving_average,4,2.0,peak,15,-1,-1,15,False,0.2550692817023427,False,False,False,False,False,False,False,,,6.781609195402299
frame_000060.jpg,,,60,False,,,,0.0,False,False,False,False,False,0.32692430459542643,0.12,0.18,True,True,False,False,False,,,29.22747278323851,32.30625121561985,True,True,False,False,0.4177390582024209,0.8767441997604006,0.4177390582024209,False,missing,min,none,none,0,moving_average,4,2.0,peak,15,-1,-1,15,False,0.4118436027754563,False,False,False,False,False,False,False,,,6.8965517241379315
frame_000061.jpg,32.1396970108333,31.9959485763077,61,True,,,,0.0,False,False,False,False,False,0.32692430459542643,0.12,0.18,False,False,True,True,True,32.1396970108333,31.9959485763077,32.1396970108333,31.9959485763077,False,False,False,False,0.8354781164048423,0.817791750123948,0.817791750123948,False,both,min,none,none,0,moving_average,4,2.0,peak,15,-1,-1,15,False,0.6951739401839807,False,False,False,False,False,False,False,,,7.011494252873564
frame_000062.jpg,32.24087214873772,32.27831449992842,62,True,0.2810696581128229,0.0034193751164647555,0.08191666205697934,0.8597392551179415,False,False,False,False,False,0.32692430459542643,0.12,0.18,False,False,True,True,True,32.24087214873772,32.27831449992842,32.24087214873772,32.27831449992842,False,False,False,False,0.8499910122255735,0.8714366785982932,0.8499910122255735,False,both,min,none,none,0,moving_average,4,2.0,peak,15,-1,-1,15,False,0.8278822877685315,True,False,False,False,False,False,False,3,,7.126436781609196
frame_000063.jpg,,,63,False,,,,0.0,False,False,False,False,False,0.32692430459542643,0.12,0.18,True,True,False,False,False,,,32.26421334394949,31.985802184967763,True,True,False,False,0.8533391503300136,0.8158641009560733,0.8158641009560733,False,missing,min,none,none,0,moving_average,4,2.0,peak,15,-1,-1,15,False,0.8087155454985002,False,False,False,False,False,False,False,,,7.241379310344828
frame_000064.jpg,,,64,False,,,,0.0,False,False,False,False,False,0.32692430459542643,0.12,0.18,True,True,False,False,False,,,32.28755453916126,31.69328987000711,True,True,False,False,0.8566872884344537,0.7602915233138541,0.7602915233138541,False,missing,min,none,none,0,moving_average,4,2.0,peak,15,-1,-1,15,False,0.7602915233138537,False,False,False,False,False,False,False,,,7.356321839080461
frame_000065.jpg,32.310895734373034,31.400777555046453,65,True,,,,0.0,False,False,False,False,True,0.32692430459542643,0.12,0.18,False,False,True,True,True,32.310895734373034,31.400777555046453,32.310895734373034,31.400777555046453,False,False,True,True,0.860035426538894,0.7047189456716342,0.7047189456716342,False,both,min,none,none,0,moving_average,4,2.0,peak,15,-1,-1,15,False,0.7351013764441343,False,False,False,False,False,False,False,,,7.471264367816093
frame_000066.jpg,32.523960716382085,31.588028940266085,66,True,0.04745434294306573,0.13184541111256956,0.0072891175686248255,1.098711759271413,False,True,False,True,True,0.32692430459542643,0.12,0.18,False,False,True,True,True,32.523960716382085,31.588028940266085,32.523960716382085,31.588028940266085,False,False,True,True,0.8905981710133765,0.7402936603469149,0.7402936603469149,False,both,min,none,none,0,moving_average,4,2.0,peak,15,-1,-1,15,False,0.7295098765165746,False,False,False,False,False,False,False,,,7.586206896551725
frame_000067.jpg,,,67,False,,,,0.0,False,False,False,False,True,0.32692430459542643,0.12,0.18,True,True,False,False,False,,,32.393847247412694,31.604995463450543,True,True,False,False,0.8719342654419246,0.7435170235311748,0.7435170235311748,False,missing,min,none,none,0,moving_average,4,2.0,peak,15,-1,-1,15,False,0.743517023531175,False,False,False,False,False,False,False,,,7.701149425287357
frame_000068.jpg,,,68,False,,,,0.0,False,False,False,False,False,0.32692430459542643,0.12,0.18,True,True,False,False,False,,,32.2637337784433,31.621961986635004,True,True,False,False,0.8532703598704728,0.7467403867154353,0.7467403867154353,False,missing,min,none,none,0,moving_average,4,2.0,peak,15,-1,-1,15,False,0.746740386715435,False,False,False,False,False,False,False,,,7.816091954022989
frame_000069.jpg,,,69,False,,,,0.0,False,False,False,False,False,0.32692430459542643,0.12,0.18,True,True,False,False,False,,,32.13362030947391,31.63892850981946,True,True,False,False,0.834606454299021,0.749963749899695,0.749963749899695,False,missing,min,none,none,0,moving_average,4,2.0,peak,15,-1,-1,15,False,0.7499637498996953,False,False,False,False,False,False,False,,,7.931034482758621
frame_000070.jpg,,,70,False,,,,0.0,False,False,False,False,False,0.32692430459542643,0.12,0.18,True,True,False,False,False,,,32.00350684050452,31.655895033003922,True,True,False,False,0.8159425487275692,0.7531871130839556,0.7531871130839556,False,missing,min,none,none,0,moving_average,4,2.0,peak,15,-1,-1,15,False,0.7531871130839553,False,False,False,False,False,False,False,,,8.045977011494253
frame_000071.jpg,,,71,False,,,,0.0,False,False,False,False,False,0.32692430459542643,0.12,0.18,True,True,False,False,False,,,31.87339337153513,31.67286155618838,True,True,False,False,0.7972786431561174,0.7564104762682153,0.7564104762682153,False,missing,min,none,none,0,moving_average,4,2.0,peak,15,-1,-1,15,False,0.7564104762682153,False,False,False,False,False,False,False,,,8.160919540229886
frame_000072.jpg,,,72,False,,,,0.0,False,False,False,False,False,0.32692430459542643,0.12,0.18,True,True,False,False,False,,,31.74327990256574,31.689828079372838,True,True,False,False,0.7786147375846656,0.7596338394524752,0.7596338394524752,False,missing,min,none,none,0,moving_average,4,2.0,peak,15,-1,-1,15,False,0.7586650492446347,False,False,False,False,False,False,False,,,8.275862068965518
frame_000073.jpg,,,73,False,,,,0.0,False,False,False,False,False,0.32692430459542643,0.12,0.18,True,True,False,False,False,,,31.613166433596348,31.7067946025573,True,True,False,False,0.7599508320132138,0.7628572026367356,0.7599508320132138,False,missing,min,none,none,0,moving_average,4,2.0,peak,15,-1,-1,15,False,0.7536238659691502,False,False,False,False,False,False,False,,,8.39080459770115
frame_000074.jpg,31.483052964626957,31.723761125741756,74,True,,,,0.0,False,False,False,False,False,0.32692430459542643,0.12,0.18,False,False,True,True,True,31.483052964626957,31.723761125741756,31.483052964626957,31.723761125741756,False,False,False,False,0.741286926441762,0.7660805658209955,0.741286926441762,False,both,min,none,none,0,moving_average,4,2.0,peak,15,-1,-1,15,False,0.7148991130742207,False,False,False,False,False,False,False,,,8.505747126436782
frame_000075.jpg,,,75,False,,,,0.0,False,False,False,False,False,0.32692430459542643,0.12,0.18,True,True,False,False,False,,,30.801059838537025,31.807452775508523,True,True,False,False,0.6434595807676864,0.7819806167480639,0.6434595807676864,False,missing,min,none,none,0,moving_average,4,2.0,peak,15,-1,-1,15,False,0.6434595807676864,False,False,False,False,False,False,False,,,8.620689655172415
frame_000076.jpg,,,76,False,,,,0.0,False,False,False,False,False,0.32692430459542643,0.12,0.18,True,True,False,False,False,,,30.119066712447093,31.891144425275286,True,True,False,False,0.5456322350936108,0.7978806676751315,0.5456322350936108,False,missing,min,none,none,0,moving_average,4,2.0,peak,15,-1,-1,15,False,0.5456322350936107,False,False,False,False,False,False,False,,,8.735632183908047
frame_000077.jpg,,,77,False,,,,0.0,False,False,False,False,False,0.32692430459542643,0.12,0.18,True,True,False,False,False,,,29.437073586357158,31.97483607504205,True,True,False,False,0.4478048894195348,0.8137807186021992,0.4478048894195348,False,missing,min,none,none,0,moving_average,4,2.0,peak,15,-1,-1,15,False,0.4478048894195349,False,False,False,False,False,False,False,,,8.85057471264368
frame_000078.jpg,,,78,False,,,,0.0,False,False,False,False,False,0.32692430459542643,0.12,0.18,True,True,False,False,False,,,28.755080460267227,32.05852772480881,True,True,False,False,0.34997754374545925,0.829680769529267,0.34997754374545925,False,missing,min,none,none,0,moving_average,4,2.0,peak,15,-1,-1,15,False,0.3499775437454592,False,False,False,False,False,False,False,,,8.965517241379311
frame_000079.jpg,,,79,False,,,,0.0,False,False,False,False,False,0.32692430459542643,0.12,0.18,True,True,False,False,False,,,28.073087334177295,32.14221937457558,True,True,False,False,0.25215019807138367,0.845580820456336,0.25215019807138367,False,missing,min,none,none,0,moving_average,4,2.0,peak,15,-1,-1,15,False,0.25215019807138367,False,False,False,False,False,False,False,,,9.080459770114944
frame_000080.jpg,27.391094208087363,32.225911024342345,80,True,,,,0.0,False,False,False,False,True,0.32692430459542643,0.12,0.18,False,False,True,True,True,27.391094208087363,32.225911024342345,27.391094208087363,32.225911024342345,False,False,True,True,0.15432285239730814,0.8614808713834037,0.15432285239730814,False,both,min,none,none,0,moving_average,4,2.0,peak,15,-1,-1,15,False,0.13638175050020443,False,False,False,False,False,False,False,,,9.195402298850576
frame_000081.jpg,26.333877526129875,32.26442800232056,81,True,0.8140055312590333,0.0,0.0,2.4898899219694814,True,False,False,True,True,0.32692430459542643,0.12,0.18,False,False,True,True,True,26.333877526129875,32.26442800232056,26.333877526129875,32.26442800232056,False,False,True,True,0.0026722010319215174,0.8687984701297188,0.0026722010319215174,False,both,min,none,none,0,moving_average,4,2.0,peak,15,-1,-1,15,False,0.16918051376461696,False,False,False,False,False,False,False,,,9.310344827586208
frame_000082.jpg,28.75904679478979,32.36306765730114,82,True,0.3424627624643734,0.0,0.0,1.047529222057002,True,False,False,True,True,0.32692430459542643,0.12,0.18,False,False,True,True,True,28.75904679478979,32.36306765730114,28.75904679478979,32.36306765730114,False,False,True,True,0.3505464878646212,0.887538398688786,0.3505464878646212,False,both,min,none,none,0,moving_average,4,2.0,peak,15,-1,-1,15,False,0.2783578695819001,False,False,False,False,False,False,False,,,9.42528735632184
frame_000083.jpg,29.674449818290533,32.242135482402354,83,True,0.32354682169993554,0.0,0.0,0.9896689146447201,False,False,False,False,True,0.32692430459542643,0.12,0.18,False,False,True,True,True,29.674449818290533,32.242135482402354,29.674449818290533,32.242135482402354,False,False,True,True,0.4818549198491577,0.8645632542750917,0.4818549198491577,False,both,min,none,none,0,moving_average,4,2.0,peak,15,-1,-1,15,False,0.355093718232046,True,False,False,False,False,False,False,4,,9.540229885057473
frame_000084.jpg,32.12415716392016,28.91720054362266,84,True,0.28497264795782523,0.0,0.0,0.8716777674589934,False,False,False,False,False,0.32692430459542643,0.12,0.18,False,False,True,True,True,32.12415716392016,28.91720054362266,32.12415716392016,28.91720054362266,False,False,False,False,0.8332490294572801,0.23287974698235916,0.23287974698235916,False,both,min,none,none,0,moving_average,4,2.0,peak,15,-1,-1,15,False,0.3277538210701103,False,False,False,False,False,False,False,,,9.655172413793105
frame_000085.jpg,,,85,False,,,,0.0,False,False,False,False,False,0.32692430459542643,0.12,0.18,True,True,False,False,False,,,32.03589676028246,29.104832670525337,True,True,False,False,0.8205886657590397,0.26852679637881405,0.26852679637881405,False,missing,min,none,none,0,moving_average,4,2.0,peak,15,-1,-1,15,False,0.26852679637881377,False,False,False,False,False,False,False,,,9.770114942528737
frame_000086.jpg,,,86,False,,,,0.0,False,False,False,False,False,0.32692430459542643,0.12,0.18,True,True,False,False,False,,,31.94763635664477,29.29246479742801,True,True,False,False,0.8079283020608002,0.30417384577526824,0.30417384577526824,False,missing,min,none,none,0,moving_average,4,2.0,peak,15,-1,-1,15,False,0.30417384577526846,False,False,False,False,False,False,False,,,9.88505747126437
frame_000087.jpg,,,87,False,,,,0.0,False,False,False,False,False,0.32692430459542643,0.12,0.18,True,True,False,False,False,,,31.859375953007074,29.480096924330688,True,True,False,False,0.7952679383625598,0.3398208951717231,0.3398208951717231,False,missing,min,none,none,0,moving_average,4,2.0,peak,15,-1,-1,15,False,0.3398208951717231,False,False,False,False,False,False,False,,,10.0
frame_000088.jpg,,,88,False,,,,0.0,False,False,False,False,False,0.32692430459542643,0.12,0.18,True,True,False,False,False,,,31.77111554936938,29.667729051233366,True,True,False,False,0.78260757466432,0.37546794456817795,0.37546794456817795,False,missing,min,none,none,0,moving_average,4,2.0,peak,15,-1,-1,15,False,0.37546794456817767,False,False,False,False,False,False,False,,,10.114942528735632
frame_000089.jpg,,,89,False,,,,0.0,False,False,False,False,False,0.32692430459542643,0.12,0.18,True,True,False,False,False,,,31.682855145731686,29.85536117813604,True,True,False,False,0.7699472109660801,0.41111499396463214,0.41111499396463214,False,missing,min,none,none,0,moving_average,4,2.0,peak,15,-1,-1,15,False,0.4111149939646323,False,False,False,False,False,False,False,,,10.229885057471265
frame_000090.jpg,,,90,False,,,,0.0,False,False,False,False,False,0.32692430459542643,0.12,0.18,True,True,False,False,False,,,31.59459474209399,30.042993305038717,True,True,False,False,0.7572868472678397,0.446762043361087,0.446762043361087,False,missing,min,none,none,0,moving_average,4,2.0,peak,15,-1,-1,15,False,0.4467620433610867,False,False,False,False,False,False,False,,,10.344827586206897
frame_000091.jpg,,,91,False,,,,0.0,False,False,False,False,False,0.32692430459542643,0.12,0.18,True,True,False,False,False,,,31.506334338456295,30.23062543194139,True,True,False,False,0.7446264835695997,0.4824090927575412,0.4824090927575412,False,missing,min,none,none,0,moving_average,4,2.0,peak,15,-1,-1,15,False,0.4824090927575414,False,False,False,False,False,False,False,,,10.459770114942529
frame_000092.jpg,31.4180739348186,30.41825755884407,92,True,,,,0.0,False,False,False,False,False,0.32692430459542643,0.12,0.18,False,False,True,True,True,31.4180739348186,30.41825755884407,31.4180739348186,30.41825755884407,False,False,False,False,0.7319661198713598,0.518056142153996,0.518056142153996,False,both,min,none,none,0,moving_average,4,2.0,peak,15,-1,-1,15,False,0.5249222238277391,False,False,False,False,False,False,False,,,10.574712643678161
frame_000093.jpg,,,93,False,,,,0.0,False,False,False,False,False,0.32692430459542643,0.12,0.18,True,True,False,False,False,,,31.422191004907898,30.714310791819557,True,True,False,False,0.7325566859978826,0.5743014365716803,0.5743014365716803,False,missing,min,none,none,0,moving_average,4,2.0,peak,15,-1,-1,15,False,0.5743014365716805,False,False,False,False,False,False,False,,,10.689655172413794
frame_000094.jpg,,,94,False,,,,0.0,False,False,False,False,False,0.32692430459542643,0.12,0.18,True,True,False,False,False,,,31.4263080749972,31.01036402479505,True,True,False,False,0.7331472521244058,0.6305467309893652,0.6305467309893652,False,missing,min,none,none,0,moving_average,4,2.0,peak,15,-1,-1,15,False,0.630546730989365,False,False,False,False,False,False,False,,,10.804597701149426
frame_000095.jpg,,31.306417257770537,95,True,,,,0.0,False,False,False,False,False,0.32692430459542643,0.12,0.18,True,False,False,True,True,,31.306417257770537,31.430425145086495,31.306417257770537,True,False,False,False,0.7337378182509285,0.6867920254070495,0.6867920254070495,False,right_only,min,none,none,0,moving_average,4,2.0,peak,15,-1,-1,15,False,0.6720212980871164,False,False,False,False,False,False,False,,,10.919540229885058
frame_000096.jpg,,,96,False,,,,0.0,False,False,False,False,False,0.32692430459542643,0.12,0.18,True,True,False,False,False,,,31.434542215175792,31.36922849485611,True,True,False,False,0.7343283843774512,0.6987251378649347,0.6987251378649347,False,missing,min,none,none,0,moving_average,4,2.0,peak,15,-1,-1,15,False,0.6987251378649345,False,False,False,False,False,False,False,,,11.03448275862069
frame_000097.jpg,,,97,False,,,,0.0,False,False,False,False,False,0.32692430459542643,0.12,0.18,True,True,False,False,False,,,31.438659285265093,31.43203973194168,True,True,False,False,0.7349189505039745,0.7106582503228193,0.7106582503228193,False,missing,min,none,none,0,moving_average,4,2.0,peak,15,-1,-1,15,False,0.7106582503228194,False,False,False,False,False,False,False,,,11.149425287356323
frame_000098.jpg,,,98,False,,,,0.0,False,False,False,False,False,0.32692430459542643,0.12,0.18,True,True,False,False,False,,,31.44277635535439,31.49485096902725,True,True,False,False,0.7355095166304971,0.7225913627807045,0.7225913627807045,False,missing,min,none,none,0,moving_average,4,2.0,peak,15,-1,-1,15,False,0.7225913627807045,False,False,False,False,False,False,False,,,11.264367816091955
frame_000099.jpg,,,99,False,,,,0.0,False,False,False,False,False,0.32692430459542643,0.12,0.18,True,True,False,False,False,,,31.446893425443687,31.557662206112823,True,True,False,False,0.7361000827570199,0.7345244752385897,0.7345244752385897,False,missing,min,none,none,0,moving_average,4,2.0,peak,15,-1,-1,15,False,0.7312688289676122,False,False,False,False,False,False,False,,,11.379310344827587
frame_000100.jpg,,,100,False,,,,0.0,False,False,False,False,False,0.32692430459542643,0.12,0.18,True,True,False,False,False,,,31.451010495532984,31.620473443198392,True,True,False,False,0.7366906488835426,0.7464575876964742,0.7366906488835426,False,missing,min,none,none,0,moving_average,4,2.0,peak,15,-1,-1,15,False,0.7361654463773993,False,False,False,False,False,False,False,,,11.49425287356322
frame_000101.jpg,,,101,False,,,,0.0,False,False,False,False,False,0.32692430459542643,0.12,0.18,True,True,False,False,False,,,31.455127565622284,31.683284680283965,True,True,False,False,0.7372812150100658,0.7583907001543594,0.7372812150100658,False,missing,min,none,none,0,moving_average,4,2.0,peak,15,-1,-1,15,False,0.7372812150100656,False,False,False,False,False,False,False,,,11.609195402298852
frame_000102.jpg,,,102,False,,,,0.0,False,False,False,False,False,0.32692430459542643,0.12,0.18,True,True,False,False,False,,,31.45924463571158,31.746095917369537,True,True,False,False,0.7378717811365886,0.7703238126122446,0.7378717811365886,False,missing,min,none,none,0,moving_average,4,2.0,peak,15,-1,-1,15,False,0.7378717811365886,False,False,False,False,False,False,False,,,11.724137931034484
frame_000103.jpg,,,103,False,,,,0.0,False,False,False,False,False,0.32692430459542643,0.12,0.18,True,True,False,False,False,,,31.463361705800878,31.80890715445511,True,True,False,False,0.7384623472631113,0.7822569250701298,0.7384623472631113,False,missing,min,none,none,0,moving_average,4,2.0,peak,15,-1,-1,15,False,0.7384623472631114,False,False,False,False,False,False,False,,,11.839080459770116
frame_000104.jpg,,,104,False,,,,0.0,False,False,False,False,False,0.32692430459542643,0.12,0.18,True,True,False,False,False,,,31.46747877589018,31.87171839154068,True,True,False,False,0.7390529133896345,0.7941900375280143,0.7390529133896345,False,missing,min,none,none,0,moving_average,4,2.0,peak,15,-1,-1,15,False,0.7390529133896344,False,False,False,False,False,False,False,,,11.954022988505749
frame_000105.jpg,31.471595845979476,31.93452962862625,105,True,,,,0.0,False,False,False,False,False,0.32692430459542643,0.12,0.18,False,False,True,True,True,31.471595845979476,31.93452962862625,31.471595845979476,31.93452962862625,False,False,False,False,0.7396434795161573,0.8061231499858995,0.7396434795161573,False,both,min,none,none,0,moving_average,4,2.0,peak,15,-1,-1,15,False,0.7394902553016244,False,False,False,False,False,False,False,,,12.06896551724138
frame_000106.jpg,,,106,False,,,,0.0,False,False,False,False,False,0.32692430459542643,0.12,0.18,True,True,False,False,False,,,31.47250835622893,31.94792262960116,True,True,False,False,0.7397743729990816,0.808667602128506,0.7397743729990816,False,missing,min,none,none,0,moving_average,4,2.0,peak,15,-1,-1,15,False,0.7397743729990817,False,False,False,False,False,False,False,,,12.183908045977013
frame_000107.jpg,,,107,False,,,,0.0,False,False,False,False,False,0.32692430459542643,0.12,0.18,True,True,False,False,False,,,31.473420866478385,31.961315630576063,True,True,False,False,0.7399052664820064,0.8112120542711116,0.7399052664820064,False,missing,min,none,none,0,moving_average,4,2.0,peak,15,-1,-1,15,False,0.7399052664820063,False,False,False,False,False,False,False,,,12.298850574712645
frame_000108.jpg,,,108,False,,,,0.0,False,False,False,False,False,0.32692430459542643,0.12,0.18,True,True,False,False,False,,,31.474333376727838,31.97470863155097,True,True,False,False,0.7400361599649308,0.813756506413718,0.7400361599649308,False,missing,min,none,none,0,moving_average,4,2.0,peak,15,-1,-1,15,False,0.7400361599649307,False,False,False,False,False,False,False,,,12.413793103448278
frame_000109.jpg,,,109,False,,,,0.0,False,False,False,False,False,0.32692430459542643,0.12,0.18,True,True,False,False,False,,,31.47524588697729,31.98810163252588,True,True,False,False,0.740167053447855,0.8163009585563245,0.740167053447855,False,missing,min,none,none,0,moving_average,4,2.0,peak,15,-1,-1,15,False,0.740167053447855,False,False,False,False,False,False,False,,,12.52873563218391
frame_000110.jpg,,,110,False,,,,0.0,False,False,False,False,False,0.32692430459542643,0.12,0.18,True,True,False,False,False,,,31.476158397226744,32.00149463350078,True,True,False,False,0.7402979469307794,0.8188454106989301,0.7402979469307794,False,missing,min,none,none,0,moving_average,4,2.0,peak,15,-1,-1,15,False,0.7402979469307795,False,False,False,False,False,False,False,,,12.643678160919542
frame_000111.jpg,,,111,False,,,,0.0,False,False,False,False,False,0.32692430459542643,0.12,0.18,True,True,False,False,False,,,31.4770709074762,32.01488763447569,True,True,False,False,0.7404288404137043,0.8213898628415365,0.7404288404137043,False,missing,min,none,none,0,moving_average,4,2.0,peak,15,-1,-1,15,False,0.740428840413704,False,False,False,False,False,False,False,,,12.758620689655173
frame_000112.jpg,,,112,False,,,,0.0,False,False,False,False,False,0.32692430459542643,0.12,0.18,True,True,False,False,False,,,31.477983417725653,32.0282806354506,True,True,False,False,0.7405597338966287,0.8239343149841428,0.7405597338966287,False,missing,min,none,none,0,moving_average,4,2.0,peak,15,-1,-1,15,False,0.7405597338966285,False,False,False,False,False,False,False,,,12.873563218390805
frame_000113.jpg,,,113,False,,,,0.0,False,False,False,False,False,0.32692430459542643,0.12,0.18,True,True,False,False,False,,,31.478895927975106,32.04167363642551,True,True,False,False,0.7406906273795529,0.8264787671267493,0.7406906273795529,False,missing,min,none,none,0,moving_average,4,2.0,peak,15,-1,-1,15,False,0.740690627379553,False,False,False,False,False,False,False,,,12.988505747126437
frame_000114.jpg,,,114,False,,,,0.0,False,False,False,False,False,0.32692430459542643,0.12,0.18,True,True,False,False,False,,,31.479808438224563,32.055066637400415,True,True,False,False,0.7408215208624778,0.8290232192693556,0.7408215208624778,False,missing,min,none,none,0,moving_average,4,2.0,peak,15,-1,-1,15,False,0.7408215208624775,False,False,False,False,False,False,False,,,13.10344827586207
frame_000115.jpg,,,115,False,,,,0.0,False,False,False,False,False,0.32692430459542643,0.12,0.18,True,True,False,False,False,,,31.480720948474016,32.06845963837532,True,True,False,False,0.7409524143454022,0.831567671411962,0.7409524143454022,False,missing,min,none,none,0,moving_average,4,2.0,peak,15,-1,-1,15,False,0.740952414345402,False,False,False,False,False,False,False,,,13.218390804597702
frame_000116.jpg,,,116,False,,,,0.0,False,False,False,False,False,0.32692430459542643,0.12,0.18,True,True,False,False,False,,,31.48163345872347,32.081852639350224,True,True,False,False,0.7410833078283264,0.8341121235545671,0.7410833078283264,False,missing,min,none,none,0,moving_average,4,2.0,peak,15,-1,-1,15,False,0.7410833078283264,False,False,False,False,False,False,False,,,13.333333333333334
frame_000117.jpg,,,117,False,,,,0.0,False,False,False,False,False,0.32692430459542643,0.12,0.18,True,True,False,False,False,,,31.48254596897292,32.09524564032513,True,True,False,False,0.7412142013112508,0.8366565756971734,0.7412142013112508,False,missing,min,none,none,0,moving_average,4,2.0,peak,15,-1,-1,15,False,0.7412142013112509,False,False,False,False,False,False,False,,,13.448275862068966
frame_000118.jpg,,,118,False,,,,0.0,False,False,False,False,False,0.32692430459542643,0.12,0.18,True,True,False,False,False,,,31.483458479222378,32.10863864130004,True,True,False,False,0.7413450947941757,0.8392010278397798,0.7413450947941757,False,missing,min,none,none,0,moving_average,4,2.0,peak,15,-1,-1,15,False,0.7413450947941754,False,False,False,False,False,False,False,,,13.563218390804598
frame_000119.jpg,,,119,False,,,,0.0,False,False,False,False,False,0.32692430459542643,0.12,0.18,True,True,False,False,False,,,31.48437098947183,32.12203164227495,True,True,False,False,0.7414759882771,0.8417454799823862,0.7414759882771,False,missing,min,none,none,0,moving_average,4,2.0,peak,15,-1,-1,15,False,0.7414759882771,False,False,False,False,False,False,False,,,13.67816091954023
frame_000120.jpg,,,120,False,,,,0.0,False,False,False,False,False,0.32692430459542643,0.12,0.18,True,True,False,False,False,,,31.485283499721284,32.135424643249856,True,True,False,False,0.7416068817600243,0.8442899321249926,0.7416068817600243,False,missing,min,none,none,0,moving_average,4,2.0,peak,15,-1,-1,15,False,0.7416068817600245,False,False,False,False,False,False,False,,,13.793103448275863
frame_000121.jpg,,,121,False,,,,0.0,False,False,False,False,False,0.32692430459542643,0.12,0.18,True,True,False,False,False,,,31.48619600997074,32.14881764422476,True,True,False,False,0.7417377752429491,0.8468343842675989,0.7417377752429491,False,missing,min,none,none,0,moving_average,4,2.0,peak,15,-1,-1,15,False,0.7417377752429489,False,False,False,False,False,False,False,,,13.908045977011495
frame_000122.jpg,,,122,False,,,,0.0,False,False,False,False,False,0.32692430459542643,0.12,0.18,True,True,False,False,False,,,31.487108520220193,32.16221064519967,True,True,False,False,0.7418686687258735,0.8493788364102054,0.7418686687258735,False,missing,min,none,none,0,moving_average,4,2.0,peak,15,-1,-1,15,False,0.7418686687258735,False,False,False,False,False,False,False,,,14.022988505747128
frame_000123.jpg,,,123,False,,,,0.0,False,False,False,False,False,0.32692430459542643,0.12,0.18,True,True,False,False,False,,,31.488021030469646,32.17560364617457,True,True,False,False,0.7419995622087979,0.8519232885528104,0.7419995622087979,False,missing,min,none,none,0,moving_average,4,2.0,peak,15,-1,-1,15,False,0.7419995622087978,False,False,False,False,False,False,False,,,14.13793103448276
frame_000124.jpg,,,124,False,,,,0.0,False,False,False,False,False,0.32692430459542643,0.12,0.18,True,True,False,False,False,,,31.4889335407191,32.18899664714948,True,True,False,False,0.7421304556917222,0.8544677406954168,0.7421304556917222,False,missing,min,none,none,0,moving_average,4,2.0,peak,15,-1,-1,15,False,0.7421304556917223,False,False,False,False,False,False,False,,,14.252873563218392
frame_000125.jpg,,,125,False,,,,0.0,False,False,False,False,False,0.32692430459542643,0.12,0.18,True,True,False,False,False,,,31.489846050968556,32.20238964812439,True,True,False,False,0.742261349174647,0.8570121928380232,0.742261349174647,False,missing,min,none,none,0,moving_average,4,2.0,peak,15,-1,-1,15,False,0.7422613491746468,False,False,False,False,False,False,False,,,14.367816091954024
frame_000126.jpg,31.49075856121801,32.215782649099296,126,True,,,,0.0,False,False,False,False,True,0.32692430459542643,0.12,0.18,False,False,True,True,True,31.49075856121801,32.215782649099296,31.49075856121801,32.215782649099296,False,False,True,True,0.7423922426575714,0.8595566449806296,0.7423922426575714,False,both,min,none,none,0,moving_average,4,2.0,peak,15,-1,-1,15,False,0.7396938263118026,False,False,False,False,False,False,False,,,14.482758620689657
frame_000127.jpg,31.43523588803907,31.80491598846061,127,True,0.5281213394490857,0.0,0.0,1.6154239131980215,True,False,False,True,True,0.32692430459542643,0.12,0.18,False,False,True,True,True,31.43523588803907,31.80491598846061,31.43523588803907,31.80491598846061,False,False,True,True,0.7344278871031894,0.7814986685087193,0.7344278871031894,False,both,min,none,none,0,moving_average,4,2.0,peak,15,-1,-1,15,False,0.7195738943437304,False,False,False,False,False,False,False,,,14.597701149425289
frame_000128.jpg,31.394715956286376,31.28067572504656,128,True,0.2724965863005096,0.09687575676681182,0.044797191348421916,0.833515839814137,False,False,False,False,True,0.32692430459542643,0.12,0.18,False,False,True,True,True,31.394715956286376,31.28067572504656,31.394715956286376,31.28067572504656,False,False,True,True,0.728615574312022,0.6819015532704307,0.6819015532704307,False,both,min,none,none,0,moving_average,4,2.0,peak,15,-1,-1,15,False,0.7431268008008083,False,False,False,False,False,False,False,,,14.712643678160921
frame_000129.jpg,32.0535625229849,31.970994921838475,129,True,0.387153915187192,0.10154348793044762,0.03712564488786515,1.1842310582148383,True,False,False,True,True,0.32692430459542643,0.12,0.18,False,False,True,True,True,32.0535625229849,31.970994921838475,32.0535625229849,31.970994921838475,False,False,True,True,0.8231227010863392,0.8130509620288051,0.8130509620288051,False,both,min,none,none,0,moving_average,4,2.0,peak,15,-1,-1,15,False,0.7693344924426802,False,False,False,False,False,False,False,,,14.827586206896553
frame_000130.jpg,32.0535625229849,31.970994921838475,130,True,0.0,0.0,0.0,0.0,False,False,False,False,True,0.32692430459542643,0.12,0.18,False,False,True,True,True,32.0535625229849,31.970994921838475,32.0535625229849,31.970994921838475,False,False,True,True,0.8231227010863392,0.8130509620288051,0.8130509620288051,False,both,min,none,none,0,moving_average,4,2.0,peak,15,-1,-1,15,False,0.8313050469519008,False,False,False,False,False,False,False,,,14.942528735632186
frame_000131.jpg,32.52016187582434,32.25924201410327,131,True,0.30029618648536943,0.00990319231627211,0.012117584734097962,0.918549591646269,False,False,False,False,False,0.32692430459542643,0.12,0.18,False,False,True,True,True,32.52016187582434,32.25924201410327,32.52016187582434,32.25924201410327,False,False,False,False,0.8900532527815262,0.8678132167980925,0.8678132167980925,False,both,min,none,none,0,moving_average,4,2.0,peak,15,-1,-1,15,False,0.8438413266456507,False,False,False,False,False,False,False,,,15.057471264367818
frame_000132.jpg,32.24553454061679,32.39125367477738,132,True,0.17082235384823938,0.11054115503187267,0.058545670337678164,0.9211762919322724,False,False,False,False,False,0.32692430459542643,0.12,0.18,False,False,True,True,True,32.24553454061679,32.39125367477738,32.24553454061679,32.39125367477738,False,False,False,False,0.8506598011100545,0.8928932831312897,0.8506598011100545,False,both,min,none,none,0,moving_average,4,2.0,peak,15,-1,-1,15,False,0.8525076362981577,True,False,False,False,False,False,False,5,,15.17241379310345
frame_000133.jpg,,,133,False,,,,0.0,False,False,False,False,False,0.32692430459542643,0.12,0.18,True,True,False,False,False,,,32.164597264394615,32.31430079228288,True,True,False,False,0.8390498909863261,0.8782734882765207,0.8390498909863261,False,missing,min,none,none,0,moving_average,4,2.0,peak,15,-1,-1,15,False,0.8390498909863258,False,False,False,False,False,False,False,,,15.287356321839082
frame_000134.jpg,,,134,False,,,,0.0,False,False,False,False,False,0.32692430459542643,0.12,0.18,True,True,False,False,False,,,32.083659988172435,32.23734790978838,True,True,False,False,0.8274399808625967,0.8636536934217531,0.8274399808625967,False,missing,min,none,none,0,moving_average,4,2.0,peak,15,-1,-1,15,False,0.8274399808625971,False,False,False,False,False,False,False,,,15.402298850574715
frame_000135.jpg,32.00272271195026,32.16039502729388,135,True,,,,0.0,False,False,False,False,False,0.32692430459542643,0.12,0.18,False,False,True,True,True,32.00272271195026,32.16039502729388,32.00272271195026,32.16039502729388,False,False,False,False,0.8158300707388685,0.8490338985669841,0.8158300707388685,False,both,min,none,none,0,moving_average,4,2.0,peak,15,-1,-1,15,False,0.7966793100731491,False,False,False,False,False,False,False,,,15.517241379310347
frame_000136.jpg,31.757353972941736,31.622106693258267,136,True,0.14663225238815197,0.057488694603697876,0.02466677505636302,0.47907245503081564,False,False,False,False,False,0.32692430459542643,0.12,0.18,False,False,True,True,True,31.757353972941736,31.622106693258267,31.757353972941736,31.622106693258267,False,False,False,False,0.7806335687063335,0.7467678786179821,0.7467678786179821,False,both,min,none,none,0,moving_average,4,2.0,peak,15,-1,-1,15,False,0.7465443363714975,False,False,False,False,False,False,False,,,15.632183908045977
frame_000137.jpg,31.572816396431197,31.255060406420682,137,True,0.13831654451548203,0.0,0.0,0.4230843120906864,False,False,False,False,False,0.32692430459542643,0.12,0.18,False,False,True,True,True,31.572816396431197,31.255060406420682,31.572816396431197,31.255060406420682,False,False,False,False,0.7541628894626073,0.6770350597576421,0.6770350597576421,False,both,min,none,none,0,moving_average,4,2.0,peak,15,-1,-1,15,False,0.6929661170169534,False,False,False,False,False,False,False,,,15.74712643678161
frame_000138.jpg,31.565880845290323,31.139578684503597,138,True,0.1058099947871902,0.0,0.0,0.323652886309972,False,False,False,False,False,0.32692430459542643,0.12,0.18,False,False,True,True,True,31.565880845290323,31.139578684503597,31.565880845290323,31.139578684503597,False,False,False,False,0.7531680311085526,0.655095412675236,0.655095412675236,False,both,min,none,none,0,moving_average,4,2.0,peak,15,-1,-1,15,False,0.7040026165587113,False,False,False,False,False,False,False,,,15.862068965517242
frame_000139.jpg,31.7520822631118,31.888780087762832,139,True,0.1005683314872508,0.0,0.0,0.307619623483502,False,False,False,False,False,0.32692430459542643,0.12,0.18,False,False,True,True,True,31.7520822631118,31.888780087762832,31.7520822631118,31.888780087762832,False,False,False,False,0.779877377243256,0.7974314820399869,0.779877377243256,False,both,min,none,none,0,moving_average,4,2.0,peak,15,-1,-1,15,False,0.7539811734453503,False,False,False,False,False,False,False,,,15.977011494252874
frame_000140.jpg,32.08038865768989,32.394095520826035,140,True,0.11576529589245113,0.0,0.0,0.3541042812210379,False,False,False,False,False,0.32692430459542643,0.12,0.18,False,False,True,True,True,32.08038865768989,32.394095520826035,32.08038865768989,32.394095520826035,False,False,False,False,0.8269707304175591,0.8934331876143105,0.8269707304175591,False,both,min,none,none,0,moving_average,4,2.0,peak,15,-1,-1,15,False,0.8048874627724294,True,False,False,False,False,False,False,6,,16.091954022988507
frame_000141.jpg,31.946841468329623,32.271930516447064,141,True,0.03004469267213625,0.0,0.0,0.09190106776954682,False,False,False,False,False,0.32692430459542643,0.12,0.18,False,False,True,True,True,31.946841468329623,32.271930516447064,31.946841468329623,32.271930516447064,False,False,False,False,0.807814280656473,0.870223825670265,0.807814280656473,False,both,min,none,none,0,moving_average,4,2.0,peak,15,-1,-1,15,False,0.7945702871110984,False,False,False,False,False,False,False,,,16.20689655172414
frame_000142.jpg,31.87547809271897,31.633465412021945,142,True,0.03004469267213625,0.0,0.0,0.09190106776954682,False,False,False,False,False,0.32692430459542643,0.12,0.18,False,False,True,True,True,31.87547809271897,31.633465412021945,31.87547809271897,31.633465412021945,False,False,False,False,0.7975776824456408,0.7489258502592633,0.7489258502592633,False,both,min,none,none,0,moving_average,4,2.0,peak,15,-1,-1,15,False,0.7654976429064873,False,False,False,False,False,False,False,,,16.32183908045977
frame_000143.jpg,,,143,False,,,,0.0,False,False,False,False,False,0.32692430459542643,0.12,0.18,True,True,False,False,False,,,31.791051252390915,31.58518205136339,True,True,False,False,0.7854672177254235,0.7397527978037256,0.7397527978037256,False,missing,min,none,none,0,moving_average,4,2.0,peak,15,-1,-1,15,False,0.7397527978037256,False,False,False,False,False,False,False,,,16.436781609195403
frame_000144.jpg,31.706624412062858,31.536898690704835,144,True,,,,0.0,False,False,False,False,False,0.32692430459542643,0.12,0.18,False,False,True,True,True,31.706624412062858,31.536898690704835,31.706624412062858,31.536898690704835,False,False,False,False,0.7733567530052062,0.730579745348188,0.730579745348188,False,both,min,none,none,0,moving_average,4,2.0,peak,15,-1,-1,15,False,0.6670210288101514,False,False,False,False,False,False,False,,,16.551724137931036
frame_000145.jpg,31.767935674654222,30.484970649562104,145,True,0.07269853045769804,0.0,0.0,0.22237114046220433,False,False,False,False,False,0.32692430459542643,0.12,0.18,False,False,True,True,True,31.767935674654222,30.484970649562104,31.767935674654222,30.484970649562104,False,False,False,False,0.7821514429365068,0.5307305432785406,0.5307305432785406,False,both,min,none,none,0,moving_average,4,2.0,peak,15,-1,-1,15,False,0.6684939503345922,False,False,False,False,False,False,False,,,16.666666666666668
frame_000146.jpg,31.839419184313275,31.60844069995317,146,True,0.03290767395768359,0.0,0.0,0.10065838940426076,False,False,False,False,False,0.32692430459542643,0.12,0.18,False,False,True,True,True,31.839419184313275,31.60844069995317,31.839419184313275,31.60844069995317,False,False,False,False,0.7924052735718764,0.7441715623770482,0.7441715623770482,False,both,min,none,none,0,moving_average,4,2.0,peak,15,-1,-1,15,False,0.6526042176611915,False,False,False,False,False,False,False,,,16.7816091954023
frame_000147.jpg,31.983091849571583,31.28598667516043,147,True,0.11088655216837817,0.0,0.0,0.3391811211638177,False,False,False,False,False,0.32692430459542643,0.12,0.18,False,False,True,True,True,31.983091849571583,31.28598667516043,31.983091849571583,31.28598667516043,False,False,False,False,0.8130141550260376,0.6829105473279858,0.6829105473279858,False,both,min,none,none,0,moving_average,4,2.0,peak,15,-1,-1,15,False,0.6988192263554565,True,False,False,False,False,False,False,7,,16.896551724137932
frame_000148.jpg,31.97928505417272,31.21474384450651,148,True,0.026452963490726174,0.0,0.0,0.08091464329475932,False,False,False,False,False,0.32692430459542643,0.12,0.18,False,False,True,True,True,31.97928505417272,31.21474384450651,31.97928505417272,31.21474384450651,False,False,False,False,0.8124680957255134,0.6693755693613354,0.6693755693613354,False,both,min,none,none,0,moving_average,4,2.0,peak,15,-1,-1,15,False,0.6847080988683427,False,False,False,False,False,False,False,,,17.011494252873565
frame_000149.jpg,31.91834206696952,31.38561433073912,149,True,0.08015702383266692,0.0,0.0,0.24518526981914787,False,False,False,False,False,0.32692430459542643,0.12,0.18,False,False,True,True,True,31.91834206696952,31.38561433073912,31.91834206696952,31.38561433073912,False,False,False,False,0.8037262324317883,0.701838179915707,0.701838179915707,False,both,min,none,none,0,moving_average,4,2.0,peak,15,-1,-1,15,False,0.6948859972507833,False,False,False,False,False,False,False,,,17.126436781609197
frame_000150.jpg,32.00999672340894,31.446704105065294,150,True,0.055208323691106675,0.0,0.0,0.16887188537244968,False,False,False,False,False,0.32692430459542643,0.12,0.18,False,False,True,True,True,32.00999672340894,31.446704105065294,32.00999672340894,31.446704105065294,False,False,False,False,0.816873478958369,0.7134442424753076,0.7134442424753076,False,both,min,none,none,0,moving_average,4,2.0,peak,15,-1,-1,15,False,0.6319986188280133,False,False,False,False,False,False,False,,,17.24137931034483
frame_000151.jpg,31.991052454286038,30.22170014788252,151,True,0.08426496358474292,0.0,0.0,0.25775068540413976,False,False,False,False,False,0.32692430459542643,0.12,0.18,False,False,True,True,True,31.991052454286038,30.22170014788252,31.991052454286038,30.22170014788252,False,False,False,False,0.8141560504490025,0.48071343409302564,0.48071343409302564,False,both,min,none,none,0,moving_average,4,2.0,peak,15,-1,-1,15,False,0.6861153221582188,False,False,False,False,False,False,False,,,17.35632183908046
frame_000152.jpg,32.33984698773335,32.24633940956813,152,True,0.09026812511917734,0.0,0.0,0.27611322820089945,False,False,False,False,False,0.32692430459542643,0.12,0.18,False,False,True,True,True,32.33984698773335,32.24633940956813,32.33984698773335,32.24633940956813,False,False,False,False,0.8641882899063235,0.8653619319952203,0.8641882899063235,False,both,min,none,none,0,moving_average,4,2.0,peak,15,-1,-1,15,False,0.7363633379685575,False,False,False,False,False,False,False,,,17.471264367816094
frame_000153.jpg,32.33984698773335,32.24633940956813,153,True,0.0,0.0,0.0,0.0,False,False,False,False,False,0.32692430459542643,0.12,0.18,False,False,True,True,True,32.33984698773335,32.24633940956813,32.33984698773335,32.24633940956813,False,False,False,False,0.8641882899063235,0.8653619319952203,0.8641882899063235,False,both,min,none,none,0,moving_average,4,2.0,peak,15,-1,-1,15,False,0.8787060750358582,False,False,False,False,False,False,False,,,17.586206896551726
frame_000154.jpg,32.64347465736409,32.71767646333691,154,True,0.045532224396915726,0.0,0.0,0.13927451632347285,False,False,False,False,False,0.32692430459542643,0.12,0.18,False,False,True,True,True,32.64347465736409,32.71767646333691,32.64347465736409,32.71767646333691,False,False,False,False,0.9077416452949277,0.9549082986832129,0.9077416452949277,False,both,min,none,none,0,moving_average,4,2.0,peak,15,-1,-1,15,False,0.8859335416436288,True,False,False,False,False,False,False,8,,17.70114942528736
frame_000155.jpg,32.56808296478147,32.35428948956052,155,True,0.045532224396915726,0.0,0.0,0.13927451632347285,False,False,False,False,False,0.32692430459542643,0.12,0.18,False,False,True,True,True,32.56808296478147,32.35428948956052,32.56808296478147,32.35428948956052,False,False,False,False,0.8969272119977495,0.8858706897296353,0.8858706897296353,False,both,min,none,none,0,moving_average,4,2.0,peak,15,-1,-1,15,False,0.8766900081053262,False,False,False,False,False,False,False,,,17.81609195402299
frame_000156.jpg,32.22328117047321,32.09419878006724,156,True,0.03744773468858486,0.0,0.0,0.11454558184325565,False,False,False,False,False,0.32692430459542643,0.12,0.18,False,False,True,True,True,32.22328117047321,32.09419878006724,32.22328117047321,32.09419878006724,False,False,False,False,0.8474677042249574,0.8364576892914158,0.8364576892914158,False,both,min,none,none,0,moving_average,4,2.0,peak,15,-1,-1,15,False,0.7306315074431626,False,False,False,False,False,False,False,,,17.931034482758623
frame_000157.jpg,32.017784132263685,30.16302516876004,157,True,0.22563192772514423,0.0,0.0,0.6901656577793046,False,False,False,False,False,0.32692430459542643,0.12,0.18,False,False,True,True,True,32.017784132263685,30.16302516876004,32.017784132263685,30.16302516876004,False,False,False,False,0.8179905305953941,0.4695661433084371,0.4695661433084371,False,both,min,none,none,0,moving_average,4,2.0,peak,15,-1,-1,15,False,0.6257629475191084,False,False,False,False,False,False,False,,,18.045977011494255
frame_000158.jpg,31.94465376223823,30.698328229631272,158,True,0.14554796533735806,0.0,0.0,0.4452038691876267,False,False,False,False,False,0.32692430459542643,0.12,0.18,False,False,True,True,True,31.94465376223823,30.698328229631272,31.94465376223823,30.698328229631272,False,False,False,False,0.8075004688717955,0.5712650099574725,0.5712650099574725,False,both,min,none,none,0,moving_average,4,2.0,peak,15,-1,-1,15,False,0.5421125117796984,False,False,False,False,False,False,False,,,18.160919540229887
frame_000159.jpg,31.940407371564998,30.77328924282384,159,True,0.057699473014275415,0.0,0.0,0.17649184292271983,False,False,False,False,False,0.32692430459542643,0.12,0.18,False,False,True,True,True,31.940407371564998,30.77328924282384,31.940407371564998,30.77328924282384,False,False,False,False,0.8068913525737486,0.5855063820731857,0.5855063820731857,False,both,min,none,none,0,moving_average,4,2.0,peak,15,-1,-1,15,False,0.6395504648978597,False,False,False,False,False,False,False,,,18.27586206896552
frame_000160.jpg,31.97638108992373,31.701651004065965,160,True,0.04903072265819149,0.0,0.0,0.14997576493698664,False,False,False,False,False,0.32692430459542643,0.12,0.18,False,False,True,True,True,31.97638108992373,31.701651004065965,31.97638108992373,31.701651004065965,False,False,False,False,0.8120515415059131,0.761880002662921,0.761880002662921,False,both,min,none,none,0,moving_average,4,2.0,peak,15,-1,-1,15,False,0.7263274498146637,False,False,False,False,False,False,False,,,18.390804597701152
frame_000161.jpg,32.11263299561833,32.10373537741646,161,True,0.04903072265819149,0.0,0.0,0.14997576493698664,False,False,False,False,False,0.32692430459542643,0.12,0.18,False,False,True,True,True,32.11263299561833,32.10373537741646,32.11263299561833,32.10373537741646,False,False,False,False,0.8315959647078842,0.8382694875287094,0.8315959647078842,False,both,min,none,none,0,moving_average,4,2.0,peak,15,-1,-1,15,False,0.8083573106928964,False,False,False,False,False,False,False,,,18.505747126436784
frame_000162.jpg,32.11263299561833,32.10373537741646,162,True,0.0,0.0,0.0,0.0,False,False,False,False,False,0.32692430459542643,0.12,0.18,False,False,True,True,True,32.11263299561833,32.10373537741646,32.11263299561833,32.10373537741646,False,False,False,False,0.8315959647078842,0.8382694875287094,0.8315959647078842,False,both,min,none,none,0,moving_average,4,2.0,peak,15,-1,-1,15,False,0.8395723929053698,True,False,False,False,False,False,False,9,,18.620689655172416
frame_000163.jpg,32.27945350466777,32.32432714763736,163,True,0.06586475539488874,0.0,0.0,0.20146790700188943,False,False,False,False,False,0.32692430459542643,0.12,0.18,False,False,True,True,True,32.27945350466777,32.32432714763736,32.27945350466777,32.32432714763736,False,False,False,False,0.8555252493003409,0.880178332561386,0.8555252493003409,False,both,min,none,none,0,moving_average,4,2.0,peak,15,-1,-1,15,False,0.7793628929188464,False,False,False,False,False,False,False,,,18.73563218390805
frame_000164.jpg,32.463032629544564,31.117850781005675,164,True,0.22833662512119884,0.0,0.0,0.6984388187466476,False,False,False,False,False,0.32692430459542643,0.12,0.18,False,False,True,True,True,32.463032629544564,31.117850781005675,32.463032629544564,31.117850781005675,False,False,False,False,0.8818584450772997,0.6509674647483141,0.6509674647483141,False,both,min,none,none,0,moving_average,4,2.0,peak,15,-1,-1,15,False,0.7181690788740666,False,False,False,False,False,False,False,,,18.85057471264368
frame_000165.jpg,32.16794725745174,31.10230764825686,165,True,0.10962048430606876,0.0,0.0,0.3353084575395081,False,False,False,False,False,0.32692430459542643,0.12,0.18,False,False,True,True,True,32.16794725745174,31.10230764825686,32.16794725745174,31.10230764825686,False,False,False,False,0.8395304250507739,0.6480145225735446,0.6480145225735446,False,both,min,none,none,0,moving_average,4,2.0,peak,15,-1,-1,15,False,0.5891204116251055,False,False,False,False,False,False,False,,,18.965517241379313
frame_000166.jpg,31.7798609232902,30.156777813686084,166,True,0.07074637275953516,0.0,0.0,0.21639985698550257,False,False,False,False,False,0.32692430459542643,0.12,0.18,False,False,True,True,True,31.7798609232902,30.156777813686084,31.7798609232902,30.156777813686084,False,False,False,False,0.7838620399732392,0.4683792475534579,0.4683792475534579,False,both,min,none,none,0,moving_average,4,2.0,peak,15,-1,-1,15,False,0.5451813000090416,False,False,False,False,False,False,False,,,19.080459770114945
frame_000167.jpg,,,167,False,,,,0.0,False,False,False,False,False,0.32692430459542643,0.12,0.18,True,True,False,False,False,,,31.85555086305213,30.424015882494597,True,True,False,False,0.7947192548305101,0.5191501299001224,0.5191501299001224,False,missing,min,none,none,0,moving_average,4,2.0,peak,15,-1,-1,15,False,0.5191501299001224,False,False,False,False,False,False,False,,,19.195402298850578
frame_000168.jpg,,,168,False,,,,0.0,False,False,False,False,False,0.32692430459542643,0.12,0.18,True,True,False,False,False,,,31.931240802814056,30.69125395130311,True,True,False,False,0.8055764696877804,0.569921012246787,0.569921012246787,False,missing,min,none,none,0,moving_average,4,2.0,peak,15,-1,-1,15,False,0.569921012246787,False,False,False,False,False,False,False,,,19.31034482758621
frame_000169.jpg,,,169,False,,,,0.0,False,False,False,False,False,0.32692430459542643,0.12,0.18,True,True,False,False,False,,,32.00693074257598,30.958492020111624,True,True,False,False,0.8164336845450507,0.6206918945934516,0.6206918945934516,False,missing,min,none,none,0,moving_average,4,2.0,peak,15,-1,-1,15,False,0.6206918945934516,False,False,False,False,False,False,False,,,19.425287356321842
frame_000170.jpg,,,170,False,,,,0.0,False,False,False,False,False,0.32692430459542643,0.12,0.18,True,True,False,False,False,,,32.08262068233791,31.225730088920137,True,True,False,False,0.8272908994023216,0.6714627769401162,0.6714627769401162,False,missing,min,none,none,0,moving_average,4,2.0,peak,15,-1,-1,15,False,0.6714627769401162,False,False,False,False,False,False,False,,,19.540229885057474
frame_000171.jpg,32.15831062209984,31.49296815772865,171,True,,,,0.0,False,False,False,False,False,0.32692430459542643,0.12,0.18,False,False,True,True,True,32.15831062209984,31.49296815772865,32.15831062209984,31.49296815772865,False,False,False,False,0.8381481142595925,0.7222336592867808,0.7222336592867808,False,both,min,none,none,0,moving_average,4,2.0,peak,15,-1,-1,15,False,0.6892292278927941,False,False,False,False,False,False,False,,,19.655172413793107
frame_000172.jpg,32.265613598001,31.23903896883843,172,True,0.023943964734984866,0.0,0.0,0.07324008768517798,False,False,False,False,False,0.32692430459542643,0.12,0.18,False,False,True,True,True,32.265613598001,31.23903896883843,32.265613598001,31.23903896883843,False,False,False,False,0.8535400073942395,0.6739912474514851,0.6739912474514851,False,both,min,none,none,0,moving_average,4,2.0,peak,15,-1,-1,15,False,0.6957899825798874,True,False,False,False,False,False,False,10,,19.77011494252874
frame_000173.jpg,32.08268972878508,31.329329829448604,173,True,0.03908231993705846,0.0,0.0,0.11954547088636741,False,False,False,False,False,0.32692430459542643,0.12,0.18,False,False,True,True,True,32.08268972878508,31.329329829448604,32.08268972878508,31.329329829448604,False,False,False,False,0.8273008036526668,0.6911450410013965,0.6911450410013965,False,both,min,none,none,0,moving_average,4,2.0,peak,15,-1,-1,15,False,0.691062122467715,False,False,False,False,False,False,False,,,19.885057471264368
frame_000174.jpg,32.16623671981136,31.41831133786012,174,True,0.03908231993705724,0.0,0.0,0.11954547088636368,False,False,False,False,False,0.32692430459542643,0.12,0.18,False,False,True,True,True,32.16623671981136,31.41831133786012,32.16623671981136,31.41831133786012,False,False,False,False,0.8392850598841279,0.7080500789502637,0.7080500789502637,False,both,min,none,none,0,moving_average,4,2.0,peak,15,-1,-1,15,False,0.6563066794015782,False,False,False,False,False,False,False,,,20.0
frame_000175.jpg,31.910434674665233,30.690221789210142,175,True,0.03908231993705846,0.0,0.0,0.11954547088636741,False,False,False,False,False,0.32692430459542643,0.12,0.18,False,False,True,True,True,31.910434674665233,30.690221789210142,31.910434674665233,30.690221789210142,False,False,False,False,0.8025919699726239,0.5697249182530741,0.5697249182530741,False,both,min,none,none,0,moving_average,4,2.0,peak,15,-1,-1,15,False,0.6431700425274104,False,False,False,False,False,False,False,,,20.114942528735632
frame_000176.jpg,31.836752787898018,31.121891472660508,176,True,0.07066848489931635,0.0,0.0,0.2161616126606727,False,False,False,False,False,0.32692430459542643,0.12,0.18,False,False,True,True,True,31.836752787898018,31.121891472660508,31.836752787898018,31.121891472660508,False,False,False,False,0.7920227968667004,0.6517351303788934,0.6517351303788934,False,both,min,none,none,0,moving_average,4,2.0,peak,15,-1,-1,15,False,0.6191819464727317,False,False,False,False,False,False,False,,,20.229885057471265
frame_000177.jpg,31.820298510418425,31.039519469307933,177,True,0.04518912172417681,0.0,0.0,0.13822502973616171,False,False,False,False,False,0.32692430459542643,0.12,0.18,False,False,True,True,True,31.820298510418425,31.039519469307933,31.820298510418425,31.039519469307933,False,False,False,False,0.7896625409796036,0.6360857907862276,0.6360857907862276,False,both,min,none,none,0,moving_average,4,2.0,peak,15,-1,-1,15,False,0.583772759768792,False,False,False,False,False,False,False,,,20.344827586206897
frame_000178.jpg,31.77058200822109,30.131081457066834,178,True,0.04518912172417681,0.0,0.0,0.13822502973616171,False,False,False,False,False,0.32692430459542643,0.12,0.18,False,False,True,True,True,31.77058200822109,30.131081457066834,31.77058200822109,30.131081457066834,False,False,False,False,0.7825310417604705,0.46349735814125487,0.46349735814125487,False,both,min,none,none,0,moving_average,4,2.0,peak,15,-1,-1,15,False,0.5156659146216732,False,False,False,False,False,False,False,,,20.45977011494253
frame_000179.jpg,31.7045747065705,30.046428081332298,179,True,0.04435532817349753,0.0,0.0,0.13567461198208525,False,False,False,False,False,0.32692430459542643,0.12,0.18,False,False,True,True,True,31.7045747065705,30.046428081332298,31.7045747065705,30.046428081332298,False,False,False,False,0.7730627364820772,0.4474145949375372,0.4474145949375372,False,both,min,none,none,0,moving_average,4,2.0,peak,15,-1,-1,15,False,0.48205894462797216,False,False,False,False,False,False,False,,,20.57471264367816
frame_000180.jpg,32.00048951116656,30.5088376289787,180,True,0.13906447494132357,0.0,0.0,0.4253720906844717,False,False,False,False,False,0.32692430459542643,0.12,0.18,False,False,True,True,True,32.00048951116656,30.5088376289787,32.00048951116656,30.5088376289787,False,False,False,False,0.8155097330453214,0.5352648808051246,0.5352648808051246,False,both,min,none,none,0,moving_average,4,2.0,peak,15,-1,-1,15,False,0.5215406554795933,False,False,False,False,False,False,False,,,20.689655172413794
frame_000181.jpg,,,181,False,,,,0.0,False,False,False,False,False,0.32692430459542643,0.12,0.18,True,True,False,False,False,,,32.10991138173786,30.754530312408807,True,True,False,False,0.8312055674271925,0.5819424906961181,0.5819424906961181,False,missing,min,none,none,0,moving_average,4,2.0,peak,15,-1,-1,15,False,0.5819424906961178,False,False,False,False,False,False,False,,,20.804597701149426
frame_000182.jpg,,,182,False,,,,0.0,False,False,False,False,False,0.32692430459542643,0.12,0.18,True,True,False,False,False,,,32.219333252309156,31.00022299583891,True,True,False,False,0.8469014018090637,0.6286201005871109,0.6286201005871109,False,missing,min,none,none,0,moving_average,4,2.0,peak,15,-1,-1,15,False,0.6286201005871112,False,False,False,False,False,False,False,,,20.919540229885058
frame_000183.jpg,,,183,False,,,,0.0,False,False,False,False,False,0.32692430459542643,0.12,0.18,True,True,False,False,False,,,32.32875512288046,31.245915679269018,True,True,False,False,0.8625972361909359,0.6752977104781045,0.6752977104781045,False,missing,min,none,none,0,moving_average,4,2.0,peak,15,-1,-1,15,False,0.6752977104781042,False,False,False,False,False,False,False,,,21.03448275862069
frame_000184.jpg,,,184,False,,,,0.0,False,False,False,False,False,0.32692430459542643,0.12,0.18,True,True,False,False,False,,,32.438176993451755,31.49160836269912,True,True,False,False,0.878293070572807,0.7219753203690974,0.7219753203690974,False,missing,min,none,none,0,moving_average,4,2.0,peak,15,-1,-1,15,False,0.7219753203690975,True,False,False,False,False,False,False,11,,21.149425287356323
frame_000185.jpg,32.54759886402305,31.73730104612923,185,True,,,,0.0,False,False,False,False,False,0.32692430459542643,0.12,0.18,False,False,True,True,True,32.54759886402305,31.73730104612923,32.54759886402305,31.73730104612923,False,False,False,False,0.8939889049546782,0.768652930260091,0.768652930260091,False,both,min,none,none,0,moving_average,4,2.0,peak,15,-1,-1,15,False,0.6559422809893941,False,False,False,False,False,False,False,,,21.264367816091955
frame_000186.jpg,32.235169518667824,30.203199395500448,186,True,0.05885731756449253,0.0,0.0,0.18003347177668333,False,False,False,False,False,0.32692430459542643,0.12,0.18,False,False,True,True,True,32.235169518667824,30.203199395500448,32.235169518667824,30.203199395500448,False,False,False,False,0.8491730081405503,0.4771985923389942,0.4771985923389942,False,both,min,none,none,0,moving_average,4,2.0,peak,15,-1,-1,15,False,0.5820890611676186,False,False,False,False,False,False,False,,,21.379310344827587
frame_000187.jpg,32.276042439150196,30.325404964516984,187,True,0.03225299259215776,0.0,0.0,0.09865584215915457,False,False,False,False,False,0.32692430459542643,0.12,0.18,False,False,True,True,True,32.276042439150196,30.325404964516984,32.276042439150196,30.325404964516984,False,False,False,False,0.8550359548005299,0.5004156609037709,0.5004156609037709,False,both,min,none,none,0,moving_average,4,2.0,peak,15,-1,-1,15,False,0.5011445002471081,False,False,False,False,False,False,False,,,21.49425287356322
frame_000188.jpg,32.271900018312486,30.459119509323337,188,True,0.0397495469477151,0.0,0.0,0.12158639290188517,False,False,False,False,False,0.32692430459542643,0.12,0.18,False,False,True,True,True,32.271900018312486,30.459119509323337,32.271900018312486,30.459119509323337,False,False,False,False,0.8544417522789568,0.5258192474985594,0.5258192474985594,False,both,min,none,none,0,moving_average,4,2.0,peak,15,-1,-1,15,False,0.48142062728495105,False,False,False,False,False,False,False,,,21.60919540229885
frame_000189.jpg,32.255127843461075,29.891743134970582,189,True,0.040386012094560976,0.0,0.0,0.12353322015791775,False,False,False,False,False,0.32692430459542643,0.12,0.18,False,False,True,True,True,32.255127843461075,29.891743134970582,32.255127843461075,29.891743134970582,False,False,False,False,0.8520358961432768,0.41802697345252293,0.41802697345252293,False,both,min,none,none,0,moving_average,4,2.0,peak,15,-1,-1,15,False,0.41255956653166054,False,False,False,False,False,False,False,,,21.724137931034484
frame_000190.jpg,32.261534288776865,29.238031885229304,190,True,0.040386012094560976,0.0,0.0,0.12353322015791775,False,False,False,False,False,0.32692430459542643,0.12,0.18,False,False,True,True,True,32.261534288776865,29.238031885229304,32.261534288776865,29.238031885229304,False,False,False,False,0.8529548578108863,0.29383247864389944,0.29383247864389944,False,both,min,none,none,0,moving_average,4,2.0,peak,15,-1,-1,15,False,0.32265810805814776,False,False,False,False,False,False,False,,,21.839080459770116
frame_000191.jpg,32.261324160093466,29.03950115515609,191,True,0.025262610538536134,0.0,0.0,0.07727357734934691,False,False,False,False,False,0.32692430459542643,0.12,0.18,False,False,True,True,True,32.261324160093466,29.03950115515609,32.261324160093466,29.03950115515609,False,False,False,False,0.852924716258779,0.2561148720780209,0.2561148720780209,False,both,min,none,none,0,moving_average,4,2.0,peak,15,-1,-1,15,False,0.2950188206867744,False,False,False,False,False,False,False,,,21.95402298850575
frame_000192.jpg,32.259862984372106,29.45529593695249,192,True,0.025262610538536134,0.0,0.0,0.07727357734934691,False,False,False,False,False,0.32692430459542643,0.12,0.18,False,False,True,True,True,32.259862984372106,29.45529593695249,32.259862984372106,29.45529593695249,False,False,False,False,0.8527151203890909,0.3351091113384028,0.3351091113384028,False,both,min,none,none,0,moving_average,4,2.0,peak,15,-1,-1,15,False,0.34988664497918115,False,False,False,False,False,False,False,,,22.06896551724138
frame_000193.jpg,32.23747682458382,30.10444019207199,193,True,0.04827141424910069,0.0,0.0,0.1476531832310151,False,False,False,False,False,0.32692430459542643,0.12,0.18,False,False,True,True,True,32.23747682458382,30.10444019207199,32.23747682458382,30.10444019207199,False,False,False,False,0.8495039757189398,0.4584359515211198,0.4584359515211198,False,both,min,none,none,0,moving_average,4,2.0,peak,15,-1,-1,15,False,0.4082704658136192,False,False,False,False,False,False,False,,,22.183908045977013
frame_000194.jpg,32.175985503013194,29.96142995420221,194,True,0.07691082877646162,0.0,0.0,0.2352557692877557,False,False,False,False,False,0.32692430459542643,0.12,0.18,False,False,True,True,True,32.175985503013194,29.96142995420221,32.175985503013194,29.96142995420221,False,False,False,False,0.8406834575331709,0.431266334581335,0.431266334581335,False,both,min,none,none,0,moving_average,4,2.0,peak,15,-1,-1,15,False,0.4111474842973514,True,False,False,False,False,False,False,12,,22.298850574712645
frame_000195.jpg,32.150402481984074,29.50072643734852,195,True,0.02249717415095046,0.0,0.0,0.06881462722323761,False,False,False,False,False,0.32692430459542643,0.12,0.18,False,False,True,True,True,32.150402481984074,29.50072643734852,32.150402481984074,29.50072643734852,False,False,False,False,0.8370137445318805,0.3437401667895993,0.3437401667895993,False,both,min,none,none,0,moving_average,4,2.0,peak,15,-1,-1,15,False,0.3712144742956879,False,False,False,False,False,False,False,,,22.413793103448278
frame_000196.jpg,32.14285859870871,29.4738649500451,196,True,0.010050617667817164,0.0,0.0,0.0307429503604969,False,False,False,False,False,0.32692430459542643,0.12,0.18,False,False,True,True,True,32.14285859870871,29.4738649500451,32.14285859870871,29.4738649500451,False,False,False,False,0.8359316250079862,0.3386369215161295,0.3386369215161295,False,both,min,none,none,0,moving_average,4,2.0,peak,15,-1,-1,15,False,0.3478030059836771,False,False,False,False,False,False,False,,,22.52873563218391
frame_000197.jpg,32.1369047235753,29.59174351442629,197,True,0.013606806218145112,0.0,0.0,0.04162066272491956,False,False,False,False,False,0.32692430459542643,0.12,0.18,False,False,True,True,True,32.1369047235753,29.59174351442629,32.1369047235753,29.59174351442629,False,False,False,False,0.8350775815015419,0.3610319296453024,0.3610319296453024,False,both,min,none,none,0,moving_average,4,2.0,peak,15,-1,-1,15,False,0.3608207544341661,False,False,False,False,False,False,False,,,22.643678160919542
frame_000198.jpg,32.245148718490995,29.70628744763726,198,True,0.029251309834915976,0.0,0.0,0.08947425879245931,False,False,False,False,False,0.32692430459542643,0.12,0.18,False,False,True,True,True,32.245148718490995,29.70628744763726,32.245148718490995,29.70628744763726,False,False,False,False,0.8506044575105008,0.38279341214106644,0.38279341214106644,False,both,min,none,none,0,moving_average,4,2.0,peak,15,-1,-1,15,False,0.44793555217790115,False,False,False,False,False,False,False,,,22.758620689655174
frame_000199.jpg,32.50190731160149,30.849479627453366,199,True,0.04716015268962869,0.0,0.0,0.14425404299013517,False,False,False,False,False,0.32692430459542643,0.12,0.18,False,False,True,True,True,32.50190731160149,30.849479627453366,32.50190731160149,30.849479627453366,False,False,False,False,0.8874347578201519,0.5999813147473347,0.5999813147473347,False,both,min,none,none,0,moving_average,4,2.0,peak,15,-1,-1,15,False,0.5417229147895529,False,False,False,False,False,False,False,,,22.873563218390807
frame_000200.jpg,32.6428139002196,31.072723507555846,200,True,0.02984656858538142,0.0,0.0,0.09129504342700058,False,False,False,False,False,0.32692430459542643,0.12,0.18,False,False,True,True,True,32.6428139002196,31.072723507555846,32.6428139002196,31.072723507555846,False,False,False,False,0.9076468641085674,0.6423940174802577,0.6423940174802577,False,both,min,none,none,0,moving_average,4,2.0,peak,15,-1,-1,15,False,0.6136838714147412,True,False,False,False,False,False,False,13,,22.98850574712644
frame_000201.jpg,32.60533316124912,30.84261044554111,201,True,0.017645350452407636,0.0,0.0,0.053973810464303086,False,False,False,False,False,0.32692430459542643,0.12,0.18,False,False,True,True,True,32.60533316124912,30.84261044554111,32.60533316124912,30.84261044554111,False,False,False,False,0.9022705031642763,0.5986762820166314,0.5986762820166314,False,both,min,none,none,0,moving_average,4,2.0,peak,15,-1,-1,15,False,0.5961747405247229,False,False,False,False,False,False,False,,,23.10344827586207
frame_000202.jpg,32.58677178425205,30.572995975251995,202,True,0.02026130946429242,0.0,0.0,0.06197553739348343,False,False,False,False,False,0.32692430459542643,0.12,0.18,False,False,True,True,True,32.58677178425205,30.572995975251995,32.58677178425205,30.572995975251995,False,False,False,False,0.8996079979655952,0.5474539220772798,0.5474539220772798,False,both,min,none,none,0,moving_average,4,2.0,peak,15,-1,-1,15,False,0.38204340136463705,False,False,False,False,False,False,False,,,23.218390804597703
frame_000203.jpg,32.31769833353757,27.691412631897123,203,True,0.14161493323487864,0.0,0.0,0.43317346322760913,False,False,False,False,False,0.32692430459542643,0.12,0.18,False,False,True,True,True,32.31769833353757,27.691412631897123,32.31769833353757,27.691412631897123,False,False,False,False,0.8610112138225089,0.0,0.0,False,both,min,none,none,0,moving_average,4,2.0,peak,15,-1,-1,15,False,0.19824791032746553,False,False,False,False,False,False,False,,,23.333333333333336
frame_000204.jpg,32.30315939187975,27.94032769151411,204,True,0.015189237001984312,0.0,0.0,0.0464610210635187,False,False,False,False,False,0.32692430459542643,0.12,0.18,False,False,True,True,True,32.30315939187975,27.94032769151411,32.30315939187975,27.94032769151411,False,False,False,False,0.858925700029358,0.04728980890511681,0.04728980890511681,False,both,min,none,none,0,moving_average,4,2.0,peak,15,-1,-1,15,False,0.024196806202870385,False,False,False,False,False,False,False,,,23.448275862068968
frame_000205.jpg,32.241624081495715,27.82458514662069,205,True,0.006266361252875037,0.0,0.0,0.019167621265203116,False,False,False,False,False,0.32692430459542643,0.12,0.18,False,False,True,True,True,32.241624081495715,27.82458514662069,32.241624081495715,27.82458514662069,False,False,False,False,0.8500988719429603,0.025300609703494355,0.025300609703494355,False,both,min,none,none,0,moving_average,4,2.0,peak,15,-1,-1,15,False,0.03663370469906954,False,False,False,False,False,False,False,,,23.5632183908046
frame_000206.jpg,32.205843316629164,27.887801541197422,206,True,0.0035879240337575832,0.0,0.0,0.010974785243323194,False,False,False,False,False,0.32692430459542643,0.12,0.18,False,False,True,True,True,32.205843316629164,27.887801541197422,32.205843316629164,27.887801541197422,False,False,False,False,0.8449663608967692,0.03731069548859747,0.03731069548859747,False,both,min,none,none,0,moving_average,4,2.0,peak,15,-1,-1,15,False,0.04120513936311185,False,False,False,False,False,False,False,,,23.678160919540232
frame_000207.jpg,32.16585824245429,28.012514424233945,207,True,0.018303482219639313,0.0,0.0,0.05598691183969983,False,False,False,False,False,0.32692430459542643,0.12,0.18,False,False,True,True,True,32.16585824245429,28.012514424233945,32.16585824245429,28.012514424233945,False,False,False,False,0.8392307698424498,0.06100411289724373,0.06100411289724373,False,both,min,none,none,0,moving_average,4,2.0,peak,15,-1,-1,15,False,0.06237116638238478,False,False,False,False,False,False,False,,,23.793103448275865
frame_000208.jpg,32.209379788242224,28.15881421199467,208,True,0.01083280954338215,0.0,0.0,0.033135528289302045,False,False,False,False,False,0.32692430459542643,0.12,0.18,False,False,True,True,True,32.209379788242224,28.15881421199467,32.209379788242224,28.15881421199467,False,False,False,False,0.8454736440609573,0.08879869076131316,0.08879869076131316,False,both,min,none,none,0,moving_average,4,2.0,peak,15,-1,-1,15,False,0.07061708946626044,False,False,False,False,False,False,False,,,23.908045977011497
frame_000209.jpg,32.30461078747721,28.018011483902303,209,True,0.0440147787147,0.0,0.0,0.13463293519632602,False,False,False,False,False,0.32692430459542643,0.12,0.18,False,False,True,True,True,32.30461078747721,28.018011483902303,32.30461078747721,28.018011483902303,False,False,False,False,0.8591338930057832,0.06204846474022442,0.06204846474022442,False,both,min,none,none,0,moving_average,4,2.0,peak,15,-1,-1,15,False,0.07976537674251005,False,False,False,False,False,False,False,,,24.02298850574713
frame_000210.jpg,32.303210935345376,28.15697344355436,210,True,0.00929483690445953,0.0,0.0,0.02843115905977693,False,False,False,False,False,0.32692430459542643,0.12,0.18,False,False,True,True,True,32.303210935345376,28.15697344355436,32.303210935345376,28.15697344355436,False,False,False,False,0.858933093594243,0.0884489747259926,0.0884489747259926,False,both,min,none,none,0,moving_average,4,2.0,peak,15,-1,-1,15,False,0.1212551854149087,False,False,False,False,False,False,False,,,24.13793103448276
frame_000211.jpg,32.323792434749755,28.813972592095677,211,True,0.062310336812700505,0.0,0.0,0.190595608637328,False,False,False,False,False,0.32692430459542643,0.12,0.18,False,False,True,True,True,32.323792434749755,28.813972592095677,32.323792434749755,28.813972592095677,False,False,False,False,0.8618853718206623,0.21326811677850913,0.21326811677850913,False,both,min,none,none,0,moving_average,4,2.0,peak,15,-1,-1,15,False,0.20755388439941236,False,False,False,False,False,False,False,,,24.252873563218394
frame_000212.jpg,32.37880605719973,29.380739287203188,212,True,0.029103561065969022,0.0,0.0,0.08902232307868667,False,False,False,False,False,0.32692430459542643,0.12,0.18,False,False,True,True,True,32.37880605719973,29.380739287203188,32.37880605719973,29.380739287203188,False,False,False,False,0.8697767074578008,0.32094456169373536,0.32094456169373536,False,both,min,none,none,0,moving_average,4,2.0,peak,15,-1,-1,15,False,0.28269335994224726,False,False,False,False,False,False,False,,,24.367816091954026
frame_000213.jpg,32.33329898310249,29.34348788296734,213,True,0.007767192411522124,0.0,0.0,0.023758381687571797,False,False,False,False,False,0.32692430459542643,0.12,0.18,False,False,True,True,True,32.33329898310249,29.34348788296734,32.33329898310249,29.34348788296734,False,False,False,False,0.8632490225031875,0.3138674013544973,0.3138674013544973,False,both,min,none,none,0,moving_average,4,2.0,peak,15,-1,-1,15,False,0.29880415595059634,True,False,False,False,False,False,False,14,,24.48275862068966
frame_000214.jpg,32.338033826248115,29.068375380460175,214,True,0.007767192411521945,0.0,0.0,0.023758381687571252,False,False,False,False,False,0.32692430459542643,0.12,0.18,False,False,True,True,True,32.338033826248115,29.068375380460175,32.338033826248115,29.068375380460175,False,False,False,False,0.863928204036549,0.26160050480355634,0.26160050480355634,False,both,min,none,none,0,moving_average,4,2.0,peak,15,-1,-1,15,False,0.25972115920373595,False,False,False,False,False,False,False,,,24.59770114942529
frame_000215.jpg,32.24067276328701,28.763586457207126,215,True,0.007767192411522124,0.0,0.0,0.023758381687571797,False,False,False,False,False,0.32692430459542643,0.12,0.18,False,False,True,True,True,32.24067276328701,28.763586457207126,32.24067276328701,28.763586457207126,False,False,False,False,0.8499624117182324,0.20369557145315417,0.20369557145315417,False,both,min,none,none,0,moving_average,4,2.0,peak,15,-1,-1,15,False,0.21788367518209673,False,False,False,False,False,False,False,,,24.712643678160923
frame_000216.jpg,32.20286219272933,28.68283942166572,216,True,0.007732883407864021,0.0,0.0,0.023653436894003878,False,False,False,False,False,0.32692430459542643,0.12,0.18,False,False,True,True,True,32.20286219272933,28.68283942166572,32.20286219272933,28.68283942166572,False,False,False,False,0.8445387386421015,0.18835494928957974,0.18835494928957974,False,both,min,none,none,0,moving_average,4,2.0,peak,15,-1,-1,15,False,0.18112706531080455,False,False,False,False,False,False,False,,,24.827586206896555
frame_000217.jpg,32.118487000045214,28.48795812253966,217,True,0.007732883407864021,0.0,0.0,0.023653436894003878,False,False,False,False,False,0.32692430459542643,0.12,0.18,False,False,True,True,True,32.118487000045214,28.48795812253966,32.118487000045214,28.48795812253966,False,False,False,False,0.8324356824304512,0.1513306751896798,0.1513306751896798,False,both,min,none,none,0,moving_average,4,2.0,peak,15,-1,-1,15,False,0.1597767305760565,False,False,False,False,False,False,False,,,24.942528735632187
frame_000218.jpg,32.12829479828353,28.42644702063177,218,True,0.007732883407864021,0.0,0.0,0.023653436894003878,False,False,False,False,False,0.32692430459542643,0.12,0.18,False,False,True,True,True,32.12829479828353,28.42644702063177,32.12829479828353,28.42644702063177,False,False,False,False,0.8338425453911704,0.13964456724891,0.13964456724891,False,both,min,none,none,0,moving_average,4,2.0,peak,15,-1,-1,15,False,0.13831481248456293,False,False,False,False,False,False,False,,,25.05747126436782
frame_000219.jpg,32.17569873611827,28.34393799163725,219,True,0.007732883407864021,0.0,0.0,0.023653436894003878,False,False,False,False,False,0.32692430459542643,0.12,0.18,False,False,True,True,True,32.17569873611827,28.34393799163725,32.17569873611827,28.34393799163725,False,False,False,False,0.8406423227429738,0.12396919501509897,0.12396919501509897,False,both,min,none,none,0,moving_average,4,2.0,peak,15,-1,-1,15,False,0.12084768873131177,False,False,False,False,False,False,False,,,25.172413793103452
frame_000220.jpg,32.11508990191098,28.2121377977567,220,True,0.068242617490847,0.0,0.0,0.20874134021726595,False,False,False,False,False,0.32692430459542643,0.12,0.18,False,False,True,True,True,32.11508990191098,28.2121377977567,32.11508990191098,28.2121377977567,False,False,False,False,0.831948391458221,0.0989293039299264,0.0989293039299264,False,both,min,none,none,0,moving_average,4,2.0,peak,15,-1,-1,15,False,0.16275110259366496,False,False,False,False,False,False,False,,,25.287356321839084
frame_000221.jpg,32.237831397462834,29.08813656862491,221,True,0.03038294293721937,0.0,0.0,0.09293571175388353,False,False,False,False,False,0.32692430459542643,0.12,0.18,False,False,True,True,True,32.237831397462834,29.08813656862491,32.237831397462834,29.08813656862491,False,False,False,False,0.8495548368233625,0.2653548088359695,0.2653548088359695,False,both,min,none,none,0,moving_average,4,2.0,peak,15,-1,-1,15,False,0.24034750183553055,False,False,False,False,False,False,False,,,25.402298850574716
frame_000222.jpg,32.37825384952097,29.569249287487885,222,True,0.023289112617614415,0.0,0.0,0.07123701814227312,False,False,False,False,False,0.32692430459542643,0.12,0.18,False,False,True,True,True,32.37825384952097,29.569249287487885,32.37825384952097,29.569249287487885,False,False,False,False,0.8696974969651914,0.3567583927406958,0.3567583927406958,False,both,min,none,none,0,moving_average,4,2.0,peak,15,-1,-1,15,False,0.3723460302688642,False,False,False,False,False,False,False,,,25.517241379310345
frame_000223.jpg,32.57446462591589,30.296503689798783,223,True,0.040217374307007156,0.0,0.0,0.12301738886246692,False,False,False,False,False,0.32692430459542643,0.12,0.18,False,False,True,True,True,32.57446462591589,30.296503689798783,32.57446462591589,30.296503689798783,False,False,False,False,0.8978426185405558,0.49492488922992733,0.49492488922992733,False,both,min,none,none,0,moving_average,4,2.0,peak,15,-1,-1,15,False,0.4467335084851085,False,False,False,False,False,False,False,,,25.632183908045977
frame_000224.jpg,32.57027209122991,30.262776348546943,224,True,0.00892218465502495,0.0,0.0,0.027291285871407705,False,False,False,False,False,0.32692430459542643,0.12,0.18,False,False,True,True,True,32.57027209122991,30.262776348546943,32.57027209122991,30.262776348546943,False,False,False,False,0.8972412275231314,0.4885172434847025,0.4885172434847025,False,both,min,none,none,0,moving_average,4,2.0,peak,15,-1,-1,15,False,0.45040939955605214,True,False,False,False,False,False,False,15,,25.74712643678161
frame_000225.jpg,32.51653991465592,29.627294646493585,225,True,0.02615783753304745,0.0,0.0,0.08001190846125115,False,False,False,False,False,0.32692430459542643,0.12,0.18,False,False,True,True,True,32.51653991465592,29.627294646493585,32.51653991465592,29.627294646493585,False,False,False,False,0.8895337067132651,0.3677860659535267,0.3677860659535267,False,both,min,none,none,0,moving_average,4,2.0,peak,15,-1,-1,15,False,0.36198182778091037,False,False,False,False,False,False,False,,,25.862068965517242
frame_000226.jpg,32.303378547694905,28.90015922511562,226,True,0.04088641154027815,0.0,0.0,0.12506384800871773,False,False,False,False,False,0.32692430459542643,0.12,0.18,False,False,True,True,True,32.303378547694905,28.90015922511562,32.303378547694905,28.90015922511562,False,False,False,False,0.858957136463048,0.22964217390450203,0.22964217390450203,False,both,min,none,none,0,moving_average,4,2.0,peak,15,-1,-1,15,False,0.2807156649209971,False,False,False,False,False,False,False,,,25.977011494252874
frame_000227.jpg,,,227,False,,,,0.0,False,False,False,False,False,0.32692430459542643,0.12,0.18,True,True,False,False,False,,,32.25546529350686,28.97951645123763,True,True,False,False,0.8520843010919688,0.24471875490496267,0.24471875490496267,False,missing,min,none,none,0,moving_average,4,2.0,peak,15,-1,-1,15,False,0.24471875490496267,False,False,False,False,False,False,False,,,26.091954022988507
frame_000228.jpg,,,228,False,,,,0.0,False,False,False,False,False,0.32692430459542643,0.12,0.18,True,True,False,False,False,,,32.207552039318806,29.05887367735964,True,True,False,False,0.8452114657208885,0.2597953359054233,0.2597953359054233,False,missing,min,none,none,0,moving_average,4,2.0,peak,15,-1,-1,15,False,0.2597953359054233,False,False,False,False,False,False,False,,,26.20689655172414
frame_000229.jpg,,,229,False,,,,0.0,False,False,False,False,False,0.32692430459542643,0.12,0.18,True,True,False,False,False,,,32.15963878513076,29.13823090348165,True,True,False,False,0.8383386303498092,0.2748719169058839,0.2748719169058839,False,missing,min,none,none,0,moving_average,4,2.0,peak,15,-1,-1,15,False,0.27487191690588414,False,False,False,False,False,False,False,,,26.32183908045977
frame_000230.jpg,,,230,False,,,,0.0,False,False,False,False,False,0.32692430459542643,0.12,0.18,True,True,False,False,False,,,32.111725530942714,29.217588129603662,True,True,False,False,0.8314657949787299,0.28994849790634525,0.28994849790634525,False,missing,min,none,none,0,moving_average,4,2.0,peak,15,-1,-1,15,False,0.28994849790634497,False,False,False,False,False,False,False,,,26.436781609195403
frame_000231.jpg,,,231,False,,,,0.0,False,False,False,False,False,0.32692430459542643,0.12,0.18,True,True,False,False,False,,,32.06381227675466,29.296945355725672,True,True,False,False,0.8245929596076496,0.30502507890680586,0.30502507890680586,False,missing,min,none,none,0,moving_average,4,2.0,peak,15,-1,-1,15,False,0.30502507890680586,False,False,False,False,False,False,False,,,26.551724137931036
frame_000232.jpg,32.015899022566614,29.376302581847682,232,True,,,,0.0,False,False,False,False,False,0.32692430459542643,0.12,0.18,False,False,True,True,True,32.015899022566614,29.376302581847682,32.015899022566614,29.376302581847682,False,False,False,False,0.8177201242365703,0.32010165990726647,0.32010165990726647,False,both,min,none,none,0,moving_average,4,2.0,peak,15,-1,-1,15,False,0.33492141564414796,False,False,False,False,False,False,False,,,26.666666666666668
frame_000233.jpg,32.12892919064773,29.689676003096835,233,True,0.0149958323834456,0.0,0.0,0.04586943268718782,False,False,False,False,False,0.32692430459542643,0.12,0.18,False,False,True,True,True,32.12892919064773,29.689676003096835,32.12892919064773,29.689676003096835,False,False,False,False,0.8339335447264011,0.3796375081183716,0.3796375081183716,False,both,min,none,none,0,moving_average,4,2.0,peak,15,-1,-1,15,False,0.3514128665359381,False,False,False,False,False,False,False,,,26.7816091954023
frame_000234.jpg,32.15513824329896,29.557358999401217,234,True,0.0149958323834456,0.0,0.0,0.04586943268718782,False,False,False,False,False,0.32692430459542643,0.12,0.18,False,False,True,True,True,32.15513824329896,29.557358999401217,32.15513824329896,29.557358999401217,False,False,False,False,0.8376930577704715,0.35449943158217634,0.35449943158217634,False,both,min,none,none,0,moving_average,4,2.0,peak,15,-1,-1,15,False,0.36554970270795556,False,False,False,False,False,False,False,,,26.896551724137932
frame_000235.jpg,32.22577166633973,29.599534912450686,235,True,0.02658122484163527,0.0,0.0,0.0813069706595535,False,False,False,False,False,0.32692430459542643,0.12,0.18,False,False,True,True,True,32.22577166633973,29.599534912450686,32.22577166633973,29.599534912450686,False,False,False,False,0.8478249491746701,0.36251216842331885,0.36251216842331885,False,both,min,none,none,0,moving_average,4,2.0,peak,15,-1,-1,15,False,0.359841256142938,False,False,False,False,False,False,False,,,27.011494252873565
frame_000236.jpg,,,236,False,,,,0.0,False,False,False,False,False,0.32692430459542643,0.12,0.18,True,True,False,False,False,,,32.22577166633973,29.599534912450686,True,True,False,False,0.8478249491746701,0.36251216842331885,0.36251216842331885,False,missing,min,none,none,0,moving_average,4,2.0,peak,15,-1,-1,15,False,0.36251216842331885,False,False,False,False,False,False,False,,,27.126436781609197
frame_000237.jpg,,,237,False,,,,0.0,False,False,False,False,False,0.32692430459542643,0.12,0.18,True,True,False,False,False,,,32.22577166633973,29.599534912450686,True,True,False,False,0.8478249491746701,0.36251216842331885,0.36251216842331885,False,missing,min,none,none,0,moving_average,4,2.0,peak,15,-1,-1,15,False,0.36251216842331885,False,False,False,False,False,False,False,,,27.24137931034483
frame_000238.jpg,,,238,False,,,,0.0,False,False,False,False,False,0.32692430459542643,0.12,0.18,True,True,False,False,False,,,32.22577166633973,29.599534912450686,True,True,False,False,0.8478249491746701,0.36251216842331885,0.36251216842331885,False,missing,min,none,none,0,moving_average,4,2.0,peak,15,-1,-1,15,False,0.36251216842331885,False,False,False,False,False,False,False,,,27.35632183908046
frame_000239.jpg,,,239,False,,,,0.0,False,False,False,False,False,0.32692430459542643,0.12,0.18,True,True,False,False,False,,,32.22577166633973,29.599534912450686,True,True,False,False,0.8478249491746701,0.36251216842331885,0.36251216842331885,False,missing,min,none,none,0,moving_average,4,2.0,peak,15,-1,-1,15,False,0.36251216842331885,False,False,False,False,False,False,False,,,27.471264367816094
frame_000240.jpg,,,240,False,,,,0.0,False,False,False,False,False,0.32692430459542643,0.12,0.18,True,True,False,False,False,,,32.22577166633973,29.599534912450686,True,True,False,False,0.8478249491746701,0.36251216842331885,0.36251216842331885,False,missing,min,none,none,0,moving_average,4,2.0,peak,15,-1,-1,15,False,0.36251216842331885,False,False,False,False,False,False,False,,,27.586206896551726
frame_000241.jpg,,,241,False,,,,0.0,False,False,False,False,False,0.32692430459542643,0.12,0.18,True,True,False,False,False,,,32.22577166633973,29.599534912450686,True,True,False,False,0.8478249491746701,0.36251216842331885,0.36251216842331885,False,missing,min,none,none,0,moving_average,4,2.0,peak,15,-1,-1,15,False,0.36251216842331885,False,False,False,False,False,False,False,,,27.70114942528736
frame_000242.jpg,,,242,False,,,,0.0,False,False,False,False,False,0.32692430459542643,0.12,0.18,True,True,False,False,False,,,32.22577166633973,29.599534912450686,True,True,False,False,0.8478249491746701,0.36251216842331885,0.36251216842331885,False,missing,min,none,none,0,moving_average,4,2.0,peak,15,-1,-1,15,False,0.36251216842331885,False,False,False,False,False,False,False,,,27.81609195402299
frame_000243.jpg,,,243,False,,,,0.0,False,False,False,False,False,0.32692430459542643,0.12,0.18,True,True,False,False,False,,,32.22577166633973,29.599534912450686,True,True,False,False,0.8478249491746701,0.36251216842331885,0.36251216842331885,False,missing,min,none,none,0,moving_average,4,2.0,peak,15,-1,-1,15,False,0.36251216842331885,False,False,False,False,False,False,False,,,27.931034482758623
frame_000244.jpg,,,244,False,,,,0.0,False,False,False,False,False,0.32692430459542643,0.12,0.18,True,True,False,False,False,,,32.22577166633973,29.599534912450686,True,True,False,False,0.8478249491746701,0.36251216842331885,0.36251216842331885,False,missing,min,none,none,0,moving_average,4,2.0,peak,15,-1,-1,15,False,0.36251216842331885,False,False,False,False,False,False,False,,,28.045977011494255
frame_000245.jpg,,,245,False,,,,0.0,False,False,False,False,False,0.32692430459542643,0.12,0.18,True,True,False,False,False,,,32.22577166633973,29.599534912450686,True,True,False,False,0.8478249491746701,0.36251216842331885,0.36251216842331885,False,missing,min,none,none,0,moving_average,4,2.0,peak,15,-1,-1,15,False,0.36251216842331885,False,False,False,False,False,False,False,,,28.160919540229887
frame_000246.jpg,,,246,False,,,,0.0,False,False,False,False,False,0.32692430459542643,0.12,0.18,True,True,False,False,False,,,32.22577166633973,29.599534912450686,True,True,False,False,0.8478249491746701,0.36251216842331885,0.36251216842331885,False,missing,min,none,none,0,moving_average,4,2.0,peak,15,-1,-1,15,False,0.36251216842331885,False,False,False,False,False,False,False,,,28.27586206896552
frame_000247.jpg,,,247,False,,,,0.0,False,False,False,False,False,0.32692430459542643,0.12,0.18,True,True,False,False,False,,,32.22577166633973,29.599534912450686,True,True,False,False,0.8478249491746701,0.36251216842331885,0.36251216842331885,False,missing,min,none,none,0,moving_average,4,2.0,peak,15,-1,-1,15,False,0.36251216842331885,False,False,False,False,False,False,False,,,28.390804597701152
frame_000248.jpg,,,248,False,,,,0.0,False,False,False,False,False,0.32692430459542643,0.12,0.18,True,True,False,False,False,,,32.22577166633973,29.599534912450686,True,True,False,False,0.8478249491746701,0.36251216842331885,0.36251216842331885,False,missing,min,none,none,0,moving_average,4,2.0,peak,15,-1,-1,15,False,0.36251216842331885,False,False,False,False,False,False,False,,,28.505747126436784
frame_000249.jpg,,,249,False,,,,0.0,False,False,False,False,False,0.32692430459542643,0.12,0.18,True,True,False,False,False,,,32.22577166633973,29.599534912450686,True,True,False,False,0.8478249491746701,0.36251216842331885,0.36251216842331885,False,missing,min,none,none,0,moving_average,4,2.0,peak,15,-1,-1,15,False,0.36251216842331885,False,False,False,False,False,False,False,,,28.620689655172416
frame_000250.jpg,,,250,False,,,,0.0,False,False,False,False,False,0.32692430459542643,0.12,0.18,True,True,False,False,False,,,32.22577166633973,29.599534912450686,True,True,False,False,0.8478249491746701,0.36251216842331885,0.36251216842331885,False,missing,min,none,none,0,moving_average,4,2.0,peak,15,-1,-1,15,False,0.36251216842331885,False,False,False,False,False,False,False,,,28.73563218390805
frame_000251.jpg,,,251,False,,,,0.0,False,False,False,False,False,0.32692430459542643,0.12,0.18,True,True,False,False,False,,,32.22577166633973,29.599534912450686,True,True,False,False,0.8478249491746701,0.36251216842331885,0.36251216842331885,False,missing,min,none,none,0,moving_average,4,2.0,peak,15,-1,-1,15,False,0.36251216842331885,False,False,False,False,False,False,False,,,28.85057471264368
frame_000252.jpg,,,252,False,,,,0.0,False,False,False,False,False,0.32692430459542643,0.12,0.18,True,True,False,False,False,,,32.22577166633973,29.599534912450686,True,True,False,False,0.8478249491746701,0.36251216842331885,0.36251216842331885,False,missing,min,none,none,0,moving_average,4,2.0,peak,15,-1,-1,15,False,0.36251216842331885,False,False,False,False,False,False,False,,,28.965517241379313
frame_000253.jpg,,,253,False,,,,0.0,False,False,False,False,False,0.32692430459542643,0.12,0.18,True,True,False,False,False,,,32.22577166633973,29.599534912450686,True,True,False,False,0.8478249491746701,0.36251216842331885,0.36251216842331885,False,missing,min,none,none,0,moving_average,4,2.0,peak,15,-1,-1,15,False,0.36251216842331885,False,False,False,False,False,False,False,,,29.080459770114945
frame_000254.jpg,,,254,False,,,,0.0,False,False,False,False,False,0.32692430459542643,0.12,0.18,True,True,False,False,False,,,32.22577166633973,29.599534912450686,True,True,False,False,0.8478249491746701,0.36251216842331885,0.36251216842331885,False,missing,min,none,none,0,moving_average,4,2.0,peak,15,-1,-1,15,False,0.36251216842331885,False,False,False,False,False,False,False,,,29.195402298850578
frame_000255.jpg,,,255,False,,,,0.0,False,False,False,False,False,0.32692430459542643,0.12,0.18,True,True,False,False,False,,,32.22577166633973,29.599534912450686,True,True,False,False,0.8478249491746701,0.36251216842331885,0.36251216842331885,False,missing,min,none,none,0,moving_average,4,2.0,peak,15,-1,-1,15,False,0.36251216842331885,False,False,False,False,False,False,False,,,29.31034482758621
frame_000256.jpg,,,256,False,,,,0.0,False,False,False,False,False,0.32692430459542643,0.12,0.18,True,True,False,False,False,,,32.22577166633973,29.599534912450686,True,True,False,False,0.8478249491746701,0.36251216842331885,0.36251216842331885,False,missing,min,none,none,0,moving_average,4,2.0,peak,15,-1,-1,15,False,0.36251216842331885,False,False,False,False,False,False,False,,,29.425287356321842
frame_000257.jpg,,,257,False,,,,0.0,False,False,False,False,False,0.32692430459542643,0.12,0.18,True,True,False,False,False,,,32.22577166633973,29.599534912450686,True,True,False,False,0.8478249491746701,0.36251216842331885,0.36251216842331885,False,missing,min,none,none,0,moving_average,4,2.0,peak,15,-1,-1,15,False,0.36251216842331885,False,False,False,False,False,False,False,,,29.540229885057474
frame_000258.jpg,,,258,False,,,,0.0,False,False,False,False,False,0.32692430459542643,0.12,0.18,True,True,False,False,False,,,32.22577166633973,29.599534912450686,True,True,False,False,0.8478249491746701,0.36251216842331885,0.36251216842331885,False,missing,min,none,none,0,moving_average,4,2.0,peak,15,-1,-1,15,False,0.36251216842331885,False,False,False,False,False,False,False,,,29.655172413793107
frame_000259.jpg,,,259,False,,,,0.0,False,False,False,False,False,0.32692430459542643,0.12,0.18,True,True,False,False,False,,,32.22577166633973,29.599534912450686,True,True,False,False,0.8478249491746701,0.36251216842331885,0.36251216842331885,False,missing,min,none,none,0,moving_average,4,2.0,peak,15,-1,-1,15,False,0.36251216842331885,False,False,False,False,False,False,False,,,29.77011494252874
frame_000260.jpg,,,260,False,,,,0.0,False,False,False,False,False,0.32692430459542643,0.12,0.18,True,True,False,False,False,,,32.22577166633973,29.599534912450686,True,True,False,False,0.8478249491746701,0.36251216842331885,0.36251216842331885,False,missing,min,none,none,0,moving_average,4,2.0,peak,15,-1,-1,15,False,,False,False,False,False,False,False,False,,,29.88505747126437
