frame_id,status,reason,preserved_points,instances
16170075_frame_000000,valid_geometry_only,,2,1.0
16170075_frame_000003,valid_geometry_only,,2,1.0
16170075_frame_000006,valid_geometry_only,,2,1.0
16170075_frame_000009,valid_geometry_only,,2,1.0
16170075_frame_000012,valid_geometry_only,,2,1.0
16170075_frame_000015,valid_geometry_only,,2,1.0
16170075_frame_000018,valid_geometry_only,,2,1.0
16170075_frame_000021,valid_geometry_only,,2,1.0
16170075_frame_000024,valid_geometry_only,,2,1.0
16170075_frame_000027,valid_geometry_only,,2,1.0
16170075_frame_000030,valid_geometry_only,,2,1.0
16170075_frame_000033,valid_geometry_only,,2,1.0
16170075_frame_000036,valid_geometry_only,,2,1.0
16170075_frame_000039,valid_geometry_only,,2,1.0
16170075_frame_000042,valid_geometry_only,,2,1.0
16170075_frame_000045,valid_geometry_only,,2,1.0
16170075_frame_000048,valid_geometry_only,,2,1.0
16170075_frame_000051,valid_geometry_only,,2,1.0
16170075_frame_000054,valid_geometry_only,,2,1.0
16170075_frame_000057,valid_geometry_only,,2,1.0
16170075_frame_000060,valid_geometry_only,,2,1.0
16170075_frame_000063,valid_geometry_only,,2,1.0
16170075_frame_000066,valid_geometry_only,,2,1.0
16170075_frame_000069,valid_geometry_only,,2,1.0
16170075_frame_000072,valid_geometry_only,,2,1.0
16170075_frame_000075,valid_geometry_only,,2,1.0
16170075_frame_000078,valid_geometry_only,,2,1.0
16170075_frame_000081,valid_geometry_only,,2,1.0
16170075_frame_000084,valid_geometry_only,,2,1.0
16170075_frame_000087,valid_geometry_only,,2,1.0
16170075_frame_000090,valid_geometry_only,,2,1.0
16170075_frame_000093,valid_geometry_only,,2,1.0
16170075_frame_000096,valid_geometry_only,,2,1.0
16170075_frame_000099,valid_geometry_only,,2,1.0
16170075_frame_000102,valid_geometry_only,,2,1.0
16170075_frame_000105,valid_geometry_only,,2,1.0
16170075_frame_000108,valid_geometry_only,,2,1.0
16170075_frame_000111,valid_geometry_only,,2,1.0
16170075_frame_000114,valid_geometry_only,,2,1.0
16170075_frame_000117,valid_geometry_only,,2,1.0
16170075_frame_000120,valid_geometry_only,,2,1.0
16170075_frame_000123,valid_geometry_only,,2,1.0
170272_frame_000000,valid_geometry_only,,2,1.0
170272_frame_000003,valid_geometry_only,,2,1.0
170272_frame_000006,valid_geometry_only,,2,1.0
170272_frame_000009,valid_geometry_only,,2,1.0
170272_frame_000012,valid_geometry_only,,2,1.0
170272_frame_000015,valid_geometry_only,,2,1.0
170272_frame_000018,valid_geometry_only,,2,1.0
170272_frame_000021,valid_geometry_only,,2,1.0
170272_frame_000024,valid_geometry_only,,2,1.0
170272_frame_000027,valid_geometry_only,,2,1.0
170272_frame_000030,valid_geometry_only,,2,1.0
170272_frame_000033,valid_geometry_only,,2,1.0
170272_frame_000036,valid_geometry_only,,2,1.0
170272_frame_000039,valid_geometry_only,,2,1.0
170272_frame_000042,valid_geometry_only,,2,1.0
170272_frame_000045,valid_geometry_only,,2,1.0
170272_frame_000048,valid_geometry_only,,2,1.0
170272_frame_000051,valid_geometry_only,,2,1.0
170272_frame_000054,valid_geometry_only,,2,1.0
170272_frame_000057,valid_geometry_only,,2,1.0
170272_frame_000060,valid_geometry_only,,2,1.0
170272_frame_000063,valid_geometry_only,,2,1.0
170272_frame_000066,valid_geometry_only,,2,1.0
170272_frame_000069,valid_geometry_only,,2,1.0
170272_frame_000072,valid_geometry_only,,2,1.0
170272_frame_000075,valid_geometry_only,,2,1.0
170272_frame_000078,valid_geometry_only,,2,1.0
170272_frame_000081,valid_geometry_only,,2,1.0
170272_frame_000084,valid_geometry_only,,2,1.0
170272_frame_000087,valid_geometry_only,,2,1.0
170272_frame_000090,valid_geometry_only,,2,1.0
170272_frame_000093,valid_geometry_only,,2,1.0
170272_frame_000096,valid_geometry_only,,2,1.0
170272_frame_000099,valid_geometry_only,,2,1.0
170272_frame_000102,valid_geometry_only,,2,1.0
170272_frame_000105,valid_geometry_only,,2,1.0
170333_frame_000000,valid_geometry_only,,2,1.0
170333_frame_000003,valid_geometry_only,,2,1.0
170333_frame_000006,valid_geometry_only,,1,1.0
170333_frame_000009,valid_geometry_only,,2,1.0
170333_frame_000012,valid_geometry_only,,2,1.0
170333_frame_000015,valid_geometry_only,,2,1.0
170333_frame_000018,valid_geometry_only,,2,1.0
170333_frame_000021,valid_geometry_only,,2,1.0
170333_frame_000024,valid_geometry_only,,2,1.0
170333_frame_000027,valid_geometry_only,,1,1.0
170333_frame_000030,valid_geometry_only,,2,1.0
170333_frame_000033,valid_geometry_only,,2,1.0
170333_frame_000036,valid_geometry_only,,1,1.0
170333_frame_000039,valid_geometry_only,,2,1.0
170333_frame_000042,valid_geometry_only,,2,1.0
170333_frame_000045,valid_geometry_only,,2,1.0
170333_frame_000048,valid_geometry_only,,2,1.0
170333_frame_000051,valid_geometry_only,,2,1.0
170333_frame_000054,valid_geometry_only,,2,1.0
170333_frame_000057,valid_geometry_only,,1,1.0
170333_frame_000060,valid_geometry_only,,2,1.0
170333_frame_000063,valid_geometry_only,,2,1.0
170333_frame_000066,valid_geometry_only,,2,1.0
170333_frame_000069,valid_geometry_only,,2,1.0
170333_frame_000072,valid_geometry_only,,2,1.0
170333_frame_000075,valid_geometry_only,,2,1.0
170333_frame_000078,valid_geometry_only,,2,1.0
170333_frame_000081,valid_geometry_only,,2,1.0
170333_frame_000084,valid_geometry_only,,2,1.0
170333_frame_000087,valid_geometry_only,,2,1.0
170334_frame_000000,valid_geometry_only,,2,1.0
170334_frame_000003,valid_geometry_only,,2,1.0
170334_frame_000006,valid_geometry_only,,2,1.0
170334_frame_000009,valid_geometry_only,,2,1.0
170334_frame_000012,valid_geometry_only,,2,1.0
170334_frame_000015,valid_geometry_only,,2,1.0
170334_frame_000018,valid_geometry_only,,2,1.0
170334_frame_000021,valid_geometry_only,,2,1.0
170334_frame_000024,valid_geometry_only,,2,1.0
170334_frame_000027,valid_geometry_only,,2,1.0
170334_frame_000030,valid_geometry_only,,2,1.0
170334_frame_000033,valid_geometry_only,,2,1.0
170334_frame_000036,valid_geometry_only,,2,1.0
170334_frame_000039,valid_geometry_only,,2,1.0
170334_frame_000042,valid_geometry_only,,2,1.0
170334_frame_000045,valid_geometry_only,,2,1.0
170334_frame_000048,valid_geometry_only,,2,1.0
170334_frame_000051,valid_geometry_only,,2,1.0
170334_frame_000054,valid_geometry_only,,2,1.0
170334_frame_000057,valid_geometry_only,,2,1.0
170334_frame_000060,valid_geometry_only,,2,1.0
170334_frame_000063,valid_geometry_only,,2,1.0
170334_frame_000066,valid_geometry_only,,2,1.0
170334_frame_000069,valid_geometry_only,,2,1.0
170334_frame_000072,valid_geometry_only,,2,1.0
170334_frame_000075,valid_geometry_only,,2,1.0
170334_frame_000078,valid_geometry_only,,2,1.0
170334_frame_000081,valid_geometry_only,,2,1.0
170334_frame_000084,valid_geometry_only,,2,1.0
170334_frame_000087,valid_geometry_only,,2,1.0
170334_frame_000090,valid_geometry_only,,2,1.0
170334_frame_000093,valid_geometry_only,,2,1.0
170334_frame_000096,valid_geometry_only,,2,1.0
170334_frame_000099,valid_geometry_only,,2,1.0
170334_frame_000102,valid_geometry_only,,2,1.0
170334_frame_000105,valid_geometry_only,,2,1.0
170334_frame_000108,valid_geometry_only,,2,1.0
170334_frame_000111,valid_geometry_only,,2,1.0
170334_frame_000114,valid_geometry_only,,2,1.0
170334_frame_000117,valid_geometry_only,,2,1.0
170334_frame_000120,valid_geometry_only,,2,1.0
170334_frame_000123,valid_geometry_only,,2,1.0
170334_frame_000126,valid_geometry_only,,2,1.0
170334_frame_000129,valid_geometry_only,,2,1.0
170334_frame_000132,valid_geometry_only,,2,1.0
170334_frame_000135,valid_geometry_only,,2,1.0
170334_frame_000138,valid_geometry_only,,2,1.0
177395_frame_000000,valid_geometry_only,,1,1.0
177395_frame_000003,valid_geometry_only,,1,1.0
177395_frame_000006,valid_geometry_only,,1,1.0
177395_frame_000009,valid_geometry_only,,1,1.0
177395_frame_000012,valid_geometry_only,,2,1.0
177395_frame_000015,valid_geometry_only,,2,1.0
177395_frame_000018,valid_geometry_only,,2,1.0
177395_frame_000021,valid_geometry_only,,2,1.0
177395_frame_000024,valid_geometry_only,,2,1.0
177395_frame_000027,valid_geometry_only,,2,1.0
177395_frame_000030,valid_geometry_only,,2,1.0
177395_frame_000033,valid_geometry_only,,2,1.0
177395_frame_000036,valid_geometry_only,,2,1.0
177395_frame_000039,valid_geometry_only,,2,1.0
177395_frame_000042,valid_geometry_only,,2,1.0
177395_frame_000045,valid_geometry_only,,2,1.0
177395_frame_000048,valid_geometry_only,,2,1.0
177395_frame_000051,valid_geometry_only,,2,1.0
177395_frame_000054,valid_geometry_only,,2,1.0
177395_frame_000057,valid_geometry_only,,2,1.0
177395_frame_000060,valid_geometry_only,,2,1.0
177395_frame_000063,valid_geometry_only,,2,1.0
177395_frame_000066,valid_geometry_only,,2,1.0
177395_frame_000069,valid_geometry_only,,2,1.0
190546_frame_000000,valid_geometry_only,,2,1.0
190546_frame_000003,valid_geometry_only,,2,1.0
190546_frame_000006,valid_geometry_only,,2,1.0
190546_frame_000009,valid_geometry_only,,2,1.0
190546_frame_000012,valid_geometry_only,,2,1.0
190546_frame_000015,valid_geometry_only,,2,1.0
190546_frame_000018,valid_geometry_only,,2,1.0
190546_frame_000021,valid_geometry_only,,2,1.0
190546_frame_000024,valid_geometry_only,,2,1.0
190546_frame_000027,valid_geometry_only,,2,1.0
190546_frame_000030,valid_geometry_only,,2,1.0
190546_frame_000033,valid_geometry_only,,2,1.0
190546_frame_000036,valid_geometry_only,,2,1.0
190546_frame_000039,valid_geometry_only,,2,1.0
190546_frame_000042,valid_geometry_only,,2,1.0
190546_frame_000045,valid_geometry_only,,2,1.0
190546_frame_000048,valid_geometry_only,,1,1.0
190546_frame_000051,valid_geometry_only,,1,1.0
190546_frame_000054,valid_geometry_only,,1,1.0
190546_frame_000057,valid_geometry_only,,1,1.0
190546_frame_000060,valid_geometry_only,,2,1.0
190546_frame_000063,valid_geometry_only,,2,1.0
190546_frame_000066,valid_geometry_only,,2,1.0
190546_frame_000069,valid_geometry_only,,2,1.0
190546_frame_000072,valid_geometry_only,,2,1.0
190546_frame_000075,valid_geometry_only,,2,1.0
190546_frame_000078,valid_geometry_only,,2,1.0
190546_frame_000081,valid_geometry_only,,2,1.0
190546_frame_000084,valid_geometry_only,,2,1.0
190546_frame_000087,valid_geometry_only,,2,1.0
190546_frame_000090,valid_geometry_only,,2,1.0
190546_frame_000093,valid_geometry_only,,2,1.0
190546_frame_000096,valid_geometry_only,,2,1.0
190546_frame_000099,valid_geometry_only,,2,1.0
190546_frame_000102,valid_geometry_only,,2,1.0
190546_frame_000105,valid_geometry_only,,2,1.0
190588_frame_000000,valid_geometry_only,,2,1.0
190588_frame_000003,valid_geometry_only,,2,1.0
190588_frame_000006,valid_geometry_only,,2,1.0
190588_frame_000009,valid_geometry_only,,2,1.0
190588_frame_000012,valid_geometry_only,,2,1.0
190588_frame_000015,valid_geometry_only,,2,1.0
190588_frame_000018,valid_geometry_only,,2,1.0
190588_frame_000021,valid_geometry_only,,2,1.0
190588_frame_000024,valid_geometry_only,,2,1.0
190588_frame_000027,valid_geometry_only,,2,1.0
190588_frame_000030,valid_geometry_only,,2,1.0
190588_frame_000033,valid_geometry_only,,2,1.0
190588_frame_000036,valid_geometry_only,,2,1.0
190588_frame_000039,valid_geometry_only,,2,1.0
190588_frame_000042,valid_geometry_only,,2,1.0
190588_frame_000045,valid_geometry_only,,2,1.0
190588_frame_000048,valid_geometry_only,,2,1.0
190588_frame_000051,valid_geometry_only,,2,1.0
190588_frame_000054,valid_geometry_only,,2,1.0
190588_frame_000057,valid_geometry_only,,2,1.0
190588_frame_000060,valid_geometry_only,,2,1.0
190588_frame_000063,valid_geometry_only,,2,1.0
190588_frame_000066,valid_geometry_only,,2,1.0
190588_frame_000069,valid_geometry_only,,2,1.0
190588_frame_000072,valid_geometry_only,,2,1.0
190588_frame_000075,valid_geometry_only,,2,1.0
190588_frame_000078,valid_geometry_only,,2,1.0
190588_frame_000081,valid_geometry_only,,2,1.0
190588_frame_000084,valid_geometry_only,,2,1.0
190588_frame_000087,valid_geometry_only,,2,1.0
190588_frame_000090,valid_geometry_only,,2,1.0
190588_frame_000093,valid_geometry_only,,2,1.0
190588_frame_000096,valid_geometry_only,,2,1.0
196434_frame_000000,valid_geometry_only,,2,1.0
196434_frame_000003,valid_geometry_only,,2,1.0
196434_frame_000006,valid_geometry_only,,2,1.0
196434_frame_000009,valid_geometry_only,,2,1.0
196434_frame_000012,valid_geometry_only,,2,1.0
196434_frame_000015,valid_geometry_only,,2,1.0
196434_frame_000018,valid_geometry_only,,2,1.0
196434_frame_000021,valid_geometry_only,,2,1.0
196434_frame_000024,valid_geometry_only,,2,1.0
196434_frame_000027,valid_geometry_only,,2,1.0
196434_frame_000030,valid_geometry_only,,2,1.0
196434_frame_000033,valid_geometry_only,,2,1.0
196434_frame_000036,valid_geometry_only,,2,1.0
196434_frame_000039,valid_geometry_only,,2,1.0
196434_frame_000042,valid_geometry_only,,2,1.0
196434_frame_000045,valid_geometry_only,,2,1.0
196434_frame_000048,valid_geometry_only,,2,1.0
196434_frame_000051,valid_geometry_only,,2,1.0
196434_frame_000054,valid_geometry_only,,2,1.0
196434_frame_000057,valid_geometry_only,,2,1.0
196434_frame_000060,valid_geometry_only,,2,1.0
196434_frame_000063,valid_geometry_only,,2,1.0
196434_frame_000066,valid_geometry_only,,2,1.0
196434_frame_000069,valid_geometry_only,,2,1.0
196434_frame_000072,valid_geometry_only,,2,1.0
196434_frame_000075,valid_geometry_only,,2,1.0
196434_frame_000078,valid_geometry_only,,2,1.0
196434_frame_000081,valid_geometry_only,,2,1.0
196434_frame_000084,valid_geometry_only,,2,1.0
196434_frame_000087,valid_geometry_only,,2,1.0
196434_frame_000090,valid_geometry_only,,2,1.0
196434_frame_000093,valid_geometry_only,,2,1.0
196434_frame_000096,valid_geometry_only,,2,1.0
196434_frame_000099,valid_geometry_only,,2,1.0
196434_frame_000102,valid_geometry_only,,2,1.0
196434_frame_000105,valid_geometry_only,,2,1.0
196434_frame_000108,valid_geometry_only,,2,1.0
196434_frame_000111,valid_geometry_only,,2,1.0
196434_frame_000114,valid_geometry_only,,2,1.0
196434_frame_000117,valid_geometry_only,,2,1.0
196434_frame_000120,valid_geometry_only,,2,1.0
196434_frame_000123,valid_geometry_only,,2,1.0
196434_frame_000126,valid_geometry_only,,2,1.0
196434_frame_000129,valid_geometry_only,,2,1.0
200653_frame_000000,valid_geometry_only,,2,1.0
200653_frame_000003,valid_geometry_only,,2,1.0
200653_frame_000006,valid_geometry_only,,2,1.0
200653_frame_000009,valid_geometry_only,,2,1.0
200653_frame_000012,valid_geometry_only,,2,1.0
200653_frame_000015,valid_geometry_only,,2,1.0
200653_frame_000018,valid_geometry_only,,2,1.0
200653_frame_000021,valid_geometry_only,,2,1.0
200653_frame_000024,valid_geometry_only,,2,1.0
200653_frame_000027,valid_geometry_only,,2,1.0
200653_frame_000030,valid_geometry_only,,2,1.0
200653_frame_000033,valid_geometry_only,,2,1.0
200653_frame_000036,valid_geometry_only,,2,1.0
200653_frame_000039,valid_geometry_only,,2,1.0
200653_frame_000042,valid_geometry_only,,2,1.0
200653_frame_000045,valid_geometry_only,,2,1.0
200653_frame_000048,valid_geometry_only,,2,1.0
200653_frame_000051,valid_geometry_only,,2,1.0
200653_frame_000054,valid_geometry_only,,2,1.0
200653_frame_000057,valid_geometry_only,,2,1.0
200653_frame_000060,valid_geometry_only,,2,1.0
200653_frame_000063,valid_geometry_only,,2,1.0
200653_frame_000066,valid_geometry_only,,2,1.0
200653_frame_000069,valid_geometry_only,,2,1.0
200653_frame_000072,valid_geometry_only,,2,1.0
200653_frame_000075,valid_geometry_only,,2,1.0
200653_frame_000078,valid_geometry_only,,2,1.0
200653_frame_000081,valid_geometry_only,,2,1.0
200653_frame_000084,valid_geometry_only,,2,1.0
200653_frame_000087,valid_geometry_only,,2,1.0
200653_frame_000090,valid_geometry_only,,2,1.0
200653_frame_000093,valid_geometry_only,,2,1.0
200653_frame_000096,valid_geometry_only,,2,1.0
200653_frame_000099,valid_geometry_only,,2,1.0
200653_frame_000102,valid_geometry_only,,2,1.0
200653_frame_000105,valid_geometry_only,,2,1.0
200653_frame_000108,valid_geometry_only,,2,1.0
200653_frame_000111,valid_geometry_only,,2,1.0
200713_frame_000000,valid_geometry_only,,0,1.0
200713_frame_000003,valid_geometry_only,,0,0.0
200713_frame_000006,valid_geometry_only,,1,1.0
200713_frame_000009,valid_geometry_only,,1,1.0
200713_frame_000012,valid_geometry_only,,1,1.0
200713_frame_000015,valid_geometry_only,,2,1.0
200713_frame_000018,valid_geometry_only,,2,1.0
200713_frame_000021,valid_geometry_only,,2,1.0
200713_frame_000024,valid_geometry_only,,2,1.0
200713_frame_000027,valid_geometry_only,,2,1.0
200713_frame_000030,valid_geometry_only,,2,1.0
200713_frame_000033,valid_geometry_only,,2,1.0
200713_frame_000036,valid_geometry_only,,2,1.0
200713_frame_000039,valid_geometry_only,,2,1.0
200713_frame_000042,valid_geometry_only,,2,1.0
200713_frame_000045,valid_geometry_only,,2,1.0
200713_frame_000048,valid_geometry_only,,2,1.0
200713_frame_000051,valid_geometry_only,,2,1.0
200713_frame_000054,valid_geometry_only,,2,1.0
200713_frame_000057,valid_geometry_only,,2,1.0
200713_frame_000060,valid_geometry_only,,2,1.0
200713_frame_000063,valid_geometry_only,,2,1.0
200713_frame_000066,valid_geometry_only,,2,1.0
200713_frame_000069,valid_geometry_only,,2,1.0
200713_frame_000072,valid_geometry_only,,2,1.0
200713_frame_000075,valid_geometry_only,,2,1.0
200713_frame_000078,valid_geometry_only,,2,1.0
200713_frame_000081,valid_geometry_only,,2,1.0
200713_frame_000084,valid_geometry_only,,2,1.0
200713_frame_000087,valid_geometry_only,,2,1.0
200713_frame_000090,valid_geometry_only,,2,1.0
200713_frame_000093,valid_geometry_only,,2,1.0
200713_frame_000096,valid_geometry_only,,2,1.0
200713_frame_000099,valid_geometry_only,,2,1.0
200713_frame_000102,valid_geometry_only,,2,1.0
200713_frame_000105,valid_geometry_only,,2,1.0
200713_frame_000108,valid_geometry_only,,2,1.0
200713_frame_000111,valid_geometry_only,,2,1.0
200713_frame_000114,valid_geometry_only,,2,1.0
200713_frame_000117,valid_geometry_only,,2,1.0
200713_frame_000120,valid_geometry_only,,2,1.0
200713_frame_000123,valid_geometry_only,,2,1.0
200713_frame_000126,valid_geometry_only,,2,1.0
200713_frame_000129,valid_geometry_only,,2,1.0
200713_frame_000132,valid_geometry_only,,2,1.0
200713_frame_000135,valid_geometry_only,,2,1.0
200713_frame_000138,valid_geometry_only,,2,1.0
200718_frame_000000,valid_geometry_only,,2,1.0
200718_frame_000003,valid_geometry_only,,2,1.0
200718_frame_000006,valid_geometry_only,,2,1.0
200718_frame_000009,valid_geometry_only,,2,1.0
200718_frame_000012,valid_geometry_only,,2,1.0
200718_frame_000015,valid_geometry_only,,2,1.0
200718_frame_000018,valid_geometry_only,,2,1.0
200718_frame_000021,valid_geometry_only,,2,1.0
200718_frame_000024,valid_geometry_only,,2,1.0
200718_frame_000027,valid_geometry_only,,2,1.0
200718_frame_000030,valid_geometry_only,,2,1.0
200718_frame_000033,valid_geometry_only,,2,1.0
200718_frame_000036,valid_geometry_only,,2,1.0
200718_frame_000039,valid_geometry_only,,2,1.0
200718_frame_000042,valid_geometry_only,,2,1.0
200718_frame_000045,valid_geometry_only,,2,1.0
200718_frame_000048,valid_geometry_only,,2,1.0
200718_frame_000051,valid_geometry_only,,1,1.0
200718_frame_000054,valid_geometry_only,,1,1.0
200718_frame_000057,valid_geometry_only,,1,1.0
200718_frame_000060,valid_geometry_only,,1,1.0
200718_frame_000063,valid_geometry_only,,1,1.0
200718_frame_000066,valid_geometry_only,,1,1.0
200718_frame_000069,valid_geometry_only,,1,1.0
200718_frame_000072,valid_geometry_only,,1,1.0
200718_frame_000075,valid_geometry_only,,1,1.0
200718_frame_000078,valid_geometry_only,,2,1.0
200718_frame_000081,valid_geometry_only,,2,1.0
200718_frame_000084,valid_geometry_only,,2,1.0
200718_frame_000087,valid_geometry_only,,2,1.0
200718_frame_000090,valid_geometry_only,,2,1.0
200718_frame_000093,valid_geometry_only,,2,1.0
200718_frame_000096,valid_geometry_only,,2,1.0
200718_frame_000099,valid_geometry_only,,2,1.0
200718_frame_000102,valid_geometry_only,,2,1.0
200718_frame_000105,valid_geometry_only,,2,1.0
200718_frame_000108,valid_geometry_only,,2,1.0
200718_frame_000111,valid_geometry_only,,2,1.0
200718_frame_000114,valid_geometry_only,,2,1.0
200718_frame_000117,valid_geometry_only,,2,1.0
200718_frame_000120,valid_geometry_only,,2,1.0
200718_frame_000123,valid_geometry_only,,2,1.0
200718_frame_000126,valid_geometry_only,,2,1.0
200718_frame_000129,valid_geometry_only,,2,1.0
200718_frame_000132,valid_geometry_only,,2,1.0
200718_frame_000135,valid_geometry_only,,2,1.0
200718_frame_000138,valid_geometry_only,,2,1.0
200937_frame_000000,valid_geometry_only,,1,1.0
200937_frame_000003,valid_geometry_only,,1,1.0
200937_frame_000006,valid_geometry_only,,1,1.0
200937_frame_000009,valid_geometry_only,,1,1.0
200937_frame_000012,valid_geometry_only,,1,1.0
200937_frame_000015,valid_geometry_only,,1,1.0
200937_frame_000018,valid_geometry_only,,1,1.0
200937_frame_000021,valid_geometry_only,,2,1.0
200937_frame_000024,valid_geometry_only,,2,1.0
200937_frame_000027,valid_geometry_only,,2,1.0
200937_frame_000030,valid_geometry_only,,2,1.0
200937_frame_000033,valid_geometry_only,,2,1.0
200937_frame_000036,valid_geometry_only,,2,1.0
200937_frame_000039,valid_geometry_only,,2,1.0
200937_frame_000042,valid_geometry_only,,2,1.0
200937_frame_000045,valid_geometry_only,,2,1.0
200937_frame_000048,valid_geometry_only,,2,1.0
200937_frame_000051,valid_geometry_only,,2,1.0
200937_frame_000054,valid_geometry_only,,2,1.0
200937_frame_000057,valid_geometry_only,,2,1.0
200937_frame_000060,valid_geometry_only,,2,1.0
200937_frame_000063,valid_geometry_only,,2,1.0
200937_frame_000066,valid_geometry_only,,2,1.0
200937_frame_000069,valid_geometry_only,,2,1.0
200937_frame_000072,valid_geometry_only,,2,1.0
200937_frame_000075,valid_geometry_only,,2,1.0
200937_frame_000078,valid_geometry_only,,2,1.0
200937_frame_000081,valid_geometry_only,,2,1.0
200937_frame_000084,valid_geometry_only,,2,1.0
200937_frame_000087,valid_geometry_only,,2,1.0
200939_frame_000000,valid_geometry_only,,1,1.0
200939_frame_000003,valid_geometry_only,,1,1.0
200939_frame_000006,valid_geometry_only,,1,1.0
200939_frame_000009,valid_geometry_only,,1,1.0
200939_frame_000012,valid_geometry_only,,1,1.0
200939_frame_000015,valid_geometry_only,,1,1.0
200939_frame_000018,valid_geometry_only,,1,1.0
200939_frame_000021,valid_geometry_only,,1,1.0
200939_frame_000024,valid_geometry_only,,1,1.0
200939_frame_000027,valid_geometry_only,,1,1.0
200939_frame_000030,valid_geometry_only,,2,1.0
200939_frame_000033,valid_geometry_only,,2,1.0
200939_frame_000036,valid_geometry_only,,2,1.0
200939_frame_000039,valid_geometry_only,,2,1.0
200939_frame_000042,valid_geometry_only,,2,1.0
200939_frame_000045,valid_geometry_only,,1,1.0
200939_frame_000048,valid_geometry_only,,1,1.0
200939_frame_000051,valid_geometry_only,,1,1.0
200939_frame_000054,valid_geometry_only,,1,1.0
200939_frame_000057,valid_geometry_only,,1,1.0
200939_frame_000060,valid_geometry_only,,1,1.0
200939_frame_000063,valid_geometry_only,,1,1.0
200939_frame_000066,valid_geometry_only,,1,1.0
200939_frame_000069,valid_geometry_only,,1,1.0
210944_frame_000000,valid_geometry_only,,2,1.0
210944_frame_000003,valid_geometry_only,,1,1.0
210944_frame_000006,valid_geometry_only,,1,1.0
210944_frame_000009,valid_geometry_only,,1,1.0
210944_frame_000012,valid_geometry_only,,1,1.0
210944_frame_000015,valid_geometry_only,,1,1.0
210944_frame_000018,valid_geometry_only,,1,1.0
210944_frame_000021,valid_geometry_only,,1,1.0
210944_frame_000024,valid_geometry_only,,1,1.0
210944_frame_000027,valid_geometry_only,,1,1.0
210944_frame_000030,valid_geometry_only,,1,1.0
210944_frame_000033,valid_geometry_only,,1,1.0
210944_frame_000036,valid_geometry_only,,2,1.0
210944_frame_000039,valid_geometry_only,,2,1.0
210944_frame_000042,valid_geometry_only,,2,1.0
210944_frame_000045,valid_geometry_only,,2,1.0
210944_frame_000048,valid_geometry_only,,1,1.0
210944_frame_000051,valid_geometry_only,,1,1.0
210944_frame_000054,valid_geometry_only,,1,1.0
210944_frame_000057,valid_geometry_only,,2,1.0
210944_frame_000060,valid_geometry_only,,2,1.0
210989_frame_000000,valid_geometry_only,,2,1.0
210989_frame_000003,valid_geometry_only,,2,1.0
210989_frame_000006,valid_geometry_only,,2,1.0
210989_frame_000009,valid_geometry_only,,2,1.0
210989_frame_000012,valid_geometry_only,,2,1.0
210989_frame_000015,valid_geometry_only,,2,1.0
210989_frame_000018,valid_geometry_only,,2,1.0
210989_frame_000021,valid_geometry_only,,2,1.0
210989_frame_000024,valid_geometry_only,,2,1.0
210989_frame_000027,valid_geometry_only,,2,1.0
210989_frame_000030,valid_geometry_only,,2,1.0
210989_frame_000033,valid_geometry_only,,2,1.0
210989_frame_000036,valid_geometry_only,,2,1.0
210989_frame_000039,valid_geometry_only,,2,1.0
210989_frame_000042,valid_geometry_only,,2,1.0
210989_frame_000045,valid_geometry_only,,2,1.0
210989_frame_000048,valid_geometry_only,,2,1.0
210989_frame_000051,valid_geometry_only,,2,1.0
210989_frame_000054,valid_geometry_only,,2,1.0
210989_frame_000057,valid_geometry_only,,2,1.0
210989_frame_000060,valid_geometry_only,,2,1.0
210989_frame_000063,valid_geometry_only,,2,1.0
210989_frame_000066,valid_geometry_only,,2,1.0
210989_frame_000069,valid_geometry_only,,2,1.0
210989_frame_000072,valid_geometry_only,,2,1.0
210989_frame_000075,valid_geometry_only,,2,1.0
210989_frame_000078,valid_geometry_only,,2,1.0
210989_frame_000081,valid_geometry_only,,2,1.0
210989_frame_000084,valid_geometry_only,,2,1.0
210989_frame_000087,valid_geometry_only,,2,1.0
210989_frame_000090,valid_geometry_only,,2,1.0
210989_frame_000093,valid_geometry_only,,2,1.0
210989_frame_000096,valid_geometry_only,,2,1.0
210989_frame_000099,valid_geometry_only,,2,1.0
210989_frame_000102,valid_geometry_only,,2,1.0
210989_frame_000105,valid_geometry_only,,2,1.0
210989_frame_000108,valid_geometry_only,,2,1.0
210989_frame_000111,valid_geometry_only,,2,1.0
210989_frame_000114,valid_geometry_only,,2,1.0
210989_frame_000117,valid_geometry_only,,2,1.0
210989_frame_000120,valid_geometry_only,,2,1.0
210989_frame_000123,valid_geometry_only,,2,1.0
210989_frame_000126,valid_geometry_only,,2,1.0
210989_frame_000129,valid_geometry_only,,2,1.0
210989_frame_000132,valid_geometry_only,,2,1.0
210989_frame_000135,valid_geometry_only,,2,1.0
210989_frame_000138,valid_geometry_only,,2,1.0
210994_frame_000000,valid_geometry_only,,2,1.0
210994_frame_000003,valid_geometry_only,,1,1.0
210994_frame_000006,valid_geometry_only,,1,1.0
210994_frame_000009,valid_geometry_only,,2,1.0
210994_frame_000012,valid_geometry_only,,2,1.0
210994_frame_000015,valid_geometry_only,,1,1.0
210994_frame_000018,valid_geometry_only,,2,1.0
210994_frame_000021,valid_geometry_only,,2,1.0
210994_frame_000024,valid_geometry_only,,2,1.0
210994_frame_000027,valid_geometry_only,,2,1.0
210994_frame_000030,valid_geometry_only,,2,1.0
210994_frame_000033,valid_geometry_only,,2,1.0
210994_frame_000036,valid_geometry_only,,1,1.0
210994_frame_000039,valid_geometry_only,,1,1.0
210994_frame_000042,valid_geometry_only,,2,1.0
210994_frame_000045,valid_geometry_only,,1,1.0
210994_frame_000048,valid_geometry_only,,1,1.0
210994_frame_000051,valid_geometry_only,,1,1.0
210994_frame_000054,valid_geometry_only,,1,1.0
210994_frame_000057,valid_geometry_only,,1,1.0
210994_frame_000060,valid_geometry_only,,1,1.0
210994_frame_000063,valid_geometry_only,,1,1.0
210994_frame_000066,valid_geometry_only,,2,1.0
210994_frame_000069,valid_geometry_only,,2,1.0
210994_frame_000072,valid_geometry_only,,2,1.0
210994_frame_000075,valid_geometry_only,,2,1.0
210994_frame_000078,valid_geometry_only,,2,1.0
210994_frame_000081,valid_geometry_only,,2,1.0
210994_frame_000084,valid_geometry_only,,2,1.0
210994_frame_000087,valid_geometry_only,,2,1.0
211040_frame_000000,valid_geometry_only,,2,1.0
211040_frame_000003,valid_geometry_only,,2,1.0
211040_frame_000006,valid_geometry_only,,2,1.0
211040_frame_000009,valid_geometry_only,,2,1.0
211040_frame_000012,valid_geometry_only,,2,1.0
211040_frame_000015,valid_geometry_only,,2,1.0
211040_frame_000018,valid_geometry_only,,2,1.0
211040_frame_000021,valid_geometry_only,,2,1.0
211040_frame_000024,valid_geometry_only,,2,1.0
211040_frame_000027,valid_geometry_only,,2,1.0
211040_frame_000030,valid_geometry_only,,2,1.0
211040_frame_000033,valid_geometry_only,,2,1.0
211040_frame_000036,valid_geometry_only,,2,1.0
211040_frame_000039,valid_geometry_only,,2,1.0
211040_frame_000042,valid_geometry_only,,2,1.0
211040_frame_000045,valid_geometry_only,,2,1.0
211040_frame_000048,valid_geometry_only,,2,1.0
211040_frame_000051,valid_geometry_only,,2,1.0
211040_frame_000054,valid_geometry_only,,2,1.0
211040_frame_000057,valid_geometry_only,,2,1.0
211040_frame_000060,valid_geometry_only,,2,1.0
211040_frame_000063,valid_geometry_only,,2,1.0
211040_frame_000066,valid_geometry_only,,2,1.0
211040_frame_000069,valid_geometry_only,,2,1.0
211040_frame_000072,valid_geometry_only,,2,1.0
211040_frame_000075,valid_geometry_only,,2,1.0
211040_frame_000078,valid_geometry_only,,2,1.0
211040_frame_000081,valid_geometry_only,,2,1.0
211040_frame_000084,valid_geometry_only,,2,1.0
211040_frame_000087,valid_geometry_only,,2,1.0
211049_frame_000000,valid_geometry_only,,1,1.0
211049_frame_000003,valid_geometry_only,,1,1.0
211049_frame_000006,valid_geometry_only,,1,1.0
211049_frame_000009,valid_geometry_only,,1,1.0
211049_frame_000012,valid_geometry_only,,1,1.0
211049_frame_000015,valid_geometry_only,,1,1.0
211049_frame_000018,valid_geometry_only,,1,1.0
211049_frame_000021,valid_geometry_only,,1,1.0
211049_frame_000024,valid_geometry_only,,1,1.0
211049_frame_000027,valid_geometry_only,,1,1.0
211049_frame_000030,valid_geometry_only,,1,1.0
211049_frame_000033,valid_geometry_only,,1,1.0
211049_frame_000036,valid_geometry_only,,1,1.0
211049_frame_000039,valid_geometry_only,,1,1.0
211049_frame_000042,valid_geometry_only,,1,1.0
211049_frame_000045,valid_geometry_only,,1,1.0
211049_frame_000048,valid_geometry_only,,1,1.0
211049_frame_000051,valid_geometry_only,,0,1.0
211056_frame_000000,valid_geometry_only,,2,1.0
211056_frame_000003,valid_geometry_only,,2,1.0
211056_frame_000006,valid_geometry_only,,2,1.0
211056_frame_000009,valid_geometry_only,,2,1.0
211056_frame_000012,valid_geometry_only,,2,1.0
211056_frame_000015,valid_geometry_only,,2,1.0
211056_frame_000018,valid_geometry_only,,2,1.0
211056_frame_000021,valid_geometry_only,,2,1.0
211056_frame_000024,valid_geometry_only,,2,1.0
211056_frame_000027,valid_geometry_only,,2,1.0
211056_frame_000030,valid_geometry_only,,2,1.0
211056_frame_000033,valid_geometry_only,,2,1.0
211056_frame_000036,valid_geometry_only,,2,1.0
211056_frame_000039,valid_geometry_only,,2,1.0
211056_frame_000042,valid_geometry_only,,2,1.0
211056_frame_000045,valid_geometry_only,,2,1.0
211056_frame_000048,valid_geometry_only,,2,1.0
211056_frame_000051,valid_geometry_only,,2,1.0
211056_frame_000054,valid_geometry_only,,2,1.0
211056_frame_000057,valid_geometry_only,,2,1.0
211056_frame_000060,valid_geometry_only,,2,1.0
211056_frame_000063,valid_geometry_only,,2,1.0
211056_frame_000066,valid_geometry_only,,2,1.0
211056_frame_000069,valid_geometry_only,,2,1.0
211056_frame_000072,valid_geometry_only,,2,1.0
211056_frame_000075,valid_geometry_only,,2,1.0
211056_frame_000078,valid_geometry_only,,2,1.0
211056_frame_000081,valid_geometry_only,,2,1.0
211056_frame_000084,valid_geometry_only,,2,1.0
211056_frame_000087,valid_geometry_only,,2,1.0
211056_frame_000090,valid_geometry_only,,2,1.0
211056_frame_000093,valid_geometry_only,,2,1.0
211056_frame_000096,valid_geometry_only,,2,1.0
211056_frame_000099,valid_geometry_only,,2,1.0
211056_frame_000102,valid_geometry_only,,2,1.0
211056_frame_000105,valid_geometry_only,,2,1.0
211056_frame_000108,valid_geometry_only,,2,1.0
211056_frame_000111,valid_geometry_only,,2,1.0
211056_frame_000114,valid_geometry_only,,2,1.0
211070_frame_000000,valid_geometry_only,,2,1.0
211070_frame_000003,valid_geometry_only,,2,1.0
211070_frame_000006,valid_geometry_only,,2,1.0
211070_frame_000009,valid_geometry_only,,2,1.0
211070_frame_000012,valid_geometry_only,,2,1.0
211070_frame_000015,valid_geometry_only,,2,1.0
211070_frame_000018,valid_geometry_only,,2,1.0
211070_frame_000021,valid_geometry_only,,2,1.0
211070_frame_000024,valid_geometry_only,,2,1.0
211070_frame_000027,valid_geometry_only,,2,1.0
211070_frame_000030,valid_geometry_only,,2,1.0
211070_frame_000033,valid_geometry_only,,2,1.0
211070_frame_000036,valid_geometry_only,,2,1.0
211070_frame_000039,valid_geometry_only,,2,1.0
211070_frame_000042,valid_geometry_only,,2,1.0
211070_frame_000045,valid_geometry_only,,2,1.0
211070_frame_000048,valid_geometry_only,,2,1.0
211070_frame_000051,valid_geometry_only,,2,1.0
211070_frame_000054,valid_geometry_only,,2,1.0
211070_frame_000057,valid_geometry_only,,2,1.0
211070_frame_000060,valid_geometry_only,,2,1.0
211070_frame_000063,valid_geometry_only,,2,1.0
211070_frame_000066,valid_geometry_only,,2,1.0
211070_frame_000069,valid_geometry_only,,2,1.0
211070_frame_000072,valid_geometry_only,,2,1.0
211070_frame_000075,valid_geometry_only,,2,1.0
211070_frame_000078,valid_geometry_only,,2,1.0
211070_frame_000081,valid_geometry_only,,2,1.0
211070_frame_000084,valid_geometry_only,,2,1.0
211070_frame_000087,valid_geometry_only,,2,1.0
ba170296_frame_000000,valid_geometry_only,,2,1.0
ba170296_frame_000003,valid_geometry_only,,2,1.0
ba170296_frame_000006,valid_geometry_only,,2,1.0
ba170296_frame_000009,valid_geometry_only,,2,1.0
ba170296_frame_000012,valid_geometry_only,,2,1.0
ba170296_frame_000015,valid_geometry_only,,2,1.0
ba170296_frame_000018,valid_geometry_only,,2,1.0
ba170296_frame_000021,valid_geometry_only,,2,1.0
ba170296_frame_000024,valid_geometry_only,,2,1.0
ba170296_frame_000027,valid_geometry_only,,2,1.0
ba170296_frame_000030,valid_geometry_only,,2,1.0
ba170296_frame_000033,valid_geometry_only,,2,1.0
ba170296_frame_000036,valid_geometry_only,,2,1.0
ba170296_frame_000039,valid_geometry_only,,2,1.0
ba170296_frame_000042,valid_geometry_only,,2,1.0
ba170296_frame_000045,valid_geometry_only,,2,1.0
ba170296_frame_000048,valid_geometry_only,,2,1.0
ba170296_frame_000051,valid_geometry_only,,2,1.0
ba170296_frame_000054,valid_geometry_only,,2,1.0
ba170296_frame_000057,valid_geometry_only,,2,1.0
ba170296_frame_000060,valid_geometry_only,,2,1.0
ba170296_frame_000063,valid_geometry_only,,2,1.0
ba170296_frame_000066,valid_geometry_only,,2,1.0
ba170296_frame_000069,valid_geometry_only,,2,1.0
ba170296_frame_000072,valid_geometry_only,,2,1.0
ba170296_frame_000075,valid_geometry_only,,2,1.0
ba170296_frame_000078,valid_geometry_only,,2,1.0
ba170296_frame_000081,valid_geometry_only,,2,1.0
ba170296_frame_000084,valid_geometry_only,,2,1.0
ba170296_frame_000087,valid_geometry_only,,2,1.0
ba170296_frame_000090,valid_geometry_only,,2,1.0
ba170296_frame_000093,valid_geometry_only,,2,1.0
ba170296_frame_000096,valid_geometry_only,,2,1.0
ba170296_frame_000099,valid_geometry_only,,2,1.0
ba170296_frame_000102,valid_geometry_only,,2,1.0
ba170296_frame_000105,valid_geometry_only,,2,1.0
ba177610_frame_000000,valid_geometry_only,,2,1.0
ba177610_frame_000003,valid_geometry_only,,2,1.0
ba177610_frame_000006,valid_geometry_only,,2,1.0
ba177610_frame_000009,valid_geometry_only,,2,1.0
ba177610_frame_000012,valid_geometry_only,,2,1.0
ba177610_frame_000015,valid_geometry_only,,2,1.0
ba177610_frame_000018,valid_geometry_only,,2,1.0
ba177610_frame_000021,valid_geometry_only,,2,1.0
ba177610_frame_000024,valid_geometry_only,,2,1.0
ba177610_frame_000027,valid_geometry_only,,2,1.0
ba177610_frame_000030,valid_geometry_only,,2,1.0
ba177610_frame_000033,valid_geometry_only,,2,1.0
ba177610_frame_000036,valid_geometry_only,,2,1.0
ba177610_frame_000039,valid_geometry_only,,2,1.0
ba177610_frame_000042,valid_geometry_only,,2,1.0
ba177610_frame_000045,valid_geometry_only,,2,1.0
ba177610_frame_000048,valid_geometry_only,,2,1.0
ba177610_frame_000051,valid_geometry_only,,2,1.0
ba177610_frame_000054,valid_geometry_only,,2,1.0
ba177610_frame_000057,valid_geometry_only,,2,1.0
ba177610_frame_000060,valid_geometry_only,,2,1.0
ba177610_frame_000063,valid_geometry_only,,2,1.0
ba177610_frame_000066,valid_geometry_only,,2,1.0
ba177610_frame_000069,valid_geometry_only,,2,1.0
ba177610_frame_000072,valid_geometry_only,,2,1.0
ba177610_frame_000075,valid_geometry_only,,2,1.0
ba177610_frame_000078,valid_geometry_only,,2,1.0
ba177610_frame_000081,valid_geometry_only,,2,1.0
ba177610_frame_000084,valid_geometry_only,,2,1.0
ba177610_frame_000087,valid_geometry_only,,2,1.0
ba177610_frame_000090,valid_geometry_only,,2,1.0
ba177610_frame_000093,valid_geometry_only,,2,1.0
ba177610_frame_000096,valid_geometry_only,,2,1.0
ba177610_frame_000099,valid_geometry_only,,2,1.0
ba177610_frame_000102,valid_geometry_only,,1,1.0
ba177610_frame_000105,valid_geometry_only,,1,1.0
ba177610_frame_000108,valid_geometry_only,,1,1.0
ba177610_frame_000111,valid_geometry_only,,1,1.0
ba455_frame_000000,valid_geometry_only,,2,1.0
ba455_frame_000003,valid_geometry_only,,2,1.0
ba455_frame_000006,valid_geometry_only,,2,1.0
ba455_frame_000009,valid_geometry_only,,2,1.0
ba455_frame_000012,valid_geometry_only,,2,1.0
ba455_frame_000015,valid_geometry_only,,2,1.0
ba455_frame_000018,valid_geometry_only,,2,1.0
ba455_frame_000021,valid_geometry_only,,2,1.0
ba455_frame_000024,valid_geometry_only,,2,1.0
ba455_frame_000027,valid_geometry_only,,2,1.0
ba455_frame_000030,valid_geometry_only,,2,1.0
ba455_frame_000033,valid_geometry_only,,2,1.0
ba455_frame_000036,valid_geometry_only,,2,1.0
ba455_frame_000039,valid_geometry_only,,1,1.0
ba455_frame_000042,valid_geometry_only,,2,1.0
ba455_frame_000045,valid_geometry_only,,2,1.0
ba455_frame_000048,valid_geometry_only,,2,1.0
ba455_frame_000051,valid_geometry_only,,2,1.0
ba455_frame_000054,valid_geometry_only,,2,1.0
ba455_frame_000057,valid_geometry_only,,1,1.0
ba455_frame_000060,valid_geometry_only,,2,1.0
ba455_frame_000063,valid_geometry_only,,2,1.0
ba455_frame_000066,valid_geometry_only,,1,1.0
ba455_frame_000069,valid_geometry_only,,2,1.0
ba455_frame_000072,valid_geometry_only,,1,1.0
ba455_frame_000075,valid_geometry_only,,1,1.0
ba455_frame_000078,valid_geometry_only,,2,1.0
ba455_frame_000081,valid_geometry_only,,2,1.0
ba455_frame_000084,valid_geometry_only,,2,1.0
ba455_frame_000087,valid_geometry_only,,2,1.0
ba6516_frame_000000,valid_geometry_only,,2,1.0
ba6516_frame_000003,valid_geometry_only,,2,1.0
ba6516_frame_000006,valid_geometry_only,,2,1.0
ba6516_frame_000009,valid_geometry_only,,2,1.0
ba6516_frame_000012,valid_geometry_only,,2,1.0
ba6516_frame_000015,valid_geometry_only,,2,1.0
ba6516_frame_000018,valid_geometry_only,,2,1.0
ba6516_frame_000021,valid_geometry_only,,2,1.0
ba6516_frame_000024,valid_geometry_only,,2,1.0
ba6516_frame_000027,valid_geometry_only,,2,1.0
ba6516_frame_000030,valid_geometry_only,,2,1.0
ba6516_frame_000033,valid_geometry_only,,2,1.0
ba6516_frame_000036,valid_geometry_only,,2,1.0
ba6516_frame_000039,valid_geometry_only,,1,1.0
ba6516_frame_000042,valid_geometry_only,,2,1.0
ba6516_frame_000045,valid_geometry_only,,2,1.0
ba6516_frame_000048,valid_geometry_only,,2,1.0
ba6516_frame_000051,valid_geometry_only,,2,1.0
ba6516_frame_000054,valid_geometry_only,,2,1.0
ba6516_frame_000057,valid_geometry_only,,2,1.0
ba6516_frame_000060,valid_geometry_only,,2,1.0
ba6516_frame_000063,valid_geometry_only,,2,1.0
ba6516_frame_000066,valid_geometry_only,,2,1.0
ba6516_frame_000069,valid_geometry_only,,2,1.0
bs0514_frame_000000,valid_geometry_only,,1,1.0
bs0514_frame_000003,valid_geometry_only,,2,1.0
bs0514_frame_000006,valid_geometry_only,,2,1.0
bs0514_frame_000009,valid_geometry_only,,2,1.0
bs0514_frame_000012,valid_geometry_only,,2,1.0
bs0514_frame_000015,valid_geometry_only,,2,1.0
bs0514_frame_000018,valid_geometry_only,,2,1.0
bs0514_frame_000021,valid_geometry_only,,2,1.0
bs0514_frame_000024,valid_geometry_only,,2,1.0
bs0514_frame_000027,valid_geometry_only,,2,1.0
bs0514_frame_000030,valid_geometry_only,,2,1.0
bs0514_frame_000033,valid_geometry_only,,2,1.0
bs0514_frame_000036,valid_geometry_only,,2,1.0
bs0514_frame_000039,valid_geometry_only,,2,1.0
bs0514_frame_000042,valid_geometry_only,,2,1.0
bs0514_frame_000045,valid_geometry_only,,2,1.0
bs0514_frame_000048,valid_geometry_only,,2,1.0
bs0514_frame_000051,valid_geometry_only,,2,1.0
bs0514_frame_000054,valid_geometry_only,,2,1.0
bs0514_frame_000057,valid_geometry_only,,2,1.0
bs0514_frame_000060,valid_geometry_only,,2,1.0
bs0514_frame_000063,valid_geometry_only,,2,1.0
bs0514_frame_000066,valid_geometry_only,,2,1.0
bs0514_frame_000069,valid_geometry_only,,2,1.0
bs0514_frame_000072,valid_geometry_only,,2,1.0
bs0514_frame_000075,valid_geometry_only,,2,1.0
bs0514_frame_000078,valid_geometry_only,,2,1.0
bs0514_frame_000081,valid_geometry_only,,2,1.0
bs0514_frame_000084,valid_geometry_only,,1,1.0
bs0514_frame_000087,valid_geometry_only,,2,1.0
bs0514_frame_000090,valid_geometry_only,,2,1.0
bs0514_frame_000093,valid_geometry_only,,2,1.0
bs0514_frame_000096,valid_geometry_only,,2,1.0
bs0514_frame_000099,valid_geometry_only,,2,1.0
bs0514_frame_000102,valid_geometry_only,,2,1.0
bs0514_frame_000105,valid_geometry_only,,2,1.0
bs0514_frame_000108,valid_geometry_only,,2,1.0
bs0514_frame_000111,valid_geometry_only,,2,1.0
bs0514_frame_000114,valid_geometry_only,,2,1.0
bs0514_frame_000117,valid_geometry_only,,2,1.0
bs0514_frame_000120,valid_geometry_only,,2,1.0
bs0514_frame_000123,valid_geometry_only,,2,1.0
bs0514_frame_000126,valid_geometry_only,,2,1.0
bs0514_frame_000129,valid_geometry_only,,2,1.0
bs0514_frame_000132,valid_geometry_only,,2,1.0
bs0514_frame_000135,valid_geometry_only,,2,1.0
bs0514_frame_000138,valid_geometry_only,,2,1.0
bs1479_frame_000000,valid_geometry_only,,1,1.0
bs1479_frame_000003,valid_geometry_only,,2,1.0
bs1479_frame_000006,valid_geometry_only,,2,1.0
bs1479_frame_000009,valid_geometry_only,,2,1.0
bs1479_frame_000012,valid_geometry_only,,2,1.0
bs1479_frame_000015,valid_geometry_only,,2,1.0
bs1479_frame_000018,valid_geometry_only,,2,1.0
bs1479_frame_000021,valid_geometry_only,,2,1.0
bs1479_frame_000024,valid_geometry_only,,2,1.0
bs1479_frame_000027,valid_geometry_only,,2,1.0
bs1479_frame_000030,valid_geometry_only,,2,1.0
bs1479_frame_000033,valid_geometry_only,,2,1.0
bs1479_frame_000036,valid_geometry_only,,2,1.0
bs1479_frame_000039,valid_geometry_only,,2,1.0
bs1479_frame_000042,valid_geometry_only,,2,1.0
bs1479_frame_000045,valid_geometry_only,,2,1.0
bs1479_frame_000048,valid_geometry_only,,2,1.0
bs1479_frame_000051,valid_geometry_only,,2,1.0
bs1479_frame_000054,valid_geometry_only,,2,1.0
bs1479_frame_000057,valid_geometry_only,,2,1.0
bs1479_frame_000060,valid_geometry_only,,2,1.0
bs1479_frame_000063,valid_geometry_only,,2,1.0
bs1479_frame_000066,valid_geometry_only,,2,1.0
bs1479_frame_000069,valid_geometry_only,,2,1.0
bs1479_frame_000072,valid_geometry_only,,2,1.0
bs1479_frame_000075,valid_geometry_only,,2,1.0
bs1479_frame_000078,valid_geometry_only,,2,1.0
bs170227_frame_000000,valid_geometry_only,,1,1.0
bs170227_frame_000003,valid_geometry_only,,2,1.0
bs170227_frame_000006,valid_geometry_only,,2,1.0
bs170227_frame_000009,valid_geometry_only,,2,1.0
bs170227_frame_000012,valid_geometry_only,,2,1.0
bs170227_frame_000015,valid_geometry_only,,2,1.0
bs170227_frame_000018,valid_geometry_only,,2,1.0
bs170227_frame_000021,valid_geometry_only,,2,1.0
bs170227_frame_000024,valid_geometry_only,,2,1.0
bs170227_frame_000027,valid_geometry_only,,2,1.0
bs170227_frame_000030,valid_geometry_only,,2,1.0
bs170227_frame_000033,valid_geometry_only,,2,1.0
bs170227_frame_000036,valid_geometry_only,,2,1.0
bs170227_frame_000039,valid_geometry_only,,2,1.0
bs170227_frame_000042,valid_geometry_only,,2,1.0
bs170227_frame_000045,valid_geometry_only,,2,1.0
bs170227_frame_000048,valid_geometry_only,,2,1.0
bs170227_frame_000051,valid_geometry_only,,2,1.0
bs170227_frame_000054,valid_geometry_only,,2,1.0
bs170227_frame_000057,valid_geometry_only,,2,1.0
bs170227_frame_000060,valid_geometry_only,,2,1.0
bs170227_frame_000063,valid_geometry_only,,2,1.0
bs170227_frame_000066,valid_geometry_only,,2,1.0
bs170227_frame_000069,valid_geometry_only,,2,1.0
bs170227_frame_000072,valid_geometry_only,,2,1.0
bs170227_frame_000075,valid_geometry_only,,2,1.0
bs170227_frame_000078,valid_geometry_only,,2,1.0
bs170227_frame_000081,valid_geometry_only,,2,1.0
bs170227_frame_000084,valid_geometry_only,,2,1.0
bs170227_frame_000087,valid_geometry_only,,2,1.0
bs170227_frame_000090,valid_geometry_only,,2,1.0
bs170227_frame_000093,valid_geometry_only,,2,1.0
bs170227_frame_000096,valid_geometry_only,,2,1.0
bs170227_frame_000099,valid_geometry_only,,2,1.0
bs170227_frame_000102,valid_geometry_only,,2,1.0
bs170227_frame_000105,valid_geometry_only,,2,1.0
bs170227_frame_000108,valid_geometry_only,,2,1.0
bs170227_frame_000111,valid_geometry_only,,2,1.0
bs170227_frame_000114,valid_geometry_only,,2,1.0
bs170227_frame_000117,valid_geometry_only,,2,1.0
bs170227_frame_000120,valid_geometry_only,,2,1.0
bs170227_frame_000123,valid_geometry_only,,2,1.0
bs170227_frame_000126,valid_geometry_only,,2,1.0
bs170227_frame_000129,valid_geometry_only,,2,1.0
bs177611_frame_000000,valid_geometry_only,,2,1.0
bs177611_frame_000003,valid_geometry_only,,2,1.0
bs177611_frame_000006,valid_geometry_only,,2,1.0
bs177611_frame_000009,valid_geometry_only,,2,1.0
bs177611_frame_000012,quarantined_geometry_conflict,nostril point without nose box,0,
bs177611_frame_000015,valid_geometry_only,,2,1.0
bs177611_frame_000018,valid_geometry_only,,2,1.0
bs177611_frame_000021,valid_geometry_only,,2,1.0
bs177611_frame_000024,valid_geometry_only,,2,1.0
bs177611_frame_000027,valid_geometry_only,,2,1.0
bs177611_frame_000030,valid_geometry_only,,2,1.0
bs177611_frame_000033,valid_geometry_only,,2,1.0
bs177611_frame_000036,valid_geometry_only,,2,1.0
bs177611_frame_000039,valid_geometry_only,,2,1.0
bs177611_frame_000042,valid_geometry_only,,2,1.0
bs177611_frame_000045,valid_geometry_only,,2,1.0
bs177611_frame_000048,valid_geometry_only,,2,1.0
bs177611_frame_000051,valid_geometry_only,,2,1.0
bs177611_frame_000054,valid_geometry_only,,2,1.0
bs177611_frame_000057,valid_geometry_only,,2,1.0
bs177611_frame_000060,valid_geometry_only,,2,1.0
bs177611_frame_000063,valid_geometry_only,,2,1.0
bs177611_frame_000066,valid_geometry_only,,2,1.0
bs177611_frame_000069,valid_geometry_only,,2,1.0
bs177611_frame_000072,valid_geometry_only,,2,1.0
bs177611_frame_000075,valid_geometry_only,,2,1.0
bs177611_frame_000078,valid_geometry_only,,2,1.0
bs177611_frame_000081,valid_geometry_only,,2,1.0
bs177611_frame_000084,valid_geometry_only,,2,1.0
bs177611_frame_000087,valid_geometry_only,,2,1.0
bs177611_frame_000090,valid_geometry_only,,2,1.0
bs177611_frame_000093,valid_geometry_only,,2,1.0
bs177611_frame_000096,valid_geometry_only,,2,1.0
bs177611_frame_000099,valid_geometry_only,,2,1.0
bs177611_frame_000102,valid_geometry_only,,2,1.0
bs177611_frame_000105,valid_geometry_only,,2,1.0
bs177611_frame_000108,valid_geometry_only,,2,1.0
bs177611_frame_000111,valid_geometry_only,,2,1.0
bs177611_frame_000114,valid_geometry_only,,2,1.0
bs177611_frame_000117,valid_geometry_only,,2,1.0
bs177611_frame_000120,valid_geometry_only,,2,1.0
bs177611_frame_000123,valid_geometry_only,,2,1.0
bs177611_frame_000126,valid_geometry_only,,2,1.0
bs177611_frame_000129,valid_geometry_only,,2,1.0
bs189556_frame_000000,valid_geometry_only,,2,1.0
bs189556_frame_000003,valid_geometry_only,,2,1.0
bs189556_frame_000006,valid_geometry_only,,2,1.0
bs189556_frame_000009,valid_geometry_only,,2,1.0
bs189556_frame_000012,valid_geometry_only,,2,1.0
bs189556_frame_000015,valid_geometry_only,,2,1.0
bs189556_frame_000018,valid_geometry_only,,2,1.0
bs189556_frame_000021,valid_geometry_only,,2,1.0
bs189556_frame_000024,valid_geometry_only,,2,1.0
bs189556_frame_000027,valid_geometry_only,,2,1.0
bs189556_frame_000030,valid_geometry_only,,2,1.0
bs189556_frame_000033,valid_geometry_only,,2,1.0
bs189556_frame_000036,valid_geometry_only,,2,1.0
bs189556_frame_000039,valid_geometry_only,,2,1.0
bs189556_frame_000042,valid_geometry_only,,2,1.0
bs189556_frame_000045,valid_geometry_only,,2,1.0
bs189556_frame_000048,valid_geometry_only,,2,1.0
bs189556_frame_000051,valid_geometry_only,,2,1.0
bs189556_frame_000054,valid_geometry_only,,2,1.0
bs189556_frame_000057,valid_geometry_only,,2,1.0
bs189556_frame_000060,valid_geometry_only,,2,1.0
bs189556_frame_000063,valid_geometry_only,,2,1.0
bs189556_frame_000066,valid_geometry_only,,2,1.0
bs189556_frame_000069,valid_geometry_only,,2,1.0
bs189556_frame_000072,valid_geometry_only,,2,1.0
bs189556_frame_000075,valid_geometry_only,,2,1.0
bs189556_frame_000078,valid_geometry_only,,2,1.0
bs189556_frame_000081,valid_geometry_only,,2,1.0
bs189556_frame_000084,valid_geometry_only,,2,1.0
bs189556_frame_000087,valid_geometry_only,,2,1.0
bs189556_frame_000090,valid_geometry_only,,2,1.0
bs189556_frame_000093,valid_geometry_only,,2,1.0
bs189556_frame_000096,valid_geometry_only,,2,1.0
bs189556_frame_000099,valid_geometry_only,,2,1.0
bs189556_frame_000102,valid_geometry_only,,2,1.0
bs189556_frame_000105,valid_geometry_only,,2,1.0
bs189556_frame_000108,valid_geometry_only,,2,1.0
bs189556_frame_000111,valid_geometry_only,,2,1.0
bs189556_frame_000114,valid_geometry_only,,2,1.0
bs189556_frame_000117,valid_geometry_only,,2,1.0
bs189556_frame_000120,valid_geometry_only,,2,1.0
bs189556_frame_000123,valid_geometry_only,,2,1.0
bs189556_frame_000126,valid_geometry_only,,2,1.0
bs189556_frame_000129,valid_geometry_only,,2,1.0
bs189556_frame_000132,valid_geometry_only,,2,1.0
bs189556_frame_000135,valid_geometry_only,,2,1.0
bs189556_frame_000138,valid_geometry_only,,2,1.0
bs189556_frame_000141,valid_geometry_only,,2,1.0
bs189556_frame_000144,valid_geometry_only,,2,1.0
bs189556_frame_000147,valid_geometry_only,,2,1.0
bs189556_frame_000150,valid_geometry_only,,2,1.0
bs189556_frame_000153,valid_geometry_only,,2,1.0
bs189556_frame_000156,valid_geometry_only,,2,1.0
bs189556_frame_000159,valid_geometry_only,,2,1.0
bs189556_frame_000162,valid_geometry_only,,2,1.0
bs189556_frame_000165,valid_geometry_only,,2,1.0
bs189556_frame_000168,valid_geometry_only,,2,1.0
bs189556_frame_000171,valid_geometry_only,,2,1.0
bs189556_frame_000174,valid_geometry_only,,2,1.0
bs190624_frame_000000,valid_geometry_only,,2,1.0
bs190624_frame_000003,valid_geometry_only,,2,1.0
bs190624_frame_000006,valid_geometry_only,,2,1.0
bs190624_frame_000009,valid_geometry_only,,2,1.0
bs190624_frame_000012,valid_geometry_only,,2,1.0
bs190624_frame_000015,valid_geometry_only,,2,1.0
bs190624_frame_000018,valid_geometry_only,,2,1.0
bs190624_frame_000021,valid_geometry_only,,2,1.0
bs190624_frame_000024,valid_geometry_only,,2,1.0
bs190624_frame_000027,valid_geometry_only,,2,1.0
bs190624_frame_000030,valid_geometry_only,,2,1.0
bs190624_frame_000033,valid_geometry_only,,2,1.0
bs190624_frame_000036,valid_geometry_only,,2,1.0
bs190624_frame_000039,valid_geometry_only,,2,1.0
bs190624_frame_000042,valid_geometry_only,,2,1.0
bs190624_frame_000045,valid_geometry_only,,2,1.0
bs190624_frame_000048,valid_geometry_only,,2,1.0
bs190624_frame_000051,valid_geometry_only,,2,1.0
bs190624_frame_000054,valid_geometry_only,,2,1.0
bs190624_frame_000057,valid_geometry_only,,2,1.0
bs190624_frame_000060,valid_geometry_only,,2,1.0
bs190625_frame_000000,valid_geometry_only,,2,1.0
bs190625_frame_000003,valid_geometry_only,,2,1.0
bs190625_frame_000006,valid_geometry_only,,2,1.0
bs190625_frame_000009,valid_geometry_only,,2,1.0
bs190625_frame_000012,valid_geometry_only,,2,1.0
bs190625_frame_000015,valid_geometry_only,,2,1.0
bs190625_frame_000018,valid_geometry_only,,2,1.0
bs190625_frame_000021,valid_geometry_only,,2,1.0
bs190625_frame_000024,valid_geometry_only,,2,1.0
bs190625_frame_000027,valid_geometry_only,,2,1.0
bs190625_frame_000030,valid_geometry_only,,2,1.0
bs190625_frame_000033,valid_geometry_only,,2,1.0
bs190625_frame_000036,valid_geometry_only,,2,1.0
bs190625_frame_000039,valid_geometry_only,,2,1.0
bs190625_frame_000042,valid_geometry_only,,2,1.0
bs190625_frame_000045,valid_geometry_only,,2,1.0
bs190625_frame_000048,valid_geometry_only,,2,1.0
bs190625_frame_000051,valid_geometry_only,,2,1.0
bs190625_frame_000054,valid_geometry_only,,2,1.0
bs190625_frame_000057,valid_geometry_only,,2,1.0
bs190625_frame_000060,valid_geometry_only,,2,1.0
bs190625_frame_000063,valid_geometry_only,,2,1.0
bs190625_frame_000066,valid_geometry_only,,2,1.0
bs190625_frame_000069,valid_geometry_only,,2,1.0
bs190625_frame_000072,valid_geometry_only,,2,1.0
bs190625_frame_000075,valid_geometry_only,,2,1.0
bs190625_frame_000078,valid_geometry_only,,2,1.0
bs190625_frame_000081,valid_geometry_only,,2,1.0
bs190625_frame_000084,valid_geometry_only,,2,1.0
bs190625_frame_000087,valid_geometry_only,,2,1.0
bs190625_frame_000090,valid_geometry_only,,2,1.0
bs190625_frame_000093,valid_geometry_only,,2,1.0
bs190625_frame_000096,valid_geometry_only,,2,1.0
bs190625_frame_000099,valid_geometry_only,,2,1.0
bs190625_frame_000102,valid_geometry_only,,2,1.0
bs190625_frame_000105,valid_geometry_only,,2,1.0
bs190625_frame_000108,valid_geometry_only,,2,1.0
bs190625_frame_000111,valid_geometry_only,,2,1.0
bs190625_frame_000114,valid_geometry_only,,2,1.0
bs196399_frame_000000,valid_geometry_only,,2,1.0
bs196399_frame_000003,valid_geometry_only,,2,1.0
bs196399_frame_000006,valid_geometry_only,,2,1.0
bs196399_frame_000009,valid_geometry_only,,2,1.0
bs196399_frame_000012,valid_geometry_only,,2,1.0
bs196399_frame_000015,valid_geometry_only,,2,1.0
bs196399_frame_000018,valid_geometry_only,,2,1.0
bs196399_frame_000021,valid_geometry_only,,2,1.0
bs196399_frame_000024,valid_geometry_only,,2,1.0
bs196399_frame_000027,valid_geometry_only,,2,1.0
bs196399_frame_000030,valid_geometry_only,,2,1.0
bs196399_frame_000033,valid_geometry_only,,2,1.0
bs196399_frame_000036,valid_geometry_only,,2,1.0
bs196399_frame_000039,valid_geometry_only,,2,1.0
bs196399_frame_000042,valid_geometry_only,,2,1.0
bs196399_frame_000045,valid_geometry_only,,2,1.0
bs196399_frame_000048,valid_geometry_only,,2,1.0
bs196399_frame_000051,valid_geometry_only,,2,1.0
bs196399_frame_000054,valid_geometry_only,,2,1.0
bs196399_frame_000057,valid_geometry_only,,2,1.0
bs196399_frame_000060,valid_geometry_only,,2,1.0
bs196399_frame_000063,valid_geometry_only,,2,1.0
bs196399_frame_000066,valid_geometry_only,,2,1.0
bs196399_frame_000069,valid_geometry_only,,2,1.0
bs196399_frame_000072,valid_geometry_only,,2,1.0
bs196399_frame_000075,valid_geometry_only,,2,1.0
bs196399_frame_000078,valid_geometry_only,,2,1.0
bs196399_frame_000081,valid_geometry_only,,2,1.0
bs196399_frame_000084,valid_geometry_only,,2,1.0
bs196399_frame_000087,valid_geometry_only,,2,1.0
bs196399_frame_000090,valid_geometry_only,,2,1.0
bs196399_frame_000093,valid_geometry_only,,2,1.0
bs196399_frame_000096,valid_geometry_only,,2,1.0
bs200673_frame_000000,valid_geometry_only,,2,1.0
bs200673_frame_000003,valid_geometry_only,,2,1.0
bs200673_frame_000006,valid_geometry_only,,2,1.0
bs200673_frame_000009,valid_geometry_only,,2,1.0
bs200673_frame_000012,valid_geometry_only,,2,1.0
bs200673_frame_000015,valid_geometry_only,,2,1.0
bs200673_frame_000018,valid_geometry_only,,2,1.0
bs200673_frame_000021,valid_geometry_only,,2,1.0
bs200673_frame_000024,valid_geometry_only,,2,1.0
bs200673_frame_000027,valid_geometry_only,,2,1.0
bs200673_frame_000030,valid_geometry_only,,2,1.0
bs200673_frame_000033,valid_geometry_only,,2,1.0
bs200673_frame_000036,valid_geometry_only,,2,1.0
bs200673_frame_000039,valid_geometry_only,,2,1.0
bs200673_frame_000042,valid_geometry_only,,2,1.0
bs200673_frame_000045,valid_geometry_only,,2,1.0
bs200673_frame_000048,valid_geometry_only,,2,1.0
bs200673_frame_000051,valid_geometry_only,,2,1.0
bs200673_frame_000054,valid_geometry_only,,2,1.0
bs200673_frame_000057,valid_geometry_only,,2,1.0
bs200673_frame_000060,valid_geometry_only,,2,1.0
bs200673_frame_000063,valid_geometry_only,,2,1.0
bs200673_frame_000066,valid_geometry_only,,2,1.0
bs200673_frame_000069,valid_geometry_only,,2,1.0
bs200723_frame_000000,valid_geometry_only,,2,1.0
bs200723_frame_000003,valid_geometry_only,,2,1.0
bs200723_frame_000006,valid_geometry_only,,2,1.0
bs200723_frame_000009,valid_geometry_only,,2,1.0
bs200723_frame_000012,valid_geometry_only,,2,1.0
bs200723_frame_000015,valid_geometry_only,,2,1.0
bs200723_frame_000018,valid_geometry_only,,2,1.0
bs200723_frame_000021,valid_geometry_only,,2,1.0
bs200723_frame_000024,valid_geometry_only,,2,1.0
bs200723_frame_000027,valid_geometry_only,,2,1.0
bs200723_frame_000030,valid_geometry_only,,2,1.0
bs200723_frame_000033,valid_geometry_only,,2,1.0
bs200723_frame_000036,valid_geometry_only,,2,1.0
bs200723_frame_000039,valid_geometry_only,,2,1.0
bs200723_frame_000042,valid_geometry_only,,2,1.0
bs200723_frame_000045,valid_geometry_only,,2,1.0
bs200723_frame_000048,valid_geometry_only,,2,1.0
bs200723_frame_000051,valid_geometry_only,,2,1.0
bs200723_frame_000054,valid_geometry_only,,2,1.0
bs200723_frame_000057,valid_geometry_only,,2,1.0
bs200723_frame_000060,valid_geometry_only,,2,1.0
bs200723_frame_000063,valid_geometry_only,,2,1.0
bs200723_frame_000066,valid_geometry_only,,2,1.0
bs200723_frame_000069,valid_geometry_only,,2,1.0
bs200723_frame_000072,valid_geometry_only,,2,1.0
bs200723_frame_000075,valid_geometry_only,,2,1.0
bs200723_frame_000078,valid_geometry_only,,2,1.0
bs200723_frame_000081,valid_geometry_only,,2,1.0
bs200723_frame_000084,valid_geometry_only,,2,1.0
bs200723_frame_000087,valid_geometry_only,,2,1.0
bs200723_frame_000090,valid_geometry_only,,2,1.0
bs200723_frame_000093,valid_geometry_only,,2,1.0
bs200723_frame_000096,valid_geometry_only,,2,1.0
bs200723_frame_000099,valid_geometry_only,,2,1.0
bs200723_frame_000102,valid_geometry_only,,2,1.0
bs200723_frame_000105,valid_geometry_only,,2,1.0
bs200723_frame_000108,valid_geometry_only,,2,1.0
bs200723_frame_000111,valid_geometry_only,,2,1.0
bs200723_frame_000114,valid_geometry_only,,2,1.0
bs200723_frame_000117,valid_geometry_only,,2,1.0
bs200723_frame_000120,valid_geometry_only,,2,1.0
bs200723_frame_000123,valid_geometry_only,,2,1.0
bs200723_frame_000126,valid_geometry_only,,2,1.0
bs200723_frame_000129,valid_geometry_only,,2,1.0
bs200794_frame_000000,valid_geometry_only,,2,1.0
bs200794_frame_000003,valid_geometry_only,,2,1.0
bs200794_frame_000006,valid_geometry_only,,2,1.0
bs200794_frame_000009,valid_geometry_only,,2,1.0
bs200794_frame_000012,valid_geometry_only,,2,1.0
bs200794_frame_000015,valid_geometry_only,,2,1.0
bs200794_frame_000018,valid_geometry_only,,2,1.0
bs200794_frame_000021,valid_geometry_only,,2,1.0
bs200794_frame_000024,valid_geometry_only,,2,1.0
bs200794_frame_000027,valid_geometry_only,,2,1.0
bs200794_frame_000030,valid_geometry_only,,2,1.0
bs200794_frame_000033,valid_geometry_only,,2,1.0
bs200794_frame_000036,valid_geometry_only,,2,1.0
bs200794_frame_000039,valid_geometry_only,,2,1.0
bs200794_frame_000042,valid_geometry_only,,2,1.0
bs200794_frame_000045,valid_geometry_only,,2,1.0
bs200794_frame_000048,valid_geometry_only,,2,1.0
bs200794_frame_000051,valid_geometry_only,,2,1.0
bs200794_frame_000054,valid_geometry_only,,2,1.0
bs200794_frame_000057,valid_geometry_only,,2,1.0
bs200794_frame_000060,valid_geometry_only,,2,1.0
bs200794_frame_000063,valid_geometry_only,,2,1.0
bs200794_frame_000066,valid_geometry_only,,2,1.0
bs200794_frame_000069,valid_geometry_only,,2,1.0
bs200794_frame_000072,valid_geometry_only,,2,1.0
bs200794_frame_000075,valid_geometry_only,,2,1.0
bs200794_frame_000078,valid_geometry_only,,2,1.0
bs200794_frame_000081,valid_geometry_only,,2,1.0
bs200794_frame_000084,valid_geometry_only,,2,1.0
bs200794_frame_000087,valid_geometry_only,,2,1.0
bs210974_frame_000000,valid_geometry_only,,2,1.0
bs210974_frame_000003,valid_geometry_only,,2,1.0
bs210974_frame_000006,valid_geometry_only,,2,1.0
bs210974_frame_000009,valid_geometry_only,,2,1.0
bs210974_frame_000012,valid_geometry_only,,2,1.0
bs210974_frame_000015,valid_geometry_only,,2,1.0
bs210974_frame_000018,valid_geometry_only,,2,1.0
bs210974_frame_000021,valid_geometry_only,,2,1.0
bs210974_frame_000024,valid_geometry_only,,2,1.0
bs210974_frame_000027,valid_geometry_only,,2,1.0
bs210974_frame_000030,valid_geometry_only,,2,1.0
bs210974_frame_000033,valid_geometry_only,,2,1.0
bs210974_frame_000036,valid_geometry_only,,2,1.0
bs210974_frame_000039,valid_geometry_only,,2,1.0
bs210974_frame_000042,valid_geometry_only,,2,1.0
bs210974_frame_000045,valid_geometry_only,,2,1.0
bs210974_frame_000048,valid_geometry_only,,2,1.0
bs210974_frame_000051,valid_geometry_only,,2,1.0
bs210974_frame_000054,valid_geometry_only,,2,1.0
bs210974_frame_000057,valid_geometry_only,,2,1.0
bs210974_frame_000060,valid_geometry_only,,2,1.0
bs210974_frame_000063,valid_geometry_only,,2,1.0
bs210974_frame_000066,valid_geometry_only,,2,1.0
bs210974_frame_000069,valid_geometry_only,,2,1.0
bs210974_frame_000072,valid_geometry_only,,2,1.0
bs210974_frame_000075,valid_geometry_only,,2,1.0
bs210974_frame_000078,valid_geometry_only,,2,1.0
bs210984_frame_000000,valid_geometry_only,,2,1.0
bs210984_frame_000003,valid_geometry_only,,2,1.0
bs210984_frame_000006,valid_geometry_only,,2,1.0
bs210984_frame_000009,valid_geometry_only,,1,1.0
bs210984_frame_000012,valid_geometry_only,,1,1.0
bs210984_frame_000015,valid_geometry_only,,1,1.0
bs210984_frame_000018,valid_geometry_only,,1,1.0
bs210984_frame_000021,valid_geometry_only,,2,1.0
bs210984_frame_000024,valid_geometry_only,,1,1.0
bs210984_frame_000027,valid_geometry_only,,2,1.0
bs210984_frame_000030,valid_geometry_only,,1,1.0
bs210984_frame_000033,valid_geometry_only,,2,1.0
bs210984_frame_000036,valid_geometry_only,,1,1.0
bs210984_frame_000039,valid_geometry_only,,1,1.0
bs210984_frame_000042,valid_geometry_only,,2,1.0
bs210984_frame_000045,valid_geometry_only,,1,1.0
bs210984_frame_000048,valid_geometry_only,,2,1.0
bs210984_frame_000051,valid_geometry_only,,1,1.0
bs210984_frame_000054,valid_geometry_only,,2,1.0
bs210984_frame_000057,valid_geometry_only,,2,1.0
bs210984_frame_000060,valid_geometry_only,,2,1.0
bs210984_frame_000063,valid_geometry_only,,2,1.0
bs210984_frame_000066,valid_geometry_only,,1,1.0
bs210984_frame_000069,valid_geometry_only,,1,1.0
bs210984_frame_000072,valid_geometry_only,,2,1.0
bs210984_frame_000075,valid_geometry_only,,1,1.0
bs210984_frame_000078,valid_geometry_only,,1,1.0
bs211046_frame_000000,valid_geometry_only,,2,1.0
bs211046_frame_000003,valid_geometry_only,,2,1.0
bs211046_frame_000006,valid_geometry_only,,2,1.0
bs211046_frame_000009,valid_geometry_only,,2,1.0
bs211046_frame_000012,valid_geometry_only,,2,1.0
bs211046_frame_000015,valid_geometry_only,,2,1.0
bs211046_frame_000018,valid_geometry_only,,2,1.0
bs211046_frame_000021,valid_geometry_only,,2,1.0
bs211046_frame_000024,valid_geometry_only,,2,1.0
bs211046_frame_000027,valid_geometry_only,,2,1.0
bs211046_frame_000030,valid_geometry_only,,2,1.0
bs211046_frame_000033,valid_geometry_only,,2,1.0
bs211046_frame_000036,valid_geometry_only,,2,1.0
bs211046_frame_000039,valid_geometry_only,,2,1.0
bs211046_frame_000042,valid_geometry_only,,2,1.0
bs211046_frame_000045,valid_geometry_only,,2,1.0
bs211046_frame_000048,valid_geometry_only,,2,1.0
bs211046_frame_000051,valid_geometry_only,,2,1.0
bs211046_frame_000054,valid_geometry_only,,2,1.0
bs211046_frame_000057,valid_geometry_only,,2,1.0
bs211046_frame_000060,valid_geometry_only,,2,1.0
bs211046_frame_000063,valid_geometry_only,,2,1.0
bs211046_frame_000066,valid_geometry_only,,2,1.0
bs211046_frame_000069,valid_geometry_only,,2,1.0
bs211046_frame_000072,valid_geometry_only,,2,1.0
bs211046_frame_000075,valid_geometry_only,,2,1.0
bs211046_frame_000078,valid_geometry_only,,2,1.0
bs211046_frame_000081,valid_geometry_only,,2,1.0
bs211046_frame_000084,valid_geometry_only,,2,1.0
bs211046_frame_000087,valid_geometry_only,,2,1.0
bs211046_frame_000090,valid_geometry_only,,2,1.0
bs211046_frame_000093,valid_geometry_only,,2,1.0
bs211046_frame_000096,valid_geometry_only,,2,1.0
bs211046_frame_000099,valid_geometry_only,,2,1.0
bs211046_frame_000102,valid_geometry_only,,2,1.0
bs211046_frame_000105,valid_geometry_only,,2,1.0
bs211046_frame_000108,valid_geometry_only,,2,1.0
bs211046_frame_000111,valid_geometry_only,,2,1.0
bs211063_frame_000000,valid_geometry_only,,2,1.0
bs211063_frame_000003,valid_geometry_only,,2,1.0
bs211063_frame_000006,valid_geometry_only,,2,1.0
bs211063_frame_000009,valid_geometry_only,,2,1.0
bs211063_frame_000012,valid_geometry_only,,2,1.0
bs211063_frame_000015,valid_geometry_only,,2,1.0
bs211063_frame_000018,valid_geometry_only,,2,1.0
bs211063_frame_000021,valid_geometry_only,,2,1.0
bs211063_frame_000024,valid_geometry_only,,2,1.0
bs211063_frame_000027,valid_geometry_only,,2,1.0
bs211063_frame_000030,valid_geometry_only,,2,1.0
bs211063_frame_000033,valid_geometry_only,,2,1.0
bs211063_frame_000036,valid_geometry_only,,2,1.0
bs211063_frame_000039,valid_geometry_only,,2,1.0
bs211063_frame_000042,valid_geometry_only,,2,1.0
bs211063_frame_000045,valid_geometry_only,,2,1.0
bs211063_frame_000048,valid_geometry_only,,2,1.0
bs211063_frame_000051,valid_geometry_only,,2,1.0
bs211063_frame_000054,valid_geometry_only,,2,1.0
bs211063_frame_000057,valid_geometry_only,,2,1.0
bs211063_frame_000060,valid_geometry_only,,2,1.0
bs211063_frame_000063,valid_geometry_only,,2,1.0
bs211063_frame_000066,valid_geometry_only,,2,1.0
bs211063_frame_000069,valid_geometry_only,,2,1.0
bs211063_frame_000072,valid_geometry_only,,2,1.0
bs211063_frame_000075,valid_geometry_only,,2,1.0
bs211063_frame_000078,valid_geometry_only,,2,1.0
bs211063_frame_000081,valid_geometry_only,,2,1.0
bs211063_frame_000084,valid_geometry_only,,2,1.0
bs211063_frame_000087,valid_geometry_only,,2,1.0
bs211063_frame_000090,valid_geometry_only,,2,1.0
bs211063_frame_000093,valid_geometry_only,,2,1.0
bs211063_frame_000096,valid_geometry_only,,2,1.0
bs211063_frame_000099,valid_geometry_only,,2,1.0
bs3015_frame_000000,valid_geometry_only,,2,1.0
bs3015_frame_000003,valid_geometry_only,,2,1.0
bs3015_frame_000006,valid_geometry_only,,2,1.0
bs3015_frame_000009,valid_geometry_only,,2,1.0
bs3015_frame_000012,valid_geometry_only,,2,1.0
bs3015_frame_000015,valid_geometry_only,,2,1.0
bs3015_frame_000018,valid_geometry_only,,2,1.0
bs3015_frame_000021,valid_geometry_only,,2,1.0
bs3015_frame_000024,valid_geometry_only,,2,1.0
bs3015_frame_000027,valid_geometry_only,,2,1.0
bs3015_frame_000030,valid_geometry_only,,2,1.0
bs3015_frame_000033,valid_geometry_only,,2,1.0
bs3015_frame_000036,valid_geometry_only,,2,1.0
bs3015_frame_000039,valid_geometry_only,,2,1.0
bs3015_frame_000042,valid_geometry_only,,2,1.0
bs3015_frame_000045,valid_geometry_only,,2,1.0
bs3015_frame_000048,valid_geometry_only,,2,1.0
bs3015_frame_000051,valid_geometry_only,,2,1.0
bs3015_frame_000054,valid_geometry_only,,2,1.0
bs3015_frame_000057,valid_geometry_only,,2,1.0
bs3015_frame_000060,valid_geometry_only,,2,1.0
bs3015_frame_000063,valid_geometry_only,,2,1.0
bs3015_frame_000066,valid_geometry_only,,2,1.0
bs3015_frame_000069,valid_geometry_only,,2,1.0
bs3015_frame_000072,valid_geometry_only,,2,1.0
bs3015_frame_000075,valid_geometry_only,,2,1.0
bs3015_frame_000078,valid_geometry_only,,2,1.0
bs3015_frame_000081,valid_geometry_only,,2,1.0
bs3015_frame_000084,valid_geometry_only,,2,1.0
bs3015_frame_000087,valid_geometry_only,,2,1.0
bs450_frame_000000,valid_geometry_only,,2,1.0
bs450_frame_000003,valid_geometry_only,,2,1.0
bs450_frame_000006,valid_geometry_only,,2,1.0
bs450_frame_000009,valid_geometry_only,,2,1.0
bs450_frame_000012,valid_geometry_only,,2,1.0
bs450_frame_000015,valid_geometry_only,,2,1.0
bs450_frame_000018,valid_geometry_only,,2,1.0
bs450_frame_000021,valid_geometry_only,,2,1.0
bs450_frame_000024,valid_geometry_only,,2,1.0
bs450_frame_000027,valid_geometry_only,,2,1.0
bs450_frame_000030,valid_geometry_only,,2,1.0
bs450_frame_000033,valid_geometry_only,,2,1.0
bs450_frame_000036,valid_geometry_only,,2,1.0
bs450_frame_000039,valid_geometry_only,,2,1.0
bs450_frame_000042,valid_geometry_only,,2,1.0
bs450_frame_000045,valid_geometry_only,,2,1.0
bs450_frame_000048,valid_geometry_only,,2,1.0
bs450_frame_000051,valid_geometry_only,,2,1.0
bs450_frame_000054,valid_geometry_only,,2,1.0
bs450_frame_000057,valid_geometry_only,,2,1.0
bs450_frame_000060,valid_geometry_only,,2,1.0
bs450_frame_000063,valid_geometry_only,,2,1.0
bs450_frame_000066,valid_geometry_only,,2,1.0
bs450_frame_000069,valid_geometry_only,,2,1.0
bs455_frame_000000,valid_geometry_only,,2,1.0
bs455_frame_000003,valid_geometry_only,,2,1.0
bs455_frame_000006,valid_geometry_only,,2,1.0
bs455_frame_000009,valid_geometry_only,,2,1.0
bs455_frame_000012,valid_geometry_only,,2,1.0
bs455_frame_000015,valid_geometry_only,,2,1.0
bs455_frame_000018,valid_geometry_only,,2,1.0
bs455_frame_000021,valid_geometry_only,,2,1.0
bs455_frame_000024,valid_geometry_only,,2,1.0
bs455_frame_000027,valid_geometry_only,,2,1.0
bs455_frame_000030,valid_geometry_only,,2,1.0
bs455_frame_000033,valid_geometry_only,,2,1.0
bs455_frame_000036,valid_geometry_only,,2,1.0
bs455_frame_000039,valid_geometry_only,,2,1.0
bs455_frame_000042,valid_geometry_only,,2,1.0
bs455_frame_000045,valid_geometry_only,,2,1.0
bs455_frame_000048,valid_geometry_only,,2,1.0
bs455_frame_000051,valid_geometry_only,,2,1.0
bs455_frame_000054,valid_geometry_only,,2,1.0
bs455_frame_000057,valid_geometry_only,,2,1.0
bs455_frame_000060,valid_geometry_only,,2,1.0
bs455_frame_000063,valid_geometry_only,,2,1.0
bs455_frame_000066,valid_geometry_only,,2,1.0
bs455_frame_000069,valid_geometry_only,,2,1.0
bs455_frame_000072,valid_geometry_only,,2,1.0
bs455_frame_000075,valid_geometry_only,,2,1.0
bs455_frame_000078,valid_geometry_only,,2,1.0
bs455_frame_000081,valid_geometry_only,,2,1.0
bs455_frame_000084,valid_geometry_only,,2,1.0
bs455_frame_000087,valid_geometry_only,,2,1.0
bs455_frame_000090,valid_geometry_only,,2,1.0
bs455_frame_000093,valid_geometry_only,,2,1.0
bs455_frame_000096,valid_geometry_only,,2,1.0
bs455_frame_000099,valid_geometry_only,,2,1.0
bs455_frame_000102,valid_geometry_only,,2,1.0
bs455_frame_000105,valid_geometry_only,,2,1.0
bs4717_frame_000000,valid_geometry_only,,2,1.0
bs4717_frame_000003,valid_geometry_only,,2,1.0
bs4717_frame_000006,valid_geometry_only,,2,1.0
bs4717_frame_000009,valid_geometry_only,,2,1.0
bs4717_frame_000012,valid_geometry_only,,2,1.0
bs4717_frame_000015,valid_geometry_only,,2,1.0
bs4717_frame_000018,valid_geometry_only,,2,1.0
bs4717_frame_000021,valid_geometry_only,,2,1.0
bs4717_frame_000024,valid_geometry_only,,2,1.0
bs4717_frame_000027,valid_geometry_only,,2,1.0
bs4717_frame_000030,valid_geometry_only,,2,1.0
bs4717_frame_000033,valid_geometry_only,,2,1.0
bs4717_frame_000036,valid_geometry_only,,2,1.0
bs4717_frame_000039,valid_geometry_only,,2,1.0
bs4717_frame_000042,valid_geometry_only,,2,1.0
bs4717_frame_000045,valid_geometry_only,,2,1.0
bs4717_frame_000048,valid_geometry_only,,2,1.0
bs4717_frame_000051,valid_geometry_only,,2,1.0
bs4717_frame_000054,valid_geometry_only,,2,1.0
bs4717_frame_000057,valid_geometry_only,,2,1.0
bs4717_frame_000060,valid_geometry_only,,2,1.0
bs4717_frame_000063,valid_geometry_only,,2,1.0
bs4717_frame_000066,valid_geometry_only,,2,1.0
bs4717_frame_000069,valid_geometry_only,,2,1.0
bs4717_frame_000072,valid_geometry_only,,2,1.0
bs4717_frame_000075,valid_geometry_only,,2,1.0
bs4717_frame_000078,valid_geometry_only,,2,1.0
bs6516_frame_000000,valid_geometry_only,,2,1.0
bs6516_frame_000003,valid_geometry_only,,2,1.0
bs6516_frame_000006,valid_geometry_only,,2,1.0
bs6516_frame_000009,valid_geometry_only,,2,1.0
bs6516_frame_000012,valid_geometry_only,,2,1.0
bs6516_frame_000015,valid_geometry_only,,2,1.0
bs6516_frame_000018,valid_geometry_only,,2,1.0
bs6516_frame_000021,valid_geometry_only,,2,1.0
bs6516_frame_000024,valid_geometry_only,,2,1.0
bs6516_frame_000027,valid_geometry_only,,2,1.0
bs6516_frame_000030,valid_geometry_only,,2,1.0
bs6516_frame_000033,valid_geometry_only,,2,1.0
bs6516_frame_000036,valid_geometry_only,,2,1.0
bs6516_frame_000039,valid_geometry_only,,2,1.0
bs6516_frame_000042,valid_geometry_only,,2,1.0
bs6516_frame_000045,valid_geometry_only,,2,1.0
bs6516_frame_000048,valid_geometry_only,,2,1.0
bs6516_frame_000051,valid_geometry_only,,2,1.0
bs6516_frame_000054,valid_geometry_only,,2,1.0
bs6516_frame_000057,valid_geometry_only,,2,1.0
bs6516_frame_000060,valid_geometry_only,,2,1.0
bs6516_frame_000063,valid_geometry_only,,2,1.0
bs6516_frame_000066,valid_geometry_only,,2,1.0
bs6516_frame_000069,valid_geometry_only,,2,1.0
bs6516_frame_000072,valid_geometry_only,,2,1.0
bs6516_frame_000075,valid_geometry_only,,2,1.0
bs6516_frame_000078,valid_geometry_only,,2,1.0
bs6516_frame_000081,valid_geometry_only,,2,1.0
bs6516_frame_000084,valid_geometry_only,,2,1.0
bs6516_frame_000087,valid_geometry_only,,2,1.0
bs6516_frame_000090,valid_geometry_only,,2,1.0
bs6516_frame_000093,valid_geometry_only,,2,1.0
ns153017_frame_000000,valid_geometry_only,,2,1.0
ns153017_frame_000003,valid_geometry_only,,2,1.0
ns153017_frame_000006,valid_geometry_only,,2,1.0
ns153017_frame_000009,valid_geometry_only,,2,1.0
ns153017_frame_000012,valid_geometry_only,,2,1.0
ns153017_frame_000015,valid_geometry_only,,2,1.0
ns153017_frame_000018,valid_geometry_only,,2,1.0
ns153017_frame_000021,valid_geometry_only,,2,1.0
ns153017_frame_000024,valid_geometry_only,,2,1.0
ns153017_frame_000027,valid_geometry_only,,2,1.0
ns153017_frame_000030,valid_geometry_only,,2,1.0
ns153017_frame_000033,valid_geometry_only,,2,1.0
ns153017_frame_000036,valid_geometry_only,,2,1.0
ns153017_frame_000039,valid_geometry_only,,2,1.0
ns153017_frame_000042,valid_geometry_only,,2,1.0
ns153017_frame_000045,valid_geometry_only,,2,1.0
ns153017_frame_000048,valid_geometry_only,,2,1.0
ns153017_frame_000051,valid_geometry_only,,2,1.0
ns153017_frame_000054,valid_geometry_only,,2,1.0
ns153017_frame_000057,valid_geometry_only,,2,1.0
ns153017_frame_000060,valid_geometry_only,,2,1.0
ns153017_frame_000063,valid_geometry_only,,2,1.0
ns153017_frame_000066,valid_geometry_only,,2,1.0
ns153017_frame_000069,valid_geometry_only,,2,1.0
ns153017_frame_000072,valid_geometry_only,,2,1.0
ns153017_frame_000075,valid_geometry_only,,2,1.0
ns153017_frame_000078,valid_geometry_only,,2,1.0
ns153017_frame_000081,valid_geometry_only,,2,1.0
ns153017_frame_000084,valid_geometry_only,,2,1.0
ns153017_frame_000087,valid_geometry_only,,2,1.0
ns170082_frame_000000,valid_geometry_only,,2,1.0
ns170082_frame_000003,valid_geometry_only,,2,1.0
ns170082_frame_000006,valid_geometry_only,,2,1.0
ns170082_frame_000009,valid_geometry_only,,2,1.0
ns170082_frame_000012,valid_geometry_only,,2,1.0
ns170082_frame_000015,valid_geometry_only,,2,1.0
ns170082_frame_000018,valid_geometry_only,,2,1.0
ns170082_frame_000021,valid_geometry_only,,2,1.0
ns170082_frame_000024,valid_geometry_only,,2,1.0
ns170082_frame_000027,valid_geometry_only,,2,1.0
ns170082_frame_000030,valid_geometry_only,,2,1.0
ns170082_frame_000033,valid_geometry_only,,2,1.0
ns170082_frame_000036,valid_geometry_only,,2,1.0
ns170082_frame_000039,valid_geometry_only,,2,1.0
ns170082_frame_000042,valid_geometry_only,,2,1.0
ns170082_frame_000045,valid_geometry_only,,2,1.0
ns170082_frame_000048,valid_geometry_only,,2,1.0
ns170082_frame_000051,valid_geometry_only,,2,1.0
ns170082_frame_000054,valid_geometry_only,,2,1.0
ns170082_frame_000057,valid_geometry_only,,2,1.0
ns170082_frame_000060,valid_geometry_only,,2,1.0
ns170082_frame_000063,valid_geometry_only,,2,1.0
ns170082_frame_000066,valid_geometry_only,,2,1.0
ns170082_frame_000069,valid_geometry_only,,2,1.0
ns170082_frame_000072,valid_geometry_only,,2,1.0
ns170082_frame_000075,valid_geometry_only,,2,1.0
ns170082_frame_000078,valid_geometry_only,,2,1.0
ns179166_frame_000000,valid_geometry_only,,2,1.0
ns179166_frame_000003,valid_geometry_only,,2,1.0
ns179166_frame_000006,valid_geometry_only,,2,1.0
ns179166_frame_000009,valid_geometry_only,,2,1.0
ns179166_frame_000012,valid_geometry_only,,2,1.0
ns179166_frame_000015,valid_geometry_only,,2,1.0
ns179166_frame_000018,valid_geometry_only,,2,1.0
ns179166_frame_000021,valid_geometry_only,,2,1.0
ns179166_frame_000024,valid_geometry_only,,2,1.0
ns179166_frame_000027,valid_geometry_only,,2,1.0
ns179166_frame_000030,valid_geometry_only,,2,1.0
ns179166_frame_000033,valid_geometry_only,,2,1.0
ns179166_frame_000036,valid_geometry_only,,2,1.0
ns179166_frame_000039,valid_geometry_only,,2,1.0
ns179166_frame_000042,valid_geometry_only,,2,1.0
ns179166_frame_000045,valid_geometry_only,,2,1.0
ns179166_frame_000048,valid_geometry_only,,2,1.0
ns179166_frame_000051,valid_geometry_only,,2,1.0
ns179166_frame_000054,valid_geometry_only,,2,1.0
ns179166_frame_000057,valid_geometry_only,,2,1.0
ns179166_frame_000060,valid_geometry_only,,2,1.0
ns179166_frame_000063,valid_geometry_only,,2,1.0
ns179166_frame_000066,valid_geometry_only,,2,1.0
ns179166_frame_000069,valid_geometry_only,,2,1.0
ns196527_frame_000000,valid_geometry_only,,2,1.0
ns196527_frame_000003,valid_geometry_only,,2,1.0
ns196527_frame_000006,valid_geometry_only,,2,1.0
ns196527_frame_000009,valid_geometry_only,,2,1.0
ns196527_frame_000012,valid_geometry_only,,2,1.0
ns196527_frame_000015,valid_geometry_only,,2,1.0
ns196527_frame_000018,valid_geometry_only,,2,1.0
ns196527_frame_000021,valid_geometry_only,,2,1.0
ns196527_frame_000024,valid_geometry_only,,2,1.0
ns196527_frame_000027,valid_geometry_only,,2,1.0
ns196527_frame_000030,valid_geometry_only,,2,1.0
ns196527_frame_000033,valid_geometry_only,,2,1.0
ns196527_frame_000036,valid_geometry_only,,2,1.0
ns196527_frame_000039,valid_geometry_only,,2,1.0
ns196527_frame_000042,valid_geometry_only,,2,1.0
ns196527_frame_000045,valid_geometry_only,,2,1.0
ns196527_frame_000048,valid_geometry_only,,2,1.0
ns196527_frame_000051,valid_geometry_only,,2,1.0
ns196527_frame_000054,valid_geometry_only,,2,1.0
ns196527_frame_000057,valid_geometry_only,,2,1.0
ns196527_frame_000060,valid_geometry_only,,2,1.0
ns196527_frame_000063,valid_geometry_only,,2,1.0
ns196527_frame_000066,valid_geometry_only,,2,1.0
ns196527_frame_000069,valid_geometry_only,,2,1.0
ns196527_frame_000072,valid_geometry_only,,2,1.0
ns196527_frame_000075,valid_geometry_only,,2,1.0
ns196527_frame_000078,valid_geometry_only,,2,1.0
ns196527_frame_000081,valid_geometry_only,,2,1.0
ns200886_frame_000000,valid_geometry_only,,2,1.0
ns200886_frame_000003,valid_geometry_only,,2,1.0
ns200886_frame_000006,valid_geometry_only,,2,1.0
ns200886_frame_000009,valid_geometry_only,,2,1.0
ns200886_frame_000012,valid_geometry_only,,2,1.0
ns200886_frame_000015,valid_geometry_only,,2,1.0
ns200886_frame_000018,valid_geometry_only,,2,1.0
ns200886_frame_000021,valid_geometry_only,,2,1.0
ns200886_frame_000024,valid_geometry_only,,2,1.0
ns200886_frame_000027,valid_geometry_only,,2,1.0
ns200886_frame_000030,valid_geometry_only,,2,1.0
ns200886_frame_000033,valid_geometry_only,,2,1.0
ns200886_frame_000036,valid_geometry_only,,2,1.0
ns200886_frame_000039,valid_geometry_only,,2,1.0
ns200886_frame_000042,valid_geometry_only,,2,1.0
ns200886_frame_000045,valid_geometry_only,,2,1.0
ns200886_frame_000048,valid_geometry_only,,2,1.0
ns200886_frame_000051,valid_geometry_only,,1,1.0
ns200886_frame_000054,valid_geometry_only,,1,1.0
ns200886_frame_000057,valid_geometry_only,,2,1.0
ns200886_frame_000060,valid_geometry_only,,1,1.0
ns200886_frame_000063,valid_geometry_only,,1,1.0
ns200886_frame_000066,valid_geometry_only,,1,1.0
ns200886_frame_000069,valid_geometry_only,,1,1.0
ns200886_frame_000072,valid_geometry_only,,1,1.0
ns200886_frame_000075,valid_geometry_only,,1,1.0
ns200886_frame_000078,valid_geometry_only,,1,1.0
ns200886_frame_000081,valid_geometry_only,,1,1.0
ns200886_frame_000084,valid_geometry_only,,1,1.0
ns200886_frame_000087,valid_geometry_only,,1,1.0
ns200886_frame_000090,valid_geometry_only,,1,1.0
ns200886_frame_000093,valid_geometry_only,,1,1.0
ns200886_frame_000096,valid_geometry_only,,1,1.0
ns210947_frame_000000,valid_geometry_only,,2,1.0
ns210947_frame_000003,valid_geometry_only,,2,1.0
ns210947_frame_000006,valid_geometry_only,,2,1.0
ns210947_frame_000009,valid_geometry_only,,1,1.0
ns210947_frame_000012,valid_geometry_only,,1,1.0
ns210947_frame_000015,valid_geometry_only,,2,1.0
ns210947_frame_000018,valid_geometry_only,,2,1.0
ns210947_frame_000021,valid_geometry_only,,2,1.0
ns210947_frame_000024,valid_geometry_only,,2,1.0
ns210947_frame_000027,valid_geometry_only,,2,1.0
ns210947_frame_000030,valid_geometry_only,,2,1.0
ns210947_frame_000033,valid_geometry_only,,2,1.0
ns210947_frame_000036,valid_geometry_only,,2,1.0
ns210947_frame_000039,valid_geometry_only,,2,1.0
ns210947_frame_000042,valid_geometry_only,,2,1.0
ns210947_frame_000045,valid_geometry_only,,2,1.0
ns210947_frame_000048,valid_geometry_only,,2,1.0
ns210947_frame_000051,valid_geometry_only,,2,1.0
ns210947_frame_000054,valid_geometry_only,,2,1.0
ns210947_frame_000057,valid_geometry_only,,2,1.0
ns210947_frame_000060,valid_geometry_only,,2,1.0
ns210947_frame_000063,valid_geometry_only,,2,1.0
ns210947_frame_000066,valid_geometry_only,,2,1.0
ns210947_frame_000069,valid_geometry_only,,2,1.0
ns210947_frame_000072,valid_geometry_only,,2,1.0
ns210947_frame_000075,valid_geometry_only,,2,1.0
ns210947_frame_000078,valid_geometry_only,,2,1.0
ns210947_frame_000081,valid_geometry_only,,2,1.0
ns210947_frame_000084,valid_geometry_only,,2,1.0
ns210947_frame_000087,valid_geometry_only,,2,1.0
ns210947_frame_000090,valid_geometry_only,,2,1.0
ns210947_frame_000093,valid_geometry_only,,2,1.0
ns210947_frame_000096,valid_geometry_only,,2,1.0
ns210947_frame_000099,valid_geometry_only,,2,1.0
ns210947_frame_000102,valid_geometry_only,,2,1.0
ns210947_frame_000105,valid_geometry_only,,2,1.0
ns210947_frame_000108,valid_geometry_only,,2,1.0
ns210947_frame_000111,valid_geometry_only,,2,1.0
ns210947_frame_000114,valid_geometry_only,,2,1.0
ns211003_frame_000000,valid_geometry_only,,1,1.0
ns211003_frame_000003,valid_geometry_only,,1,1.0
ns211003_frame_000006,valid_geometry_only,,1,1.0
ns211003_frame_000009,valid_geometry_only,,1,1.0
ns211003_frame_000012,valid_geometry_only,,1,1.0
ns211003_frame_000015,valid_geometry_only,,1,1.0
ns211003_frame_000018,valid_geometry_only,,1,1.0
ns211003_frame_000021,valid_geometry_only,,1,1.0
ns211003_frame_000024,valid_geometry_only,,1,1.0
ns211003_frame_000027,valid_geometry_only,,1,1.0
ns211003_frame_000030,valid_geometry_only,,1,1.0
ns211003_frame_000033,valid_geometry_only,,1,1.0
ns211003_frame_000036,valid_geometry_only,,1,1.0
ns211003_frame_000039,valid_geometry_only,,1,1.0
ns211003_frame_000042,valid_geometry_only,,2,1.0
ns211003_frame_000045,valid_geometry_only,,2,1.0
ns211003_frame_000048,valid_geometry_only,,2,1.0
ns211003_frame_000051,valid_geometry_only,,2,1.0
ns211003_frame_000054,valid_geometry_only,,2,1.0
ns211003_frame_000057,valid_geometry_only,,2,1.0
ns211003_frame_000060,valid_geometry_only,,2,1.0
ns211003_frame_000063,valid_geometry_only,,2,1.0
ns211003_frame_000066,valid_geometry_only,,2,1.0
ns211003_frame_000069,valid_geometry_only,,2,1.0
ns211003_frame_000072,valid_geometry_only,,2,1.0
ns211003_frame_000075,valid_geometry_only,,2,1.0
ns211003_frame_000078,valid_geometry_only,,2,1.0
ns211003_frame_000081,valid_geometry_only,,2,1.0
ns211003_frame_000084,valid_geometry_only,,2,1.0
ns211003_frame_000087,valid_geometry_only,,2,1.0
ns211003_frame_000090,valid_geometry_only,,2,1.0
ns211003_frame_000093,valid_geometry_only,,2,1.0
ns211003_frame_000096,valid_geometry_only,,2,1.0
ns211003_frame_000099,valid_geometry_only,,2,1.0
ns211003_frame_000102,valid_geometry_only,,2,1.0
ns211003_frame_000105,valid_geometry_only,,2,1.0
ns211003_frame_000108,valid_geometry_only,,2,1.0
ns211003_frame_000111,valid_geometry_only,,2,1.0
ns211003_frame_000114,valid_geometry_only,,2,1.0
ns211013_frame_000000,valid_geometry_only,,2,1.0
ns211013_frame_000003,valid_geometry_only,,2,1.0
ns211013_frame_000006,valid_geometry_only,,2,1.0
ns211013_frame_000009,valid_geometry_only,,2,1.0
ns211013_frame_000012,valid_geometry_only,,2,1.0
ns211013_frame_000015,valid_geometry_only,,2,1.0
ns211013_frame_000018,valid_geometry_only,,2,1.0
ns211013_frame_000021,valid_geometry_only,,1,1.0
ns211013_frame_000024,valid_geometry_only,,2,1.0
ns211013_frame_000027,valid_geometry_only,,2,1.0
ns211013_frame_000030,valid_geometry_only,,2,1.0
ns211013_frame_000033,valid_geometry_only,,2,1.0
ns211013_frame_000036,valid_geometry_only,,2,1.0
ns211013_frame_000039,valid_geometry_only,,2,1.0
ns211013_frame_000042,valid_geometry_only,,2,1.0
ns211013_frame_000045,valid_geometry_only,,2,1.0
ns211013_frame_000048,valid_geometry_only,,2,1.0
ns211013_frame_000051,valid_geometry_only,,2,1.0
ns211013_frame_000054,valid_geometry_only,,2,1.0
ns211013_frame_000057,valid_geometry_only,,2,1.0
ns211013_frame_000060,valid_geometry_only,,2,1.0
ns211030_frame_000000,valid_geometry_only,,1,1.0
ns211030_frame_000003,valid_geometry_only,,1,1.0
ns211030_frame_000006,valid_geometry_only,,1,1.0
ns211030_frame_000009,valid_geometry_only,,1,1.0
ns211030_frame_000012,valid_geometry_only,,1,1.0
ns211030_frame_000015,valid_geometry_only,,1,1.0
ns211030_frame_000018,valid_geometry_only,,1,1.0
ns211030_frame_000021,valid_geometry_only,,1,1.0
ns211030_frame_000024,valid_geometry_only,,1,1.0
ns211030_frame_000027,valid_geometry_only,,1,1.0
ns211030_frame_000030,valid_geometry_only,,1,1.0
ns211030_frame_000033,valid_geometry_only,,2,1.0
ns211030_frame_000036,valid_geometry_only,,2,1.0
ns211030_frame_000039,valid_geometry_only,,2,1.0
ns211030_frame_000042,valid_geometry_only,,2,1.0
ns211030_frame_000045,valid_geometry_only,,2,1.0
ns211030_frame_000048,valid_geometry_only,,2,1.0
ns211030_frame_000051,valid_geometry_only,,2,1.0
ns211030_frame_000054,valid_geometry_only,,2,1.0
ns211030_frame_000057,valid_geometry_only,,2,1.0
ns211030_frame_000060,valid_geometry_only,,2,1.0
ns211030_frame_000063,valid_geometry_only,,2,1.0
ns211030_frame_000066,valid_geometry_only,,2,1.0
ns211030_frame_000069,valid_geometry_only,,2,1.0
ns211030_frame_000072,valid_geometry_only,,2,1.0
ns211030_frame_000075,valid_geometry_only,,2,1.0
ns211030_frame_000078,valid_geometry_only,,2,1.0
ns211030_frame_000081,valid_geometry_only,,2,1.0
ns211030_frame_000084,valid_geometry_only,,2,1.0
ns211030_frame_000087,valid_geometry_only,,2,1.0
ns211030_frame_000090,valid_geometry_only,,2,1.0
ns211030_frame_000093,valid_geometry_only,,2,1.0
ns211030_frame_000096,valid_geometry_only,,2,1.0
ns211030_frame_000099,valid_geometry_only,,2,1.0
ns211030_frame_000102,valid_geometry_only,,2,1.0
ns211030_frame_000105,valid_geometry_only,,2,1.0
ns211030_frame_000108,valid_geometry_only,,2,1.0
ns211030_frame_000111,valid_geometry_only,,2,1.0
ns211030_frame_000114,valid_geometry_only,,2,1.0
ns211095_frame_000000,valid_geometry_only,,2,1.0
ns211095_frame_000003,valid_geometry_only,,2,1.0
ns211095_frame_000006,valid_geometry_only,,2,1.0
ns211095_frame_000009,valid_geometry_only,,2,1.0
ns211095_frame_000012,valid_geometry_only,,2,1.0
ns211095_frame_000015,valid_geometry_only,,2,1.0
ns211095_frame_000018,valid_geometry_only,,2,1.0
ns211095_frame_000021,valid_geometry_only,,2,1.0
ns211095_frame_000024,valid_geometry_only,,2,1.0
ns211095_frame_000027,valid_geometry_only,,2,1.0
ns211095_frame_000030,valid_geometry_only,,2,1.0
ns211095_frame_000033,valid_geometry_only,,2,1.0
ns211095_frame_000036,valid_geometry_only,,2,1.0
ns211095_frame_000039,valid_geometry_only,,2,1.0
ns211095_frame_000042,valid_geometry_only,,2,1.0
ns211095_frame_000045,valid_geometry_only,,2,1.0
ns211095_frame_000048,valid_geometry_only,,2,1.0
ns211095_frame_000051,valid_geometry_only,,2,1.0
ns211095_frame_000054,valid_geometry_only,,2,1.0
ns211095_frame_000057,valid_geometry_only,,2,1.0
ns211095_frame_000060,valid_geometry_only,,2,1.0
ns211095_frame_000063,valid_geometry_only,,2,1.0
ns211095_frame_000066,valid_geometry_only,,2,1.0
ns211095_frame_000069,valid_geometry_only,,2,1.0
ns211095_frame_000072,valid_geometry_only,,2,1.0
ns211095_frame_000075,valid_geometry_only,,2,1.0
ns211095_frame_000078,valid_geometry_only,,2,1.0
ns211095_frame_000081,valid_geometry_only,,2,1.0
ns211095_frame_000084,valid_geometry_only,,2,1.0
ns211095_frame_000087,valid_geometry_only,,2,1.0
ns211095_frame_000090,valid_geometry_only,,2,1.0
ns211095_frame_000093,valid_geometry_only,,2,1.0
ns211095_frame_000096,valid_geometry_only,,2,1.0
ns211117_frame_000000,valid_geometry_only,,2,1.0
ns211117_frame_000003,valid_geometry_only,,2,1.0
ns211117_frame_000006,valid_geometry_only,,2,1.0
ns211117_frame_000009,valid_geometry_only,,2,1.0
ns211117_frame_000012,valid_geometry_only,,2,1.0
ns211117_frame_000015,valid_geometry_only,,2,1.0
ns211117_frame_000018,valid_geometry_only,,2,1.0
ns211117_frame_000021,valid_geometry_only,,2,1.0
ns211117_frame_000024,valid_geometry_only,,2,1.0
ns211117_frame_000027,valid_geometry_only,,2,1.0
ns211117_frame_000030,valid_geometry_only,,2,1.0
ns211117_frame_000033,valid_geometry_only,,2,1.0
ns211117_frame_000036,valid_geometry_only,,2,1.0
ns211117_frame_000039,valid_geometry_only,,2,1.0
ns211117_frame_000042,valid_geometry_only,,2,1.0
ns211117_frame_000045,valid_geometry_only,,2,1.0
ns211117_frame_000048,valid_geometry_only,,2,1.0
ns211117_frame_000051,valid_geometry_only,,2,1.0
ns211117_frame_000054,valid_geometry_only,,2,1.0
ns211117_frame_000057,valid_geometry_only,,2,1.0
ns211117_frame_000060,valid_geometry_only,,2,1.0
ns211117_frame_000063,valid_geometry_only,,2,1.0
ns211117_frame_000066,valid_geometry_only,,2,1.0
ns211117_frame_000069,valid_geometry_only,,2,1.0
ns211117_frame_000072,valid_geometry_only,,2,1.0
ns211117_frame_000075,valid_geometry_only,,2,1.0
ns211117_frame_000078,valid_geometry_only,,2,1.0
ns211146_frame_000000,valid_geometry_only,,2,1.0
ns211146_frame_000003,valid_geometry_only,,2,1.0
ns211146_frame_000006,valid_geometry_only,,2,1.0
ns211146_frame_000009,valid_geometry_only,,2,1.0
ns211146_frame_000012,valid_geometry_only,,2,1.0
ns211146_frame_000015,valid_geometry_only,,2,1.0
ns211146_frame_000018,valid_geometry_only,,2,1.0
ns211146_frame_000021,valid_geometry_only,,2,1.0
ns211146_frame_000024,valid_geometry_only,,2,1.0
ns211146_frame_000027,valid_geometry_only,,2,1.0
ns211146_frame_000030,valid_geometry_only,,2,1.0
ns211146_frame_000033,valid_geometry_only,,2,1.0
ns211146_frame_000036,valid_geometry_only,,2,1.0
ns211146_frame_000039,valid_geometry_only,,2,1.0
ns211146_frame_000042,valid_geometry_only,,2,1.0
ns211146_frame_000045,valid_geometry_only,,2,1.0
ns211146_frame_000048,valid_geometry_only,,2,1.0
ns211146_frame_000051,valid_geometry_only,,2,1.0
ns211146_frame_000054,valid_geometry_only,,2,1.0
ns211146_frame_000057,valid_geometry_only,,2,1.0
ns211146_frame_000060,valid_geometry_only,,2,1.0
ns211146_frame_000063,valid_geometry_only,,2,1.0
ns211146_frame_000066,valid_geometry_only,,2,1.0
ns211146_frame_000069,valid_geometry_only,,2,1.0
ns211146_frame_000072,valid_geometry_only,,2,1.0
ns211146_frame_000075,valid_geometry_only,,2,1.0
ns211146_frame_000078,valid_geometry_only,,2,1.0
ns211154_frame_000000,valid_geometry_only,,2,1.0
ns211154_frame_000003,valid_geometry_only,,2,1.0
ns211154_frame_000006,valid_geometry_only,,2,1.0
ns211154_frame_000009,valid_geometry_only,,2,1.0
ns211154_frame_000012,valid_geometry_only,,2,1.0
ns211154_frame_000015,valid_geometry_only,,2,1.0
ns211154_frame_000018,valid_geometry_only,,2,1.0
ns211154_frame_000021,valid_geometry_only,,2,1.0
ns211154_frame_000024,valid_geometry_only,,2,1.0
ns211154_frame_000027,valid_geometry_only,,2,1.0
ns211154_frame_000030,valid_geometry_only,,2,1.0
ns211154_frame_000033,valid_geometry_only,,2,1.0
ns211154_frame_000036,valid_geometry_only,,2,1.0
ns211154_frame_000039,valid_geometry_only,,2,1.0
ns211154_frame_000042,valid_geometry_only,,2,1.0
ns211154_frame_000045,valid_geometry_only,,2,1.0
ns211154_frame_000048,valid_geometry_only,,2,1.0
ns211154_frame_000051,valid_geometry_only,,2,1.0
ns211154_frame_000054,valid_geometry_only,,2,1.0
ns211154_frame_000057,valid_geometry_only,,2,1.0
ns211154_frame_000060,valid_geometry_only,,2,1.0
ns211154_frame_000063,valid_geometry_only,,2,1.0
ns211154_frame_000066,valid_geometry_only,,2,1.0
ns211154_frame_000069,valid_geometry_only,,2,1.0
ns211154_frame_000072,valid_geometry_only,,2,1.0
ns211154_frame_000075,valid_geometry_only,,2,1.0
ns211154_frame_000078,valid_geometry_only,,2,1.0
ns211154_frame_000081,valid_geometry_only,,2,1.0
ns211154_frame_000084,valid_geometry_only,,2,1.0
ns211154_frame_000087,valid_geometry_only,,2,1.0
ns211154_frame_000090,valid_geometry_only,,2,1.0
ns211154_frame_000093,valid_geometry_only,,2,1.0
ns211154_frame_000096,valid_geometry_only,,2,1.0
ns211154_frame_000099,valid_geometry_only,,2,1.0
ns211154_frame_000102,valid_geometry_only,,2,1.0
ns211154_frame_000105,valid_geometry_only,,2,1.0
ns211154_frame_000108,valid_geometry_only,,2,1.0
ns211154_frame_000111,valid_geometry_only,,2,1.0
ns211154_frame_000114,valid_geometry_only,,2,1.0
ns5364_frame_000000,valid_geometry_only,,1,1.0
ns5364_frame_000003,valid_geometry_only,,1,1.0
ns5364_frame_000006,valid_geometry_only,,1,1.0
ns5364_frame_000009,valid_geometry_only,,1,1.0
ns5364_frame_000012,valid_geometry_only,,1,1.0
ns5364_frame_000015,valid_geometry_only,,1,1.0
ns5364_frame_000018,valid_geometry_only,,1,1.0
ns5364_frame_000021,valid_geometry_only,,1,1.0
ns5364_frame_000024,valid_geometry_only,,1,1.0
ns5364_frame_000027,valid_geometry_only,,1,1.0
ns5364_frame_000030,valid_geometry_only,,1,1.0
ns5364_frame_000033,valid_geometry_only,,1,1.0
ns5364_frame_000036,valid_geometry_only,,1,1.0
ns5364_frame_000039,valid_geometry_only,,1,1.0
ns5364_frame_000042,valid_geometry_only,,1,1.0
ns5364_frame_000045,valid_geometry_only,,1,1.0
ns5364_frame_000048,valid_geometry_only,,1,1.0
ns5364_frame_000051,valid_geometry_only,,1,1.0
ns5364_frame_000054,valid_geometry_only,,1,1.0
ns5364_frame_000057,valid_geometry_only,,1,1.0
ns5364_frame_000060,valid_geometry_only,,2,1.0
ns5364_frame_000063,valid_geometry_only,,2,1.0
ns5364_frame_000066,valid_geometry_only,,2,1.0
ns5364_frame_000069,valid_geometry_only,,2,1.0
ns5364_frame_000072,valid_geometry_only,,2,1.0
ns5364_frame_000075,valid_geometry_only,,2,1.0
ns5364_frame_000078,valid_geometry_only,,2,1.0
ns5364_frame_000081,valid_geometry_only,,2,1.0
ns5364_frame_000084,valid_geometry_only,,2,1.0
ns5364_frame_000087,valid_geometry_only,,2,1.0
zs16110159_frame_000000,valid_geometry_only,,1,1.0
zs16110159_frame_000003,valid_geometry_only,,1,1.0
zs16110159_frame_000006,valid_geometry_only,,1,1.0
zs16110159_frame_000009,valid_geometry_only,,1,1.0
zs16110159_frame_000012,valid_geometry_only,,1,1.0
zs16110159_frame_000015,valid_geometry_only,,1,1.0
zs16110159_frame_000018,valid_geometry_only,,1,1.0
zs16110159_frame_000021,valid_geometry_only,,1,1.0
zs16110159_frame_000024,valid_geometry_only,,1,1.0
zs16110159_frame_000027,valid_geometry_only,,1,1.0
zs16110159_frame_000030,valid_geometry_only,,1,1.0
zs16110159_frame_000033,valid_geometry_only,,1,1.0
zs16110159_frame_000036,valid_geometry_only,,1,1.0
zs16110159_frame_000039,valid_geometry_only,,1,1.0
zs16110159_frame_000042,valid_geometry_only,,1,1.0
zs16110159_frame_000045,valid_geometry_only,,1,1.0
zs16110159_frame_000048,valid_geometry_only,,1,1.0
zs16110159_frame_000051,valid_geometry_only,,1,1.0
zs16110159_frame_000054,valid_geometry_only,,1,1.0
zs16110159_frame_000057,valid_geometry_only,,1,1.0
zs16110159_frame_000060,valid_geometry_only,,1,1.0
zs16110159_frame_000063,valid_geometry_only,,1,1.0
zs16110159_frame_000066,valid_geometry_only,,2,1.0
zs16110159_frame_000069,valid_geometry_only,,1,1.0
zs16110159_frame_000072,valid_geometry_only,,1,1.0
zs16110159_frame_000075,valid_geometry_only,,1,1.0
zs16110159_frame_000078,valid_geometry_only,,1,1.0
zs16110159_frame_000081,valid_geometry_only,,1,1.0
zs16110159_frame_000084,valid_geometry_only,,1,1.0
zs16110159_frame_000087,valid_geometry_only,,1,1.0
zs16110159_frame_000090,valid_geometry_only,,1,1.0
zs16110159_frame_000093,valid_geometry_only,,1,1.0
zs16110159_frame_000096,valid_geometry_only,,1,1.0
zs16110159_frame_000099,valid_geometry_only,,1,1.0
zs16110159_frame_000102,valid_geometry_only,,1,1.0
zs16110159_frame_000105,valid_geometry_only,,1,1.0
zs16110159_frame_000108,valid_geometry_only,,1,1.0
zs16110159_frame_000111,valid_geometry_only,,1,1.0
zs16110159_frame_000114,valid_geometry_only,,1,1.0
zs16110159_frame_000117,valid_geometry_only,,1,1.0
zs16110159_frame_000120,valid_geometry_only,,1,1.0
zs16110577_frame_000000,valid_geometry_only,,2,1.0
zs16110577_frame_000003,valid_geometry_only,,2,1.0
zs16110577_frame_000006,valid_geometry_only,,2,1.0
zs16110577_frame_000009,valid_geometry_only,,2,1.0
zs16110577_frame_000012,valid_geometry_only,,2,1.0
zs16110577_frame_000015,valid_geometry_only,,2,1.0
zs16110577_frame_000018,valid_geometry_only,,2,1.0
zs16110577_frame_000021,valid_geometry_only,,2,1.0
zs16110577_frame_000024,valid_geometry_only,,2,1.0
zs16110577_frame_000027,valid_geometry_only,,2,1.0
zs16110577_frame_000030,valid_geometry_only,,2,1.0
zs16110577_frame_000033,valid_geometry_only,,2,1.0
zs16110577_frame_000036,valid_geometry_only,,2,1.0
zs16110577_frame_000039,valid_geometry_only,,2,1.0
zs16110577_frame_000042,valid_geometry_only,,2,1.0
zs16110577_frame_000045,valid_geometry_only,,2,1.0
zs16110577_frame_000048,valid_geometry_only,,2,1.0
zs16110577_frame_000051,valid_geometry_only,,2,1.0
zs16110577_frame_000054,valid_geometry_only,,2,1.0
zs16110577_frame_000057,valid_geometry_only,,2,1.0
zs16110577_frame_000060,valid_geometry_only,,2,1.0
zs16110577_frame_000063,valid_geometry_only,,2,1.0
zs16110577_frame_000066,valid_geometry_only,,2,1.0
zs16110577_frame_000069,valid_geometry_only,,2,1.0
zs170053_frame_000000,valid_geometry_only,,2,1.0
zs170053_frame_000003,valid_geometry_only,,2,1.0
zs170053_frame_000006,valid_geometry_only,,2,1.0
zs170053_frame_000009,valid_geometry_only,,2,1.0
zs170053_frame_000012,valid_geometry_only,,2,1.0
zs170053_frame_000015,valid_geometry_only,,2,1.0
zs170053_frame_000018,valid_geometry_only,,2,1.0
zs170053_frame_000021,valid_geometry_only,,2,1.0
zs170053_frame_000024,valid_geometry_only,,2,1.0
zs170053_frame_000027,valid_geometry_only,,2,1.0
zs170053_frame_000030,valid_geometry_only,,2,1.0
zs170053_frame_000033,valid_geometry_only,,2,1.0
zs170053_frame_000036,valid_geometry_only,,2,1.0
zs170053_frame_000039,valid_geometry_only,,2,1.0
zs170053_frame_000042,valid_geometry_only,,2,1.0
zs170053_frame_000045,valid_geometry_only,,2,1.0
zs170053_frame_000048,valid_geometry_only,,2,1.0
zs170053_frame_000051,valid_geometry_only,,2,1.0
zs170053_frame_000054,valid_geometry_only,,2,1.0
zs170053_frame_000057,valid_geometry_only,,2,1.0
zs170053_frame_000060,valid_geometry_only,,2,1.0
zs170053_frame_000063,valid_geometry_only,,2,1.0
zs170053_frame_000066,valid_geometry_only,,2,1.0
zs170053_frame_000069,valid_geometry_only,,2,1.0
zs170053_frame_000072,valid_geometry_only,,2,1.0
zs170053_frame_000075,valid_geometry_only,,2,1.0
zs170053_frame_000078,valid_geometry_only,,2,1.0
zs170053_frame_000081,valid_geometry_only,,2,1.0
zs170053_frame_000084,valid_geometry_only,,2,1.0
zs170053_frame_000087,valid_geometry_only,,2,1.0
zs170053_frame_000090,valid_geometry_only,,2,1.0
zs170053_frame_000093,valid_geometry_only,,2,1.0
zs170053_frame_000096,valid_geometry_only,,2,1.0
zs170053_frame_000099,valid_geometry_only,,2,1.0
zs170053_frame_000102,valid_geometry_only,,2,1.0
zs170053_frame_000105,valid_geometry_only,,2,1.0
zs170053_frame_000108,valid_geometry_only,,2,1.0
zs170053_frame_000111,valid_geometry_only,,2,1.0
zs170065_frame_000000,valid_geometry_only,,2,1.0
zs170065_frame_000003,valid_geometry_only,,2,1.0
zs170065_frame_000006,valid_geometry_only,,2,1.0
zs170065_frame_000009,valid_geometry_only,,1,1.0
zs170065_frame_000012,valid_geometry_only,,2,1.0
zs170065_frame_000015,valid_geometry_only,,2,1.0
zs170065_frame_000018,valid_geometry_only,,2,1.0
zs170065_frame_000021,valid_geometry_only,,2,1.0
zs170065_frame_000024,valid_geometry_only,,2,1.0
zs170065_frame_000027,valid_geometry_only,,1,1.0
zs170065_frame_000030,valid_geometry_only,,1,1.0
zs170065_frame_000033,valid_geometry_only,,1,1.0
zs170065_frame_000036,valid_geometry_only,,1,1.0
zs170065_frame_000039,valid_geometry_only,,1,1.0
zs170065_frame_000042,valid_geometry_only,,1,1.0
zs170065_frame_000045,valid_geometry_only,,1,1.0
zs170065_frame_000048,valid_geometry_only,,1,1.0
zs170065_frame_000051,valid_geometry_only,,1,1.0
zs170065_frame_000054,valid_geometry_only,,1,1.0
zs170065_frame_000057,valid_geometry_only,,1,1.0
zs170065_frame_000060,valid_geometry_only,,1,1.0
zs170065_frame_000063,valid_geometry_only,,1,1.0
zs170065_frame_000066,valid_geometry_only,,1,1.0
zs170065_frame_000069,valid_geometry_only,,1,1.0
zs170065_frame_000072,valid_geometry_only,,1,1.0
zs170065_frame_000075,valid_geometry_only,,1,1.0
zs170065_frame_000078,valid_geometry_only,,1,1.0
zs170065_frame_000081,valid_geometry_only,,1,1.0
zs170065_frame_000084,valid_geometry_only,,1,1.0
zs170065_frame_000087,valid_geometry_only,,1,1.0
zs170065_frame_000090,valid_geometry_only,,1,1.0
zs170065_frame_000093,valid_geometry_only,,1,1.0
zs170065_frame_000096,valid_geometry_only,,1,1.0
zs170065_frame_000099,valid_geometry_only,,1,1.0
zs170065_frame_000102,valid_geometry_only,,1,1.0
zs170065_frame_000105,valid_geometry_only,,1,1.0
zs170065_frame_000108,valid_geometry_only,,1,1.0
zs170065_frame_000111,valid_geometry_only,,1,1.0
zs170065_frame_000114,valid_geometry_only,,1,1.0
zs170236_frame_000000,valid_geometry_only,,2,1.0
zs170236_frame_000003,valid_geometry_only,,2,1.0
zs170236_frame_000006,valid_geometry_only,,2,1.0
zs170236_frame_000009,valid_geometry_only,,2,1.0
zs170236_frame_000012,valid_geometry_only,,2,1.0
zs170236_frame_000015,valid_geometry_only,,2,1.0
zs170236_frame_000018,valid_geometry_only,,2,1.0
zs170236_frame_000021,valid_geometry_only,,2,1.0
zs170236_frame_000024,valid_geometry_only,,2,1.0
zs170236_frame_000027,valid_geometry_only,,2,1.0
zs170236_frame_000030,valid_geometry_only,,2,1.0
zs170236_frame_000033,valid_geometry_only,,2,1.0
zs170236_frame_000036,valid_geometry_only,,2,1.0
zs170236_frame_000039,valid_geometry_only,,2,1.0
zs170236_frame_000042,valid_geometry_only,,2,1.0
zs170236_frame_000045,valid_geometry_only,,2,1.0
zs170236_frame_000048,valid_geometry_only,,2,1.0
zs170236_frame_000051,valid_geometry_only,,2,1.0
zs170236_frame_000054,valid_geometry_only,,2,1.0
zs170236_frame_000057,valid_geometry_only,,2,1.0
zs170236_frame_000060,valid_geometry_only,,2,1.0
zs170236_frame_000063,valid_geometry_only,,2,1.0
zs170236_frame_000066,valid_geometry_only,,2,1.0
zs170236_frame_000069,valid_geometry_only,,2,1.0
zs170236_frame_000072,valid_geometry_only,,2,1.0
zs170236_frame_000075,valid_geometry_only,,2,1.0
zs170236_frame_000078,valid_geometry_only,,2,1.0
zs170236_frame_000081,valid_geometry_only,,2,1.0
zs170236_frame_000084,valid_geometry_only,,2,1.0
zs170236_frame_000087,valid_geometry_only,,2,1.0
zs170236_frame_000090,valid_geometry_only,,2,1.0
zs170236_frame_000093,valid_geometry_only,,2,1.0
zs170236_frame_000096,valid_geometry_only,,2,1.0
zs170236_frame_000099,valid_geometry_only,,2,1.0
zs170236_frame_000102,valid_geometry_only,,2,1.0
zs170236_frame_000105,valid_geometry_only,,2,1.0
zs170416_frame_000000,valid_geometry_only,,2,1.0
zs170416_frame_000003,valid_geometry_only,,2,1.0
zs170416_frame_000006,valid_geometry_only,,2,1.0
zs170416_frame_000009,valid_geometry_only,,2,1.0
zs170416_frame_000012,valid_geometry_only,,2,1.0
zs170416_frame_000015,valid_geometry_only,,2,1.0
zs170416_frame_000018,valid_geometry_only,,2,1.0
zs170416_frame_000021,valid_geometry_only,,2,1.0
zs170416_frame_000024,valid_geometry_only,,2,1.0
zs170416_frame_000027,valid_geometry_only,,1,1.0
zs170416_frame_000030,valid_geometry_only,,1,1.0
zs170416_frame_000033,valid_geometry_only,,1,1.0
zs170416_frame_000036,valid_geometry_only,,1,1.0
zs170416_frame_000039,valid_geometry_only,,1,1.0
zs170416_frame_000042,valid_geometry_only,,1,1.0
zs170416_frame_000045,valid_geometry_only,,1,1.0
zs170416_frame_000048,valid_geometry_only,,1,1.0
zs170416_frame_000051,valid_geometry_only,,1,1.0
zs170416_frame_000054,valid_geometry_only,,2,1.0
zs170416_frame_000057,valid_geometry_only,,2,1.0
zs170416_frame_000060,valid_geometry_only,,2,1.0
zs170416_frame_000063,valid_geometry_only,,2,1.0
zs170416_frame_000066,valid_geometry_only,,2,1.0
zs170416_frame_000069,valid_geometry_only,,2,1.0
zs170416_frame_000072,valid_geometry_only,,2,1.0
zs170416_frame_000075,valid_geometry_only,,2,1.0
zs170416_frame_000078,valid_geometry_only,,2,1.0
zs170416_frame_000081,valid_geometry_only,,2,1.0
zs170416_frame_000084,valid_geometry_only,,2,1.0
zs170416_frame_000087,valid_geometry_only,,2,1.0
zs170416_frame_000090,valid_geometry_only,,2,1.0
zs170416_frame_000093,valid_geometry_only,,2,1.0
zs170416_frame_000096,valid_geometry_only,,2,1.0
zs170416_frame_000099,valid_geometry_only,,2,1.0
zs170416_frame_000102,valid_geometry_only,,2,1.0
zs170416_frame_000105,valid_geometry_only,,2,1.0
zs170416_frame_000108,valid_geometry_only,,2,1.0
zs170416_frame_000111,valid_geometry_only,,2,1.0
zs170416_frame_000114,valid_geometry_only,,2,1.0
zs170416_frame_000117,valid_geometry_only,,2,1.0
zs170416_frame_000120,valid_geometry_only,,2,1.0
zs170419_frame_000000,valid_geometry_only,,1,1.0
zs170419_frame_000003,valid_geometry_only,,1,1.0
zs170419_frame_000006,valid_geometry_only,,1,1.0
zs170419_frame_000009,valid_geometry_only,,1,1.0
zs170419_frame_000012,valid_geometry_only,,1,1.0
zs170419_frame_000015,valid_geometry_only,,1,1.0
zs170419_frame_000018,valid_geometry_only,,1,1.0
zs170419_frame_000021,valid_geometry_only,,2,1.0
zs170419_frame_000024,valid_geometry_only,,2,1.0
zs170419_frame_000027,valid_geometry_only,,1,1.0
zs170419_frame_000030,valid_geometry_only,,1,1.0
zs170419_frame_000033,valid_geometry_only,,2,1.0
zs170419_frame_000036,valid_geometry_only,,2,1.0
zs170419_frame_000039,valid_geometry_only,,2,1.0
zs170419_frame_000042,valid_geometry_only,,2,1.0
zs170419_frame_000045,valid_geometry_only,,2,1.0
zs170419_frame_000048,valid_geometry_only,,2,1.0
zs170419_frame_000051,valid_geometry_only,,2,1.0
zs170419_frame_000054,valid_geometry_only,,2,1.0
zs170419_frame_000057,valid_geometry_only,,2,1.0
zs170419_frame_000060,valid_geometry_only,,2,1.0
zs170419_frame_000063,valid_geometry_only,,2,1.0
zs170419_frame_000066,valid_geometry_only,,2,1.0
zs170419_frame_000069,valid_geometry_only,,2,1.0
zs170419_frame_000072,valid_geometry_only,,2,1.0
zs170419_frame_000075,valid_geometry_only,,2,1.0
zs170419_frame_000078,valid_geometry_only,,2,1.0
zs170419_frame_000081,valid_geometry_only,,2,1.0
zs170419_frame_000084,valid_geometry_only,,2,1.0
zs170419_frame_000087,valid_geometry_only,,2,1.0
zs170419_frame_000090,valid_geometry_only,,2,1.0
zs170419_frame_000093,valid_geometry_only,,2,1.0
zs170419_frame_000096,valid_geometry_only,,2,1.0
zs170419_frame_000099,valid_geometry_only,,2,1.0
zs170419_frame_000102,valid_geometry_only,,2,1.0
zs170419_frame_000105,valid_geometry_only,,2,1.0
zs170419_frame_000108,valid_geometry_only,,2,1.0
zs170419_frame_000111,valid_geometry_only,,1,1.0
zs170419_frame_000114,valid_geometry_only,,1,1.0
zs170419_frame_000117,valid_geometry_only,,1,1.0
zs170419_frame_000120,valid_geometry_only,,1,1.0
zs170419_frame_000123,valid_geometry_only,,1,1.0
zs170419_frame_000126,valid_geometry_only,,1,1.0
zs170419_frame_000129,valid_geometry_only,,1,1.0
zs170419_frame_000132,valid_geometry_only,,1,1.0
zs170419_frame_000135,valid_geometry_only,,1,1.0
zs170419_frame_000138,valid_geometry_only,,1,1.0
zs170419_frame_000141,valid_geometry_only,,1,1.0
zs170554_frame_000000,valid_geometry_only,,2,1.0
zs170554_frame_000003,valid_geometry_only,,2,1.0
zs170554_frame_000006,valid_geometry_only,,2,1.0
zs170554_frame_000009,valid_geometry_only,,2,1.0
zs170554_frame_000012,valid_geometry_only,,2,1.0
zs170554_frame_000015,valid_geometry_only,,2,1.0
zs170554_frame_000018,valid_geometry_only,,2,1.0
zs170554_frame_000021,valid_geometry_only,,2,1.0
zs170554_frame_000024,valid_geometry_only,,2,1.0
zs170554_frame_000027,valid_geometry_only,,2,1.0
zs170554_frame_000030,valid_geometry_only,,2,1.0
zs170554_frame_000033,valid_geometry_only,,2,1.0
zs170554_frame_000036,valid_geometry_only,,2,1.0
zs170554_frame_000039,valid_geometry_only,,2,1.0
zs170554_frame_000042,valid_geometry_only,,2,1.0
zs170554_frame_000045,valid_geometry_only,,2,1.0
zs170554_frame_000048,valid_geometry_only,,2,1.0
zs170554_frame_000051,valid_geometry_only,,2,1.0
zs170554_frame_000054,valid_geometry_only,,2,1.0
zs170554_frame_000057,valid_geometry_only,,2,1.0
zs170554_frame_000060,valid_geometry_only,,2,1.0
zs170554_frame_000063,valid_geometry_only,,2,1.0
zs170554_frame_000066,valid_geometry_only,,2,1.0
zs170554_frame_000069,valid_geometry_only,,2,1.0
zs170554_frame_000072,valid_geometry_only,,2,1.0
zs170554_frame_000075,valid_geometry_only,,2,1.0
zs170554_frame_000078,valid_geometry_only,,2,1.0
zs170554_frame_000081,valid_geometry_only,,2,1.0
zs170554_frame_000084,valid_geometry_only,,2,1.0
zs170554_frame_000087,valid_geometry_only,,2,1.0
zs170554_frame_000090,valid_geometry_only,,2,1.0
zs170554_frame_000093,valid_geometry_only,,2,1.0
zs170554_frame_000096,valid_geometry_only,,2,1.0
zs170554_frame_000099,valid_geometry_only,,2,1.0
zs170554_frame_000102,valid_geometry_only,,2,1.0
zs170554_frame_000105,valid_geometry_only,,2,1.0
zs170554_frame_000108,valid_geometry_only,,2,1.0
zs170554_frame_000111,valid_geometry_only,,2,1.0
zs179187_frame_000000,valid_geometry_only,,2,1.0
zs179187_frame_000003,valid_geometry_only,,2,1.0
zs179187_frame_000006,valid_geometry_only,,2,1.0
zs179187_frame_000009,valid_geometry_only,,2,1.0
zs179187_frame_000012,valid_geometry_only,,2,1.0
zs179187_frame_000015,valid_geometry_only,,2,1.0
zs179187_frame_000018,valid_geometry_only,,2,1.0
zs179187_frame_000021,valid_geometry_only,,1,1.0
zs179187_frame_000024,valid_geometry_only,,1,1.0
zs179187_frame_000027,valid_geometry_only,,1,1.0
zs179187_frame_000030,valid_geometry_only,,1,1.0
zs179187_frame_000033,valid_geometry_only,,1,1.0
zs179187_frame_000036,valid_geometry_only,,1,1.0
zs179187_frame_000039,valid_geometry_only,,1,1.0
zs179187_frame_000042,valid_geometry_only,,1,1.0
zs179187_frame_000045,valid_geometry_only,,1,1.0
zs179187_frame_000048,valid_geometry_only,,1,1.0
zs179187_frame_000051,valid_geometry_only,,1,1.0
zs179187_frame_000054,valid_geometry_only,,1,1.0
zs179187_frame_000057,valid_geometry_only,,1,1.0
zs179187_frame_000060,valid_geometry_only,,1,1.0
zs179187_frame_000063,valid_geometry_only,,1,1.0
zs179187_frame_000066,valid_geometry_only,,1,1.0
zs179187_frame_000069,valid_geometry_only,,1,1.0
zs179187_frame_000072,valid_geometry_only,,1,1.0
zs179187_frame_000075,valid_geometry_only,,1,1.0
zs179187_frame_000078,valid_geometry_only,,1,1.0
zs179187_frame_000081,valid_geometry_only,,1,1.0
zs179187_frame_000084,valid_geometry_only,,1,1.0
zs179187_frame_000087,valid_geometry_only,,1,1.0
zs179187_frame_000090,valid_geometry_only,,1,1.0
zs179187_frame_000093,valid_geometry_only,,1,1.0
zs179187_frame_000096,valid_geometry_only,,1,1.0
zs179187_frame_000099,valid_geometry_only,,1,1.0
zs179187_frame_000102,valid_geometry_only,,1,1.0
zs179187_frame_000105,valid_geometry_only,,1,1.0
zs179187_frame_000108,valid_geometry_only,,1,1.0
zs179187_frame_000111,valid_geometry_only,,1,1.0
zs179187_frame_000114,valid_geometry_only,,1,1.0
zs179187_frame_000117,valid_geometry_only,,1,1.0
zs179187_frame_000120,valid_geometry_only,,1,1.0
zs179187_frame_000123,valid_geometry_only,,1,1.0
zs179187_frame_000126,valid_geometry_only,,1,1.0
zs179187_frame_000129,valid_geometry_only,,1,1.0
zs190621_frame_000000,valid_geometry_only,,2,1.0
zs190621_frame_000003,valid_geometry_only,,2,1.0
zs190621_frame_000006,valid_geometry_only,,2,1.0
zs190621_frame_000009,valid_geometry_only,,2,1.0
zs190621_frame_000012,valid_geometry_only,,2,1.0
zs190621_frame_000015,valid_geometry_only,,2,1.0
zs190621_frame_000018,valid_geometry_only,,2,1.0
zs190621_frame_000021,valid_geometry_only,,2,1.0
zs190621_frame_000024,valid_geometry_only,,2,1.0
zs190621_frame_000027,valid_geometry_only,,2,1.0
zs190621_frame_000030,valid_geometry_only,,2,1.0
zs190621_frame_000033,valid_geometry_only,,2,1.0
zs190621_frame_000036,valid_geometry_only,,2,1.0
zs190621_frame_000039,valid_geometry_only,,2,1.0
zs190621_frame_000042,valid_geometry_only,,2,1.0
zs190621_frame_000045,valid_geometry_only,,2,1.0
zs190621_frame_000048,valid_geometry_only,,2,1.0
zs190621_frame_000051,valid_geometry_only,,2,1.0
zs190621_frame_000054,valid_geometry_only,,2,1.0
zs190621_frame_000057,valid_geometry_only,,2,1.0
zs190621_frame_000060,valid_geometry_only,,2,1.0
zs190621_frame_000063,valid_geometry_only,,2,1.0
zs190621_frame_000066,valid_geometry_only,,2,1.0
zs190621_frame_000069,valid_geometry_only,,2,1.0
zs190621_frame_000072,valid_geometry_only,,2,1.0
zs190621_frame_000075,valid_geometry_only,,2,1.0
zs190621_frame_000078,valid_geometry_only,,2,1.0
zs190621_frame_000081,valid_geometry_only,,2,1.0
zs190621_frame_000084,valid_geometry_only,,2,1.0
zs190621_frame_000087,valid_geometry_only,,2,1.0
zs197000_frame_000000,valid_geometry_only,,2,1.0
zs197000_frame_000003,valid_geometry_only,,2,1.0
zs197000_frame_000006,valid_geometry_only,,2,1.0
zs197000_frame_000009,valid_geometry_only,,2,1.0
zs197000_frame_000012,valid_geometry_only,,2,1.0
zs197000_frame_000015,valid_geometry_only,,2,1.0
zs197000_frame_000018,valid_geometry_only,,2,1.0
zs197000_frame_000021,valid_geometry_only,,2,1.0
zs197000_frame_000024,valid_geometry_only,,2,1.0
zs197000_frame_000027,valid_geometry_only,,2,1.0
zs197000_frame_000030,valid_geometry_only,,2,1.0
zs197000_frame_000033,valid_geometry_only,,2,1.0
zs197000_frame_000036,valid_geometry_only,,2,1.0
zs197000_frame_000039,valid_geometry_only,,2,1.0
zs197000_frame_000042,valid_geometry_only,,2,1.0
zs197000_frame_000045,valid_geometry_only,,2,1.0
zs197000_frame_000048,valid_geometry_only,,2,1.0
zs197000_frame_000051,valid_geometry_only,,2,1.0
zs197000_frame_000054,valid_geometry_only,,2,1.0
zs197000_frame_000057,valid_geometry_only,,2,1.0
zs197000_frame_000060,valid_geometry_only,,2,1.0
zs197000_frame_000063,valid_geometry_only,,2,1.0
zs197000_frame_000066,valid_geometry_only,,2,1.0
zs197000_frame_000069,valid_geometry_only,,2,1.0
zs197000_frame_000072,valid_geometry_only,,2,1.0
zs197000_frame_000075,valid_geometry_only,,2,1.0
zs197000_frame_000078,valid_geometry_only,,2,1.0
zs197000_frame_000081,valid_geometry_only,,2,1.0
zs197000_frame_000084,valid_geometry_only,,2,1.0
zs197000_frame_000087,valid_geometry_only,,2,1.0
zs197000_frame_000090,valid_geometry_only,,2,1.0
zs197000_frame_000093,valid_geometry_only,,2,1.0
zs197000_frame_000096,valid_geometry_only,,2,1.0
zs197000_frame_000099,valid_geometry_only,,2,1.0
zs197000_frame_000102,valid_geometry_only,,2,1.0
zs197000_frame_000105,valid_geometry_only,,2,1.0
zs200751_frame_000000,valid_geometry_only,,2,1.0
zs200751_frame_000003,valid_geometry_only,,2,1.0
zs200751_frame_000006,valid_geometry_only,,2,1.0
zs200751_frame_000009,valid_geometry_only,,2,1.0
zs200751_frame_000012,valid_geometry_only,,2,1.0
zs200751_frame_000015,valid_geometry_only,,2,1.0
zs200751_frame_000018,valid_geometry_only,,2,1.0
zs200751_frame_000021,valid_geometry_only,,2,1.0
zs200751_frame_000024,valid_geometry_only,,2,1.0
zs200751_frame_000027,valid_geometry_only,,2,1.0
zs200751_frame_000030,valid_geometry_only,,2,1.0
zs200751_frame_000033,valid_geometry_only,,2,1.0
zs200751_frame_000036,valid_geometry_only,,2,1.0
zs200751_frame_000039,valid_geometry_only,,2,1.0
zs200751_frame_000042,valid_geometry_only,,2,1.0
zs200751_frame_000045,valid_geometry_only,,2,1.0
zs200751_frame_000048,valid_geometry_only,,2,1.0
zs200751_frame_000051,valid_geometry_only,,2,1.0
zs200751_frame_000054,valid_geometry_only,,2,1.0
zs200751_frame_000057,valid_geometry_only,,2,1.0
zs200751_frame_000060,valid_geometry_only,,2,1.0
zs200751_frame_000063,valid_geometry_only,,2,1.0
zs200751_frame_000066,valid_geometry_only,,2,1.0
zs200751_frame_000069,valid_geometry_only,,2,1.0
zs200751_frame_000072,valid_geometry_only,,2,1.0
zs200751_frame_000075,valid_geometry_only,,2,1.0
zs200751_frame_000078,valid_geometry_only,,2,1.0
zs200751_frame_000081,valid_geometry_only,,2,1.0
zs200751_frame_000084,valid_geometry_only,,2,1.0
zs200783_frame_000000,valid_geometry_only,,2,1.0
zs200783_frame_000003,valid_geometry_only,,2,1.0
zs200783_frame_000006,valid_geometry_only,,2,1.0
zs200783_frame_000009,valid_geometry_only,,2,1.0
zs200783_frame_000012,valid_geometry_only,,2,1.0
zs200783_frame_000015,valid_geometry_only,,2,1.0
zs200783_frame_000018,valid_geometry_only,,2,1.0
zs200783_frame_000021,valid_geometry_only,,2,1.0
zs200783_frame_000024,valid_geometry_only,,2,1.0
zs200783_frame_000027,valid_geometry_only,,2,1.0
zs200783_frame_000030,valid_geometry_only,,2,1.0
zs200783_frame_000033,valid_geometry_only,,2,1.0
zs200783_frame_000036,valid_geometry_only,,2,1.0
zs200783_frame_000039,valid_geometry_only,,2,1.0
zs200783_frame_000042,valid_geometry_only,,2,1.0
zs200783_frame_000045,valid_geometry_only,,2,1.0
zs200783_frame_000048,valid_geometry_only,,2,1.0
zs200783_frame_000051,valid_geometry_only,,2,1.0
zs200783_frame_000054,valid_geometry_only,,2,1.0
zs200783_frame_000057,valid_geometry_only,,2,1.0
zs200783_frame_000060,valid_geometry_only,,2,1.0
zs200783_frame_000063,valid_geometry_only,,2,1.0
zs200783_frame_000066,valid_geometry_only,,2,1.0
zs200783_frame_000069,valid_geometry_only,,2,1.0
zs200783_frame_000072,valid_geometry_only,,2,1.0
zs200783_frame_000075,valid_geometry_only,,2,1.0
zs200783_frame_000078,valid_geometry_only,,2,1.0
zs200783_frame_000081,valid_geometry_only,,2,1.0
zs200783_frame_000084,valid_geometry_only,,1,1.0
zs200783_frame_000087,valid_geometry_only,,1,1.0
zs200783_frame_000090,valid_geometry_only,,2,1.0
zs200783_frame_000093,valid_geometry_only,,2,1.0
zs200783_frame_000096,valid_geometry_only,,2,1.0
zs200783_frame_000099,valid_geometry_only,,2,1.0
zs200783_frame_000102,valid_geometry_only,,2,1.0
zs200783_frame_000105,valid_geometry_only,,2,1.0
zs200783_frame_000108,valid_geometry_only,,2,1.0
zs200783_frame_000111,valid_geometry_only,,2,1.0
zs200783_frame_000114,valid_geometry_only,,2,1.0
zs200783_frame_000117,valid_geometry_only,,2,1.0
zs200783_frame_000120,valid_geometry_only,,2,1.0
zs200783_frame_000123,valid_geometry_only,,2,1.0
zs200783_frame_000126,valid_geometry_only,,2,1.0
zs200783_frame_000129,valid_geometry_only,,2,1.0
zs200783_frame_000132,valid_geometry_only,,2,1.0
zs200783_frame_000135,valid_geometry_only,,2,1.0
zs200783_frame_000138,valid_geometry_only,,2,1.0
zs200796_frame_000000,valid_geometry_only,,1,1.0
zs200796_frame_000003,valid_geometry_only,,1,1.0
zs200796_frame_000006,valid_geometry_only,,1,1.0
zs200796_frame_000009,valid_geometry_only,,1,1.0
zs200796_frame_000012,valid_geometry_only,,1,1.0
zs200796_frame_000015,valid_geometry_only,,1,1.0
zs200796_frame_000018,valid_geometry_only,,1,1.0
zs200796_frame_000021,valid_geometry_only,,1,1.0
zs200796_frame_000024,valid_geometry_only,,1,1.0
zs200796_frame_000027,valid_geometry_only,,1,1.0
zs200796_frame_000030,valid_geometry_only,,1,1.0
zs200796_frame_000033,valid_geometry_only,,1,1.0
zs200796_frame_000036,valid_geometry_only,,1,1.0
zs200796_frame_000039,valid_geometry_only,,1,1.0
zs200796_frame_000042,valid_geometry_only,,1,1.0
zs200796_frame_000045,valid_geometry_only,,1,1.0
zs200796_frame_000048,valid_geometry_only,,1,1.0
zs200796_frame_000051,valid_geometry_only,,1,1.0
zs200796_frame_000054,valid_geometry_only,,1,1.0
zs200796_frame_000057,valid_geometry_only,,1,1.0
zs200796_frame_000060,valid_geometry_only,,1,1.0
zs200796_frame_000063,valid_geometry_only,,1,1.0
zs200796_frame_000066,valid_geometry_only,,1,1.0
zs200796_frame_000069,valid_geometry_only,,1,1.0
zs200796_frame_000072,valid_geometry_only,,1,1.0
zs200796_frame_000075,valid_geometry_only,,1,1.0
zs200796_frame_000078,valid_geometry_only,,1,1.0
zs200796_frame_000081,valid_geometry_only,,1,1.0
zs200796_frame_000084,valid_geometry_only,,1,1.0
zs200796_frame_000087,valid_geometry_only,,1,1.0
zs200796_frame_000090,valid_geometry_only,,1,1.0
zs200796_frame_000093,valid_geometry_only,,1,1.0
zs200796_frame_000096,valid_geometry_only,,1,1.0
zs200796_frame_000099,valid_geometry_only,,1,1.0
zs200796_frame_000102,valid_geometry_only,,1,1.0
zs200796_frame_000105,valid_geometry_only,,1,1.0
zs211062_frame_000000,valid_geometry_only,,1,1.0
zs211062_frame_000003,valid_geometry_only,,2,1.0
zs211062_frame_000006,valid_geometry_only,,2,1.0
zs211062_frame_000009,valid_geometry_only,,2,1.0
zs211062_frame_000012,valid_geometry_only,,2,1.0
zs211062_frame_000015,valid_geometry_only,,2,1.0
zs211062_frame_000018,valid_geometry_only,,2,1.0
zs211062_frame_000021,valid_geometry_only,,2,1.0
zs211062_frame_000024,valid_geometry_only,,2,1.0
zs211062_frame_000027,valid_geometry_only,,2,1.0
zs211062_frame_000030,valid_geometry_only,,2,1.0
zs211062_frame_000033,valid_geometry_only,,2,1.0
zs211062_frame_000036,valid_geometry_only,,2,1.0
zs211062_frame_000039,valid_geometry_only,,2,1.0
zs211062_frame_000042,valid_geometry_only,,2,1.0
zs211062_frame_000045,valid_geometry_only,,2,1.0
zs211062_frame_000048,valid_geometry_only,,2,1.0
zs211062_frame_000051,valid_geometry_only,,2,1.0
zs211062_frame_000054,valid_geometry_only,,2,1.0
zs211062_frame_000057,valid_geometry_only,,2,1.0
zs211062_frame_000060,valid_geometry_only,,2,1.0
zs211062_frame_000063,valid_geometry_only,,2,1.0
zs211062_frame_000066,valid_geometry_only,,2,1.0
zs211062_frame_000069,valid_geometry_only,,2,1.0
zs211062_frame_000072,valid_geometry_only,,2,1.0
zs211062_frame_000075,valid_geometry_only,,2,1.0
zs211062_frame_000078,valid_geometry_only,,2,1.0
zs211062_frame_000081,valid_geometry_only,,2,1.0
zs211062_frame_000084,valid_geometry_only,,2,1.0
zs211062_frame_000087,valid_geometry_only,,2,1.0
zs211062_frame_000090,valid_geometry_only,,2,1.0
zs211062_frame_000093,valid_geometry_only,,2,1.0
zs211062_frame_000096,valid_geometry_only,,2,1.0
zs211062_frame_000099,valid_geometry_only,,2,1.0
zs211062_frame_000102,valid_geometry_only,,2,1.0
zs211062_frame_000105,valid_geometry_only,,2,1.0
zs211062_frame_000108,valid_geometry_only,,2,1.0
zs211062_frame_000111,valid_geometry_only,,2,1.0
zs211062_frame_000114,valid_geometry_only,,2,1.0
zs211062_frame_000117,valid_geometry_only,,2,1.0
zs211062_frame_000120,valid_geometry_only,,2,1.0
zs211062_frame_000123,valid_geometry_only,,2,1.0
zs211062_frame_000126,valid_geometry_only,,2,1.0
zs211062_frame_000129,valid_geometry_only,,2,1.0
zs211062_frame_000132,valid_geometry_only,,2,1.0
zs211062_frame_000135,valid_geometry_only,,2,1.0
zs211062_frame_000138,valid_geometry_only,,2,1.0
