window_id,file_id,farm,source_path,source_session,cow_token,start_seconds,duration_seconds,sampling_rule,role,reference_status,timestamp_validation
jiufu_336c6a37c1e8bf_first30,jiufu_336c6a37c1e8bf,jiufu,E:\real\use_code\久福牧场面部热红外数据及牛脸RGB录像数据_344\0729\IRT\20240729T084330-1479.MP4,20240729T084330_1479,1479,0,30,first_30_seconds_before_viewing_outcomes,candidate_not_test,pending,metadata_only_not_PTS_audited
jiufu_3daca4f99093f5_first30,jiufu_3daca4f99093f5,jiufu,E:\real\use_code\久福牧场面部热红外数据及牛脸RGB录像数据_344\0729\IRT\20240729T084508-1285.MP4,20240729T084508_1285,1285,0,30,first_30_seconds_before_viewing_outcomes,candidate_not_test,pending,metadata_only_not_PTS_audited
jiufu_aed96a8cd6dde3_first30,jiufu_aed96a8cd6dde3,jiufu,E:\real\use_code\久福牧场面部热红外数据及牛脸RGB录像数据_344\0729\IRT\20240729T084843-A1022198.MP4,20240729T084843_A1022198,A1022198,0,30,first_30_seconds_before_viewing_outcomes,candidate_not_test,pending,metadata_only_not_PTS_audited
jiufu_e6b17e79b0b593_first30,jiufu_e6b17e79b0b593,jiufu,E:\real\use_code\久福牧场面部热红外数据及牛脸RGB录像数据_344\0729\IRT\20240729T085342-1568.MP4,20240729T085342_1568,1568,0,30,first_30_seconds_before_viewing_outcomes,candidate_not_test,pending,metadata_only_not_PTS_audited
jiufu_d57a389e370ce5_first30,jiufu_d57a389e370ce5,jiufu,E:\real\use_code\久福牧场面部热红外数据及牛脸RGB录像数据_344\0729\IRT\20240729T085557-508.MP4,20240729T085557_508,508,0,30,first_30_seconds_before_viewing_outcomes,candidate_not_test,pending,metadata_only_not_PTS_audited
jiufu_c3e3a442b21394_first30,jiufu_c3e3a442b21394,jiufu,E:\real\use_code\久福牧场面部热红外数据及牛脸RGB录像数据_344\0729\IRT\20240729T085753-100.MP4,20240729T085753_100,100,0,30,first_30_seconds_before_viewing_outcomes,candidate_not_test,pending,metadata_only_not_PTS_audited
jiufu_d34b67b3b4cc6c_first30,jiufu_d34b67b3b4cc6c,jiufu,E:\real\use_code\久福牧场面部热红外数据及牛脸RGB录像数据_344\0729\IRT\20240729T090228-638.MP4,20240729T090228_638,638,0,30,first_30_seconds_before_viewing_outcomes,candidate_not_test,pending,metadata_only_not_PTS_audited
jiufu_b79d91910dc17a_first30,jiufu_b79d91910dc17a,jiufu,E:\real\use_code\久福牧场面部热红外数据及牛脸RGB录像数据_344\0729\IRT\20240729T090927-681.MP4,20240729T090927_681,681,0,30,first_30_seconds_before_viewing_outcomes,candidate_not_test,pending,metadata_only_not_PTS_audited
jiufu_d31bd7d7642ce6_first30,jiufu_d31bd7d7642ce6,jiufu,E:\real\use_code\久福牧场面部热红外数据及牛脸RGB录像数据_344\0729\IRT\20240729T091138-921.MP4,20240729T091138_921,921,0,30,first_30_seconds_before_viewing_outcomes,candidate_not_test,pending,metadata_only_not_PTS_audited
jiufu_73db0107967f0e_first30,jiufu_73db0107967f0e,jiufu,E:\real\use_code\久福牧场面部热红外数据及牛脸RGB录像数据_344\0729\IRT\20240729T091441-683.MP4,20240729T091441_683,683,0,30,first_30_seconds_before_viewing_outcomes,candidate_not_test,pending,metadata_only_not_PTS_audited
jiufu_8db6ed7f9c3ad8_first30,jiufu_8db6ed7f9c3ad8,jiufu,E:\real\use_code\久福牧场面部热红外数据及牛脸RGB录像数据_344\0729\IRT\20240729T092004-677.MP4,20240729T092004_677,677,0,30,first_30_seconds_before_viewing_outcomes,candidate_not_test,pending,metadata_only_not_PTS_audited
jiufu_8a93efdf555173_first30,jiufu_8a93efdf555173,jiufu,E:\real\use_code\久福牧场面部热红外数据及牛脸RGB录像数据_344\0729\IRT\20240729T092254-844.MP4,20240729T092254_844,844,0,30,first_30_seconds_before_viewing_outcomes,candidate_not_test,pending,metadata_only_not_PTS_audited
jiufu_75a484b3f5253b_first30,jiufu_75a484b3f5253b,jiufu,E:\real\use_code\久福牧场面部热红外数据及牛脸RGB录像数据_344\0729\IRT\20240729T092746-1425.MP4,20240729T092746_1425,1425,0,30,first_30_seconds_before_viewing_outcomes,candidate_not_test,pending,metadata_only_not_PTS_audited
jiufu_35f0adf19ed368_first30,jiufu_35f0adf19ed368,jiufu,E:\real\use_code\久福牧场面部热红外数据及牛脸RGB录像数据_344\0729\IRT\20240729T092858-622.MP4,20240729T092858_622,622,0,30,first_30_seconds_before_viewing_outcomes,candidate_not_test,pending,metadata_only_not_PTS_audited
jiufu_7045c3900be0cc_first30,jiufu_7045c3900be0cc,jiufu,E:\real\use_code\久福牧场面部热红外数据及牛脸RGB录像数据_344\0729\IRT\20240729T093120-921.MP4,20240729T093120_921,921,0,30,first_30_seconds_before_viewing_outcomes,candidate_not_test,pending,metadata_only_not_PTS_audited
jiufu_21e342957e0fd7_first30,jiufu_21e342957e0fd7,jiufu,E:\real\use_code\久福牧场面部热红外数据及牛脸RGB录像数据_344\0729\IRT\20240729T094111-1420.MP4,20240729T094111_1420,1420,0,30,first_30_seconds_before_viewing_outcomes,candidate_not_test,pending,metadata_only_not_PTS_audited
jiufu_36ee658c295629_first30,jiufu_36ee658c295629,jiufu,E:\real\use_code\久福牧场面部热红外数据及牛脸RGB录像数据_344\0729\IRT\20240729T094529-1469.MP4,20240729T094529_1469,1469,0,30,first_30_seconds_before_viewing_outcomes,candidate_not_test,pending,metadata_only_not_PTS_audited
jiufu_c92bd308748a09_first30,jiufu_c92bd308748a09,jiufu,E:\real\use_code\久福牧场面部热红外数据及牛脸RGB录像数据_344\0729\IRT\20240729T094758-A1021154.MP4,20240729T094758_A1021154,A1021154,0,30,first_30_seconds_before_viewing_outcomes,candidate_not_test,pending,metadata_only_not_PTS_audited
jiufu_551d99f2e9c264_first30,jiufu_551d99f2e9c264,jiufu,E:\real\use_code\久福牧场面部热红外数据及牛脸RGB录像数据_344\0729\IRT\20240729T095041-1241.MP4,20240729T095041_1241,1241,0,30,first_30_seconds_before_viewing_outcomes,candidate_not_test,pending,metadata_only_not_PTS_audited
jiufu_c95ae69597cc50_first30,jiufu_c95ae69597cc50,jiufu,E:\real\use_code\久福牧场面部热红外数据及牛脸RGB录像数据_344\0729\IRT\20240729T095351-1279.MP4,20240729T095351_1279,1279,0,30,first_30_seconds_before_viewing_outcomes,candidate_not_test,pending,metadata_only_not_PTS_audited
jiufu_94796ccea127be_first30,jiufu_94796ccea127be,jiufu,E:\real\use_code\久福牧场面部热红外数据及牛脸RGB录像数据_344\0729\IRT\20240729T095542-989.MP4,20240729T095542_989,989,0,30,first_30_seconds_before_viewing_outcomes,candidate_not_test,pending,metadata_only_not_PTS_audited
jiufu_56e83ecf9a14bb_first30,jiufu_56e83ecf9a14bb,jiufu,E:\real\use_code\久福牧场面部热红外数据及牛脸RGB录像数据_344\0729\IRT\20240729T095754-1574.MP4,20240729T095754_1574,1574,0,30,first_30_seconds_before_viewing_outcomes,candidate_not_test,pending,metadata_only_not_PTS_audited
jiufu_3cbd345626f05c_first30,jiufu_3cbd345626f05c,jiufu,E:\real\use_code\久福牧场面部热红外数据及牛脸RGB录像数据_344\0729\IRT\20240729T100519-161.MP4,20240729T100519_161,161,0,30,first_30_seconds_before_viewing_outcomes,candidate_not_test,pending,metadata_only_not_PTS_audited
jiufu_3ac83315834f77_first30,jiufu_3ac83315834f77,jiufu,E:\real\use_code\久福牧场面部热红外数据及牛脸RGB录像数据_344\0729\IRT\20240729T100915-713.MP4,20240729T100915_713,713,0,30,first_30_seconds_before_viewing_outcomes,candidate_not_test,pending,metadata_only_not_PTS_audited
jiufu_c68c62cb67dede_first30,jiufu_c68c62cb67dede,jiufu,E:\real\use_code\久福牧场面部热红外数据及牛脸RGB录像数据_344\0729\IRT\20240729T101454-623.MP4,20240729T101454_623,623,0,30,first_30_seconds_before_viewing_outcomes,candidate_not_test,pending,metadata_only_not_PTS_audited
jiufu_3721f7cf5a844c_first30,jiufu_3721f7cf5a844c,jiufu,E:\real\use_code\久福牧场面部热红外数据及牛脸RGB录像数据_344\0729\IRT\20240729T101712-653.MP4,20240729T101712_653,653,0,30,first_30_seconds_before_viewing_outcomes,candidate_not_test,pending,metadata_only_not_PTS_audited
jiufu_65b745e540b8c7_first30,jiufu_65b745e540b8c7,jiufu,E:\real\use_code\久福牧场面部热红外数据及牛脸RGB录像数据_344\0729\IRT\20240729T101932-281.MP4,20240729T101932_281,281,0,30,first_30_seconds_before_viewing_outcomes,candidate_not_test,pending,metadata_only_not_PTS_audited
jiufu_2e919f7b4ce7d4_first30,jiufu_2e919f7b4ce7d4,jiufu,E:\real\use_code\久福牧场面部热红外数据及牛脸RGB录像数据_344\0729\IRT\20240729T102206-353.MP4,20240729T102206_353,353,0,30,first_30_seconds_before_viewing_outcomes,candidate_not_test,pending,metadata_only_not_PTS_audited
jiufu_f7266533e3399d_first30,jiufu_f7266533e3399d,jiufu,E:\real\use_code\久福牧场面部热红外数据及牛脸RGB录像数据_344\0729\IRT\20240729T102521-558.MP4,20240729T102521_558,558,0,30,first_30_seconds_before_viewing_outcomes,candidate_not_test,pending,metadata_only_not_PTS_audited
jiufu_943fc8675c704c_first30,jiufu_943fc8675c704c,jiufu,E:\real\use_code\久福牧场面部热红外数据及牛脸RGB录像数据_344\0729\IRT\20240729T102849-347.MP4,20240729T102849_347,347,0,30,first_30_seconds_before_viewing_outcomes,candidate_not_test,pending,metadata_only_not_PTS_audited
jiufu_bd77cfa7950eaa_first30,jiufu_bd77cfa7950eaa,jiufu,E:\real\use_code\久福牧场面部热红外数据及牛脸RGB录像数据_344\0729\IRT\20240729T133223-743.MP4,20240729T133223_743,743,0,30,first_30_seconds_before_viewing_outcomes,candidate_not_test,pending,metadata_only_not_PTS_audited
jiufu_2aaced556ff39d_first30,jiufu_2aaced556ff39d,jiufu,E:\real\use_code\久福牧场面部热红外数据及牛脸RGB录像数据_344\0729\IRT\20240729T133413-957.MP4,20240729T133413_957,957,0,30,first_30_seconds_before_viewing_outcomes,candidate_not_test,pending,metadata_only_not_PTS_audited
jiufu_90ed4ac916a295_first30,jiufu_90ed4ac916a295,jiufu,E:\real\use_code\久福牧场面部热红外数据及牛脸RGB录像数据_344\0729\IRT\20240729T133635-179.MP4,20240729T133635_179,179,0,30,first_30_seconds_before_viewing_outcomes,candidate_not_test,pending,metadata_only_not_PTS_audited
jiufu_cd5eea76388f30_first30,jiufu_cd5eea76388f30,jiufu,E:\real\use_code\久福牧场面部热红外数据及牛脸RGB录像数据_344\0729\IRT\20240729T133817-728.MP4,20240729T133817_728,728,0,30,first_30_seconds_before_viewing_outcomes,candidate_not_test,pending,metadata_only_not_PTS_audited
jiufu_6cbcb0311b3ebf_first30,jiufu_6cbcb0311b3ebf,jiufu,E:\real\use_code\久福牧场面部热红外数据及牛脸RGB录像数据_344\0729\IRT\20240729T134035-956.MP4,20240729T134035_956,956,0,30,first_30_seconds_before_viewing_outcomes,candidate_not_test,pending,metadata_only_not_PTS_audited
jiufu_4f7144680fca9d_first30,jiufu_4f7144680fca9d,jiufu,E:\real\use_code\久福牧场面部热红外数据及牛脸RGB录像数据_344\0729\IRT\20240729T134435-583.MP4,20240729T134435_583,583,0,30,first_30_seconds_before_viewing_outcomes,candidate_not_test,pending,metadata_only_not_PTS_audited
jiufu_6a641dd078f572_first30,jiufu_6a641dd078f572,jiufu,E:\real\use_code\久福牧场面部热红外数据及牛脸RGB录像数据_344\0729\IRT\20240729T134713-753.MP4,20240729T134713_753,753,0,30,first_30_seconds_before_viewing_outcomes,candidate_not_test,pending,metadata_only_not_PTS_audited
jiufu_edd9eebe6de991_first30,jiufu_edd9eebe6de991,jiufu,E:\real\use_code\久福牧场面部热红外数据及牛脸RGB录像数据_344\0729\IRT\20240729T134930-943.MP4,20240729T134930_943,943,0,30,first_30_seconds_before_viewing_outcomes,candidate_not_test,pending,metadata_only_not_PTS_audited
jiufu_58c38973aff558_first30,jiufu_58c38973aff558,jiufu,E:\real\use_code\久福牧场面部热红外数据及牛脸RGB录像数据_344\0729\IRT\20240729T135104-771.MP4,20240729T135104_771,771,0,30,first_30_seconds_before_viewing_outcomes,candidate_not_test,pending,metadata_only_not_PTS_audited
jiufu_665326590feedb_first30,jiufu_665326590feedb,jiufu,E:\real\use_code\久福牧场面部热红外数据及牛脸RGB录像数据_344\0729\IRT\20240729T135221-447.MP4,20240729T135221_447,447,0,30,first_30_seconds_before_viewing_outcomes,candidate_not_test,pending,metadata_only_not_PTS_audited
jiufu_053d6bd561c20b_first30,jiufu_053d6bd561c20b,jiufu,E:\real\use_code\久福牧场面部热红外数据及牛脸RGB录像数据_344\0729\IRT\20240729T135554-1838.MP4,20240729T135554_1838,1838,0,30,first_30_seconds_before_viewing_outcomes,candidate_not_test,pending,metadata_only_not_PTS_audited
jiufu_9a14e05c1c184c_first30,jiufu_9a14e05c1c184c,jiufu,E:\real\use_code\久福牧场面部热红外数据及牛脸RGB录像数据_344\0729\IRT\20240729T135926-728.MP4,20240729T135926_728,728,0,30,first_30_seconds_before_viewing_outcomes,candidate_not_test,pending,metadata_only_not_PTS_audited
jiufu_124bf365605cd6_first30,jiufu_124bf365605cd6,jiufu,E:\real\use_code\久福牧场面部热红外数据及牛脸RGB录像数据_344\0729\IRT\20240729T140349-1299.MP4,20240729T140349_1299,1299,0,30,first_30_seconds_before_viewing_outcomes,candidate_not_test,pending,metadata_only_not_PTS_audited
jiufu_cc565ea0bfa396_first30,jiufu_cc565ea0bfa396,jiufu,E:\real\use_code\久福牧场面部热红外数据及牛脸RGB录像数据_344\0729\IRT\20240729T140619-1246.MP4,20240729T140619_1246,1246,0,30,first_30_seconds_before_viewing_outcomes,candidate_not_test,pending,metadata_only_not_PTS_audited
jiufu_0a14da4ad52431_first30,jiufu_0a14da4ad52431,jiufu,E:\real\use_code\久福牧场面部热红外数据及牛脸RGB录像数据_344\0729\IRT\20240729T142101-1134.MP4,20240729T142101_1134,1134,0,30,first_30_seconds_before_viewing_outcomes,candidate_not_test,pending,metadata_only_not_PTS_audited
jiufu_abada3dda3e8b7_first30,jiufu_abada3dda3e8b7,jiufu,E:\real\use_code\久福牧场面部热红外数据及牛脸RGB录像数据_344\0729\IRT\温度区间设置为18-36\20240729T080938-846.MP4,20240729T080938_846,846,0,30,first_30_seconds_before_viewing_outcomes,candidate_not_test,pending,metadata_only_not_PTS_audited
jiufu_0ef3b83bc00130_first30,jiufu_0ef3b83bc00130,jiufu,E:\real\use_code\久福牧场面部热红外数据及牛脸RGB录像数据_344\0729\IRT\温度区间设置为18-36\20240729T081221-1428.MP4,20240729T081221_1428,1428,0,30,first_30_seconds_before_viewing_outcomes,candidate_not_test,pending,metadata_only_not_PTS_audited
jiufu_6d14fba7168351_first30,jiufu_6d14fba7168351,jiufu,E:\real\use_code\久福牧场面部热红外数据及牛脸RGB录像数据_344\0729\IRT\温度区间设置为18-36\20240729T081505A1021142.MP4,20240729T081505_A1021142,A1021142,0,30,first_30_seconds_before_viewing_outcomes,candidate_not_test,pending,metadata_only_not_PTS_audited
jiufu_c5ff3e35124405_first30,jiufu_c5ff3e35124405,jiufu,E:\real\use_code\久福牧场面部热红外数据及牛脸RGB录像数据_344\0729\IRT\温度区间设置为18-36\20240729T081638-1408.MP4,20240729T081638_1408,1408,0,30,first_30_seconds_before_viewing_outcomes,candidate_not_test,pending,metadata_only_not_PTS_audited
jiufu_a6ed80c55f7be6_first30,jiufu_a6ed80c55f7be6,jiufu,E:\real\use_code\久福牧场面部热红外数据及牛脸RGB录像数据_344\0729\IRT\温度区间设置为18-36\20240729T081830-1436.MP4,20240729T081830_1436,1436,0,30,first_30_seconds_before_viewing_outcomes,candidate_not_test,pending,metadata_only_not_PTS_audited
jiufu_6fa0bbd661c8bb_first30,jiufu_6fa0bbd661c8bb,jiufu,E:\real\use_code\久福牧场面部热红外数据及牛脸RGB录像数据_344\0729\IRT\温度区间设置为18-36\20240729T082631-1423.MP4,20240729T082631_1423,1423,0,30,first_30_seconds_before_viewing_outcomes,candidate_not_test,pending,metadata_only_not_PTS_audited
jiufu_58da0349ace78c_first30,jiufu_58da0349ace78c,jiufu,E:\real\use_code\久福牧场面部热红外数据及牛脸RGB录像数据_344\0729\IRT\温度区间设置为18-36\20240729T082946-1601.MP4,20240729T082946_1601,1601,0,30,first_30_seconds_before_viewing_outcomes,candidate_not_test,pending,metadata_only_not_PTS_audited
jiufu_9eb853207f9233_first30,jiufu_9eb853207f9233,jiufu,E:\real\use_code\久福牧场面部热红外数据及牛脸RGB录像数据_344\0729\IRT\温度区间设置为18-36\20240729T083424-640.MP4,20240729T083424_640,640,0,30,first_30_seconds_before_viewing_outcomes,candidate_not_test,pending,metadata_only_not_PTS_audited
jiufu_8c114c09325c47_first30,jiufu_8c114c09325c47,jiufu,E:\real\use_code\久福牧场面部热红外数据及牛脸RGB录像数据_344\0729\IRT\温度区间设置为18-36\20240729T083719-1574.MP4,20240729T083719_1574,1574,0,30,first_30_seconds_before_viewing_outcomes,candidate_not_test,pending,metadata_only_not_PTS_audited
jiufu_494e84a71f0d53_first30,jiufu_494e84a71f0d53,jiufu,E:\real\use_code\久福牧场面部热红外数据及牛脸RGB录像数据_344\0729\IRT\温度区间设置为18-36\20240729T083924-1268.MP4,20240729T083924_1268,1268,0,30,first_30_seconds_before_viewing_outcomes,candidate_not_test,pending,metadata_only_not_PTS_audited
jiufu_ce59136a4ecc21_first30,jiufu_ce59136a4ecc21,jiufu,E:\real\use_code\久福牧场面部热红外数据及牛脸RGB录像数据_344\0729\IRT\温度区间设置为18-36\20240729T084037-1479.MP4,20240729T084037_1479,1479,0,30,first_30_seconds_before_viewing_outcomes,candidate_not_test,pending,metadata_only_not_PTS_audited
jiufu_8953d49083882b_first30,jiufu_8953d49083882b,jiufu,E:\real\use_code\久福牧场面部热红外数据及牛脸RGB录像数据_344\0730\20240730T084011-1150.MP4,20240730T084011_1150,1150,0,30,first_30_seconds_before_viewing_outcomes,candidate_not_test,pending,metadata_only_not_PTS_audited
jiufu_5eaab17afa3dcc_first30,jiufu_5eaab17afa3dcc,jiufu,E:\real\use_code\久福牧场面部热红外数据及牛脸RGB录像数据_344\0730\20240730T084144-1644.MP4,20240730T084144_1644,1644,0,30,first_30_seconds_before_viewing_outcomes,candidate_not_test,pending,metadata_only_not_PTS_audited
jiufu_577eb87b4ec0fa_first30,jiufu_577eb87b4ec0fa,jiufu,E:\real\use_code\久福牧场面部热红外数据及牛脸RGB录像数据_344\0730\20240730T090832-1442.MP4,20240730T090832_1442,1442,0,30,first_30_seconds_before_viewing_outcomes,candidate_not_test,pending,metadata_only_not_PTS_audited
jiufu_ac7d209f2a6aec_first30,jiufu_ac7d209f2a6aec,jiufu,E:\real\use_code\久福牧场面部热红外数据及牛脸RGB录像数据_344\0730\20240730T091037-214.MP4,20240730T091037_214,214,0,30,first_30_seconds_before_viewing_outcomes,candidate_not_test,pending,metadata_only_not_PTS_audited
jiufu_f0f7415c6e495e_first30,jiufu_f0f7415c6e495e,jiufu,E:\real\use_code\久福牧场面部热红外数据及牛脸RGB录像数据_344\0730\20240730T105437-1308.MP4,20240730T105437_1308,1308,0,30,first_30_seconds_before_viewing_outcomes,candidate_not_test,pending,metadata_only_not_PTS_audited
jiufu_45e262858c1edf_first30,jiufu_45e262858c1edf,jiufu,E:\real\use_code\久福牧场面部热红外数据及牛脸RGB录像数据_344\0730\20240730T105821-1146.MP4,20240730T105821_1146,1146,0,30,first_30_seconds_before_viewing_outcomes,candidate_not_test,pending,metadata_only_not_PTS_audited
jiufu_59f7f9462f2c30_first30,jiufu_59f7f9462f2c30,jiufu,E:\real\use_code\久福牧场面部热红外数据及牛脸RGB录像数据_344\0730\20240730T105955-165.MP4,20240730T105955_165,165,0,30,first_30_seconds_before_viewing_outcomes,candidate_not_test,pending,metadata_only_not_PTS_audited
jiufu_1f327de387886e_first30,jiufu_1f327de387886e,jiufu,E:\real\use_code\久福牧场面部热红外数据及牛脸RGB录像数据_344\0730\20240730T110201-1371.MP4,20240730T110201_1371,1371,0,30,first_30_seconds_before_viewing_outcomes,candidate_not_test,pending,metadata_only_not_PTS_audited
jiufu_6454a9e613172b_first30,jiufu_6454a9e613172b,jiufu,E:\real\use_code\久福牧场面部热红外数据及牛脸RGB录像数据_344\0730\20240730T110405-A1022182.MP4,20240730T110405_A1022182,A1022182,0,30,first_30_seconds_before_viewing_outcomes,candidate_not_test,pending,metadata_only_not_PTS_audited
jiufu_6328167f32f25e_first30,jiufu_6328167f32f25e,jiufu,E:\real\use_code\久福牧场面部热红外数据及牛脸RGB录像数据_344\0730\20240730T114908-1371.MP4,20240730T114908_1371,1371,0,30,first_30_seconds_before_viewing_outcomes,candidate_not_test,pending,metadata_only_not_PTS_audited
jiufu_80fa8dbe195b66_first30,jiufu_80fa8dbe195b66,jiufu,E:\real\use_code\久福牧场面部热红外数据及牛脸RGB录像数据_344\0730\20240730T115158-353.MP4,20240730T115158_353,353,0,30,first_30_seconds_before_viewing_outcomes,candidate_not_test,pending,metadata_only_not_PTS_audited
jiufu_012d9efb7d8d4c_first30,jiufu_012d9efb7d8d4c,jiufu,E:\real\use_code\久福牧场面部热红外数据及牛脸RGB录像数据_344\0730\20240730T115451-1213.MP4,20240730T115451_1213,1213,0,30,first_30_seconds_before_viewing_outcomes,candidate_not_test,pending,metadata_only_not_PTS_audited
jiufu_ce6835d13f136d_first30,jiufu_ce6835d13f136d,jiufu,E:\real\use_code\久福牧场面部热红外数据及牛脸RGB录像数据_344\0730\20240730T115945-1414.MP4,20240730T115945_1414,1414,0,30,first_30_seconds_before_viewing_outcomes,candidate_not_test,pending,metadata_only_not_PTS_audited
jiufu_5623dc263f1364_first30,jiufu_5623dc263f1364,jiufu,E:\real\use_code\久福牧场面部热红外数据及牛脸RGB录像数据_344\0730\20240730T120407-872.MP4,20240730T120407_872,872,0,30,first_30_seconds_before_viewing_outcomes,candidate_not_test,pending,metadata_only_not_PTS_audited
jiufu_8254fd394c755d_first30,jiufu_8254fd394c755d,jiufu,E:\real\use_code\久福牧场面部热红外数据及牛脸RGB录像数据_344\0730\20240730T120953-1180.MP4,20240730T120953_1180,1180,0,30,first_30_seconds_before_viewing_outcomes,candidate_not_test,pending,metadata_only_not_PTS_audited
jiufu_33ff2c90bde0a7_first30,jiufu_33ff2c90bde0a7,jiufu,E:\real\use_code\久福牧场面部热红外数据及牛脸RGB录像数据_344\0730\20240730T121220-872.MP4,20240730T121220_872,872,0,30,first_30_seconds_before_viewing_outcomes,candidate_not_test,pending,metadata_only_not_PTS_audited
jiufu_c37db5cf8c7d4e_first30,jiufu_c37db5cf8c7d4e,jiufu,E:\real\use_code\久福牧场面部热红外数据及牛脸RGB录像数据_344\0730\20240730T121453-1165.MP4,20240730T121453_1165,1165,0,30,first_30_seconds_before_viewing_outcomes,candidate_not_test,pending,metadata_only_not_PTS_audited
jiufu_3f44e994a4ccb7_first30,jiufu_3f44e994a4ccb7,jiufu,E:\real\use_code\久福牧场面部热红外数据及牛脸RGB录像数据_344\0730\20240730T122439-1145.MP4,20240730T122439_1145,1145,0,30,first_30_seconds_before_viewing_outcomes,candidate_not_test,pending,metadata_only_not_PTS_audited
jiufu_58a951a34f7249_first30,jiufu_58a951a34f7249,jiufu,E:\real\use_code\久福牧场面部热红外数据及牛脸RGB录像数据_344\0731\20240731T085430-A1022182.MP4,20240731T085430_A1022182,A1022182,0,30,first_30_seconds_before_viewing_outcomes,candidate_not_test,pending,metadata_only_not_PTS_audited
jiufu_8ac17622997976_first30,jiufu_8ac17622997976,jiufu,E:\real\use_code\久福牧场面部热红外数据及牛脸RGB录像数据_344\0731\20240731T085718-1408.MP4,20240731T085718_1408,1408,0,30,first_30_seconds_before_viewing_outcomes,candidate_not_test,pending,metadata_only_not_PTS_audited
jiufu_ee2427b1f91c14_first30,jiufu_ee2427b1f91c14,jiufu,E:\real\use_code\久福牧场面部热红外数据及牛脸RGB录像数据_344\0731\20240731T085932-1428.MP4,20240731T085932_1428,1428,0,30,first_30_seconds_before_viewing_outcomes,candidate_not_test,pending,metadata_only_not_PTS_audited
jiufu_d40d50640e24a1_first30,jiufu_d40d50640e24a1,jiufu,E:\real\use_code\久福牧场面部热红外数据及牛脸RGB录像数据_344\0731\20240731T090206-165.MP4,20240731T090206_165,165,0,30,first_30_seconds_before_viewing_outcomes,candidate_not_test,pending,metadata_only_not_PTS_audited
jiufu_e20abde4e3a043_first30,jiufu_e20abde4e3a043,jiufu,E:\real\use_code\久福牧场面部热红外数据及牛脸RGB录像数据_344\0731\20240731T090617-1422.MP4,20240731T090617_1422,1422,0,30,first_30_seconds_before_viewing_outcomes,candidate_not_test,pending,metadata_only_not_PTS_audited
jiufu_6c914b8beaa069_first30,jiufu_6c914b8beaa069,jiufu,E:\real\use_code\久福牧场面部热红外数据及牛脸RGB录像数据_344\0731\20240731T090931-1308.MP4,20240731T090931_1308,1308,0,30,first_30_seconds_before_viewing_outcomes,candidate_not_test,pending,metadata_only_not_PTS_audited
jiufu_fffa829b4cfc5f_first30,jiufu_fffa829b4cfc5f,jiufu,E:\real\use_code\久福牧场面部热红外数据及牛脸RGB录像数据_344\0731\20240731T091121-878.MP4,20240731T091121_878,878,0,30,first_30_seconds_before_viewing_outcomes,candidate_not_test,pending,metadata_only_not_PTS_audited
jiufu_39742bec07007b_first30,jiufu_39742bec07007b,jiufu,E:\real\use_code\久福牧场面部热红外数据及牛脸RGB录像数据_344\0731\20240731T091233-1146.MP4,20240731T091233_1146,1146,0,30,first_30_seconds_before_viewing_outcomes,candidate_not_test,pending,metadata_only_not_PTS_audited
jiufu_a7f96cc7661e4a_first30,jiufu_a7f96cc7661e4a,jiufu,E:\real\use_code\久福牧场面部热红外数据及牛脸RGB录像数据_344\0731\20240731T091500-1371.MP4,20240731T091500_1371,1371,0,30,first_30_seconds_before_viewing_outcomes,candidate_not_test,pending,metadata_only_not_PTS_audited
jiufu_cae153a2ef6cb6_first30,jiufu_cae153a2ef6cb6,jiufu,E:\real\use_code\久福牧场面部热红外数据及牛脸RGB录像数据_344\0731\20240731T091834-1630.MP4,20240731T091834_1630,1630,0,30,first_30_seconds_before_viewing_outcomes,candidate_not_test,pending,metadata_only_not_PTS_audited
jiufu_f5a7ada186a785_first30,jiufu_f5a7ada186a785,jiufu,E:\real\use_code\久福牧场面部热红外数据及牛脸RGB录像数据_344\0731\20240731T092133-281.MP4,20240731T092133_281,281,0,30,first_30_seconds_before_viewing_outcomes,candidate_not_test,pending,metadata_only_not_PTS_audited
jiufu_8f2aab0fc1ae4b_first30,jiufu_8f2aab0fc1ae4b,jiufu,E:\real\use_code\久福牧场面部热红外数据及牛脸RGB录像数据_344\0731\20240731T092359-347.MP4,20240731T092359_347,347,0,30,first_30_seconds_before_viewing_outcomes,candidate_not_test,pending,metadata_only_not_PTS_audited
jiufu_b230c11bab398b_first30,jiufu_b230c11bab398b,jiufu,E:\real\use_code\久福牧场面部热红外数据及牛脸RGB录像数据_344\0731\20240731T093138-1078.MP4,20240731T093138_1078,1078,0,30,first_30_seconds_before_viewing_outcomes,candidate_not_test,pending,metadata_only_not_PTS_audited
jiufu_05aaedc28c6708_first30,jiufu_05aaedc28c6708,jiufu,E:\real\use_code\久福牧场面部热红外数据及牛脸RGB录像数据_344\0731\20240731T093355-161.MP4,20240731T093355_161,161,0,30,first_30_seconds_before_viewing_outcomes,candidate_not_test,pending,metadata_only_not_PTS_audited
jiufu_0d1522aef374ec_first30,jiufu_0d1522aef374ec,jiufu,E:\real\use_code\久福牧场面部热红外数据及牛脸RGB录像数据_344\0801\20240801T085035-A1022205.MP4,20240801T085035_A1022205,A1022205,0,30,first_30_seconds_before_viewing_outcomes,candidate_not_test,pending,metadata_only_not_PTS_audited
jiufu_d34b02325b217f_first30,jiufu_d34b02325b217f,jiufu,E:\real\use_code\久福牧场面部热红外数据及牛脸RGB录像数据_344\0801\20240801T085306-1831.MP4,20240801T085306_1831,1831,0,30,first_30_seconds_before_viewing_outcomes,candidate_not_test,pending,metadata_only_not_PTS_audited
jiufu_2cdb051142d5ab_first30,jiufu_2cdb051142d5ab,jiufu,E:\real\use_code\久福牧场面部热红外数据及牛脸RGB录像数据_344\0801\20240801T085946-670.MP4,20240801T085946_670,670,0,30,first_30_seconds_before_viewing_outcomes,candidate_not_test,pending,metadata_only_not_PTS_audited
jiufu_d4707a9c23271d_first30,jiufu_d4707a9c23271d,jiufu,E:\real\use_code\久福牧场面部热红外数据及牛脸RGB录像数据_344\0801\20240801T091831-670.MP4,20240801T091831_670,670,0,30,first_30_seconds_before_viewing_outcomes,candidate_not_test,pending,metadata_only_not_PTS_audited
jiufu_61a48001d2c6ac_first30,jiufu_61a48001d2c6ac,jiufu,E:\real\use_code\久福牧场面部热红外数据及牛脸RGB录像数据_344\0801\20240801T091954-A1022186.MP4,20240801T091954_A1022186,A1022186,0,30,first_30_seconds_before_viewing_outcomes,candidate_not_test,pending,metadata_only_not_PTS_audited
jiufu_2f0c90ece853b4_first30,jiufu_2f0c90ece853b4,jiufu,E:\real\use_code\久福牧场面部热红外数据及牛脸RGB录像数据_344\0801\20240801T092219-710.MP4,20240801T092219_710,710,0,30,first_30_seconds_before_viewing_outcomes,candidate_not_test,pending,metadata_only_not_PTS_audited
jiufu_57c74728570ec9_first30,jiufu_57c74728570ec9,jiufu,E:\real\use_code\久福牧场面部热红外数据及牛脸RGB录像数据_344\0801\20240801T092442-A1022211.MP4,20240801T092442_A1022211,A1022211,0,30,first_30_seconds_before_viewing_outcomes,candidate_not_test,pending,metadata_only_not_PTS_audited
jiufu_2fc7ddf8f284e4_first30,jiufu_2fc7ddf8f284e4,jiufu,E:\real\use_code\久福牧场面部热红外数据及牛脸RGB录像数据_344\0801\20240801T092718-627.MP4,20240801T092718_627,627,0,30,first_30_seconds_before_viewing_outcomes,candidate_not_test,pending,metadata_only_not_PTS_audited
jiufu_a04e9f770a2bb9_first30,jiufu_a04e9f770a2bb9,jiufu,E:\real\use_code\久福牧场面部热红外数据及牛脸RGB录像数据_344\0801\20240801T093041-606.MP4,20240801T093041_606,606,0,30,first_30_seconds_before_viewing_outcomes,candidate_not_test,pending,metadata_only_not_PTS_audited
jiufu_333df78fe49441_first30,jiufu_333df78fe49441,jiufu,E:\real\use_code\久福牧场面部热红外数据及牛脸RGB录像数据_344\0801\20240801T093303-878.MP4,20240801T093303_878,878,0,30,first_30_seconds_before_viewing_outcomes,candidate_not_test,pending,metadata_only_not_PTS_audited
jiufu_4263d1ee2b7d38_first30,jiufu_4263d1ee2b7d38,jiufu,E:\real\use_code\久福牧场面部热红外数据及牛脸RGB录像数据_344\0801\20240801T093518-A1022211.MP4,20240801T093518_A1022211,A1022211,0,30,first_30_seconds_before_viewing_outcomes,candidate_not_test,pending,metadata_only_not_PTS_audited
jiufu_7cb985938d0a6a_first30,jiufu_7cb985938d0a6a,jiufu,E:\real\use_code\久福牧场面部热红外数据及牛脸RGB录像数据_344\0801\20240801T093643-659.MP4,20240801T093643_659,659,0,30,first_30_seconds_before_viewing_outcomes,candidate_not_test,pending,metadata_only_not_PTS_audited
jiufu_7c448f9ef64639_first30,jiufu_7c448f9ef64639,jiufu,E:\real\use_code\久福牧场面部热红外数据及牛脸RGB录像数据_344\0801\20240801T093925-A1021135.MP4,20240801T093925_A1021135,A1021135,0,30,first_30_seconds_before_viewing_outcomes,candidate_not_test,pending,metadata_only_not_PTS_audited
jiufu_bc495978774317_first30,jiufu_bc495978774317,jiufu,E:\real\use_code\久福牧场面部热红外数据及牛脸RGB录像数据_344\0801\20240801T094240-608.MP4,20240801T094240_608,608,0,30,first_30_seconds_before_viewing_outcomes,candidate_not_test,pending,metadata_only_not_PTS_audited
jiufu_ce8fcc51bec8d3_first30,jiufu_ce8fcc51bec8d3,jiufu,E:\real\use_code\久福牧场面部热红外数据及牛脸RGB录像数据_344\0801\20240801T094515-610.MP4,20240801T094515_610,610,0,30,first_30_seconds_before_viewing_outcomes,candidate_not_test,pending,metadata_only_not_PTS_audited
jiufu_e3cef2504bbb4a_first30,jiufu_e3cef2504bbb4a,jiufu,E:\real\use_code\久福牧场面部热红外数据及牛脸RGB录像数据_344\0801\20240801T094721-678.MP4,20240801T094721_678,678,0,30,first_30_seconds_before_viewing_outcomes,candidate_not_test,pending,metadata_only_not_PTS_audited
jiufu_5a173259b2d81c_first30,jiufu_5a173259b2d81c,jiufu,E:\real\use_code\久福牧场面部热红外数据及牛脸RGB录像数据_344\0801\20240801T094919-606.MP4,20240801T094919_606,606,0,30,first_30_seconds_before_viewing_outcomes,candidate_not_test,pending,metadata_only_not_PTS_audited
jiufu_d7a117e86dae24_first30,jiufu_d7a117e86dae24,jiufu,E:\real\use_code\久福牧场面部热红外数据及牛脸RGB录像数据_344\0801\20240801T095015-604.MP4,20240801T095015_604,604,0,30,first_30_seconds_before_viewing_outcomes,candidate_not_test,pending,metadata_only_not_PTS_audited
jiufu_f339ead1fdb0ac_first30,jiufu_f339ead1fdb0ac,jiufu,E:\real\use_code\久福牧场面部热红外数据及牛脸RGB录像数据_344\0801\20240801T095308-648.MP4,20240801T095308_648,648,0,30,first_30_seconds_before_viewing_outcomes,candidate_not_test,pending,metadata_only_not_PTS_audited
jiufu_6d3bdd73c6d58a_first30,jiufu_6d3bdd73c6d58a,jiufu,E:\real\use_code\久福牧场面部热红外数据及牛脸RGB录像数据_344\0801\20240801T095532-880.MP4,20240801T095532_880,880,0,30,first_30_seconds_before_viewing_outcomes,candidate_not_test,pending,metadata_only_not_PTS_audited
jiufu_0095fbf4f8f613_first30,jiufu_0095fbf4f8f613,jiufu,E:\real\use_code\久福牧场面部热红外数据及牛脸RGB录像数据_344\0801\20240801T095730-639.MP4,20240801T095730_639,639,0,30,first_30_seconds_before_viewing_outcomes,candidate_not_test,pending,metadata_only_not_PTS_audited
jiufu_6f2025aac495fd_first30,jiufu_6f2025aac495fd,jiufu,E:\real\use_code\久福牧场面部热红外数据及牛脸RGB录像数据_344\0801\20240801T095910-921.MP4,20240801T095910_921,921,0,30,first_30_seconds_before_viewing_outcomes,candidate_not_test,pending,metadata_only_not_PTS_audited
jiufu_92e9f652faa64a_first30,jiufu_92e9f652faa64a,jiufu,E:\real\use_code\久福牧场面部热红外数据及牛脸RGB录像数据_344\0801\20240801T100106-1145.MP4,20240801T100106_1145,1145,0,30,first_30_seconds_before_viewing_outcomes,candidate_not_test,pending,metadata_only_not_PTS_audited
jiufu_fe09caa146ddbd_first30,jiufu_fe09caa146ddbd,jiufu,E:\real\use_code\久福牧场面部热红外数据及牛脸RGB录像数据_344\0801\20240801T100313-648.MP4,20240801T100313_648,648,0,30,first_30_seconds_before_viewing_outcomes,candidate_not_test,pending,metadata_only_not_PTS_audited
jiufu_f6c192eaf6c290_first30,jiufu_f6c192eaf6c290,jiufu,E:\real\use_code\久福牧场面部热红外数据及牛脸RGB录像数据_344\0801\20240801T100653-854.MP4,20240801T100653_854,854,0,30,first_30_seconds_before_viewing_outcomes,candidate_not_test,pending,metadata_only_not_PTS_audited
jiufu_42e874dae20aee_first30,jiufu_42e874dae20aee,jiufu,E:\real\use_code\久福牧场面部热红外数据及牛脸RGB录像数据_344\0801\20240801T100920-868.MP4,20240801T100920_868,868,0,30,first_30_seconds_before_viewing_outcomes,candidate_not_test,pending,metadata_only_not_PTS_audited
jiufu_b45e99f5e3803e_first30,jiufu_b45e99f5e3803e,jiufu,E:\real\use_code\久福牧场面部热红外数据及牛脸RGB录像数据_344\0801\20240801T101921-1290.MP4,20240801T101921_1290,1290,0,30,first_30_seconds_before_viewing_outcomes,candidate_not_test,pending,metadata_only_not_PTS_audited
jiufu_250cea481e2ccd_first30,jiufu_250cea481e2ccd,jiufu,E:\real\use_code\久福牧场面部热红外数据及牛脸RGB录像数据_344\0801\20240801T102138-1004.MP4,20240801T102138_1004,1004,0,30,first_30_seconds_before_viewing_outcomes,candidate_not_test,pending,metadata_only_not_PTS_audited
jiufu_fbbccb98b40ed8_first30,jiufu_fbbccb98b40ed8,jiufu,E:\real\use_code\久福牧场面部热红外数据及牛脸RGB录像数据_344\0801\20240801T102426-A1022182.MP4,20240801T102426_A1022182,A1022182,0,30,first_30_seconds_before_viewing_outcomes,candidate_not_test,pending,metadata_only_not_PTS_audited
jiufu_b7367092cbf12f_first30,jiufu_b7367092cbf12f,jiufu,E:\real\use_code\久福牧场面部热红外数据及牛脸RGB录像数据_344\0801\20240801T102603-1039.MP4,20240801T102603_1039,1039,0,30,first_30_seconds_before_viewing_outcomes,candidate_not_test,pending,metadata_only_not_PTS_audited
jiufu_b42fb594523377_first30,jiufu_b42fb594523377,jiufu,E:\real\use_code\久福牧场面部热红外数据及牛脸RGB录像数据_344\0801\20240801T102838-987.MP4,20240801T102838_987,987,0,30,first_30_seconds_before_viewing_outcomes,candidate_not_test,pending,metadata_only_not_PTS_audited
jiufu_bf9a8ef3c38b6b_first30,jiufu_bf9a8ef3c38b6b,jiufu,E:\real\use_code\久福牧场面部热红外数据及牛脸RGB录像数据_344\0801\20240801T103517-861.MP4,20240801T103517_861,861,0,30,first_30_seconds_before_viewing_outcomes,candidate_not_test,pending,metadata_only_not_PTS_audited
jiufu_61a3c1628d9017_first30,jiufu_61a3c1628d9017,jiufu,E:\real\use_code\久福牧场面部热红外数据及牛脸RGB录像数据_344\0801\20240801T103842-859.MP4,20240801T103842_859,859,0,30,first_30_seconds_before_viewing_outcomes,candidate_not_test,pending,metadata_only_not_PTS_audited
jiufu_fbaed9c05fdf1a_first30,jiufu_fbaed9c05fdf1a,jiufu,E:\real\use_code\久福牧场面部热红外数据及牛脸RGB录像数据_344\0801\20240801T104244-874.MP4,20240801T104244_874,874,0,30,first_30_seconds_before_viewing_outcomes,candidate_not_test,pending,metadata_only_not_PTS_audited
jiufu_09732493a874e4_first30,jiufu_09732493a874e4,jiufu,E:\real\use_code\久福牧场面部热红外数据及牛脸RGB录像数据_344\0801\20240801T104504-623.MP4,20240801T104504_623,623,0,30,first_30_seconds_before_viewing_outcomes,candidate_not_test,pending,metadata_only_not_PTS_audited
jiufu_afbc3c7536759a_first30,jiufu_afbc3c7536759a,jiufu,E:\real\use_code\久福牧场面部热红外数据及牛脸RGB录像数据_344\0801\20240801T104743-353.MP4,20240801T104743_353,353,0,30,first_30_seconds_before_viewing_outcomes,candidate_not_test,pending,metadata_only_not_PTS_audited
jiufu_ce73dd701d1a38_first30,jiufu_ce73dd701d1a38,jiufu,E:\real\use_code\久福牧场面部热红外数据及牛脸RGB录像数据_344\0801\20240801T105003-A1022145.MP4,20240801T105003_A1022145,A1022145,0,30,first_30_seconds_before_viewing_outcomes,candidate_not_test,pending,metadata_only_not_PTS_audited
jiufu_c2f523dbca4113_first30,jiufu_c2f523dbca4113,jiufu,E:\real\use_code\久福牧场面部热红外数据及牛脸RGB录像数据_344\0801\20240801T105204-919.MP4,20240801T105204_919,919,0,30,first_30_seconds_before_viewing_outcomes,candidate_not_test,pending,metadata_only_not_PTS_audited
jiufu_19a4aa849045e9_first30,jiufu_19a4aa849045e9,jiufu,E:\real\use_code\久福牧场面部热红外数据及牛脸RGB录像数据_344\0801\20240801T105433-1185.MP4,20240801T105433_1185,1185,0,30,first_30_seconds_before_viewing_outcomes,candidate_not_test,pending,metadata_only_not_PTS_audited
jiufu_bfba3aa9a87b7c_first30,jiufu_bfba3aa9a87b7c,jiufu,E:\real\use_code\久福牧场面部热红外数据及牛脸RGB录像数据_344\0801\20240801T105702-A1022181.MP4,20240801T105702_A1022181,A1022181,0,30,first_30_seconds_before_viewing_outcomes,candidate_not_test,pending,metadata_only_not_PTS_audited
jiufu_6a5717214c3e46_first30,jiufu_6a5717214c3e46,jiufu,E:\real\use_code\久福牧场面部热红外数据及牛脸RGB录像数据_344\0802\20240802T085945-600.MP4,20240802T085945_600,600,0,30,first_30_seconds_before_viewing_outcomes,candidate_not_test,pending,metadata_only_not_PTS_audited
jiufu_542013dcb78dc0_first30,jiufu_542013dcb78dc0,jiufu,E:\real\use_code\久福牧场面部热红外数据及牛脸RGB录像数据_344\0802\20240802T090139-878.MP4,20240802T090139_878,878,0,30,first_30_seconds_before_viewing_outcomes,candidate_not_test,pending,metadata_only_not_PTS_audited
jiufu_596ccaaf7a001c_first30,jiufu_596ccaaf7a001c,jiufu,E:\real\use_code\久福牧场面部热红外数据及牛脸RGB录像数据_344\0802\20240802T090335-632.MP4,20240802T090335_632,632,0,30,first_30_seconds_before_viewing_outcomes,candidate_not_test,pending,metadata_only_not_PTS_audited
jiufu_9b4d8a24856a9f_first30,jiufu_9b4d8a24856a9f,jiufu,E:\real\use_code\久福牧场面部热红外数据及牛脸RGB录像数据_344\0802\20240802T090646-1436.MP4,20240802T090646_1436,1436,0,30,first_30_seconds_before_viewing_outcomes,candidate_not_test,pending,metadata_only_not_PTS_audited
jiufu_6e5606d58e82c5_first30,jiufu_6e5606d58e82c5,jiufu,E:\real\use_code\久福牧场面部热红外数据及牛脸RGB录像数据_344\0802\20240802T090823-1078.MP4,20240802T090823_1078,1078,0,30,first_30_seconds_before_viewing_outcomes,candidate_not_test,pending,metadata_only_not_PTS_audited
jiufu_58dfb2705d8668_first30,jiufu_58dfb2705d8668,jiufu,E:\real\use_code\久福牧场面部热红外数据及牛脸RGB录像数据_344\0802\20240802T091131-281.MP4,20240802T091131_281,281,0,30,first_30_seconds_before_viewing_outcomes,candidate_not_test,pending,metadata_only_not_PTS_audited
jiufu_a7efdc57a481f8_first30,jiufu_a7efdc57a481f8,jiufu,E:\real\use_code\久福牧场面部热红外数据及牛脸RGB录像数据_344\0802\20240802T091253-697.MP4,20240802T091253_697,697,0,30,first_30_seconds_before_viewing_outcomes,candidate_not_test,pending,metadata_only_not_PTS_audited
jiufu_a1fad2b6534006_first30,jiufu_a1fad2b6534006,jiufu,E:\real\use_code\久福牧场面部热红外数据及牛脸RGB录像数据_344\0802\20240802T091448-353.MP4,20240802T091448_353,353,0,30,first_30_seconds_before_viewing_outcomes,candidate_not_test,pending,metadata_only_not_PTS_audited
jiufu_d16072cd12326f_first30,jiufu_d16072cd12326f,jiufu,E:\real\use_code\久福牧场面部热红外数据及牛脸RGB录像数据_344\0802\20240802T091715-347.MP4,20240802T091715_347,347,0,30,first_30_seconds_before_viewing_outcomes,candidate_not_test,pending,metadata_only_not_PTS_audited
jiufu_1686565c1da471_first30,jiufu_1686565c1da471,jiufu,E:\real\use_code\久福牧场面部热红外数据及牛脸RGB录像数据_344\0802\20240802T091928-1137.MP4,20240802T091928_1137,1137,0,30,first_30_seconds_before_viewing_outcomes,candidate_not_test,pending,metadata_only_not_PTS_audited
jiufu_4923eea2509695_first30,jiufu_4923eea2509695,jiufu,E:\real\use_code\久福牧场面部热红外数据及牛脸RGB录像数据_344\0802\20240802T092151-1308.MP4,20240802T092151_1308,1308,0,30,first_30_seconds_before_viewing_outcomes,candidate_not_test,pending,metadata_only_not_PTS_audited
jiufu_ff4c4ac565e3b0_first30,jiufu_ff4c4ac565e3b0,jiufu,E:\real\use_code\久福牧场面部热红外数据及牛脸RGB录像数据_344\0802\20240802T092438-1539.MP4,20240802T092438_1539,1539,0,30,first_30_seconds_before_viewing_outcomes,candidate_not_test,pending,metadata_only_not_PTS_audited
jiufu_24afbde80aa2d4_first30,jiufu_24afbde80aa2d4,jiufu,E:\real\use_code\久福牧场面部热红外数据及牛脸RGB录像数据_344\0802\20240802T093003-493.MP4,20240802T093003_493,493,0,30,first_30_seconds_before_viewing_outcomes,candidate_not_test,pending,metadata_only_not_PTS_audited
jiufu_3f4fbf87cbf023_first30,jiufu_3f4fbf87cbf023,jiufu,E:\real\use_code\久福牧场面部热红外数据及牛脸RGB录像数据_344\0802\20240802T093253-1285.MP4,20240802T093253_1285,1285,0,30,first_30_seconds_before_viewing_outcomes,candidate_not_test,pending,metadata_only_not_PTS_audited
jiufu_6434f8ad9b4978_first30,jiufu_6434f8ad9b4978,jiufu,E:\real\use_code\久福牧场面部热红外数据及牛脸RGB录像数据_344\0802\20240802T093445-659.MP4,20240802T093445_659,659,0,30,first_30_seconds_before_viewing_outcomes,candidate_not_test,pending,metadata_only_not_PTS_audited
jiufu_0f495ca37676e0_first30,jiufu_0f495ca37676e0,jiufu,E:\real\use_code\久福牧场面部热红外数据及牛脸RGB录像数据_344\0802\20240802T094056-353.MP4,20240802T094056_353,353,0,30,first_30_seconds_before_viewing_outcomes,candidate_not_test,pending,metadata_only_not_PTS_audited
jiufu_87e482c45f5ec2_first30,jiufu_87e482c45f5ec2,jiufu,E:\real\use_code\久福牧场面部热红外数据及牛脸RGB录像数据_344\0802\20240802T094348-A1022209.MP4,20240802T094348_A1022209,A1022209,0,30,first_30_seconds_before_viewing_outcomes,candidate_not_test,pending,metadata_only_not_PTS_audited
jiufu_135fcf30e11031_first30,jiufu_135fcf30e11031,jiufu,E:\real\use_code\久福牧场面部热红外数据及牛脸RGB录像数据_344\0803\20240803T090924-A1022245.MP4,20240803T090924_A1022245,A1022245,0,30,first_30_seconds_before_viewing_outcomes,candidate_not_test,pending,metadata_only_not_PTS_audited
jiufu_21792037472910_first30,jiufu_21792037472910,jiufu,E:\real\use_code\久福牧场面部热红外数据及牛脸RGB录像数据_344\0803\20240803T091738-493.MP4,20240803T091738_493,493,0,30,first_30_seconds_before_viewing_outcomes,candidate_not_test,pending,metadata_only_not_PTS_audited
jiufu_fdc3b301cd9ef1_first30,jiufu_fdc3b301cd9ef1,jiufu,E:\real\use_code\久福牧场面部热红外数据及牛脸RGB录像数据_344\0803\20240803T091934-653.MP4,20240803T091934_653,653,0,30,first_30_seconds_before_viewing_outcomes,candidate_not_test,pending,metadata_only_not_PTS_audited
jiufu_86e7274f6556e4_first30,jiufu_86e7274f6556e4,jiufu,E:\real\use_code\久福牧场面部热红外数据及牛脸RGB录像数据_344\0803\20240803T092044-A1021152.MP4,20240803T092044_A1021152,A1021152,0,30,first_30_seconds_before_viewing_outcomes,candidate_not_test,pending,metadata_only_not_PTS_audited
jiufu_b1efccc0572872_first30,jiufu_b1efccc0572872,jiufu,E:\real\use_code\久福牧场面部热红外数据及牛脸RGB录像数据_344\0803\20240803T092348-A1021145.MP4,20240803T092348_A1021145,A1021145,0,30,first_30_seconds_before_viewing_outcomes,candidate_not_test,pending,metadata_only_not_PTS_audited
jiufu_cbf053d260a726_first30,jiufu_cbf053d260a726,jiufu,E:\real\use_code\久福牧场面部热红外数据及牛脸RGB录像数据_344\0803\20240803T092519-218.MP4,20240803T092519_218,218,0,30,first_30_seconds_before_viewing_outcomes,candidate_not_test,pending,metadata_only_not_PTS_audited
jiufu_b7a3631a4e36ce_first30,jiufu_b7a3631a4e36ce,jiufu,E:\real\use_code\久福牧场面部热红外数据及牛脸RGB录像数据_344\0803\20240803T092702-588.MP4,20240803T092702_588,588,0,30,first_30_seconds_before_viewing_outcomes,candidate_not_test,pending,metadata_only_not_PTS_audited
jiufu_4cadeee3a7496f_first30,jiufu_4cadeee3a7496f,jiufu,E:\real\use_code\久福牧场面部热红外数据及牛脸RGB录像数据_344\0803\20240803T092818-697.MP4,20240803T092818_697,697,0,30,first_30_seconds_before_viewing_outcomes,candidate_not_test,pending,metadata_only_not_PTS_audited
jiufu_0bede2d3d6e2ef_first30,jiufu_0bede2d3d6e2ef,jiufu,E:\real\use_code\久福牧场面部热红外数据及牛脸RGB录像数据_344\0803\20240803T092932-1233.MP4,20240803T092932_1233,1233,0,30,first_30_seconds_before_viewing_outcomes,candidate_not_test,pending,metadata_only_not_PTS_audited
jiufu_771e73351d8f0d_first30,jiufu_771e73351d8f0d,jiufu,E:\real\use_code\久福牧场面部热红外数据及牛脸RGB录像数据_344\0803\20240803T093253-1316.MP4,20240803T093253_1316,1316,0,30,first_30_seconds_before_viewing_outcomes,candidate_not_test,pending,metadata_only_not_PTS_audited
jiufu_ed4591eaed0b3f_first30,jiufu_ed4591eaed0b3f,jiufu,E:\real\use_code\久福牧场面部热红外数据及牛脸RGB录像数据_344\0803\20240803T093609-1496.MP4,20240803T093609_1496,1496,0,30,first_30_seconds_before_viewing_outcomes,candidate_not_test,pending,metadata_only_not_PTS_audited
jiufu_39c814598b6c9a_first30,jiufu_39c814598b6c9a,jiufu,E:\real\use_code\久福牧场面部热红外数据及牛脸RGB录像数据_344\0803\20240803T093744-1589.MP4,20240803T093744_1589,1589,0,30,first_30_seconds_before_viewing_outcomes,candidate_not_test,pending,metadata_only_not_PTS_audited
jiufu_c79b86b8813e90_first30,jiufu_c79b86b8813e90,jiufu,E:\real\use_code\久福牧场面部热红外数据及牛脸RGB录像数据_344\0803\20240803T093943-1358.MP4,20240803T093943_1358,1358,0,30,first_30_seconds_before_viewing_outcomes,candidate_not_test,pending,metadata_only_not_PTS_audited
jiufu_bc67a7e651f9ae_first30,jiufu_bc67a7e651f9ae,jiufu,E:\real\use_code\久福牧场面部热红外数据及牛脸RGB录像数据_344\0803\20240803T094125-A1021134.MP4,20240803T094125_A1021134,A1021134,0,30,first_30_seconds_before_viewing_outcomes,candidate_not_test,pending,metadata_only_not_PTS_audited
jiufu_d0a278abbce35d_first30,jiufu_d0a278abbce35d,jiufu,E:\real\use_code\久福牧场面部热红外数据及牛脸RGB录像数据_344\0803\20240803T094255-372.MP4,20240803T094255_372,372,0,30,first_30_seconds_before_viewing_outcomes,candidate_not_test,pending,metadata_only_not_PTS_audited
jiufu_72f9214b6e39c9_first30,jiufu_72f9214b6e39c9,jiufu,E:\real\use_code\久福牧场面部热红外数据及牛脸RGB录像数据_344\0803\20240803T094432-950.MP4,20240803T094432_950,950,0,30,first_30_seconds_before_viewing_outcomes,candidate_not_test,pending,metadata_only_not_PTS_audited
jiufu_24b7bfc0889845_first30,jiufu_24b7bfc0889845,jiufu,E:\real\use_code\久福牧场面部热红外数据及牛脸RGB录像数据_344\0803\20240803T094604-707.MP4,20240803T094604_707,707,0,30,first_30_seconds_before_viewing_outcomes,candidate_not_test,pending,metadata_only_not_PTS_audited
jiufu_44a8b44ef7ff55_first30,jiufu_44a8b44ef7ff55,jiufu,E:\real\use_code\久福牧场面部热红外数据及牛脸RGB录像数据_344\0803\20240803T095323-1268.MP4,20240803T095323_1268,1268,0,30,first_30_seconds_before_viewing_outcomes,candidate_not_test,pending,metadata_only_not_PTS_audited
jiufu_46aefc048b6969_first30,jiufu_46aefc048b6969,jiufu,E:\real\use_code\久福牧场面部热红外数据及牛脸RGB录像数据_344\0803\20240803T095513-989.MP4,20240803T095513_989,989,0,30,first_30_seconds_before_viewing_outcomes,candidate_not_test,pending,metadata_only_not_PTS_audited
jiufu_f19803e664a7cb_first30,jiufu_f19803e664a7cb,jiufu,E:\real\use_code\久福牧场面部热红外数据及牛脸RGB录像数据_344\0803\20240803T095912-A1022198.MP4,20240803T095912_A1022198,A1022198,0,30,first_30_seconds_before_viewing_outcomes,candidate_not_test,pending,metadata_only_not_PTS_audited
jiufu_ca838441c991bb_first30,jiufu_ca838441c991bb,jiufu,E:\real\use_code\久福牧场面部热红外数据及牛脸RGB录像数据_344\0803\20240803T100248-1634.MP4,20240803T100248_1634,1634,0,30,first_30_seconds_before_viewing_outcomes,candidate_not_test,pending,metadata_only_not_PTS_audited
jiufu_fc574ca4aa0e22_first30,jiufu_fc574ca4aa0e22,jiufu,E:\real\use_code\久福牧场面部热红外数据及牛脸RGB录像数据_344\0803\20240803T100437-639.MP4,20240803T100437_639,639,0,30,first_30_seconds_before_viewing_outcomes,candidate_not_test,pending,metadata_only_not_PTS_audited
jiufu_366cb8600d5450_first30,jiufu_366cb8600d5450,jiufu,E:\real\use_code\久福牧场面部热红外数据及牛脸RGB录像数据_344\0803\20240803T100819-1469.MP4,20240803T100819_1469,1469,0,30,first_30_seconds_before_viewing_outcomes,candidate_not_test,pending,metadata_only_not_PTS_audited
jiufu_a72be27aa4d574_first30,jiufu_a72be27aa4d574,jiufu,E:\real\use_code\久福牧场面部热红外数据及牛脸RGB录像数据_344\0803\20240803T101007-546.MP4,20240803T101007_546,546,0,30,first_30_seconds_before_viewing_outcomes,candidate_not_test,pending,metadata_only_not_PTS_audited
jiufu_3c840580af889d_first30,jiufu_3c840580af889d,jiufu,E:\real\use_code\久福牧场面部热红外数据及牛脸RGB录像数据_344\0803\20240803T101133-882.MP4,20240803T101133_882,882,0,30,first_30_seconds_before_viewing_outcomes,candidate_not_test,pending,metadata_only_not_PTS_audited
jiufu_cc8f24e9070eb6_first30,jiufu_cc8f24e9070eb6,jiufu,E:\real\use_code\久福牧场面部热红外数据及牛脸RGB录像数据_344\0803\20240803T101522-677.MP4,20240803T101522_677,677,0,30,first_30_seconds_before_viewing_outcomes,candidate_not_test,pending,metadata_only_not_PTS_audited
jiufu_658fffa214f378_first30,jiufu_658fffa214f378,jiufu,E:\real\use_code\久福牧场面部热红外数据及牛脸RGB录像数据_344\0804\20240804T085308-606.MP4,20240804T085308_606,606,0,30,first_30_seconds_before_viewing_outcomes,candidate_not_test,pending,metadata_only_not_PTS_audited
jiufu_9fc4ab4ff20989_first30,jiufu_9fc4ab4ff20989,jiufu,E:\real\use_code\久福牧场面部热红外数据及牛脸RGB录像数据_344\0804\20240804T085751-913.MP4,20240804T085751_913,913,0,30,first_30_seconds_before_viewing_outcomes,candidate_not_test,pending,metadata_only_not_PTS_audited
jiufu_080c7e20b51912_first30,jiufu_080c7e20b51912,jiufu,E:\real\use_code\久福牧场面部热红外数据及牛脸RGB录像数据_344\0804\20240804T090336-716.MP4,20240804T090336_716,716,0,30,first_30_seconds_before_viewing_outcomes,candidate_not_test,pending,metadata_only_not_PTS_audited
jiufu_4a28bba3529d28_first30,jiufu_4a28bba3529d28,jiufu,E:\real\use_code\久福牧场面部热红外数据及牛脸RGB录像数据_344\0804\20240804T090706-674.MP4,20240804T090706_674,674,0,30,first_30_seconds_before_viewing_outcomes,candidate_not_test,pending,metadata_only_not_PTS_audited
jiufu_a005ae733f6503_first30,jiufu_a005ae733f6503,jiufu,E:\real\use_code\久福牧场面部热红外数据及牛脸RGB录像数据_344\0804\20240804T090918-664.MP4,20240804T090918_664,664,0,30,first_30_seconds_before_viewing_outcomes,candidate_not_test,pending,metadata_only_not_PTS_audited
jiufu_8f5bef5fd5a268_first30,jiufu_8f5bef5fd5a268,jiufu,E:\real\use_code\久福牧场面部热红外数据及牛脸RGB录像数据_344\0804\20240804T091409-608.MP4,20240804T091409_608,608,0,30,first_30_seconds_before_viewing_outcomes,candidate_not_test,pending,metadata_only_not_PTS_audited
jiufu_1f9c8c3925bc30_first30,jiufu_1f9c8c3925bc30,jiufu,E:\real\use_code\久福牧场面部热红外数据及牛脸RGB录像数据_344\0804\20240804T091622-A1022186.MP4,20240804T091622_A1022186,A1022186,0,30,first_30_seconds_before_viewing_outcomes,candidate_not_test,pending,metadata_only_not_PTS_audited
jiufu_14d4ade8b6206e_first30,jiufu_14d4ade8b6206e,jiufu,E:\real\use_code\久福牧场面部热红外数据及牛脸RGB录像数据_344\0804\20240804T092029-619.MP4,20240804T092029_619,619,0,30,first_30_seconds_before_viewing_outcomes,candidate_not_test,pending,metadata_only_not_PTS_audited
jiufu_b7b6bd430c8fe7_first30,jiufu_b7b6bd430c8fe7,jiufu,E:\real\use_code\久福牧场面部热红外数据及牛脸RGB录像数据_344\0804\20240804T092241-719.MP4,20240804T092241_719,719,0,30,first_30_seconds_before_viewing_outcomes,candidate_not_test,pending,metadata_only_not_PTS_audited
jiufu_2b9099fd06d9e1_first30,jiufu_2b9099fd06d9e1,jiufu,E:\real\use_code\久福牧场面部热红外数据及牛脸RGB录像数据_344\0804\20240804T092512-678.MP4,20240804T092512_678,678,0,30,first_30_seconds_before_viewing_outcomes,candidate_not_test,pending,metadata_only_not_PTS_audited
jiufu_370ef65c280bd7_first30,jiufu_370ef65c280bd7,jiufu,E:\real\use_code\久福牧场面部热红外数据及牛脸RGB录像数据_344\0804\20240804T092832-A1022249.MP4,20240804T092832_A1022249,A1022249,0,30,first_30_seconds_before_viewing_outcomes,candidate_not_test,pending,metadata_only_not_PTS_audited
jiufu_638ea7f2298781_first30,jiufu_638ea7f2298781,jiufu,E:\real\use_code\久福牧场面部热红外数据及牛脸RGB录像数据_344\0804\20240804T093751-1425.MP4,20240804T093751_1425,1425,0,30,first_30_seconds_before_viewing_outcomes,candidate_not_test,pending,metadata_only_not_PTS_audited
jiufu_931fb29cee6b4b_first30,jiufu_931fb29cee6b4b,jiufu,E:\real\use_code\久福牧场面部热红外数据及牛脸RGB录像数据_344\0804\20240804T093919-880.MP4,20240804T093919_880,880,0,30,first_30_seconds_before_viewing_outcomes,candidate_not_test,pending,metadata_only_not_PTS_audited
jiufu_b01f0755dc6a1f_first30,jiufu_b01f0755dc6a1f,jiufu,E:\real\use_code\久福牧场面部热红外数据及牛脸RGB录像数据_344\0804\20240804T095921-639.MP4,20240804T095921_639,639,0,30,first_30_seconds_before_viewing_outcomes,candidate_not_test,pending,metadata_only_not_PTS_audited
jiufu_f242385ce55e15_first30,jiufu_f242385ce55e15,jiufu,E:\real\use_code\久福牧场面部热红外数据及牛脸RGB录像数据_344\0805\20240805T085705-1436.MP4,20240805T085705_1436,1436,0,30,first_30_seconds_before_viewing_outcomes,candidate_not_test,pending,metadata_only_not_PTS_audited
jiufu_f920435ef76ec4_first30,jiufu_f920435ef76ec4,jiufu,E:\real\use_code\久福牧场面部热红外数据及牛脸RGB录像数据_344\0805\20240805T085918-1428.MP4,20240805T085918_1428,1428,0,30,first_30_seconds_before_viewing_outcomes,candidate_not_test,pending,metadata_only_not_PTS_audited
jiufu_d37cd7a2cec816_first30,jiufu_d37cd7a2cec816,jiufu,E:\real\use_code\久福牧场面部热红外数据及牛脸RGB录像数据_344\0805\20240805T090249-668.MP4,20240805T090249_668,668,0,30,first_30_seconds_before_viewing_outcomes,candidate_not_test,pending,metadata_only_not_PTS_audited
jiufu_7f52d294468aa5_first30,jiufu_7f52d294468aa5,jiufu,E:\real\use_code\久福牧场面部热红外数据及牛脸RGB录像数据_344\0805\20240805T090618-1398.MP4,20240805T090618_1398,1398,0,30,first_30_seconds_before_viewing_outcomes,candidate_not_test,pending,metadata_only_not_PTS_audited
jiufu_fdd90da34c7a97_first30,jiufu_fdd90da34c7a97,jiufu,E:\real\use_code\久福牧场面部热红外数据及牛脸RGB录像数据_344\0805\20240805T090842-611.MP4,20240805T090842_611,611,0,30,first_30_seconds_before_viewing_outcomes,candidate_not_test,pending,metadata_only_not_PTS_audited
jiufu_11acdc6d1c6ccc_first30,jiufu_11acdc6d1c6ccc,jiufu,E:\real\use_code\久福牧场面部热红外数据及牛脸RGB录像数据_344\0805\20240805T091106-987.MP4,20240805T091106_987,987,0,30,first_30_seconds_before_viewing_outcomes,candidate_not_test,pending,metadata_only_not_PTS_audited
jiufu_cc60214ff2d564_first30,jiufu_cc60214ff2d564,jiufu,E:\real\use_code\久福牧场面部热红外数据及牛脸RGB录像数据_344\0805\20240805T091342-1308.MP4,20240805T091342_1308,1308,0,30,first_30_seconds_before_viewing_outcomes,candidate_not_test,pending,metadata_only_not_PTS_audited
jiufu_f23fd2fe9eb848_first30,jiufu_f23fd2fe9eb848,jiufu,E:\real\use_code\久福牧场面部热红外数据及牛脸RGB录像数据_344\0805\20240805T091607-1618.MP4,20240805T091607_1618,1618,0,30,first_30_seconds_before_viewing_outcomes,candidate_not_test,pending,metadata_only_not_PTS_audited
jiufu_766cc912612d8c_first30,jiufu_766cc912612d8c,jiufu,E:\real\use_code\久福牧场面部热红外数据及牛脸RGB录像数据_344\0805\20240805T091746-1066.MP4,20240805T091746_1066,1066,0,30,first_30_seconds_before_viewing_outcomes,candidate_not_test,pending,metadata_only_not_PTS_audited
jiufu_19e995b0eca6a3_first30,jiufu_19e995b0eca6a3,jiufu,E:\real\use_code\久福牧场面部热红外数据及牛脸RGB录像数据_344\0805\20240805T092111-1048.MP4,20240805T092111_1048,1048,0,30,first_30_seconds_before_viewing_outcomes,candidate_not_test,pending,metadata_only_not_PTS_audited
jiufu_126bdac0bd036b_first30,jiufu_126bdac0bd036b,jiufu,E:\real\use_code\久福牧场面部热红外数据及牛脸RGB录像数据_344\0805\20240805T092258-1630.MP4,20240805T092258_1630,1630,0,30,first_30_seconds_before_viewing_outcomes,candidate_not_test,pending,metadata_only_not_PTS_audited
jiufu_c6e5a206ad0c30_first30,jiufu_c6e5a206ad0c30,jiufu,E:\real\use_code\久福牧场面部热红外数据及牛脸RGB录像数据_344\0805\20240805T092514-A1021178.MP4,20240805T092514_A1021178,A1021178,0,30,first_30_seconds_before_viewing_outcomes,candidate_not_test,pending,metadata_only_not_PTS_audited
jiufu_0f7af9c769fda5_first30,jiufu_0f7af9c769fda5,jiufu,E:\real\use_code\久福牧场面部热红外数据及牛脸RGB录像数据_344\0805\20240805T093404-508.MP4,20240805T093404_508,508,0,30,first_30_seconds_before_viewing_outcomes,candidate_not_test,pending,metadata_only_not_PTS_audited
jiufu_42402108cd09a9_first30,jiufu_42402108cd09a9,jiufu,E:\real\use_code\久福牧场面部热红外数据及牛脸RGB录像数据_344\0805\20240805T093703-A1021154.MP4,20240805T093703_A1021154,A1021154,0,30,first_30_seconds_before_viewing_outcomes,candidate_not_test,pending,metadata_only_not_PTS_audited
jiufu_a97a8ff157139f_first30,jiufu_a97a8ff157139f,jiufu,E:\real\use_code\久福牧场面部热红外数据及牛脸RGB录像数据_344\0805\20240805T093942-1631.MP4,20240805T093942_1631,1631,0,30,first_30_seconds_before_viewing_outcomes,candidate_not_test,pending,metadata_only_not_PTS_audited
jiufu_a45d837f891e44_first30,jiufu_a45d837f891e44,jiufu,E:\real\use_code\久福牧场面部热红外数据及牛脸RGB录像数据_344\0805\20240805T094241-605.MP4,20240805T094241_605,605,0,30,first_30_seconds_before_viewing_outcomes,candidate_not_test,pending,metadata_only_not_PTS_audited
jiufu_3a993354ebd1c7_first30,jiufu_3a993354ebd1c7,jiufu,E:\real\use_code\久福牧场面部热红外数据及牛脸RGB录像数据_344\0805\20240805T094536-1634.MP4,20240805T094536_1634,1634,0,30,first_30_seconds_before_viewing_outcomes,candidate_not_test,pending,metadata_only_not_PTS_audited
jiufu_2320c69c168a7a_first30,jiufu_2320c69c168a7a,jiufu,E:\real\use_code\久福牧场面部热红外数据及牛脸RGB录像数据_344\0805\20240805T094737-677.MP4,20240805T094737_677,677,0,30,first_30_seconds_before_viewing_outcomes,candidate_not_test,pending,metadata_only_not_PTS_audited
jiufu_13f838ff73e069_first30,jiufu_13f838ff73e069,jiufu,E:\real\use_code\久福牧场面部热红外数据及牛脸RGB录像数据_344\0805\20240805T094901-683.MP4,20240805T094901_683,683,0,30,first_30_seconds_before_viewing_outcomes,candidate_not_test,pending,metadata_only_not_PTS_audited
jiufu_34e5b460466c18_first30,jiufu_34e5b460466c18,jiufu,E:\real\use_code\久福牧场面部热红外数据及牛脸RGB录像数据_344\0806\20240806T092243-664.MP4,20240806T092243_664,664,0,30,first_30_seconds_before_viewing_outcomes,candidate_not_test,pending,metadata_only_not_PTS_audited
jiufu_7388b7efc8afb3_first30,jiufu_7388b7efc8afb3,jiufu,E:\real\use_code\久福牧场面部热红外数据及牛脸RGB录像数据_344\0806\20240806T092522-608.MP4,20240806T092522_608,608,0,30,first_30_seconds_before_viewing_outcomes,candidate_not_test,pending,metadata_only_not_PTS_audited
jiufu_cbc238aa9bbc71_first30,jiufu_cbc238aa9bbc71,jiufu,E:\real\use_code\久福牧场面部热红外数据及牛脸RGB录像数据_344\0806\20240806T092739-A1022249.MP4,20240806T092739_A1022249,A1022249,0,30,first_30_seconds_before_viewing_outcomes,candidate_not_test,pending,metadata_only_not_PTS_audited
jiufu_2fdd36fbe9a8ce_first30,jiufu_2fdd36fbe9a8ce,jiufu,E:\real\use_code\久福牧场面部热红外数据及牛脸RGB录像数据_344\0806\20240806T093117-A1022253.MP4,20240806T093117_A1022253,A1022253,0,30,first_30_seconds_before_viewing_outcomes,candidate_not_test,pending,metadata_only_not_PTS_audited
jiufu_ef58cd171d4783_first30,jiufu_ef58cd171d4783,jiufu,E:\real\use_code\久福牧场面部热红外数据及牛脸RGB录像数据_344\0806\20240806T093312-691.MP4,20240806T093312_691,691,0,30,first_30_seconds_before_viewing_outcomes,candidate_not_test,pending,metadata_only_not_PTS_audited
jiufu_96dfaf729ad3d4_first30,jiufu_96dfaf729ad3d4,jiufu,E:\real\use_code\久福牧场面部热红外数据及牛脸RGB录像数据_344\0806\20240806T093647-A1022251.MP4,20240806T093647_A1022251,A1022251,0,30,first_30_seconds_before_viewing_outcomes,candidate_not_test,pending,metadata_only_not_PTS_audited
jiufu_dfa58f3a711e47_first30,jiufu_dfa58f3a711e47,jiufu,E:\real\use_code\久福牧场面部热红外数据及牛脸RGB录像数据_344\0806\20240806T094722-638.MP4,20240806T094722_638,638,0,30,first_30_seconds_before_viewing_outcomes,candidate_not_test,pending,metadata_only_not_PTS_audited
jiufu_a1ceaa6025ff79_first30,jiufu_a1ceaa6025ff79,jiufu,E:\real\use_code\久福牧场面部热红外数据及牛脸RGB录像数据_344\0806\20240806T095344-1604.MP4,20240806T095344_1604,1604,0,30,first_30_seconds_before_viewing_outcomes,candidate_not_test,pending,metadata_only_not_PTS_audited
jiufu_376f61387ab710_first30,jiufu_376f61387ab710,jiufu,E:\real\use_code\久福牧场面部热红外数据及牛脸RGB录像数据_344\0806\20240806T095550-1631.MP4,20240806T095550_1631,1631,0,30,first_30_seconds_before_viewing_outcomes,candidate_not_test,pending,metadata_only_not_PTS_audited
jiufu_f6508f398bcf0f_first30,jiufu_f6508f398bcf0f,jiufu,E:\real\use_code\久福牧场面部热红外数据及牛脸RGB录像数据_344\0806\20240806T095740-373.MP4,20240806T095740_373,373,0,30,first_30_seconds_before_viewing_outcomes,candidate_not_test,pending,metadata_only_not_PTS_audited
jiufu_9a1c40cbb80bb1_first30,jiufu_9a1c40cbb80bb1,jiufu,E:\real\use_code\久福牧场面部热红外数据及牛脸RGB录像数据_344\0806\20240806T100037-588.MP4,20240806T100037_588,588,0,30,first_30_seconds_before_viewing_outcomes,candidate_not_test,pending,metadata_only_not_PTS_audited
jiufu_161f93bfffbe11_first30,jiufu_161f93bfffbe11,jiufu,E:\real\use_code\久福牧场面部热红外数据及牛脸RGB录像数据_344\0806\20240806T101019-1437.MP4,20240806T101019_1437,1437,0,30,first_30_seconds_before_viewing_outcomes,candidate_not_test,pending,metadata_only_not_PTS_audited
jiufu_014c9b6a274fed_first30,jiufu_014c9b6a274fed,jiufu,E:\real\use_code\久福牧场面部热红外数据及牛脸RGB录像数据_344\0806\20240806T101202-372.MP4,20240806T101202_372,372,0,30,first_30_seconds_before_viewing_outcomes,candidate_not_test,pending,metadata_only_not_PTS_audited
jiufu_028724ccc9868d_first30,jiufu_028724ccc9868d,jiufu,E:\real\use_code\久福牧场面部热红外数据及牛脸RGB录像数据_344\0807\20240807T091951-1010.MP4,20240807T091951_1010,1010,0,30,first_30_seconds_before_viewing_outcomes,candidate_not_test,pending,metadata_only_not_PTS_audited
jiufu_0c053f837a8b23_first30,jiufu_0c053f837a8b23,jiufu,E:\real\use_code\久福牧场面部热红外数据及牛脸RGB录像数据_344\0807\20240807T093200-1136.MP4,20240807T093200_1136,1136,0,30,first_30_seconds_before_viewing_outcomes,candidate_not_test,pending,metadata_only_not_PTS_audited
jiufu_8f6eabd7f2cb6e_first30,jiufu_8f6eabd7f2cb6e,jiufu,E:\real\use_code\久福牧场面部热红外数据及牛脸RGB录像数据_344\0807\20240807T095732-868.MP4,20240807T095732_868,868,0,30,first_30_seconds_before_viewing_outcomes,candidate_not_test,pending,metadata_only_not_PTS_audited
jiufu_21b4c4c26061d0_first30,jiufu_21b4c4c26061d0,jiufu,E:\real\use_code\久福牧场面部热红外数据及牛脸RGB录像数据_344\0807\20240807T100445-1646.MP4,20240807T100445_1646,1646,0,30,first_30_seconds_before_viewing_outcomes,candidate_not_test,pending,metadata_only_not_PTS_audited
jiufu_37333d1afc0ec2_first30,jiufu_37333d1afc0ec2,jiufu,E:\real\use_code\久福牧场面部热红外数据及牛脸RGB录像数据_344\0807\20240807T100844-1518.MP4,20240807T100844_1518,1518,0,30,first_30_seconds_before_viewing_outcomes,candidate_not_test,pending,metadata_only_not_PTS_audited
jiufu_1ededf79f4d325_first30,jiufu_1ededf79f4d325,jiufu,E:\real\use_code\久福牧场面部热红外数据及牛脸RGB录像数据_344\0808\20240808T085842-1129.MP4,20240808T085842_1129,1129,0,30,first_30_seconds_before_viewing_outcomes,candidate_not_test,pending,metadata_only_not_PTS_audited
jiufu_b273cec8024eb2_first30,jiufu_b273cec8024eb2,jiufu,E:\real\use_code\久福牧场面部热红外数据及牛脸RGB录像数据_344\0808\20240808T090641-878.MP4,20240808T090641_878,878,0,30,first_30_seconds_before_viewing_outcomes,candidate_not_test,pending,metadata_only_not_PTS_audited
jiufu_d1a9a7ab944633_first30,jiufu_d1a9a7ab944633,jiufu,E:\real\use_code\久福牧场面部热红外数据及牛脸RGB录像数据_344\0808\20240808T090921-961.MP4,20240808T090921_961,961,0,30,first_30_seconds_before_viewing_outcomes,candidate_not_test,pending,metadata_only_not_PTS_audited
jiufu_908496549f5b42_first30,jiufu_908496549f5b42,jiufu,E:\real\use_code\久福牧场面部热红外数据及牛脸RGB录像数据_344\0808\20240808T091118-A1022182.MP4,20240808T091118_A1022182,A1022182,0,30,first_30_seconds_before_viewing_outcomes,candidate_not_test,pending,metadata_only_not_PTS_audited
jiufu_d3820405b5afe2_first30,jiufu_d3820405b5afe2,jiufu,E:\real\use_code\久福牧场面部热红外数据及牛脸RGB录像数据_344\0808\20240808T091352-887.MP4,20240808T091352_887,887,0,30,first_30_seconds_before_viewing_outcomes,candidate_not_test,pending,metadata_only_not_PTS_audited
jiufu_04fd6f8dc56a73_first30,jiufu_04fd6f8dc56a73,jiufu,E:\real\use_code\久福牧场面部热红外数据及牛脸RGB录像数据_344\0808\20240808T091631-165.MP4,20240808T091631_165,165,0,30,first_30_seconds_before_viewing_outcomes,candidate_not_test,pending,metadata_only_not_PTS_audited
jiufu_440a29cebcae1c_first30,jiufu_440a29cebcae1c,jiufu,E:\real\use_code\久福牧场面部热红外数据及牛脸RGB录像数据_344\0808\20240808T092827-1487.MP4,20240808T092827_1487,1487,0,30,first_30_seconds_before_viewing_outcomes,candidate_not_test,pending,metadata_only_not_PTS_audited
jiufu_8538e6e6160d83_first30,jiufu_8538e6e6160d83,jiufu,E:\real\use_code\久福牧场面部热红外数据及牛脸RGB录像数据_344\0808\20240808T093122-810.MP4,20240808T093122_810,810,0,30,first_30_seconds_before_viewing_outcomes,candidate_not_test,pending,metadata_only_not_PTS_audited
jiufu_e2821e37ff899d_first30,jiufu_e2821e37ff899d,jiufu,E:\real\use_code\久福牧场面部热红外数据及牛脸RGB录像数据_344\0808\20240808T093557-281.MP4,20240808T093557_281,281,0,30,first_30_seconds_before_viewing_outcomes,candidate_not_test,pending,metadata_only_not_PTS_audited
jiufu_b80d393ca25ef8_first30,jiufu_b80d393ca25ef8,jiufu,E:\real\use_code\久福牧场面部热红外数据及牛脸RGB录像数据_344\0808\20240808T093904-1165.MP4,20240808T093904_1165,1165,0,30,first_30_seconds_before_viewing_outcomes,candidate_not_test,pending,metadata_only_not_PTS_audited
jiufu_adb9b6776eb349_first30,jiufu_adb9b6776eb349,jiufu,E:\real\use_code\久福牧场面部热红外数据及牛脸RGB录像数据_344\0808\20240808T094238-869.MP4,20240808T094238_869,869,0,30,first_30_seconds_before_viewing_outcomes,candidate_not_test,pending,metadata_only_not_PTS_audited
jiufu_8fea3748e16a76_first30,jiufu_8fea3748e16a76,jiufu,E:\real\use_code\久福牧场面部热红外数据及牛脸RGB录像数据_344\0809\20240809T085241-1048.MP4,20240809T085241_1048,1048,0,30,first_30_seconds_before_viewing_outcomes,candidate_not_test,pending,metadata_only_not_PTS_audited
jiufu_d837d576df8e43_first30,jiufu_d837d576df8e43,jiufu,E:\real\use_code\久福牧场面部热红外数据及牛脸RGB录像数据_344\0809\20240809T085513-1539.MP4,20240809T085513_1539,1539,0,30,first_30_seconds_before_viewing_outcomes,candidate_not_test,pending,metadata_only_not_PTS_audited
jiufu_281bc808f4d3ff_first30,jiufu_281bc808f4d3ff,jiufu,E:\real\use_code\久福牧场面部热红外数据及牛脸RGB录像数据_344\0809\20240809T085749-A1022182.MP4,20240809T085749_A1022182,A1022182,0,30,first_30_seconds_before_viewing_outcomes,candidate_not_test,pending,metadata_only_not_PTS_audited
jiufu_bb78a10aeab6d5_first30,jiufu_bb78a10aeab6d5,jiufu,E:\real\use_code\久福牧场面部热红外数据及牛脸RGB录像数据_344\0809\20240809T090150-1414.MP4,20240809T090150_1414,1414,0,30,first_30_seconds_before_viewing_outcomes,candidate_not_test,pending,metadata_only_not_PTS_audited
jiufu_4206de92a27bce_first30,jiufu_4206de92a27bce,jiufu,E:\real\use_code\久福牧场面部热红外数据及牛脸RGB录像数据_344\0809\20240809T090347-1539.MP4,20240809T090347_1539,1539,0,30,first_30_seconds_before_viewing_outcomes,candidate_not_test,pending,metadata_only_not_PTS_audited
jiufu_6a5dbf528731c7_first30,jiufu_6a5dbf528731c7,jiufu,E:\real\use_code\久福牧场面部热红外数据及牛脸RGB录像数据_344\0809\20240809T090911-649.MP4,20240809T090911_649,649,0,30,first_30_seconds_before_viewing_outcomes,candidate_not_test,pending,metadata_only_not_PTS_audited
jiufu_ed27d896cd2a66_first30,jiufu_ed27d896cd2a66,jiufu,E:\real\use_code\久福牧场面部热红外数据及牛脸RGB录像数据_344\0809\20240809T092018-608.MP4,20240809T092018_608,608,0,30,first_30_seconds_before_viewing_outcomes,candidate_not_test,pending,metadata_only_not_PTS_audited
jiufu_004d48d055c457_first30,jiufu_004d48d055c457,jiufu,E:\real\use_code\久福牧场面部热红外数据及牛脸RGB录像数据_344\0809\20240809T092534-710.MP4,20240809T092534_710,710,0,30,first_30_seconds_before_viewing_outcomes,candidate_not_test,pending,metadata_only_not_PTS_audited
jiufu_43743cb152c168_first30,jiufu_43743cb152c168,jiufu,E:\real\use_code\久福牧场面部热红外数据及牛脸RGB录像数据_344\0809\20240809T093503-1022249.MP4,20240809T093503_1022249,1022249,0,30,first_30_seconds_before_viewing_outcomes,candidate_not_test,pending,metadata_only_not_PTS_audited
jiufu_d7498380edb383_first30,jiufu_d7498380edb383,jiufu,E:\real\use_code\久福牧场面部热红外数据及牛脸RGB录像数据_344\0809\20240809T093825-719.MP4,20240809T093825_719,719,0,30,first_30_seconds_before_viewing_outcomes,candidate_not_test,pending,metadata_only_not_PTS_audited
jiufu_512d98136d6412_first30,jiufu_512d98136d6412,jiufu,E:\real\use_code\久福牧场面部热红外数据及牛脸RGB录像数据_344\0809\20240809T094601-A1022251.MP4,20240809T094601_A1022251,A1022251,0,30,first_30_seconds_before_viewing_outcomes,candidate_not_test,pending,metadata_only_not_PTS_audited
jiufu_7b10e1dbd08a03_first30,jiufu_7b10e1dbd08a03,jiufu,E:\real\use_code\久福牧场面部热红外数据及牛脸RGB录像数据_344\0809\20240809T094835-A1022259.MP4,20240809T094835_A1022259,A1022259,0,30,first_30_seconds_before_viewing_outcomes,candidate_not_test,pending,metadata_only_not_PTS_audited
jiufu_1b1d8d9b6faec7_first30,jiufu_1b1d8d9b6faec7,jiufu,E:\real\use_code\久福牧场面部热红外数据及牛脸RGB录像数据_344\0810\20240810T085516-1823.MP4,20240810T085516_1823,1823,0,30,first_30_seconds_before_viewing_outcomes,candidate_not_test,pending,metadata_only_not_PTS_audited
jiufu_1a11fc33fcb6cf_first30,jiufu_1a11fc33fcb6cf,jiufu,E:\real\use_code\久福牧场面部热红外数据及牛脸RGB录像数据_344\0810\20240810T085733-1646.MP4,20240810T085733_1646,1646,0,30,first_30_seconds_before_viewing_outcomes,candidate_not_test,pending,metadata_only_not_PTS_audited
jiufu_993a2261c33ae0_first30,jiufu_993a2261c33ae0,jiufu,E:\real\use_code\久福牧场面部热红外数据及牛脸RGB录像数据_344\0810\20240810T090006-1578.MP4,20240810T090006_1578,1578,0,30,first_30_seconds_before_viewing_outcomes,candidate_not_test,pending,metadata_only_not_PTS_audited
jiufu_15023a4d62f18e_first30,jiufu_15023a4d62f18e,jiufu,E:\real\use_code\久福牧场面部热红外数据及牛脸RGB录像数据_344\0810\20240810T091205-997.MP4,20240810T091205_997,997,0,30,first_30_seconds_before_viewing_outcomes,candidate_not_test,pending,metadata_only_not_PTS_audited
jiufu_bcea2687a6b788_first30,jiufu_bcea2687a6b788,jiufu,E:\real\use_code\久福牧场面部热红外数据及牛脸RGB录像数据_344\0810\20240810T091529-1836.MP4,20240810T091529_1836,1836,0,30,first_30_seconds_before_viewing_outcomes,candidate_not_test,pending,metadata_only_not_PTS_audited
jiufu_4a3dc560468965_first30,jiufu_4a3dc560468965,jiufu,E:\real\use_code\久福牧场面部热红外数据及牛脸RGB录像数据_344\0810\20240810T092347-846.MP4,20240810T092347_846,846,0,30,first_30_seconds_before_viewing_outcomes,candidate_not_test,pending,metadata_only_not_PTS_audited
jiufu_82901a53b6079a_first30,jiufu_82901a53b6079a,jiufu,E:\real\use_code\久福牧场面部热红外数据及牛脸RGB录像数据_344\0810\20240810T092944-1879.MP4,20240810T092944_1879,1879,0,30,first_30_seconds_before_viewing_outcomes,candidate_not_test,pending,metadata_only_not_PTS_audited
jiufu_3f4036e1d8bfe3_first30,jiufu_3f4036e1d8bfe3,jiufu,E:\real\use_code\久福牧场面部热红外数据及牛脸RGB录像数据_344\0811\20240811T090749-639.MP4,20240811T090749_639,639,0,30,first_30_seconds_before_viewing_outcomes,candidate_not_test,pending,metadata_only_not_PTS_audited
jiufu_aed28276135071_first30,jiufu_aed28276135071,jiufu,E:\real\use_code\久福牧场面部热红外数据及牛脸RGB录像数据_344\0811\20240811T091914-1180.MP4,20240811T091914_1180,1180,0,30,first_30_seconds_before_viewing_outcomes,candidate_not_test,pending,metadata_only_not_PTS_audited
jiufu_af70c3cc180ae2_first30,jiufu_af70c3cc180ae2,jiufu,E:\real\use_code\久福牧场面部热红外数据及牛脸RGB录像数据_344\0811\20240811T093121-810.MP4,20240811T093121_810,810,0,30,first_30_seconds_before_viewing_outcomes,candidate_not_test,pending,metadata_only_not_PTS_audited
jiufu_fe965ff4644d07_first30,jiufu_fe965ff4644d07,jiufu,E:\real\use_code\久福牧场面部热红外数据及牛脸RGB录像数据_344\0811\20240811T093648-372.MP4,20240811T093648_372,372,0,30,first_30_seconds_before_viewing_outcomes,candidate_not_test,pending,metadata_only_not_PTS_audited
jiufu_f6bca344b2c8ce_first30,jiufu_f6bca344b2c8ce,jiufu,E:\real\use_code\久福牧场面部热红外数据及牛脸RGB录像数据_344\0811\20240811T094327-810.MP4,20240811T094327_810,810,0,30,first_30_seconds_before_viewing_outcomes,candidate_not_test,pending,metadata_only_not_PTS_audited
jiufu_ce6ff507b22ee9_first30,jiufu_ce6ff507b22ee9,jiufu,E:\real\use_code\久福牧场面部热红外数据及牛脸RGB录像数据_344\0811\20240811T094536-A1021156.MP4,20240811T094536_A1021156,A1021156,0,30,first_30_seconds_before_viewing_outcomes,candidate_not_test,pending,metadata_only_not_PTS_audited
jiufu_075ed4d93c9959_first30,jiufu_075ed4d93c9959,jiufu,E:\real\use_code\久福牧场面部热红外数据及牛脸RGB录像数据_344\0811\20240811T094912-1371.MP4,20240811T094912_1371,1371,0,30,first_30_seconds_before_viewing_outcomes,candidate_not_test,pending,metadata_only_not_PTS_audited
jiufu_234cbf6b627421_first30,jiufu_234cbf6b627421,jiufu,E:\real\use_code\久福牧场面部热红外数据及牛脸RGB录像数据_344\0811\20240811T095232-270.MP4,20240811T095232_270,270,0,30,first_30_seconds_before_viewing_outcomes,candidate_not_test,pending,metadata_only_not_PTS_audited
jiufu_1dc98a0ed074ec_first30,jiufu_1dc98a0ed074ec,jiufu,E:\real\use_code\久福牧场面部热红外数据及牛脸RGB录像数据_344\0811\20240811T095726-1414.MP4,20240811T095726_1414,1414,0,30,first_30_seconds_before_viewing_outcomes,candidate_not_test,pending,metadata_only_not_PTS_audited
jiufu_0f85cab7ac58ae_first30,jiufu_0f85cab7ac58ae,jiufu,E:\real\use_code\久福牧场面部热红外数据及牛脸RGB录像数据_344\0811\20240811T100212-165.MP4,20240811T100212_165,165,0,30,first_30_seconds_before_viewing_outcomes,candidate_not_test,pending,metadata_only_not_PTS_audited
jiufu_55441b4c6fe974_first30,jiufu_55441b4c6fe974,jiufu,E:\real\use_code\久福牧场面部热红外数据及牛脸RGB录像数据_344\0811\20240811T100355-1129.MP4,20240811T100355_1129,1129,0,30,first_30_seconds_before_viewing_outcomes,candidate_not_test,pending,metadata_only_not_PTS_audited
jiufu_d074036ef96d31_first30,jiufu_d074036ef96d31,jiufu,E:\real\use_code\久福牧场面部热红外数据及牛脸RGB录像数据_344\0811\20240811T101031-281.MP4,20240811T101031_281,281,0,30,first_30_seconds_before_viewing_outcomes,candidate_not_test,pending,metadata_only_not_PTS_audited
jiufu_cdaa16888fda03_first30,jiufu_cdaa16888fda03,jiufu,E:\real\use_code\久福牧场面部热红外数据及牛脸RGB录像数据_344\0811\20240811T101227-A1022182.MP4,20240811T101227_A1022182,A1022182,0,30,first_30_seconds_before_viewing_outcomes,candidate_not_test,pending,metadata_only_not_PTS_audited
jiufu_b7ed63dc0d8295_first30,jiufu_b7ed63dc0d8295,jiufu,E:\real\use_code\久福牧场面部热红外数据及牛脸RGB录像数据_344\0813\20240813T093620-1358.MP4,20240813T093620_1358,1358,0,30,first_30_seconds_before_viewing_outcomes,candidate_not_test,pending,metadata_only_not_PTS_audited
jiufu_7f3b12c4283ff8_first30,jiufu_7f3b12c4283ff8,jiufu,E:\real\use_code\久福牧场面部热红外数据及牛脸RGB录像数据_344\0813\20240813T094421-281.MP4,20240813T094421_281,281,0,30,first_30_seconds_before_viewing_outcomes,candidate_not_test,pending,metadata_only_not_PTS_audited
jiufu_36d04432159cdf_first30,jiufu_36d04432159cdf,jiufu,E:\real\use_code\久福牧场面部热红外数据及牛脸RGB录像数据_344\0813\20240813T094742-1429.MP4,20240813T094742_1429,1429,0,30,first_30_seconds_before_viewing_outcomes,candidate_not_test,pending,metadata_only_not_PTS_audited
jiufu_e47f27f9b4fe1b_first30,jiufu_e47f27f9b4fe1b,jiufu,E:\real\use_code\久福牧场面部热红外数据及牛脸RGB录像数据_344\0813\20240813T095102-A1021134.MP4,20240813T095102_A1021134,A1021134,0,30,first_30_seconds_before_viewing_outcomes,candidate_not_test,pending,metadata_only_not_PTS_audited
jiufu_9ddfe0afe06424_first30,jiufu_9ddfe0afe06424,jiufu,E:\real\use_code\久福牧场面部热红外数据及牛脸RGB录像数据_344\0813\20240813T095941-1589.MP4,20240813T095941_1589,1589,0,30,first_30_seconds_before_viewing_outcomes,candidate_not_test,pending,metadata_only_not_PTS_audited
jiufu_7beb44b12a5f36_first30,jiufu_7beb44b12a5f36,jiufu,E:\real\use_code\久福牧场面部热红外数据及牛脸RGB录像数据_344\0813\20240813T100207-713.MP4,20240813T100207_713,713,0,30,first_30_seconds_before_viewing_outcomes,candidate_not_test,pending,metadata_only_not_PTS_audited
lindian_863ba366841332_first30,lindian_863ba366841332,lindian,E:\real\use_code\林甸红外视频\0806\B0806新产牛\20230806T083623n200886.MP4,20230806T083623_200886,200886,0,30,first_30_seconds_before_viewing_outcomes,candidate_not_test,pending,metadata_only_not_PTS_audited
lindian_f4c3f7cfd1f82d_first30,lindian_f4c3f7cfd1f82d,lindian,E:\real\use_code\林甸红外视频\0806\B3号舍病牛体温检测0806上午\无法分辨\20230806T092250n0889.MP4,20230806T092250_0889,0889,0,30,first_30_seconds_before_viewing_outcomes,candidate_not_test,pending,metadata_only_not_PTS_audited
lindian_52246f3b889735_first30,lindian_52246f3b889735,lindian,E:\real\use_code\林甸红外视频\0806\B3号舍病牛体温检测0806上午\无法分辨\20230806T094132n210965.MP4,20230806T094132_210965,210965,0,30,first_30_seconds_before_viewing_outcomes,candidate_not_test,pending,metadata_only_not_PTS_audited
lindian_bcb88c685c04a2_first30,lindian_bcb88c685c04a2,lindian,E:\real\use_code\林甸红外视频\0807\上午\B三舍新产牛\20230807T064447n5364\20230807T070835n5364.MP4,20230807T070835_5364,5364,0,30,first_30_seconds_before_viewing_outcomes,candidate_not_test,pending,metadata_only_not_PTS_audited
lindian_98bee6712945e8_first30,lindian_98bee6712945e8,lindian,E:\real\use_code\林甸红外视频\0807\上午\B三舍新产牛\20230807T072332n211030\20230807T072332n211030.MP4,20230807T072332_211030,211030,0,30,first_30_seconds_before_viewing_outcomes,candidate_not_test,pending,metadata_only_not_PTS_audited
lindian_2fe39ab7839d9e_first30,lindian_2fe39ab7839d9e,lindian,E:\real\use_code\林甸红外视频\0807\上午\B三舍新产牛\20230807T072823n211003\20230807T072823n211003.MP4,20230807T072823_211003,211003,0,30,first_30_seconds_before_viewing_outcomes,candidate_not_test,pending,metadata_only_not_PTS_audited
lindian_8ec34e91d5675f_first30,lindian_8ec34e91d5675f,lindian,E:\real\use_code\林甸红外视频\0807\上午\B三舍新产牛\ff\20230807T071423n210947.MP4,20230807T071423_210947,210947,0,30,first_30_seconds_before_viewing_outcomes,candidate_not_test,pending,metadata_only_not_PTS_audited
lindian_e9f7c1da011596_first30,lindian_e9f7c1da011596,lindian,E:\real\use_code\林甸红外视频\0807\上午\B三舍新产牛\ff\20230807T071620n211013.MP4,20230807T071620_211013,211013,0,30,first_30_seconds_before_viewing_outcomes,candidate_not_test,pending,metadata_only_not_PTS_audited
lindian_59b32d80a20100_first30,lindian_59b32d80a20100,lindian,E:\real\use_code\林甸红外视频\0807\上午\B三舍新产牛\ff\20230807T073951n170082.MP4,20230807T073951_170082,170082,0,30,first_30_seconds_before_viewing_outcomes,candidate_not_test,pending,metadata_only_not_PTS_audited
lindian_01601a83f49f68_first30,lindian_01601a83f49f68,lindian,E:\real\use_code\林甸红外视频\0807\上午\B三舍新产牛\ff\20230807T074242n200891.MP4,20230807T074242_200891,200891,0,30,first_30_seconds_before_viewing_outcomes,candidate_not_test,pending,metadata_only_not_PTS_audited
lindian_caa802512d2fe4_first30,lindian_caa802512d2fe4,lindian,E:\real\use_code\林甸红外视频\0807\上午\B三舍病牛区\1\20230807T065625n170296fei.MP4,20230807T065625_170296,170296,0,30,first_30_seconds_before_viewing_outcomes,candidate_not_test,pending,metadata_only_not_PTS_audited
lindian_a3666e54b52b65_first30,lindian_a3666e54b52b65,lindian,E:\real\use_code\林甸红外视频\0807\上午\B三舍病牛区\1\20230807T065840n170296.MP4,20230807T065840_170296,170296,0,30,first_30_seconds_before_viewing_outcomes,candidate_not_test,pending,metadata_only_not_PTS_audited
lindian_cedd05f55f0275_first30,lindian_cedd05f55f0275,lindian,E:\real\use_code\林甸红外视频\0807\上午\B三舍病牛区\1\20230807T070239n4541.MP4,20230807T070239_4541,4541,0,30,first_30_seconds_before_viewing_outcomes,candidate_not_test,pending,metadata_only_not_PTS_audited
lindian_e5bb8062a1ab44_first30,lindian_e5bb8062a1ab44,lindian,E:\real\use_code\林甸红外视频\0807\上午\B三舍病牛区\1\20230807T085014n2106.MP4,20230807T085014_2106,2106,0,30,first_30_seconds_before_viewing_outcomes,candidate_not_test,pending,metadata_only_not_PTS_audited
lindian_c1497c029ac502_first30,lindian_c1497c029ac502,lindian,E:\real\use_code\林甸红外视频\0807\上午\B三舍病牛区\1\20230807T085441n210965.MP4,20230807T085441_210965,210965,0,30,first_30_seconds_before_viewing_outcomes,candidate_not_test,pending,metadata_only_not_PTS_audited
lindian_b0263cc8094496_first30,lindian_b0263cc8094496,lindian,E:\real\use_code\林甸红外视频\0807\上午\B三舍病牛区\20230807T074923n4717\20230807T074923n4717.MP4,20230807T074923_4717,4717,0,30,first_30_seconds_before_viewing_outcomes,candidate_not_test,pending,metadata_only_not_PTS_audited
lindian_4efd228db9f7cb_first30,lindian_4efd228db9f7cb,lindian,E:\real\use_code\林甸红外视频\0807\上午\B三舍病牛区\20230807T075433n0514\20230807T075433n0514.MP4,20230807T075433_0514,0514,0,30,first_30_seconds_before_viewing_outcomes,candidate_not_test,pending,metadata_only_not_PTS_audited
lindian_2b4db0a9739da8_first30,lindian_2b4db0a9739da8,lindian,E:\real\use_code\林甸红外视频\0807\上午\B二舍正常0938\20230807T093702n196376.MP4,20230807T093702_196376,196376,0,30,first_30_seconds_before_viewing_outcomes,candidate_not_test,pending,metadata_only_not_PTS_audited
lindian_e31bd0944d8728_first30,lindian_e31bd0944d8728,lindian,E:\real\use_code\林甸红外视频\0807\上午\B二舍正常0938\20230807T094634n170065\20230807T095005n170065.MP4,20230807T095005_170065,170065,0,30,first_30_seconds_before_viewing_outcomes,candidate_not_test,pending,metadata_only_not_PTS_audited
lindian_121cd8b0a5091f_first30,lindian_121cd8b0a5091f,lindian,E:\real\use_code\林甸红外视频\0808\上午\B三舍病牛区\20230808T082508n205256\20230808T082508n205256.MP4,20230808T082508_205256,205256,0,30,first_30_seconds_before_viewing_outcomes,candidate_not_test,pending,metadata_only_not_PTS_audited
lindian_dba5f1d4dd0e90_first30,lindian_dba5f1d4dd0e90,lindian,E:\real\use_code\林甸红外视频\0808\上午\B三舍病牛区\20230808T083028n310\20230808T083028n310.MP4,20230808T083028_310,310,0,30,first_30_seconds_before_viewing_outcomes,candidate_not_test,pending,metadata_only_not_PTS_audited
lindian_627c4e941f0dea_first30,lindian_627c4e941f0dea,lindian,E:\real\use_code\林甸红外视频\0808\上午\B三舍病牛区\20230808T083520n4717\20230808T083520n4717.MP4,20230808T083520_4717,4717,0,30,first_30_seconds_before_viewing_outcomes,candidate_not_test,pending,metadata_only_not_PTS_audited
lindian_4d254351a82aca_first30,lindian_4d254351a82aca,lindian,E:\real\use_code\林甸红外视频\0808\上午\B三舍病牛区\20230808T083831n0748\20230808T083831n0748.MP4,20230808T083831_0748,0748,0,30,first_30_seconds_before_viewing_outcomes,candidate_not_test,pending,metadata_only_not_PTS_audited
lindian_caa6fe396b573b_first30,lindian_caa6fe396b573b,lindian,E:\real\use_code\林甸红外视频\0808\上午\B三舍病牛区\20230808T084340n189556\20230808T084340n189556.MP4,20230808T084340_189556,189556,0,30,first_30_seconds_before_viewing_outcomes,candidate_not_test,pending,metadata_only_not_PTS_audited
lindian_7928f88123b129_first30,lindian_7928f88123b129,lindian,E:\real\use_code\林甸红外视频\0808\上午\B三舍病牛区\20230808T085434n16110514\20230808T085434n16110514.MP4,20230808T085434_16110514,16110514,0,30,first_30_seconds_before_viewing_outcomes,candidate_not_test,pending,metadata_only_not_PTS_audited
lindian_8a3122db6597c9_first30,lindian_8a3122db6597c9,lindian,E:\real\use_code\林甸红外视频\0808\上午\B三舍病牛区\20230808T090855n211036\20230808T090855n211036.MP4,20230808T090855_211036,211036,0,30,first_30_seconds_before_viewing_outcomes,candidate_not_test,pending,metadata_only_not_PTS_audited
lindian_e9dfe61d32d7cc_first30,lindian_e9dfe61d32d7cc,lindian,E:\real\use_code\林甸红外视频\0808\上午\B三舍病牛区\20230808T091338n200794\20230808T091338n200794.MP4,20230808T091338_200794,200794,0,30,first_30_seconds_before_viewing_outcomes,candidate_not_test,pending,metadata_only_not_PTS_audited
lindian_4b58cc3eb30de7_first30,lindian_4b58cc3eb30de7,lindian,E:\real\use_code\林甸红外视频\0808\上午\B三舍病牛区\20230808T091729n4541\20230808T091729n4541.MP4,20230808T091729_4541,4541,0,30,first_30_seconds_before_viewing_outcomes,candidate_not_test,pending,metadata_only_not_PTS_audited
lindian_6a34ea377857f4_first30,lindian_6a34ea377857f4,lindian,E:\real\use_code\林甸红外视频\0808\上午\B三舍病牛区\20230808T092117n190514\20230808T092117n190514.MP4,20230808T092117_190514,190514,0,30,first_30_seconds_before_viewing_outcomes,candidate_not_test,pending,metadata_only_not_PTS_audited
lindian_56863fe2b92cc2_first30,lindian_56863fe2b92cc2,lindian,E:\real\use_code\林甸红外视频\0808\上午\B三舍病牛区\20230808T092430n211046\20230808T092430n211046.MP4,20230808T092430_211046,211046,0,30,first_30_seconds_before_viewing_outcomes,candidate_not_test,pending,metadata_only_not_PTS_audited
lindian_afe04c7ee58389_first30,lindian_afe04c7ee58389,lindian,E:\real\use_code\林甸红外视频\0808\上午\B三舍病牛区\20230808T092747n211063\20230808T092747n211063.MP4,20230808T092747_211063,211063,0,30,first_30_seconds_before_viewing_outcomes,candidate_not_test,pending,metadata_only_not_PTS_audited
lindian_45ada781f1c9f1_first30,lindian_45ada781f1c9f1,lindian,E:\real\use_code\林甸红外视频\0808\上午\B三舍病牛区\20230808T093014n211075\20230808T093014n211075.MP4,20230808T093014_211075,211075,0,30,first_30_seconds_before_viewing_outcomes,candidate_not_test,pending,metadata_only_not_PTS_audited
lindian_8879d9183c80b9_first30,lindian_8879d9183c80b9,lindian,E:\real\use_code\林甸红外视频\0808\上午\B三舍病牛区\ff\20230808T065215n177301.MP4,20230808T065215_177301,177301,0,30,first_30_seconds_before_viewing_outcomes,candidate_not_test,pending,metadata_only_not_PTS_audited
lindian_9dcc4591a7cf19_first30,lindian_9dcc4591a7cf19,lindian,E:\real\use_code\林甸红外视频\0808\上午\B三舍病牛区\ff\20230808T084922n210984.MP4,20230808T084922_210984,210984,0,30,first_30_seconds_before_viewing_outcomes,candidate_not_test,pending,metadata_only_not_PTS_audited
lindian_dbce7da8a85648_first30,lindian_dbce7da8a85648,lindian,E:\real\use_code\林甸红外视频\0808\上午\B三舍病牛区\ff\20230808T085813n190450.MP4,20230808T085813_190450,190450,0,30,first_30_seconds_before_viewing_outcomes,candidate_not_test,pending,metadata_only_not_PTS_audited
lindian_31d27b8e48fb41_first30,lindian_31d27b8e48fb41,lindian,E:\real\use_code\林甸红外视频\0808\上午\三舍新产区\B视频\20230808T070324n5364\20230808T070324n5364.MP4,20230808T070324_5364,5364,0,30,first_30_seconds_before_viewing_outcomes,candidate_not_test,pending,metadata_only_not_PTS_audited
lindian_e8f75bf2169c6e_first30,lindian_e8f75bf2169c6e,lindian,E:\real\use_code\林甸红外视频\0808\上午\三舍新产区\B视频\20230808T071449n211035\20230808T071449n211035.MP4,20230808T071449_211035,211035,0,30,first_30_seconds_before_viewing_outcomes,candidate_not_test,pending,metadata_only_not_PTS_audited
lindian_16f9c3529f6fef_first30,lindian_16f9c3529f6fef,lindian,E:\real\use_code\林甸红外视频\0808\上午\三舍新产区\B视频\20230808T071920n211117\20230808T071920n211117.MP4,20230808T071920_211117,211117,0,30,first_30_seconds_before_viewing_outcomes,candidate_not_test,pending,metadata_only_not_PTS_audited
lindian_74b18716566490_first30,lindian_74b18716566490,lindian,E:\real\use_code\林甸红外视频\0808\上午\三舍新产区\B视频\20230808T072418n211003\20230808T072418n211003.MP4,20230808T072418_211003,211003,0,30,first_30_seconds_before_viewing_outcomes,candidate_not_test,pending,metadata_only_not_PTS_audited
lindian_2780c59b4f297a_first30,lindian_2780c59b4f297a,lindian,E:\real\use_code\林甸红外视频\0808\上午\三舍新产区\B视频\20230808T072947n211095\20230808T072947n211095.MP4,20230808T072947_211095,211095,0,30,first_30_seconds_before_viewing_outcomes,candidate_not_test,pending,metadata_only_not_PTS_audited
lindian_ac9d8608c3b61c_first30,lindian_ac9d8608c3b61c,lindian,E:\real\use_code\林甸红外视频\0808\上午\三舍新产区\B视频\20230808T073604n211154\20230808T073604n211154.MP4,20230808T073604_211154,211154,0,30,first_30_seconds_before_viewing_outcomes,candidate_not_test,pending,metadata_only_not_PTS_audited
lindian_5db149c820af1e_first30,lindian_5db149c820af1e,lindian,E:\real\use_code\林甸红外视频\0808\上午\三舍新产区\B视频\20230808T074049n196527\20230808T074049n196527.MP4,20230808T074049_196527,196527,0,30,first_30_seconds_before_viewing_outcomes,candidate_not_test,pending,metadata_only_not_PTS_audited
lindian_f55aa4f6355480_first30,lindian_f55aa4f6355480,lindian,E:\real\use_code\林甸红外视频\0808\上午\三舍新产区\B视频\20230808T074611n190587\20230808T074611n190587.MP4,20230808T074611_190587,190587,0,30,first_30_seconds_before_viewing_outcomes,candidate_not_test,pending,metadata_only_not_PTS_audited
lindian_6781ff127cd44f_first30,lindian_6781ff127cd44f,lindian,E:\real\use_code\林甸红外视频\0808\上午\三舍新产区\B视频\20230808T075405n153017\20230808T075405n153017.MP4,20230808T075405_153017,153017,0,30,first_30_seconds_before_viewing_outcomes,candidate_not_test,pending,metadata_only_not_PTS_audited
lindian_4d69db5400a116_first30,lindian_4d69db5400a116,lindian,E:\real\use_code\林甸红外视频\0808\上午\三舍新产区\B视频\20230808T075840n211013\20230808T075840n211013.MP4,20230808T075840_211013,211013,0,30,first_30_seconds_before_viewing_outcomes,candidate_not_test,pending,metadata_only_not_PTS_audited
lindian_8ee9dbf991e399_first30,lindian_8ee9dbf991e399,lindian,E:\real\use_code\林甸红外视频\0808\上午\三舍新产区\B视频\20230808T080345n16110432\20230808T080345n16110432.MP4,20230808T080345_16110432,16110432,0,30,first_30_seconds_before_viewing_outcomes,candidate_not_test,pending,metadata_only_not_PTS_audited
lindian_a9ccc6df444833_first30,lindian_a9ccc6df444833,lindian,E:\real\use_code\林甸红外视频\0808\上午\三舍新产区\B视频\20230808T080930n200792\20230808T080930n200792.MP4,20230808T080930_200792,200792,0,30,first_30_seconds_before_viewing_outcomes,candidate_not_test,pending,metadata_only_not_PTS_audited
lindian_f07ea40895cebc_first30,lindian_f07ea40895cebc,lindian,E:\real\use_code\林甸红外视频\0808\上午\三舍新产区\B视频\ff\20230808T071028n196653.MP4,20230808T071028_196653,196653,0,30,first_30_seconds_before_viewing_outcomes,candidate_not_test,pending,metadata_only_not_PTS_audited
lindian_4064b262e51c5a_first30,lindian_4064b262e51c5a,lindian,E:\real\use_code\林甸红外视频\0808\上午\三舍新产区\B视频\ff\20230808T075048n211030.MP4,20230808T075048_211030,211030,0,30,first_30_seconds_before_viewing_outcomes,candidate_not_test,pending,metadata_only_not_PTS_audited
lindian_5ffc9a042e72d5_first30,lindian_5ffc9a042e72d5,lindian,E:\real\use_code\林甸红外视频\0808\下午\B一号舍高产泌乳下午0410采\20230808T160944n200636\20230808T160944n200636.MP4,20230808T160944_200636,200636,0,30,first_30_seconds_before_viewing_outcomes,candidate_not_test,pending,metadata_only_not_PTS_audited
lindian_94ae555a11125d_first30,lindian_94ae555a11125d,lindian,E:\real\use_code\林甸红外视频\0808\下午\B一号舍高产泌乳下午0410采\20230808T161329n16110075\20230808T161329n16110075.MP4,20230808T161329_16110075,16110075,0,30,first_30_seconds_before_viewing_outcomes,candidate_not_test,pending,metadata_only_not_PTS_audited
lindian_263a69f32ff0f4_first30,lindian_263a69f32ff0f4,lindian,E:\real\use_code\林甸红外视频\0808\下午\B一号舍高产泌乳下午0410采\20230808T161706n211078\20230808T161706n211078.MP4,20230808T161706_211078,211078,0,30,first_30_seconds_before_viewing_outcomes,candidate_not_test,pending,metadata_only_not_PTS_audited
lindian_f0286d15e562c2_first30,lindian_f0286d15e562c2,lindian,E:\real\use_code\林甸红外视频\0808\下午\B一号舍高产泌乳下午0410采\20230808T162431n190588\20230808T162431n190588.MP4,20230808T162431_190588,190588,0,30,first_30_seconds_before_viewing_outcomes,candidate_not_test,pending,metadata_only_not_PTS_audited
lindian_3d8e351b17c1cf_first30,lindian_3d8e351b17c1cf,lindian,E:\real\use_code\林甸红外视频\0808\下午\B一号舍高产泌乳下午0410采\20230808T163059n170203\20230808T163059n170203.MP4,20230808T163059_170203,170203,0,30,first_30_seconds_before_viewing_outcomes,candidate_not_test,pending,metadata_only_not_PTS_audited
lindian_9bf713b347bcdb_first30,lindian_9bf713b347bcdb,lindian,E:\real\use_code\林甸红外视频\0808\下午\B一号舍高产泌乳下午0410采\20230808T163804n170272\20230808T163804n170272.MP4,20230808T163804_170272,170272,0,30,first_30_seconds_before_viewing_outcomes,candidate_not_test,pending,metadata_only_not_PTS_audited
lindian_89390588b7fc04_first30,lindian_89390588b7fc04,lindian,E:\real\use_code\林甸红外视频\0808\下午\B一号舍高产泌乳下午0410采\20230808T164507n211023\20230808T164507n211023.MP4,20230808T164507_211023,211023,0,30,first_30_seconds_before_viewing_outcomes,candidate_not_test,pending,metadata_only_not_PTS_audited
lindian_3b9f7ee82af25c_first30,lindian_3b9f7ee82af25c,lindian,E:\real\use_code\林甸红外视频\0808\下午\B一号舍高产泌乳下午0410采\20230808T165332n211053\20230808T165332n211053.MP4,20230808T165332_211053,211053,0,30,first_30_seconds_before_viewing_outcomes,candidate_not_test,pending,metadata_only_not_PTS_audited
lindian_a0b0b6e0fcac13_first30,lindian_a0b0b6e0fcac13,lindian,E:\real\use_code\林甸红外视频\0808\下午\B一号舍高产泌乳下午0410采\20230808T165635n200937\20230808T165635n200937.MP4,20230808T165635_200937,200937,0,30,first_30_seconds_before_viewing_outcomes,candidate_not_test,pending,metadata_only_not_PTS_audited
lindian_7b47a707f3326d_first30,lindian_7b47a707f3326d,lindian,E:\real\use_code\林甸红外视频\0808\下午\B一号舍高产泌乳下午0410采\20230808T170018n164157\20230808T170018n164157.MP4,20230808T170018_164157,164157,0,30,first_30_seconds_before_viewing_outcomes,candidate_not_test,pending,metadata_only_not_PTS_audited
lindian_3bfcfed2493179_first30,lindian_3bfcfed2493179,lindian,E:\real\use_code\林甸红外视频\0808\下午\B一号舍高产泌乳下午0410采\20230808T170359n197250\20230808T170359n197250.MP4,20230808T170359_197250,197250,0,30,first_30_seconds_before_viewing_outcomes,candidate_not_test,pending,metadata_only_not_PTS_audited
lindian_5141c33540d73b_first30,lindian_5141c33540d73b,lindian,E:\real\use_code\林甸红外视频\0808\下午\B一号舍高产泌乳下午0410采\20230808T170745n170333\20230808T170745n170333.MP4,20230808T170745_170333,170333,0,30,first_30_seconds_before_viewing_outcomes,candidate_not_test,pending,metadata_only_not_PTS_audited
lindian_082cf041a78af6_first30,lindian_082cf041a78af6,lindian,E:\real\use_code\林甸红外视频\0808\下午\B一号舍高产泌乳下午0410采\20230808T171039n164189\20230808T171039n164189.MP4,20230808T171039_164189,164189,0,30,first_30_seconds_before_viewing_outcomes,candidate_not_test,pending,metadata_only_not_PTS_audited
lindian_22ddbdbeadded5_first30,lindian_22ddbdbeadded5,lindian,E:\real\use_code\林甸红外视频\0808\下午\B一号舍高产泌乳下午0410采\ff\20230808T162027n211070.MP4,20230808T162027_211070,211070,0,30,first_30_seconds_before_viewing_outcomes,candidate_not_test,pending,metadata_only_not_PTS_audited
lindian_c91e314615f4c2_first30,lindian_c91e314615f4c2,lindian,E:\real\use_code\林甸红外视频\0808\下午\B一号舍高产泌乳下午0410采\ff\20230808T162719n343.MP4,20230808T162719_343,343,0,30,first_30_seconds_before_viewing_outcomes,candidate_not_test,pending,metadata_only_not_PTS_audited
lindian_309435e414a845_first30,lindian_309435e414a845,lindian,E:\real\use_code\林甸红外视频\0808\下午\B一号舍高产泌乳下午0410采\ff\20230808T163447n200646.MP4,20230808T163447_200646,200646,0,30,first_30_seconds_before_viewing_outcomes,candidate_not_test,pending,metadata_only_not_PTS_audited
lindian_cfed3f2e2d2b24_first30,lindian_cfed3f2e2d2b24,lindian,E:\real\use_code\林甸红外视频\0808\下午\B一号舍高产泌乳下午0410采\ff\20230808T164124n436.MP4,20230808T164124_436,436,0,30,first_30_seconds_before_viewing_outcomes,candidate_not_test,pending,metadata_only_not_PTS_audited
lindian_c5f11dce4f09f2_first30,lindian_c5f11dce4f09f2,lindian,E:\real\use_code\林甸红外视频\0808\下午\B一号舍高产泌乳下午0410采\ff\20230808T164842n200742.MP4,20230808T164842_200742,200742,0,30,first_30_seconds_before_viewing_outcomes,candidate_not_test,pending,metadata_only_not_PTS_audited
lindian_9479567736e632_first30,lindian_9479567736e632,lindian,E:\real\use_code\林甸红外视频\0808\下午\B一号舍高产泌乳下午0410采\ff\20230808T171405n170334.MP4,20230808T171405_170334,170334,0,30,first_30_seconds_before_viewing_outcomes,candidate_not_test,pending,metadata_only_not_PTS_audited
lindian_3a117798e713a8_first30,lindian_3a117798e713a8,lindian,E:\real\use_code\林甸红外视频\0808\下午\B一号舍高产泌乳下午0410采\ff\20230808T171651n210989.MP4,20230808T171651_210989,210989,0,30,first_30_seconds_before_viewing_outcomes,candidate_not_test,pending,metadata_only_not_PTS_audited
lindian_52a4d7d7418597_first30,lindian_52a4d7d7418597,lindian,E:\real\use_code\林甸红外视频\0808\下午\B一号舍高产泌乳下午0410采\ff\20230808T171902n200851.MP4,20230808T171902_200851,200851,0,30,first_30_seconds_before_viewing_outcomes,candidate_not_test,pending,metadata_only_not_PTS_audited
lindian_eb55dd2ba2bc51_first30,lindian_eb55dd2ba2bc51,lindian,E:\real\use_code\林甸红外视频\0808\下午\B下午三号舍病牛区\20230808T151016n0748\20230808T151016n0748.MP4,20230808T151016_0748,0748,0,30,first_30_seconds_before_viewing_outcomes,candidate_not_test,pending,metadata_only_not_PTS_audited
lindian_2622d6fc310e1f_first30,lindian_2622d6fc310e1f,lindian,E:\real\use_code\林甸红外视频\0808\下午\B下午三号舍病牛区\20230808T151456n210950\20230808T151456n210950.MP4,20230808T151456_210950,210950,0,30,first_30_seconds_before_viewing_outcomes,candidate_not_test,pending,metadata_only_not_PTS_audited
lindian_e80811d81f5ea4_first30,lindian_e80811d81f5ea4,lindian,E:\real\use_code\林甸红外视频\0808\下午\B下午三号舍病牛区\20230808T151937n196399\20230808T151937n196399.MP4,20230808T151937_196399,196399,0,30,first_30_seconds_before_viewing_outcomes,candidate_not_test,pending,metadata_only_not_PTS_audited
lindian_4ffac8fe99c328_first30,lindian_4ffac8fe99c328,lindian,E:\real\use_code\林甸红外视频\0808\下午\B下午三号舍病牛区\20230808T152238n177301\20230808T152238n177301.MP4,20230808T152238_177301,177301,0,30,first_30_seconds_before_viewing_outcomes,candidate_not_test,pending,metadata_only_not_PTS_audited
lindian_f579088f264532_first30,lindian_f579088f264532,lindian,E:\real\use_code\林甸红外视频\0808\下午\B下午三号舍病牛区\20230808T152656n170320\20230808T152656n170320.MP4,20230808T152656_170320,170320,0,30,first_30_seconds_before_viewing_outcomes,candidate_not_test,pending,metadata_only_not_PTS_audited
lindian_8a9a0019559021_first30,lindian_8a9a0019559021,lindian,E:\real\use_code\林甸红外视频\0808\下午\B下午三号舍病牛区\20230808T153015n6516\20230808T153015n6516.MP4,20230808T153015_6516,6516,0,30,first_30_seconds_before_viewing_outcomes,candidate_not_test,pending,metadata_only_not_PTS_audited
lindian_38ca2b62c313bc_first30,lindian_38ca2b62c313bc,lindian,E:\real\use_code\林甸红外视频\0808\下午\B下午三号舍病牛区\20230808T153343n1479\20230808T153343n1479.MP4,20230808T153343_1479,1479,0,30,first_30_seconds_before_viewing_outcomes,candidate_not_test,pending,metadata_only_not_PTS_audited
lindian_0f103f4da475db_first30,lindian_0f103f4da475db,lindian,E:\real\use_code\林甸红外视频\0808\下午\B下午三号舍病牛区\20230808T153709n455\20230808T153709n455.MP4,20230808T153709_455,455,0,30,first_30_seconds_before_viewing_outcomes,candidate_not_test,pending,metadata_only_not_PTS_audited
lindian_4e0e9d0eaaff08_first30,lindian_4e0e9d0eaaff08,lindian,E:\real\use_code\林甸红外视频\0808\下午\B下午三号舍病牛区\20230808T154033n189556\20230808T154033n189556.MP4,20230808T154033_189556,189556,0,30,first_30_seconds_before_viewing_outcomes,candidate_not_test,pending,metadata_only_not_PTS_audited
lindian_fbb8a542f3801e_first30,lindian_fbb8a542f3801e,lindian,E:\real\use_code\林甸红外视频\0808\下午\B下午三号舍病牛区\20230808T154522n310\20230808T154522n310.MP4,20230808T154522_310,310,0,30,first_30_seconds_before_viewing_outcomes,candidate_not_test,pending,metadata_only_not_PTS_audited
lindian_c4ad1a80184ea5_first30,lindian_c4ad1a80184ea5,lindian,E:\real\use_code\林甸红外视频\0808\下午\B下午三号舍病牛区\20230808T154846n3015\20230808T154846n3015.MP4,20230808T154846_3015,3015,0,30,first_30_seconds_before_viewing_outcomes,candidate_not_test,pending,metadata_only_not_PTS_audited
lindian_9dcd99e75dd7e6_first30,lindian_9dcd99e75dd7e6,lindian,E:\real\use_code\林甸红外视频\0808\下午\B下午三号舍病牛区\20230808T155224n4541\20230808T155224n4541.MP4,20230808T155224_4541,4541,0,30,first_30_seconds_before_viewing_outcomes,candidate_not_test,pending,metadata_only_not_PTS_audited
lindian_dbdf19e93711a7_first30,lindian_dbdf19e93711a7,lindian,E:\real\use_code\林甸红外视频\0808\下午\B下午三号舍病牛区\20230808T155559n211046\20230808T155559n211046.MP4,20230808T155559_211046,211046,0,30,first_30_seconds_before_viewing_outcomes,candidate_not_test,pending,metadata_only_not_PTS_audited
lindian_32c0752cec4a38_first30,lindian_32c0752cec4a38,lindian,E:\real\use_code\林甸红外视频\0808\下午\B下午三号舍病牛区\20230808T155935n200674\20230808T155935n200674.MP4,20230808T155935_200674,200674,0,30,first_30_seconds_before_viewing_outcomes,candidate_not_test,pending,metadata_only_not_PTS_audited
lindian_b51e17321ae026_first30,lindian_b51e17321ae026,lindian,E:\real\use_code\林甸红外视频\0809\上午\B三号舍新产区\20230809T070431n5364\20230809T070431n5364.MP4,20230809T070431_5364,5364,0,30,first_30_seconds_before_viewing_outcomes,candidate_not_test,pending,metadata_only_not_PTS_audited
lindian_dd8ffb3a701ce4_first30,lindian_dd8ffb3a701ce4,lindian,E:\real\use_code\林甸红外视频\0809\上午\B三号舍新产区\20230809T071121n196647\20230809T071121n196647.MP4,20230809T071121_196647,196647,0,30,first_30_seconds_before_viewing_outcomes,candidate_not_test,pending,metadata_only_not_PTS_audited
lindian_d8cde9a4cbd14a_first30,lindian_d8cde9a4cbd14a,lindian,E:\real\use_code\林甸红外视频\0809\上午\B三号舍新产区\20230809T071543n6527\20230809T071543n6527.MP4,20230809T071543_6527,6527,0,30,first_30_seconds_before_viewing_outcomes,candidate_not_test,pending,metadata_only_not_PTS_audited
lindian_26ddda652ed889_first30,lindian_26ddda652ed889,lindian,E:\real\use_code\林甸红外视频\0809\上午\B三号舍新产区\20230809T072108n211154\20230809T072108n211154.MP4,20230809T072108_211154,211154,0,30,first_30_seconds_before_viewing_outcomes,candidate_not_test,pending,metadata_only_not_PTS_audited
lindian_07f48b57782665_first30,lindian_07f48b57782665,lindian,E:\real\use_code\林甸红外视频\0809\上午\B三号舍新产区\20230809T072548n211117\20230809T072548n211117.MP4,20230809T072548_211117,211117,0,30,first_30_seconds_before_viewing_outcomes,candidate_not_test,pending,metadata_only_not_PTS_audited
lindian_b2e27277ad2c33_first30,lindian_b2e27277ad2c33,lindian,E:\real\use_code\林甸红外视频\0809\上午\B三号舍新产区\20230809T073104n200792\20230809T073104n200792.MP4,20230809T073104_200792,200792,0,30,first_30_seconds_before_viewing_outcomes,candidate_not_test,pending,metadata_only_not_PTS_audited
lindian_d667e12f9ff188_first30,lindian_d667e12f9ff188,lindian,E:\real\use_code\林甸红外视频\0809\上午\B三号舍新产区\20230809T073542n196527\20230809T073542n196527.MP4,20230809T073542_196527,196527,0,30,first_30_seconds_before_viewing_outcomes,candidate_not_test,pending,metadata_only_not_PTS_audited
lindian_a80204fe73f8f6_first30,lindian_a80204fe73f8f6,lindian,E:\real\use_code\林甸红外视频\0809\上午\B三号舍新产区\20230809T073958n211035\20230809T073958n211035.MP4,20230809T073958_211035,211035,0,30,first_30_seconds_before_viewing_outcomes,candidate_not_test,pending,metadata_only_not_PTS_audited
lindian_1d58ded1fefcc1_first30,lindian_1d58ded1fefcc1,lindian,E:\real\use_code\林甸红外视频\0809\上午\B三号舍新产区\20230809T074426n190587\20230809T074426n190587.MP4,20230809T074426_190587,190587,0,30,first_30_seconds_before_viewing_outcomes,candidate_not_test,pending,metadata_only_not_PTS_audited
lindian_72ac7dec778071_first30,lindian_72ac7dec778071,lindian,E:\real\use_code\林甸红外视频\0809\上午\B三号舍新产区\20230809T074927n211013\20230809T074927n211013.MP4,20230809T074927_211013,211013,0,30,first_30_seconds_before_viewing_outcomes,candidate_not_test,pending,metadata_only_not_PTS_audited
lindian_88aa324ed34e43_first30,lindian_88aa324ed34e43,lindian,E:\real\use_code\林甸红外视频\0809\上午\B三号舍新产区\20230809T075447n211030\20230809T075447n211030.MP4,20230809T075447_211030,211030,0,30,first_30_seconds_before_viewing_outcomes,candidate_not_test,pending,metadata_only_not_PTS_audited
lindian_7fd4ceefc7b71d_first30,lindian_7fd4ceefc7b71d,lindian,E:\real\use_code\林甸红外视频\0809\上午\B三号舍病牛区\20230809T080021n200794\20230809T080021n200794.MP4,20230809T080021_200794,200794,0,30,first_30_seconds_before_viewing_outcomes,candidate_not_test,pending,metadata_only_not_PTS_audited
lindian_7fa4ef889d5678_first30,lindian_7fa4ef889d5678,lindian,E:\real\use_code\林甸红外视频\0809\上午\B三号舍病牛区\20230809T080304n170240\20230809T080304n170240.MP4,20230809T080304_170240,170240,0,30,first_30_seconds_before_viewing_outcomes,candidate_not_test,pending,metadata_only_not_PTS_audited
lindian_4c42e5ea4fff87_first30,lindian_4c42e5ea4fff87,lindian,E:\real\use_code\林甸红外视频\0809\上午\B三号舍病牛区\20230809T081148n200700\20230809T081148n200700.MP4,20230809T081148_200700,200700,0,30,first_30_seconds_before_viewing_outcomes,candidate_not_test,pending,metadata_only_not_PTS_audited
lindian_c6ea5838a2d71c_first30,lindian_c6ea5838a2d71c,lindian,E:\real\use_code\林甸红外视频\0809\上午\B三号舍病牛区\20230809T081736n190455\20230809T081736n190455.MP4,20230809T081736_190455,190455,0,30,first_30_seconds_before_viewing_outcomes,candidate_not_test,pending,metadata_only_not_PTS_audited
lindian_e93a5c8f6d76bf_first30,lindian_e93a5c8f6d76bf,lindian,E:\real\use_code\林甸红外视频\0809\上午\B三号舍病牛区\20230809T082033n16110463\20230809T082033n16110463.MP4,20230809T082033_16110463,16110463,0,30,first_30_seconds_before_viewing_outcomes,candidate_not_test,pending,metadata_only_not_PTS_audited
lindian_0604a9d6cfda32_first30,lindian_0604a9d6cfda32,lindian,E:\real\use_code\林甸红外视频\0809\上午\B三号舍病牛区\20230809T082528n170320\20230809T082528n170320.MP4,20230809T082528_170320,170320,0,30,first_30_seconds_before_viewing_outcomes,candidate_not_test,pending,metadata_only_not_PTS_audited
lindian_c9355c39f451f7_first30,lindian_c9355c39f451f7,lindian,E:\real\use_code\林甸红外视频\0809\上午\B三号舍病牛区\20230809T082820n16110673\20230809T082820n16110673.MP4,20230809T082820_16110673,16110673,0,30,first_30_seconds_before_viewing_outcomes,candidate_not_test,pending,metadata_only_not_PTS_audited
lindian_52d38afab64c08_first30,lindian_52d38afab64c08,lindian,E:\real\use_code\林甸红外视频\0809\上午\B三号舍病牛区\20230809T084030n170020\20230809T084030n170020.MP4,20230809T084030_170020,170020,0,30,first_30_seconds_before_viewing_outcomes,candidate_not_test,pending,metadata_only_not_PTS_audited
lindian_c98fbda41d3ab1_first30,lindian_c98fbda41d3ab1,lindian,E:\real\use_code\林甸红外视频\0809\上午\B三号舍病牛区\20230809T084642n197580\20230809T084642n197580.MP4,20230809T084642_197580,197580,0,30,first_30_seconds_before_viewing_outcomes,candidate_not_test,pending,metadata_only_not_PTS_audited
lindian_0b2ded76fffb0c_first30,lindian_0b2ded76fffb0c,lindian,E:\real\use_code\林甸红外视频\0809\上午\B三号舍病牛区\ff\20230809T080543n200798.MP4,20230809T080543_200798,200798,0,30,first_30_seconds_before_viewing_outcomes,candidate_not_test,pending,metadata_only_not_PTS_audited
lindian_7567aabc7b5b17_first30,lindian_7567aabc7b5b17,lindian,E:\real\use_code\林甸红外视频\0809\上午\B三号舍病牛区\ff\20230809T080804n170131.MP4,20230809T080804_170131,170131,0,30,first_30_seconds_before_viewing_outcomes,candidate_not_test,pending,metadata_only_not_PTS_audited
lindian_1b182311dc6192_first30,lindian_1b182311dc6192,lindian,E:\real\use_code\林甸红外视频\0809\上午\B三号舍病牛区\ff\20230809T081533n190624.MP4,20230809T081533_190624,190624,0,30,first_30_seconds_before_viewing_outcomes,candidate_not_test,pending,metadata_only_not_PTS_audited
lindian_9934c67da61bd9_first30,lindian_9934c67da61bd9,lindian,E:\real\use_code\林甸红外视频\0809\上午\B三号舍病牛区\ff\20230809T083610n310.MP4,20230809T083610_310,310,0,30,first_30_seconds_before_viewing_outcomes,candidate_not_test,pending,metadata_only_not_PTS_audited
lindian_3527b9e473399e_first30,lindian_3527b9e473399e,lindian,E:\real\use_code\林甸红外视频\0809\上午\B三号舍病牛区\ff\20230809T084407n210993.MP4,20230809T084407_210993,210993,0,30,first_30_seconds_before_viewing_outcomes,candidate_not_test,pending,metadata_only_not_PTS_audited
lindian_ee03dd53fbd52b_first30,lindian_ee03dd53fbd52b,lindian,E:\real\use_code\林甸红外视频\0809\上午\B三号舍病牛区\ff\20230809T085629n200702.MP4,20230809T085629_200702,200702,0,30,first_30_seconds_before_viewing_outcomes,candidate_not_test,pending,metadata_only_not_PTS_audited
lindian_67245bfa357fb7_first30,lindian_67245bfa357fb7,lindian,E:\real\use_code\林甸红外视频\0809\上午\B三号舍病牛区\ff\20230809T090021n189417.MP4,20230809T090021_189417,189417,0,30,first_30_seconds_before_viewing_outcomes,candidate_not_test,pending,metadata_only_not_PTS_audited
lindian_4bd6a9fe5ce4e0_first30,lindian_4bd6a9fe5ce4e0,lindian,E:\real\use_code\林甸红外视频\0809\上午\B三号舍病牛区\ff\20230809T090350n211043.MP4,20230809T090350_211043,211043,0,30,first_30_seconds_before_viewing_outcomes,candidate_not_test,pending,metadata_only_not_PTS_audited
lindian_322a3b419f28ac_first30,lindian_322a3b419f28ac,lindian,E:\real\use_code\林甸红外视频\0809\上午\B二号舍外侧\20230809T091946n196094\20230809T091946n196094.MP4,20230809T091946_196094,196094,0,30,first_30_seconds_before_viewing_outcomes,candidate_not_test,pending,metadata_only_not_PTS_audited
lindian_8c9db8f789cd0a_first30,lindian_8c9db8f789cd0a,lindian,E:\real\use_code\林甸红外视频\0809\上午\B二号舍外侧\20230809T092245n190601\20230809T092245n190601.MP4,20230809T092245_190601,190601,0,30,first_30_seconds_before_viewing_outcomes,candidate_not_test,pending,metadata_only_not_PTS_audited
lindian_d1d055bcc26dc7_first30,lindian_d1d055bcc26dc7,lindian,E:\real\use_code\林甸红外视频\0809\上午\B二号舍外侧\20230809T092540n205230\20230809T092540n205230.MP4,20230809T092540_205230,205230,0,30,first_30_seconds_before_viewing_outcomes,candidate_not_test,pending,metadata_only_not_PTS_audited
lindian_551c796303b2b5_first30,lindian_551c796303b2b5,lindian,E:\real\use_code\林甸红外视频\0809\上午\B二号舍外侧\20230809T094015n170097\20230809T094015n170097.MP4,20230809T094015_170097,170097,0,30,first_30_seconds_before_viewing_outcomes,candidate_not_test,pending,metadata_only_not_PTS_audited
lindian_7053c69d6444b9_first30,lindian_7053c69d6444b9,lindian,E:\real\use_code\林甸红外视频\0809\上午\B二号舍外侧\ff\20230809T091711n200927.MP4,20230809T091711_200927,200927,0,30,first_30_seconds_before_viewing_outcomes,candidate_not_test,pending,metadata_only_not_PTS_audited
lindian_2a86d1eec039de_first30,lindian_2a86d1eec039de,lindian,E:\real\use_code\林甸红外视频\0809\上午\B二号舍外侧\ff\20230809T093655n16110010.MP4,20230809T093655_16110010,16110010,0,30,first_30_seconds_before_viewing_outcomes,candidate_not_test,pending,metadata_only_not_PTS_audited
lindian_c84175bb04b744_first30,lindian_c84175bb04b744,lindian,E:\real\use_code\林甸红外视频\0810\上午\B三号舍新产区\20230810T070609n16110432\20230810T070609n16110432.MP4,20230810T070609_16110432,16110432,0,30,first_30_seconds_before_viewing_outcomes,candidate_not_test,pending,metadata_only_not_PTS_audited
lindian_cba39b3ebc04c4_first30,lindian_cba39b3ebc04c4,lindian,E:\real\use_code\林甸红外视频\0810\上午\B三号舍新产区\20230810T071310n211109\20230810T071310n211109.MP4,20230810T071310_211109,211109,0,30,first_30_seconds_before_viewing_outcomes,candidate_not_test,pending,metadata_only_not_PTS_audited
lindian_7c5cd30704ee39_first30,lindian_7c5cd30704ee39,lindian,E:\real\use_code\林甸红外视频\0810\上午\B三号舍新产区\20230810T072749n5364\20230810T072749n5364.MP4,20230810T072749_5364,5364,0,30,first_30_seconds_before_viewing_outcomes,candidate_not_test,pending,metadata_only_not_PTS_audited
lindian_8fa4f3c84e14e0_first30,lindian_8fa4f3c84e14e0,lindian,E:\real\use_code\林甸红外视频\0810\上午\B三号舍新产区\20230810T073014n200792\20230810T073014n200792.MP4,20230810T073014_200792,200792,0,30,first_30_seconds_before_viewing_outcomes,candidate_not_test,pending,metadata_only_not_PTS_audited
lindian_683530f852df89_first30,lindian_683530f852df89,lindian,E:\real\use_code\林甸红外视频\0810\上午\B三号舍新产区\20230810T074338n196527\20230810T074338n196527.MP4,20230810T074338_196527,196527,0,30,first_30_seconds_before_viewing_outcomes,candidate_not_test,pending,metadata_only_not_PTS_audited
lindian_f4264671a9b736_first30,lindian_f4264671a9b736,lindian,E:\real\use_code\林甸红外视频\0810\上午\B三号舍新产区\20230810T074640n211117\20230810T074640n211117.MP4,20230810T074640_211117,211117,0,30,first_30_seconds_before_viewing_outcomes,candidate_not_test,pending,metadata_only_not_PTS_audited
lindian_7442124062e43c_first30,lindian_7442124062e43c,lindian,E:\real\use_code\林甸红外视频\0810\上午\B三号舍新产区\20230810T075510n211153\20230810T075510n211153.MP4,20230810T075510_211153,211153,0,30,first_30_seconds_before_viewing_outcomes,candidate_not_test,pending,metadata_only_not_PTS_audited
lindian_2dfa78dbcb9ea3_first30,lindian_2dfa78dbcb9ea3,lindian,E:\real\use_code\林甸红外视频\0810\上午\B三号舍新产区\ff\20230810T070219n211013.MP4,20230810T070219_211013,211013,0,30,first_30_seconds_before_viewing_outcomes,candidate_not_test,pending,metadata_only_not_PTS_audited
lindian_6c452e61125051_first30,lindian_6c452e61125051,lindian,E:\real\use_code\林甸红外视频\0810\上午\B三号舍新产区\ff\20230810T070847n211003.MP4,20230810T070847_211003,211003,0,30,first_30_seconds_before_viewing_outcomes,candidate_not_test,pending,metadata_only_not_PTS_audited
lindian_3b72ae29592577_first30,lindian_3b72ae29592577,lindian,E:\real\use_code\林甸红外视频\0810\上午\B三号舍新产区\ff\20230810T073259n211146.MP4,20230810T073259_211146,211146,0,30,first_30_seconds_before_viewing_outcomes,candidate_not_test,pending,metadata_only_not_PTS_audited
lindian_d36c9da082e1a2_first30,lindian_d36c9da082e1a2,lindian,E:\real\use_code\林甸红外视频\0810\上午\B三号舍新产区\ff\20230810T073542n211154.MP4,20230810T073542_211154,211154,0,30,first_30_seconds_before_viewing_outcomes,candidate_not_test,pending,metadata_only_not_PTS_audited
lindian_04bf887e5f30c8_first30,lindian_04bf887e5f30c8,lindian,E:\real\use_code\林甸红外视频\0810\上午\B三号舍新产区\ff\20230810T073708n211158.MP4,20230810T073708_211158,211158,0,30,first_30_seconds_before_viewing_outcomes,candidate_not_test,pending,metadata_only_not_PTS_audited
lindian_894a6cd3500b51_first30,lindian_894a6cd3500b51,lindian,E:\real\use_code\林甸红外视频\0810\上午\G三号舍病牛区\20230810T080922n170227.MP4,20230810T080922_170227,170227,0,30,first_30_seconds_before_viewing_outcomes,candidate_not_test,pending,metadata_only_not_PTS_audited
lindian_943a5bca9bc029_first30,lindian_943a5bca9bc029,lindian,E:\real\use_code\林甸红外视频\0810\上午\G三号舍病牛区\20230810T081528n2106.MP4,20230810T081528_2106,2106,0,30,first_30_seconds_before_viewing_outcomes,candidate_not_test,pending,metadata_only_not_PTS_audited
lindian_f4af5d64186344_first30,lindian_f4af5d64186344,lindian,E:\real\use_code\林甸红外视频\0810\上午\G二号舍青年牛\20230810T101944n221230.MP4,20230810T101944_221230,221230,0,30,first_30_seconds_before_viewing_outcomes,candidate_not_test,pending,metadata_only_not_PTS_audited
lindian_7c775becbcd0d5_first30,lindian_7c775becbcd0d5,lindian,E:\real\use_code\林甸红外视频\0810\上午\G二号舍青年牛\20230810T103638n221332.MP4,20230810T103638_221332,221332,0,30,first_30_seconds_before_viewing_outcomes,candidate_not_test,pending,metadata_only_not_PTS_audited
lindian_9754739ce0598d_first30,lindian_9754739ce0598d,lindian,E:\real\use_code\林甸红外视频\0810\下午\B三号舍新牛区\20230810T150218n211158\20230810T150218n211158.MP4,20230810T150218_211158,211158,0,30,first_30_seconds_before_viewing_outcomes,candidate_not_test,pending,metadata_only_not_PTS_audited
lindian_2736fd0e271150_first30,lindian_2736fd0e271150,lindian,E:\real\use_code\林甸红外视频\0810\下午\B三号舍新牛区\20230810T150533n211153\20230810T150533n211153.MP4,20230810T150533_211153,211153,0,30,first_30_seconds_before_viewing_outcomes,candidate_not_test,pending,metadata_only_not_PTS_audited
lindian_5a0253b81b557a_first30,lindian_5a0253b81b557a,lindian,E:\real\use_code\林甸红外视频\0810\下午\B三号舍新牛区\20230810T150906n211013\20230810T150906n211013.MP4,20230810T150906_211013,211013,0,30,first_30_seconds_before_viewing_outcomes,candidate_not_test,pending,metadata_only_not_PTS_audited
lindian_b483ef3f204344_first30,lindian_b483ef3f204344,lindian,E:\real\use_code\林甸红外视频\0810\下午\B三号舍新牛区\20230810T151043n196647\20230810T151043n196647.MP4,20230810T151043_196647,196647,0,30,first_30_seconds_before_viewing_outcomes,candidate_not_test,pending,metadata_only_not_PTS_audited
lindian_a34a7d636ca418_first30,lindian_a34a7d636ca418,lindian,E:\real\use_code\林甸红外视频\0810\下午\B三号舍新牛区\20230810T151224n170082\20230810T151224n170082.MP4,20230810T151224_170082,170082,0,30,first_30_seconds_before_viewing_outcomes,candidate_not_test,pending,metadata_only_not_PTS_audited
lindian_6738eab7f70e41_first30,lindian_6738eab7f70e41,lindian,E:\real\use_code\林甸红外视频\0810\下午\B三号舍新牛区\20230810T151550n211117\20230810T151550n211117.MP4,20230810T151550_211117,211117,0,30,first_30_seconds_before_viewing_outcomes,candidate_not_test,pending,metadata_only_not_PTS_audited
lindian_e7b3b0ac185b37_first30,lindian_e7b3b0ac185b37,lindian,E:\real\use_code\林甸红外视频\0810\下午\B三号舍新牛区\20230810T151942n200792\20230810T151942n200792.MP4,20230810T151942_200792,200792,0,30,first_30_seconds_before_viewing_outcomes,candidate_not_test,pending,metadata_only_not_PTS_audited
lindian_8101176b424598_first30,lindian_8101176b424598,lindian,E:\real\use_code\林甸红外视频\0810\下午\B三号舍新牛区\20230810T152126n190587\20230810T152126n190587.MP4,20230810T152126_190587,190587,0,30,first_30_seconds_before_viewing_outcomes,candidate_not_test,pending,metadata_only_not_PTS_audited
lindian_214b4a4218763e_first30,lindian_214b4a4218763e,lindian,E:\real\use_code\林甸红外视频\0810\下午\B三号舍新牛区\20230810T152316n6527zidong\20230810T152316n6527zidong.MP4,20230810T152316_6527,6527,0,30,first_30_seconds_before_viewing_outcomes,candidate_not_test,pending,metadata_only_not_PTS_audited
lindian_a881cde859e990_first30,lindian_a881cde859e990,lindian,E:\real\use_code\林甸红外视频\0810\下午\B三号舍新牛区\20230810T152732n200797手动\20230810T152732n200797手动.MP4,20230810T152732_200797,200797,0,30,first_30_seconds_before_viewing_outcomes,candidate_not_test,pending,metadata_only_not_PTS_audited
lindian_cfa0c2901aeaef_first30,lindian_cfa0c2901aeaef,lindian,E:\real\use_code\林甸红外视频\0810\下午\B三号舍新牛区\FF\20230810T151401n196653.MP4,20230810T151401_196653,196653,0,30,first_30_seconds_before_viewing_outcomes,candidate_not_test,pending,metadata_only_not_PTS_audited
lindian_3a366464786121_first30,lindian_3a366464786121,lindian,E:\real\use_code\林甸红外视频\0810\下午\B三号舍新牛区\FF\20230810T151727n196527.MP4,20230810T151727_196527,196527,0,30,first_30_seconds_before_viewing_outcomes,candidate_not_test,pending,metadata_only_not_PTS_audited
lindian_44270263ad254d_first30,lindian_44270263ad254d,lindian,E:\real\use_code\林甸红外视频\0810\下午\B三号舍新牛区\FF\20230810T152513n210030.MP4,20230810T152513_210030,210030,0,30,first_30_seconds_before_viewing_outcomes,candidate_not_test,pending,metadata_only_not_PTS_audited
lindian_c92c3a3db50495_first30,lindian_c92c3a3db50495,lindian,E:\real\use_code\林甸红外视频\0810\下午\B三号舍新牛区\fs\20230810T150355n211035.MP4,20230810T150355_211035,211035,0,30,first_30_seconds_before_viewing_outcomes,candidate_not_test,pending,metadata_only_not_PTS_audited
lindian_176135cf4a3b5b_first30,lindian_176135cf4a3b5b,lindian,E:\real\use_code\林甸红外视频\0810\下午\B三号舍新牛区\fs\20230810T150735n6527.MP4,20230810T150735_6527,6527,0,30,first_30_seconds_before_viewing_outcomes,candidate_not_test,pending,metadata_only_not_PTS_audited
lindian_cfd3262377bb32_first30,lindian_cfd3262377bb32,lindian,E:\real\use_code\林甸红外视频\0810\下午\B三号舍病牛区\20230810T145443n170131\20230810T145443n170131.MP4,20230810T145443_170131,170131,0,30,first_30_seconds_before_viewing_outcomes,candidate_not_test,pending,metadata_only_not_PTS_audited
lindian_9d4d4cb1fbf573_first30,lindian_9d4d4cb1fbf573,lindian,E:\real\use_code\林甸红外视频\0810\下午\B三号舍病牛区\20230810T145632n177301\20230810T145632n177301.MP4,20230810T145632_177301,177301,0,30,first_30_seconds_before_viewing_outcomes,candidate_not_test,pending,metadata_only_not_PTS_audited
lindian_009ab6653c1162_first30,lindian_009ab6653c1162,lindian,E:\real\use_code\林甸红外视频\0810\下午\B三号舍病牛区\20230810T145819n16110251\20230810T145819n16110251.MP4,20230810T145819_16110251,16110251,0,30,first_30_seconds_before_viewing_outcomes,candidate_not_test,pending,metadata_only_not_PTS_audited
lindian_bc79ff0e41a626_first30,lindian_bc79ff0e41a626,lindian,E:\real\use_code\林甸红外视频\0810\下午\B三号舍病牛区\20230810T150031n190455\20230810T150031n190455.MP4,20230810T150031_190455,190455,0,30,first_30_seconds_before_viewing_outcomes,candidate_not_test,pending,metadata_only_not_PTS_audited
lindian_a0bd3128eb7f61_first30,lindian_a0bd3128eb7f61,lindian,E:\real\use_code\林甸红外视频\0810\下午\B三号舍病牛区\20230810T152946n16110463\20230810T152946n16110463.MP4,20230810T152946_16110463,16110463,0,30,first_30_seconds_before_viewing_outcomes,candidate_not_test,pending,metadata_only_not_PTS_audited
lindian_36909b0c9dd6aa_first30,lindian_36909b0c9dd6aa,lindian,E:\real\use_code\林甸红外视频\0810\下午\B三号舍病牛区\20230810T153232n200798\20230810T153232n200798.MP4,20230810T153232_200798,200798,0,30,first_30_seconds_before_viewing_outcomes,candidate_not_test,pending,metadata_only_not_PTS_audited
lindian_a029e1c8336b5f_first30,lindian_a029e1c8336b5f,lindian,E:\real\use_code\林甸红外视频\0810\下午\B三号舍病牛区\20230810T153645n190514\20230810T153645n190514.MP4,20230810T153645_190514,190514,0,30,first_30_seconds_before_viewing_outcomes,candidate_not_test,pending,metadata_only_not_PTS_audited
lindian_0abd8942a77899_first30,lindian_0abd8942a77899,lindian,E:\real\use_code\林甸红外视频\0810\下午\B三号舍病牛区\20230810T153826n4541\20230810T153826n4541.MP4,20230810T153826_4541,4541,0,30,first_30_seconds_before_viewing_outcomes,candidate_not_test,pending,metadata_only_not_PTS_audited
lindian_801553ac52bb9e_first30,lindian_801553ac52bb9e,lindian,E:\real\use_code\林甸红外视频\0810\下午\B三号舍病牛区\20230810T154021n189417\20230810T154021n189417.MP4,20230810T154021_189417,189417,0,30,first_30_seconds_before_viewing_outcomes,candidate_not_test,pending,metadata_only_not_PTS_audited
lindian_31a00ecd51489c_first30,lindian_31a00ecd51489c,lindian,E:\real\use_code\林甸红外视频\0810\下午\B三号舍病牛区\20230810T154233n1479\20230810T154233n1479.MP4,20230810T154233_1479,1479,0,30,first_30_seconds_before_viewing_outcomes,candidate_not_test,pending,metadata_only_not_PTS_audited
lindian_66fb655c86a369_first30,lindian_66fb655c86a369,lindian,E:\real\use_code\林甸红外视频\0810\下午\B三号舍病牛区\20230810T154436n170320\20230810T154436n170320.MP4,20230810T154436_170320,170320,0,30,first_30_seconds_before_viewing_outcomes,candidate_not_test,pending,metadata_only_not_PTS_audited
lindian_c1d5d02e9cb296_first30,lindian_c1d5d02e9cb296,lindian,E:\real\use_code\林甸红外视频\0810\下午\B三号舍病牛区\20230810T154828n0748\20230810T154828n0748.MP4,20230810T154828_0748,0748,0,30,first_30_seconds_before_viewing_outcomes,candidate_not_test,pending,metadata_only_not_PTS_audited
lindian_5dcf9ae4324271_first30,lindian_5dcf9ae4324271,lindian,E:\real\use_code\林甸红外视频\0810\下午\B三号舍病牛区\20230810T155021n170355\20230810T155021n170355.MP4,20230810T155021_170355,170355,0,30,first_30_seconds_before_viewing_outcomes,candidate_not_test,pending,metadata_only_not_PTS_audited
lindian_afe17879781851_first30,lindian_afe17879781851,lindian,E:\real\use_code\林甸红外视频\0810\下午\B三号舍病牛区\20230810T155211n210984\20230810T155211n210984.MP4,20230810T155211_210984,210984,0,30,first_30_seconds_before_viewing_outcomes,candidate_not_test,pending,metadata_only_not_PTS_audited
lindian_dfa4bd1b155cb9_first30,lindian_dfa4bd1b155cb9,lindian,E:\real\use_code\林甸红外视频\0810\下午\B三号舍病牛区\20230810T155331n170227\20230810T155331n170227.MP4,20230810T155331_170227,170227,0,30,first_30_seconds_before_viewing_outcomes,candidate_not_test,pending,metadata_only_not_PTS_audited
lindian_41030dc83f7a9e_first30,lindian_41030dc83f7a9e,lindian,E:\real\use_code\林甸红外视频\0810\下午\B三号舍病牛区\20230810T155721n200700\20230810T155721n200700.MP4,20230810T155721_200700,200700,0,30,first_30_seconds_before_viewing_outcomes,candidate_not_test,pending,metadata_only_not_PTS_audited
lindian_196d671e42291c_first30,lindian_196d671e42291c,lindian,E:\real\use_code\林甸红外视频\0810\下午\B三号舍病牛区\20230810T161005n200723\20230810T161005n200723.MP4,20230810T161005_200723,200723,0,30,first_30_seconds_before_viewing_outcomes,candidate_not_test,pending,metadata_only_not_PTS_audited
lindian_2c2e9ce74c3e14_first30,lindian_2c2e9ce74c3e14,lindian,E:\real\use_code\林甸红外视频\0810\下午\B三号舍病牛区\20230810T161348n200723\20230810T161348n200723.MP4,20230810T161348_200723,200723,0,30,first_30_seconds_before_viewing_outcomes,candidate_not_test,pending,metadata_only_not_PTS_audited
lindian_30975e9c09168b_first30,lindian_30975e9c09168b,lindian,E:\real\use_code\林甸红外视频\0810\下午\B三号舍病牛区\20230810T161526n189556\20230810T161526n189556.MP4,20230810T161526_189556,189556,0,30,first_30_seconds_before_viewing_outcomes,candidate_not_test,pending,metadata_only_not_PTS_audited
lindian_a34a5786922b0b_first30,lindian_a34a5786922b0b,lindian,E:\real\use_code\林甸红外视频\0810\下午\B三号舍病牛区\ff\20230810T153417n190625.MP4,20230810T153417_190625,190625,0,30,first_30_seconds_before_viewing_outcomes,candidate_not_test,pending,metadata_only_not_PTS_audited
lindian_0f7d3d7a489dd7_first30,lindian_0f7d3d7a489dd7,lindian,E:\real\use_code\林甸红外视频\0810\下午\B三号舍病牛区\ff\20230810T154633n170071.MP4,20230810T154633_170071,170071,0,30,first_30_seconds_before_viewing_outcomes,candidate_not_test,pending,metadata_only_not_PTS_audited
lindian_101f5db5a737ee_first30,lindian_101f5db5a737ee,lindian,E:\real\use_code\林甸红外视频\0810\下午\B三号舍病牛区\ff\20230810T160043n310.MP4,20230810T160043_310,310,0,30,first_30_seconds_before_viewing_outcomes,candidate_not_test,pending,metadata_only_not_PTS_audited
lindian_1fdd099e78b8e7_first30,lindian_1fdd099e78b8e7,lindian,E:\real\use_code\林甸红外视频\0810\下午\B三号舍病牛区\ff\20230810T160601n210950.MP4,20230810T160601_210950,210950,0,30,first_30_seconds_before_viewing_outcomes,candidate_not_test,pending,metadata_only_not_PTS_audited
lindian_604244aa63bde8_first30,lindian_604244aa63bde8,lindian,E:\real\use_code\林甸红外视频\0810\下午\B二号舍青年牛\20230810T164018n221381\20230810T164018n221381.MP4,20230810T164018_221381,221381,0,30,first_30_seconds_before_viewing_outcomes,candidate_not_test,pending,metadata_only_not_PTS_audited
lindian_55edb67bb192c0_first30,lindian_55edb67bb192c0,lindian,E:\real\use_code\林甸红外视频\0810\下午\B二号舍青年牛\20230810T164658n221284\20230810T164658n221284.MP4,20230810T164658_221284,221284,0,30,first_30_seconds_before_viewing_outcomes,candidate_not_test,pending,metadata_only_not_PTS_audited
lindian_6ec37c57186110_first30,lindian_6ec37c57186110,lindian,E:\real\use_code\林甸红外视频\0810\下午\B二号舍青年牛\20230810T165048n221270\20230810T165048n221270.MP4,20230810T165048_221270,221270,0,30,first_30_seconds_before_viewing_outcomes,candidate_not_test,pending,metadata_only_not_PTS_audited
lindian_16c2dd917a7330_first30,lindian_16c2dd917a7330,lindian,E:\real\use_code\林甸红外视频\0810\下午\B二号舍青年牛\20230810T165321n221323\20230810T165321n221323.MP4,20230810T165321_221323,221323,0,30,first_30_seconds_before_viewing_outcomes,candidate_not_test,pending,metadata_only_not_PTS_audited
lindian_43054e7e5f01b1_first30,lindian_43054e7e5f01b1,lindian,E:\real\use_code\林甸红外视频\0810\下午\B二号舍青年牛\20230810T165507n221356\20230810T165507n221356.MP4,20230810T165507_221356,221356,0,30,first_30_seconds_before_viewing_outcomes,candidate_not_test,pending,metadata_only_not_PTS_audited
lindian_119a85dab1a174_first30,lindian_119a85dab1a174,lindian,E:\real\use_code\林甸红外视频\0810\下午\B二号舍青年牛\ff\20230810T163415n221304.MP4,20230810T163415_221304,221304,0,30,first_30_seconds_before_viewing_outcomes,candidate_not_test,pending,metadata_only_not_PTS_audited
lindian_4112561e3b15c8_first30,lindian_4112561e3b15c8,lindian,E:\real\use_code\林甸红外视频\0810\下午\B二号舍青年牛\ff\20230810T163713n221276.MP4,20230810T163713_221276,221276,0,30,first_30_seconds_before_viewing_outcomes,candidate_not_test,pending,metadata_only_not_PTS_audited
lindian_f0c8eebf11e5ed_first30,lindian_f0c8eebf11e5ed,lindian,E:\real\use_code\林甸红外视频\0810\下午\B二号舍青年牛\ff\20230810T164255n221296.MP4,20230810T164255_221296,221296,0,30,first_30_seconds_before_viewing_outcomes,candidate_not_test,pending,metadata_only_not_PTS_audited
lindian_34732dd8f63166_first30,lindian_34732dd8f63166,lindian,E:\real\use_code\林甸红外视频\归档\0811\上午\B一号舍高产区\20230811T101222n211131\20230811T101222n211131.MP4,20230811T101222_211131,211131,0,30,first_30_seconds_before_viewing_outcomes,candidate_not_test,pending,metadata_only_not_PTS_audited
lindian_03aa442649aba3_first30,lindian_03aa442649aba3,lindian,E:\real\use_code\林甸红外视频\归档\0811\上午\B一号舍高产区\20230811T101655n200754\20230811T101655n200754.MP4,20230811T101655_200754,200754,0,30,first_30_seconds_before_viewing_outcomes,candidate_not_test,pending,metadata_only_not_PTS_audited
lindian_45d879a287b837_first30,lindian_45d879a287b837,lindian,E:\real\use_code\林甸红外视频\归档\0811\上午\B一号舍高产区\20230811T102109n210995\20230811T102109n210995.MP4,20230811T102109_210995,210995,0,30,first_30_seconds_before_viewing_outcomes,candidate_not_test,pending,metadata_only_not_PTS_audited
lindian_a1fbfaa9f853d4_first30,lindian_a1fbfaa9f853d4,lindian,E:\real\use_code\林甸红外视频\归档\0811\上午\B一号舍高产区\20230811T102303n200816\20230811T102303n200816.MP4,20230811T102303_200816,200816,0,30,first_30_seconds_before_viewing_outcomes,candidate_not_test,pending,metadata_only_not_PTS_audited
lindian_c8a5c64a522e11_first30,lindian_c8a5c64a522e11,lindian,E:\real\use_code\林甸红外视频\归档\0811\上午\B一号舍高产区\ff\20230811T101459n211125.MP4,20230811T101459_211125,211125,0,30,first_30_seconds_before_viewing_outcomes,candidate_not_test,pending,metadata_only_not_PTS_audited
lindian_9ba57228753746_first30,lindian_9ba57228753746,lindian,E:\real\use_code\林甸红外视频\归档\0811\上午\B一号舍高产区\ff\20230811T101915n196319.MP4,20230811T101915_196319,196319,0,30,first_30_seconds_before_viewing_outcomes,candidate_not_test,pending,metadata_only_not_PTS_audited
lindian_ab7b774ca0a45d_first30,lindian_ab7b774ca0a45d,lindian,E:\real\use_code\林甸红外视频\归档\0811\上午\B三号舍新产区\20230811T070033n211090\20230811T070033n211090.MP4,20230811T070033_211090,211090,0,30,first_30_seconds_before_viewing_outcomes,candidate_not_test,pending,metadata_only_not_PTS_audited
lindian_26da1099b06c50_first30,lindian_26da1099b06c50,lindian,E:\real\use_code\林甸红外视频\归档\0811\上午\B三号舍新产区\20230811T070256n16110432\20230811T070256n16110432.MP4,20230811T070256_16110432,16110432,0,30,first_30_seconds_before_viewing_outcomes,candidate_not_test,pending,metadata_only_not_PTS_audited
lindian_09b2f189fd94d8_first30,lindian_09b2f189fd94d8,lindian,E:\real\use_code\林甸红外视频\归档\0811\上午\B三号舍新产区\20230811T070518n210952\20230811T070518n210952.MP4,20230811T070518_210952,210952,0,30,first_30_seconds_before_viewing_outcomes,candidate_not_test,pending,metadata_only_not_PTS_audited
lindian_c86654a0ba5f0d_first30,lindian_c86654a0ba5f0d,lindian,E:\real\use_code\林甸红外视频\归档\0811\上午\B三号舍新产区\20230811T070753n200870\20230811T070753n200870.MP4,20230811T070753_200870,200870,0,30,first_30_seconds_before_viewing_outcomes,candidate_not_test,pending,metadata_only_not_PTS_audited
lindian_cb8277a8399f3c_first30,lindian_cb8277a8399f3c,lindian,E:\real\use_code\林甸红外视频\归档\0811\上午\B三号舍新产区\20230811T071018n179252\20230811T071018n179252.MP4,20230811T071018_179252,179252,0,30,first_30_seconds_before_viewing_outcomes,candidate_not_test,pending,metadata_only_not_PTS_audited
lindian_bec1a602c9a377_first30,lindian_bec1a602c9a377,lindian,E:\real\use_code\林甸红外视频\归档\0811\上午\B三号舍新产区\20230811T072245n196653\20230811T072245n196653.MP4,20230811T072245_196653,196653,0,30,first_30_seconds_before_viewing_outcomes,candidate_not_test,pending,metadata_only_not_PTS_audited
lindian_1ef5bab380f548_first30,lindian_1ef5bab380f548,lindian,E:\real\use_code\林甸红外视频\归档\0811\上午\B三号舍新产区\20230811T072642n211003\20230811T072642n211003.MP4,20230811T072642_211003,211003,0,30,first_30_seconds_before_viewing_outcomes,candidate_not_test,pending,metadata_only_not_PTS_audited
lindian_3d658d63c20b0a_first30,lindian_3d658d63c20b0a,lindian,E:\real\use_code\林甸红外视频\归档\0811\上午\B三号舍新产区\20230811T072909n211146\20230811T072909n211146.MP4,20230811T072909_211146,211146,0,30,first_30_seconds_before_viewing_outcomes,candidate_not_test,pending,metadata_only_not_PTS_audited
lindian_cbccb366b4096a_first30,lindian_cbccb366b4096a,lindian,E:\real\use_code\林甸红外视频\归档\0811\上午\B三号舍新产区\20230811T073135n210947\20230811T073135n210947.MP4,20230811T073135_210947,210947,0,30,first_30_seconds_before_viewing_outcomes,candidate_not_test,pending,metadata_only_not_PTS_audited
lindian_cc1a94369bdb8a_first30,lindian_cc1a94369bdb8a,lindian,E:\real\use_code\林甸红外视频\归档\0811\上午\B三号舍新产区\20230811T073458n211035\20230811T073458n211035.MP4,20230811T073458_211035,211035,0,30,first_30_seconds_before_viewing_outcomes,candidate_not_test,pending,metadata_only_not_PTS_audited
lindian_2d11e644e642ac_first30,lindian_2d11e644e642ac,lindian,E:\real\use_code\林甸红外视频\归档\0811\上午\B三号舍新产区\20230811T073945n6527\20230811T073945n6527.MP4,20230811T073945_6527,6527,0,30,first_30_seconds_before_viewing_outcomes,candidate_not_test,pending,metadata_only_not_PTS_audited
lindian_1df1cfaf942ea4_first30,lindian_1df1cfaf942ea4,lindian,E:\real\use_code\林甸红外视频\归档\0811\上午\B三号舍新产区\20230811T082310n211158\20230811T082310n211158.MP4,20230811T082310_211158,211158,0,30,first_30_seconds_before_viewing_outcomes,candidate_not_test,pending,metadata_only_not_PTS_audited
lindian_f6b96a7587b879_first30,lindian_f6b96a7587b879,lindian,E:\real\use_code\林甸红外视频\归档\0811\上午\B三号舍新产区\20230811T082836n196527\20230811T082836n196527.MP4,20230811T082836_196527,196527,0,30,first_30_seconds_before_viewing_outcomes,candidate_not_test,pending,metadata_only_not_PTS_audited
lindian_4bc0ef0837c7ee_first30,lindian_4bc0ef0837c7ee,lindian,E:\real\use_code\林甸红外视频\归档\0811\上午\B三号舍新产区\20230811T083542n196647\20230811T083542n196647.MP4,20230811T083542_196647,196647,0,30,first_30_seconds_before_viewing_outcomes,candidate_not_test,pending,metadata_only_not_PTS_audited
lindian_a44b18b1d5c8fe_first30,lindian_a44b18b1d5c8fe,lindian,E:\real\use_code\林甸红外视频\归档\0811\上午\B三号舍新产区\ff\20230811T071234n211030.MP4,20230811T071234_211030,211030,0,30,first_30_seconds_before_viewing_outcomes,candidate_not_test,pending,metadata_only_not_PTS_audited
lindian_b2c67415870e13_first30,lindian_b2c67415870e13,lindian,E:\real\use_code\林甸红外视频\归档\0811\上午\B三号舍新产区\ff\20230811T071505n6527.MP4,20230811T071505_6527,6527,0,30,first_30_seconds_before_viewing_outcomes,candidate_not_test,pending,metadata_only_not_PTS_audited
lindian_15acf18083b614_first30,lindian_15acf18083b614,lindian,E:\real\use_code\林甸红外视频\归档\0811\上午\B三号舍新产区\ff\20230811T072527n190587.MP4,20230811T072527_190587,190587,0,30,first_30_seconds_before_viewing_outcomes,candidate_not_test,pending,metadata_only_not_PTS_audited
lindian_b5ecb4d64cab0c_first30,lindian_b5ecb4d64cab0c,lindian,E:\real\use_code\林甸红外视频\归档\0811\上午\B三号舍新产区\ff\20230811T073738n196527.MP4,20230811T073738_196527,196527,0,30,first_30_seconds_before_viewing_outcomes,candidate_not_test,pending,metadata_only_not_PTS_audited
lindian_435c93f663a56e_first30,lindian_435c93f663a56e,lindian,E:\real\use_code\林甸红外视频\归档\0811\上午\B三号舍新产区\ff\20230811T082631n200792.MP4,20230811T082631_200792,200792,0,30,first_30_seconds_before_viewing_outcomes,candidate_not_test,pending,metadata_only_not_PTS_audited
lindian_3a0c2893ea1f38_first30,lindian_3a0c2893ea1f38,lindian,E:\real\use_code\林甸红外视频\归档\0811\上午\B三号舍新产区\ff\20230811T083203n196647.MP4,20230811T083203_196647,196647,0,30,first_30_seconds_before_viewing_outcomes,candidate_not_test,pending,metadata_only_not_PTS_audited
lindian_3d07c961bd54ea_first30,lindian_3d07c961bd54ea,lindian,E:\real\use_code\林甸红外视频\归档\0811\上午\B三号舍病牛区\20230811T071642n320\20230811T071642n320.MP4,20230811T071642_320,320,0,30,first_30_seconds_before_viewing_outcomes,candidate_not_test,pending,metadata_only_not_PTS_audited
lindian_8a5d4ca3ef3ce8_first30,lindian_8a5d4ca3ef3ce8,lindian,E:\real\use_code\林甸红外视频\归档\0811\上午\B三号舍病牛区\20230811T072018n210961\20230811T072018n210961.MP4,20230811T072018_210961,210961,0,30,first_30_seconds_before_viewing_outcomes,candidate_not_test,pending,metadata_only_not_PTS_audited
lindian_4ab09d41bc8bd7_first30,lindian_4ab09d41bc8bd7,lindian,E:\real\use_code\林甸红外视频\归档\0811\上午\B三号舍病牛区\20230811T074134n210961\20230811T074134n210961.MP4,20230811T074134_210961,210961,0,30,first_30_seconds_before_viewing_outcomes,candidate_not_test,pending,metadata_only_not_PTS_audited
lindian_44e860e30de442_first30,lindian_44e860e30de442,lindian,E:\real\use_code\林甸红外视频\归档\0811\上午\B三号舍病牛区\20230811T074735n200723\20230811T074735n200723.MP4,20230811T074735_200723,200723,0,30,first_30_seconds_before_viewing_outcomes,candidate_not_test,pending,metadata_only_not_PTS_audited
lindian_e00c7a45870b2e_first30,lindian_e00c7a45870b2e,lindian,E:\real\use_code\林甸红外视频\归档\0811\上午\B三号舍病牛区\20230811T075054n170240\20230811T075054n170240.MP4,20230811T075054_170240,170240,0,30,first_30_seconds_before_viewing_outcomes,candidate_not_test,pending,metadata_only_not_PTS_audited
lindian_9f7ef32ad8575c_first30,lindian_9f7ef32ad8575c,lindian,E:\real\use_code\林甸红外视频\归档\0811\上午\B三号舍病牛区\20230811T075538n205256\20230811T075538n205256.MP4,20230811T075538_205256,205256,0,30,first_30_seconds_before_viewing_outcomes,candidate_not_test,pending,metadata_only_not_PTS_audited
lindian_a4b364a2999434_first30,lindian_a4b364a2999434,lindian,E:\real\use_code\林甸红外视频\归档\0811\上午\B三号舍病牛区\20230811T075755n170355\20230811T075755n170355.MP4,20230811T075755_170355,170355,0,30,first_30_seconds_before_viewing_outcomes,candidate_not_test,pending,metadata_only_not_PTS_audited
lindian_5cf98ff82a033b_first30,lindian_5cf98ff82a033b,lindian,E:\real\use_code\林甸红外视频\归档\0811\上午\B三号舍病牛区\20230811T080002n6516\20230811T080002n6516.MP4,20230811T080002_6516,6516,0,30,first_30_seconds_before_viewing_outcomes,candidate_not_test,pending,metadata_only_not_PTS_audited
lindian_80e086d3a301bb_first30,lindian_80e086d3a301bb,lindian,E:\real\use_code\林甸红外视频\归档\0811\上午\B三号舍病牛区\20230811T080002n6516\20230811T080227n3015.MP4,20230811T080227_3015,3015,0,30,first_30_seconds_before_viewing_outcomes,candidate_not_test,pending,metadata_only_not_PTS_audited
lindian_521f54139287cb_first30,lindian_521f54139287cb,lindian,E:\real\use_code\林甸红外视频\归档\0811\上午\B三号舍病牛区\20230811T080448n16110463\20230811T080448n16110463.MP4,20230811T080448_16110463,16110463,0,30,first_30_seconds_before_viewing_outcomes,candidate_not_test,pending,metadata_only_not_PTS_audited
lindian_336952839406fd_first30,lindian_336952839406fd,lindian,E:\real\use_code\林甸红外视频\归档\0811\上午\B三号舍病牛区\20230811T080640n4717\20230811T080640n4717.MP4,20230811T080640_4717,4717,0,30,first_30_seconds_before_viewing_outcomes,candidate_not_test,pending,metadata_only_not_PTS_audited
lindian_2e55ee277cfd4a_first30,lindian_2e55ee277cfd4a,lindian,E:\real\use_code\林甸红外视频\归档\0811\上午\B三号舍病牛区\20230811T080918n170071\20230811T080918n170071.MP4,20230811T080918_170071,170071,0,30,first_30_seconds_before_viewing_outcomes,candidate_not_test,pending,metadata_only_not_PTS_audited
lindian_931146fe6bcb39_first30,lindian_931146fe6bcb39,lindian,E:\real\use_code\林甸红外视频\归档\0811\上午\B三号舍病牛区\20230811T081625n16110514\20230811T081625n16110514.MP4,20230811T081625_16110514,16110514,0,30,first_30_seconds_before_viewing_outcomes,candidate_not_test,pending,metadata_only_not_PTS_audited
lindian_d49485e643deca_first30,lindian_d49485e643deca,lindian,E:\real\use_code\林甸红外视频\归档\0811\上午\B三号舍病牛区\20230811T082039n16110251\20230811T082039n16110251.MP4,20230811T082039_16110251,16110251,0,30,first_30_seconds_before_viewing_outcomes,candidate_not_test,pending,metadata_only_not_PTS_audited
lindian_3fb187839aa975_first30,lindian_3fb187839aa975,lindian,E:\real\use_code\林甸红外视频\归档\0811\上午\B三号舍病牛区\20230811T083835n200798\20230811T083835n200798.MP4,20230811T083835_200798,200798,0,30,first_30_seconds_before_viewing_outcomes,candidate_not_test,pending,metadata_only_not_PTS_audited
lindian_bfa9fdbafdc61b_first30,lindian_bfa9fdbafdc61b,lindian,E:\real\use_code\林甸红外视频\归档\0811\上午\B三号舍病牛区\20230811T084118n177301\20230811T084118n177301.MP4,20230811T084118_177301,177301,0,30,first_30_seconds_before_viewing_outcomes,candidate_not_test,pending,metadata_only_not_PTS_audited
lindian_abaa513c1a6f25_first30,lindian_abaa513c1a6f25,lindian,E:\real\use_code\林甸红外视频\归档\0811\上午\B三号舍病牛区\20230811T084358n200700\20230811T084358n200700.MP4,20230811T084358_200700,200700,0,30,first_30_seconds_before_viewing_outcomes,candidate_not_test,pending,metadata_only_not_PTS_audited
lindian_3d846462edd1e2_first30,lindian_3d846462edd1e2,lindian,E:\real\use_code\林甸红外视频\归档\0811\上午\B三号舍病牛区\20230811T084627n211046\20230811T084627n211046.MP4,20230811T084627_211046,211046,0,30,first_30_seconds_before_viewing_outcomes,candidate_not_test,pending,metadata_only_not_PTS_audited
lindian_bf2b96778b5d31_first30,lindian_bf2b96778b5d31,lindian,E:\real\use_code\林甸红外视频\归档\0811\上午\B三号舍病牛区\20230811T085130n4547\20230811T085130n4547.MP4,20230811T085130_4547,4547,0,30,first_30_seconds_before_viewing_outcomes,candidate_not_test,pending,metadata_only_not_PTS_audited
lindian_fb76f0117b8905_first30,lindian_fb76f0117b8905,lindian,E:\real\use_code\林甸红外视频\归档\0811\上午\B三号舍病牛区\20230811T085516n190514\20230811T085516n190514.MP4,20230811T085516_190514,190514,0,30,first_30_seconds_before_viewing_outcomes,candidate_not_test,pending,metadata_only_not_PTS_audited
lindian_ca34c3c3c382e9_first30,lindian_ca34c3c3c382e9,lindian,E:\real\use_code\林甸红外视频\归档\0811\上午\B三号舍病牛区\20230811T090127n190614\20230811T090127n190614.MP4,20230811T090127_190614,190614,0,30,first_30_seconds_before_viewing_outcomes,candidate_not_test,pending,metadata_only_not_PTS_audited
lindian_729c1bc0d2de65_first30,lindian_729c1bc0d2de65,lindian,E:\real\use_code\林甸红外视频\归档\0811\上午\B三号舍病牛区\20230811T090353n170227\20230811T090353n170227.MP4,20230811T090353_170227,170227,0,30,first_30_seconds_before_viewing_outcomes,candidate_not_test,pending,metadata_only_not_PTS_audited
lindian_a3d074e3e66c2e_first30,lindian_a3d074e3e66c2e,lindian,E:\real\use_code\林甸红外视频\归档\0811\上午\B三号舍病牛区\20230811T090840n190514\20230811T090840n190514.MP4,20230811T090840_190514,190514,0,30,first_30_seconds_before_viewing_outcomes,candidate_not_test,pending,metadata_only_not_PTS_audited
lindian_ace259949b75fc_first30,lindian_ace259949b75fc,lindian,E:\real\use_code\林甸红外视频\归档\0811\上午\B三号舍病牛区\ff\20230811T074304n189417.MP4,20230811T074304_189417,189417,0,30,first_30_seconds_before_viewing_outcomes,candidate_not_test,pending,metadata_only_not_PTS_audited
lindian_78d5f12a786aa8_first30,lindian_78d5f12a786aa8,lindian,E:\real\use_code\林甸红外视频\归档\0811\上午\B三号舍病牛区\ff\20230811T074453n200794.MP4,20230811T074453_200794,200794,0,30,first_30_seconds_before_viewing_outcomes,candidate_not_test,pending,metadata_only_not_PTS_audited
lindian_676ef92b87f2db_first30,lindian_676ef92b87f2db,lindian,E:\real\use_code\林甸红外视频\归档\0811\上午\B三号舍病牛区\ff\20230811T075254n190543.MP4,20230811T075254_190543,190543,0,30,first_30_seconds_before_viewing_outcomes,candidate_not_test,pending,metadata_only_not_PTS_audited
lindian_1fc47fdf524e09_first30,lindian_1fc47fdf524e09,lindian,E:\real\use_code\林甸红外视频\归档\0811\上午\B三号舍病牛区\ff\20230811T081148n200741.MP4,20230811T081148_200741,200741,0,30,first_30_seconds_before_viewing_outcomes,candidate_not_test,pending,metadata_only_not_PTS_audited
lindian_81e7997ba935df_first30,lindian_81e7997ba935df,lindian,E:\real\use_code\林甸红外视频\归档\0811\上午\B三号舍病牛区\ff\20230811T084846n170131.MP4,20230811T084846_170131,170131,0,30,first_30_seconds_before_viewing_outcomes,candidate_not_test,pending,metadata_only_not_PTS_audited
lindian_f46454d7c7cc04_first30,lindian_f46454d7c7cc04,lindian,E:\real\use_code\林甸红外视频\归档\0811\上午\B三号舍病牛区\ff\20230811T090650n200723.MP4,20230811T090650_200723,200723,0,30,first_30_seconds_before_viewing_outcomes,candidate_not_test,pending,metadata_only_not_PTS_audited
lindian_a8f756463e8fc2_first30,lindian_a8f756463e8fc2,lindian,E:\real\use_code\林甸红外视频\归档\0811\上午\B三号舍病牛区\ff\20230811T091246n190455.MP4,20230811T091246_190455,190455,0,30,first_30_seconds_before_viewing_outcomes,candidate_not_test,pending,metadata_only_not_PTS_audited
lindian_6137c37d1b5a83_first30,lindian_6137c37d1b5a83,lindian,E:\real\use_code\林甸红外视频\归档\0811\上午\B三号舍病牛区\fs\20230811T085807n190614.MP4,20230811T085807_190614,190614,0,30,first_30_seconds_before_viewing_outcomes,candidate_not_test,pending,metadata_only_not_PTS_audited
lindian_b690a93f408e01_first30,lindian_b690a93f408e01,lindian,E:\real\use_code\林甸红外视频\归档\0811\下午\B一号舍高产区未下夹子\20230811T152033n413\20230811T152033n413.MP4,20230811T152033_413,413,0,30,first_30_seconds_before_viewing_outcomes,candidate_not_test,pending,metadata_only_not_PTS_audited
lindian_d22c96776e277c_first30,lindian_d22c96776e277c,lindian,E:\real\use_code\林甸红外视频\归档\0811\下午\B一号舍高产区未下夹子\20230811T152614n196284\20230811T152614n196284.MP4,20230811T152614_196284,196284,0,30,first_30_seconds_before_viewing_outcomes,candidate_not_test,pending,metadata_only_not_PTS_audited
lindian_2f91f693b3e413_first30,lindian_2f91f693b3e413,lindian,E:\real\use_code\林甸红外视频\归档\0811\下午\B一号舍高产区未下夹子\20230811T152751n196558\20230811T152751n196558.MP4,20230811T152751_196558,196558,0,30,first_30_seconds_before_viewing_outcomes,candidate_not_test,pending,metadata_only_not_PTS_audited
lindian_aa6d5c0e043249_first30,lindian_aa6d5c0e043249,lindian,E:\real\use_code\林甸红外视频\归档\0811\下午\B一号舍高产区未下夹子\20230811T153011n200649\20230811T153011n200649.MP4,20230811T153011_200649,200649,0,30,first_30_seconds_before_viewing_outcomes,candidate_not_test,pending,metadata_only_not_PTS_audited
lindian_ff4b06d297a914_first30,lindian_ff4b06d297a914,lindian,E:\real\use_code\林甸红外视频\归档\0811\下午\B一号舍高产区未下夹子\20230811T155609n211108\20230811T155609n211108.MP4,20230811T155609_211108,211108,0,30,first_30_seconds_before_viewing_outcomes,candidate_not_test,pending,metadata_only_not_PTS_audited
lindian_5029c0abff2867_first30,lindian_5029c0abff2867,lindian,E:\real\use_code\林甸红外视频\归档\0811\下午\B一号舍高产区未下夹子\20230811T162341n211085.MP4,20230811T162341_211085,211085,0,30,first_30_seconds_before_viewing_outcomes,candidate_not_test,pending,metadata_only_not_PTS_audited
lindian_fb6d618a6f5bdc_first30,lindian_fb6d618a6f5bdc,lindian,E:\real\use_code\林甸红外视频\归档\0811\下午\B一号舍高产区未下夹子\20230811T162723n211085.MP4,20230811T162723_211085,211085,0,30,first_30_seconds_before_viewing_outcomes,candidate_not_test,pending,metadata_only_not_PTS_audited
lindian_9a1bde8ac67326_first30,lindian_9a1bde8ac67326,lindian,E:\real\use_code\林甸红外视频\归档\0811\下午\B一号舍高产区未下夹子\20230811T163046n1456 0298\20230811T163046n1456 0298.MP4,20230811T163046_1456,1456,0,30,first_30_seconds_before_viewing_outcomes,candidate_not_test,pending,metadata_only_not_PTS_audited
lindian_4d42e820374d4e_first30,lindian_4d42e820374d4e,lindian,E:\real\use_code\林甸红外视频\归档\0811\下午\B一号舍高产区未下夹子\20230811T163328n211107\20230811T163328n211107.MP4,20230811T163328_211107,211107,0,30,first_30_seconds_before_viewing_outcomes,candidate_not_test,pending,metadata_only_not_PTS_audited
lindian_adba9775aa9b06_first30,lindian_adba9775aa9b06,lindian,E:\real\use_code\林甸红外视频\归档\0811\下午\B一号舍高产区未下夹子\ff\20230811T152314n210944.MP4,20230811T152314_210944,210944,0,30,first_30_seconds_before_viewing_outcomes,candidate_not_test,pending,metadata_only_not_PTS_audited
lindian_b8e07c7e0e15fd_first30,lindian_b8e07c7e0e15fd,lindian,E:\real\use_code\林甸红外视频\归档\0811\下午\B一号舍高产区未下夹子\ff\20230811T153425n211101.MP4,20230811T153425_211101,211101,0,30,first_30_seconds_before_viewing_outcomes,candidate_not_test,pending,metadata_only_not_PTS_audited
lindian_e790b21ccc68e3_first30,lindian_e790b21ccc68e3,lindian,E:\real\use_code\林甸红外视频\归档\0811\下午\B一号舍高产区未下夹子\ff\20230811T154322n210995.MP4,20230811T154322_210995,210995,0,30,first_30_seconds_before_viewing_outcomes,candidate_not_test,pending,metadata_only_not_PTS_audited
lindian_aabaafc6d64035_first30,lindian_aabaafc6d64035,lindian,E:\real\use_code\林甸红外视频\归档\0811\下午\B一号舍高产区未下夹子\ff\20230811T154502n16110414.MP4,20230811T154502_16110414,16110414,0,30,first_30_seconds_before_viewing_outcomes,candidate_not_test,pending,metadata_only_not_PTS_audited
lindian_d1dde46267255a_first30,lindian_d1dde46267255a,lindian,E:\real\use_code\林甸红外视频\归档\0811\下午\B一号舍高产区未下夹子\ff\20230811T154646n200843.MP4,20230811T154646_200843,200843,0,30,first_30_seconds_before_viewing_outcomes,candidate_not_test,pending,metadata_only_not_PTS_audited
lindian_5e7c7f5712c2fc_first30,lindian_5e7c7f5712c2fc,lindian,E:\real\use_code\林甸红外视频\归档\0811\下午\B一号舍高产区未下夹子\ff\20230811T155815n200637.MP4,20230811T155815_200637,200637,0,30,first_30_seconds_before_viewing_outcomes,candidate_not_test,pending,metadata_only_not_PTS_audited
lindian_c4f4ceca5fffc7_first30,lindian_c4f4ceca5fffc7,lindian,E:\real\use_code\林甸红外视频\归档\0811\下午\B一号舍高产区未下夹子\ff\20230811T160053n200734.MP4,20230811T160053_200734,200734,0,30,first_30_seconds_before_viewing_outcomes,candidate_not_test,pending,metadata_only_not_PTS_audited
lindian_54a4f6a2845984_first30,lindian_54a4f6a2845984,lindian,E:\real\use_code\林甸红外视频\归档\0811\下午\B一号舍高产区未下夹子\ff\20230811T160243n197208.MP4,20230811T160243_197208,197208,0,30,first_30_seconds_before_viewing_outcomes,candidate_not_test,pending,metadata_only_not_PTS_audited
lindian_b64e4b59f7abde_first30,lindian_b64e4b59f7abde,lindian,E:\real\use_code\林甸红外视频\归档\0811\下午\B一号舍高产区未下夹子\ff\20230811T160927n189909.MP4,20230811T160927_189909,189909,0,30,first_30_seconds_before_viewing_outcomes,candidate_not_test,pending,metadata_only_not_PTS_audited
lindian_35282d7a7f7373_first30,lindian_35282d7a7f7373,lindian,E:\real\use_code\林甸红外视频\归档\0811\下午\B一号舍高产区未下夹子\ff\20230811T161304n211038.MP4,20230811T161304_211038,211038,0,30,first_30_seconds_before_viewing_outcomes,candidate_not_test,pending,metadata_only_not_PTS_audited
lindian_501947e54de4a1_first30,lindian_501947e54de4a1,lindian,E:\real\use_code\林甸红外视频\归档\0811\下午\B一号舍高产区未下夹子\ff\20230811T161603n160264.MP4,20230811T161603_160264,160264,0,30,first_30_seconds_before_viewing_outcomes,candidate_not_test,pending,metadata_only_not_PTS_audited
lindian_43d45f0c06c601_first30,lindian_43d45f0c06c601,lindian,E:\real\use_code\林甸红外视频\归档\0811\下午\B一号舍高产区未下夹子\ff\20230811T162059n211085.MP4,20230811T162059_211085,211085,0,30,first_30_seconds_before_viewing_outcomes,candidate_not_test,pending,metadata_only_not_PTS_audited
lindian_d572a70a510a31_first30,lindian_d572a70a510a31,lindian,E:\real\use_code\林甸红外视频\归档\0811\下午\B二号舍青年区夹子\20230811T165518n221293\20230811T165518n221293.MP4,20230811T165518_221293,221293,0,30,first_30_seconds_before_viewing_outcomes,candidate_not_test,pending,metadata_only_not_PTS_audited
lindian_1efa914f492765_first30,lindian_1efa914f492765,lindian,E:\real\use_code\林甸红外视频\归档\0811\下午\B二号舍青年区夹子\20230811T170040n221294\20230811T170040n221294.MP4,20230811T170040_221294,221294,0,30,first_30_seconds_before_viewing_outcomes,candidate_not_test,pending,metadata_only_not_PTS_audited
lindian_161aabfd4aecd1_first30,lindian_161aabfd4aecd1,lindian,E:\real\use_code\林甸红外视频\归档\0811\下午\B二号舍青年区夹子\20230811T170634n221296\20230811T170634n221296.MP4,20230811T170634_221296,221296,0,30,first_30_seconds_before_viewing_outcomes,candidate_not_test,pending,metadata_only_not_PTS_audited
lindian_ed9f02c48d2aa3_first30,lindian_ed9f02c48d2aa3,lindian,E:\real\use_code\林甸红外视频\归档\0811\下午\B二号舍青年区夹子\20230811T171205n221299\20230811T171205n221299.MP4,20230811T171205_221299,221299,0,30,first_30_seconds_before_viewing_outcomes,candidate_not_test,pending,metadata_only_not_PTS_audited
lindian_7130c9dc30ef86_first30,lindian_7130c9dc30ef86,lindian,E:\real\use_code\林甸红外视频\归档\0811\下午\B二号舍青年区夹子\20230811T171907n221299\20230811T171907n221299.MP4,20230811T171907_221299,221299,0,30,first_30_seconds_before_viewing_outcomes,candidate_not_test,pending,metadata_only_not_PTS_audited
lindian_c7828308b905e1_first30,lindian_c7828308b905e1,lindian,E:\real\use_code\林甸红外视频\归档\0811\下午\B二号舍青年区夹子\ff\20230811T165100n221221.MP4,20230811T165100_221221,221221,0,30,first_30_seconds_before_viewing_outcomes,candidate_not_test,pending,metadata_only_not_PTS_audited
lindian_3c47cec7fc3ca8_first30,lindian_3c47cec7fc3ca8,lindian,E:\real\use_code\林甸红外视频\归档\0811\下午\B二号舍青年区夹子\ff\20230811T172119n221327.MP4,20230811T172119_221327,221327,0,30,first_30_seconds_before_viewing_outcomes,candidate_not_test,pending,metadata_only_not_PTS_audited
lindian_1aa8f42653e890_first30,lindian_1aa8f42653e890,lindian,E:\real\use_code\林甸红外视频\归档\0811\下午\B二号舍青年区夹子\ts\20230811T164443n221276.MP4,20230811T164443_221276,221276,0,30,first_30_seconds_before_viewing_outcomes,candidate_not_test,pending,metadata_only_not_PTS_audited
lindian_848b5687cd3fa5_first30,lindian_848b5687cd3fa5,lindian,E:\real\use_code\林甸红外视频\归档\0812\上午\B三号舍新产区\20230812T073243n211146\20230812T073243n211146.MP4,20230812T073243_211146,211146,0,30,first_30_seconds_before_viewing_outcomes,candidate_not_test,pending,metadata_only_not_PTS_audited
lindian_0fbacff7718ba4_first30,lindian_0fbacff7718ba4,lindian,E:\real\use_code\林甸红外视频\归档\0812\上午\B三号舍新产区\20230812T073523n6527\20230812T073523n6527.MP4,20230812T073523_6527,6527,0,30,first_30_seconds_before_viewing_outcomes,candidate_not_test,pending,metadata_only_not_PTS_audited
lindian_427976af60b5c5_first30,lindian_427976af60b5c5,lindian,E:\real\use_code\林甸红外视频\归档\0812\上午\B三号舍新产区\20230812T073721n200797\20230812T073721n200797.MP4,20230812T073721_200797,200797,0,30,first_30_seconds_before_viewing_outcomes,candidate_not_test,pending,metadata_only_not_PTS_audited
lindian_2d205143f1b700_first30,lindian_2d205143f1b700,lindian,E:\real\use_code\林甸红外视频\归档\0812\上午\B三号舍新产区\20230812T073937n211155\20230812T073937n211155.MP4,20230812T073937_211155,211155,0,30,first_30_seconds_before_viewing_outcomes,candidate_not_test,pending,metadata_only_not_PTS_audited
lindian_cced0702c42bfc_first30,lindian_cced0702c42bfc,lindian,E:\real\use_code\林甸红外视频\归档\0812\上午\B三号舍新产区\20230812T074335n196647\20230812T074335n196647.MP4,20230812T074335_196647,196647,0,30,first_30_seconds_before_viewing_outcomes,candidate_not_test,pending,metadata_only_not_PTS_audited
lindian_071d88e7bb74c3_first30,lindian_071d88e7bb74c3,lindian,E:\real\use_code\林甸红外视频\归档\0812\上午\B三号舍新产区\20230812T074923n200870\20230812T074923n200870.MP4,20230812T074923_200870,200870,0,30,first_30_seconds_before_viewing_outcomes,candidate_not_test,pending,metadata_only_not_PTS_audited
lindian_c221a4180901d3_first30,lindian_c221a4180901d3,lindian,E:\real\use_code\林甸红外视频\归档\0812\上午\B三号舍新产区\20230812T075216n196653\20230812T075216n196653.MP4,20230812T075216_196653,196653,0,30,first_30_seconds_before_viewing_outcomes,candidate_not_test,pending,metadata_only_not_PTS_audited
lindian_ecd5b67b291b1c_first30,lindian_ecd5b67b291b1c,lindian,E:\real\use_code\林甸红外视频\归档\0812\上午\B三号舍新产区\20230812T075444n211035\20230812T075444n211035.MP4,20230812T075444_211035,211035,0,30,first_30_seconds_before_viewing_outcomes,candidate_not_test,pending,metadata_only_not_PTS_audited
lindian_e76dc9ce276211_first30,lindian_e76dc9ce276211,lindian,E:\real\use_code\林甸红外视频\归档\0812\上午\B三号舍新产区\20230812T075706n5364\20230812T075706n5364.MP4,20230812T075706_5364,5364,0,30,first_30_seconds_before_viewing_outcomes,candidate_not_test,pending,metadata_only_not_PTS_audited
lindian_904a657f49e9eb_first30,lindian_904a657f49e9eb,lindian,E:\real\use_code\林甸红外视频\归档\0812\上午\B三号舍新产区\20230812T080016n179252\20230812T080016n179252.MP4,20230812T080016_179252,179252,0,30,first_30_seconds_before_viewing_outcomes,candidate_not_test,pending,metadata_only_not_PTS_audited
lindian_c2673135f47627_first30,lindian_c2673135f47627,lindian,E:\real\use_code\林甸红外视频\归档\0812\上午\B三号舍新产区\20230812T080241n211051\20230812T080241n211051.MP4,20230812T080241_211051,211051,0,30,first_30_seconds_before_viewing_outcomes,candidate_not_test,pending,metadata_only_not_PTS_audited
lindian_6021286fca8cfe_first30,lindian_6021286fca8cfe,lindian,E:\real\use_code\林甸红外视频\归档\0812\上午\B三号舍新产区\20230812T080533n211153\20230812T080533n211153.MP4,20230812T080533_211153,211153,0,30,first_30_seconds_before_viewing_outcomes,candidate_not_test,pending,metadata_only_not_PTS_audited
lindian_3fd86517a083e2_first30,lindian_3fd86517a083e2,lindian,E:\real\use_code\林甸红外视频\归档\0812\上午\B三号舍新产区\ff\20230812T074208n210952.MP4,20230812T074208_210952,210952,0,30,first_30_seconds_before_viewing_outcomes,candidate_not_test,pending,metadata_only_not_PTS_audited
lindian_ed05e57ad2a559_first30,lindian_ed05e57ad2a559,lindian,E:\real\use_code\林甸红外视频\归档\0812\上午\B三号舍新产区\ff\20230812T074700n16110432.MP4,20230812T074700_16110432,16110432,0,30,first_30_seconds_before_viewing_outcomes,candidate_not_test,pending,metadata_only_not_PTS_audited
lindian_cb7170e1983c3c_first30,lindian_cb7170e1983c3c,lindian,E:\real\use_code\林甸红外视频\归档\0812\上午\B三号舍病牛区中雨未进食\20230812T070150n189664\20230812T070150n189664.MP4,20230812T070150_189664,189664,0,30,first_30_seconds_before_viewing_outcomes,candidate_not_test,pending,metadata_only_not_PTS_audited
lindian_08174232f7b6bb_first30,lindian_08174232f7b6bb,lindian,E:\real\use_code\林甸红外视频\归档\0812\上午\B三号舍病牛区中雨未进食\20230812T070617n210984\20230812T070617n210984.MP4,20230812T070617_210984,210984,0,30,first_30_seconds_before_viewing_outcomes,candidate_not_test,pending,metadata_only_not_PTS_audited
lindian_e52bff457bb8b3_first30,lindian_e52bff457bb8b3,lindian,E:\real\use_code\林甸红外视频\归档\0812\上午\B三号舍病牛区中雨未进食\20230812T071105n170320\20230812T071105n170320.MP4,20230812T071105_170320,170320,0,30,first_30_seconds_before_viewing_outcomes,candidate_not_test,pending,metadata_only_not_PTS_audited
lindian_79947989a6747f_first30,lindian_79947989a6747f,lindian,E:\real\use_code\林甸红外视频\归档\0812\上午\B三号舍病牛区中雨未进食\20230812T071510n190514\20230812T071510n190514.MP4,20230812T071510_190514,190514,0,30,first_30_seconds_before_viewing_outcomes,candidate_not_test,pending,metadata_only_not_PTS_audited
lindian_a2ca4fcb8cb281_first30,lindian_a2ca4fcb8cb281,lindian,E:\real\use_code\林甸红外视频\归档\0812\上午\B三号舍病牛区中雨未进食\20230812T071836n170227\20230812T071836n170227.MP4,20230812T071836_170227,170227,0,30,first_30_seconds_before_viewing_outcomes,candidate_not_test,pending,metadata_only_not_PTS_audited
lindian_fcbef7856b2d4d_first30,lindian_fcbef7856b2d4d,lindian,E:\real\use_code\林甸红外视频\归档\0812\上午\B三号舍病牛区中雨未进食\20230812T072049n210993\20230812T072049n210993.MP4,20230812T072049_210993,210993,0,30,first_30_seconds_before_viewing_outcomes,candidate_not_test,pending,metadata_only_not_PTS_audited
lindian_58c53529b860c2_first30,lindian_58c53529b860c2,lindian,E:\real\use_code\林甸红外视频\归档\0812\上午\B三号舍病牛区中雨未进食\20230812T072536n4514\20230812T072536n4514.MP4,20230812T072536_4514,4514,0,30,first_30_seconds_before_viewing_outcomes,candidate_not_test,pending,metadata_only_not_PTS_audited
lindian_a5f2c9b69613e6_first30,lindian_a5f2c9b69613e6,lindian,E:\real\use_code\林甸红外视频\归档\0812\上午\B三号舍病牛区中雨未进食\20230812T072736n200798\20230812T072736n200798.MP4,20230812T072736_200798,200798,0,30,first_30_seconds_before_viewing_outcomes,candidate_not_test,pending,metadata_only_not_PTS_audited
lindian_af760f476f1dbd_first30,lindian_af760f476f1dbd,lindian,E:\real\use_code\林甸红外视频\归档\0812\上午\B三号舍病牛区中雨未进食\20230812T080953n16110075\20230812T080953n16110075.MP4,20230812T080953_16110075,16110075,0,30,first_30_seconds_before_viewing_outcomes,candidate_not_test,pending,metadata_only_not_PTS_audited
lindian_b8d452fa687491_first30,lindian_b8d452fa687491,lindian,E:\real\use_code\林甸红外视频\归档\0812\上午\B三号舍病牛区中雨未进食\20230812T081250n190514\20230812T081250n190514.MP4,20230812T081250_190514,190514,0,30,first_30_seconds_before_viewing_outcomes,candidate_not_test,pending,metadata_only_not_PTS_audited
lindian_04eed4637b0986_first30,lindian_04eed4637b0986,lindian,E:\real\use_code\林甸红外视频\归档\0812\上午\B三号舍病牛区中雨未进食\20230812T081419n170355\20230812T081419n170355.MP4,20230812T081419_170355,170355,0,30,first_30_seconds_before_viewing_outcomes,candidate_not_test,pending,metadata_only_not_PTS_audited
lindian_343d14048bdce0_first30,lindian_343d14048bdce0,lindian,E:\real\use_code\林甸红外视频\归档\0812\上午\B三号舍病牛区中雨未进食\20230812T083827n190625\20230812T083827n190625.MP4,20230812T083827_190625,190625,0,30,first_30_seconds_before_viewing_outcomes,candidate_not_test,pending,metadata_only_not_PTS_audited
lindian_e62e357c68917a_first30,lindian_e62e357c68917a,lindian,E:\real\use_code\林甸红外视频\归档\0812\上午\B三号舍病牛区中雨未进食\20230812T085106n189556\20230812T085106n189556.MP4,20230812T085106_189556,189556,0,30,first_30_seconds_before_viewing_outcomes,candidate_not_test,pending,metadata_only_not_PTS_audited
lindian_1e30735c9c1185_first30,lindian_1e30735c9c1185,lindian,E:\real\use_code\林甸红外视频\归档\0812\上午\B三号舍病牛区中雨未进食\ff\20230812T070756n190543.MP4,20230812T070756_190543,190543,0,30,first_30_seconds_before_viewing_outcomes,candidate_not_test,pending,metadata_only_not_PTS_audited
lindian_b455e8f6f8788f_first30,lindian_b455e8f6f8788f,lindian,E:\real\use_code\林甸红外视频\归档\0812\上午\B三号舍病牛区中雨未进食\ff\20230812T072303n189417.MP4,20230812T072303_189417,189417,0,30,first_30_seconds_before_viewing_outcomes,candidate_not_test,pending,metadata_only_not_PTS_audited
lindian_232f3a842c1df8_first30,lindian_232f3a842c1df8,lindian,E:\real\use_code\林甸红外视频\归档\0812\上午\B三号舍病牛区中雨未进食\ff\20230812T073014n200794.MP4,20230812T073014_200794,200794,0,30,first_30_seconds_before_viewing_outcomes,candidate_not_test,pending,metadata_only_not_PTS_audited
lindian_d2e8be9ae20a87_first30,lindian_d2e8be9ae20a87,lindian,E:\real\use_code\林甸红外视频\归档\0812\上午\B三号舍病牛区中雨未进食\ff\20230812T081728n197580.MP4,20230812T081728_197580,197580,0,30,first_30_seconds_before_viewing_outcomes,candidate_not_test,pending,metadata_only_not_PTS_audited
lindian_f271da53cc701d_first30,lindian_f271da53cc701d,lindian,E:\real\use_code\林甸红外视频\归档\0812\上午\B三号舍病牛区中雨未进食\ff\20230812T081938n200700.MP4,20230812T081938_200700,200700,0,30,first_30_seconds_before_viewing_outcomes,candidate_not_test,pending,metadata_only_not_PTS_audited
lindian_35d228c5158254_first30,lindian_35d228c5158254,lindian,E:\real\use_code\林甸红外视频\归档\0812\上午\B三号舍病牛区中雨未进食\ff\20230812T082250n177301.MP4,20230812T082250_177301,177301,0,30,first_30_seconds_before_viewing_outcomes,candidate_not_test,pending,metadata_only_not_PTS_audited
lindian_ee4cfa70b54bd8_first30,lindian_ee4cfa70b54bd8,lindian,E:\real\use_code\林甸红外视频\归档\0812\上午\B三号舍病牛区中雨未进食\ff\20230812T082611n170071.MP4,20230812T082611_170071,170071,0,30,first_30_seconds_before_viewing_outcomes,candidate_not_test,pending,metadata_only_not_PTS_audited
lindian_369e4aca4a6f96_first30,lindian_369e4aca4a6f96,lindian,E:\real\use_code\林甸红外视频\归档\0812\上午\B三号舍病牛区中雨未进食\ff\20230812T082927n170240.MP4,20230812T082927_170240,170240,0,30,first_30_seconds_before_viewing_outcomes,candidate_not_test,pending,metadata_only_not_PTS_audited
lindian_f837dce716d42d_first30,lindian_f837dce716d42d,lindian,E:\real\use_code\林甸红外视频\归档\0812\上午\B三号舍病牛区中雨未进食\ff\20230812T083411n16110251.MP4,20230812T083411_16110251,16110251,0,30,first_30_seconds_before_viewing_outcomes,candidate_not_test,pending,metadata_only_not_PTS_audited
lindian_29186a236608b7_first30,lindian_29186a236608b7,lindian,E:\real\use_code\林甸红外视频\归档\0812\上午\B三号舍病牛区中雨未进食\ff\20230812T083952n211046.MP4,20230812T083952_211046,211046,0,30,first_30_seconds_before_viewing_outcomes,candidate_not_test,pending,metadata_only_not_PTS_audited
lindian_659d8aceea121d_first30,lindian_659d8aceea121d,lindian,E:\real\use_code\林甸红外视频\归档\0812\上午\B三号舍病牛区中雨未进食\ff\20230812T084456n0748.MP4,20230812T084456_0748,0748,0,30,first_30_seconds_before_viewing_outcomes,candidate_not_test,pending,metadata_only_not_PTS_audited
lindian_909dba626ef5ee_first30,lindian_909dba626ef5ee,lindian,E:\real\use_code\林甸红外视频\归档\0812\下午\B一号舍\20230812T150739n189909\20230812T150739n189909.MP4,20230812T150739_189909,189909,0,30,first_30_seconds_before_viewing_outcomes,candidate_not_test,pending,metadata_only_not_PTS_audited
lindian_3e958b66e7d36e_first30,lindian_3e958b66e7d36e,lindian,E:\real\use_code\林甸红外视频\归档\0812\下午\B一号舍\20230812T150947n200725\20230812T150947n200725.MP4,20230812T150947_200725,200725,0,30,first_30_seconds_before_viewing_outcomes,candidate_not_test,pending,metadata_only_not_PTS_audited
lindian_9b1f6c0054f634_first30,lindian_9b1f6c0054f634,lindian,E:\real\use_code\林甸红外视频\归档\0812\下午\B一号舍\20230812T151209n200697\20230812T151209n200697.MP4,20230812T151209_200697,200697,0,30,first_30_seconds_before_viewing_outcomes,candidate_not_test,pending,metadata_only_not_PTS_audited
lindian_35e35457207b8c_first30,lindian_35e35457207b8c,lindian,E:\real\use_code\林甸红外视频\归档\0812\下午\B一号舍\20230812T151551n211073\20230812T151551n211073.MP4,20230812T151551_211073,211073,0,30,first_30_seconds_before_viewing_outcomes,candidate_not_test,pending,metadata_only_not_PTS_audited
lindian_9a30752d3ef357_first30,lindian_9a30752d3ef357,lindian,E:\real\use_code\林甸红外视频\归档\0812\下午\B一号舍\20230812T151828n211052\20230812T151828n211052.MP4,20230812T151828_211052,211052,0,30,first_30_seconds_before_viewing_outcomes,candidate_not_test,pending,metadata_only_not_PTS_audited
lindian_d862c67efef465_first30,lindian_d862c67efef465,lindian,E:\real\use_code\林甸红外视频\归档\0812\下午\B一号舍\20230812T152128n211066\20230812T152128n211066.MP4,20230812T152128_211066,211066,0,30,first_30_seconds_before_viewing_outcomes,candidate_not_test,pending,metadata_only_not_PTS_audited
lindian_f824d27d8b31aa_first30,lindian_f824d27d8b31aa,lindian,E:\real\use_code\林甸红外视频\归档\0812\下午\B一号舍\20230812T152745n211038\20230812T152745n211038.MP4,20230812T152745_211038,211038,0,30,first_30_seconds_before_viewing_outcomes,candidate_not_test,pending,metadata_only_not_PTS_audited
lindian_b916085653e2b5_first30,lindian_b916085653e2b5,lindian,E:\real\use_code\林甸红外视频\归档\0812\下午\B一号舍\20230812T153300n211007\20230812T153300n211007.MP4,20230812T153300_211007,211007,0,30,first_30_seconds_before_viewing_outcomes,candidate_not_test,pending,metadata_only_not_PTS_audited
lindian_ddde2166bbb055_first30,lindian_ddde2166bbb055,lindian,E:\real\use_code\林甸红外视频\归档\0812\下午\B一号舍\20230812T153547n200855\20230812T153547n200855.MP4,20230812T153547_200855,200855,0,30,first_30_seconds_before_viewing_outcomes,candidate_not_test,pending,metadata_only_not_PTS_audited
lindian_fb638a46053031_first30,lindian_fb638a46053031,lindian,E:\real\use_code\林甸红外视频\归档\0812\下午\B一号舍\20230812T153853n9075\20230812T153853n9075.MP4,20230812T153853_9075,9075,0,30,first_30_seconds_before_viewing_outcomes,candidate_not_test,pending,metadata_only_not_PTS_audited
lindian_f4a05b5bbc88dc_first30,lindian_f4a05b5bbc88dc,lindian,E:\real\use_code\林甸红外视频\归档\0812\下午\B一号舍\20230812T155325n197002\20230812T155325n197002.MP4,20230812T155325_197002,197002,0,30,first_30_seconds_before_viewing_outcomes,candidate_not_test,pending,metadata_only_not_PTS_audited
lindian_ffbe798aabbf42_first30,lindian_ffbe798aabbf42,lindian,E:\real\use_code\林甸红外视频\归档\0812\下午\B一号舍\20230812T155559n196178\20230812T155559n196178.MP4,20230812T155559_196178,196178,0,30,first_30_seconds_before_viewing_outcomes,candidate_not_test,pending,metadata_only_not_PTS_audited
lindian_f6813bc9dedc58_first30,lindian_f6813bc9dedc58,lindian,E:\real\use_code\林甸红外视频\归档\0812\下午\B一号舍\20230812T155908n2551\20230812T155908n2551.MP4,20230812T155908_2551,2551,0,30,first_30_seconds_before_viewing_outcomes,candidate_not_test,pending,metadata_only_not_PTS_audited
lindian_dc984c9a1c9fb3_first30,lindian_dc984c9a1c9fb3,lindian,E:\real\use_code\林甸红外视频\归档\0812\下午\B一号舍\20230812T160250n170167\20230812T160250n170167.MP4,20230812T160250_170167,170167,0,30,first_30_seconds_before_viewing_outcomes,candidate_not_test,pending,metadata_only_not_PTS_audited
lindian_4ebd5d4c980758_first30,lindian_4ebd5d4c980758,lindian,E:\real\use_code\林甸红外视频\归档\0812\下午\B一号舍\ff\20230812T152420n211106.MP4,20230812T152420_211106,211106,0,30,first_30_seconds_before_viewing_outcomes,candidate_not_test,pending,metadata_only_not_PTS_audited
lindian_e70df94ded0a31_first30,lindian_e70df94ded0a31,lindian,E:\real\use_code\林甸红外视频\归档\0812\下午\B一号舍\ff\20230812T154214n190627.MP4,20230812T154214_190627,190627,0,30,first_30_seconds_before_viewing_outcomes,candidate_not_test,pending,metadata_only_not_PTS_audited
lindian_f1e9c75e031b86_first30,lindian_f1e9c75e031b86,lindian,E:\real\use_code\林甸红外视频\归档\0812\下午\B一号舍\ff\20230812T154408n210956.MP4,20230812T154408_210956,210956,0,30,first_30_seconds_before_viewing_outcomes,candidate_not_test,pending,metadata_only_not_PTS_audited
lindian_4d5bd6c00c1beb_first30,lindian_4d5bd6c00c1beb,lindian,E:\real\use_code\林甸红外视频\归档\0812\下午\B一号舍\ff\20230812T160138n5695.MP4,20230812T160138_5695,5695,0,30,first_30_seconds_before_viewing_outcomes,candidate_not_test,pending,metadata_only_not_PTS_audited
lindian_d77af768fb247c_first30,lindian_d77af768fb247c,lindian,E:\real\use_code\林甸红外视频\归档\0812\下午\B一号舍\ff\20230812T161055n200689.MP4,20230812T161055_200689,200689,0,30,first_30_seconds_before_viewing_outcomes,candidate_not_test,pending,metadata_only_not_PTS_audited
lindian_29328979ef6163_first30,lindian_29328979ef6163,lindian,E:\real\use_code\林甸红外视频\归档\0812\下午\B一号舍\ff\20230812T161341n190466.MP4,20230812T161341_190466,190466,0,30,first_30_seconds_before_viewing_outcomes,candidate_not_test,pending,metadata_only_not_PTS_audited
lindian_1f7330c15342b4_first30,lindian_1f7330c15342b4,lindian,E:\real\use_code\林甸红外视频\归档\0812\下午\B二号舍青年牛\20230812T164525n221275\20230812T164525n221275.MP4,20230812T164525_221275,221275,0,30,first_30_seconds_before_viewing_outcomes,candidate_not_test,pending,metadata_only_not_PTS_audited
lindian_2a05e73a59f3db_first30,lindian_2a05e73a59f3db,lindian,E:\real\use_code\林甸红外视频\归档\0812\下午\B二号舍青年牛\20230812T164857n221304\20230812T164857n221304.MP4,20230812T164857_221304,221304,0,30,first_30_seconds_before_viewing_outcomes,candidate_not_test,pending,metadata_only_not_PTS_audited
lindian_420bcf67a7294d_first30,lindian_420bcf67a7294d,lindian,E:\real\use_code\林甸红外视频\归档\0812\下午\B二号舍青年牛\20230812T165125n221321\20230812T165125n221321.MP4,20230812T165125_221321,221321,0,30,first_30_seconds_before_viewing_outcomes,candidate_not_test,pending,metadata_only_not_PTS_audited
lindian_212442ee08d7cb_first30,lindian_212442ee08d7cb,lindian,E:\real\use_code\林甸红外视频\归档\0812\下午\B二号舍青年牛\20230812T165334n221311\20230812T165334n221311.MP4,20230812T165334_221311,221311,0,30,first_30_seconds_before_viewing_outcomes,candidate_not_test,pending,metadata_only_not_PTS_audited
lindian_97c97915dc63b7_first30,lindian_97c97915dc63b7,lindian,E:\real\use_code\林甸红外视频\归档\0812\下午\B二号舍青年牛\20230812T170149n211122\20230812T170149n211122.MP4,20230812T170149_211122,211122,0,30,first_30_seconds_before_viewing_outcomes,candidate_not_test,pending,metadata_only_not_PTS_audited
lindian_0a39144cd6a875_first30,lindian_0a39144cd6a875,lindian,E:\real\use_code\林甸红外视频\归档\0812\下午\B二号舍青年牛\20230812T170850n221354\20230812T170850n221354.MP4,20230812T170850_221354,221354,0,30,first_30_seconds_before_viewing_outcomes,candidate_not_test,pending,metadata_only_not_PTS_audited
lindian_2ef203f6e46ccc_first30,lindian_2ef203f6e46ccc,lindian,E:\real\use_code\林甸红外视频\归档\0812\下午\B二号舍青年牛\ff\20230812T163058n221366.MP4,20230812T163058_221366,221366,0,30,first_30_seconds_before_viewing_outcomes,candidate_not_test,pending,metadata_only_not_PTS_audited
lindian_7180cfa4ebc84d_first30,lindian_7180cfa4ebc84d,lindian,E:\real\use_code\林甸红外视频\归档\0812\下午\B二号舍青年牛\ff\20230812T163325n221290.MP4,20230812T163325_221290,221290,0,30,first_30_seconds_before_viewing_outcomes,candidate_not_test,pending,metadata_only_not_PTS_audited
lindian_7bcdd008d30bbb_first30,lindian_7bcdd008d30bbb,lindian,E:\real\use_code\林甸红外视频\归档\0812\下午\B二号舍青年牛\ff\20230812T163712n221299.MP4,20230812T163712_221299,221299,0,30,first_30_seconds_before_viewing_outcomes,candidate_not_test,pending,metadata_only_not_PTS_audited
lindian_85a7a141ce7608_first30,lindian_85a7a141ce7608,lindian,E:\real\use_code\林甸红外视频\归档\0812\下午\B二号舍青年牛\ff\20230812T165731n221258.MP4,20230812T165731_221258,221258,0,30,first_30_seconds_before_viewing_outcomes,candidate_not_test,pending,metadata_only_not_PTS_audited
lindian_c2e63039e02044_first30,lindian_c2e63039e02044,lindian,E:\real\use_code\林甸红外视频\归档\0812\下午\B二号舍青年牛\ff\20230812T170617n221347.MP4,20230812T170617_221347,221347,0,30,first_30_seconds_before_viewing_outcomes,candidate_not_test,pending,metadata_only_not_PTS_audited
