frame_name,left_temp,right_temp,frame_index,motion_coordinate_valid,motion_center_step_norm,motion_scale_step_log,motion_angle_step_rad,motion_score,motion_center_flag,motion_scale_flag,motion_angle_flag,motion_artifact_raw,motion_artifact,motion_center_threshold,motion_scale_threshold,motion_angle_threshold,left_missing_raw,right_missing_raw,left_quality_valid,right_quality_valid,quality_any_valid,left_temp_motion_filtered,right_temp_motion_filtered,left_temp_used,right_temp_used,left_repaired,right_repaired,left_motion_interpolated,right_motion_interpolated,left_norm,right_norm,fused_norm,fused_repaired,fusion_source,selected_fusion_mode,peak_retune_rule,edge_peak_completion,edge_peak_added,smoothing_method,butterworth_order,butterworth_cutoff_hz,rr_estimator,time_peak_count,spectral_count,autocorr_count,joint_count,joint_adjusted,smoothed_norm,is_peak,source_peak_rejected,quality_peak_rejected,mad_ibi_peak_rejected,motion_peak_rejected,motion_interval_peak_rejected,motion_reconstructed_peak,peak_number,event_source
frame_000000.jpg,31.813487350873288,,0,True,,,,0.0,False,False,False,False,False,0.2,0.12,0.18,False,True,True,False,True,31.813487350873288,,31.813487350873288,32.09711372444413,False,True,False,False,0.6897810748417513,0.7491237339966892,0.6897810748417513,False,left_only,left,none,none,0,moving_average,4,2.0,peak,13,-1,-1,13,False,,False,False,False,False,False,False,False,,
frame_000001.jpg,,,1,True,0.03735201498174297,0.0,0.0,0.18676007490871482,False,False,False,False,False,0.2,0.12,0.18,True,True,False,False,False,,,31.76054132412228,32.09711372444413,True,True,False,False,0.6673004988221927,0.7491237339966892,0.6673004988221927,False,missing,left,none,none,0,moving_average,4,2.0,peak,13,-1,-1,13,False,0.6673004988221927,False,False,False,False,False,False,False,,
frame_000002.jpg,31.70759529737127,,2,True,0.03735201498174297,0.0,0.0,0.18676007490871482,False,False,False,False,False,0.2,0.12,0.18,False,True,True,False,True,31.70759529737127,,31.70759529737127,32.09711372444413,False,True,False,False,0.6448199228026339,0.7491237339966892,0.6448199228026339,False,left_only,left,none,none,0,moving_average,4,2.0,peak,13,-1,-1,13,False,0.6899673818299684,False,False,False,False,False,False,False,,
frame_000003.jpg,31.97364179616609,,3,True,0.023636078356198652,0.0,0.0,0.11818039178099325,False,False,False,False,True,0.2,0.12,0.18,False,True,True,False,True,31.97364179616609,,31.97364179616609,32.09711372444413,False,True,True,False,0.7577817238650787,0.7491237339966892,0.7577817238650787,False,left_only,left,none,none,0,moving_average,4,2.0,peak,13,-1,-1,13,False,0.7188904120132619,False,False,False,False,False,False,False,,
frame_000004.jpg,,,4,True,0.18107899930102564,0.23129795240163623,0.09253867485937392,1.927482936680302,False,True,False,True,True,0.2,0.12,0.18,True,True,False,False,False,,,31.964899014308585,32.09711372444413,True,True,False,False,0.7540695893720731,0.7491237339966892,0.7540695893720731,False,missing,left,none,none,0,moving_average,4,2.0,peak,13,-1,-1,13,False,0.754069589372073,False,False,False,False,False,False,False,,
frame_000005.jpg,,,5,True,0.012221261867028663,0.002127903314762915,0.00879733671952973,0.06110630933514331,False,False,False,False,True,0.2,0.12,0.18,True,True,False,False,False,,,31.956156232451082,32.09711372444413,True,True,False,False,0.7503574548790676,0.7491237339966892,0.7503574548790676,False,missing,left,none,none,0,moving_average,4,2.0,peak,13,-1,-1,13,False,0.7503574548790676,False,False,False,False,False,False,False,,
frame_000006.jpg,,,6,True,0.09047685218570556,0.08086326868000779,0.0961006398782158,0.6738605723333982,False,False,False,False,False,0.2,0.12,0.18,True,True,False,False,False,,,31.94741345059358,32.09711372444413,True,True,False,False,0.746645320386062,0.7491237339966892,0.746645320386062,False,missing,left,none,none,0,moving_average,4,2.0,peak,13,-1,-1,13,False,0.746645320386062,False,False,False,False,False,False,False,,
frame_000007.jpg,,,7,True,0.008393192832242284,0.021745426843381363,0.0033145517712346176,0.18121189036151136,False,False,False,False,False,0.2,0.12,0.18,True,True,False,False,False,,,31.938670668736076,32.09711372444413,True,True,False,False,0.7429331858930565,0.7491237339966892,0.7429331858930565,False,missing,left,none,none,0,moving_average,4,2.0,peak,13,-1,-1,13,False,0.7429331858930563,False,False,False,False,False,False,False,,
frame_000008.jpg,,,8,True,0.009761678293346418,0.008388905960914388,0.007165881666870442,0.06990754967428657,False,False,False,False,False,0.2,0.12,0.18,True,True,False,False,False,,,31.929927886878573,32.09711372444413,True,True,False,False,0.7392210514000509,0.7491237339966892,0.7392210514000509,False,missing,left,none,none,0,moving_average,4,2.0,peak,13,-1,-1,13,False,0.7392210514000503,False,False,False,False,False,False,False,,
frame_000009.jpg,,,9,True,0.0,0.0,0.0,0.0,False,False,False,False,False,0.2,0.12,0.18,True,True,False,False,False,,,31.921185105021067,32.09711372444413,True,True,False,False,0.7355089169070439,0.7491237339966892,0.7355089169070439,False,missing,left,none,none,0,moving_average,4,2.0,peak,13,-1,-1,13,False,0.7355089169070443,False,False,False,False,False,False,False,,
frame_000010.jpg,,,10,True,0.004531478913922971,0.010937805076993861,0.010183780587030533,0.09114837564161551,False,False,False,False,False,0.2,0.12,0.18,True,True,False,False,False,,,31.912442323163564,32.09711372444413,True,True,False,False,0.7317967824140383,0.7491237339966892,0.7317967824140383,False,missing,left,none,none,0,moving_average,4,2.0,peak,13,-1,-1,13,False,0.7317967824140383,False,False,False,False,False,False,False,,
frame_000011.jpg,,,11,True,0.015160959763775402,0.03572595559903247,0.014874299011575966,0.29771629665860394,False,False,False,False,False,0.2,0.12,0.18,True,True,False,False,False,,,31.90369954130606,32.09711372444413,True,True,False,False,0.7280846479210328,0.7491237339966892,0.7280846479210328,False,missing,left,none,none,0,moving_average,4,2.0,peak,13,-1,-1,13,False,0.7280846479210328,False,False,False,False,False,False,False,,
frame_000012.jpg,,,12,True,0.08628317989597692,0.017149338789603875,0.138952631753484,0.7719590652971333,False,False,False,False,True,0.2,0.12,0.18,True,True,False,False,False,,,31.894956759448558,32.09711372444413,True,True,False,False,0.7243725134280272,0.7491237339966892,0.7243725134280272,False,missing,left,none,none,0,moving_average,4,2.0,peak,13,-1,-1,13,False,0.7243725134280272,False,False,False,False,False,False,False,,
frame_000013.jpg,,,13,True,0.39848838647422025,0.19366922288853303,0.07259820692527306,1.9924419323711011,True,True,False,True,True,0.2,0.12,0.18,True,True,False,False,False,,,31.886213977591055,32.09711372444413,True,True,False,False,0.7206603789350217,0.7491237339966892,0.7206603789350217,False,missing,left,none,none,0,moving_average,4,2.0,peak,13,-1,-1,13,False,0.7206603789350217,False,False,False,False,False,False,False,,
frame_000014.jpg,31.877471195733552,32.09711372444413,14,True,0.7163862648268094,0.012208351041811834,0.07931809555027149,3.581931324134047,True,False,False,True,True,0.2,0.12,0.18,False,False,True,True,True,31.877471195733552,32.09711372444413,31.877471195733552,32.09711372444413,False,False,True,True,0.7169482444420161,0.7491237339966892,0.7169482444420161,False,both,left,none,none,0,moving_average,4,2.0,peak,13,-1,-1,13,False,0.8103608009537036,False,False,False,False,False,False,False,,
frame_000015.jpg,32.52874135726926,32.51548870879619,15,True,0.3096959945573773,0.07313737863663423,0.02554313403180956,1.5484799727868863,True,False,False,True,True,0.2,0.12,0.18,False,False,True,True,True,32.52874135726926,32.51548870879619,32.52874135726926,32.51548870879619,False,False,True,True,0.9934737794840731,0.9659817474268658,0.9934737794840731,False,both,left,none,none,0,moving_average,4,2.0,peak,13,-1,-1,13,False,0.8316404387464102,False,False,False,False,False,False,False,,
frame_000016.jpg,32.03656674491039,32.49452859338268,16,True,0.09736511676533156,0.0665911945905096,0.038621404837022665,0.5549266215875801,False,False,False,False,True,0.2,0.12,0.18,False,False,True,True,True,32.03656674491039,32.49452859338268,32.03656674491039,32.49452859338268,False,False,True,True,0.7844992923131419,0.955117405246178,0.7844992923131419,False,both,left,none,none,0,moving_average,4,2.0,peak,13,-1,-1,13,False,0.8756307925098847,True,False,False,False,False,False,False,1,
frame_000017.jpg,32.18828811320767,32.57441075765744,17,True,0.024532797398937548,0.04900387355541733,0.05640188407269946,0.40836561296181106,False,False,False,False,False,0.2,0.12,0.18,False,False,True,True,True,32.18828811320767,32.57441075765744,32.18828811320767,32.57441075765744,False,False,False,False,0.8489193057324396,0.996523053530707,0.8489193057324396,False,both,left,none,none,0,moving_average,4,2.0,peak,13,-1,-1,13,False,0.8394968793774716,False,False,False,False,False,False,False,,
frame_000018.jpg,32.273434669887735,32.58111868327971,18,True,0.017749198986145024,0.014002913522465464,0.0008603652336697311,0.11669094602054554,False,False,False,False,False,0.2,0.12,0.18,False,False,True,True,True,32.273434669887735,32.58111868327971,32.273434669887735,32.58111868327971,False,False,False,False,0.8850720400868338,1.0,0.8850720400868338,False,both,left,none,none,0,moving_average,4,2.0,peak,13,-1,-1,13,False,0.8605434510142139,False,False,False,False,False,False,False,,
frame_000019.jpg,32.185272767023854,32.36140165907133,19,True,0.10901273771306547,0.035543905005462555,0.010599944472441593,0.5450636885653273,False,False,False,False,False,0.2,0.12,0.18,False,False,True,True,True,32.185272767023854,32.36140165907133,32.185272767023854,32.36140165907133,False,False,False,False,0.8476390072233686,0.886113177965431,0.8476390072233686,False,both,left,none,none,0,moving_average,4,2.0,peak,13,-1,-1,13,False,0.8182492604757943,False,False,False,False,False,False,False,,
frame_000020.jpg,31.889455555486126,32.170483471505186,20,True,0.011055239112425607,0.008251029824020583,0.015524731086045029,0.0862485060335835,False,False,False,False,False,0.2,0.12,0.18,False,False,True,True,True,31.889455555486126,32.170483471505186,31.889455555486126,32.170483471505186,False,False,False,False,0.7220367341171805,0.7871537744833991,0.7220367341171805,False,both,left,none,none,0,moving_average,4,2.0,peak,13,-1,-1,13,False,0.7524619169201593,False,False,False,False,False,False,False,,
frame_000021.jpg,31.808609598402377,32.040445035276335,21,True,0.04684272926129351,0.0001809174393197929,0.0102121590462453,0.23421364630646752,False,False,False,False,False,0.2,0.12,0.18,False,False,True,True,True,31.808609598402377,32.040445035276335,31.808609598402377,32.040445035276335,False,False,False,False,0.6877100094199289,0.7197504210208863,0.6877100094199289,False,both,left,none,none,0,moving_average,4,2.0,peak,13,-1,-1,13,False,0.6991522509856793,False,False,False,False,False,False,False,,
frame_000022.jpg,31.808609598402377,32.040445035276335,22,True,0.0,0.0,0.0,0.0,False,False,False,False,False,0.2,0.12,0.18,False,False,True,True,True,31.808609598402377,32.040445035276335,31.808609598402377,32.040445035276335,False,False,False,False,0.6877100094199289,0.7197504210208863,0.6877100094199289,False,both,left,none,none,0,moving_average,4,2.0,peak,13,-1,-1,13,False,0.6627246344867709,False,False,False,False,False,False,False,,
frame_000023.jpg,31.632073686451896,31.89001863850689,23,True,0.03827226075551027,0.011986072568372008,0.0017346570429110086,0.19136130377755134,False,False,False,False,False,0.2,0.12,0.18,False,False,True,True,True,31.632073686451896,31.89001863850689,31.632073686451896,31.89001863850689,False,False,False,False,0.612753884620455,0.6417792927484791,0.612753884620455,False,both,left,none,none,0,moving_average,4,2.0,peak,13,-1,-1,13,False,0.6363203260019635,False,False,False,False,False,False,False,,
frame_000024.jpg,31.622048112322723,31.79712195108084,24,True,0.05705082172035684,0.04012151847057725,0.022279478680152537,0.33434598725481046,False,False,False,False,False,0.2,0.12,0.18,False,False,True,True,True,31.622048112322723,31.79712195108084,31.622048112322723,31.79712195108084,False,False,False,False,0.6084970839655067,0.5936277735541449,0.6084970839655067,False,both,left,none,none,0,moving_average,4,2.0,peak,13,-1,-1,13,False,0.6044333093705697,False,False,False,False,False,False,False,,
frame_000025.jpg,31.583309654916928,31.80041903154129,25,True,0.1147970046080822,0.0011138344010610986,0.00015849176099436838,0.573985023040411,False,False,False,False,False,0.2,0.12,0.18,False,False,True,True,True,31.583309654916928,31.80041903154129,31.583309654916928,31.80041903154129,False,False,False,False,0.5920489595257474,0.5953367627277679,0.5920489595257474,False,both,left,none,none,0,moving_average,4,2.0,peak,13,-1,-1,13,False,0.597223729663178,False,False,False,False,False,False,False,,
frame_000026.jpg,,31.817606980594608,26,True,0.18186045551346205,0.020261178485305953,0.03137958766372671,0.9093022775673102,False,False,False,False,True,0.2,0.12,0.18,True,False,False,True,True,,31.817606980594608,31.581133897402143,31.817606980594608,True,False,False,True,0.5911251454982802,0.6042458625211374,0.5911251454982802,False,right_only,left,none,none,0,moving_average,4,2.0,peak,13,-1,-1,13,False,0.5911251454982802,False,False,False,False,False,False,False,,
frame_000027.jpg,,32.038509737255254,27,True,0.22545553457568496,0.0,0.0,1.1272776728784246,True,False,False,True,True,0.2,0.12,0.18,True,False,False,True,True,,32.038509737255254,31.57895813988736,32.038509737255254,True,False,False,True,0.5902013314708129,0.7187472900978055,0.5902013314708129,False,right_only,left,none,none,0,moving_average,4,2.0,peak,13,-1,-1,13,False,0.5902013314708129,False,False,False,False,False,False,False,,
frame_000028.jpg,,32.05321055134245,28,True,0.2848091158478971,0.0,0.0,1.4240455792394853,True,False,False,True,True,0.2,0.12,0.18,True,False,False,True,True,,32.05321055134245,31.576782382372574,32.05321055134245,True,False,False,True,0.5892775174433457,0.7263672230717942,0.5892775174433457,False,right_only,left,none,none,0,moving_average,4,2.0,peak,13,-1,-1,13,False,0.5892775174433456,False,False,False,False,False,False,False,,
frame_000029.jpg,,,29,True,0.2730295149458969,0.02642795655817069,0.007806402998755884,1.3651475747294843,True,False,False,True,True,0.2,0.12,0.18,True,True,False,False,False,,,31.57460662485779,32.04871222264322,True,True,False,False,0.5883537034158783,0.724035585995111,0.5883537034158783,False,missing,left,none,none,0,moving_average,4,2.0,peak,13,-1,-1,13,False,0.5883537034158783,False,False,False,False,False,False,False,,
frame_000030.jpg,,,30,False,,,,0.0,False,False,False,False,True,0.2,0.12,0.18,True,True,False,False,False,,,31.572430867343005,32.04421389394398,True,True,False,False,0.5874298893884111,0.7217039489184278,0.5874298893884111,False,missing,left,none,none,0,moving_average,4,2.0,peak,13,-1,-1,13,False,0.5874298893884111,False,False,False,False,False,False,False,,
frame_000031.jpg,,,31,True,,,,0.0,False,False,False,False,False,0.2,0.12,0.18,True,True,False,False,False,,,31.57025510982822,32.039715565244755,True,True,False,False,0.5865060753609439,0.7193723118417483,0.5865060753609439,False,missing,left,none,none,0,moving_average,4,2.0,peak,13,-1,-1,13,False,0.5865060753609438,False,False,False,False,False,False,False,,
frame_000032.jpg,,,32,True,0.0,0.0,0.0,0.0,False,False,False,False,True,0.2,0.12,0.18,True,True,False,False,False,,,31.568079352313436,32.03521723654552,True,True,False,False,0.5855822613334766,0.7170406747650652,0.5855822613334766,False,missing,left,none,none,0,moving_average,4,2.0,peak,13,-1,-1,13,False,0.5855822613334766,False,False,False,False,False,False,False,,
frame_000033.jpg,,,33,True,0.27185137292562456,0.12338729011102409,0.0614633276852672,1.3592568646281227,True,True,False,True,True,0.2,0.12,0.18,True,True,False,False,False,,,31.56590359479865,32.030718907846286,True,True,False,False,0.5846584473060094,0.714709037688382,0.5846584473060094,False,missing,left,none,none,0,moving_average,4,2.0,peak,13,-1,-1,13,False,0.5846584473060092,False,False,False,False,False,False,False,,
frame_000034.jpg,31.563727837283867,,34,True,0.529664574980932,0.05981551024536593,0.02390185584044197,2.6483228749046597,True,False,False,True,True,0.2,0.12,0.18,False,True,True,False,True,31.563727837283867,,31.563727837283867,32.02622057914705,False,True,True,False,0.583734633278542,0.7123774006116987,0.583734633278542,False,left_only,left,none,none,0,moving_average,4,2.0,peak,13,-1,-1,13,False,0.6394972179012408,False,False,False,False,False,False,False,,
frame_000035.jpg,,,35,True,0.3304980077524219,0.07526074784373712,0.006553333596065207,1.6524900387621093,True,False,False,True,True,0.2,0.12,0.18,True,True,False,False,False,,,31.95554651673148,32.021722250447816,True,True,False,False,0.7500985731191712,0.7100457635350156,0.7500985731191712,False,missing,left,none,none,0,moving_average,4,2.0,peak,13,-1,-1,13,False,0.7500985731191706,False,False,False,False,False,False,False,,
frame_000036.jpg,32.34736519617909,,36,True,0.5296137487740921,0.07526074784373704,0.006553333596065207,2.64806874387046,True,False,False,True,True,0.2,0.12,0.18,False,True,True,False,True,32.34736519617909,,32.34736519617909,32.01722392174858,False,True,True,False,0.9164625129597986,0.7077141264583324,0.9164625129597986,False,left_only,left,none,none,0,moving_average,4,2.0,peak,13,-1,-1,13,False,0.8610078663462561,True,False,False,False,False,False,False,2,
frame_000037.jpg,32.34736519617909,,37,True,0.0,0.0,0.0,0.0,False,False,False,False,True,0.2,0.12,0.18,False,True,True,False,True,32.34736519617909,,32.34736519617909,32.01272559304935,False,True,True,False,0.9164625129597986,0.7053824893816529,0.9164625129597986,False,left_only,left,none,none,0,moving_average,4,2.0,peak,13,-1,-1,13,False,0.8460901496149354,False,False,False,False,False,False,False,,
frame_000038.jpg,,,38,True,0.0726515854715989,0.0,0.0,0.3632579273579945,False,False,False,False,False,0.2,0.12,0.18,True,True,False,False,False,,,31.85014434708512,32.00822726435012,True,True,False,False,0.7053454229252091,0.7030508523049698,0.7053454229252091,False,missing,left,none,none,0,moving_average,4,2.0,peak,13,-1,-1,13,False,0.7053454229252085,False,False,False,False,False,False,False,,
frame_000039.jpg,31.352923497991146,,39,True,0.0726515854715989,0.0,0.0,0.3632579273579945,False,False,False,False,True,0.2,0.12,0.18,False,True,True,False,True,31.352923497991146,,31.352923497991146,32.003728935650884,False,True,True,False,0.4942283328906179,0.7007192152282865,0.4942283328906179,False,left_only,left,none,none,0,moving_average,4,2.0,peak,13,-1,-1,13,False,0.6647417695590366,False,False,False,False,False,False,False,,
frame_000040.jpg,32.060477246941005,,40,True,0.5836246182522333,0.0,0.0,2.9181230912611666,True,False,False,True,True,0.2,0.12,0.18,False,True,True,False,True,32.060477246941005,,32.060477246941005,31.99923060695165,False,True,True,False,0.7946515528612831,0.6983875781516033,0.7946515528612831,False,left_only,left,none,none,0,moving_average,4,2.0,peak,13,-1,-1,13,False,0.7176508527647942,False,False,False,False,False,False,False,,
frame_000041.jpg,32.22397717045399,,41,True,0.23199222408171313,0.0,0.0,1.1599611204085656,True,False,False,True,True,0.2,0.12,0.18,False,True,True,False,True,32.22397717045399,,32.22397717045399,31.994732278252418,False,True,True,False,0.8640726725424818,0.6960559410749221,0.8640726725424818,False,left_only,left,none,none,0,moving_average,4,2.0,peak,13,-1,-1,13,False,0.7918476312258232,True,False,False,False,False,False,False,3,
frame_000042.jpg,31.87716601924396,,42,True,0.2867941152410335,0.0,0.0,1.4339705762051673,True,False,False,True,True,0.2,0.12,0.18,False,True,True,False,True,31.87716601924396,,31.87716601924396,31.990233949553183,False,True,True,False,0.716818668273705,0.6937243039982388,0.716818668273705,False,left_only,left,none,none,0,moving_average,4,2.0,peak,13,-1,-1,13,False,0.7659033363632972,False,False,False,False,False,False,False,,
frame_000043.jpg,31.87716601924396,,43,True,0.0,0.0,0.0,0.0,False,False,False,False,True,0.2,0.12,0.18,False,True,True,False,True,31.87716601924396,,31.87716601924396,31.98573562085395,False,True,True,False,0.716818668273705,0.6913926669215575,0.716818668273705,False,left_only,left,none,none,0,moving_average,4,2.0,peak,13,-1,-1,13,False,0.7289162137715166,False,False,False,False,False,False,False,,
frame_000044.jpg,31.96264207203612,,44,True,0.13800622181038447,0.0,0.0,0.6900311090519223,False,False,False,False,False,0.2,0.12,0.18,False,True,True,False,True,31.96264207203612,,31.96264207203612,31.981237292154717,False,True,False,False,0.7531113047671398,0.6890610298448744,0.7531113047671398,False,left_only,left,none,none,0,moving_average,4,2.0,peak,13,-1,-1,13,False,0.7208291860746987,False,False,False,False,False,False,False,,
frame_000045.jpg,,,45,True,0.16656165143164736,0.04958541395507012,0.005273992700745696,0.8328082571582368,False,False,False,False,False,0.2,0.12,0.18,True,True,False,False,False,,,31.820026560130543,31.97673896345548,True,True,False,False,0.6925575851832516,0.6867293927681911,0.6925575851832516,False,missing,left,none,none,0,moving_average,4,2.0,peak,13,-1,-1,13,False,0.6925575851832521,False,False,False,False,False,False,False,,
frame_000046.jpg,31.67741104822497,,46,True,0.19285072749586998,0.04958541395507018,0.005273992700745696,0.9642536374793499,False,False,False,False,False,0.2,0.12,0.18,False,True,True,False,True,31.67741104822497,,31.67741104822497,31.97224063475625,False,True,False,False,0.632003865599365,0.6843977556915098,0.632003865599365,False,left_only,left,none,none,0,moving_average,4,2.0,peak,13,-1,-1,13,False,0.6555856405230579,False,False,False,False,False,False,False,,
frame_000047.jpg,,,47,True,0.07503409468199883,0.045000941514064786,0.0006208082104800557,0.3751704734099941,False,False,False,False,False,0.2,0.12,0.18,True,True,False,False,False,,,31.701414214354134,31.967742306057016,True,True,False,False,0.6421954707865574,0.6820661186148266,0.6421954707865574,False,missing,left,none,none,0,moving_average,4,2.0,peak,13,-1,-1,13,False,0.6421954707865574,False,False,False,False,False,False,False,,
frame_000048.jpg,,,48,True,0.03772463328374199,0.01845810840654879,0.0075344799148772896,0.18862316641870994,False,False,False,False,False,0.2,0.12,0.18,True,True,False,False,False,,,31.7254173804833,31.96324397735778,True,True,False,False,0.6523870759737498,0.6797344815381434,0.6523870759737498,False,missing,left,none,none,0,moving_average,4,2.0,peak,13,-1,-1,13,False,0.6523870759737493,False,False,False,False,False,False,False,,
frame_000049.jpg,,,49,True,0.022762234847294713,0.004548918440937491,0.009564332357354426,0.11381117423647356,False,False,False,False,False,0.2,0.12,0.18,True,True,False,False,False,,,31.749420546612463,31.95874564865855,True,True,False,False,0.6625786811609408,0.6774028444614622,0.6625786811609408,False,missing,left,none,none,0,moving_average,4,2.0,peak,13,-1,-1,13,False,0.6625786811609412,False,False,False,False,False,False,False,,
frame_000050.jpg,,,50,True,0.013082305798109681,0.03540478379373361,0.0020715304423355382,0.29503986494778006,False,False,False,False,False,0.2,0.12,0.18,True,True,False,False,False,,,31.77342371274163,31.954247319959315,True,True,False,False,0.6727702863481332,0.6750712073847789,0.6727702863481332,False,missing,left,none,none,0,moving_average,4,2.0,peak,13,-1,-1,13,False,0.6727702863481332,False,False,False,False,False,False,False,,
frame_000051.jpg,,,51,True,0.007452241778250011,0.022985561603504994,0.001091458280349872,0.19154634669587495,False,False,False,False,False,0.2,0.12,0.18,True,True,False,False,False,,,31.797426878870795,31.94974899126008,True,True,False,False,0.6829618915353256,0.6727395703080957,0.6829618915353256,False,missing,left,none,none,0,moving_average,4,2.0,peak,13,-1,-1,13,False,0.6829618915353256,False,False,False,False,False,False,False,,
frame_000052.jpg,31.82143004499996,,52,True,0.02950002158695477,0.009574692476349726,0.017458076223737323,0.14750010793477383,False,False,False,False,False,0.2,0.12,0.18,False,True,True,False,True,31.82143004499996,,31.82143004499996,31.94525066256085,False,True,False,False,0.6931534967225181,0.6704079332314143,0.6931534967225181,False,left_only,left,none,none,0,moving_average,4,2.0,peak,13,-1,-1,13,False,0.6966332081821206,False,False,False,False,False,False,False,,
frame_000053.jpg,31.87001935552315,,53,True,0.02533870066181054,0.0,0.0,0.12669350330905269,False,False,False,False,False,0.2,0.12,0.18,False,True,True,False,True,31.87001935552315,,31.87001935552315,31.940752333861614,False,True,False,False,0.7137842362885182,0.6680762961547312,0.7137842362885182,False,left_only,left,none,none,0,moving_average,4,2.0,peak,13,-1,-1,13,False,0.7149838788910108,False,False,False,False,False,False,False,,
frame_000054.jpg,31.92708482465562,,54,True,0.03802982067871053,0.0,0.0,0.19014910339355265,False,False,False,False,False,0.2,0.12,0.18,False,True,True,False,True,31.92708482465562,,31.92708482465562,31.936254005162382,False,True,False,False,0.7380139036619963,0.6657446590780499,0.7380139036619963,False,left_only,left,none,none,0,moving_average,4,2.0,peak,13,-1,-1,13,False,0.7353426891376824,False,False,False,False,False,False,False,,
frame_000055.jpg,,,55,True,0.010364334095105619,0.0,0.0,0.05182167047552809,False,False,False,False,False,0.2,0.12,0.18,True,True,False,False,False,,,31.96527664096812,31.931755676463148,True,True,False,False,0.7542299274625329,0.6634130220013666,0.7542299274625329,False,missing,left,none,none,0,moving_average,4,2.0,peak,13,-1,-1,13,False,0.7542299274625334,False,False,False,False,False,False,False,,
frame_000056.jpg,32.003468457280626,,56,True,0.010364334095105619,0.0,0.0,0.05182167047552809,False,False,False,False,False,0.2,0.12,0.18,False,True,True,False,True,32.003468457280626,,32.003468457280626,31.927257347763913,False,True,False,False,0.7704459512630711,0.6610813849246835,0.7704459512630711,False,left_only,left,none,none,0,moving_average,4,2.0,peak,13,-1,-1,13,False,0.7707575146500918,False,False,False,False,False,False,False,,
frame_000057.jpg,32.04386164646847,,57,True,0.024434669550438017,0.0,0.0,0.12217334775219008,False,False,False,False,False,0.2,0.12,0.18,False,True,True,False,True,32.04386164646847,,32.04386164646847,31.92275901906468,False,True,False,False,0.7875966652246713,0.6587497478480022,0.7875966652246713,False,left_only,left,none,none,0,moving_average,4,2.0,peak,13,-1,-1,13,False,0.7867190285331727,False,False,False,False,False,False,False,,
frame_000058.jpg,32.07805383230498,,58,True,0.02073112265314601,0.0,0.0,0.10365561326573004,False,False,False,False,False,0.2,0.12,0.18,False,True,True,False,True,32.07805383230498,,32.07805383230498,31.918260690365447,False,True,False,False,0.8021144691117758,0.656418110771319,0.8021144691117758,False,left_only,left,none,none,0,moving_average,4,2.0,peak,13,-1,-1,13,False,0.8183686211719434,False,False,False,False,False,False,False,,
frame_000059.jpg,32.22709086496088,,59,True,0.04956619983449094,0.0,0.0,0.24783099917245469,False,False,False,False,False,0.2,0.12,0.18,False,True,True,False,True,32.22709086496088,,32.22709086496088,31.913762361666212,False,True,False,False,0.8653947291793834,0.6540864736946358,0.8653947291793834,False,left_only,left,none,none,0,moving_average,4,2.0,peak,13,-1,-1,13,False,0.834339687606983,True,False,False,False,False,False,False,4,
frame_000060.jpg,32.15670633202849,,60,True,0.015999081875130598,0.0,0.0,0.07999540937565298,False,False,False,False,False,0.2,0.12,0.18,False,True,True,False,True,32.15670633202849,,32.15670633202849,31.90926403296698,False,True,False,False,0.8355098645297899,0.6517548366179544,0.8355098645297899,False,left_only,left,none,none,0,moving_average,4,2.0,peak,13,-1,-1,13,False,0.8324033677141172,False,False,False,False,False,False,False,,
frame_000061.jpg,32.06437262883978,,61,True,0.03274403442414197,0.0,0.0,0.16372017212070983,False,False,False,False,False,0.2,0.12,0.18,False,True,True,False,True,32.06437262883978,,32.06437262883978,31.904765704267746,False,True,False,False,0.7963055094331781,0.6494231995412713,0.7963055094331781,False,left_only,left,none,none,0,moving_average,4,2.0,peak,13,-1,-1,13,False,0.7988385589532863,False,False,False,False,False,False,False,,
frame_000062.jpg,,,62,True,0.036536067244039905,0.0,0.0,0.18268033622019952,False,False,False,False,False,0.2,0.12,0.18,True,True,False,False,False,,,31.98993636398226,31.90026737556851,True,True,False,False,0.7647003028968907,0.6470915624645881,0.7647003028968907,False,missing,left,none,none,0,moving_average,4,2.0,peak,13,-1,-1,13,False,0.7647003028968911,False,False,False,False,False,False,False,,
frame_000063.jpg,,,63,True,0.036536067244039905,0.0,0.0,0.18268033622019952,False,False,False,False,False,0.2,0.12,0.18,True,True,False,False,False,,,31.915500099124746,31.89576904686928,True,True,False,False,0.7330950963606049,0.6447599253879067,0.7330950963606049,False,missing,left,none,none,0,moving_average,4,2.0,peak,13,-1,-1,13,False,0.7330950963606043,False,False,False,False,False,False,False,,
frame_000064.jpg,31.841063834267228,,64,True,0.036536067244039905,0.0,0.0,0.18268033622019952,False,False,False,False,False,0.2,0.12,0.18,False,True,True,False,True,31.841063834267228,,31.841063834267228,31.891270718170045,False,True,False,False,0.7014898898243175,0.6424282883112236,0.7014898898243175,False,left_only,left,none,none,0,moving_average,4,2.0,peak,13,-1,-1,13,False,0.7038266365285006,False,False,False,False,False,False,False,,
frame_000065.jpg,31.7831380164822,,65,True,0.033318753860050315,0.0,0.0,0.16659376930025158,False,False,False,False,False,0.2,0.12,0.18,False,True,True,False,True,31.7831380164822,,31.7831380164822,31.886772389470813,False,True,False,False,0.6768949234005797,0.6400966512345423,0.6768949234005797,False,left_only,left,none,none,0,moving_average,4,2.0,peak,13,-1,-1,13,False,0.7133787013867033,False,False,False,False,False,False,False,,
frame_000066.jpg,31.9829908806425,,66,True,0.016094401051152393,0.0,0.0,0.08047200525576195,False,False,False,False,False,0.2,0.12,0.18,False,True,True,False,True,31.9829908806425,,31.9829908806425,31.88227406077158,False,True,False,False,0.761751290935213,0.637765014157859,0.761751290935213,False,left_only,left,none,none,0,moving_average,4,2.0,peak,13,-1,-1,13,False,0.7426745853717986,False,False,False,False,False,False,False,,
frame_000067.jpg,32.04805594903597,,67,True,0.00624670563987968,0.0,0.0,0.031233528199398397,False,False,False,False,False,0.2,0.12,0.18,False,True,True,False,True,32.04805594903597,,32.04805594903597,31.877775732072344,False,True,False,False,0.7893775417796033,0.6354333770811759,0.7893775417796033,False,left_only,left,none,none,0,moving_average,4,2.0,peak,13,-1,-1,13,False,0.7776062501453238,False,False,False,False,False,False,False,,
frame_000068.jpg,32.029950134100616,,68,True,0.013859819821578395,0.0,0.0,0.06929909910789196,False,False,False,False,False,0.2,0.12,0.18,False,True,True,False,True,32.029950134100616,,32.029950134100616,31.873277403373113,False,True,False,False,0.7816899177211556,0.6331017400044945,0.7816899177211556,False,left_only,left,none,none,0,moving_average,4,2.0,peak,13,-1,-1,13,False,0.7792602770145927,True,False,False,False,False,False,False,5,
frame_000069.jpg,31.99467752302982,,69,True,0.03229327060760086,0.0,0.0,0.16146635303800427,False,False,False,False,False,0.2,0.12,0.18,False,True,True,False,True,31.99467752302982,,31.99467752302982,31.868779074673878,False,True,False,False,0.7667133715430192,0.6307701029278113,0.7667133715430192,False,left_only,left,none,none,0,moving_average,4,2.0,peak,13,-1,-1,13,False,0.771705553602398,False,False,False,False,False,False,False,,
frame_000070.jpg,31.99467752302982,,70,True,0.0,0.0,0.0,0.0,False,False,False,False,False,0.2,0.12,0.18,False,True,True,False,True,31.99467752302982,,31.99467752302982,31.864280745974643,False,True,False,False,0.7667133715430192,0.6284384658511282,0.7667133715430192,False,left_only,left,none,none,0,moving_average,4,2.0,peak,13,-1,-1,13,False,0.7660365869086629,False,False,False,False,False,False,False,,
frame_000071.jpg,31.9898956539188,,71,True,0.019228535571201154,0.0,0.0,0.09614267785600576,False,False,False,False,False,0.2,0.12,0.18,False,True,True,False,True,31.9898956539188,,31.9898956539188,31.85978241727541,False,True,False,False,0.7646830176399506,0.6261068287744468,0.7646830176399506,False,left_only,left,none,none,0,moving_average,4,2.0,peak,13,-1,-1,13,False,0.7740490297542391,False,False,False,False,False,False,False,,
frame_000072.jpg,32.05128999766664,,72,True,0.018018747752808616,0.0,0.0,0.09009373876404307,False,False,False,False,False,0.2,0.12,0.18,False,True,True,False,True,32.05128999766664,,32.05128999766664,31.855284088576177,False,True,False,False,0.7907507000797476,0.6237751916977636,0.7907507000797476,False,left_only,left,none,none,0,moving_average,4,2.0,peak,13,-1,-1,13,False,0.7537416021951164,False,False,False,False,False,False,False,,
frame_000073.jpg,31.85119397502989,,73,True,0.012523766424342712,0.0,0.0,0.06261883212171356,False,False,False,False,False,0.2,0.12,0.18,False,True,True,False,True,31.85119397502989,,31.85119397502989,31.850785759876945,False,True,False,False,0.705791088865651,0.6214435546210823,0.705791088865651,False,left_only,left,none,none,0,moving_average,4,2.0,peak,13,-1,-1,13,False,0.7242561998674506,False,False,False,False,False,False,False,,
frame_000074.jpg,31.78156448406177,,74,True,0.00947166640276083,0.0,0.0,0.04735833201380415,False,False,False,False,False,0.2,0.12,0.18,False,True,True,False,True,31.78156448406177,,31.78156448406177,31.84628743117771,False,True,False,False,0.6762268106569536,0.6191119175443991,0.6762268106569536,False,left_only,left,none,none,0,moving_average,4,2.0,peak,13,-1,-1,13,False,0.6734604619013838,False,False,False,False,False,False,False,,
frame_000075.jpg,31.69238916271712,,75,True,0.010065379841126033,0.0,0.0,0.05032689920563016,False,False,False,False,False,0.2,0.12,0.18,False,True,True,False,True,31.69238916271712,,31.69238916271712,31.841789102478476,False,True,False,False,0.6383634861815469,0.6167802804677159,0.6383634861815469,False,left_only,left,none,none,0,moving_average,4,2.0,peak,13,-1,-1,13,False,0.6378190958631539,False,False,False,False,False,False,False,,
frame_000076.jpg,31.599367413549327,,76,True,0.013750704227438836,0.0,0.0,0.06875352113719417,False,False,False,False,False,0.2,0.12,0.18,False,True,True,False,True,31.599367413549327,,31.599367413549327,31.837290773779245,False,True,False,False,0.5988669907509612,0.6144486433910346,0.5988669907509612,False,left_only,left,none,none,0,moving_average,4,2.0,peak,13,-1,-1,13,False,0.6044315354283533,False,False,False,False,False,False,False,,
frame_000077.jpg,31.54566234351245,,77,True,0.011657522659762673,0.0,0.0,0.058287613298813365,False,False,False,False,False,0.2,0.12,0.18,False,True,True,False,True,31.54566234351245,,31.54566234351245,31.83279244508001,False,True,False,False,0.5760641293525519,0.6121170063143514,0.5760641293525519,False,left_only,left,none,none,0,moving_average,4,2.0,peak,13,-1,-1,13,False,0.5777675098066293,False,False,False,False,False,False,False,,
frame_000078.jpg,31.50399262706397,,78,True,0.012473590873732919,0.0,0.0,0.062367954368664595,False,False,False,False,False,0.2,0.12,0.18,False,True,True,False,True,31.50399262706397,,31.50399262706397,31.828294116380775,False,True,False,False,0.5583714093163747,0.6097853692376682,0.5583714093163747,False,left_only,left,none,none,0,moving_average,4,2.0,peak,13,-1,-1,13,False,0.5594891404133311,False,False,False,False,False,False,False,,
frame_000079.jpg,31.470220317760447,,79,True,0.00635167186444625,0.0,0.0,0.03175835932223125,False,False,False,False,False,0.2,0.12,0.18,False,True,True,False,True,31.470220317760447,,31.470220317760447,31.823795787681544,False,True,False,False,0.5440318825710667,0.6074537321609869,0.5440318825710667,False,left_only,left,none,none,0,moving_average,4,2.0,peak,13,-1,-1,13,False,0.557040954149786,False,False,False,False,False,False,False,,
frame_000080.jpg,31.528364512448647,,80,True,0.08654344323781207,0.0,0.0,0.43271721618906034,False,False,False,False,True,0.2,0.12,0.18,False,True,True,False,True,31.528364512448647,,31.528364512448647,31.81929745898231,False,True,True,False,0.5687195705619168,0.6051220950843037,0.5687195705619168,False,left_only,left,none,none,0,moving_average,4,2.0,peak,13,-1,-1,13,False,0.6195867353578156,False,False,False,False,False,False,False,,
frame_000081.jpg,31.94591421334209,,81,True,0.3518094656071364,0.0,0.0,1.7590473280356818,True,False,False,True,True,0.2,0.12,0.18,False,True,True,False,True,31.94591421334209,,31.94591421334209,31.814799130283074,False,True,True,False,0.7460087529404634,0.6027904580076205,0.7460087529404634,False,left_only,left,none,none,0,moving_average,4,2.0,peak,13,-1,-1,13,False,0.7715761078341268,False,False,False,False,False,False,False,,
frame_000082.jpg,32.54411184625133,,82,True,0.3281168950874341,0.0,0.0,1.6405844754371703,True,False,False,True,True,0.2,0.12,0.18,False,True,True,False,True,32.54411184625133,,32.54411184625133,31.810300801583843,False,True,True,False,1.0,0.6004588209309392,1.0,False,left_only,left,none,none,0,moving_average,4,2.0,peak,13,-1,-1,13,False,0.8910072511103826,False,False,False,False,False,False,False,,
frame_000083.jpg,32.37221359816247,,83,True,0.3515555678328274,0.0,0.0,1.7577778391641368,True,False,False,True,True,0.2,0.12,0.18,False,True,True,False,True,32.37221359816247,,32.37221359816247,31.805802472884608,False,True,True,False,0.9270130003906843,0.598127183854256,0.9270130003906843,False,left_only,left,none,none,0,moving_average,4,2.0,peak,13,-1,-1,13,False,0.9513420002604562,True,False,False,False,False,False,False,6,
frame_000084.jpg,32.37221359816247,,84,True,0.0,0.0,0.0,0.0,False,False,False,False,True,0.2,0.12,0.18,False,True,True,False,True,32.37221359816247,,32.37221359816247,31.801304144185377,False,True,True,False,0.9270130003906843,0.5957955467775746,0.9270130003906843,False,left_only,left,none,none,0,moving_average,4,2.0,peak,13,-1,-1,13,False,0.8544756819883671,False,False,False,False,False,False,False,,
frame_000085.jpg,31.859696107876523,,85,True,1.1380313372730495,0.0,0.0,5.690156686365247,True,False,False,True,True,0.2,0.12,0.18,False,True,True,False,True,31.859696107876523,,31.859696107876523,31.79680581548614,False,True,True,False,0.7094010451837327,0.5934639097008915,0.7094010451837327,False,left_only,left,none,none,0,moving_average,4,2.0,peak,13,-1,-1,13,False,0.776477676208926,False,False,False,False,False,False,False,,
frame_000086.jpg,,,86,True,0.7291657445709602,0.343994060717001,0.0021268866117517375,3.6458287228548008,True,True,False,True,True,0.2,0.12,0.18,True,True,False,False,False,,,31.821113239755633,31.792307486786907,True,True,False,False,0.6930189830523611,0.5911322726242083,0.6930189830523611,False,missing,left,none,none,0,moving_average,4,2.0,peak,13,-1,-1,13,False,0.6930189830523605,False,False,False,False,False,False,False,,
frame_000087.jpg,,,87,False,,,,0.0,False,False,False,False,True,0.2,0.12,0.18,True,True,False,False,False,,,31.78253037163474,31.787809158087676,True,True,False,False,0.676636920920988,0.5888006355475269,0.676636920920988,False,missing,left,none,none,0,moving_average,4,2.0,peak,13,-1,-1,13,False,0.6766369209209885,False,False,False,False,False,False,False,,
frame_000088.jpg,,,88,False,,,,0.0,False,False,False,False,False,0.2,0.12,0.18,True,True,False,False,False,,,31.743947503513848,31.78331082938844,True,True,False,False,0.6602548587896164,0.5864689984708438,0.6602548587896164,False,missing,left,none,none,0,moving_average,4,2.0,peak,13,-1,-1,13,False,0.660254858789616,False,False,False,False,False,False,False,,
frame_000089.jpg,,,89,False,,,,0.0,False,False,False,False,False,0.2,0.12,0.18,True,True,False,False,False,,,31.705364635392954,31.778812500689206,True,True,False,False,0.6438727966582434,0.5841373613941606,0.6438727966582434,False,missing,left,none,none,0,moving_average,4,2.0,peak,13,-1,-1,13,False,0.6438727966582438,False,False,False,False,False,False,False,,
frame_000090.jpg,,,90,False,,,,0.0,False,False,False,False,False,0.2,0.12,0.18,True,True,False,False,False,,,31.666781767272063,31.774314171989975,True,True,False,False,0.6274907345268718,0.5818057243174792,0.6274907345268718,False,missing,left,none,none,0,moving_average,4,2.0,peak,13,-1,-1,13,False,0.6274907345268712,False,False,False,False,False,False,False,,
frame_000091.jpg,,,91,False,,,,0.0,False,False,False,False,False,0.2,0.12,0.18,True,True,False,False,False,,,31.62819889915117,31.76981584329074,True,True,False,False,0.6111086723954987,0.5794740872407961,0.6111086723954987,False,missing,left,none,none,0,moving_average,4,2.0,peak,13,-1,-1,13,False,0.6111086723954992,False,False,False,False,False,False,False,,
frame_000092.jpg,,,92,False,,,,0.0,False,False,False,False,False,0.2,0.12,0.18,True,True,False,False,False,,,31.58961603103028,31.76531751459151,True,True,False,False,0.5947266102641271,0.5771424501641147,0.5947266102641271,False,missing,left,none,none,0,moving_average,4,2.0,peak,13,-1,-1,13,False,0.5947266102641271,False,False,False,False,False,False,False,,
frame_000093.jpg,,,93,True,,,,0.0,False,False,False,False,False,0.2,0.12,0.18,True,True,False,False,False,,,31.551033162909388,31.760819185892274,True,True,False,False,0.5783445481327555,0.5748108130874315,0.5783445481327555,False,missing,left,none,none,0,moving_average,4,2.0,peak,13,-1,-1,13,False,0.5783445481327549,False,False,False,False,False,False,False,,
frame_000094.jpg,,,94,True,0.10712063366120095,0.02723683946572677,0.05718654858325321,0.5356031683060047,False,False,False,False,True,0.2,0.12,0.18,True,True,False,False,False,,,31.512450294788493,31.75632085719304,True,True,False,False,0.5619624860013824,0.5724791760107484,0.5619624860013824,False,missing,left,none,none,0,moving_average,4,2.0,peak,13,-1,-1,13,False,0.5619624860013829,False,False,False,False,False,False,False,,
frame_000095.jpg,,,95,True,0.1839890924282347,0.26845320716886184,0.011889547287096514,2.2371100597405156,False,True,False,True,True,0.2,0.12,0.18,True,True,False,False,False,,,31.473867426667603,31.751822528493808,True,True,False,False,0.5455804238700108,0.570147538934067,0.5455804238700108,False,missing,left,none,none,0,moving_average,4,2.0,peak,13,-1,-1,13,False,0.5455804238700103,False,False,False,False,False,False,False,,
frame_000096.jpg,,31.747324199794573,96,True,0.14432858489679334,0.2327467959884538,0.3254571533155796,1.939556633237115,False,True,True,True,True,0.2,0.12,0.18,True,False,False,True,True,,31.747324199794573,31.43528455854671,31.747324199794573,True,False,False,True,0.5291983617386377,0.5678159018573838,0.5291983617386377,False,right_only,left,none,none,0,moving_average,4,2.0,peak,13,-1,-1,13,False,0.5291983617386382,False,False,False,False,False,False,False,,
frame_000097.jpg,,31.93813163070608,97,True,0.06053201529980397,0.07633278358306787,0.04097126868606207,0.6361065298588989,False,False,False,False,True,0.2,0.12,0.18,True,False,False,True,True,,31.93813163070608,31.396701690425818,31.93813163070608,True,False,False,True,0.5128162996072662,0.6667178963905123,0.5128162996072662,False,right_only,left,none,none,0,moving_average,4,2.0,peak,13,-1,-1,13,False,0.5128162996072656,False,False,False,False,False,False,False,,
frame_000098.jpg,,31.91945790864537,98,True,0.02251806718125475,0.01893613086043491,0.005761985735196096,0.15780109050362426,False,False,False,False,False,0.2,0.12,0.18,True,False,False,True,True,,31.91945790864537,31.358118822304924,31.91945790864537,True,False,False,False,0.49643423747589305,0.6570386698093517,0.49643423747589305,False,right_only,left,none,none,0,moving_average,4,2.0,peak,13,-1,-1,13,False,0.4964342374758935,False,False,False,False,False,False,False,,
frame_000099.jpg,,31.849608918002875,99,True,0.08411379474795708,0.01249573819617115,0.10538831473347214,0.5854906374081786,False,False,False,False,False,0.2,0.12,0.18,True,False,False,True,True,,31.849608918002875,31.319535954184033,31.849608918002875,True,False,False,False,0.48005217534452144,0.6208335573686712,0.48005217534452144,False,right_only,left,none,none,0,moving_average,4,2.0,peak,13,-1,-1,13,False,0.4800521753445214,False,False,False,False,False,False,False,,
frame_000100.jpg,,,100,False,,,,0.0,False,False,False,False,False,0.2,0.12,0.18,True,True,False,False,False,,,31.280953086063143,31.84976341371972,True,True,False,False,0.4636701132131498,0.6209136377642295,0.4636701132131498,False,missing,left,none,none,0,moving_average,4,2.0,peak,13,-1,-1,13,False,0.4636701132131493,False,False,False,False,False,False,False,,
frame_000101.jpg,,,101,False,,,,0.0,False,False,False,False,False,0.2,0.12,0.18,True,True,False,False,False,,,31.24237021794225,31.849917909436563,True,True,False,False,0.44728805108177677,0.620993718159786,0.44728805108177677,False,missing,left,none,none,0,moving_average,4,2.0,peak,13,-1,-1,13,False,0.4472880510817772,False,False,False,False,False,False,False,,
frame_000102.jpg,,,102,True,,,,0.0,False,False,False,False,False,0.2,0.12,0.18,True,True,False,False,False,,,31.203787349821358,31.85007240515341,True,True,False,False,0.43090598895040516,0.6210737985553442,0.43090598895040516,False,missing,left,none,none,0,moving_average,4,2.0,peak,13,-1,-1,13,False,0.43090598895040466,False,False,False,False,False,False,False,,
frame_000103.jpg,,,103,True,0.04849863942342919,0.05768384548184247,0.016725943302565757,0.4806987123486873,False,False,False,False,True,0.2,0.12,0.18,True,True,False,False,False,,,31.165204481700464,31.850226900870254,True,True,False,False,0.41452392681903205,0.6211538789509025,0.41452392681903205,False,missing,left,none,none,0,moving_average,4,2.0,peak,13,-1,-1,13,False,0.41452392681903255,False,False,False,False,False,False,False,,
frame_000104.jpg,,,104,True,0.24872767085623615,0.26785597159318386,0.04836714028419928,2.2321330966098656,True,True,False,True,True,0.2,0.12,0.18,True,True,False,False,False,,,31.126621613579573,31.850381396587096,True,True,False,False,0.3981418646876605,0.6212339593464589,0.3981418646876605,False,missing,left,none,none,0,moving_average,4,2.0,peak,13,-1,-1,13,False,0.39814186468766,False,False,False,False,False,False,False,,
frame_000105.jpg,,,105,True,0.12915422412920968,0.20175126487913994,0.0812301112112442,1.6812605406594996,False,True,False,True,True,0.2,0.12,0.18,True,True,False,False,False,,,31.08803874545868,31.85053589230394,True,True,False,False,0.3817598025562874,0.6213140397420172,0.3817598025562874,False,missing,left,none,none,0,moving_average,4,2.0,peak,13,-1,-1,13,False,0.3817598025562879,False,False,False,False,False,False,False,,
frame_000106.jpg,,,106,True,0.038104891799531186,0.02812780507590793,0.015334802923270885,0.2343983756325661,False,False,False,False,True,0.2,0.12,0.18,True,True,False,False,False,,,31.049455877337788,31.850690388020787,True,True,False,False,0.3653777404249158,0.6213941201375754,0.3653777404249158,False,missing,left,none,none,0,moving_average,4,2.0,peak,13,-1,-1,13,False,0.3653777404249153,False,False,False,False,False,False,False,,
frame_000107.jpg,,,107,True,0.09689778582821837,0.1727674765198734,0.04388929190324348,1.439728970998945,False,True,False,True,True,0.2,0.12,0.18,True,True,False,False,False,,,31.010873009216894,31.85084488373763,True,True,False,False,0.3489956782935427,0.6214742005331318,0.3489956782935427,False,missing,left,none,none,0,moving_average,4,2.0,peak,13,-1,-1,13,False,0.34899567829354317,False,False,False,False,False,False,False,,
frame_000108.jpg,,,108,True,0.14763149828569114,0.28381904692538634,0.09670384244025942,2.3651587243782197,False,True,False,True,True,0.2,0.12,0.18,True,True,False,False,False,,,30.972290141096003,31.850999379454475,True,True,False,False,0.3326136161621711,0.6215542809286901,0.3326136161621711,False,missing,left,none,none,0,moving_average,4,2.0,peak,13,-1,-1,13,False,0.3326136161621711,False,False,False,False,False,False,False,,
frame_000109.jpg,,,109,True,0.06355202130953068,0.11176488581024081,0.06834678123214133,0.9313740484186734,False,False,False,False,True,0.2,0.12,0.18,True,True,False,False,False,,,30.933707272975113,31.85115387517132,True,True,False,False,0.31623155403079956,0.6216343613242484,0.31623155403079956,False,missing,left,none,none,0,moving_average,4,2.0,peak,13,-1,-1,13,False,0.31623155403079906,False,False,False,False,False,False,False,,
frame_000110.jpg,,,110,True,0.10119352237330301,0.1509229332973925,0.08278224776115928,1.2576911108116042,False,True,False,True,True,0.2,0.12,0.18,True,True,False,False,False,,,30.89512440485422,31.851308370888166,True,True,False,False,0.29984949189942645,0.6217144417198067,0.29984949189942645,False,missing,left,none,none,0,moving_average,4,2.0,peak,13,-1,-1,13,False,0.29984949189942695,False,False,False,False,False,False,False,,
frame_000111.jpg,,,111,True,0.21435609696553842,0.3543578181750956,0.1434403988956363,2.9529818181257967,True,True,False,True,True,0.2,0.12,0.18,True,True,False,False,False,,,30.856541536733328,31.851462866605008,True,True,False,False,0.28346742976805483,0.6217945221153631,0.28346742976805483,False,missing,left,none,none,0,moving_average,4,2.0,peak,13,-1,-1,13,False,0.28346742976805434,False,False,False,False,False,False,False,,
frame_000112.jpg,,,112,True,0.12448900379284548,0.2329285567833083,0.01971014795955886,1.941071306527569,False,True,False,True,True,0.2,0.12,0.18,True,True,False,False,False,,,30.817958668612434,31.851617362321853,True,True,False,False,0.2670853676366818,0.6218746025109214,0.2670853676366818,False,missing,left,none,none,0,moving_average,4,2.0,peak,13,-1,-1,13,False,0.2670853676366822,False,False,False,False,False,False,False,,
frame_000113.jpg,,,113,True,0.05492778192565947,0.0789313986916651,0.03072901025800591,0.6577616557638759,False,False,False,False,True,0.2,0.12,0.18,True,True,False,False,False,,,30.779375800491543,31.8517718580387,True,True,False,False,0.25070330550531017,0.6219546829064797,0.25070330550531017,False,missing,left,none,none,0,moving_average,4,2.0,peak,13,-1,-1,13,False,0.2507033055053096,False,False,False,False,False,False,False,,
frame_000114.jpg,,,114,True,0.03149827603179589,0.06223220694561323,0.025121152501233167,0.518601724546777,False,False,False,False,True,0.2,0.12,0.18,True,True,False,False,False,,,30.74079293237065,31.85192635375554,True,True,False,False,0.23432124337393706,0.6220347633020361,0.23432124337393706,False,missing,left,none,none,0,moving_average,4,2.0,peak,13,-1,-1,13,False,0.23432124337393756,False,False,False,False,False,False,False,,
frame_000115.jpg,30.70221006424976,,115,True,0.3804226337425634,0.37635631978355016,0.0031848674774569517,3.136302664862918,True,True,False,True,True,0.2,0.12,0.18,False,True,True,False,True,30.70221006424976,,30.70221006424976,31.852080849472387,False,True,True,False,0.21793918124256548,0.6221148436975944,0.21793918124256548,False,left_only,left,none,none,0,moving_average,4,2.0,peak,13,-1,-1,13,False,0.22557644462605891,False,False,False,False,False,False,False,,
frame_000116.jpg,,,116,True,0.015143205499183902,0.0,0.0,0.0757160274959195,False,False,False,False,True,0.2,0.12,0.18,True,True,False,False,False,,,30.71758881406808,31.852235345189232,True,True,False,False,0.2244689092616743,0.6221949240931527,0.2244689092616743,False,missing,left,none,none,0,moving_average,4,2.0,peak,13,-1,-1,13,False,0.2244689092616748,False,False,False,False,False,False,False,,
frame_000117.jpg,30.732967563886405,,117,True,0.015143205499183902,0.0,0.0,0.0757160274959195,False,False,False,False,False,0.2,0.12,0.18,False,True,True,False,True,30.732967563886405,,30.732967563886405,31.852389840906074,False,True,False,False,0.2309986372807846,0.6222750044887091,0.2309986372807846,False,left_only,left,none,none,0,moving_average,4,2.0,peak,13,-1,-1,13,False,0.20586599490828378,False,False,False,False,False,False,False,,
frame_000118.jpg,30.570769873374164,,118,True,0.0734869707530346,0.0,0.0,0.367434853765173,False,False,False,False,False,0.2,0.12,0.18,False,True,True,False,True,30.570769873374164,,30.570769873374164,31.85254433662292,False,True,False,False,0.16213043818239256,0.6223550848842674,0.16213043818239256,False,left_only,left,none,none,0,moving_average,4,2.0,peak,13,-1,-1,13,False,0.15897807737465838,False,False,False,False,False,False,False,,
frame_000119.jpg,30.386298957365845,,119,True,0.05714605488403706,8.881784197001248e-16,1.214306433183765e-17,0.2857302744201853,False,False,False,False,False,0.2,0.12,0.18,False,True,True,False,True,30.386298957365845,,30.386298957365845,31.852698832339765,False,True,False,False,0.08380515666079803,0.6224351652798257,0.08380515666079803,False,left_only,left,none,none,0,moving_average,4,2.0,peak,13,-1,-1,13,False,0.11911870404564243,False,False,False,False,False,False,False,,
frame_000120.jpg,30.45133837724273,,120,True,0.020021952888791564,1.776356839400252e-15,2.6020852139652106e-17,0.10010976444395782,False,False,False,False,False,0.2,0.12,0.18,False,True,True,False,True,30.45133837724273,,30.45133837724273,31.852853328056607,False,True,False,False,0.11142051729373668,0.6225152456753821,0.11142051729373668,False,left_only,left,none,none,0,moving_average,4,2.0,peak,13,-1,-1,13,False,0.08124712035346043,False,False,False,False,False,False,False,,
frame_000121.jpg,30.303185553267134,,121,True,0.034285410127166537,8.881784197001248e-16,1.3877787807814457e-17,0.17142705063583266,False,False,False,False,False,0.2,0.12,0.18,False,True,True,False,True,30.303185553267134,,30.303185553267134,31.853007823773453,False,True,False,False,0.04851568710584658,0.6225953260709404,0.04851568710584658,False,left_only,left,none,none,0,moving_average,4,2.0,peak,13,-1,-1,13,False,0.06544098990965619,False,False,False,False,False,False,False,,
frame_000122.jpg,,,122,True,0.016532520742221314,0.0,0.0,0.08266260371110656,False,False,False,False,False,0.2,0.12,0.18,True,True,False,False,False,,,30.274619638573547,31.8531623194903,True,True,False,False,0.03638676532938531,0.6226754064664985,0.03638676532938531,False,missing,left,none,none,0,moving_average,4,2.0,peak,13,-1,-1,13,False,0.03638676532938531,False,False,False,False,False,False,False,,
frame_000123.jpg,,,123,True,0.016532520742221307,8.881784197001248e-16,1.214306433183765e-17,0.08266260371110654,False,False,False,False,False,0.2,0.12,0.18,True,True,False,False,False,,,30.24605372387996,31.85331681520714,True,True,False,False,0.024257843552924045,0.6227554868620551,0.024257843552924045,False,missing,left,none,none,0,moving_average,4,2.0,peak,13,-1,-1,13,False,0.02425784355292354,False,False,False,False,False,False,False,,
frame_000124.jpg,,,124,True,0.016532520742221994,2.6645352591003792e-15,3.8163916471489756e-17,0.08266260371110996,False,False,False,False,False,0.2,0.12,0.18,True,True,False,False,False,,,30.21748780918637,31.853471310923986,True,True,False,False,0.01212892177646127,0.6228355672576134,0.01212892177646127,False,missing,left,none,none,0,moving_average,4,2.0,peak,13,-1,-1,13,False,0.01212892177646177,False,False,False,False,False,False,False,,
frame_000125.jpg,30.188921894492783,,125,True,0.01653252074222066,8.881784197001248e-16,1.214306433183765e-17,0.08266260371110329,False,False,False,False,False,0.2,0.12,0.18,False,True,True,False,True,30.188921894492783,,30.188921894492783,31.85362580664083,False,True,False,False,0.0,0.6229156476531715,0.0,False,left_only,left,none,none,0,moving_average,4,2.0,peak,13,-1,-1,13,False,0.03320182452177828,False,False,False,False,False,False,False,,
frame_000126.jpg,30.394945790280424,,126,True,0.06711659634531016,0.0,0.0,0.33558298172655077,False,False,False,False,False,0.2,0.12,0.18,False,True,True,False,True,30.394945790280424,,30.394945790280424,31.853780302357674,False,True,False,False,0.08747655178887356,0.622995728048728,0.08747655178887356,False,left_only,left,none,none,0,moving_average,4,2.0,peak,13,-1,-1,13,False,0.07568852799110828,False,False,False,False,False,False,False,,
frame_000127.jpg,30.517680580469303,,127,True,0.011070124921522099,0.0,0.0,0.05535062460761049,False,False,False,False,False,0.2,0.12,0.18,False,True,True,False,True,30.517680580469303,,30.517680580469303,31.85393479807452,False,True,False,False,0.1395890321844513,0.6230758084442862,0.1395890321844513,False,left_only,left,none,none,0,moving_average,4,2.0,peak,13,-1,-1,13,False,0.13570835300609208,False,False,False,False,False,False,False,,
frame_000128.jpg,30.61299616083757,,128,True,0.09201312877294261,8.881784197001248e-16,1.3877787807814457e-17,0.46006564386471305,False,False,False,False,False,0.2,0.12,0.18,False,True,True,False,True,30.61299616083757,,30.61299616083757,31.854089293791365,False,True,False,False,0.18005947504495137,0.6231558888398445,0.18005947504495137,False,left_only,left,none,none,0,moving_average,4,2.0,peak,13,-1,-1,13,False,0.1730644998057393,False,False,False,False,False,False,False,,
frame_000129.jpg,30.658888255017263,,129,True,0.042335728498103624,0.0,0.0,0.2116786424905181,False,False,False,False,False,0.2,0.12,0.18,False,True,True,False,True,30.658888255017263,,30.658888255017263,31.85424378950821,False,True,False,False,0.1995449921878152,0.6232359692354028,0.1995449921878152,False,left_only,left,none,none,0,moving_average,4,2.0,peak,13,-1,-1,13,False,0.2457722729918272,False,False,False,False,False,False,False,,
frame_000130.jpg,31.031402430937145,,130,True,0.06547818487659597,0.0,0.0,0.32739092438297984,False,False,False,False,False,0.2,0.12,0.18,False,True,True,False,True,31.031402430937145,,31.031402430937145,31.854398285225052,False,True,False,False,0.3577123517427151,0.6233160496309592,0.3577123517427151,False,left_only,left,none,none,0,moving_average,4,2.0,peak,13,-1,-1,13,False,0.31639367190838297,False,False,False,False,False,False,False,,
frame_000131.jpg,31.111976588159784,,131,True,0.030128806320310803,0.0,0.0,0.150644031601554,False,False,False,False,True,0.2,0.12,0.18,False,True,True,False,True,31.111976588159784,,31.111976588159784,31.854552780941898,False,True,True,False,0.39192367179461857,0.6233961300265175,0.39192367179461857,False,left_only,left,none,none,0,moving_average,4,2.0,peak,13,-1,-1,13,False,0.37594208612682334,False,False,False,False,False,False,False,,
frame_000132.jpg,,,132,True,0.6463494235284385,0.6438643812161676,0.03452221025997154,5.3655365101347305,True,True,False,True,True,0.2,0.12,0.18,True,True,False,False,False,,,31.079631735448544,31.854707276658743,True,True,False,False,0.3781902348431364,0.6234762104220758,0.3781902348431364,False,missing,left,none,none,0,moving_average,4,2.0,peak,13,-1,-1,13,False,0.3781902348431363,True,False,False,False,False,False,False,7,
frame_000133.jpg,,,133,True,0.2401030164595753,0.22162792124844505,0.214325687211246,1.8468993437370422,True,True,True,True,True,0.2,0.12,0.18,True,True,False,False,False,,,31.047286882737303,31.854861772375585,True,True,False,False,0.3644567978916542,0.6235562908176322,0.3644567978916542,False,missing,left,none,none,0,moving_average,4,2.0,peak,13,-1,-1,13,False,0.3644567978916542,False,False,False,False,False,False,False,,
frame_000134.jpg,,,134,True,0.134753409354227,0.24159232548016873,0.12877328473934552,2.013269379001406,False,True,False,True,True,0.2,0.12,0.18,True,True,False,False,False,,,31.014942030026063,31.85501626809243,True,True,False,False,0.350723360940172,0.6236363712131905,0.350723360940172,False,missing,left,none,none,0,moving_average,4,2.0,peak,13,-1,-1,13,False,0.350723360940172,False,False,False,False,False,False,False,,
frame_000135.jpg,,,135,False,,,,0.0,False,False,False,False,True,0.2,0.12,0.18,True,True,False,False,False,,,30.982597177314823,31.855170763809276,True,True,False,False,0.3369899239886898,0.6237164516087488,0.3369899239886898,False,missing,left,none,none,0,moving_average,4,2.0,peak,13,-1,-1,13,False,0.33698992398868977,False,False,False,False,False,False,False,,
frame_000136.jpg,,,136,False,,,,0.0,False,False,False,False,False,0.2,0.12,0.18,True,True,False,False,False,,,30.950252324603582,31.85532525952612,True,True,False,False,0.3232564870372076,0.6237965320043052,0.3232564870372076,False,missing,left,none,none,0,moving_average,4,2.0,peak,13,-1,-1,13,False,0.3232564870372076,False,False,False,False,False,False,False,,
frame_000137.jpg,,,137,False,,,,0.0,False,False,False,False,False,0.2,0.12,0.18,True,True,False,False,False,,,30.91790747189234,31.855479755242964,True,True,False,False,0.30952305008572545,0.6238766123998635,0.30952305008572545,False,missing,left,none,none,0,moving_average,4,2.0,peak,13,-1,-1,13,False,0.30952305008572545,False,False,False,False,False,False,False,,
frame_000138.jpg,,,138,False,,,,0.0,False,False,False,False,False,0.2,0.12,0.18,True,True,False,False,False,,,30.8855626191811,31.85563425095981,True,True,False,False,0.29578961313424323,0.6239566927954218,0.29578961313424323,False,missing,left,none,none,0,moving_average,4,2.0,peak,13,-1,-1,13,False,0.29578961313424323,False,False,False,False,False,False,False,,
frame_000139.jpg,,,139,False,,,,0.0,False,False,False,False,False,0.2,0.12,0.18,True,True,False,False,False,,,30.85321776646986,31.85578874667665,True,True,False,False,0.282056176182761,0.6240367731909782,0.282056176182761,False,missing,left,none,none,0,moving_average,4,2.0,peak,13,-1,-1,13,False,0.282056176182761,False,False,False,False,False,False,False,,
frame_000140.jpg,,,140,False,,,,0.0,False,False,False,False,False,0.2,0.12,0.18,True,True,False,False,False,,,30.82087291375862,31.855943242393497,True,True,False,False,0.26832273923127886,0.6241168535865365,0.26832273923127886,False,missing,left,none,none,0,moving_average,4,2.0,peak,13,-1,-1,13,False,0.2683227392312788,False,False,False,False,False,False,False,,
frame_000141.jpg,,,141,False,,,,0.0,False,False,False,False,False,0.2,0.12,0.18,True,True,False,False,False,,,30.78852806104738,31.856097738110343,True,True,False,False,0.25458930227979665,0.6241969339820947,0.25458930227979665,False,missing,left,none,none,0,moving_average,4,2.0,peak,13,-1,-1,13,False,0.25458930227979665,False,False,False,False,False,False,False,,
frame_000142.jpg,,,142,False,,,,0.0,False,False,False,False,False,0.2,0.12,0.18,True,True,False,False,False,,,30.75618320833614,31.856252233827185,True,True,False,False,0.24085586532831446,0.6242770143776512,0.24085586532831446,False,missing,left,none,none,0,moving_average,4,2.0,peak,13,-1,-1,13,False,0.24085586532831496,False,False,False,False,False,False,False,,
frame_000143.jpg,,,143,False,,,,0.0,False,False,False,False,False,0.2,0.12,0.18,True,True,False,False,False,,,30.723838355624903,31.85640672954403,True,True,False,False,0.2271224283768338,0.6243570947732094,0.2271224283768338,False,missing,left,none,none,0,moving_average,4,2.0,peak,13,-1,-1,13,False,0.22712242837683327,False,False,False,False,False,False,False,,
frame_000144.jpg,,,144,False,,,,0.0,False,False,False,False,False,0.2,0.12,0.18,True,True,False,False,False,,,30.691493502913662,31.856561225260876,True,True,False,False,0.2133889914253516,0.6244371751687677,0.2133889914253516,False,missing,left,none,none,0,moving_average,4,2.0,peak,13,-1,-1,13,False,0.21338899142535156,False,False,False,False,False,False,False,,
frame_000145.jpg,,,145,False,,,,0.0,False,False,False,False,False,0.2,0.12,0.18,True,True,False,False,False,,,30.65914865020242,31.856715720977718,True,True,False,False,0.1996555544738694,0.6245172555643241,0.1996555544738694,False,missing,left,none,none,0,moving_average,4,2.0,peak,13,-1,-1,13,False,0.1996555544738694,False,False,False,False,False,False,False,,
frame_000146.jpg,,,146,False,,,,0.0,False,False,False,False,False,0.2,0.12,0.18,True,True,False,False,False,,,30.62680379749118,31.856870216694563,True,True,False,False,0.18592211752238721,0.6245973359598824,0.18592211752238721,False,missing,left,none,none,0,moving_average,4,2.0,peak,13,-1,-1,13,False,0.1859221175223872,False,False,False,False,False,False,False,,
frame_000147.jpg,,,147,False,,,,0.0,False,False,False,False,False,0.2,0.12,0.18,True,True,False,False,False,,,30.59445894477994,31.85702471241141,True,True,False,False,0.17218868057090503,0.6246774163554407,0.17218868057090503,False,missing,left,none,none,0,moving_average,4,2.0,peak,13,-1,-1,13,False,0.17218868057090503,False,False,False,False,False,False,False,,
frame_000148.jpg,,,148,False,,,,0.0,False,False,False,False,False,0.2,0.12,0.18,True,True,False,False,False,,,30.5621140920687,31.857179208128255,True,True,False,False,0.15845524361942284,0.6247574967509989,0.15845524361942284,False,missing,left,none,none,0,moving_average,4,2.0,peak,13,-1,-1,13,False,0.15845524361942281,False,False,False,False,False,False,False,,
frame_000149.jpg,,,149,False,,,,0.0,False,False,False,False,False,0.2,0.12,0.18,True,True,False,False,False,,,30.52976923935746,31.857333703845097,True,True,False,False,0.14472180666794066,0.6248375771465554,0.14472180666794066,False,missing,left,none,none,0,moving_average,4,2.0,peak,13,-1,-1,13,False,0.14472180666794063,False,False,False,False,False,False,False,,
frame_000150.jpg,,,150,False,,,,0.0,False,False,False,False,False,0.2,0.12,0.18,True,True,False,False,False,,,30.49742438664622,31.857488199561942,True,True,False,False,0.13098836971645844,0.6249176575421137,0.13098836971645844,False,missing,left,none,none,0,moving_average,4,2.0,peak,13,-1,-1,13,False,0.13098836971645844,False,False,False,False,False,False,False,,
frame_000151.jpg,,,151,True,,,,0.0,False,False,False,False,False,0.2,0.12,0.18,True,True,False,False,False,,,30.46507953393498,31.857642695278788,True,True,False,False,0.11725493276497626,0.6249977379376719,0.11725493276497626,False,missing,left,none,none,0,moving_average,4,2.0,peak,13,-1,-1,13,False,0.11725493276497626,False,False,False,False,False,False,False,,
frame_000152.jpg,,,152,False,,,,0.0,False,False,False,False,False,0.2,0.12,0.18,True,True,False,False,False,,,30.43273468122374,31.85779719099563,True,True,False,False,0.10352149581349407,0.6250778183332284,0.10352149581349407,False,missing,left,none,none,0,moving_average,4,2.0,peak,13,-1,-1,13,False,0.10352149581349407,False,False,False,False,False,False,False,,
frame_000153.jpg,30.4003898285125,,153,True,,,,0.0,False,False,False,False,True,0.2,0.12,0.18,False,True,True,False,True,30.4003898285125,,30.4003898285125,31.857951686712475,False,True,True,False,0.08978805886201188,0.6251578987287866,0.08978805886201188,False,left_only,left,none,none,0,moving_average,4,2.0,peak,13,-1,-1,13,False,0.12719018144796157,False,False,False,False,False,False,False,,
frame_000154.jpg,30.63231228566787,,154,True,0.937820369548046,0.0,0.0,4.68910184774023,True,False,False,True,True,0.2,0.12,0.18,False,True,True,False,True,30.63231228566787,,30.63231228566787,31.85810618242932,False,True,True,False,0.18826098966837881,0.6252379791243449,0.18826098966837881,False,left_only,left,none,none,0,moving_average,4,2.0,peak,13,-1,-1,13,False,0.2214875307306755,False,False,False,False,False,False,False,,
frame_000155.jpg,31.09899918974808,,155,True,0.8752611235901845,0.0,0.0,4.376305617950922,True,False,False,True,True,0.2,0.12,0.18,False,True,True,False,True,31.09899918974808,,31.09899918974808,31.858260678146163,False,True,True,False,0.3864135436616359,0.6253180595199014,0.3864135436616359,False,left_only,left,none,none,0,moving_average,4,2.0,peak,13,-1,-1,13,False,0.3211136263112765,False,False,False,False,False,False,False,,
frame_000156.jpg,31.104304966245603,31.85841517386301,156,True,0.34179861963097774,0.10826927849091292,0.039802959801194346,1.7089930981548886,True,False,False,True,True,0.2,0.12,0.18,False,False,True,True,True,31.104304966245603,31.85841517386301,31.104304966245603,31.85841517386301,False,False,True,True,0.3886663456038149,0.6253981399154596,0.3886663456038149,False,both,left,none,none,0,moving_average,4,2.0,peak,13,-1,-1,13,False,0.42458685349317205,False,False,False,False,False,False,False,,
frame_000157.jpg,31.36340960047236,31.8538337725342,157,True,0.05198269728471373,0.03510527967813714,0.002586419079218496,0.2925439973178095,False,False,False,False,True,0.2,0.12,0.18,False,False,True,True,True,31.36340960047236,31.8538337725342,31.36340960047236,31.8538337725342,False,False,True,True,0.4986806712140654,0.6230234434635893,0.4986806712140654,False,both,left,none,none,0,moving_average,4,2.0,peak,13,-1,-1,13,False,0.47428392728512914,False,False,False,False,False,False,False,,
frame_000158.jpg,31.450137336227943,31.759698186178795,158,True,0.18600750621217355,0.018983459832368738,0.02192981035670879,0.9300375310608677,False,False,False,False,False,0.2,0.12,0.18,False,False,True,True,True,31.450137336227943,31.759698186178795,31.450137336227943,31.759698186178795,False,False,False,False,0.5355047650375072,0.5742297607300655,0.5355047650375072,False,both,left,none,none,0,moving_average,4,2.0,peak,13,-1,-1,13,False,0.5275520177693898,False,False,False,False,False,False,False,,
frame_000159.jpg,31.48067438061929,31.806675224399434,159,True,0.030129511469071377,0.00987353685053965,0.0041199916790000506,0.15064755734535687,False,False,False,False,False,0.2,0.12,0.18,False,False,True,True,True,31.48067438061929,31.806675224399434,31.48067438061929,31.806675224399434,False,False,False,False,0.5484706170565968,0.5985795607094749,0.5484706170565968,False,both,left,none,none,0,moving_average,4,2.0,peak,13,-1,-1,13,False,0.5834645420793002,False,False,False,False,False,False,False,,
frame_000160.jpg,31.75846344676883,31.811331030189617,160,True,0.06672583407766884,0.05318516231145893,0.0008310303418301392,0.4432096859288244,False,False,False,False,False,0.2,0.12,0.18,False,False,True,True,True,31.75846344676883,31.811331030189617,31.75846344676883,31.811331030189617,False,False,False,False,0.6664182441437967,0.6009928235295247,0.6664182441437967,False,both,left,none,none,0,moving_average,4,2.0,peak,13,-1,-1,13,False,0.595738190725871,False,False,False,False,False,False,False,,
frame_000161.jpg,31.5368576581194,31.678204599625623,161,True,0.0351087941367561,0.008837742800578157,0.009029479230787658,0.17554397068378047,False,False,False,False,False,0.2,0.12,0.18,False,False,True,True,True,31.5368576581194,31.678204599625623,31.5368576581194,31.678204599625623,False,False,False,False,0.5723257109772196,0.5319888573582003,0.5723257109772196,False,both,left,none,none,0,moving_average,4,2.0,peak,13,-1,-1,13,False,0.6193653005310323,False,False,False,False,False,False,False,,
frame_000162.jpg,31.647613375425927,,162,True,0.02041577838873076,0.0208946380329166,0.005454270745697989,0.17412198360763834,False,False,False,False,False,0.2,0.12,0.18,False,True,True,False,True,31.647613375425927,,31.647613375425927,31.628916628313455,False,True,False,False,0.6193519464720807,0.5064412219963167,0.6193519464720807,False,left_only,left,none,none,0,moving_average,4,2.0,peak,13,-1,-1,13,False,0.6162171099396208,False,False,False,False,False,False,False,,
frame_000163.jpg,31.73621968622749,31.57962865700129,163,True,0.015200003088306279,0.02468132718224301,0.004586486420442398,0.20567772651869173,False,False,False,False,False,0.2,0.12,0.18,False,False,True,True,True,31.73621968622749,31.57962865700129,31.73621968622749,31.57962865700129,False,False,False,False,0.6569736723695621,0.48089358663443477,0.6569736723695621,False,both,left,none,none,0,moving_average,4,2.0,peak,13,-1,-1,13,False,0.6327698737074184,False,False,False,False,False,False,False,,
frame_000164.jpg,31.65381236681865,31.47569631023631,164,True,0.014750319093389485,0.02681340426535603,0.0032835644731691455,0.2234450355446336,False,False,False,False,False,0.2,0.12,0.18,False,False,True,True,True,31.65381236681865,31.47569631023631,31.65381236681865,31.47569631023631,False,False,False,False,0.6219840022806126,0.42702190908780613,0.6219840022806126,False,both,left,none,none,0,moving_average,4,2.0,peak,13,-1,-1,13,False,0.6172734529784139,False,False,False,False,False,False,False,,
frame_000165.jpg,31.538122332258403,,165,True,0.012313318525011135,0.011929778914729156,0.011028454136070563,0.09941482428940963,False,False,False,False,False,0.2,0.12,0.18,False,True,True,False,True,31.538122332258403,,31.538122332258403,31.601532505272573,False,True,False,False,0.572862684285067,0.4922470977195746,0.572862684285067,False,left_only,left,none,none,0,moving_average,4,2.0,peak,13,-1,-1,13,False,0.5984872148660048,False,False,False,False,False,False,False,,
frame_000166.jpg,31.60348420852642,31.72736870030884,166,True,0.01398532741404672,0.0042864635088940084,0.012761828243502058,0.07089904579723366,False,False,False,False,False,0.2,0.12,0.18,False,False,True,True,True,31.60348420852642,31.72736870030884,31.60348420852642,31.72736870030884,False,False,False,False,0.6006149580323348,0.5574722863513448,0.6006149580323348,False,both,left,none,none,0,moving_average,4,2.0,peak,13,-1,-1,13,False,0.6047940686988769,False,False,False,False,False,False,False,,
frame_000167.jpg,31.69837388314182,,167,True,0.0045955946117883124,0.01704929231748636,0.004138995101297241,0.142077435979053,False,False,False,False,False,0.2,0.12,0.18,False,True,True,False,True,31.69837388314182,,31.69837388314182,31.84273210772033,False,True,False,False,0.6409045637792289,0.6172690722240384,0.6409045637792289,False,left_only,left,none,none,0,moving_average,4,2.0,peak,13,-1,-1,13,False,0.6582303100994153,False,False,False,False,False,False,False,,
frame_000168.jpg,31.91567982867728,31.95809551513182,168,True,0.01710880183083365,0.007996270815710253,0.0030232694863514334,0.08554400915416824,False,False,False,False,False,0.2,0.12,0.18,False,False,True,True,True,31.91567982867728,31.95809551513182,31.91567982867728,31.95809551513182,False,False,False,False,0.7331714084866824,0.6770658580967318,0.7331714084866824,False,both,left,none,none,0,moving_average,4,2.0,peak,13,-1,-1,13,False,0.6858365394363494,False,False,False,False,False,False,False,,
frame_000169.jpg,31.79853795034729,31.933598143440157,169,True,0.007887670549166226,0.008590876365655042,0.0010367380043455887,0.07159063638045868,False,False,False,False,False,0.2,0.12,0.18,False,False,True,True,True,31.79853795034729,31.933598143440157,31.79853795034729,31.933598143440157,False,False,False,False,0.6834336460431369,0.6643680354304412,0.6834336460431369,False,both,left,none,none,0,moving_average,4,2.0,peak,13,-1,-1,13,False,0.7086650443271183,False,False,False,False,False,False,False,,
frame_000170.jpg,31.85967027913905,31.968788904132897,170,True,0.0007801607332596911,0.006733460957452041,0.0010132733099416855,0.05611217464543368,False,False,False,False,False,0.2,0.12,0.18,False,False,True,True,True,31.85967027913905,31.968788904132897,31.85967027913905,31.968788904132897,False,False,False,False,0.7093900784515357,0.682608606067672,0.7093900784515357,False,both,left,none,none,0,moving_average,4,2.0,peak,13,-1,-1,13,False,0.7185597015066861,False,False,False,False,False,False,False,,
frame_000171.jpg,31.98559122017352,32.06718809466758,171,True,0.015545620155159492,0.003396708180474669,0.0020169227302397966,0.07772810077579746,False,False,False,False,False,0.2,0.12,0.18,False,False,True,True,True,31.98559122017352,32.06718809466758,31.98559122017352,32.06718809466758,False,False,False,False,0.7628553800253858,0.7336122601593136,0.7628553800253858,False,both,left,none,none,0,moving_average,4,2.0,peak,13,-1,-1,13,False,0.7395268570579119,False,False,False,False,False,False,False,,
frame_000172.jpg,31.946682852560905,32.0666398630076,172,True,0.00847793414966988,0.00047866915040613756,0.005849576930227668,0.0423896707483494,False,False,False,False,False,0.2,0.12,0.18,False,False,True,True,True,31.946682852560905,32.0666398630076,31.946682852560905,32.0666398630076,False,False,False,False,0.7463351126968141,0.7333280930051368,0.7463351126968141,False,both,left,none,none,0,moving_average,4,2.0,peak,13,-1,-1,13,False,0.7445343788406682,True,False,False,False,False,False,False,8,
frame_000173.jpg,31.89505127409693,32.08808343934741,173,True,0.007846723845593253,0.011390479904759478,0.005442225509300909,0.09492066587299565,False,False,False,False,False,0.2,0.12,0.18,False,False,True,True,True,31.89505127409693,32.08808343934741,31.89505127409693,32.08808343934741,False,False,False,False,0.7244126437998047,0.7444430294612214,0.7244126437998047,False,both,left,none,none,0,moving_average,4,2.0,peak,13,-1,-1,13,False,0.7210843314475485,False,False,False,False,False,False,False,,
frame_000174.jpg,31.81990327220791,32.01547182789053,174,True,0.00936970193590178,0.004335573956608692,0.003848715753578813,0.046848509679508904,False,False,False,False,False,0.2,0.12,0.18,False,False,True,True,True,31.81990327220791,32.01547182789053,31.81990327220791,32.01547182789053,False,False,False,False,0.6925052378460267,0.7068059564969071,0.6925052378460267,False,both,left,none,none,0,moving_average,4,2.0,peak,13,-1,-1,13,False,0.6741321971226879,False,False,False,False,False,False,False,,
frame_000175.jpg,31.614939267634316,31.884514171361285,175,True,0.004002954136068127,0.004511414812104542,0.004008762156797976,0.037595123434204514,False,False,False,False,False,0.2,0.12,0.18,False,False,True,True,True,31.614939267634316,31.884514171361285,31.614939267634316,31.884514171361285,False,False,False,False,0.6054787097222323,0.638926139823869,0.6054787097222323,False,both,left,none,none,0,moving_average,4,2.0,peak,13,-1,-1,13,False,0.6257625948628044,False,False,False,False,False,False,False,,
frame_000176.jpg,31.553292470457823,31.785453701301734,176,True,0.018416749863116838,0.002689680319112135,0.0006224164287934736,0.09208374931558419,False,False,False,False,False,0.2,0.12,0.18,False,False,True,True,True,31.553292470457823,31.785453701301734,31.553292470457823,31.785453701301734,False,False,False,False,0.5793038370201542,0.5875797220167834,0.5793038370201542,False,both,left,none,none,0,moving_average,4,2.0,peak,13,-1,-1,13,False,0.5808850210888026,False,False,False,False,False,False,False,,
frame_000177.jpg,31.502817639772413,,177,True,0.017663894392900073,0.01682045559515533,0.03206531333138318,0.17814062961879545,False,False,False,False,False,0.2,0.12,0.18,False,True,True,False,True,31.502817639772413,,31.502817639772413,31.801690686630575,False,True,False,False,0.5578725165240211,0.5959959049010463,0.5578725165240211,False,left_only,left,none,none,0,moving_average,4,2.0,peak,13,-1,-1,13,False,0.5710433017299884,False,False,False,False,False,False,False,,
frame_000178.jpg,31.545401912008597,,178,True,0.013681729222250855,0.0,0.0,0.06840864611125427,False,False,False,False,False,0.2,0.12,0.18,False,True,True,False,True,31.545401912008597,,31.545401912008597,31.817927671959417,False,True,False,False,0.5759535516457901,0.6044120877853091,0.5759535516457901,False,left_only,left,none,none,0,moving_average,4,2.0,peak,13,-1,-1,13,False,0.5682359358829933,False,False,False,False,False,False,False,,
frame_000179.jpg,31.533456830956563,,179,True,0.00424857898967053,0.0,0.0,0.021242894948352648,False,False,False,False,False,0.2,0.12,0.18,False,True,True,False,True,31.533456830956563,,31.533456830956563,31.83416465728826,False,True,False,False,0.5708817394791686,0.6128282706695719,0.5708817394791686,False,left_only,left,none,none,0,moving_average,4,2.0,peak,13,-1,-1,13,False,0.5833866538541248,False,False,False,False,False,False,False,,
frame_000180.jpg,31.609866095955024,,180,True,0.007829095903703882,0.0,0.0,0.039145479518519405,False,False,False,False,False,0.2,0.12,0.18,False,True,True,False,True,31.609866095955024,,31.609866095955024,31.8504016426171,False,True,False,False,0.603324670437416,0.6212444535538347,0.603324670437416,False,left_only,left,none,none,0,moving_average,4,2.0,peak,13,-1,-1,13,False,0.5999767640988286,False,False,False,False,False,False,False,,
frame_000181.jpg,31.662620494849275,,181,True,0.0022880082978389634,0.0,4.458239333260394e-16,0.011440041489194816,False,False,False,False,False,0.2,0.12,0.18,False,True,True,False,True,31.662620494849275,,31.662620494849275,31.866638627945942,False,True,False,False,0.6257238823799012,0.6296606364380974,0.6257238823799012,False,left_only,left,none,none,0,moving_average,4,2.0,peak,13,-1,-1,13,False,0.6350356382577892,False,False,False,False,False,False,False,,
frame_000182.jpg,31.781167755374018,31.882875613274784,182,True,0.012401409852631657,0.016318812850809775,0.030024440896498465,0.16680244942499148,False,False,False,False,False,0.2,0.12,0.18,False,False,True,True,True,31.781167755374018,31.882875613274784,31.781167755374018,31.882875613274784,False,False,False,False,0.6760583619560504,0.6380768193223603,0.6760583619560504,False,both,left,none,none,0,moving_average,4,2.0,peak,13,-1,-1,13,False,0.6720563818089605,False,False,False,False,False,False,False,,
frame_000183.jpg,31.87143874561007,32.02581568651465,183,True,0.006987698717737226,0.00488702250140942,0.00580278041877038,0.04072518751174516,False,False,False,False,False,0.2,0.12,0.18,False,False,True,True,True,31.87143874561007,32.02581568651465,31.87143874561007,32.02581568651465,False,False,False,False,0.7143869010909303,0.7121675309607888,0.7143869010909303,False,both,left,none,none,0,moving_average,4,2.0,peak,13,-1,-1,13,False,0.7039284027887751,False,False,False,False,False,False,False,,
frame_000184.jpg,31.887814485510965,32.052339540884326,184,True,0.005969327155924498,0.002722592872795286,0.00031200150346304134,0.029846635779622488,False,False,False,False,False,0.2,0.12,0.18,False,False,True,True,True,31.887814485510965,32.052339540884326,31.887814485510965,32.052339540884326,False,False,False,False,0.7213399453193446,0.7259157486656013,0.7213399453193446,False,both,left,none,none,0,moving_average,4,2.0,peak,13,-1,-1,13,False,0.7116777106231917,True,False,False,False,False,False,False,9,
frame_000185.jpg,31.835921031208123,32.10701882011862,185,True,0.00797760434222454,0.015421785030893635,0.0030014442727952922,0.12851487525744695,False,False,False,False,False,0.2,0.12,0.18,False,False,True,True,True,31.835921031208123,32.10701882011862,31.835921031208123,32.10701882011862,False,False,False,False,0.6993062854593003,0.7542578826698764,0.6993062854593003,False,both,left,none,none,0,moving_average,4,2.0,peak,13,-1,-1,13,False,0.7111273018486232,False,False,False,False,False,False,False,,
frame_000186.jpg,31.8675497939644,32.157888907926505,186,True,0.010582432549845778,0.006260589049612584,0.004186792943763403,0.052912162749228886,False,False,False,False,False,0.2,0.12,0.18,False,False,True,True,True,31.8675497939644,32.157888907926505,31.8675497939644,32.157888907926505,False,False,False,False,0.7127356747672247,0.7806255829331261,0.7127356747672247,False,both,left,none,none,0,moving_average,4,2.0,peak,13,-1,-1,13,False,0.7082592116645832,False,False,False,False,False,False,False,,
frame_000187.jpg,31.8675497939644,32.157888907926505,187,True,0.0,0.0,0.0,0.0,False,False,False,False,False,0.2,0.12,0.18,False,False,True,True,True,31.8675497939644,32.157888907926505,31.8675497939644,32.157888907926505,False,False,False,False,0.7127356747672247,0.7806255829331261,0.7127356747672247,False,both,left,none,none,0,moving_average,4,2.0,peak,13,-1,-1,13,False,0.6637202143471219,False,False,False,False,False,False,False,,
frame_000188.jpg,31.521227634377667,32.006227200538504,188,True,0.1151870426297688,0.021892875201715907,0.031033579774249205,0.575935213148844,False,False,False,False,False,0.2,0.12,0.18,False,False,True,True,True,31.521227634377667,32.006227200538504,31.521227634377667,32.006227200538504,False,False,False,False,0.5656892935069168,0.7020141510653103,0.5656892935069168,False,both,left,none,none,0,moving_average,4,2.0,peak,13,-1,-1,13,False,0.6408524803032122,False,False,False,False,False,False,False,,
frame_000189.jpg,31.70597622164529,32.02166337906649,189,True,0.08163311013589383,0.07735780073466844,0.027672196674028166,0.6446483394555703,False,False,False,False,False,0.2,0.12,0.18,False,False,True,True,True,31.70597622164529,32.02166337906649,31.70597622164529,32.02166337906649,False,False,False,False,0.6441324726354952,0.7100152484916215,0.6441324726354952,False,both,left,none,none,0,moving_average,4,2.0,peak,13,-1,-1,13,False,0.6081842870401645,False,False,False,False,False,False,False,,
frame_000190.jpg,31.63673039241869,,190,True,0.017735785603239983,0.01184154007332885,0.03300155391939017,0.18334196621883428,False,False,False,False,False,0.2,0.12,0.18,False,True,True,False,True,31.63673039241869,,31.63673039241869,31.998969009145753,False,True,False,False,0.6147310949780815,0.6982519830930412,0.6147310949780815,False,left_only,left,none,none,0,moving_average,4,2.0,peak,13,-1,-1,13,False,0.6167356270944975,False,False,False,False,False,False,False,,
frame_000191.jpg,31.581647724887773,,191,True,0.010939669998350453,0.01402534193285548,0.0195208764610317,0.11687784944046234,False,False,False,False,False,0.2,0.12,0.18,False,True,True,False,True,31.581647724887773,,31.581647724887773,31.97627463922502,False,True,False,False,0.5913433136699159,0.6864887176944626,0.5913433136699159,False,left_only,left,none,none,0,moving_average,4,2.0,peak,13,-1,-1,13,False,0.5912345732828594,False,False,False,False,False,False,False,,
frame_000192.jpg,31.52579674455602,,192,True,0.006760095044581377,0.03885953937210439,0.0020847325002375725,0.3238294947675366,False,False,False,False,False,0.2,0.12,0.18,False,True,True,False,True,31.52579674455602,,31.52579674455602,31.95358026930429,False,True,False,False,0.567629311200581,0.6747254522958841,0.567629311200581,False,left_only,left,none,none,0,moving_average,4,2.0,peak,13,-1,-1,13,False,0.5673314383015184,False,False,False,False,False,False,False,,
frame_000193.jpg,31.467841122447943,31.930885899383554,193,True,0.02386207389668892,0.02640892320590759,0.04753020157033866,0.2640566753907703,False,False,False,False,False,0.2,0.12,0.18,False,False,True,True,True,31.467841122447943,31.930885899383554,31.467841122447943,31.930885899383554,False,False,False,False,0.5430216900340584,0.6629621868973037,0.5430216900340584,False,both,left,none,none,0,moving_average,4,2.0,peak,13,-1,-1,13,False,0.5625338166840181,False,False,False,False,False,False,False,,
frame_000194.jpg,31.547749794210144,31.841199042869103,194,True,0.018789005245190598,0.0674220017333363,0.028704934624743376,0.5618500144444692,False,False,False,False,False,0.2,0.12,0.18,False,False,True,True,True,31.547749794210144,31.841199042869103,31.547749794210144,31.841199042869103,False,False,False,False,0.5769504488174151,0.6164744324617888,0.5769504488174151,False,both,left,none,none,0,moving_average,4,2.0,peak,13,-1,-1,13,False,0.5540955408297121,False,False,False,False,False,False,False,,
frame_000195.jpg,31.466175517049333,,195,True,0.06474179508386908,0.07227984698504922,0.016234114521601777,0.6023320582087435,False,False,False,False,False,0.2,0.12,0.18,False,True,True,False,True,31.466175517049333,,31.466175517049333,31.811597511627248,False,True,False,False,0.5423144836376629,0.6011309499408591,0.5423144836376629,False,left_only,left,none,none,0,moving_average,4,2.0,peak,13,-1,-1,13,False,0.5343912629429753,False,False,False,False,False,False,False,,
frame_000196.jpg,31.32861917059144,,196,True,0.01871739158135787,0.0,0.0,0.09358695790678935,False,False,False,False,False,0.2,0.12,0.18,False,True,True,False,True,31.32861917059144,,31.32861917059144,31.78199598038539,False,True,False,False,0.48390885637384806,0.5857874674199277,0.48390885637384806,False,left_only,left,none,none,0,moving_average,4,2.0,peak,13,-1,-1,13,False,0.47744919696725574,False,False,False,False,False,False,False,,
frame_000197.jpg,31.145421649354983,,197,True,0.003205956196451982,0.0,0.0,0.01602978098225991,False,False,False,False,False,0.2,0.12,0.18,False,True,True,False,True,31.145421649354983,,31.145421649354983,31.752394449143534,False,True,False,False,0.40612425089025633,0.5704439848989982,0.40612425089025633,False,left_only,left,none,none,0,moving_average,4,2.0,peak,13,-1,-1,13,False,0.4234052615952678,False,False,False,False,False,False,False,,
frame_000198.jpg,31.08432431642455,,198,True,0.005571995067607101,0.0,0.0,0.027859975338035504,False,False,False,False,False,0.2,0.12,0.18,False,True,True,False,True,31.08432431642455,,31.08432431642455,31.72279291790168,False,True,False,False,0.38018267752169893,0.5551005023780686,0.38018267752169893,False,left_only,left,none,none,0,moving_average,4,2.0,peak,13,-1,-1,13,False,0.4057156581646825,False,False,False,False,False,False,False,,
frame_000199.jpg,31.203632041840518,,199,True,0.06812488171853688,0.0,4.458239333260394e-16,0.3406244085926844,False,False,False,False,False,0.2,0.12,0.18,False,True,True,False,True,31.203632041840518,,31.203632041840518,31.69319138665982,False,True,False,False,0.4308400460820924,0.5397570198571372,0.4308400460820924,False,left_only,left,none,none,0,moving_average,4,2.0,peak,13,-1,-1,13,False,0.42812248358493876,False,False,False,False,False,False,False,,
frame_000200.jpg,31.30373863959677,31.663589855417964,200,True,0.051942719265099045,0.06361854299643566,0.03653597029095689,0.5301545249702971,False,False,False,False,False,0.2,0.12,0.18,False,False,True,True,True,31.30373863959677,31.663589855417964,31.30373863959677,31.663589855417964,False,False,False,False,0.473344727151025,0.5244135373362075,0.473344727151025,False,both,left,none,none,0,moving_average,4,2.0,peak,13,-1,-1,13,False,0.5215906687589562,False,False,False,False,False,False,False,,
frame_000201.jpg,31.74473030801741,31.887410055626447,201,True,0.07257894744616937,0.036480115345866135,0.05485378823226646,0.3628947372308468,False,False,False,False,False,0.2,0.12,0.18,False,False,True,True,True,31.74473030801741,31.887410055626447,31.74473030801741,31.887410055626447,False,False,False,False,0.6605872330437512,0.6404271753359209,0.6605872330437512,False,both,left,none,none,0,moving_average,4,2.0,peak,13,-1,-1,13,False,0.6008724282869577,False,False,False,False,False,False,False,,
frame_000202.jpg,31.76380285203478,31.974666185918068,202,True,0.028498404092590617,0.013770587251011048,0.005422438730085237,0.1424920204629531,False,False,False,False,False,0.2,0.12,0.18,False,False,True,True,True,31.76380285203478,31.974666185918068,31.76380285203478,31.974666185918068,False,False,False,False,0.6686853246660972,0.6856550015262233,0.6686853246660972,False,both,left,none,none,0,moving_average,4,2.0,peak,13,-1,-1,13,False,0.6617496035621145,True,False,False,False,False,False,False,10,
frame_000203.jpg,31.73387057409525,31.97090825023893,203,True,0.012058937497199036,0.02552407375192748,0.012068064121841755,0.21270061459939568,False,False,False,False,False,0.2,0.12,0.18,False,False,True,True,True,31.73387057409525,31.97090825023893,31.73387057409525,31.97090825023893,False,False,False,False,0.6559762529764953,0.6837071353859043,0.6559762529764953,False,both,left,none,none,0,moving_average,4,2.0,peak,13,-1,-1,13,False,0.637524810283421,False,False,False,False,False,False,False,,
frame_000204.jpg,31.573568338877188,31.990031749799837,204,True,0.010688538340595695,0.03757200424873118,0.012565508446115065,0.31310003540609316,False,False,False,False,False,0.2,0.12,0.18,False,False,True,True,True,31.573568338877188,31.990031749799837,31.573568338877188,31.990031749799837,False,False,False,False,0.5879128532076704,0.6936194969747151,0.5879128532076704,False,both,left,none,none,0,moving_average,4,2.0,peak,13,-1,-1,13,False,0.5883343564147712,False,False,False,False,False,False,False,,
frame_000205.jpg,31.41624426401312,31.96065011852201,205,True,0.017874038617179008,0.015411397470382223,0.0016340981217436714,0.12842831225318518,False,False,False,False,False,0.2,0.12,0.18,False,False,True,True,True,31.41624426401312,31.96065011852201,31.41624426401312,31.96065011852201,False,False,False,False,0.521113963060148,0.6783899960997646,0.521113963060148,False,both,left,none,none,0,moving_average,4,2.0,peak,13,-1,-1,13,False,0.518348129229274,False,False,False,False,False,False,False,,
frame_000206.jpg,31.239377997008926,,206,True,0.011052686131435716,0.0020402650015488052,0.002281148022137372,0.05526343065717858,False,False,False,False,False,0.2,0.12,0.18,False,True,True,False,True,31.239377997008926,,31.239377997008926,31.887382117190167,False,True,False,False,0.4460175714200034,0.6404126938922007,0.4460175714200034,False,left_only,left,none,none,0,moving_average,4,2.0,peak,13,-1,-1,13,False,0.45597194960148196,False,False,False,False,False,False,False,,
frame_000207.jpg,31.1328450844118,31.814114115858324,207,True,0.017604846980726344,0.01838752718055489,0.006955403528145818,0.15322939317129078,False,False,False,False,False,0.2,0.12,0.18,False,False,True,True,True,31.1328450844118,31.814114115858324,31.1328450844118,31.814114115858324,False,False,False,False,0.40078431432429457,0.6024353916846367,0.40078431432429457,False,both,left,none,none,0,moving_average,4,2.0,peak,13,-1,-1,13,False,0.42493219402890836,False,False,False,False,False,False,False,,
frame_000208.jpg,31.19693070272442,31.774596785977312,208,True,0.05045253148051084,0.10226429973932528,0.05234996358845296,0.8522024978277107,False,False,False,False,False,0.2,0.12,0.18,False,False,True,True,True,31.19693070272442,31.774596785977312,31.19693070272442,31.774596785977312,False,False,False,False,0.4279946963424272,0.5819522127791558,0.4279946963424272,False,both,left,none,none,0,moving_average,4,2.0,peak,13,-1,-1,13,False,0.3974246149858845,False,False,False,False,False,False,False,,
frame_000209.jpg,31.045021275730925,,209,True,0.005463928233324755,0.000804928454289791,0.007016291733366565,0.03897939851870314,False,False,False,False,False,0.2,0.12,0.18,False,True,True,False,True,31.045021275730925,,31.045021275730925,31.82793844279921,False,True,False,False,0.36349483429093177,0.6096010114982887,0.36349483429093177,False,left_only,left,none,none,0,moving_average,4,2.0,peak,13,-1,-1,13,False,0.3737890180390553,False,False,False,False,False,False,False,,
frame_000210.jpg,30.96584612311284,,210,True,0.009686932733239667,0.0,0.0,0.048434663666198335,False,False,False,False,False,0.2,0.12,0.18,False,True,True,False,True,30.96584612311284,,30.96584612311284,31.881280099621105,False,True,False,False,0.3298775234838069,0.6372498102174218,0.3298775234838069,False,left_only,left,none,none,0,moving_average,4,2.0,peak,13,-1,-1,13,False,0.3410832937528485,False,False,False,False,False,False,False,,
frame_000211.jpg,30.96584612311284,,211,True,0.0,0.0,0.0,0.0,False,False,False,False,False,0.2,0.12,0.18,False,True,True,False,True,30.96584612311284,,30.96584612311284,31.934621756443,False,True,False,False,0.3298775234838069,0.6648986089365547,0.3298775234838069,False,left_only,left,none,none,0,moving_average,4,2.0,peak,13,-1,-1,13,False,0.3308516950844159,False,False,False,False,False,False,False,,
frame_000212.jpg,30.97272920060797,,212,True,0.004126146871505659,0.0,4.458239333260394e-16,0.020630734357528293,False,False,False,False,False,0.2,0.12,0.18,False,True,True,False,True,30.97272920060797,,30.97272920060797,31.987963413264897,False,True,False,False,0.332800038285634,0.6925474076556877,0.332800038285634,False,left_only,left,none,none,0,moving_average,4,2.0,peak,13,-1,-1,13,False,0.35538667413007663,False,False,False,False,False,False,False,,
frame_000213.jpg,31.13919973145768,,213,True,0.02262507836886777,0.0,4.458239333260394e-16,0.11312539184433884,False,False,False,False,False,0.2,0.12,0.18,False,True,True,False,True,31.13919973145768,,31.13919973145768,32.04130507008679,False,True,False,False,0.40348246062078896,0.7201962063748207,0.40348246062078896,False,left_only,left,none,none,0,moving_average,4,2.0,peak,13,-1,-1,13,False,0.3897584120959219,False,False,False,False,False,False,False,,
frame_000214.jpg,31.20870203875775,,214,True,0.003791334520867845,0.0,0.0,0.018956672604339222,False,False,False,False,False,0.2,0.12,0.18,False,True,True,False,True,31.20870203875775,,31.20870203875775,32.09464672690869,False,True,False,False,0.43299273738134264,0.7478450050939556,0.43299273738134264,False,left_only,left,none,none,0,moving_average,4,2.0,peak,13,-1,-1,13,False,0.4337037892548995,False,False,False,False,False,False,False,,
frame_000215.jpg,31.28322833274116,32.147988383730585,215,True,0.005990599490328087,0.03707125282359986,0.010972807043209857,0.3089271068633322,False,False,False,False,False,0.2,0.12,0.18,False,False,True,True,True,31.28322833274116,32.147988383730585,31.28322833274116,32.147988383730585,False,False,False,False,0.4646361697625669,0.7754938038130867,0.4646361697625669,False,both,left,none,none,0,moving_average,4,2.0,peak,13,-1,-1,13,False,0.4516226704302473,False,False,False,False,False,False,False,,
frame_000216.jpg,31.265806838130484,32.11004038887009,216,True,0.017092850633737795,0.015020596642970528,0.007188172651625647,0.12517163869142106,False,False,False,False,False,0.2,0.12,0.18,False,False,True,True,True,31.265806838130484,32.11004038887009,31.265806838130484,32.11004038887009,False,False,False,False,0.45723910414683244,0.7558240647347565,0.45723910414683244,False,both,left,none,none,0,moving_average,4,2.0,peak,13,-1,-1,13,False,0.45632798327263435,True,False,False,False,False,False,False,11,
frame_000217.jpg,31.24194775533656,32.10222528782435,217,True,0.004809727338307332,0.0073718258542517364,0.006575763930521696,0.06143188211876447,False,False,False,False,False,0.2,0.12,0.18,False,False,True,True,True,31.24194775533656,32.10222528782435,31.24194775533656,32.10222528782435,False,False,False,False,0.4471086759085038,0.7517732315087712,0.4471086759085038,False,both,left,none,none,0,moving_average,4,2.0,peak,13,-1,-1,13,False,0.45590642136415993,False,False,False,False,False,False,False,,
frame_000218.jpg,31.28024975762851,32.14151059675556,218,True,0.007982537483618499,0.002789017431792912,0.0021789900690700544,0.03991268741809249,False,False,False,False,False,0.2,0.12,0.18,False,False,True,True,True,31.28024975762851,32.14151059675556,31.28024975762851,32.14151059675556,False,False,False,False,0.4633714840371435,0.7721361460482384,0.4633714840371435,False,both,left,none,none,0,moving_average,4,2.0,peak,13,-1,-1,13,False,0.44508677852006395,False,False,False,False,False,False,False,,
frame_000219.jpg,31.18935989580639,32.13109405733579,219,True,0.0007045037680469478,0.00033119789825271085,0.0055198620827329545,0.030665900459627526,False,False,False,False,False,0.2,0.12,0.18,False,False,True,True,True,31.18935989580639,32.13109405733579,31.18935989580639,32.13109405733579,False,False,False,False,0.42478017561454456,0.7667368986508653,0.42478017561454456,False,both,left,none,none,0,moving_average,4,2.0,peak,13,-1,-1,13,False,0.43457473082058,False,False,False,False,False,False,False,,
frame_000220.jpg,31.167674147993868,,220,True,0.008856033187842387,0.012221010792837567,0.007019526308443007,0.10184175660697974,False,False,False,False,False,0.2,0.12,0.18,False,True,True,False,True,31.167674147993868,,31.167674147993868,32.1395483625059,False,True,False,False,0.415572532810052,0.7711190531598455,0.415572532810052,False,left_only,left,none,none,0,moving_average,4,2.0,peak,13,-1,-1,13,False,0.4084919286809811,False,False,False,False,False,False,False,,
frame_000221.jpg,31.09595989708984,,221,True,0.0038490182905117293,0.0,0.0,0.019245091452558646,False,False,False,False,False,0.2,0.12,0.18,False,True,True,False,True,31.09595989708984,,31.09595989708984,32.14800266767601,False,True,False,False,0.38512307761834674,0.7755012076688257,0.38512307761834674,False,left_only,left,none,none,0,moving_average,4,2.0,peak,13,-1,-1,13,False,0.3817287923108186,False,False,False,False,False,False,False,,
frame_000222.jpg,31.00026308623674,,222,True,0.013283626248985254,0.0,0.0,0.06641813124492627,False,False,False,False,False,0.2,0.12,0.18,False,True,True,False,True,31.00026308623674,,31.00026308623674,32.156456972846115,False,True,False,False,0.34449076650405713,0.7798833621778022,0.34449076650405713,False,left_only,left,none,none,0,moving_average,4,2.0,peak,13,-1,-1,13,False,0.3529025611338488,False,False,False,False,False,False,False,,
frame_000223.jpg,30.964000397948663,,223,True,0.01210872807237482,0.0,0.0,0.0605436403618741,False,False,False,False,False,0.2,0.12,0.18,False,True,True,False,True,30.964000397948663,,30.964000397948663,32.16491127801623,False,True,False,False,0.3290938392791427,0.7842655166867825,0.3290938392791427,False,left_only,left,none,none,0,moving_average,4,2.0,peak,13,-1,-1,13,False,0.32869244365385997,False,False,False,False,False,False,False,,
frame_000224.jpg,30.92490162083055,,224,True,0.006776800184811165,0.0,0.0,0.03388400092405582,False,False,False,False,False,0.2,0.12,0.18,False,True,True,False,True,30.92490162083055,,30.92490162083055,32.17336558318634,False,True,False,False,0.31249272517838017,0.7886476711957626,0.31249272517838017,False,left_only,left,none,none,0,moving_average,4,2.0,peak,13,-1,-1,13,False,0.34153899892734246,False,False,False,False,False,False,False,,
frame_000225.jpg,31.09103131992119,,225,True,0.02827733732553894,0.0,0.0,0.14138668662769469,False,False,False,False,False,0.2,0.12,0.18,False,True,True,False,True,31.09103131992119,,31.09103131992119,32.18181988835645,False,True,False,False,0.38303043232450457,0.7930298257047429,0.38303043232450457,False,left_only,left,none,none,0,moving_average,4,2.0,peak,13,-1,-1,13,False,0.3709135545891652,False,False,False,False,False,False,False,,
frame_000226.jpg,31.171548372944955,,226,True,0.007570452461699828,0.0,0.0,0.037852262308499134,False,False,False,False,False,0.2,0.12,0.18,False,True,True,False,True,31.171548372944955,,31.171548372944955,32.19027419352656,False,True,False,False,0.417217506264611,0.7974119802137231,0.417217506264611,False,left_only,left,none,none,0,moving_average,4,2.0,peak,13,-1,-1,13,False,0.41661571607462244,False,False,False,False,False,False,False,,
frame_000227.jpg,31.247813435343136,,227,True,0.005696064966460532,0.0,0.0,0.02848032483230266,False,False,False,False,False,0.2,0.12,0.18,False,True,True,False,True,31.247813435343136,,31.247813435343136,32.198728498696674,False,True,False,False,0.449599209634752,0.8017941347227033,0.449599209634752,False,left_only,left,none,none,0,moving_average,4,2.0,peak,13,-1,-1,13,False,0.43880530851137156,False,False,False,False,False,False,False,,
frame_000228.jpg,31.247813435343136,,228,True,0.0,0.0,0.0,0.0,False,False,False,False,False,0.2,0.12,0.18,False,True,True,False,True,31.247813435343136,,31.247813435343136,32.20718280386678,False,True,False,False,0.449599209634752,0.8061762892316798,0.449599209634752,False,left_only,left,none,none,0,moving_average,4,2.0,peak,13,-1,-1,13,False,0.4459612460964744,False,False,False,False,False,False,False,,
frame_000229.jpg,31.22210914983249,,229,True,0.006365390404057896,0.0,4.458239333260394e-16,0.03182695202028948,False,False,False,False,False,0.2,0.12,0.18,False,True,True,False,True,31.22210914983249,,31.22210914983249,32.21563710903689,False,True,False,False,0.4386853190199194,0.81055844374066,0.4386853190199194,False,left_only,left,none,none,0,moving_average,4,2.0,peak,13,-1,-1,13,False,0.45644846093003594,False,False,False,False,False,False,False,,
frame_000230.jpg,31.32191158433695,32.224091414207,230,True,0.018491473671343225,0.036757014223606325,0.0074856249992806875,0.30630845186338607,False,False,False,False,False,0.2,0.12,0.18,False,False,True,True,True,31.32191158433695,32.224091414207,31.32191158433695,32.224091414207,False,False,False,False,0.48106085413543664,0.8149405982496403,0.48106085413543664,False,both,left,none,none,0,moving_average,4,2.0,peak,13,-1,-1,13,False,0.46296131414527997,False,False,False,False,False,False,False,,
frame_000231.jpg,31.2938304546926,32.19708017958628,231,True,0.006567359594723199,0.002604587032507731,0.0029934371574364873,0.032836797973615994,False,False,False,False,False,0.2,0.12,0.18,False,False,True,True,True,31.2938304546926,32.19708017958628,31.2938304546926,32.19708017958628,False,False,False,False,0.46913776928048406,0.8009397547498358,0.46913776928048406,False,both,left,none,none,0,moving_average,4,2.0,peak,13,-1,-1,13,False,0.4633546101558418,True,False,False,False,False,False,False,12,
frame_000232.jpg,31.224888010268916,,232,True,0.013821437684203592,0.034152427191098754,0.010479062156716729,0.284603559925823,False,False,False,False,False,0.2,0.12,0.18,False,True,True,False,True,31.224888010268916,,31.224888010268916,32.1811132523377,False,True,False,False,0.43986520705160476,0.7926635521726836,0.43986520705160476,False,left_only,left,none,none,0,moving_average,4,2.0,peak,13,-1,-1,13,False,0.42574206446990903,False,False,False,False,False,False,False,,
frame_000233.jpg,31.056157515358244,,233,True,0.009483693946765452,0.0,0.0,0.04741846973382726,False,False,False,False,False,0.2,0.12,0.18,False,True,True,False,True,31.056157515358244,,31.056157515358244,32.165146325089125,False,True,False,False,0.36822321707763833,0.7843873495955312,0.36822321707763833,False,left_only,left,none,none,0,moving_average,4,2.0,peak,13,-1,-1,13,False,0.37488882932846546,False,False,False,False,False,False,False,,
frame_000234.jpg,30.934523369433972,,234,True,0.005415430570400607,0.0,0.0,0.02707715285200303,False,False,False,False,False,0.2,0.12,0.18,False,True,True,False,True,30.934523369433972,,30.934523369433972,32.14917939784055,False,True,False,False,0.3165780638561534,0.7761111470183789,0.3165780638561534,False,left_only,left,none,none,0,moving_average,4,2.0,peak,13,-1,-1,13,False,0.3337931149299817,False,False,False,False,False,False,False,,
frame_000235.jpg,30.934523369433972,,235,True,0.0,0.0,0.0,0.0,False,False,False,False,False,0.2,0.12,0.18,False,True,True,False,True,30.934523369433972,,30.934523369433972,32.13321247059197,False,True,False,False,0.3165780638561534,0.7678349444412266,0.3165780638561534,False,left_only,left,none,none,0,moving_average,4,2.0,peak,13,-1,-1,13,False,0.3113710707955187,False,False,False,False,False,False,False,,
frame_000236.jpg,30.89773299622812,,236,True,0.009291469991262596,0.0,0.0,0.04645734995631298,False,False,False,False,False,0.2,0.12,0.18,False,True,True,False,True,30.89773299622812,,30.89773299622812,32.117245543343394,False,True,False,False,0.30095708467424925,0.7595587418640742,0.30095708467424925,False,left_only,left,none,none,0,moving_average,4,2.0,peak,13,-1,-1,13,False,0.28224200483857037,False,False,False,False,False,False,False,,
frame_000237.jpg,30.72870991909622,,237,True,0.02246288524573667,0.0,0.0,0.11231442622868335,False,False,False,False,False,0.2,0.12,0.18,False,True,True,False,True,30.72870991909622,,30.72870991909622,32.10127861609482,False,True,False,False,0.22919086598530844,0.751282539286922,0.22919086598530844,False,left_only,left,none,none,0,moving_average,4,2.0,peak,13,-1,-1,13,False,0.2442358336312757,False,False,False,False,False,False,False,,
frame_000238.jpg,30.665988111837265,,238,True,0.017176943474762573,0.0,4.458239333260394e-16,0.08588471737381285,False,False,False,False,False,0.2,0.12,0.18,False,True,True,False,True,30.665988111837265,,30.665988111837265,32.08531168884624,False,True,False,False,0.20255955023426941,0.7430063367097697,0.20255955023426941,False,left_only,left,none,none,0,moving_average,4,2.0,peak,13,-1,-1,13,False,0.21405129565430997,False,False,False,False,False,False,False,,
frame_000239.jpg,30.68446203460265,,239,True,0.00504630205046077,0.0,4.458239333260394e-16,0.02523151025230385,False,False,False,False,False,0.2,0.12,0.18,False,True,True,False,True,30.68446203460265,,30.68446203460265,32.06934476159766,False,True,False,False,0.21040347074335206,0.7347301341326173,0.21040347074335206,False,left_only,left,none,none,0,moving_average,4,2.0,peak,13,-1,-1,13,False,0.26160753873909004,False,False,False,False,False,False,False,,
frame_000240.jpg,31.064721876666205,32.053377834349085,240,True,0.031119379916438934,0.07734963755535243,0.0016089390622902947,0.6445803129612703,False,False,False,False,False,0.2,0.12,0.18,False,False,True,True,True,31.064721876666205,32.053377834349085,31.064721876666205,32.053377834349085,False,False,False,False,0.37185959523964873,0.726453931555465,0.37185959523964873,False,both,left,none,none,0,moving_average,4,2.0,peak,13,-1,-1,13,False,0.31804088707421646,False,False,False,False,False,False,False,,
frame_000241.jpg,31.064721876666205,32.053377834349085,241,True,0.0,0.0,0.0,0.0,False,False,False,False,False,0.2,0.12,0.18,False,False,True,True,True,31.064721876666205,32.053377834349085,31.064721876666205,32.053377834349085,False,False,False,False,0.37185959523964873,0.726453931555465,0.37185959523964873,False,both,left,none,none,0,moving_average,4,2.0,peak,13,-1,-1,13,False,0.3677498637422606,False,False,False,False,False,False,False,,
frame_000242.jpg,31.035684281684983,32.06891150900339,242,True,0.005297569192922515,0.021079442163012895,0.004828534478671549,0.17566201802510747,False,False,False,False,False,0.2,0.12,0.18,False,False,True,True,True,31.035684281684983,32.06891150900339,31.035684281684983,32.06891150900339,False,False,False,False,0.35953040074748444,0.7345055645469085,0.35953040074748444,False,both,left,none,none,0,moving_average,4,2.0,peak,13,-1,-1,13,False,0.3873309834572491,False,False,False,False,False,False,False,,
frame_000243.jpg,31.20307364585697,32.00238992922043,243,True,0.020980400412534413,0.002254805595529503,0.0016844152522685202,0.10490200206267206,False,False,False,False,False,0.2,0.12,0.18,False,False,True,True,True,31.20307364585697,32.00238992922043,31.20307364585697,32.00238992922043,False,False,False,False,0.43060295438461416,0.7000251625594144,0.43060295438461416,False,both,left,none,none,0,moving_average,4,2.0,peak,13,-1,-1,13,False,0.40694984465183437,False,False,False,False,False,False,False,,
frame_000244.jpg,31.203340310917504,31.964344799063053,244,True,0.008828946613253659,0.006267309059808725,0.007758301982710415,0.052227575498406044,False,False,False,False,False,0.2,0.12,0.18,False,False,True,True,True,31.203340310917504,31.964344799063053,31.203340310917504,31.964344799063053,False,False,False,False,0.43071617882340457,0.6803050749461499,0.43071617882340457,False,both,left,none,none,0,moving_average,4,2.0,peak,13,-1,-1,13,False,0.4318061752262904,False,False,False,False,False,False,False,,
frame_000245.jpg,31.211308421704626,31.930324177297933,245,True,0.007896110986510177,0.016253737397423074,0.0026089492121678273,0.1354478116451923,False,False,False,False,False,0.2,0.12,0.18,False,False,True,True,True,31.211308421704626,31.930324177297933,31.211308421704626,31.930324177297933,False,False,False,False,0.4340993924708525,0.6626710271957353,0.4340993924708525,False,both,left,none,none,0,moving_average,4,2.0,peak,13,-1,-1,13,False,0.42586346510595385,False,False,False,False,False,False,False,,
frame_000246.jpg,31.16108501237208,31.89373761235177,246,True,0.003605475575015011,0.008515360240176078,0.0038952172366797846,0.07096133533480066,False,False,False,False,False,0.2,0.12,0.18,False,False,True,True,True,31.16108501237208,31.89373761235177,31.16108501237208,31.89373761235177,False,False,False,False,0.41277482402360466,0.643706963642207,0.41277482402360466,False,both,left,none,none,0,moving_average,4,2.0,peak,13,-1,-1,13,False,0.4196491996702374,False,False,False,False,False,False,False,,
frame_000247.jpg,31.159432984382224,31.930326569697257,247,True,0.02572300041718875,0.01509082636613542,0.006157754928330443,0.12861500208594376,False,False,False,False,False,0.2,0.12,0.18,False,False,True,True,True,31.159432984382224,31.930326569697257,31.159432984382224,31.930326569697257,False,False,False,False,0.4120733825162552,0.6626722672578427,0.4120733825162552,False,both,left,none,none,0,moving_average,4,2.0,peak,13,-1,-1,13,False,0.42672470160308384,False,False,False,False,False,False,False,,
frame_000248.jpg,31.26130087487229,31.33501697768581,248,True,0.19177143829306117,0.001582633683888458,0.019703678105456115,0.9588571914653058,False,False,False,False,True,0.2,0.12,0.18,False,False,True,True,True,31.26130087487229,31.33501697768581,31.26130087487229,31.33501697768581,False,False,True,True,0.45532589826939196,0.3541030163991551,0.45532589826939196,False,both,left,none,none,0,moving_average,4,2.0,peak,13,-1,-1,13,False,0.45159130266553904,True,False,False,False,False,False,False,13,
frame_000249.jpg,31.33678171924213,31.540094773332445,249,True,0.3028403281395468,0.06377042399457676,0.035842485826662926,1.5142016406977339,True,False,False,True,True,0.2,0.12,0.18,False,False,True,True,True,31.33678171924213,31.540094773332445,31.33678171924213,31.540094773332445,False,False,True,True,0.48737462721097025,0.46040182733653395,0.48737462721097025,False,both,left,none,none,0,moving_average,4,2.0,peak,13,-1,-1,13,False,0.410310775613495,False,False,False,False,False,False,False,,
frame_000250.jpg,30.86776253683341,30.6518610195468,250,True,0.2478053701867266,0.01789202506139106,0.056255412387969835,1.2390268509336329,True,False,False,True,True,0.2,0.12,0.18,False,False,True,True,True,30.86776253683341,30.6518610195468,30.86776253683341,30.6518610195468,False,False,True,True,0.2882318013601229,0.0,0.2882318013601229,False,both,left,none,none,0,moving_average,4,2.0,peak,13,-1,-1,13,False,0.329927300679607,False,False,False,False,False,False,False,,
frame_000251.jpg,30.693345817517105,30.95687099718702,251,True,0.10156749416626812,0.053538853106636176,0.00813303913996058,0.5078374708313406,False,False,False,False,True,0.2,0.12,0.18,False,False,True,True,True,30.693345817517105,30.95687099718702,30.693345817517105,30.95687099718702,False,False,True,True,0.21417547346772792,0.15809706674952836,0.21417547346772792,False,both,left,none,none,0,moving_average,4,2.0,peak,13,-1,-1,13,False,0.23886091609852622,False,False,False,False,False,False,False,,
frame_000252.jpg,30.693345817517105,30.95687099718702,252,True,0.0,0.0,0.0,0.0,False,False,False,False,False,0.2,0.12,0.18,False,False,True,True,True,30.693345817517105,30.95687099718702,30.693345817517105,30.95687099718702,False,False,False,False,0.21417547346772792,0.15809706674952836,0.21417547346772792,False,both,left,none,none,0,moving_average,4,2.0,peak,13,-1,-1,13,False,0.21028168516663576,False,False,False,False,False,False,False,,
frame_000253.jpg,30.665833984274084,30.847637968387385,253,True,0.009194082061491556,0.012872886304826695,0.004797543343099802,0.10727405254022246,False,False,False,False,False,0.2,0.12,0.18,False,False,True,True,True,30.665833984274084,30.847637968387385,30.665833984274084,30.847637968387385,False,False,False,False,0.20249410856445144,0.10147786504669222,0.20249410856445144,False,both,left,none,none,0,moving_average,4,2.0,peak,13,-1,-1,13,False,0.23975912479160544,False,False,False,False,False,False,False,,
frame_000254.jpg,30.901620726342,31.01765767829,254,True,0.03030885119744473,0.061934257196324886,0.0031054657887414315,0.5161188099693741,False,False,False,False,False,0.2,0.12,0.18,False,False,True,True,True,30.901620726342,31.01765767829,30.901620726342,31.01765767829,False,False,False,False,0.302607792342637,0.1896048752945844,0.302607792342637,False,both,left,none,none,0,moving_average,4,2.0,peak,13,-1,-1,13,False,0.31014765744868344,False,False,False,False,False,False,False,,
frame_000255.jpg,31.19068091201604,31.35776770398919,255,True,0.08411394580006785,0.04542878353760999,0.016063093636679182,0.42056972900033923,False,False,False,False,False,0.2,0.12,0.18,False,False,True,True,True,31.19068091201604,31.35776770398919,31.19068091201604,31.35776770398919,False,False,False,False,0.42534107143896205,0.3658954932315956,0.42534107143896205,False,both,left,none,none,0,moving_average,4,2.0,peak,13,-1,-1,13,False,0.401446684968212,False,False,False,False,False,False,False,,
frame_000256.jpg,31.310913640932046,31.4783466068334,256,True,0.10223808104065621,0.02633804302265696,0.008401780377729153,0.511190405203281,False,False,False,False,False,0.2,0.12,0.18,False,False,True,True,True,31.310913640932046,31.4783466068334,31.310913640932046,31.4783466068334,False,False,False,False,0.4763911911230369,0.42839564814138836,0.4763911911230369,False,both,left,none,none,0,moving_average,4,2.0,peak,13,-1,-1,13,False,0.43247287265666345,False,False,False,False,False,False,False,,
frame_000257.jpg,31.120838422797647,31.51042215137764,257,True,0.030243756120355098,0.030734369798214478,0.019605387324910968,0.256119748318454,False,False,False,False,False,0.2,0.12,0.18,False,False,True,True,True,31.120838422797647,31.51042215137764,31.120838422797647,31.51042215137764,False,False,False,False,0.39568635540799146,0.4450214960761713,0.39568635540799146,False,both,left,none,none,0,moving_average,4,2.0,peak,13,-1,-1,13,False,0.4771806956113835,False,False,False,False,False,False,False,,
frame_000258.jpg,31.506567158179912,31.53904886656356,258,True,0.032144180891222125,0.06489595589322499,0.025975046176161566,0.5407996324435416,False,False,False,False,False,0.2,0.12,0.18,False,False,True,True,True,31.506567158179912,31.53904886656356,31.506567158179912,31.53904886656356,False,False,False,False,0.5594645403031221,0.45985969821166645,0.5594645403031221,False,both,left,none,none,0,moving_average,4,2.0,peak,13,-1,-1,13,False,0.5012689041729903,False,False,False,False,False,False,False,,
frame_000259.jpg,31.481110561212528,31.61913467557776,259,True,0.06562462204202603,0.0018063402310831557,0.008674887563719244,0.32812311021013013,False,False,False,False,False,0.2,0.12,0.18,False,False,True,True,True,31.481110561212528,31.61913467557776,31.481110561212528,31.61913467557776,False,False,False,False,0.5486558168078574,0.5013709025052611,0.5486558168078574,False,both,left,none,none,0,moving_average,4,2.0,peak,13,-1,-1,13,False,0.5589841376109186,False,False,False,False,False,False,False,,
frame_000260.jpg,31.52862943636687,,260,True,0.12474744371326035,0.06690582687461451,0.019573706674395185,0.6237372185663017,False,False,False,False,False,0.2,0.12,0.18,False,True,True,False,True,31.52862943636687,,31.52862943636687,31.61913467557776,False,True,False,False,0.5688320557217764,0.5013709025052611,0.5688320557217764,False,left_only,left,none,none,0,moving_average,4,2.0,peak,13,-1,-1,13,False,,False,False,False,False,False,False,False,,
