frame_name,left_temp,right_temp,frame_index,motion_coordinate_valid,motion_center_step_norm,motion_scale_step_log,motion_angle_step_rad,motion_score,motion_center_flag,motion_scale_flag,motion_angle_flag,motion_artifact_raw,motion_artifact,motion_center_threshold,motion_scale_threshold,motion_angle_threshold,left_missing_raw,right_missing_raw,left_quality_valid,right_quality_valid,quality_any_valid,left_temp_motion_filtered,right_temp_motion_filtered,left_temp_used,right_temp_used,left_repaired,right_repaired,left_motion_interpolated,right_motion_interpolated,left_norm,right_norm,fused_norm,fused_repaired,fusion_source,selected_fusion_mode,peak_retune_rule,edge_peak_completion,edge_peak_added,smoothing_method,butterworth_order,butterworth_cutoff_hz,rr_estimator,time_peak_count,spectral_count,autocorr_count,joint_count,joint_adjusted,smoothed_norm,is_peak,source_peak_rejected,quality_peak_rejected,mad_ibi_peak_rejected,motion_peak_rejected,motion_interval_peak_rejected,motion_reconstructed_peak,peak_number,event_source
frame_000000.jpg,32.177115576236965,,0,True,,,,0.0,False,False,False,False,False,0.8433957290528984,0.17685846721195364,0.18,False,True,True,False,True,32.177115576236965,,32.177115576236965,32.08563460793655,False,True,False,False,0.5573669676815132,0.4194545220430356,0.5573669676815132,False,left_only,left,none,none,0,moving_average,4,2.0,peak,20,-1,-1,20,False,,False,False,False,False,False,False,False,,
frame_000001.jpg,31.63426005151221,,1,True,0.14723707370289998,0.0,9.332812300755222e-16,0.1745764990631879,False,False,False,False,False,0.8433957290528984,0.17685846721195364,0.18,False,True,True,False,True,31.63426005151221,,31.63426005151221,32.08563460793655,False,True,False,False,0.3080928749405993,0.4194545220430356,0.3080928749405993,False,left_only,left,none,none,0,moving_average,4,2.0,peak,20,-1,-1,20,False,0.39118423918757056,False,False,False,False,False,False,False,,
frame_000002.jpg,31.63426005151221,,2,True,0.0,0.0,0.0,0.0,False,False,False,False,False,0.8433957290528984,0.17685846721195364,0.18,False,True,True,False,True,31.63426005151221,,31.63426005151221,32.08563460793655,False,True,False,False,0.3080928749405993,0.4194545220430356,0.3080928749405993,False,left_only,left,none,none,0,moving_average,4,2.0,peak,20,-1,-1,20,False,0.3587552480643591,False,False,False,False,False,False,False,,
frame_000003.jpg,31.965249311288414,,3,True,0.28429015914588646,0.0,1.863093013199091e-15,0.33707801611129046,False,False,False,False,False,0.8433957290528984,0.17685846721195364,0.18,False,True,True,False,True,31.965249311288414,,31.965249311288414,32.08563460793655,False,True,False,False,0.4600799943118787,0.4194545220430356,0.4600799943118787,False,left_only,left,none,none,0,moving_average,4,2.0,peak,20,-1,-1,20,False,0.3952037295893023,False,False,False,False,False,False,False,,
frame_000004.jpg,31.87238659742898,,4,True,0.22937487666545678,0.0,0.0,0.271965897815295,False,False,False,False,False,0.8433957290528984,0.17685846721195364,0.18,False,True,True,False,True,31.87238659742898,,31.87238659742898,32.08563460793655,False,True,False,False,0.41743831951542887,0.4194545220430356,0.41743831951542887,False,left_only,left,none,none,0,moving_average,4,2.0,peak,20,-1,-1,20,False,0.42327686876791004,True,False,False,False,False,False,False,1,
frame_000005.jpg,31.81766850601992,32.08563460793655,5,True,0.36035554125706726,0.07109385320554426,0.014527755512481349,0.4272674485341928,False,False,False,False,False,0.8433957290528984,0.17685846721195364,0.18,False,False,True,True,True,31.81766850601992,32.08563460793655,31.81766850601992,32.08563460793655,False,False,False,False,0.39231229247642263,0.4194545220430356,0.39231229247642263,False,both,left,none,none,0,moving_average,4,2.0,peak,20,-1,-1,20,False,0.37257724911771845,False,False,False,False,False,False,False,,
frame_000006.jpg,31.634016711150267,32.061021156121896,6,True,0.26423409704992284,0.03481021723020593,0.0021861433233412025,0.3132978837190079,False,False,False,False,False,0.8433957290528984,0.17685846721195364,0.18,False,False,True,True,True,31.634016711150267,32.061021156121896,31.634016711150267,32.061021156121896,False,False,False,False,0.30798113536130395,0.4079304649157198,0.30798113536130395,False,both,left,none,none,0,moving_average,4,2.0,peak,20,-1,-1,20,False,0.34148073816453445,False,False,False,False,False,False,False,,
frame_000007.jpg,31.66922574041832,32.109825335798426,7,True,0.1977861320797998,0.0066820899701655586,0.0031634354483720244,0.23451165955263514,False,False,False,False,False,0.8433957290528984,0.17685846721195364,0.18,False,False,True,True,True,31.66922574041832,32.109825335798426,31.66922574041832,32.109825335798426,False,False,False,False,0.32414878665587676,0.4307806591460683,0.32414878665587676,False,both,left,none,none,0,moving_average,4,2.0,peak,20,-1,-1,20,False,0.398624516649032,False,False,False,False,False,False,False,,
frame_000008.jpg,32.19100231916751,32.7581365337841,8,True,0.09431930405325491,0.010216592410114819,0.016583911181458827,0.1118327978245419,False,False,False,False,False,0.8433957290528984,0.17685846721195364,0.18,False,False,True,True,True,32.19100231916751,32.7581365337841,32.19100231916751,32.7581365337841,False,False,False,False,0.5637436279299154,0.7343209889675864,0.5637436279299154,False,both,left,none,none,0,moving_average,4,2.0,peak,20,-1,-1,20,False,0.5392624802163931,False,False,False,False,False,False,False,,
frame_000009.jpg,32.55283777276695,32.99391022738289,9,True,0.027972083931249916,0.017881668462983752,0.00946710817390722,0.1011072228820897,False,False,False,False,False,0.8433957290528984,0.17685846721195364,0.18,False,False,True,True,True,32.55283777276695,32.99391022738289,32.55283777276695,32.99391022738289,False,False,False,False,0.7298950260633874,0.8447106057759552,0.7298950260633874,False,both,left,none,none,0,moving_average,4,2.0,peak,20,-1,-1,20,False,0.7249780328105606,False,False,False,False,False,False,False,,
frame_000010.jpg,32.882549347109844,33.07445035136843,10,True,0.16087595512502728,0.025891738687291957,0.01952279419372755,0.1907478892567845,False,False,False,False,False,0.8433957290528984,0.17685846721195364,0.18,False,False,True,True,True,32.882549347109844,33.07445035136843,32.882549347109844,33.07445035136843,False,False,False,False,0.8812954444383793,0.8824196194015005,0.8812954444383793,False,both,left,none,none,0,moving_average,4,2.0,peak,20,-1,-1,20,False,0.8561142378297226,True,False,False,False,False,False,False,2,
frame_000011.jpg,33.04774614605304,,11,True,0.5807593666666211,0.11037963822010911,0.021584167926944064,0.6885965231514652,False,False,False,False,False,0.8433957290528984,0.17685846721195364,0.18,False,True,True,False,True,33.04774614605304,,33.04774614605304,32.85003637495153,False,True,False,False,0.9571522429874012,0.7773486401714789,0.9571522429874012,False,left_only,left,none,none,0,moving_average,4,2.0,peak,20,-1,-1,20,False,0.8162513779525209,False,False,False,False,False,False,False,,
frame_000012.jpg,32.29240428594456,,12,True,0.33136139026986344,0.0,9.298117831235686e-16,0.3928895758601597,False,False,False,False,False,0.8433957290528984,0.17685846721195364,0.18,False,True,True,False,True,32.29240428594456,,32.29240428594456,32.62562239853463,False,True,False,False,0.6103064464317823,0.6722776609414572,0.6103064464317823,False,left_only,left,none,none,0,moving_average,4,2.0,peak,20,-1,-1,20,False,0.7259217119503218,False,False,False,False,False,False,False,,
frame_000013.jpg,32.29240428594456,,13,True,0.0,0.0,0.0,0.0,False,False,False,False,False,0.8433957290528984,0.17685846721195364,0.18,False,True,True,False,True,32.29240428594456,,32.29240428594456,32.401208422117726,False,True,False,False,0.6103064464317823,0.5672066817114323,0.6103064464317823,False,left_only,left,none,none,0,moving_average,4,2.0,peak,20,-1,-1,20,False,0.5420993246056097,False,False,False,False,False,False,False,,
frame_000014.jpg,31.846791035464545,32.17679444570083,14,True,0.22010739731070456,0.034488701601078114,0.0024503245402498937,0.2609776048520863,False,False,False,False,False,0.8433957290528984,0.17685846721195364,0.18,False,False,True,True,True,31.846791035464545,32.17679444570083,31.846791035464545,32.17679444570083,False,False,False,False,0.4056850809532647,0.4621357024814106,0.4056850809532647,False,both,left,none,none,0,moving_average,4,2.0,peak,20,-1,-1,20,False,0.44616733878523096,False,False,False,False,False,False,False,,
frame_000015.jpg,31.665657945065853,,15,True,0.12646202168697976,0.03448870160107813,0.0024503245402508235,0.19500735330780408,False,False,False,False,False,0.8433957290528984,0.17685846721195364,0.18,False,True,True,False,True,31.665657945065853,,31.665657945065853,32.07662922999512,False,True,False,False,0.32251048897064577,0.4152381898263449,0.32251048897064577,False,left_only,left,none,none,0,moving_average,4,2.0,peak,20,-1,-1,20,False,0.3406884359782031,False,False,False,False,False,False,False,,
frame_000016.jpg,31.603285679581237,31.97646401428941,16,True,0.048815615033004,0.08008601384985273,0.015241459201792755,0.4528254434879543,False,False,False,False,False,0.8433957290528984,0.17685846721195364,0.18,False,False,True,True,True,31.603285679581237,31.97646401428941,31.603285679581237,31.97646401428941,False,False,False,False,0.29386973801069893,0.3683406771712775,0.29386973801069893,False,both,left,none,none,0,moving_average,4,2.0,peak,20,-1,-1,20,False,0.3034166549973478,False,False,False,False,False,False,False,,
frame_000017.jpg,31.603285679581237,31.97646401428941,17,True,0.0,0.0,0.0,0.0,False,False,False,False,False,0.8433957290528984,0.17685846721195364,0.18,False,False,True,True,True,31.603285679581237,31.97646401428941,31.603285679581237,31.97646401428941,False,False,False,False,0.29386973801069893,0.3683406771712775,0.29386973801069893,False,both,left,none,none,0,moving_average,4,2.0,peak,20,-1,-1,20,False,0.29802747002672536,False,False,False,False,False,False,False,,
frame_000018.jpg,31.6304491256948,31.979870372466817,18,True,0.03903266468748543,0.03562823718373181,0.0007574336003700298,0.20145055956542712,False,False,False,False,False,0.8433957290528984,0.17685846721195364,0.18,False,False,True,True,True,31.6304491256948,31.979870372466817,31.6304491256948,31.979870372466817,False,False,False,False,0.30634293405877827,0.36993553946560953,0.30634293405877827,False,both,left,none,none,0,moving_average,4,2.0,peak,20,-1,-1,20,False,0.31639517032211933,False,False,False,False,False,False,False,,
frame_000019.jpg,31.72328620758083,,19,True,0.04926555301361589,0.04445777666612094,0.01599889280216092,0.25137488392252727,False,False,False,False,False,0.8433957290528984,0.17685846721195364,0.18,False,True,True,False,True,31.72328620758083,,31.72328620758083,32.227707607299166,False,True,False,False,0.3489728388968808,0.4859733253881757,0.3489728388968808,False,left_only,left,none,none,0,moving_average,4,2.0,peak,20,-1,-1,20,False,0.3360600999628609,False,False,False,False,False,False,False,,
frame_000020.jpg,31.731761313548088,,20,True,0.11218918433879398,0.0,0.0,0.13302081155281426,False,False,False,False,False,0.8433957290528984,0.17685846721195364,0.18,False,True,True,False,True,31.731761313548088,,31.731761313548088,32.47554484213151,False,True,False,False,0.35286452693292364,0.6020111113107403,0.35286452693292364,False,left_only,left,none,none,0,moving_average,4,2.0,peak,20,-1,-1,20,False,0.45462184359899205,False,False,False,False,False,False,False,,
frame_000021.jpg,32.40504102386814,32.723382076963865,21,True,0.14802596648591174,0.029163288174916865,0.01737402662744249,0.1755118758452089,False,False,False,False,False,0.8433957290528984,0.17685846721195364,0.18,False,False,True,True,True,32.40504102386814,32.723382076963865,32.40504102386814,32.723382076963865,False,False,False,False,0.6620281649671717,0.7180488972333081,0.6620281649671717,False,both,left,none,none,0,moving_average,4,2.0,peak,20,-1,-1,20,False,0.586028202551014,False,False,False,False,False,False,False,,
frame_000022.jpg,32.581795013971856,32.986133686514954,22,True,0.084607314827124,0.006755718793517918,0.008531522736675796,0.10031745705202327,False,False,False,False,False,0.8433957290528984,0.17685846721195364,0.18,False,False,True,True,True,32.581795013971856,32.986133686514954,32.581795013971856,32.986133686514954,False,False,False,False,0.7431919157529469,0.8410696170235502,0.7431919157529469,False,both,left,none,none,0,moving_average,4,2.0,peak,20,-1,-1,20,False,0.7327337039946222,False,False,False,False,False,False,False,,
frame_000023.jpg,32.69022303442519,33.05526987016408,23,True,0.13280448194790456,0.019239536931500927,0.005183877807433408,0.1574640200004795,False,False,False,False,False,0.8433957290528984,0.17685846721195364,0.18,False,False,True,True,True,32.69022303442519,33.05526987016408,32.69022303442519,33.05526987016408,False,False,False,False,0.7929810312637482,0.8734392877197534,0.7929810312637482,False,both,left,none,none,0,moving_average,4,2.0,peak,20,-1,-1,20,False,0.8155131781946356,False,False,False,False,False,False,False,,
frame_000024.jpg,32.94585889718793,33.074915898330275,24,True,0.2122394787463349,0.07608584753787458,0.007376068182713384,0.43020754808810213,False,False,False,False,False,0.8433957290528984,0.17685846721195364,0.18,False,False,True,True,True,32.94585889718793,33.074915898330275,32.94585889718793,33.074915898330275,False,False,False,False,0.910366587567212,0.8826375892264641,0.910366587567212,False,both,left,none,none,0,moving_average,4,2.0,peak,20,-1,-1,20,False,0.8712380687993906,True,False,False,False,False,False,False,3,
frame_000025.jpg,32.94585889718793,33.074915898330275,25,True,0.0,0.0,0.0,0.0,False,False,False,False,False,0.8433957290528984,0.17685846721195364,0.18,False,False,True,True,True,32.94585889718793,33.074915898330275,32.94585889718793,33.074915898330275,False,False,False,False,0.910366587567212,0.8826375892264641,0.910366587567212,False,both,left,none,none,0,moving_average,4,2.0,peak,20,-1,-1,20,False,0.8694015469678934,False,False,False,False,False,False,False,,
frame_000026.jpg,32.67822460316171,32.94534314342355,26,True,0.2838327648784528,0.04989745095929453,0.03154159704613359,0.3365356914922801,False,False,False,False,False,0.8433957290528984,0.17685846721195364,0.18,False,False,True,True,True,32.67822460316171,32.94534314342355,32.67822460316171,32.94534314342355,False,False,False,False,0.7874714657692563,0.8219714201359543,0.7874714657692563,False,both,left,none,none,0,moving_average,4,2.0,peak,20,-1,-1,20,False,0.8135144631060945,False,False,False,False,False,False,False,,
frame_000027.jpg,32.58073536708247,33.00350424036018,27,True,0.27870301947134685,0.04858074789810952,0.03739488191296275,0.33045343943621797,False,False,False,False,False,0.8433957290528984,0.17685846721195364,0.18,False,False,True,True,True,32.58073536708247,33.00350424036018,32.58073536708247,33.00350424036018,False,False,False,False,0.7427053359818157,0.8492025378488336,0.7427053359818157,False,both,left,none,none,0,moving_average,4,2.0,peak,20,-1,-1,20,False,0.6695764382218579,False,False,False,False,False,False,False,,
frame_000028.jpg,32.005477754881376,31.864706320093354,28,True,0.2634232196118459,0.07995459837479098,0.019369571754191652,0.45208238901545195,False,False,False,False,False,0.8433957290528984,0.17685846721195364,0.18,False,False,True,True,True,32.005477754881376,31.864706320093354,32.005477754881376,31.864706320093354,False,False,False,False,0.4785525129145017,0.31601554772455137,0.4785525129145017,False,both,left,none,none,0,moving_average,4,2.0,peak,20,-1,-1,20,False,0.5375270338931815,False,False,False,False,False,False,False,,
frame_000029.jpg,31.815514629314485,31.82349728666941,29,True,0.14578742920373405,0.06788607580012636,0.0010965642752517283,0.38384408092132344,False,False,False,False,False,0.8433957290528984,0.17685846721195364,0.18,False,False,True,True,True,31.815514629314485,31.82349728666941,31.815514629314485,31.82349728666941,False,False,False,False,0.3913232527832273,0.29672141300037225,0.3913232527832273,False,both,left,none,none,0,moving_average,4,2.0,peak,20,-1,-1,20,False,0.3704949575941986,False,False,False,False,False,False,False,,
frame_000030.jpg,31.48947532764396,31.397980844121324,30,True,0.08494849675400584,0.09282778141882475,0.014555138961070345,0.5248704395225622,False,False,False,False,False,0.8433957290528984,0.17685846721195364,0.18,False,False,True,True,True,31.48947532764396,31.397980844121324,31.48947532764396,31.397980844121324,False,False,False,False,0.241609107084867,0.0974939405815187,0.241609107084867,False,both,left,none,none,0,moving_average,4,2.0,peak,20,-1,-1,20,False,0.28269964425734034,False,False,False,False,False,False,False,,
frame_000031.jpg,31.43189021877841,31.361909363966888,31,True,0.0408338220232275,0.003094778461847343,0.008295585922574289,0.04841596965292004,False,False,False,False,False,0.8433957290528984,0.17685846721195364,0.18,False,False,True,True,True,31.43189021877841,31.361909363966888,31.43189021877841,31.361909363966888,False,False,False,False,0.21516657290392688,0.08060521643600424,0.21516657290392688,False,both,left,none,none,0,moving_average,4,2.0,peak,20,-1,-1,20,False,0.22093473094214364,False,False,False,False,False,False,False,,
frame_000032.jpg,31.411989849920552,31.407008630723883,32,True,0.03780079451139712,0.04162407706675208,0.006651929910714071,0.23535246981909136,False,False,False,False,False,0.8433957290528984,0.17685846721195364,0.18,False,False,True,True,True,31.411989849920552,31.407008630723883,31.411989849920552,31.407008630723883,False,False,False,False,0.2060285128376371,0.10172076456884631,0.2060285128376371,False,both,left,none,none,0,moving_average,4,2.0,peak,20,-1,-1,20,False,0.18774083523742216,False,False,False,False,False,False,False,,
frame_000033.jpg,31.272611760247397,31.23776437088881,33,True,0.041983224466698166,0.016290332516682077,0.03630963127412483,0.20172017374513795,False,False,False,False,False,0.8433957290528984,0.17685846721195364,0.18,False,False,True,True,True,31.272611760247397,31.23776437088881,31.272611760247397,31.23776437088881,False,False,False,False,0.1420274199707026,0.02248033403124006,0.1420274199707026,False,both,left,none,none,0,moving_average,4,2.0,peak,20,-1,-1,20,False,0.15770726945758712,False,False,False,False,False,False,False,,
frame_000034.jpg,31.23567383385653,31.18975015051987,34,True,0.18825914942079502,0.03884058907882757,0.01774717636256155,0.22321567792642602,False,False,False,False,False,0.8433957290528984,0.17685846721195364,0.18,False,False,True,True,True,31.23567383385653,31.18975015051987,31.23567383385653,31.18975015051987,False,False,False,False,0.12506587556442167,0.0,0.12506587556442167,False,both,left,none,none,0,moving_average,4,2.0,peak,20,-1,-1,20,False,0.23850540424855965,False,False,False,False,False,False,False,,
frame_000035.jpg,31.93986316450912,32.51513551716458,35,True,0.7142315189903221,0.1126468137551411,0.019630398736791534,0.8468521885833797,False,False,False,False,False,0.8433957290528984,0.17685846721195364,0.18,False,False,True,True,True,31.93986316450912,32.51513551716458,31.93986316450912,32.51513551716458,False,False,False,False,0.4484229172105547,0.6205475280728329,0.4484229172105547,False,both,left,none,none,0,moving_average,4,2.0,peak,20,-1,-1,20,False,0.33480242765101453,False,False,False,False,False,False,False,,
frame_000036.jpg,,32.69124833791953,36,True,0.654189783732145,0.1306634050811318,0.003653486753237578,0.7756617222460629,False,False,False,False,False,0.8433957290528984,0.17685846721195364,0.18,True,False,False,True,True,,32.69124833791953,31.901742977941623,32.69124833791953,True,False,False,False,0.4309184901780673,0.7030038297129242,0.4309184901780673,False,right_only,left,none,none,0,moving_average,4,2.0,peak,20,-1,-1,20,False,0.4309184901780678,True,False,False,False,False,False,False,4,
frame_000037.jpg,,33.00423589322224,37,True,0.36713044081119495,0.0,0.0,0.43530033193726103,False,False,False,False,False,0.8433957290528984,0.17685846721195364,0.18,True,False,False,True,True,,33.00423589322224,31.86362279137413,33.00423589322224,True,False,False,False,0.41341406314558155,0.8495450988777868,0.41341406314558155,False,right_only,left,none,none,0,moving_average,4,2.0,peak,20,-1,-1,20,False,0.41341406314558093,False,False,False,False,False,False,False,,
frame_000038.jpg,,33.068422071659604,38,True,0.2651013682782295,0.0,9.298117831235686e-16,0.3143261924932064,False,False,False,False,False,0.8433957290528984,0.17685846721195364,0.18,True,False,False,True,True,,33.068422071659604,31.825502604806633,33.068422071659604,True,False,False,False,0.3959096361130941,0.8795971692930379,0.3959096361130941,False,right_only,left,none,none,0,moving_average,4,2.0,peak,20,-1,-1,20,False,0.3959096361130941,False,False,False,False,False,False,False,,
frame_000039.jpg,,33.01858233170896,39,True,0.29998062769450534,8.881784197001256e-16,1.842276331487369e-15,0.35568193833679035,False,False,False,False,False,0.8433957290528984,0.17685846721195364,0.18,True,False,False,True,True,,33.01858233170896,31.787382418239137,33.01858233170896,True,False,False,False,0.3784052090806067,0.8562621241020235,0.3784052090806067,False,right_only,left,none,none,0,moving_average,4,2.0,peak,20,-1,-1,20,False,0.37840520908060715,False,False,False,False,False,False,False,,
frame_000040.jpg,,32.60254647061331,40,True,0.34736019622969366,8.881784197001248e-16,1.842276331487369e-15,0.4118590885203629,False,False,False,False,False,0.8433957290528984,0.17685846721195364,0.18,True,False,False,True,True,,32.60254647061331,31.749262231671644,32.60254647061331,True,False,False,False,0.3609007820481209,0.661473474936437,0.3609007820481209,False,right_only,left,none,none,0,moving_average,4,2.0,peak,20,-1,-1,20,False,0.36090078204812037,False,False,False,False,False,False,False,,
frame_000041.jpg,31.711142045104147,32.4494955036207,41,True,0.41413327986371645,0.023654610842303515,0.04253820779845496,0.4910308003679038,False,False,False,False,False,0.8433957290528984,0.17685846721195364,0.18,False,False,True,True,True,31.711142045104147,32.4494955036207,31.711142045104147,32.4494955036207,False,False,False,False,0.34339635501563354,0.5898147697578399,0.34339635501563354,False,both,left,none,none,0,moving_average,4,2.0,peak,20,-1,-1,20,False,0.34923116402646265,False,False,False,False,False,False,False,,
frame_000042.jpg,31.711142045104147,32.4494955036207,42,True,0.0,0.0,0.0,0.0,False,False,False,False,False,0.8433957290528984,0.17685846721195364,0.18,False,False,True,True,True,31.711142045104147,32.4494955036207,31.711142045104147,32.4494955036207,False,False,False,False,0.34339635501563354,0.5898147697578399,0.34339635501563354,False,both,left,none,none,0,moving_average,4,2.0,peak,20,-1,-1,20,False,0.3397419063335818,False,False,False,False,False,False,False,,
frame_000043.jpg,31.687266667983387,32.39675026994726,43,True,0.31360797542665947,0.023365312926820942,0.03733099760555958,0.3718396532299605,False,False,False,False,False,0.8433957290528984,0.17685846721195364,0.18,False,False,True,True,True,31.687266667983387,32.39675026994726,31.687266667983387,32.39675026994726,False,False,False,False,0.3324330089694784,0.56511936780351,0.3324330089694784,False,both,left,none,none,0,moving_average,4,2.0,peak,20,-1,-1,20,False,0.28466082803792303,False,False,False,False,False,False,False,,
frame_000044.jpg,31.35128433989521,32.26509453084574,44,True,0.2477763068875335,0.01586735077303227,0.01609237527107796,0.29378416128070384,False,False,False,False,False,0.8433957290528984,0.17685846721195364,0.18,False,False,True,True,True,31.35128433989521,32.26509453084574,31.35128433989521,32.26509453084574,False,False,False,False,0.1781531201286571,0.5034779422135488,0.1781531201286571,False,both,left,none,none,0,moving_average,4,2.0,peak,20,-1,-1,20,False,0.22110915843275294,False,False,False,False,False,False,False,,
frame_000045.jpg,31.295943964493667,32.03382701100547,45,True,0.20655659670331072,0.02759281827376529,0.00762823355162373,0.2449106505854209,False,False,False,False,False,0.8433957290528984,0.17685846721195364,0.18,False,False,True,True,True,31.295943964493667,32.03382701100547,31.295943964493667,32.03382701100547,False,False,False,False,0.15274134620012342,0.39519812309669683,0.15274134620012342,False,both,left,none,none,0,moving_average,4,2.0,peak,20,-1,-1,20,False,0.15820460199737174,False,False,False,False,False,False,False,,
frame_000046.jpg,31.276296330683245,32.0657899172921,46,True,0.0437147792952306,0.015677085339787414,0.002935320290251637,0.08864198354155937,False,False,False,False,False,0.8433957290528984,0.17685846721195364,0.18,False,False,True,True,True,31.276296330683245,32.0657899172921,31.276296330683245,32.0657899172921,False,False,False,False,0.14371933966333467,0.41016320644932497,0.14371933966333467,False,both,left,none,none,0,moving_average,4,2.0,peak,20,-1,-1,20,False,0.13944880559564737,False,False,False,False,False,False,False,,
frame_000047.jpg,31.228748288290305,31.888272988445443,47,True,0.09018708939461886,0.009406834789333527,0.01099963517691533,0.10693330104468939,False,False,False,False,False,0.8433957290528984,0.17685846721195364,0.18,False,False,True,True,True,31.228748288290305,31.888272988445443,31.228748288290305,31.888272988445443,False,False,False,False,0.12188573092348405,0.3270494991765907,0.12188573092348405,False,both,left,none,none,0,moving_average,4,2.0,peak,20,-1,-1,20,False,0.18519467030211625,False,False,False,False,False,False,False,,
frame_000048.jpg,31.59481251255849,32.11146049866375,48,True,0.07286385281820607,0.01828728946493904,0.004409915259791942,0.10340070087242634,False,False,False,False,False,0.8433957290528984,0.17685846721195364,0.18,False,False,True,True,True,31.59481251255849,32.11146049866375,31.59481251255849,32.11146049866375,False,False,False,False,0.2899789403195301,0.4315462449897115,0.2899789403195301,False,both,left,none,none,0,moving_average,4,2.0,peak,20,-1,-1,20,False,0.3756981401656151,False,False,False,False,False,False,False,,
frame_000049.jpg,32.52090053271866,32.97950612219819,49,True,0.10789966667100248,0.022205703856901366,0.0021502598271819335,0.1279348032650933,False,False,False,False,False,0.8433957290528984,0.17685846721195364,0.18,False,False,True,True,True,32.52090053271866,32.97950612219819,32.52090053271866,32.97950612219819,False,False,False,False,0.7152297492538313,0.8379665809123819,0.7152297492538313,False,both,left,none,none,0,moving_average,4,2.0,peak,20,-1,-1,20,False,0.602416173717481,False,False,False,False,False,False,False,,
frame_000050.jpg,32.709950795719934,33.2331687550155,50,True,0.11922814583572709,0.04868711164463633,0.0009247812851462272,0.275288553678846,False,False,False,False,False,0.8433957290528984,0.17685846721195364,0.18,False,False,True,True,True,32.709950795719934,33.2331687550155,32.709950795719934,33.2331687550155,False,False,False,False,0.8020398315790818,0.956731827398934,0.8020398315790818,False,both,left,none,none,0,moving_average,4,2.0,peak,20,-1,-1,20,False,0.8390898602776375,False,False,False,False,False,False,False,,
frame_000051.jpg,33.14105765452388,33.209669028428536,51,True,0.08640115929748639,0.03970149638648503,0.007794699575241236,0.22448173962123796,False,False,False,False,False,0.8433957290528984,0.17685846721195364,0.18,False,False,True,True,True,33.14105765452388,33.209669028428536,33.14105765452388,33.209669028428536,False,False,False,False,1.0,0.9457292181873628,1.0,False,both,left,none,none,0,moving_average,4,2.0,peak,20,-1,-1,20,False,0.9084552354803245,False,False,False,False,False,False,False,,
frame_000052.jpg,32.9740809263088,33.24923207077879,52,True,0.10345415528662573,0.014398466356618232,0.009089533838269645,0.12266383587548024,False,False,False,False,False,0.8433957290528984,0.17685846721195364,0.18,False,False,True,True,True,32.9740809263088,33.24923207077879,32.9740809263088,33.24923207077879,False,False,False,False,0.9233258748618918,0.9642526972835909,0.9233258748618918,False,both,left,none,none,0,moving_average,4,2.0,peak,20,-1,-1,20,False,0.9488839165745945,True,False,False,False,False,False,False,5,
frame_000053.jpg,32.9740809263088,33.24923207077879,53,True,0.0,0.0,0.0,0.0,False,False,False,False,False,0.8433957290528984,0.17685846721195364,0.18,False,False,True,True,True,32.9740809263088,33.24923207077879,32.9740809263088,33.24923207077879,False,False,False,False,0.9233258748618918,0.9642526972835909,0.9233258748618918,False,both,left,none,none,0,moving_average,4,2.0,peak,20,-1,-1,20,False,0.9177791847095385,False,False,False,False,False,False,False,,
frame_000054.jpg,32.9378430883526,33.16535538787323,54,True,0.06732001933535461,0.003893958755164898,0.0006244919788315241,0.07982020422483341,False,False,False,False,False,0.8433957290528984,0.17685846721195364,0.18,False,False,True,True,True,32.9378430883526,33.16535538787323,32.9378430883526,33.16535538787323,False,False,False,False,0.9066858044048319,0.9249815014865818,0.9066858044048319,False,both,left,none,none,0,moving_average,4,2.0,peak,20,-1,-1,20,False,0.8862268964775777,False,False,False,False,False,False,False,,
frame_000055.jpg,32.76794236859398,32.84631536763316,55,True,0.004577028526861439,0.0035575102349459467,0.004248259506342628,0.02360144170190349,False,False,False,False,False,0.8433957290528984,0.17685846721195364,0.18,False,False,True,True,True,32.76794236859398,32.84631536763316,32.76794236859398,32.84631536763316,False,False,False,False,0.8286690101660098,0.7756064586509448,0.8286690101660098,False,both,left,none,none,0,moving_average,4,2.0,peak,20,-1,-1,20,False,0.7690994666532646,False,False,False,False,False,False,False,,
frame_000056.jpg,32.208859739327785,32.448305550474124,56,True,0.031671404535174856,0.02164512102673195,0.0165923660362472,0.12238668223213564,False,False,False,False,False,0.8433957290528984,0.17685846721195364,0.18,False,False,True,True,True,32.208859739327785,32.448305550474124,32.208859739327785,32.448305550474124,False,False,False,False,0.5719435853889521,0.5892576318097265,0.5719435853889521,False,both,left,none,none,0,moving_average,4,2.0,peak,20,-1,-1,20,False,0.6441203009606487,False,False,False,False,False,False,False,,
frame_000057.jpg,32.12132465485968,32.35700620345105,57,True,0.012180626364708845,0.005226466982103949,0.0013766201011468707,0.02955169217790608,False,False,False,False,False,0.8433957290528984,0.17685846721195364,0.18,False,False,True,True,True,32.12132465485968,32.35700620345105,32.12132465485968,32.35700620345105,False,False,False,False,0.5317483073269844,0.5465111329154014,0.5317483073269844,False,both,left,none,none,0,moving_average,4,2.0,peak,20,-1,-1,20,False,0.5134639195582089,False,False,False,False,False,False,False,,
frame_000058.jpg,31.914333342822754,32.18882884550017,58,True,0.013648425352135661,0.012369571880475423,0.002078181934127135,0.06994051274712947,False,False,False,False,False,0.8433957290528984,0.17685846721195364,0.18,False,False,True,True,True,31.914333342822754,32.18882884550017,31.914333342822754,32.18882884550017,False,False,False,False,0.43669986595869015,0.4677702275299452,0.43669986595869015,False,both,left,none,none,0,moving_average,4,2.0,peak,20,-1,-1,20,False,0.4574963210324588,False,False,False,False,False,False,False,,
frame_000059.jpg,31.84321018788974,32.17610829487104,59,True,0.012621967354321998,0.004435164879402668,0.00010668442584375534,0.0250774811594822,False,False,False,False,False,0.8433957290528984,0.17685846721195364,0.18,False,False,True,True,True,31.84321018788974,32.17610829487104,31.84321018788974,32.17610829487104,False,False,False,False,0.40404078981170194,0.4618144455760423,0.40404078981170194,False,both,left,none,none,0,moving_average,4,2.0,peak,20,-1,-1,20,False,0.41486515710687966,False,False,False,False,False,False,False,,
frame_000060.jpg,31.84280518328546,32.17235302119436,60,True,0.006564062062635297,0.007073658504558312,0.002599043257387624,0.03999615407771787,False,False,False,False,False,0.8433957290528984,0.17685846721195364,0.18,False,False,True,True,True,31.84280518328546,32.17235302119436,31.84280518328546,32.17235302119436,False,False,False,False,0.403854815550247,0.4600562204922684,0.403854815550247,False,both,left,none,none,0,moving_average,4,2.0,peak,20,-1,-1,20,False,0.39022622271472135,False,False,False,False,False,False,False,,
frame_000061.jpg,31.75336136000203,32.16342307721704,61,True,0.003366877947275067,0.016443331190724143,0.006256047457410634,0.09297452053012455,False,False,False,False,False,0.8433957290528984,0.17685846721195364,0.18,False,False,True,True,True,31.75336136000203,32.16342307721704,31.75336136000203,32.16342307721704,False,False,False,False,0.3627830627822153,0.4558752065770596,0.3627830627822153,False,both,left,none,none,0,moving_average,4,2.0,peak,20,-1,-1,20,False,0.3948725660400402,False,False,False,False,False,False,False,,
frame_000062.jpg,31.87356584719051,32.175533054319175,62,True,0.03369073019741532,0.003992704145206426,0.00764582822720717,0.04247682348448428,False,False,False,False,False,0.8433957290528984,0.17685846721195364,0.18,False,False,True,True,True,31.87356584719051,32.175533054319175,31.87356584719051,32.175533054319175,False,False,False,False,0.4179798197876583,0.461545117038477,0.4179798197876583,False,both,left,none,none,0,moving_average,4,2.0,peak,20,-1,-1,20,False,0.49642195354295104,False,False,False,False,False,False,False,,
frame_000063.jpg,32.50625133726264,33.0099688520542,63,True,0.057097804258411496,0.008966518197904776,0.006533901646788447,0.06769989732166438,False,False,False,False,False,0.8433957290528984,0.17685846721195364,0.18,False,False,True,True,True,32.50625133726264,33.0099688520542,32.50625133726264,33.0099688520542,False,False,False,False,0.7085029780589798,0.852229279283916,0.7085029780589798,False,both,left,none,none,0,moving_average,4,2.0,peak,20,-1,-1,20,False,0.6847519989377562,False,False,False,False,False,False,False,,
frame_000064.jpg,32.98376606620422,33.11228565925208,64,True,0.07520820727431707,0.03393639777625956,0.0019367010586597913,0.191884495615293,False,False,False,False,False,0.8433957290528984,0.17685846721195364,0.18,False,False,True,True,True,32.98376606620422,33.11228565925208,32.98376606620422,33.11228565925208,False,False,False,False,0.9277731989666305,0.9001341704837367,0.9277731989666305,False,both,left,none,none,0,moving_average,4,2.0,peak,20,-1,-1,20,False,0.8284330290947856,False,False,False,False,False,False,False,,
frame_000065.jpg,32.81226798219283,33.07685530428499,65,True,0.09376906259644548,0.05254040807955092,0.021203921524668413,0.29707601172741466,False,False,False,False,False,0.8433957290528984,0.17685846721195364,0.18,False,False,True,True,True,32.81226798219283,33.07685530428499,32.81226798219283,33.07685530428499,False,False,False,False,0.8490229102587465,0.8835456221664798,0.8490229102587465,False,both,left,none,none,0,moving_average,4,2.0,peak,20,-1,-1,20,False,0.8889320508904683,True,False,False,False,False,False,False,6,
frame_000066.jpg,32.901505748113486,33.23262786011035,66,True,0.10972430115809888,0.03471572559917774,0.026730939800843897,0.19629100119686746,False,False,False,False,False,0.8433957290528984,0.17685846721195364,0.18,False,False,True,True,True,32.901505748113486,33.23262786011035,32.901505748113486,33.23262786011035,False,False,False,False,0.8900000434460282,0.9564785795475655,0.8900000434460282,False,both,left,none,none,0,moving_average,4,2.0,peak,20,-1,-1,20,False,0.874009681409836,False,False,False,False,False,False,False,,
frame_000067.jpg,32.886274698864675,33.203193702699075,67,True,0.06532594164531735,0.0007257882540410159,6.248699231182693e-05,0.07745586015555939,False,False,False,False,False,0.8433957290528984,0.17685846721195364,0.18,False,False,True,True,True,32.886274698864675,33.203193702699075,32.886274698864675,33.203193702699075,False,False,False,False,0.8830060905247336,0.9426974604239161,0.8830060905247336,False,both,left,none,none,0,moving_average,4,2.0,peak,20,-1,-1,20,False,0.8572706538630255,False,False,False,False,False,False,False,,
frame_000068.jpg,32.70290795826426,32.93386762416786,68,True,0.04176583740960347,0.06371879337533798,0.006521529845992099,0.3602812711193242,False,False,False,False,False,0.8433957290528984,0.17685846721195364,0.18,False,False,True,True,True,32.70290795826426,32.93386762416786,32.70290795826426,32.93386762416786,False,False,False,False,0.7988058276183145,0.8165985638432233,0.7988058276183145,False,both,left,none,none,0,moving_average,4,2.0,peak,20,-1,-1,20,False,0.7192043304767224,False,False,False,False,False,False,False,,
frame_000069.jpg,31.999485819713755,32.576982777802336,69,True,0.038607315612659475,0.007701831032291771,0.007574234470245001,0.045776038794996074,False,False,False,False,False,0.8433957290528984,0.17685846721195364,0.18,False,False,True,True,True,31.999485819713755,32.576982777802336,31.999485819713755,32.576982777802336,False,False,False,False,0.4758010732871192,0.6495045134694608,0.4758010732871192,False,both,left,none,none,0,moving_average,4,2.0,peak,20,-1,-1,20,False,0.5781577199196992,False,False,False,False,False,False,False,,
frame_000070.jpg,31.96478384986382,32.31086039526093,70,True,0.17863908450889693,0.01826736552847605,0.016147601023919857,0.21180933025295479,False,False,False,False,False,0.8433957290528984,0.17685846721195364,0.18,False,False,True,True,True,31.96478384986382,32.31086039526093,31.96478384986382,32.31086039526093,False,False,False,False,0.4598662588536642,0.5249055924258501,0.4598662588536642,False,both,left,none,none,0,moving_average,4,2.0,peak,20,-1,-1,20,False,0.4234863518295657,False,False,False,False,False,False,False,,
frame_000071.jpg,31.69240334752157,32.20760718119894,71,True,0.2617773683433578,0.028757472138612718,0.02088877471864338,0.31038498219255145,False,False,False,False,False,0.8433957290528984,0.17685846721195364,0.18,False,False,True,True,True,31.69240334752157,32.20760718119894,31.69240334752157,32.20760718119894,False,False,False,False,0.3347917233479136,0.47656227404898366,0.3347917233479136,False,both,left,none,none,0,moving_average,4,2.0,peak,20,-1,-1,20,False,0.3651122975187868,False,False,False,False,False,False,False,,
frame_000072.jpg,31.618114323766218,32.09310330792312,72,True,0.29169450555461435,0.004976062776752494,0.03575325861983129,0.3458572239655236,False,False,False,False,False,0.8433957290528984,0.17685846721195364,0.18,False,False,True,True,True,31.618114323766218,32.09310330792312,31.618114323766218,32.09310330792312,False,False,False,False,0.3006789103547826,0.4229513792071671,0.3006789103547826,False,both,left,none,none,0,moving_average,4,2.0,peak,20,-1,-1,20,False,0.30578570405343486,False,False,False,False,False,False,False,,
frame_000073.jpg,,32.24931777062407,73,True,0.33302148998298964,0.04732949036481011,0.013505760069431213,0.3948579279112075,False,False,False,False,False,0.8433957290528984,0.17685846721195364,0.18,True,False,False,True,True,,32.24931777062407,31.577189190447218,32.24931777062407,True,False,False,False,0.2818864784576085,0.4960912380873827,0.2818864784576085,False,right_only,left,none,none,0,moving_average,4,2.0,peak,20,-1,-1,20,False,0.2818864784576085,False,False,False,False,False,False,False,,
frame_000074.jpg,,32.0959691085851,74,True,0.4839474140251,0.0,0.0,0.5738082342064439,False,False,False,False,True,0.8433957290528984,0.17685846721195364,0.18,True,False,False,True,True,,32.0959691085851,31.536264057128218,32.0959691085851,True,False,False,True,0.2630940465604344,0.42429315161653264,0.2630940465604344,False,right_only,left,none,none,0,moving_average,4,2.0,peak,20,-1,-1,20,False,0.26309404656043434,False,False,False,False,False,False,False,,
frame_000075.jpg,,,75,True,0.39223444765091053,0.5296503996907707,0.08039076582261939,2.9947698181507945,False,True,False,True,True,0.8433957290528984,0.17685846721195364,0.18,True,True,False,False,False,,,31.495338923809218,32.24367287209758,True,True,False,False,0.24430161466326028,0.49344828765576315,0.24430161466326028,False,missing,left,none,none,0,moving_average,4,2.0,peak,20,-1,-1,20,False,0.24430161466326084,False,False,False,False,False,False,False,,
frame_000076.jpg,,,76,True,1.8036865023372362,0.18875985125951514,0.019078889005082388,2.138600469749483,True,True,False,True,True,0.8433957290528984,0.17685846721195364,0.18,True,True,False,False,False,,,31.45441379049022,32.391376635610044,True,True,False,False,0.2255091827660878,0.5626034236949904,0.2255091827660878,False,missing,left,none,none,0,moving_average,4,2.0,peak,20,-1,-1,20,False,0.22550918276608722,False,False,False,False,False,False,False,,
frame_000077.jpg,,,77,True,1.7150072968334042,0.16768820049819994,0.0014727250479546691,2.03345504103903,True,False,False,True,True,0.8433957290528984,0.17685846721195364,0.18,True,True,False,False,False,,,31.41348865717122,32.53908039912251,True,True,False,False,0.20671675086891367,0.6317585597342176,0.20671675086891367,False,missing,left,none,none,0,moving_average,4,2.0,peak,20,-1,-1,20,False,0.20671675086891367,False,False,False,False,False,False,False,,
frame_000078.jpg,,32.686784162634986,78,True,2.7526545475837847,1.3115409044382953,0.14508894966248068,7.415765414649313,True,True,False,True,True,0.8433957290528984,0.17685846721195364,0.18,True,False,False,True,True,,32.686784162634986,31.37256352385222,32.686784162634986,True,False,False,True,0.18792431897173956,0.7009136957734481,0.18792431897173956,False,right_only,left,none,none,0,moving_average,4,2.0,peak,20,-1,-1,20,False,0.18792431897173953,False,False,False,False,False,False,False,,
frame_000079.jpg,,,79,False,,,,0.0,False,False,False,False,True,0.8433957290528984,0.17685846721195364,0.18,True,True,False,False,False,,,31.33163839053322,32.656425302953856,True,True,False,False,0.16913188707456545,0.6866996295823242,0.16913188707456545,False,missing,left,none,none,0,moving_average,4,2.0,peak,20,-1,-1,20,False,0.16913188707456545,False,False,False,False,False,False,False,,
frame_000080.jpg,,,80,False,,,,0.0,False,False,False,False,False,0.8433957290528984,0.17685846721195364,0.18,True,True,False,False,False,,,31.29071325721422,32.62606644327273,True,True,False,False,0.1503394551773913,0.6724855633912004,0.1503394551773913,False,missing,left,none,none,0,moving_average,4,2.0,peak,20,-1,-1,20,False,0.1503394551773913,False,False,False,False,False,False,False,,
frame_000081.jpg,,,81,False,,,,0.0,False,False,False,False,False,0.8433957290528984,0.17685846721195364,0.18,True,True,False,False,False,,,31.24978812389522,32.595707583591604,True,True,False,False,0.1315470232802172,0.6582714972000797,0.1315470232802172,False,missing,left,none,none,0,moving_average,4,2.0,peak,20,-1,-1,20,False,0.1315470232802172,False,False,False,False,False,False,False,,
frame_000082.jpg,,,82,False,,,,0.0,False,False,False,False,False,0.8433957290528984,0.17685846721195364,0.18,True,True,False,False,False,,,31.208862990576222,32.565348723910475,True,True,False,False,0.11275459138304308,0.6440574310089558,0.11275459138304308,False,missing,left,none,none,0,moving_average,4,2.0,peak,20,-1,-1,20,False,0.11275459138304307,False,False,False,False,False,False,False,,
frame_000083.jpg,,,83,False,,,,0.0,False,False,False,False,False,0.8433957290528984,0.17685846721195364,0.18,True,True,False,False,False,,,31.167937857257222,32.534989864229345,True,True,False,False,0.09396215948586896,0.629843364817832,0.09396215948586896,False,missing,left,none,none,0,moving_average,4,2.0,peak,20,-1,-1,20,False,0.09396215948586896,False,False,False,False,False,False,False,,
frame_000084.jpg,,,84,False,,,,0.0,False,False,False,False,False,0.8433957290528984,0.17685846721195364,0.18,True,True,False,False,False,,,31.127012723938222,32.504631004548216,True,True,False,False,0.07516972758869485,0.6156292986267081,0.07516972758869485,False,missing,left,none,none,0,moving_average,4,2.0,peak,20,-1,-1,20,False,0.07516972758869539,False,False,False,False,False,False,False,,
frame_000085.jpg,,,85,False,,,,0.0,False,False,False,False,False,0.8433957290528984,0.17685846721195364,0.18,True,True,False,False,False,,,31.086087590619226,32.474272144867086,True,True,False,False,0.056377295691522354,0.6014152324355843,0.056377295691522354,False,missing,left,none,none,0,moving_average,4,2.0,peak,20,-1,-1,20,False,0.05637729569152181,False,False,False,False,False,False,False,,
frame_000086.jpg,,,86,False,,,,0.0,False,False,False,False,False,0.8433957290528984,0.17685846721195364,0.18,True,True,False,False,False,,,31.045162457300226,32.443913285185964,True,True,False,False,0.037584863794348236,0.5872011662444636,0.037584863794348236,False,missing,left,none,none,0,moving_average,4,2.0,peak,20,-1,-1,20,False,0.037584863794348236,False,False,False,False,False,False,False,,
frame_000087.jpg,,,87,False,,,,0.0,False,False,False,False,False,0.8433957290528984,0.17685846721195364,0.18,True,True,False,False,False,,,31.004237323981226,32.413554425504834,True,True,False,False,0.018792431897174118,0.5729871000533397,0.018792431897174118,False,missing,left,none,none,0,moving_average,4,2.0,peak,20,-1,-1,20,False,0.018792431897174118,False,False,False,False,False,False,False,,
frame_000088.jpg,30.963312190662226,32.383195565823705,88,True,,,,0.0,False,False,False,False,False,0.8433957290528984,0.17685846721195364,0.18,False,False,True,True,True,30.963312190662226,32.383195565823705,30.963312190662226,32.383195565823705,False,False,False,False,0.0,0.5587730338622159,0.0,False,both,left,none,none,0,moving_average,4,2.0,peak,20,-1,-1,20,False,0.08251474171621137,False,False,False,False,False,False,False,,
frame_000089.jpg,31.46147537076581,32.88039639662689,89,True,0.47870118788810545,0.01422030761362675,0.008658365877539403,0.567587872926116,False,False,False,False,False,0.8433957290528984,0.17685846721195364,0.18,False,False,True,True,True,31.46147537076581,32.88039639662689,31.46147537076581,32.88039639662689,False,False,False,False,0.22875179325146,0.7915632504101437,0.22875179325146,False,both,left,none,none,0,moving_average,4,2.0,peak,20,-1,-1,20,False,0.15250119550097332,False,False,False,False,False,False,False,,
frame_000090.jpg,31.46147537076581,32.88039639662689,90,True,0.0,0.0,0.0,0.0,False,False,False,False,False,0.8433957290528984,0.17685846721195364,0.18,False,False,True,True,True,31.46147537076581,32.88039639662689,31.46147537076581,32.88039639662689,False,False,False,False,0.22875179325146,0.7915632504101437,0.22875179325146,False,both,left,none,none,0,moving_average,4,2.0,peak,20,-1,-1,20,False,0.2704968934842078,True,False,False,False,False,False,False,7,
frame_000091.jpg,31.73420597877676,32.39588644660915,91,True,0.3016448604757786,0.11935204229580322,0.053085138426605526,0.6748449434019316,False,False,False,False,False,0.8433957290528984,0.17685846721195364,0.18,False,False,True,True,True,31.73420597877676,32.39588644660915,31.73420597877676,32.39588644660915,False,False,False,False,0.35398709394970335,0.5647149243483088,0.35398709394970335,False,both,left,none,none,0,moving_average,4,2.0,peak,20,-1,-1,20,False,0.259579132850293,False,False,False,False,False,False,False,,
frame_000092.jpg,31.390147059677705,31.992432620494814,92,True,0.16414083299005633,0.07603791006676185,0.043356450670327486,0.4299364981809734,False,False,False,False,False,0.8433957290528984,0.17685846721195364,0.18,False,False,True,True,True,31.390147059677705,31.992432620494814,31.390147059677705,31.992432620494814,False,False,False,False,0.1959985113497156,0.3758172038909126,0.1959985113497156,False,both,left,none,none,0,moving_average,4,2.0,peak,20,-1,-1,20,False,0.20629159216038553,False,False,False,False,False,False,False,,
frame_000093.jpg,31.113335270712444,31.504885806581523,93,True,0.1604247422781068,0.07748211852657264,0.005174250612496857,0.4381023976291462,False,False,False,False,False,0.8433957290528984,0.17685846721195364,0.18,False,False,True,True,True,31.113335270712444,31.504885806581523,31.113335270712444,31.504885806581523,False,False,False,False,0.06888917118173768,0.14754701334279258,0.06888917118173768,False,both,left,none,none,0,moving_average,4,2.0,peak,20,-1,-1,20,False,0.11127663960482012,False,False,False,False,False,False,False,,
frame_000094.jpg,31.113450832996023,31.26216436623604,94,True,0.1051053956957538,0.0048559111392733004,0.04204800520377721,0.2336000289098734,False,False,False,False,False,0.8433957290528984,0.17685846721195364,0.18,False,False,True,True,True,31.113450832996023,31.26216436623604,31.113450832996023,31.26216436623604,False,False,False,False,0.06894223628300714,0.033904450502392845,0.06894223628300714,False,both,left,none,none,0,moving_average,4,2.0,peak,20,-1,-1,20,False,0.0716134186145351,False,False,False,False,False,False,False,,
frame_000095.jpg,31.1310178608965,31.28867109832964,95,True,0.030743008648396308,0.05190192826451115,0.03777644577964091,0.2934658944109811,False,False,False,False,False,0.8433957290528984,0.17685846721195364,0.18,False,False,True,True,True,31.1310178608965,31.28867109832964,31.1310178608965,31.28867109832964,False,False,False,False,0.07700884837886053,0.04631494445526775,0.07700884837886053,False,both,left,none,none,0,moving_average,4,2.0,peak,20,-1,-1,20,False,0.06766370196821837,False,False,False,False,False,False,False,,
frame_000096.jpg,31.08753083818228,31.314578860229638,96,True,0.033194261651802226,0.016318261630336506,0.005452599838168461,0.09226734737432789,False,False,False,False,False,0.8433957290528984,0.17685846721195364,0.18,False,False,True,True,True,31.08753083818228,31.314578860229638,31.08753083818228,31.314578860229638,False,False,False,False,0.05704002124278747,0.05844499961472887,0.05704002124278747,False,both,left,none,none,0,moving_average,4,2.0,peak,20,-1,-1,20,False,0.15764862302485536,False,False,False,False,False,False,False,,
frame_000097.jpg,31.701343593937143,32.158817830041166,97,True,0.10410263219070919,0.05084569668068642,0.011740677471013362,0.2874937088522377,False,False,False,False,False,0.8433957290528984,0.17685846721195364,0.18,False,False,True,True,True,31.701343593937143,32.158817830041166,31.701343593937143,32.158817830041166,False,False,False,False,0.3388969994529181,0.453719022554606,0.3388969994529181,False,both,left,none,none,0,moving_average,4,2.0,peak,20,-1,-1,20,False,0.24494467338287454,False,False,False,False,False,False,False,,
frame_000098.jpg,31.701343593937143,32.158817830041166,98,True,0.0,0.0,0.0,0.0,False,False,False,False,False,0.8433957290528984,0.17685846721195364,0.18,False,False,True,True,True,31.701343593937143,32.158817830041166,31.701343593937143,32.158817830041166,False,False,False,False,0.3388969994529181,0.453719022554606,0.3388969994529181,False,both,left,none,none,0,moving_average,4,2.0,peak,20,-1,-1,20,False,0.42254481094999863,False,False,False,False,False,False,False,,
frame_000099.jpg,32.24783452008631,32.53672276160689,99,True,0.045708762031314715,0.055974376305336165,0.0017705108352963905,0.31649248796357843,False,False,False,False,False,0.8433957290528984,0.17685846721195364,0.18,False,False,True,True,True,32.24783452008631,32.53672276160689,32.24783452008631,32.53672276160689,False,False,False,False,0.5898404339441597,0.6306547101149065,0.5898404339441597,False,both,left,none,none,0,moving_average,4,2.0,peak,20,-1,-1,20,False,0.49437041567994205,False,False,False,False,False,False,False,,
frame_000100.jpg,32.170597248606406,32.610424387551326,100,True,0.022452948581536236,0.03948299103083318,0.008344490377439845,0.22324625817046873,False,False,False,False,False,0.8433957290528984,0.17685846721195364,0.18,False,False,True,True,True,32.170597248606406,32.610424387551326,32.170597248606406,32.610424387551326,False,False,False,False,0.5543738136427485,0.6651619281254318,0.5543738136427485,False,both,left,none,none,0,moving_average,4,2.0,peak,20,-1,-1,20,False,0.5999870703252966,False,False,False,False,False,False,False,,
frame_000101.jpg,32.39136216562363,32.52846262087961,101,True,0.06045254579078635,0.0055652495808538455,0.006171849262509544,0.07167755741266592,False,False,False,False,False,0.8433957290528984,0.17685846721195364,0.18,False,False,True,True,True,32.39136216562363,32.52846262087961,32.39136216562363,32.52846262087961,False,False,False,False,0.6557469633889818,0.6267872991423348,0.6557469633889818,False,both,left,none,none,0,moving_average,4,2.0,peak,20,-1,-1,20,False,0.6302367087437317,True,False,False,False,False,False,False,8,
frame_000102.jpg,32.44546255863391,32.69663129786742,102,True,0.012567844403205037,0.03025398206855507,0.00301734569976023,0.17106323799752032,False,False,False,False,False,0.8433957290528984,0.17685846721195364,0.18,False,False,True,True,True,32.44546255863391,32.69663129786742,32.44546255863391,32.69663129786742,False,False,False,False,0.6805893491994648,0.705524140087131,0.6805893491994648,False,both,left,none,none,0,moving_average,4,2.0,peak,20,-1,-1,20,False,0.6046167056156252,False,False,False,False,False,False,False,,
frame_000103.jpg,32.00321571181734,32.19818936339505,103,True,0.014021099576322128,0.0332958818055996,0.004178783369549909,0.18826286538883436,False,False,False,False,False,0.8433957290528984,0.17685846721195364,0.18,False,False,True,True,True,32.00321571181734,32.19818936339505,32.00321571181734,32.19818936339505,False,False,False,False,0.47751380425842915,0.47215283683538545,0.47751380425842915,False,both,left,none,none,0,moving_average,4,2.0,peak,20,-1,-1,20,False,0.5219443955330298,False,False,False,False,False,False,False,,
frame_000104.jpg,31.851244420815625,31.78535687482252,104,True,0.010644491628974427,0.059395444473031626,0.005606638141405864,0.33583602419130976,False,False,False,False,False,0.8433957290528984,0.17685846721195364,0.18,False,False,True,True,True,31.851244420815625,31.78535687482252,31.851244420815625,31.78535687482252,False,False,False,False,0.4077300331411957,0.27886401175926306,0.4077300331411957,False,both,left,none,none,0,moving_average,4,2.0,peak,20,-1,-1,20,False,0.4224924312068467,False,False,False,False,False,False,False,,
frame_000105.jpg,31.795719366083485,31.865228420316495,105,True,0.01554352292443562,0.0054886754283757205,0.0036552776297782454,0.03103428133750527,False,False,False,False,False,0.8433957290528984,0.17685846721195364,0.18,False,False,True,True,True,31.795719366083485,31.865228420316495,31.795719366083485,31.865228420316495,False,False,False,False,0.3822334562209154,0.31625999587603204,0.3822334562209154,False,both,left,none,none,0,moving_average,4,2.0,peak,20,-1,-1,20,False,0.3745430299260835,False,False,False,False,False,False,False,,
frame_000106.jpg,31.689950938415148,31.732651222543588,106,True,0.027638530196673335,0.011368780756604831,0.005172122524141266,0.0642818007858231,False,False,False,False,False,0.8433957290528984,0.17685846721195364,0.18,False,False,True,True,True,31.689950938415148,31.732651222543588,31.689950938415148,31.732651222543588,False,False,False,False,0.3336656004161395,0.2541871418765399,0.3336656004161395,False,both,left,none,none,0,moving_average,4,2.0,peak,20,-1,-1,20,False,0.3498548856843981,False,False,False,False,False,False,False,,
frame_000107.jpg,31.689950938415148,31.732651222543588,107,True,0.0,0.0,0.0,0.0,False,False,False,False,False,0.8433957290528984,0.17685846721195364,0.18,False,False,True,True,True,31.689950938415148,31.732651222543588,31.689950938415148,31.732651222543588,False,False,False,False,0.3336656004161395,0.2541871418765399,0.3336656004161395,False,both,left,none,none,0,moving_average,4,2.0,peak,20,-1,-1,20,False,0.33398328307146696,False,False,False,False,False,False,False,,
frame_000108.jpg,31.69202643429991,31.867097264037863,108,True,0.04259308217331317,0.041604692385262335,0.012815330857178977,0.23524286420169951,False,False,False,False,False,0.8433957290528984,0.17685846721195364,0.18,False,False,True,True,True,31.69202643429991,31.867097264037863,31.69202643429991,31.867097264037863,False,False,False,False,0.3346186483821218,0.31713499146662427,0.3346186483821218,False,both,left,none,none,0,moving_average,4,2.0,peak,20,-1,-1,20,False,0.39615967982346934,False,False,False,False,False,False,False,,
frame_000109.jpg,32.096164036372954,32.45493641044405,109,True,0.02869353903863347,0.0006545626291324837,0.0025173815718600393,0.03402144218924991,False,False,False,False,False,0.8433957290528984,0.17685846721195364,0.18,False,False,True,True,True,32.096164036372954,32.45493641044405,32.096164036372954,32.45493641044405,False,False,False,False,0.5201947906721467,0.5923622109509239,0.5201947906721467,False,both,left,none,none,0,moving_average,4,2.0,peak,20,-1,-1,20,False,0.49182843916586405,False,False,False,False,False,False,False,,
frame_000110.jpg,32.314977558488664,32.64858228386969,110,True,0.019709837117429407,0.017916634878004337,0.003914331678391829,0.10130493134112933,False,False,False,False,False,0.8433957290528984,0.17685846721195364,0.18,False,False,True,True,True,32.314977558488664,32.64858228386969,32.314977558488664,32.64858228386969,False,False,False,False,0.6206718784433237,0.6830275156237806,0.6206718784433237,False,both,left,none,none,0,moving_average,4,2.0,peak,20,-1,-1,20,False,0.6368162577023007,False,False,False,False,False,False,False,,
frame_000111.jpg,32.63926612669867,32.75309825576898,111,True,0.007523109854100714,0.009786562872589145,0.007992241295871377,0.05533556310233409,False,False,False,False,False,0.8433957290528984,0.17685846721195364,0.18,False,False,True,True,True,32.63926612669867,32.75309825576898,32.63926612669867,32.75309825576898,False,False,False,False,0.7695821039914319,0.7319620592202768,0.7695821039914319,False,both,left,none,none,0,moving_average,4,2.0,peak,20,-1,-1,20,False,0.7116090866146392,False,False,False,False,False,False,False,,
frame_000112.jpg,32.58480326805263,32.844815909239415,112,True,0.007630878801333477,0.0045335830199941425,0.0034672280756493606,0.025633960824510207,False,False,False,False,False,0.8433957290528984,0.17685846721195364,0.18,False,False,True,True,True,32.58480326805263,32.844815909239415,32.58480326805263,32.844815909239415,False,False,False,False,0.7445732774091622,0.774904409855852,0.7445732774091622,False,both,left,none,none,0,moving_average,4,2.0,peak,20,-1,-1,20,False,0.7492150774482862,True,False,False,False,False,False,False,9,
frame_000113.jpg,32.56066638634466,32.790626222663626,113,True,0.003339676157948034,0.01281693961004571,0.0026168667237479876,0.07247003670276878,False,False,False,False,False,0.8433957290528984,0.17685846721195364,0.18,False,False,True,True,True,32.56066638634466,32.790626222663626,32.56066638634466,32.790626222663626,False,False,False,False,0.7334898509442648,0.7495327127646302,0.7334898509442648,False,both,left,none,none,0,moving_average,4,2.0,peak,20,-1,-1,20,False,0.7349662188747409,False,False,False,False,False,False,False,,
frame_000114.jpg,32.54617496532744,32.77672135149121,114,True,0.005930286055157929,0.0034313013057875566,0.0006288556630303158,0.019401396833748197,False,False,False,False,False,0.8433957290528984,0.17685846721195364,0.18,False,False,True,True,True,32.54617496532744,32.77672135149121,32.54617496532744,32.77672135149121,False,False,False,False,0.7268355282707958,0.7430224300563966,0.7268355282707958,False,both,left,none,none,0,moving_average,4,2.0,peak,20,-1,-1,20,False,0.662188820769848,False,False,False,False,False,False,False,,
frame_000115.jpg,32.10933132226888,31.99197665525669,115,True,0.03071316723204042,0.001310258611441117,0.0005138250109060181,0.03641608105667093,False,False,False,False,False,0.8433957290528984,0.17685846721195364,0.18,False,False,True,True,True,32.10933132226888,31.99197665525669,32.10933132226888,31.99197665525669,False,False,False,False,0.5262410830944834,0.375603720244174,0.5262410830944834,False,both,left,none,none,0,moving_average,4,2.0,peak,20,-1,-1,20,False,0.5597788223567828,False,False,False,False,False,False,False,,
frame_000116.jpg,31.891597657850262,31.919832778669058,116,True,0.02357737466268534,0.005886002048824821,0.006452853501227464,0.03584918611793036,False,False,False,False,False,0.8433957290528984,0.17685846721195364,0.18,False,False,True,True,True,31.891597657850262,31.919832778669058,31.891597657850262,31.919832778669058,False,False,False,False,0.42625985570506925,0.3418258429499793,0.42625985570506925,False,both,left,none,none,0,moving_average,4,2.0,peak,20,-1,-1,20,False,0.4333598862207419,False,False,False,False,False,False,False,,
frame_000117.jpg,31.720250171178,31.797019797048225,117,True,0.027408207707216685,0.00913639455617291,0.0015212037333116428,0.05165935620839415,False,False,False,False,False,0.8433957290528984,0.17685846721195364,0.18,False,False,True,True,True,31.720250171178,31.797019797048225,31.720250171178,31.797019797048225,False,False,False,False,0.3475787198626731,0.28432461041940216,0.3475787198626731,False,both,left,none,none,0,moving_average,4,2.0,peak,20,-1,-1,20,False,0.3548121069943264,False,False,False,False,False,False,False,,
frame_000118.jpg,31.59616011254868,31.76080564620565,118,True,0.04275126473828342,0.020272534488075627,0.003915927219604397,0.11462575022648071,False,False,False,False,False,0.8433957290528984,0.17685846721195364,0.18,False,False,True,True,True,31.59616011254868,31.76080564620565,31.59616011254868,31.76080564620565,False,False,False,False,0.2905977454152369,0.2673690876317111,0.2905977454152369,False,both,left,none,none,0,moving_average,4,2.0,peak,20,-1,-1,20,False,0.28157814976597156,False,False,False,False,False,False,False,,
frame_000119.jpg,31.4131429033862,31.57039751341636,119,True,0.05985468468068498,0.016525276714213985,0.0049052767715782935,0.0934378600850899,False,False,False,False,False,0.8433957290528984,0.17685846721195364,0.18,False,False,True,True,True,31.4131429033862,31.57039751341636,31.4131429033862,31.57039751341636,False,False,False,False,0.20655798402000472,0.17821969825337508,0.20655798402000472,False,both,left,none,none,0,moving_average,4,2.0,peak,20,-1,-1,20,False,0.3238055894965486,False,False,False,False,False,False,False,,
frame_000120.jpg,31.996132017149268,32.46968496762498,120,True,0.012225871895486228,0.03418627384387111,0.001252871634737026,0.19329735456149255,False,False,False,False,False,0.8433957290528984,0.17685846721195364,0.18,False,False,True,True,True,31.996132017149268,32.46968496762498,31.996132017149268,32.46968496762498,False,False,False,False,0.47426103905440425,0.5992675087847427,0.47426103905440425,False,both,left,none,none,0,moving_average,4,2.0,peak,20,-1,-1,20,False,0.3801559968100617,False,False,False,False,False,False,False,,
frame_000121.jpg,31.96431064428996,32.29073775405006,121,True,0.08525331749993573,0.05882001834453924,0.02238092010454767,0.33258242747319067,False,False,False,False,False,0.8433957290528984,0.17685846721195364,0.18,False,False,True,True,True,31.96431064428996,32.29073775405006,31.96431064428996,32.29073775405006,False,False,False,False,0.45964896735577615,0.5154841399366678,0.45964896735577615,False,both,left,none,none,0,moving_average,4,2.0,peak,20,-1,-1,20,False,0.510470315466948,False,False,False,False,False,False,False,,
frame_000122.jpg,32.264517152379966,32.67843169310361,122,True,0.12096083013637302,0.09694914004564252,0.03923997060932585,0.5481735852061589,False,False,False,False,False,0.8433957290528984,0.17685846721195364,0.18,False,False,True,True,True,32.264517152379966,32.67843169310361,32.264517152379966,32.67843169310361,False,False,False,False,0.5975009399906637,0.697003056308551,0.5975009399906637,False,both,left,none,none,0,moving_average,4,2.0,peak,20,-1,-1,20,False,0.5453692112439017,True,False,False,False,False,False,False,10,
frame_000123.jpg,32.22413475306539,32.50290562749588,123,True,0.09783356465944758,0.03457383173583047,0.007495094602814847,0.19548869941519922,False,False,False,False,False,0.8433957290528984,0.17685846721195364,0.18,False,False,True,True,True,32.22413475306539,32.50290562749588,32.22413475306539,32.50290562749588,False,False,False,False,0.5789577263852654,0.6148214743578069,0.5789577263852654,False,both,left,none,none,0,moving_average,4,2.0,peak,20,-1,-1,20,False,0.5262839485703055,False,False,False,False,False,False,False,,
frame_000124.jpg,31.839622111647863,31.71458524587951,124,True,0.07415238613438614,0.03372247082098303,0.005676302193289455,0.19067490153337577,False,False,False,False,False,0.8433957290528984,0.17685846721195364,0.18,False,False,True,True,True,31.839622111647863,31.71458524587951,31.839622111647863,31.71458524587951,False,False,False,False,0.4023931793349876,0.24572862298591966,0.4023931793349876,False,both,left,none,none,0,moving_average,4,2.0,peak,20,-1,-1,20,False,0.3957138008264745,False,False,False,False,False,False,False,,
frame_000125.jpg,31.411471511485345,31.556569982022747,125,True,0.07107579366678814,0.010921886770279136,0.014203615125942008,0.08427336209848202,False,False,False,False,False,0.8433957290528984,0.17685846721195364,0.18,False,False,True,True,True,31.411471511485345,31.556569982022747,31.411471511485345,31.556569982022747,False,False,False,False,0.2057904967591706,0.17174562615208258,0.2057904967591706,False,both,left,none,none,0,moving_average,4,2.0,peak,20,-1,-1,20,False,0.24110865727077913,False,False,False,False,False,False,False,,
frame_000126.jpg,31.214062802861108,31.578373050260147,126,True,0.24515987947248774,0.06972692189662598,0.013007941267454096,0.39425266426776556,False,False,False,False,False,0.8433957290528984,0.17685846721195364,0.18,False,False,True,True,True,31.214062802861108,31.578373050260147,31.214062802861108,31.578373050260147,False,False,False,False,0.11514229571817933,0.1819538572368828,0.11514229571817933,False,both,left,none,none,0,moving_average,4,2.0,peak,20,-1,-1,20,False,0.13771882269049626,False,False,False,False,False,False,False,,
frame_000127.jpg,31.16415188184801,31.650933130203292,127,True,0.31278363609918636,0.039266778850038535,0.021890336818646078,0.37086224808184715,False,False,False,False,False,0.8433957290528984,0.17685846721195364,0.18,False,False,True,True,True,31.16415188184801,31.650933130203292,31.16415188184801,31.650933130203292,False,False,False,False,0.09222367559413887,0.21592660160139468,0.09222367559413887,False,both,left,none,none,0,moving_average,4,2.0,peak,20,-1,-1,20,False,0.21034148575786876,False,False,False,False,False,False,False,,
frame_000128.jpg,31.885932536690916,31.853175461597463,128,True,0.5122301952605911,0.06625505631551662,0.05163186894779839,0.6073426478407785,False,False,False,False,False,0.8433957290528984,0.17685846721195364,0.18,False,False,True,True,True,31.885932536690916,31.853175461597463,31.885932536690916,31.853175461597463,False,False,False,False,0.4236584859612882,0.31061678151190053,0.4236584859612882,False,both,left,none,none,0,moving_average,4,2.0,peak,20,-1,-1,20,False,0.3416351899009447,False,False,False,False,False,False,False,,
frame_000129.jpg,32.07183560875464,,129,True,0.8377814033510926,0.0012928253926677948,0.027213705084805532,0.9933431893138581,False,False,False,False,False,0.8433957290528984,0.17685846721195364,0.18,False,True,True,False,True,32.07183560875464,,32.07183560875464,31.93360268531745,False,True,False,False,0.5090234081474072,0.34827293505428186,0.5090234081474072,False,left_only,left,none,none,0,moving_average,4,2.0,peak,20,-1,-1,20,False,0.5711397527092841,False,False,False,False,False,False,False,,
frame_000130.jpg,32.66355944362225,,130,True,0.7351197281296162,0.0,0.0,0.8716189835999383,False,False,False,False,False,0.8433957290528984,0.17685846721195364,0.18,False,True,True,False,True,32.66355944362225,,32.66355944362225,32.01402990903743,False,True,False,False,0.780737364019157,0.3859290885966615,0.780737364019157,False,left_only,left,none,none,0,moving_average,4,2.0,peak,20,-1,-1,20,False,0.6901660453952403,False,False,False,False,False,False,False,,
frame_000131.jpg,32.66355944362225,,131,True,0.0,0.0,0.0,0.0,False,False,False,False,False,0.8433957290528984,0.17685846721195364,0.18,False,True,True,False,True,32.66355944362225,,32.66355944362225,32.09445713275742,False,True,False,False,0.780737364019157,0.42358524213904275,0.780737364019157,False,left_only,left,none,none,0,moving_average,4,2.0,peak,20,-1,-1,20,False,0.7894356125721508,True,False,False,False,False,False,False,11,
frame_000132.jpg,32.72038715761172,,132,True,0.7521004248555926,0.0,0.0,0.8917527074747853,False,False,False,False,True,0.8433957290528984,0.17685846721195364,0.18,False,True,True,False,True,32.72038715761172,,32.72038715761172,32.174884356477406,False,True,True,False,0.8068321096781385,0.461241395681424,0.8068321096781385,False,left_only,left,none,none,0,moving_average,4,2.0,peak,20,-1,-1,20,False,0.6437429640774337,False,False,False,False,False,False,False,,
frame_000133.jpg,31.711714930490167,,133,True,1.4221205160033121,0.0,9.298117831235686e-16,1.6861841565172495,True,False,False,True,True,0.8433957290528984,0.17685846721195364,0.18,False,True,True,False,True,31.711714930490167,,31.711714930490167,32.255311580197386,False,True,True,False,0.3436594185350058,0.498897549223802,0.3436594185350058,False,left_only,left,none,none,0,moving_average,4,2.0,peak,20,-1,-1,20,False,0.4795965999324474,False,False,False,False,False,False,False,,
frame_000134.jpg,31.591152443843868,,134,True,0.5868815976855547,0.0,1.863093013199091e-15,0.6958555485508572,False,False,False,False,True,0.8433957290528984,0.17685846721195364,0.18,False,True,True,False,True,31.591152443843868,,31.591152443843868,32.33573880391737,False,True,True,False,0.28829827158419813,0.5365537027661833,0.28829827158419813,False,left_only,left,none,none,0,moving_average,4,2.0,peak,20,-1,-1,20,False,0.30675198723446734,False,False,False,False,False,False,False,,
frame_000135.jpg,31.591152443843868,,135,True,0.0,0.0,0.0,0.0,False,False,False,False,False,0.8433957290528984,0.17685846721195364,0.18,False,True,True,False,True,31.591152443843868,,31.591152443843868,32.41616602763736,False,True,False,False,0.28829827158419813,0.5742098563085646,0.28829827158419813,False,left_only,left,none,none,0,moving_average,4,2.0,peak,20,-1,-1,20,False,0.28572670141078493,False,False,False,False,False,False,False,,
frame_000136.jpg,31.57435176800341,,136,True,0.3558750598897362,0.0,0.0,0.42195501782937705,False,False,False,False,False,0.8433957290528984,0.17685846721195364,0.18,False,True,True,False,True,31.57435176800341,,31.57435176800341,32.496593251357346,False,True,False,False,0.28058356106395865,0.6118660098509459,0.28058356106395865,False,left_only,left,none,none,0,moving_average,4,2.0,peak,20,-1,-1,20,False,0.29464588328304964,False,False,False,False,False,False,False,,
frame_000137.jpg,31.649423567434912,,137,True,0.15857499334561664,0.0,0.0,0.18801967793184154,False,False,False,False,False,0.8433957290528984,0.17685846721195364,0.18,False,True,True,False,True,31.649423567434912,,31.649423567434912,32.577020475077326,False,True,False,False,0.3150558172009922,0.6495221633933238,0.3150558172009922,False,left_only,left,none,none,0,moving_average,4,2.0,peak,20,-1,-1,20,False,0.394181393097097,False,False,False,False,False,False,False,,
frame_000138.jpg,32.24144145881596,,138,True,0.29876222358684706,0.0,9.332812300755222e-16,0.35423729726773195,False,False,False,False,False,0.8433957290528984,0.17685846721195364,0.18,False,True,True,False,True,32.24144145881596,,32.24144145881596,32.65744769879731,False,True,False,False,0.5869048010263402,0.6871783169357051,0.5869048010263402,False,left_only,left,none,none,0,moving_average,4,2.0,peak,20,-1,-1,20,False,0.5460228616205728,False,False,False,False,False,False,False,,
frame_000139.jpg,32.566367975912684,32.7378749225173,139,True,0.18032632682382008,0.02257344714121078,0.007475451436960063,0.2138098648262302,False,False,False,False,False,0.8433957290528984,0.17685846721195364,0.18,False,False,True,True,True,32.566367975912684,32.7378749225173,32.566367975912684,32.7378749225173,False,False,False,False,0.736107966634386,0.7248344704780864,0.736107966634386,False,both,left,none,none,0,moving_average,4,2.0,peak,20,-1,-1,20,False,0.6863735780983707,False,False,False,False,False,False,False,,
frame_000140.jpg,32.566367975912684,32.7378749225173,140,True,0.0,0.0,0.0,0.0,False,False,False,False,False,0.8433957290528984,0.17685846721195364,0.18,False,False,True,True,True,32.566367975912684,32.7378749225173,32.566367975912684,32.7378749225173,False,False,False,False,0.736107966634386,0.7248344704780864,0.736107966634386,False,both,left,none,none,0,moving_average,4,2.0,peak,20,-1,-1,20,False,0.7960843905625823,False,False,False,False,False,False,False,,
frame_000141.jpg,32.9582081313575,32.97284789036264,141,True,0.16168884357414706,0.031327364691159834,0.02790725467711471,0.1917117172928034,False,False,False,False,False,0.8433957290528984,0.17685846721195364,0.18,False,False,True,True,True,32.9582081313575,32.97284789036264,32.9582081313575,32.97284789036264,False,False,False,False,0.9160372384189747,0.8348491862203407,0.9160372384189747,False,both,left,none,none,0,moving_average,4,2.0,peak,20,-1,-1,20,False,0.8654010229609885,False,False,False,False,False,False,False,,
frame_000142.jpg,33.01922992124007,33.018446862124534,142,True,0.2660906627180541,0.02317860735842568,0.0030193866643089123,0.31549918211805966,False,False,False,False,False,0.8433957290528984,0.17685846721195364,0.18,False,False,True,True,True,33.01922992124007,33.018446862124534,33.01922992124007,33.018446862124534,False,False,False,False,0.944057863829605,0.8561986970280103,0.944057863829605,False,both,left,none,none,0,moving_average,4,2.0,peak,20,-1,-1,20,False,0.9004701110660128,True,False,False,False,False,False,False,12,
frame_000143.jpg,32.79548261854013,33.04453182997487,143,True,0.09343278035069669,0.01741531137156425,0.013807780474049295,0.11078166171841797,False,False,False,False,False,0.8433957290528984,0.17685846721195364,0.18,False,False,True,True,True,32.79548261854013,33.04453182997487,32.79548261854013,33.04453182997487,False,False,False,False,0.8413152309494589,0.8684117202941148,0.8413152309494589,False,both,left,none,none,0,moving_average,4,2.0,peak,20,-1,-1,20,False,0.774216432924927,False,False,False,False,False,False,False,,
frame_000144.jpg,32.133363006754706,32.716198302275835,144,True,0.1059926627231108,0.06762543213295266,0.020242159171739754,0.38237033939634835,False,False,False,False,False,0.8433957290528984,0.17685846721195364,0.18,False,False,True,True,True,32.133363006754706,32.716198302275835,32.133363006754706,32.716198302275835,False,False,False,False,0.5372762039957173,0.7146854425452767,0.5372762039957173,False,both,left,none,none,0,moving_average,4,2.0,peak,20,-1,-1,20,False,0.6347232427942242,False,False,False,False,False,False,False,,
frame_000145.jpg,32.10788793509988,32.447296506583434,145,True,0.06284044810835333,0.018580341138187774,0.011681344711979937,0.10505768500142215,False,False,False,False,False,0.8433957290528984,0.17685846721195364,0.18,False,False,True,True,True,32.10788793509988,32.447296506583434,32.10788793509988,32.447296506583434,False,False,False,False,0.5255782934374966,0.5887851958617804,0.5255782934374966,False,both,left,none,none,0,moving_average,4,2.0,peak,20,-1,-1,20,False,0.5245572559660516,False,False,False,False,False,False,False,,
frame_000146.jpg,32.07574218427944,32.440370796234646,146,True,0.019329701694877563,0.046733120492042646,0.001797193683572014,0.2642402211709546,False,False,False,False,False,0.8433957290528984,0.17685846721195364,0.18,False,False,True,True,True,32.07574218427944,32.440370796234646,32.07574218427944,32.440370796234646,False,False,False,False,0.5108172704649412,0.5855425673061557,0.5108172704649412,False,both,left,none,none,0,moving_average,4,2.0,peak,20,-1,-1,20,False,0.4794008375366837,False,False,False,False,False,False,False,,
frame_000147.jpg,31.83834545055832,32.2488611781484,147,True,0.03295852997624675,0.04130294469563558,0.014568679569564704,0.2335367107198584,False,False,False,False,False,0.8433957290528984,0.17685846721195364,0.18,False,False,True,True,True,31.83834545055832,32.2488611781484,31.83834545055832,32.2488611781484,False,False,False,False,0.4018069487076133,0.49587746076703415,0.4018069487076133,False,both,left,none,none,0,moving_average,4,2.0,peak,20,-1,-1,20,False,0.4349885404227721,False,False,False,False,False,False,False,,
frame_000148.jpg,31.81773189936139,32.33299417755042,148,True,0.03296972944104629,0.043354293380351135,0.014604176517258552,0.2451355259592619,False,False,False,False,False,0.8433957290528984,0.17685846721195364,0.18,False,False,True,True,True,31.81773189936139,32.33299417755042,31.81773189936139,32.33299417755042,False,False,False,False,0.39234140209576174,0.5352686643536883,0.39234140209576174,False,both,left,none,none,0,moving_average,4,2.0,peak,20,-1,-1,20,False,0.5103425314911766,False,False,False,False,False,False,False,,
frame_000149.jpg,32.56804762097871,33.04262393900647,149,True,0.05767127648603094,0.02289217279376451,0.0074488243395827575,0.12943781066659193,False,False,False,False,False,0.8433957290528984,0.17685846721195364,0.18,False,False,True,True,True,32.56804762097871,33.04262393900647,32.56804762097871,33.04262393900647,False,False,False,False,0.736879243670155,0.8675184427206097,0.736879243670155,False,both,left,none,none,0,moving_average,4,2.0,peak,20,-1,-1,20,False,0.6245549887502688,False,False,False,False,False,False,False,,
frame_000150.jpg,32.58452243269576,33.03231892683096,150,True,0.014748162184226584,0.0010698364175882912,0.0024057347808631928,0.01748664556410336,False,False,False,False,False,0.8433957290528984,0.17685846721195364,0.18,False,False,True,True,True,32.58452243269576,33.03231892683096,32.58452243269576,33.03231892683096,False,False,False,False,0.7444443204848896,0.8626936196969028,0.7444443204848896,False,both,left,none,none,0,moving_average,4,2.0,peak,20,-1,-1,20,False,0.7770090842929894,False,False,False,False,False,False,False,,
frame_000151.jpg,32.81375054440726,33.03737108007655,151,True,0.03803898829444022,0.01843365763934732,0.013428043967919981,0.10422830147711137,False,False,False,False,False,0.8433957290528984,0.17685846721195364,0.18,False,False,True,True,True,32.81375054440726,33.03737108007655,32.81375054440726,33.03737108007655,False,False,False,False,0.8497036887239238,0.8650590458490944,0.8497036887239238,False,both,left,none,none,0,moving_average,4,2.0,peak,20,-1,-1,20,False,0.8122221211230104,False,False,False,False,False,False,False,,
frame_000152.jpg,32.798102714654824,33.04704174360316,152,True,0.03100492436281851,0.0013905151587145135,0.005823412386131459,0.03676201253430092,False,False,False,False,False,0.8433957290528984,0.17685846721195364,0.18,False,False,True,True,True,32.798102714654824,33.04704174360316,32.798102714654824,33.04704174360316,False,False,False,False,0.8425183541602179,0.8695868658305811,0.8425183541602179,False,both,left,none,none,0,moving_average,4,2.0,peak,20,-1,-1,20,False,0.8446911198427094,True,False,False,False,False,False,False,13,
frame_000153.jpg,32.79665007672963,33.05115983685783,153,True,0.01800953618895578,0.03779701730686652,0.019529429814150623,0.2137133601953544,False,False,False,False,False,0.8433957290528984,0.17685846721195364,0.18,False,False,True,True,True,32.79665007672963,33.05115983685783,32.79665007672963,33.05115983685783,False,False,False,False,0.8418513166439869,0.8715149636154743,0.8418513166439869,False,both,left,none,none,0,moving_average,4,2.0,peak,20,-1,-1,20,False,0.8345192640254991,False,False,False,False,False,False,False,,
frame_000154.jpg,32.74729540581231,33.04629595677093,154,True,0.02428691822766322,0.01633080350081279,0.010041978218654365,0.09233826210447339,False,False,False,False,False,0.8433957290528984,0.17685846721195364,0.18,False,False,True,True,True,32.74729540581231,33.04629595677093,32.74729540581231,33.04629595677093,False,False,False,False,0.8191881212722927,0.8692376872544068,0.8191881212722927,False,both,left,none,none,0,moving_average,4,2.0,peak,20,-1,-1,20,False,0.7936597954299809,False,False,False,False,False,False,False,,
frame_000155.jpg,32.53115814748576,32.891663524390644,155,True,0.029522036612138685,0.023524276495675844,0.006422068882124706,0.13301187591704894,False,False,False,False,False,0.8433957290528984,0.17685846721195364,0.18,False,False,True,True,True,32.53115814748576,32.891663524390644,32.53115814748576,32.891663524390644,False,False,False,False,0.7199399483736632,0.7968385374762572,0.7199399483736632,False,both,left,none,none,0,moving_average,4,2.0,peak,20,-1,-1,20,False,0.6976968170722799,False,False,False,False,False,False,False,,
frame_000156.jpg,32.169701254278216,32.61861094146604,156,True,0.07656501571833499,0.028215398389178404,0.01709477917127458,0.15953659914605073,False,False,False,False,False,0.8433957290528984,0.17685846721195364,0.18,False,False,True,True,True,32.169701254278216,32.61861094146604,32.169701254278216,32.61861094146604,False,False,False,False,0.5539623815708843,0.6689948856357973,0.5539623815708843,False,both,left,none,none,0,moving_average,4,2.0,peak,20,-1,-1,20,False,0.5692029149269955,False,False,False,False,False,False,False,,
frame_000157.jpg,31.90781436821998,32.32704920221116,157,True,0.054610735930207835,0.004382775690502227,0.0120437921332495,0.06690995629583056,False,False,False,False,False,0.8433957290528984,0.17685846721195364,0.18,False,False,True,True,True,31.90781436821998,32.32704920221116,31.90781436821998,32.32704920221116,False,False,False,False,0.4337064148364393,0.532485217483008,0.4337064148364393,False,both,left,none,none,0,moving_average,4,2.0,peak,20,-1,-1,20,False,0.4530255099961671,False,False,False,False,False,False,False,,
frame_000158.jpg,,32.36076589330203,158,True,0.03899447012767162,0.010694982782082406,0.05413658647306117,0.3007588137392287,False,False,False,False,False,0.8433957290528984,0.17685846721195364,0.18,True,False,False,True,True,,32.36076589330203,31.772143697711773,32.36076589330203,True,False,False,False,0.37140773358117796,0.5482714256589775,0.37140773358117796,False,right_only,left,none,none,0,moving_average,4,2.0,peak,20,-1,-1,20,False,0.3714077335811784,False,False,False,False,False,False,False,,
frame_000159.jpg,,32.27805310506542,159,True,0.055548203970718704,0.01899694465090139,0.009236299811131325,0.10741326072974927,False,False,False,False,False,0.8433957290528984,0.17685846721195364,0.18,True,False,False,True,True,,32.27805310506542,31.636473027203568,32.27805310506542,True,False,False,False,0.30910905232591823,0.5095451671895788,0.30910905232591823,False,right_only,left,none,none,0,moving_average,4,2.0,peak,20,-1,-1,20,False,0.3091090523259177,False,False,False,False,False,False,False,,
frame_000160.jpg,31.50080235669536,32.20023426565452,160,True,0.06241751694381161,0.02581996373908578,0.007506234335974137,0.14599223970510947,False,False,False,False,False,0.8433957290528984,0.17685846721195364,0.18,False,False,True,True,True,31.50080235669536,32.20023426565452,31.50080235669536,32.20023426565452,False,False,False,False,0.2468103710706569,0.47311026331239364,0.2468103710706569,False,both,left,none,none,0,moving_average,4,2.0,peak,20,-1,-1,20,False,0.27444346175527984,False,False,False,False,False,False,False,,
frame_000161.jpg,,32.464348086807995,161,True,0.11900964697767161,0.09459736994964298,0.018491081794705662,0.5348761155793239,False,False,False,False,False,0.8433957290528984,0.17685846721195364,0.18,True,False,False,True,True,,32.464348086807995,31.545665199859897,32.464348086807995,True,False,False,False,0.2674109618692644,0.5967687727326144,0.2674109618692644,False,right_only,left,none,none,0,moving_average,4,2.0,peak,20,-1,-1,20,False,0.2674109618692649,False,False,False,False,False,False,False,,
frame_000162.jpg,,32.88961326019969,162,True,0.08808361713987653,0.0,9.332812300755222e-16,0.10443924969692592,False,False,False,False,False,0.8433957290528984,0.17685846721195364,0.18,True,False,False,True,True,,32.88961326019969,31.590528043024438,32.88961326019969,True,False,False,False,0.2880115526678735,0.7958786005344342,0.2880115526678735,False,right_only,left,none,none,0,moving_average,4,2.0,peak,20,-1,-1,20,False,0.2880115526678729,False,False,False,False,False,False,False,,
frame_000163.jpg,,32.82948072957479,163,True,0.15811354201383596,0.0,0.0,0.18747254292050008,False,False,False,False,False,0.8433957290528984,0.17685846721195364,0.18,True,False,False,True,True,,32.82948072957479,31.635390886188976,32.82948072957479,True,False,False,False,0.3086121434664809,0.7677244544459575,0.3086121434664809,False,right_only,left,none,none,0,moving_average,4,2.0,peak,20,-1,-1,20,False,0.3086121434664809,False,False,False,False,False,False,False,,
frame_000164.jpg,,32.82948072957479,164,True,0.0,0.0,0.0,0.0,False,False,False,False,True,0.8433957290528984,0.17685846721195364,0.18,True,False,False,True,True,,32.82948072957479,31.680253729353513,32.82948072957479,True,False,False,True,0.3292127342650884,0.7677244544459575,0.3292127342650884,False,right_only,left,none,none,0,moving_average,4,2.0,peak,20,-1,-1,20,False,0.3292127342650889,False,False,False,False,False,False,False,,
frame_000165.jpg,,32.63563484498169,165,True,0.895425048717459,8.881784197001256e-16,1.8839096949108125e-15,1.0616902811720277,True,False,False,True,True,0.8433957290528984,0.17685846721195364,0.18,True,False,False,True,True,,32.63563484498169,31.725116572518054,32.63563484498169,True,False,False,True,0.3498133250636975,0.6769655042276795,0.3498133250636975,False,right_only,left,none,none,0,moving_average,4,2.0,peak,20,-1,-1,20,False,0.3498133250636969,False,False,False,False,False,False,False,,
frame_000166.jpg,,,166,True,0.6362065204084965,0.5750265527460514,0.002397812921253493,3.2513374214473916,False,True,False,True,True,0.8433957290528984,0.17685846721195364,0.18,True,True,False,False,False,,,31.76997941568259,32.662521655636326,True,True,False,False,0.37041391586230493,0.689553951564876,0.37041391586230493,False,missing,left,none,none,0,moving_average,4,2.0,peak,20,-1,-1,20,False,0.37041391586230493,False,False,False,False,False,False,False,,
frame_000167.jpg,,,167,False,,,,0.0,False,False,False,False,True,0.8433957290528984,0.17685846721195364,0.18,True,True,False,False,False,,,31.81484225884713,32.68940846629096,True,True,False,False,0.3910145066609124,0.7021423989020725,0.3910145066609124,False,missing,left,none,none,0,moving_average,4,2.0,peak,20,-1,-1,20,False,0.391014506660913,False,False,False,False,False,False,False,,
frame_000168.jpg,,,168,False,,,,0.0,False,False,False,False,False,0.8433957290528984,0.17685846721195364,0.18,True,True,False,False,False,,,31.85970510201167,32.71629527694561,True,True,False,False,0.4116150974595215,0.7147308462392724,0.4116150974595215,False,missing,left,none,none,0,moving_average,4,2.0,peak,20,-1,-1,20,False,0.41161509745952096,False,False,False,False,False,False,False,,
frame_000169.jpg,,,169,False,,,,0.0,False,False,False,False,False,0.8433957290528984,0.17685846721195364,0.18,True,True,False,False,False,,,31.904567945176208,32.743182087600246,True,True,False,False,0.432215688258129,0.7273192935764689,0.432215688258129,False,missing,left,none,none,0,moving_average,4,2.0,peak,20,-1,-1,20,False,0.4322156882581295,False,False,False,False,False,False,False,,
frame_000170.jpg,,,170,False,,,,0.0,False,False,False,False,False,0.8433957290528984,0.17685846721195364,0.18,True,True,False,False,False,,,31.94943078834075,32.770068898254884,True,True,False,False,0.4528162790567381,0.7399077409136654,0.4528162790567381,False,missing,left,none,none,0,moving_average,4,2.0,peak,20,-1,-1,20,False,0.4528162790567375,False,False,False,False,False,False,False,,
frame_000171.jpg,,,171,False,,,,0.0,False,False,False,False,False,0.8433957290528984,0.17685846721195364,0.18,True,True,False,False,False,,,31.994293631505286,32.79695570890952,True,True,False,False,0.47341686985534553,0.7524961882508618,0.47341686985534553,False,missing,left,none,none,0,moving_average,4,2.0,peak,20,-1,-1,20,False,0.4734168698553455,False,False,False,False,False,False,False,,
frame_000172.jpg,,,172,False,,,,0.0,False,False,False,False,False,0.8433957290528984,0.17685846721195364,0.18,True,True,False,False,False,,,32.039156474669824,32.82384251956416,True,True,False,False,0.494017460653953,0.7650846355880584,0.494017460653953,False,missing,left,none,none,0,moving_average,4,2.0,peak,20,-1,-1,20,False,0.4940174606539529,False,False,False,False,False,False,False,,
frame_000173.jpg,,,173,False,,,,0.0,False,False,False,False,False,0.8433957290528984,0.17685846721195364,0.18,True,True,False,False,False,,,32.08401931783436,32.850729330218805,True,True,False,False,0.5146180514525605,0.7776730829252582,0.5146180514525605,False,missing,left,none,none,0,moving_average,4,2.0,peak,20,-1,-1,20,False,0.5146180514525605,False,False,False,False,False,False,False,,
frame_000174.jpg,,,174,False,,,,0.0,False,False,False,False,False,0.8433957290528984,0.17685846721195364,0.18,True,True,False,False,False,,,32.1288821609989,32.87761614087344,True,True,False,False,0.535218642251168,0.7902615302624547,0.535218642251168,False,missing,left,none,none,0,moving_average,4,2.0,peak,20,-1,-1,20,False,0.535218642251169,False,False,False,False,False,False,False,,
frame_000175.jpg,,32.90450295152808,175,True,,,,0.0,False,False,False,False,False,0.8433957290528984,0.17685846721195364,0.18,True,False,False,True,True,,32.90450295152808,32.17374500416344,32.90450295152808,True,False,False,False,0.5558192330497786,0.8028499775996512,0.5558192330497786,False,right_only,left,none,none,0,moving_average,4,2.0,peak,20,-1,-1,20,False,0.5558192330497775,False,False,False,False,False,False,False,,
frame_000176.jpg,,32.80616119611192,176,True,0.4921939472931824,0.0,0.0,0.5835860087243951,False,False,False,False,False,0.8433957290528984,0.17685846721195364,0.18,True,False,False,True,True,,32.80616119611192,32.21860784732798,32.80616119611192,True,False,False,False,0.5764198238483862,0.7568062119405132,0.5764198238483862,False,right_only,left,none,none,0,moving_average,4,2.0,peak,20,-1,-1,20,False,0.5764198238483862,True,False,False,False,False,False,False,14,
frame_000177.jpg,32.26347069049252,32.98685356643405,177,True,0.6517348101223824,0.02845941608223063,0.00516510413379935,0.7727509017080938,False,False,False,False,False,0.8433957290528984,0.17685846721195364,0.18,False,False,True,True,True,32.26347069049252,32.98685356643405,32.26347069049252,32.98685356643405,False,False,False,False,0.5970204146469936,0.8414066659419603,0.5970204146469936,False,both,left,none,none,0,moving_average,4,2.0,peak,20,-1,-1,20,False,0.5146746370065274,False,False,False,False,False,False,False,,
frame_000178.jpg,31.770349102483,32.38506696662748,178,True,0.4860799482963565,0.04056237536098362,0.012924038316417946,0.5763367438938847,False,False,False,False,False,0.8433957290528984,0.17685846721195364,0.18,False,False,True,True,True,31.770349102483,32.38506696662748,31.770349102483,32.38506696662748,False,False,False,False,0.37058367252420255,0.5596492266828399,0.37058367252420255,False,both,left,none,none,0,moving_average,4,2.0,peak,20,-1,-1,20,False,0.4182473303503177,False,False,False,False,False,False,False,,
frame_000179.jpg,31.58862545833911,32.20279499951991,179,True,0.2611978077203059,0.05552646215043634,0.0027295941399954407,0.31395987438866246,False,False,False,False,False,0.8433957290528984,0.17685846721195364,0.18,False,False,True,True,True,31.58862545833911,32.20279499951991,31.58862545833911,32.20279499951991,False,False,False,False,0.28713790387975696,0.47430920296436907,0.28713790387975696,False,both,left,none,none,0,moving_average,4,2.0,peak,20,-1,-1,20,False,0.2891889368509333,False,False,False,False,False,False,False,,
frame_000180.jpg,31.42030169744285,32.110776854764325,180,True,0.11573465740997164,0.06749167829408707,0.010386158662614754,0.3816140632565959,False,False,False,False,False,0.8433957290528984,0.17685846721195364,0.18,False,False,True,True,True,31.42030169744285,32.110776854764325,31.42030169744285,32.110776854764325,False,False,False,False,0.20984523414884024,0.43122616183310747,0.20984523414884024,False,both,left,none,none,0,moving_average,4,2.0,peak,20,-1,-1,20,False,0.23482719720872963,False,False,False,False,False,False,False,,
frame_000181.jpg,31.41519100674269,32.09548170685663,181,True,0.004182114148184032,0.003830831675960516,0.0062403681775458145,0.034668712097476746,False,False,False,False,False,0.8433957290528984,0.17685846721195364,0.18,False,False,True,True,True,31.41519100674269,32.09548170685663,31.41519100674269,32.09548170685663,False,False,False,False,0.20749845359759167,0.4240649493552186,0.20749845359759167,False,both,left,none,none,0,moving_average,4,2.0,peak,20,-1,-1,20,False,0.2291836595329393,False,False,False,False,False,False,False,,
frame_000182.jpg,31.551754892618355,32.04052108438589,182,True,0.16784974239077893,0.01576043201938044,0.011125240908769485,0.1990165904435725,False,False,False,False,False,0.8433957290528984,0.17685846721195364,0.18,False,False,True,True,True,31.551754892618355,32.04052108438589,31.551754892618355,32.04052108438589,False,False,False,False,0.270207290852386,0.3983322988568166,0.270207290852386,False,both,left,none,none,0,moving_average,4,2.0,peak,20,-1,-1,20,False,0.25159040726911686,False,False,False,False,False,False,False,,
frame_000183.jpg,31.566690277169908,32.160255253236734,183,True,0.10670726604820603,0.016371353570311054,0.028568041711922388,0.15871134284401328,False,False,False,False,False,0.8433957290528984,0.17685846721195364,0.18,False,False,True,True,True,31.566690277169908,32.160255253236734,31.566690277169908,32.160255253236734,False,False,False,False,0.277065477357373,0.4543920263716488,0.277065477357373,False,both,left,none,none,0,moving_average,4,2.0,peak,20,-1,-1,20,False,0.317185687371351,False,False,False,False,False,False,False,,
frame_000184.jpg,31.843740477822813,32.603894191335655,184,True,0.024425870531240006,0.017872434941989836,0.013288660573940587,0.1010550143498126,False,False,False,False,False,0.8433957290528984,0.17685846721195364,0.18,False,False,True,True,True,31.843740477822813,32.603894191335655,31.843740477822813,32.603894191335655,False,False,False,False,0.4042842939042941,0.6621044799134271,0.4042842939042941,False,both,left,none,none,0,moving_average,4,2.0,peak,20,-1,-1,20,False,0.4424005168662496,False,False,False,False,False,False,False,,
frame_000185.jpg,32.36981297344053,33.03200222933216,185,True,0.019675437413880583,0.03113986199726573,0.031799028358040306,0.1766612686557795,False,False,False,False,False,0.8433957290528984,0.17685846721195364,0.18,False,False,True,True,True,32.36981297344053,33.03200222933216,32.36981297344053,33.03200222933216,False,False,False,False,0.6458517793370816,0.8625453414263143,0.6458517793370816,False,both,left,none,none,0,moving_average,4,2.0,peak,20,-1,-1,20,False,0.564596193463093,False,False,False,False,False,False,False,,
frame_000186.jpg,32.36502351840675,33.1082849070347,186,True,0.018304694447414106,0.008076999178735975,0.001433566278226912,0.04566928180518609,False,False,False,False,False,0.8433957290528984,0.17685846721195364,0.18,False,False,True,True,True,32.36502351840675,33.1082849070347,32.36502351840675,33.1082849070347,False,False,False,False,0.6436525071479033,0.8982610119583699,0.6436525071479033,False,both,left,none,none,0,moving_average,4,2.0,peak,20,-1,-1,20,False,0.6377904916551869,True,False,False,False,False,False,False,15,
frame_000187.jpg,,33.16664128232445,187,True,0.020660091976168492,0.0002504682001004834,0.017881396070188727,0.09934108927882626,False,False,False,False,False,0.8433957290528984,0.17685846721195364,0.18,True,False,False,True,True,,33.16664128232445,32.32193613042792,33.16664128232445,True,False,False,False,0.623867188480576,0.9255835593055001,0.623867188480576,False,right_only,left,none,none,0,moving_average,4,2.0,peak,20,-1,-1,20,False,0.623867188480576,False,False,False,False,False,False,False,,
frame_000188.jpg,,33.030246067143175,188,True,0.07886452550032144,0.0,0.0,0.09350832922628542,False,False,False,False,False,0.8433957290528984,0.17685846721195364,0.18,True,False,False,True,True,,33.030246067143175,32.27884874244909,33.030246067143175,True,False,False,False,0.6040818698132486,0.8617231035076727,0.6040818698132486,False,right_only,left,none,none,0,moving_average,4,2.0,peak,20,-1,-1,20,False,0.6040818698132486,False,False,False,False,False,False,False,,
frame_000189.jpg,,33.116930126274674,189,True,0.02153591771576655,2.2204460492503128e-16,1.863093013199091e-15,0.025534772081369884,False,False,False,False,False,0.8433957290528984,0.17685846721195364,0.18,True,False,False,True,True,,33.116930126274674,32.23576135447026,33.116930126274674,True,False,False,False,0.5842965511459213,0.9023087173005485,0.5842965511459213,False,right_only,left,none,none,0,moving_average,4,2.0,peak,20,-1,-1,20,False,0.5842965511459213,False,False,False,False,False,False,False,,
frame_000190.jpg,,33.14619465716295,190,True,0.008361865953617141,1.1102230246251565e-16,1.863093013199091e-15,0.009914522525513855,False,False,False,False,False,0.8433957290528984,0.17685846721195364,0.18,True,False,False,True,True,,33.14619465716295,32.192673966491434,33.14619465716295,True,False,False,False,0.5645112324785939,0.9160104170174426,0.5645112324785939,False,right_only,left,none,none,0,moving_average,4,2.0,peak,20,-1,-1,20,False,0.5645112324785939,False,False,False,False,False,False,False,,
frame_000191.jpg,32.149586578512604,32.80654393554927,191,True,0.06172014719677,0.0028516614577187988,0.0007916748776403415,0.07318053088326568,False,False,False,False,False,0.8433957290528984,0.17685846721195364,0.18,False,False,True,True,True,32.149586578512604,32.80654393554927,32.149586578512604,32.80654393554927,False,False,False,False,0.5447259138112666,0.756985411151339,0.5447259138112666,False,both,left,none,none,0,moving_average,4,2.0,peak,20,-1,-1,20,False,0.5018343550870412,False,False,False,False,False,False,False,,
frame_000192.jpg,,32.60629848460948,192,True,0.0739063310074753,0.0028516614577189154,0.0007916748776403415,0.08762948217732774,False,False,False,False,False,0.8433957290528984,0.17685846721195364,0.18,True,False,False,True,True,,32.60629848460948,31.826278498184863,32.60629848460948,True,False,False,False,0.3962659189712631,0.6632301738326322,0.3962659189712631,False,right_only,left,none,none,0,moving_average,4,2.0,peak,20,-1,-1,20,False,0.3962659189712625,False,False,False,False,False,False,False,,
frame_000193.jpg,31.502970417857117,32.30179447948462,193,True,0.21438064768935028,0.03392895861804703,0.017834943922297536,0.2541874950328379,False,False,False,False,False,0.8433957290528984,0.17685846721195364,0.18,False,False,True,True,True,31.502970417857117,32.30179447948462,31.502970417857117,32.30179447948462,False,False,False,False,0.247805924131258,0.520660916298975,0.247805924131258,False,both,left,none,none,0,moving_average,4,2.0,peak,20,-1,-1,20,False,0.2842878996161593,False,False,False,False,False,False,False,,
frame_000194.jpg,31.41800770740424,32.12600236175705,194,True,0.1265409446782167,0.06543637167748574,0.036138960827461514,0.3699928689253221,False,False,False,False,False,0.8433957290528984,0.17685846721195364,0.18,False,False,True,True,True,31.41800770740424,32.12600236175705,31.41800770740424,32.12600236175705,False,False,False,False,0.20879185574595682,0.43835476832429837,0.20879185574595682,False,both,left,none,none,0,moving_average,4,2.0,peak,20,-1,-1,20,False,0.20319133538438636,False,False,False,False,False,False,False,,
frame_000195.jpg,31.296455473513337,32.20158162061616,195,True,0.07492001806407464,0.06295828511445471,0.02426984920131709,0.35598117583481714,False,False,False,False,False,0.8433957290528984,0.17685846721195364,0.18,False,False,True,True,True,31.296455473513337,32.20158162061616,31.296455473513337,32.20158162061616,False,False,False,False,0.15297622627594426,0.4737410970396421,0.15297622627594426,False,both,left,none,none,0,moving_average,4,2.0,peak,20,-1,-1,20,False,0.16648742159387744,False,False,False,False,False,False,False,,
frame_000196.jpg,31.263175072567368,32.21367264106192,196,True,0.005763307306913345,0.0010007475727073758,0.0004817484226291441,0.0068334556464796446,False,False,False,False,False,0.8433957290528984,0.17685846721195364,0.18,False,False,True,True,True,31.263175072567368,32.21367264106192,31.263175072567368,32.21367264106192,False,False,False,False,0.13769418275973125,0.47940213196451686,0.13769418275973125,False,both,left,none,none,0,moving_average,4,2.0,peak,20,-1,-1,20,False,0.14053689341709008,False,False,False,False,False,False,False,,
frame_000197.jpg,31.2484667723388,32.21835745405788,197,True,0.013086452210008257,0.013324427083070502,0.003144563922221233,0.07533949204197288,False,False,False,False,False,0.8433957290528984,0.17685846721195364,0.18,False,False,True,True,True,31.2484667723388,32.21835745405788,31.2484667723388,32.21835745405788,False,False,False,False,0.1309402712155947,0.4815955688299675,0.1309402712155947,False,both,left,none,none,0,moving_average,4,2.0,peak,20,-1,-1,20,False,0.1331915750636402,False,False,False,False,False,False,False,,
frame_000198.jpg,31.2484667723388,32.21835745405788,198,True,0.0,0.0,0.0,0.0,False,False,False,False,False,0.8433957290528984,0.17685846721195364,0.18,False,False,True,True,True,31.2484667723388,32.21835745405788,31.2484667723388,32.21835745405788,False,False,False,False,0.1309402712155947,0.4815955688299675,0.1309402712155947,False,both,left,none,none,0,moving_average,4,2.0,peak,20,-1,-1,20,False,0.12414197083763716,False,False,False,False,False,False,False,,
frame_000199.jpg,31.204051868908603,32.20100189305358,199,True,0.005540006898970466,0.010663075276899216,0.0032344124144731462,0.06029157351069993,False,False,False,False,False,0.8433957290528984,0.17685846721195364,0.18,False,False,True,True,True,31.204051868908603,32.20100189305358,31.204051868908603,32.20100189305358,False,False,False,False,0.11054537008172209,0.4734696676765535,0.11054537008172209,False,both,left,none,none,0,moving_average,4,2.0,peak,20,-1,-1,20,False,0.2705123482555585,False,False,False,False,False,False,False,,
frame_000200.jpg,32.20473904873559,32.82283671395159,200,True,0.023236285782153136,0.026720945491562655,0.02097414232828881,0.15108660565026438,False,False,False,False,False,0.8433957290528984,0.17685846721195364,0.18,False,False,True,True,True,32.20473904873559,32.82283671395159,32.20473904873559,32.82283671395159,False,False,False,False,0.5700514034693588,0.7646137158070568,0.5700514034693588,False,both,left,none,none,0,moving_average,4,2.0,peak,20,-1,-1,20,False,0.41688272567347984,False,False,False,False,False,False,False,,
frame_000201.jpg,32.20473904873559,32.82283671395159,201,True,0.0,0.0,0.0,0.0,False,False,False,False,False,0.8433957290528984,0.17685846721195364,0.18,False,False,True,True,True,32.20473904873559,32.82283671395159,32.20473904873559,32.82283671395159,False,False,False,False,0.5700514034693588,0.7646137158070568,0.5700514034693588,False,both,left,none,none,0,moving_average,4,2.0,peak,20,-1,-1,20,False,0.5848423549607947,False,False,False,False,False,False,False,,
frame_000202.jpg,32.30137183128561,32.93290612844664,202,True,0.029787899394442895,0.021078329687363208,0.012383535930362092,0.11918190867334708,False,False,False,False,False,0.8433957290528984,0.17685846721195364,0.18,False,False,True,True,True,32.30137183128561,32.93290612844664,32.30137183128561,32.93290612844664,False,False,False,False,0.6144242579436667,0.816148390023539,0.6144242579436667,False,both,left,none,none,0,moving_average,4,2.0,peak,20,-1,-1,20,False,0.6098667955699886,False,False,False,False,False,False,False,,
frame_000203.jpg,32.36822963480263,33.01170564707177,203,True,0.025161827443872974,0.000918703755689315,0.00207893257057145,0.02983395169919672,False,False,False,False,False,0.8433957290528984,0.17685846721195364,0.18,False,False,True,True,True,32.36822963480263,33.01170564707177,32.36822963480263,33.01170564707177,False,False,False,False,0.6451247252969403,0.8530424494622253,0.6451247252969403,False,both,left,none,none,0,moving_average,4,2.0,peak,20,-1,-1,20,False,0.6357941868253726,False,False,False,False,False,False,False,,
frame_000204.jpg,32.374128824824126,33.09278370858453,204,True,0.009593784324571137,0.00442717154552206,0.006309086424543198,0.0350504801363511,False,False,False,False,False,0.8433957290528984,0.17685846721195364,0.18,False,False,True,True,True,32.374128824824126,33.09278370858453,32.374128824824126,33.09278370858453,False,False,False,False,0.6478335772355108,0.8910033262901076,0.6478335772355108,False,both,left,none,none,0,moving_average,4,2.0,peak,20,-1,-1,20,False,0.695615268458021,True,False,False,False,False,False,False,16,
frame_000205.jpg,32.692197098792,33.24904982005974,205,True,0.14663208472471342,0.035756122886479724,0.0024865603852878555,0.2021736558625055,False,False,False,False,False,0.8433957290528984,0.17685846721195364,0.18,False,False,True,True,True,32.692197098792,33.24904982005974,32.692197098792,33.24904982005974,False,False,False,False,0.7938875028416122,0.9641673672082468,0.7938875028416122,False,both,left,none,none,0,moving_average,4,2.0,peak,20,-1,-1,20,False,0.6637348483588676,False,False,False,False,False,False,False,,
frame_000206.jpg,32.159947314031825,32.6802447010815,206,True,0.08781890244918979,0.07440323987922953,0.01526376644353896,0.4206936826499914,False,False,False,False,False,0.8433957290528984,0.17685846721195364,0.18,False,False,True,True,True,32.159947314031825,32.6802447010815,32.159947314031825,32.6802447010815,False,False,False,False,0.5494834649994799,0.6978519095156015,0.5494834649994799,False,both,left,none,none,0,moving_average,4,2.0,peak,20,-1,-1,20,False,0.6103369678929182,False,False,False,False,False,False,False,,
frame_000207.jpg,32.02526784893048,32.3715344323218,207,True,0.08462158609509736,0.05090826862018456,0.028242058002851962,0.2878475055377147,False,False,False,False,False,0.8433957290528984,0.17685846721195364,0.18,False,False,True,True,True,32.02526784893048,32.3715344323218,32.02526784893048,32.3715344323218,False,False,False,False,0.4876399358376629,0.5533132726853951,0.4876399358376629,False,both,left,none,none,0,moving_average,4,2.0,peak,20,-1,-1,20,False,0.5082544455582685,False,False,False,False,False,False,False,,
frame_000208.jpg,32.02526784893048,32.3715344323218,208,True,0.0,0.0,0.0,0.0,False,False,False,False,False,0.8433957290528984,0.17685846721195364,0.18,False,False,True,True,True,32.02526784893048,32.3715344323218,32.02526784893048,32.3715344323218,False,False,False,False,0.4876399358376629,0.5533132726853951,0.4876399358376629,False,both,left,none,none,0,moving_average,4,2.0,peak,20,-1,-1,20,False,0.46612496396268766,False,False,False,False,False,False,False,,
frame_000209.jpg,31.884705451712968,32.338173635737434,209,True,0.09437043146148323,0.046928747220555116,0.0009242238035766654,0.2653463414014212,False,False,False,False,False,0.8433957290528984,0.17685846721195364,0.18,False,False,True,True,True,31.884705451712968,32.338173635737434,31.884705451712968,32.338173635737434,False,False,False,False,0.4230950202127372,0.5376936948811082,0.4230950202127372,False,both,left,none,none,0,moving_average,4,2.0,peak,20,-1,-1,20,False,0.4422400739804191,False,False,False,False,False,False,False,,
frame_000210.jpg,31.869222216489323,32.25114879755943,210,True,0.22337620930454022,0.003339255472273856,0.01746516126007973,0.264853379747824,False,False,False,False,False,0.8433957290528984,0.17685846721195364,0.18,False,False,True,True,True,31.869222216489323,32.25114879755943,31.869222216489323,32.25114879755943,False,False,False,False,0.4159852658908573,0.4969485277988656,0.4159852658908573,False,both,left,none,none,0,moving_average,4,2.0,peak,20,-1,-1,20,False,0.4236212633651036,False,False,False,False,False,False,False,,
frame_000211.jpg,31.903626757850475,32.35870698385906,211,True,0.13468542380180112,0.02921322905586035,0.019408915795915225,0.1651785719755795,False,False,False,False,False,0.8433957290528984,0.17685846721195364,0.18,False,False,True,True,True,31.903626757850475,32.35870698385906,31.903626757850475,32.35870698385906,False,False,False,False,0.4317835039917162,0.5473074409964662,0.4317835039917162,False,both,left,none,none,0,moving_average,4,2.0,peak,20,-1,-1,20,False,0.4265174246247632,False,False,False,False,False,False,False,,
frame_000212.jpg,31.903626757850475,32.35870698385906,212,True,0.0,0.0,0.0,0.0,False,False,False,False,False,0.8433957290528984,0.17685846721195364,0.18,False,False,True,True,True,31.903626757850475,32.35870698385906,31.903626757850475,32.35870698385906,False,False,False,False,0.4317835039917162,0.5473074409964662,0.4317835039917162,False,both,left,none,none,0,moving_average,4,2.0,peak,20,-1,-1,20,False,0.42363821320944084,False,False,False,False,False,False,False,,
frame_000213.jpg,31.850411647691672,32.34840882762956,213,True,0.09808111858540541,0.01754042238972887,0.007535588353964066,0.11629311746165327,False,False,False,False,False,0.8433957290528984,0.17685846721195364,0.18,False,False,True,True,True,31.850411647691672,32.34840882762956,31.850411647691672,32.34840882762956,False,False,False,False,0.4073476316448902,0.5424858279375419,0.4073476316448902,False,both,left,none,none,0,moving_average,4,2.0,peak,20,-1,-1,20,False,0.41564029035973493,False,False,False,False,False,False,False,,
frame_000214.jpg,31.851374437231687,32.27487669084076,214,True,0.08993972785613859,0.05105090304871757,0.0010207785130621067,0.28865399465175906,False,False,False,False,False,0.8433957290528984,0.17685846721195364,0.18,False,False,True,True,True,31.851374437231687,32.27487669084076,31.851374437231687,32.27487669084076,False,False,False,False,0.4077897354425984,0.5080579650181569,0.4077897354425984,False,both,left,none,none,0,moving_average,4,2.0,peak,20,-1,-1,20,False,0.4692904759552678,False,False,False,False,False,False,False,,
frame_000215.jpg,32.2541361027985,32.580481706202804,215,True,0.05325924307460056,0.022754588960504123,0.005016195418737358,0.12865987882408927,False,False,False,False,False,0.8433957290528984,0.17685846721195364,0.18,False,False,True,True,True,32.2541361027985,32.580481706202804,32.2541361027985,32.580481706202804,False,False,False,False,0.592734060778315,0.6511427172888609,0.592734060778315,False,both,left,none,none,0,moving_average,4,2.0,peak,20,-1,-1,20,False,0.5929165068098671,False,False,False,False,False,False,False,,
frame_000216.jpg,32.658089731418144,33.01321345284037,216,True,0.07398384308323139,0.06325117727084094,0.03965919080407244,0.3576372580173864,False,False,False,False,False,0.8433957290528984,0.17685846721195364,0.18,False,False,True,True,True,32.658089731418144,33.01321345284037,32.658089731418144,33.01321345284037,False,False,False,False,0.778225724208688,0.8537484065114459,0.778225724208688,False,both,left,none,none,0,moving_average,4,2.0,peak,20,-1,-1,20,False,0.7644480040130168,False,False,False,False,False,False,False,,
frame_000217.jpg,32.97203025706236,33.325582309517934,217,True,0.09309938526761395,0.08732835536390021,0.016703407530188397,0.49377537157575113,False,False,False,False,False,0.8433957290528984,0.17685846721195364,0.18,False,False,True,True,True,32.97203025706236,33.325582309517934,32.97203025706236,33.325582309517934,False,False,False,False,0.9223842270520475,1.0,0.9223842270520475,False,both,left,none,none,0,moving_average,4,2.0,peak,20,-1,-1,20,False,0.8510447464676694,False,False,False,False,False,False,False,,
frame_000218.jpg,32.819893091995944,32.98391766894887,218,True,0.0993043966079699,0.03558805976158297,0.002243016449721767,0.20122338682791444,False,False,False,False,False,0.8433957290528984,0.17685846721195364,0.18,False,False,True,True,True,32.819893091995944,32.98391766894887,32.819893091995944,32.98391766894887,False,False,False,False,0.8525242881422729,0.8400320740889388,0.8525242881422729,False,both,left,none,none,0,moving_average,4,2.0,peak,20,-1,-1,20,False,0.8720287594242003,True,False,False,False,False,False,False,17,
frame_000219.jpg,32.79518324850724,32.743388848880706,219,True,0.10991162513483968,0.025907287452300608,0.007509831219777961,0.14648598882886602,False,False,False,False,False,0.8433957290528984,0.17685846721195364,0.18,False,False,True,True,True,32.79518324850724,32.743388848880706,32.79518324850724,32.743388848880706,False,False,False,False,0.8411777630782811,0.7274160995354898,0.8411777630782811,False,both,left,none,none,0,moving_average,4,2.0,peak,20,-1,-1,20,False,0.8454790264948905,False,False,False,False,False,False,False,,
frame_000220.jpg,32.79857457570173,,220,True,0.12055502308733262,0.12644783065888313,0.00864651906166368,0.7149662249834124,False,False,False,False,False,0.8433957290528984,0.17685846721195364,0.18,False,True,True,False,True,32.79857457570173,,32.79857457570173,32.50186330287746,False,True,False,False,0.8427350282641177,0.6143334563204221,0.8427350282641177,False,left_only,left,none,none,0,moving_average,4,2.0,peak,20,-1,-1,20,False,0.759710966037574,False,False,False,False,False,False,False,,
frame_000221.jpg,32.259550078180546,,221,True,0.22267995410150868,1.1102230246251565e-16,1.863093013199091e-15,0.26402784177194005,False,False,False,False,False,0.8433957290528984,0.17685846721195364,0.18,False,True,True,False,True,32.259550078180546,,32.259550078180546,32.260337756874215,False,True,False,False,0.5952201067703236,0.5012508131053546,0.5952201067703236,False,left_only,left,none,none,0,moving_average,4,2.0,peak,20,-1,-1,20,False,0.6298669010663327,False,False,False,False,False,False,False,,
frame_000222.jpg,31.946881278005808,32.01881221087097,222,True,0.21131645442339345,0.0766700410088682,0.018881314471116035,0.4335107174539969,False,False,False,False,False,0.8433957290528984,0.17685846721195364,0.18,False,False,True,True,True,31.946881278005808,32.01881221087097,31.946881278005808,32.01881221087097,False,False,False,False,0.45164556816455703,0.388168169890287,0.45164556816455703,False,both,left,none,none,0,moving_average,4,2.0,peak,20,-1,-1,20,False,0.47837090937595494,False,False,False,False,False,False,False,,
frame_000223.jpg,31.8088154496109,32.01566138386301,223,True,0.3143482916305375,0.09139549772607873,0.029701894712596228,0.5167719655545077,False,False,False,False,False,0.8433957290528984,0.17685846721195364,0.18,False,False,True,True,True,31.8088154496109,32.01566138386301,31.8088154496109,32.01566138386301,False,False,False,False,0.38824705319298436,0.3866929476942531,0.38824705319298436,False,both,left,none,none,0,moving_average,4,2.0,peak,20,-1,-1,20,False,0.38373976948635574,False,False,False,False,False,False,False,,
frame_000224.jpg,31.64130247127665,31.614282801340025,224,True,0.32128629422840255,0.049683344681811,0.009539374035656308,0.38094370550013923,False,False,False,False,False,0.8433957290528984,0.17685846721195364,0.18,False,False,True,True,True,31.64130247127665,31.614282801340025,31.64130247127665,31.614282801340025,False,False,False,False,0.3113266871015259,0.1987668595735098,0.3113266871015259,False,both,left,none,none,0,moving_average,4,2.0,peak,20,-1,-1,20,False,0.3407474549916236,False,False,False,False,False,False,False,,
frame_000225.jpg,31.66600232439036,31.67736680664158,225,True,0.2928882314399398,0.07334059804673912,0.0040035572936431285,0.41468525201479367,False,False,False,False,False,0.8433957290528984,0.17685846721195364,0.18,False,False,True,True,True,31.66600232439036,31.67736680664158,31.66600232439036,31.67736680664158,False,False,False,False,0.32266862468036067,0.2283028907807316,0.32266862468036067,False,both,left,none,none,0,moving_average,4,2.0,peak,20,-1,-1,20,False,0.3282023918684921,False,False,False,False,False,False,False,,
frame_000226.jpg,31.726855586680127,31.704314757098896,226,True,0.36468833753781843,0.04520044651976221,0.004648301131807128,0.43240477153868173,False,False,False,False,False,0.8433957290528984,0.17685846721195364,0.18,False,False,True,True,True,31.726855586680127,31.704314757098896,31.726855586680127,31.704314757098896,False,False,False,False,0.3506118638235897,0.24091996387038755,0.3506118638235897,False,both,left,none,none,0,moving_average,4,2.0,peak,20,-1,-1,20,False,0.32358488268704744,False,False,False,False,False,False,False,,
frame_000227.jpg,31.611135192253958,31.629674766133324,227,True,0.3449375088260817,0.012553545996138844,0.015855096122184595,0.4089865491889952,False,False,False,False,False,0.8433957290528984,0.17685846721195364,0.18,False,False,True,True,True,31.611135192253958,31.629674766133324,31.611135192253958,31.629674766133324,False,False,False,False,0.297474159557192,0.20597340187059707,0.297474159557192,False,both,left,none,none,0,moving_average,4,2.0,peak,20,-1,-1,20,False,0.280753163061219,False,False,False,False,False,False,False,,
frame_000228.jpg,31.386172575016733,31.41557551347071,228,True,0.25173216912921415,0.03434788628255796,0.013391626278017616,0.2984745599932073,False,False,False,False,False,0.8433957290528984,0.17685846721195364,0.18,False,False,True,True,True,31.386172575016733,31.41557551347071,31.386172575016733,31.41557551347071,False,False,False,False,0.1941734658028754,0.10573179264084875,0.1941734658028754,False,both,left,none,none,0,moving_average,4,2.0,peak,20,-1,-1,20,False,0.29569835073649753,False,False,False,False,False,False,False,,
frame_000229.jpg,31.824496030679324,32.475997009599084,229,True,0.15906370435190542,0.08617363444705094,0.012218908910227165,0.48724630381296535,False,False,False,False,False,0.8433957290528984,0.17685846721195364,0.18,False,False,True,True,True,31.824496030679324,32.475997009599084,31.824496030679324,32.475997009599084,False,False,False,False,0.39544742684942535,0.6022228168352903,0.39544742684942535,False,both,left,none,none,0,moving_average,4,2.0,peak,20,-1,-1,20,False,0.4281370699967011,False,False,False,False,False,False,False,,
frame_000230.jpg,32.47638865257962,32.98759429084721,230,True,0.3087699896086483,0.08557366129373635,0.0006844876559481579,0.48385391235570163,False,False,False,False,False,0.8433957290528984,0.17685846721195364,0.18,False,False,True,True,True,32.47638865257962,32.98759429084721,32.47638865257962,32.98759429084721,False,False,False,False,0.6947903173378026,0.8417534742855103,0.6947903173378026,False,both,left,none,none,0,moving_average,4,2.0,peak,20,-1,-1,20,False,0.672095376685786,False,False,False,False,False,False,False,,
frame_000231.jpg,32.980009862307305,32.98495775418168,231,True,0.43161821709868087,0.12073659734346501,0.017295792771546935,0.6826735482150813,False,False,False,False,False,0.8433957290528984,0.17685846721195364,0.18,False,False,True,True,True,32.980009862307305,32.98495775418168,32.980009862307305,32.98495775418168,False,False,False,False,0.92604838587013,0.8405190436424343,0.92604838587013,False,both,left,none,none,0,moving_average,4,2.0,peak,20,-1,-1,20,False,0.8674411626131362,False,False,False,False,False,False,False,,
frame_000232.jpg,33.10073622824265,33.2458419744168,232,True,0.6275137692296433,0.004469401101120403,0.01440728902646801,0.7440324246535106,False,False,False,False,False,0.8433957290528984,0.17685846721195364,0.18,False,False,True,True,True,33.10073622824265,33.2458419744168,33.10073622824265,33.2458419744168,False,False,False,False,0.9814847846314763,0.9626654487969961,0.9814847846314763,False,both,left,none,none,0,moving_average,4,2.0,peak,20,-1,-1,20,False,0.9316226051709336,True,False,False,False,False,False,False,18,
frame_000233.jpg,32.895701188762644,33.2731838891494,233,True,0.5728162467897474,0.01337785019488108,0.006803591988834483,0.6791785007412813,False,False,False,False,True,0.8433957290528984,0.17685846721195364,0.18,False,False,True,True,True,32.895701188762644,33.2731838891494,32.895701188762644,33.2731838891494,False,False,True,True,0.8873346450111947,0.9754669765843803,0.8873346450111947,False,both,left,none,none,0,moving_average,4,2.0,peak,20,-1,-1,20,False,0.7602311443442646,False,False,False,False,False,False,False,,
frame_000234.jpg,31.860268933227605,32.38349762830806,234,True,0.9334273105111364,0.07387921275259506,0.008090036885295884,1.1067489179241399,True,False,False,True,True,0.8433957290528984,0.17685846721195364,0.18,False,False,True,True,True,31.860268933227605,32.38349762830806,31.860268933227605,32.38349762830806,False,False,True,True,0.41187400339012326,0.5589144599958561,0.41187400339012326,False,both,left,none,none,0,moving_average,4,2.0,peak,20,-1,-1,20,False,0.5455845388153897,False,False,False,False,False,False,False,,
frame_000235.jpg,31.698399213671227,32.27301452030656,235,True,0.22368099222538232,0.05436439004895151,0.01132162994660528,0.30738924127279266,False,False,False,False,True,0.8433957290528984,0.17685846721195364,0.18,False,False,True,True,True,31.698399213671227,32.27301452030656,31.698399213671227,32.27301452030656,False,False,True,True,0.33754496804485135,0.507186093824366,0.33754496804485135,False,both,left,none,none,0,moving_average,4,2.0,peak,20,-1,-1,20,False,0.362321313159942,False,False,False,False,False,False,False,,
frame_000236.jpg,31.698399213671227,32.27301452030656,236,True,0.0,0.0,0.0,0.0,False,False,False,False,False,0.8433957290528984,0.17685846721195364,0.18,False,False,True,True,True,31.698399213671227,32.27301452030656,31.698399213671227,32.27301452030656,False,False,False,False,0.33754496804485135,0.507186093824366,0.33754496804485135,False,both,left,none,none,0,moving_average,4,2.0,peak,20,-1,-1,20,False,0.3101647633423398,False,False,False,False,False,False,False,,
frame_000237.jpg,31.519517863899733,32.162718301036975,237,True,0.2619284310644602,0.03263671892452917,0.03580400298179822,0.310564094696799,False,False,False,False,False,0.8433957290528984,0.17685846721195364,0.18,False,False,True,True,True,31.519517863899733,32.162718301036975,31.519517863899733,32.162718301036975,False,False,False,False,0.25540435393731664,0.4555452292531881,0.25540435393731664,False,both,left,none,none,0,moving_average,4,2.0,peak,20,-1,-1,20,False,0.2827845586398282,False,False,False,False,False,False,False,,
frame_000238.jpg,31.519517863899733,32.162718301036975,238,True,0.0,0.0,0.0,0.0,False,False,False,False,False,0.8433957290528984,0.17685846721195364,0.18,False,False,True,True,True,31.519517863899733,32.162718301036975,31.519517863899733,32.162718301036975,False,False,False,False,0.25540435393731664,0.4555452292531881,0.25540435393731664,False,both,left,none,none,0,moving_average,4,2.0,peak,20,-1,-1,20,False,0.2669441974462421,False,False,False,False,False,False,False,,
frame_000239.jpg,31.59491038946544,32.11780969054804,239,True,0.3838937887797065,0.019696035767228882,0.017946052391833108,0.4551763490796956,False,False,False,False,True,0.8433957290528984,0.17685846721195364,0.18,False,False,True,True,True,31.59491038946544,32.11780969054804,31.59491038946544,32.11780969054804,False,False,True,True,0.29002388446409305,0.43451894668705293,0.29002388446409305,False,both,left,none,none,0,moving_average,4,2.0,peak,20,-1,-1,20,False,0.42317603276713067,False,False,False,False,False,False,False,,
frame_000240.jpg,32.54021737594227,32.972233964177576,240,True,0.9561543511061541,0.0032669945088435737,0.0256826443822155,1.133695984185122,True,False,False,True,True,0.8433957290528984,0.17685846721195364,0.18,False,False,True,True,True,32.54021737594227,32.972233964177576,32.54021737594227,32.972233964177576,False,False,True,True,0.7240998598999824,0.8345617450080365,0.7240998598999824,False,both,left,none,none,0,moving_average,4,2.0,peak,20,-1,-1,20,False,0.516843465529098,False,False,False,False,False,False,False,,
frame_000241.jpg,32.131469344326554,,241,True,0.37888482694421544,0.005965867886627632,0.019072062388707605,0.4492373080542971,False,False,False,False,True,0.8433957290528984,0.17685846721195364,0.18,False,True,True,False,True,32.131469344326554,,32.131469344326554,32.66312955961747,False,True,True,False,0.5364066522232185,0.6898385731717659,0.5364066522232185,False,left_only,left,none,none,0,moving_average,4,2.0,peak,20,-1,-1,20,False,0.6006397233529684,True,False,False,False,False,False,False,19,
frame_000242.jpg,32.142371150558986,,242,True,0.12467048749897956,0.0,0.0,0.14781968085015065,False,False,False,False,False,0.8433957290528984,0.17685846721195364,0.18,False,True,True,False,True,32.142371150558986,,32.142371150558986,32.35402515505736,False,True,False,False,0.5414126579357047,0.5451154013354953,0.5414126579357047,False,left_only,left,none,none,0,moving_average,4,2.0,peak,20,-1,-1,20,False,0.5396702445899886,False,False,False,False,False,False,False,,
frame_000243.jpg,32.141889358512,,243,True,0.13691671147512213,0.0,9.298117831235686e-16,0.16233982074924003,False,False,False,False,False,0.8433957290528984,0.17685846721195364,0.18,False,True,True,False,True,32.141889358512,,32.141889358512,32.04492075049724,False,True,False,False,0.5411914236110427,0.40039222949922143,0.5411914236110427,False,left_only,left,none,none,0,moving_average,4,2.0,peak,20,-1,-1,20,False,0.5235386404469461,False,False,False,False,False,False,False,,
frame_000244.jpg,32.026077761084586,31.73581634593713,244,True,0.2559624818761911,0.0035116111472479525,0.014060177137220197,0.30349037001127255,False,False,False,False,False,0.8433957290528984,0.17685846721195364,0.18,False,False,True,True,True,32.026077761084586,31.73581634593713,32.026077761084586,31.73581634593713,False,False,False,False,0.4880118397940911,0.2556690576629509,0.4880118397940911,False,both,left,none,none,0,moving_average,4,2.0,peak,20,-1,-1,20,False,0.5057383677330749,False,False,False,False,False,False,False,,
frame_000245.jpg,32.026077761084586,31.73581634593713,245,True,0.0,0.0,0.0,0.0,False,False,False,False,False,0.8433957290528984,0.17685846721195364,0.18,False,False,True,True,True,32.026077761084586,31.73581634593713,32.026077761084586,31.73581634593713,False,False,False,False,0.4880118397940911,0.2556690576629509,0.4880118397940911,False,both,left,none,none,0,moving_average,4,2.0,peak,20,-1,-1,20,False,0.5014227823584749,False,False,False,False,False,False,False,,
frame_000246.jpg,32.113694619091675,32.2793223623723,246,True,0.38505523734324804,0.1554219131531138,0.03892489656910732,0.8787926052013699,False,False,False,False,False,0.8433957290528984,0.17685846721195364,0.18,False,False,True,True,True,32.113694619091675,32.2793223623723,32.113694619091675,32.2793223623723,False,False,False,False,0.5282446674872426,0.5101394354711631,0.5282446674872426,False,both,left,none,none,0,moving_average,4,2.0,peak,20,-1,-1,20,False,0.5428660563838674,False,False,False,False,False,False,False,,
frame_000247.jpg,,32.25588799637665,247,True,0.29330498919287395,0.15191030200586586,0.024864719431886187,0.8589371173493832,False,False,False,False,True,0.8433957290528984,0.17685846721195364,0.18,True,False,False,True,True,,32.25588799637665,32.29683646713371,32.25588799637665,True,False,False,True,0.6123416618702687,0.49916742819197635,0.6123416618702687,False,right_only,left,none,none,0,moving_average,4,2.0,peak,20,-1,-1,20,False,0.6123416618702687,False,False,False,False,False,False,False,,
frame_000248.jpg,32.47997831517574,32.46127747147184,248,True,0.24021284580778524,0.2762638810356566,0.010877761953600672,1.5620619436024619,False,True,False,True,True,0.8433957290528984,0.17685846721195364,0.18,False,False,True,True,True,32.47997831517574,32.46127747147184,32.47997831517574,32.46127747147184,False,False,True,True,0.6964386562532949,0.5953311057683728,0.6964386562532949,False,both,left,none,none,0,moving_average,4,2.0,peak,20,-1,-1,20,False,0.6883176872491754,False,False,False,False,False,False,False,,
frame_000249.jpg,32.61006395298513,32.85627440490917,249,True,0.29685505364393916,0.12729631936126423,0.02337658680553072,0.7197637826901874,False,False,False,False,True,0.8433957290528984,0.17685846721195364,0.18,False,False,True,True,True,32.61006395298513,32.85627440490917,32.61006395298513,32.85627440490917,False,False,True,True,0.7561727436239625,0.7802692956786839,0.7561727436239625,False,both,left,none,none,0,moving_average,4,2.0,peak,20,-1,-1,20,False,0.7624057819037544,False,False,False,False,False,False,False,,
frame_000250.jpg,32.780871503314195,32.916377649645085,250,True,0.44155717232914565,0.12925850638649058,0.03089445352272722,0.7308584566187746,False,False,False,False,False,0.8433957290528984,0.17685846721195364,0.18,False,False,True,True,True,32.780871503314195,32.916377649645085,32.780871503314195,32.916377649645085,False,False,False,False,0.8346059458340059,0.8084097300675489,0.8346059458340059,False,both,left,none,none,0,moving_average,4,2.0,peak,20,-1,-1,20,False,0.8084615450973247,True,False,False,False,False,False,False,20,
frame_000251.jpg,32.780871503314195,32.916377649645085,251,True,0.0,0.0,0.0,0.0,False,False,False,False,True,0.8433957290528984,0.17685846721195364,0.18,False,False,True,True,True,32.780871503314195,32.916377649645085,32.780871503314195,32.916377649645085,False,False,True,True,0.8346059458340059,0.8084097300675489,0.8346059458340059,False,both,left,none,none,0,moving_average,4,2.0,peak,20,-1,-1,20,False,0.7018098819832719,False,False,False,False,False,False,False,,
frame_000252.jpg,31.91328342630534,,252,True,1.226723600253366,0.019709055287901664,0.01839562867079625,1.4545053502119702,True,False,False,True,True,0.8433957290528984,0.17685846721195364,0.18,False,True,True,False,True,31.91328342630534,,31.91328342630534,32.916377649645085,False,True,True,False,0.43621775428180415,0.8084097300675489,0.43621775428180415,False,left_only,left,none,none,0,moving_average,4,2.0,peak,20,-1,-1,20,False,0.5018252050055936,False,False,False,False,False,False,False,,
frame_000253.jpg,31.474324333924265,,253,True,0.31228464882634854,0.0,0.0,0.3702706073423355,False,False,False,False,True,0.8433957290528984,0.17685846721195364,0.18,False,True,True,False,True,31.474324333924265,,31.474324333924265,32.916377649645085,False,True,True,False,0.23465191490097093,0.8084097300675489,0.23465191490097093,False,left_only,left,none,none,0,moving_average,4,2.0,peak,20,-1,-1,20,False,0.32293203820530825,False,False,False,False,False,False,False,,
frame_000254.jpg,31.612120155768693,,254,True,0.31242956442963704,0.0,0.0,0.3704424313133334,False,False,False,False,False,0.8433957290528984,0.17685846721195364,0.18,False,True,True,False,True,31.612120155768693,,31.612120155768693,32.916377649645085,False,True,False,False,0.2979264454331496,0.8084097300675489,0.2979264454331496,False,left_only,left,none,none,0,moving_average,4,2.0,peak,20,-1,-1,20,False,0.34216463199041125,False,False,False,False,False,False,False,,
frame_000255.jpg,32.03893450792675,,255,True,0.11279202633559804,4.440892098500627e-16,1.0408340855860843e-17,0.13373559107568547,False,False,False,False,False,0.8433957290528984,0.17685846721195364,0.18,False,True,True,False,True,32.03893450792675,,32.03893450792675,32.916377649645085,False,True,False,False,0.4939155356371134,0.8084097300675489,0.4939155356371134,False,left_only,left,none,none,0,moving_average,4,2.0,peak,20,-1,-1,20,False,0.39580865001982685,False,False,False,False,False,False,False,,
frame_000256.jpg,31.824793384704883,,256,True,0.04840190681144835,0.0,0.0,0.057389319324395754,False,False,False,False,False,0.8433957290528984,0.17685846721195364,0.18,False,True,True,False,True,31.824793384704883,,31.824793384704883,32.916377649645085,False,True,False,False,0.3955839689892177,0.8084097300675489,0.3955839689892177,False,left_only,left,none,none,0,moving_average,4,2.0,peak,20,-1,-1,20,False,0.3910151971366259,False,False,False,False,False,False,False,,
frame_000257.jpg,31.580803394950816,,257,True,0.13176633232643917,4.440892098500625e-16,1.0408340855860843e-17,0.15623310361603063,False,False,False,False,False,0.8433957290528984,0.17685846721195364,0.18,False,True,True,False,True,31.580803394950816,,31.580803394950816,32.916377649645085,False,True,False,False,0.28354608678354665,0.8084097300675489,0.28354608678354665,False,left_only,left,none,none,0,moving_average,4,2.0,peak,20,-1,-1,20,False,0.37100579853419413,False,False,False,False,False,False,False,,
frame_000258.jpg,31.90820837680361,,258,True,0.13869695757512407,0.0,0.0,0.16445062833182178,False,False,False,False,False,0.8433957290528984,0.17685846721195364,0.18,False,True,True,False,True,31.90820837680361,,31.90820837680361,32.916377649645085,False,True,False,False,0.43388733982981803,0.8084097300675489,0.43388733982981803,False,left_only,left,none,none,0,moving_average,4,2.0,peak,20,-1,-1,20,False,0.44320014963893073,False,False,False,False,False,False,False,,
frame_000259.jpg,32.29645614660921,,259,True,0.17704150363159227,0.0,0.0,0.2099151057243356,False,False,False,False,False,0.8433957290528984,0.17685846721195364,0.18,False,True,True,False,True,32.29645614660921,,32.29645614660921,32.916377649645085,False,True,False,False,0.6121670223034276,0.8084097300675489,0.6121670223034276,False,left_only,left,none,none,0,moving_average,4,2.0,peak,20,-1,-1,20,False,0.6156619830160632,False,False,False,False,False,False,False,,
frame_000260.jpg,32.70753732092976,,260,True,0.34662996843418986,4.440892098500627e-16,1.0408340855860843e-17,0.4109932698182409,False,False,False,False,False,0.8433957290528984,0.17685846721195364,0.18,False,True,True,False,True,32.70753732092976,,32.70753732092976,32.916377649645085,False,True,False,False,0.8009315869149444,0.8084097300675489,0.8009315869149444,False,left_only,left,none,none,0,moving_average,4,2.0,peak,20,-1,-1,20,False,,False,False,False,False,False,False,False,,
