frame_name,left_temp,right_temp,frame_index,motion_coordinate_valid,motion_center_step_norm,motion_scale_step_log,motion_angle_step_rad,motion_score,motion_center_flag,motion_scale_flag,motion_angle_flag,motion_artifact_raw,motion_artifact,motion_center_threshold,motion_scale_threshold,motion_angle_threshold,left_missing_raw,right_missing_raw,left_quality_valid,right_quality_valid,quality_any_valid,left_temp_motion_filtered,right_temp_motion_filtered,left_temp_used,right_temp_used,left_repaired,right_repaired,left_motion_interpolated,right_motion_interpolated,left_norm,right_norm,fused_norm,fused_repaired,fusion_source,selected_fusion_mode,peak_retune_rule,edge_peak_completion,edge_peak_added,smoothing_method,butterworth_order,butterworth_cutoff_hz,rr_estimator,time_peak_count,spectral_count,autocorr_count,joint_count,joint_adjusted,smoothed_norm,is_peak,source_peak_rejected,quality_peak_rejected,mad_ibi_peak_rejected,motion_peak_rejected,motion_interval_peak_rejected,motion_reconstructed_peak,peak_number,event_source
frame_000000.jpg,,,0,False,,,,0.0,False,False,False,False,False,0.4169954132011349,0.16968488446797209,0.18,True,True,False,False,False,,,32.24087558187213,32.76098634236617,True,True,False,False,0.570982039825156,0.6780421523213481,0.570982039825156,False,missing,left,none,none,0,moving_average,4,2.0,peak,16,-1,-1,16,False,,False,False,False,False,False,False,False,,
frame_000001.jpg,,,1,False,,,,0.0,False,False,False,False,False,0.4169954132011349,0.16968488446797209,0.18,True,True,False,False,False,,,32.24087558187213,32.76098634236617,True,True,False,False,0.570982039825156,0.6780421523213481,0.570982039825156,False,missing,left,none,none,0,moving_average,4,2.0,peak,16,-1,-1,16,False,0.570982039825156,False,False,False,False,False,False,False,,
frame_000002.jpg,32.24087558187213,32.76098634236617,2,True,,,,0.0,False,False,False,False,False,0.4169954132011349,0.16968488446797209,0.18,False,False,True,True,True,32.24087558187213,32.76098634236617,32.24087558187213,32.76098634236617,False,False,False,False,0.570982039825156,0.6780421523213481,0.570982039825156,False,both,left,none,none,0,moving_average,4,2.0,peak,16,-1,-1,16,False,0.566318145497711,False,False,False,False,False,False,False,,
frame_000003.jpg,,,3,True,0.02887626216634411,0.05134247405049462,0.020800720489391588,0.30257541331081544,False,False,False,False,False,0.4169954132011349,0.16968488446797209,0.18,True,True,False,False,False,,,32.20542277577407,32.68837146262615,True,True,False,False,0.5569903568428209,0.6393690006056825,0.5569903568428209,False,missing,left,none,none,0,moving_average,4,2.0,peak,16,-1,-1,16,False,0.5569903568428209,False,False,False,False,False,False,False,,
frame_000004.jpg,32.169969969676,32.61575658288614,4,True,0.027461137822763965,0.04920727634223599,0.018810678919984142,0.2899921021045562,False,False,False,False,False,0.4169954132011349,0.16968488446797209,0.18,False,False,True,True,True,32.169969969676,32.61575658288614,32.169969969676,32.61575658288614,False,False,False,False,0.5429986738604858,0.6006958488900206,0.5429986738604858,False,both,left,none,none,0,moving_average,4,2.0,peak,16,-1,-1,16,False,0.5339785539149227,False,False,False,False,False,False,False,,
frame_000005.jpg,32.06595030915126,32.620206458475735,5,True,0.05114308931119265,0.13706696944267402,0.02538758589692939,0.8077735967610322,False,False,False,False,False,0.4169954132011349,0.16968488446797209,0.18,False,False,True,True,True,32.06595030915126,32.620206458475735,32.06595030915126,32.620206458475735,False,False,False,False,0.5019466310414613,0.6030657586717114,0.5019466310414613,False,both,left,none,none,0,moving_average,4,2.0,peak,16,-1,-1,16,False,0.5683684259725453,False,False,False,False,False,False,False,,
frame_000006.jpg,32.466838961518576,32.73380101832493,6,True,0.03487555405774169,0.06424146493508388,0.00871175995692954,0.37859273757061973,False,False,False,False,False,0.4169954132011349,0.16968488446797209,0.18,False,False,True,True,True,32.466838961518576,32.73380101832493,32.466838961518576,32.73380101832493,False,False,False,False,0.660159973015689,0.6635638227441276,0.660159973015689,False,both,left,none,none,0,moving_average,4,2.0,peak,16,-1,-1,16,False,0.6043560924232505,False,False,False,False,False,False,False,,
frame_000007.jpg,32.44353186259685,32.8709653366303,7,True,0.013842731598132341,0.01708501313970379,0.011694235247173862,0.10068671227417769,False,False,False,False,False,0.4169954132011349,0.16968488446797209,0.18,False,False,True,True,True,32.44353186259685,32.8709653366303,32.44353186259685,32.8709653366303,False,False,False,False,0.6509616732126013,0.7366146425043663,0.6509616732126013,False,both,left,none,none,0,moving_average,4,2.0,peak,16,-1,-1,16,False,0.6674841119759114,False,False,False,False,False,False,False,,
frame_000008.jpg,32.545820837817665,32.888586146056674,8,True,0.013827670104708827,0.08956544100185015,0.01945427117110853,0.5278339392614289,False,False,False,False,False,0.4169954132011349,0.16968488446797209,0.18,False,False,True,True,True,32.545820837817665,32.888586146056674,32.545820837817665,32.888586146056674,False,False,False,False,0.691330689699444,0.7459991135485775,0.691330689699444,False,both,left,none,none,0,moving_average,4,2.0,peak,16,-1,-1,16,False,0.6678404714769463,True,False,False,False,False,False,False,1,
frame_000009.jpg,32.469547844568744,32.98355250108061,9,True,0.02602750757347061,0.04811600534902912,0.019613537921699502,0.2835609400324104,False,False,False,False,False,0.4169954132011349,0.16968488446797209,0.18,False,False,True,True,True,32.469547844568744,32.98355250108061,32.469547844568744,32.98355250108061,False,False,False,False,0.6612290515187935,0.7965761890580827,0.6612290515187935,False,both,left,none,none,0,moving_average,4,2.0,peak,16,-1,-1,16,False,0.664220702262793,False,False,False,False,False,False,False,,
frame_000010.jpg,32.41601602131504,32.96598278977769,10,True,0.034429038435247014,0.006062217395182218,0.008591321904088362,0.08256454950174812,False,False,False,False,False,0.4169954132011349,0.16968488446797209,0.18,False,False,True,True,True,32.41601602131504,32.96598278977769,32.41601602131504,32.96598278977769,False,False,False,False,0.6401023655701414,0.7872189317955084,0.6401023655701414,False,both,left,none,none,0,moving_average,4,2.0,peak,16,-1,-1,16,False,0.6396797812475685,False,False,False,False,False,False,False,,
frame_000011.jpg,32.35927190400053,32.95547568077952,11,True,0.012106854563944855,0.02476864108697243,0.005229914094472165,0.14596845891507498,False,False,False,False,False,0.4169954132011349,0.16968488446797209,0.18,False,False,True,True,True,32.35927190400053,32.95547568077952,32.35927190400053,32.95547568077952,False,False,False,False,0.6177079266537707,0.7816230673964476,0.6177079266537707,False,both,left,none,none,0,moving_average,4,2.0,peak,16,-1,-1,16,False,0.6165219033888683,False,False,False,False,False,False,False,,
frame_000012.jpg,32.293512176578616,,12,True,0.007695149852318525,0.02268464109743491,0.004606645251670145,0.13368687003889626,False,False,False,False,False,0.4169954132011349,0.16968488446797209,0.18,False,True,True,False,True,32.293512176578616,,32.293512176578616,32.87596509998874,False,True,False,False,0.5917554179426926,0.7392774109010875,0.5917554179426926,False,left_only,left,none,none,0,moving_average,4,2.0,peak,16,-1,-1,16,False,0.6008791074565899,False,False,False,False,False,False,False,,
frame_000013.jpg,32.29710659239527,,13,True,0.0022566772258050555,0.009152279283379184,0.019472137135131223,0.1081785396396179,False,False,False,False,False,0.4169954132011349,0.16968488446797209,0.18,False,True,True,False,True,32.29710659239527,,32.29710659239527,32.79645451919795,False,True,False,False,0.5931739777733065,0.6969317544057235,0.5931739777733065,False,left_only,left,none,none,0,moving_average,4,2.0,peak,16,-1,-1,16,False,0.5689945842675761,False,False,False,False,False,False,False,,
frame_000014.jpg,32.11690024229768,32.71694393840717,14,True,0.037986372217275584,0.020219059975483195,0.05986609418630709,0.3325894121461505,False,False,False,False,False,0.4169954132011349,0.16968488446797209,0.18,False,False,True,True,True,32.11690024229768,32.71694393840717,32.11690024229768,32.71694393840717,False,False,False,False,0.5220543570867291,0.6545860979103634,0.5220543570867291,False,both,left,none,none,0,moving_average,4,2.0,peak,16,-1,-1,16,False,0.5527557301564189,False,False,False,False,False,False,False,,
frame_000015.jpg,,,15,False,,,,0.0,False,False,False,False,False,0.4169954132011349,0.16968488446797209,0.18,True,True,False,False,False,,,32.1700717841431,32.73069278072379,True,True,False,False,0.543038855609221,0.6619084410269426,0.543038855609221,False,missing,left,none,none,0,moving_average,4,2.0,peak,16,-1,-1,16,False,0.5430388556092219,False,False,False,False,False,False,False,,
frame_000016.jpg,,,16,False,,,,0.0,False,False,False,False,False,0.4169954132011349,0.16968488446797209,0.18,True,True,False,False,False,,,32.22324332598852,32.74444162304041,True,True,False,False,0.5640233541317158,0.669230784143518,0.5640233541317158,False,missing,left,none,none,0,moving_average,4,2.0,peak,16,-1,-1,16,False,0.5640233541317148,False,False,False,False,False,False,False,,
frame_000017.jpg,,,17,False,,,,0.0,False,False,False,False,False,0.4169954132011349,0.16968488446797209,0.18,True,True,False,False,False,,,32.276414867833935,32.75819046535703,True,True,False,False,0.5850078526542076,0.6765531272600973,0.5850078526542076,False,missing,left,none,none,0,moving_average,4,2.0,peak,16,-1,-1,16,False,0.5850078526542076,False,False,False,False,False,False,False,,
frame_000018.jpg,,,18,False,,,,0.0,False,False,False,False,False,0.4169954132011349,0.16968488446797209,0.18,True,True,False,False,False,,,32.32958640967935,32.77193930767365,True,True,False,False,0.6059923511766996,0.6838754703766727,0.6059923511766996,False,missing,left,none,none,0,moving_average,4,2.0,peak,16,-1,-1,16,False,0.6059923511766996,False,False,False,False,False,False,False,,
frame_000019.jpg,,,19,False,,,,0.0,False,False,False,False,False,0.4169954132011349,0.16968488446797209,0.18,True,True,False,False,False,,,32.382757951524766,32.78568814999027,True,True,False,False,0.6269768496991915,0.691197813493252,0.6269768496991915,False,missing,left,none,none,0,moving_average,4,2.0,peak,16,-1,-1,16,False,0.6269768496991914,False,False,False,False,False,False,False,,
frame_000020.jpg,,,20,False,,,,0.0,False,False,False,False,False,0.4169954132011349,0.16968488446797209,0.18,True,True,False,False,False,,,32.43592949337018,32.799436992306894,True,True,False,False,0.6479613482216834,0.6985201566098312,0.6479613482216834,False,missing,left,none,none,0,moving_average,4,2.0,peak,16,-1,-1,16,False,0.6479613482216843,False,False,False,False,False,False,False,,
frame_000021.jpg,,,21,False,,,,0.0,False,False,False,False,False,0.4169954132011349,0.16968488446797209,0.18,True,True,False,False,False,,,32.489101035215604,32.81318583462351,True,True,False,False,0.6689458467441781,0.7058424997264067,0.6689458467441781,False,missing,left,none,none,0,moving_average,4,2.0,peak,16,-1,-1,16,False,0.6689458467441771,True,False,False,False,False,False,False,2,
frame_000022.jpg,32.54227257706102,32.826934676940134,22,True,,,,0.0,False,False,False,False,False,0.4169954132011349,0.16968488446797209,0.18,False,False,True,True,True,32.54227257706102,32.826934676940134,32.54227257706102,32.826934676940134,False,False,False,False,0.6899303452666701,0.713164842842986,0.6899303452666701,False,both,left,none,none,0,moving_average,4,2.0,peak,16,-1,-1,16,False,0.6306618512567004,False,False,False,False,False,False,False,,
frame_000023.jpg,,,23,False,,,,0.0,False,False,False,False,False,0.4169954132011349,0.16968488446797209,0.18,True,True,False,False,False,,,32.14491195022181,32.44721070536173,True,True,False,False,0.533109361759253,0.5109318732986685,0.533109361759253,False,missing,left,none,none,0,moving_average,4,2.0,peak,16,-1,-1,16,False,0.5331093617592526,False,False,False,False,False,False,False,,
frame_000024.jpg,31.7475513233826,32.067486733783326,24,True,,,,0.0,False,False,False,False,False,0.4169954132011349,0.16968488446797209,0.18,False,False,True,True,True,31.7475513233826,32.067486733783326,31.7475513233826,32.067486733783326,False,False,False,False,0.37628837825183453,0.3086989037543549,0.37628837825183453,False,both,left,none,none,0,moving_average,4,2.0,peak,16,-1,-1,16,False,0.43850294471434037,False,False,False,False,False,False,False,,
frame_000025.jpg,,,25,True,0.010689305973825402,0.004700901821101059,0.0003979871229421138,0.027703715836800723,False,False,False,False,False,0.4169954132011349,0.16968488446797209,0.18,True,True,False,False,False,,,31.82311756975551,32.11415890172444,True,True,False,False,0.40611109413193364,0.3335555149358088,0.40611109413193364,False,missing,left,none,none,0,moving_average,4,2.0,peak,16,-1,-1,16,False,0.4061110941319331,False,False,False,False,False,False,False,,
frame_000026.jpg,,,26,True,0.010739791730764427,0.0047229440632698405,0.00040175542049353946,0.027833616872110334,False,False,False,False,False,0.4169954132011349,0.16968488446797209,0.18,True,True,False,False,False,,,31.89868381612842,32.16083106966554,True,True,False,False,0.43593381001203124,0.358412126117259,0.43593381001203124,False,missing,left,none,none,0,moving_average,4,2.0,peak,16,-1,-1,16,False,0.4359338100120317,False,False,False,False,False,False,False,,
frame_000027.jpg,31.97425006250133,32.20750323760665,27,True,0.010790754890716804,0.004745192438856795,0.00040557736063809996,0.02796473270871954,False,False,False,False,False,0.4169954132011349,0.16968488446797209,0.18,False,False,True,True,True,31.97425006250133,32.20750323760665,31.97425006250133,32.20750323760665,False,False,False,False,0.4657565258921303,0.3832687372987129,0.4657565258921303,False,both,left,none,none,0,moving_average,4,2.0,peak,16,-1,-1,16,False,0.4568728244070614,False,False,False,False,False,False,False,,
frame_000028.jpg,,,28,False,,,,0.0,False,False,False,False,False,0.4169954132011349,0.16968488446797209,0.18,True,True,False,False,False,,,31.982286445616005,32.21645167097831,True,True,False,False,0.4689281373170229,0.38803448396989976,0.4689281373170229,False,missing,left,none,none,0,moving_average,4,2.0,peak,16,-1,-1,16,False,0.4689281373170223,False,False,False,False,False,False,False,,
frame_000029.jpg,,,29,False,,,,0.0,False,False,False,False,False,0.4169954132011349,0.16968488446797209,0.18,True,True,False,False,False,,,31.990322828730676,32.225400104349966,True,True,False,False,0.472099748741914,0.39280023064108666,0.472099748741914,False,missing,left,none,none,0,moving_average,4,2.0,peak,16,-1,-1,16,False,0.47209974874191446,False,False,False,False,False,False,False,,
frame_000030.jpg,,,30,False,,,,0.0,False,False,False,False,False,0.4169954132011349,0.16968488446797209,0.18,True,True,False,False,False,,,31.99835921184535,32.23434853772163,True,True,False,False,0.4752713601668066,0.39756597731227733,0.4752713601668066,False,missing,left,none,none,0,moving_average,4,2.0,peak,16,-1,-1,16,False,0.47527136016680654,False,False,False,False,False,False,False,,
frame_000031.jpg,,,31,False,,,,0.0,False,False,False,False,False,0.4169954132011349,0.16968488446797209,0.18,True,True,False,False,False,,,32.006395594960026,32.24329697109329,True,True,False,False,0.47844297159169913,0.4023317239834642,0.47844297159169913,False,missing,left,none,none,0,moving_average,4,2.0,peak,16,-1,-1,16,False,0.47844297159169863,False,False,False,False,False,False,False,,
frame_000032.jpg,,,32,False,,,,0.0,False,False,False,False,False,0.4169954132011349,0.16968488446797209,0.18,True,True,False,False,False,,,32.0144319780747,32.252245404464944,True,True,False,False,0.48161458301659027,0.4070974706546511,0.48161458301659027,False,missing,left,none,none,0,moving_average,4,2.0,peak,16,-1,-1,16,False,0.4816145830165902,False,False,False,False,False,False,False,,
frame_000033.jpg,,,33,False,,,,0.0,False,False,False,False,False,0.4169954132011349,0.16968488446797209,0.18,True,True,False,False,False,,,32.02246836118937,32.2611938378366,True,True,False,False,0.48478619444148147,0.41186321732583797,0.48478619444148147,False,missing,left,none,none,0,moving_average,4,2.0,peak,16,-1,-1,16,False,0.4847861944414814,False,False,False,False,False,False,False,,
frame_000034.jpg,,,34,False,,,,0.0,False,False,False,False,False,0.4169954132011349,0.16968488446797209,0.18,True,True,False,False,False,,,32.03050474430404,32.270142271208265,True,True,False,False,0.4879578058663726,0.41662896399702865,0.4879578058663726,False,missing,left,none,none,0,moving_average,4,2.0,peak,16,-1,-1,16,False,0.4879578058663735,False,False,False,False,False,False,False,,
frame_000035.jpg,,,35,False,,,,0.0,False,False,False,False,False,0.4169954132011349,0.16968488446797209,0.18,True,True,False,False,False,,,32.03854112741872,32.27909070457992,True,True,False,False,0.4911294172912666,0.4213947106682155,0.4911294172912666,False,missing,left,none,none,0,moving_average,4,2.0,peak,16,-1,-1,16,False,0.4911294172912656,False,False,False,False,False,False,False,,
frame_000036.jpg,,,36,False,,,,0.0,False,False,False,False,False,0.4169954132011349,0.16968488446797209,0.18,True,True,False,False,False,,,32.04657751053339,32.28803913795158,True,True,False,False,0.4943010287161577,0.4261604573394024,0.4943010287161577,False,missing,left,none,none,0,moving_average,4,2.0,peak,16,-1,-1,16,False,0.49430102871615766,False,False,False,False,False,False,False,,
frame_000037.jpg,,,37,False,,,,0.0,False,False,False,False,False,0.4169954132011349,0.16968488446797209,0.18,True,True,False,False,False,,,32.05461389364806,32.296987571323235,True,True,False,False,0.49747264014104886,0.4309262040105893,0.49747264014104886,False,missing,left,none,none,0,moving_average,4,2.0,peak,16,-1,-1,16,False,0.49747264014104886,False,False,False,False,False,False,False,,
frame_000038.jpg,,,38,False,,,,0.0,False,False,False,False,False,0.4169954132011349,0.16968488446797209,0.18,True,True,False,False,False,,,32.06265027676273,32.3059360046949,True,True,False,False,0.5006442515659401,0.4356919506817799,0.5006442515659401,False,missing,left,none,none,0,moving_average,4,2.0,peak,16,-1,-1,16,False,0.500644251565941,False,False,False,False,False,False,False,,
frame_000039.jpg,,,39,False,,,,0.0,False,False,False,False,False,0.4169954132011349,0.16968488446797209,0.18,True,True,False,False,False,,,32.07068665987741,32.31488443806656,True,True,False,False,0.503815862990834,0.4404576973529668,0.503815862990834,False,missing,left,none,none,0,moving_average,4,2.0,peak,16,-1,-1,16,False,0.503815862990833,False,False,False,False,False,False,False,,
frame_000040.jpg,,,40,False,,,,0.0,False,False,False,False,False,0.4169954132011349,0.16968488446797209,0.18,True,True,False,False,False,,,32.07872304299208,32.32383287143821,True,True,False,False,0.5069874744157251,0.4452234440241537,0.5069874744157251,False,missing,left,none,none,0,moving_average,4,2.0,peak,16,-1,-1,16,False,0.5069874744157251,False,False,False,False,False,False,False,,
frame_000041.jpg,,,41,False,,,,0.0,False,False,False,False,False,0.4169954132011349,0.16968488446797209,0.18,True,True,False,False,False,,,32.08675942610675,32.33278130480987,True,True,False,False,0.5101590858406163,0.44998919069534055,0.5101590858406163,False,missing,left,none,none,0,moving_average,4,2.0,peak,16,-1,-1,16,False,0.5101590858406162,False,False,False,False,False,False,False,,
frame_000042.jpg,,,42,False,,,,0.0,False,False,False,False,False,0.4169954132011349,0.16968488446797209,0.18,True,True,False,False,False,,,32.094795809221424,32.341729738181535,True,True,False,False,0.5133306972655074,0.4547549373665312,0.5133306972655074,False,missing,left,none,none,0,moving_average,4,2.0,peak,16,-1,-1,16,False,0.5133306972655083,False,False,False,False,False,False,False,,
frame_000043.jpg,,,43,False,,,,0.0,False,False,False,False,False,0.4169954132011349,0.16968488446797209,0.18,True,True,False,False,False,,,32.1028321923361,32.35067817155319,True,True,False,False,0.5165023086904014,0.4595206840377181,0.5165023086904014,False,missing,left,none,none,0,moving_average,4,2.0,peak,16,-1,-1,16,False,0.5165023086904004,False,False,False,False,False,False,False,,
frame_000044.jpg,,,44,False,,,,0.0,False,False,False,False,False,0.4169954132011349,0.16968488446797209,0.18,True,True,False,False,False,,,32.11086857545077,32.35962660492485,True,True,False,False,0.5196739201152926,0.46428643070890496,0.5196739201152926,False,missing,left,none,none,0,moving_average,4,2.0,peak,16,-1,-1,16,False,0.5196739201152925,False,False,False,False,False,False,False,,
frame_000045.jpg,,,45,False,,,,0.0,False,False,False,False,False,0.4169954132011349,0.16968488446797209,0.18,True,True,False,False,False,,,32.118904958565444,32.368575038296505,True,True,False,False,0.5228455315401837,0.46905217738009186,0.5228455315401837,False,missing,left,none,none,0,moving_average,4,2.0,peak,16,-1,-1,16,False,0.5228455315401837,False,False,False,False,False,False,False,,
frame_000046.jpg,,,46,False,,,,0.0,False,False,False,False,False,0.4169954132011349,0.16968488446797209,0.18,True,True,False,False,False,,,32.126941341680116,32.37752347166817,True,True,False,False,0.5260171429650748,0.47381792405128254,0.5260171429650748,False,missing,left,none,none,0,moving_average,4,2.0,peak,16,-1,-1,16,False,0.5260171429650757,False,False,False,False,False,False,False,,
frame_000047.jpg,,,47,False,,,,0.0,False,False,False,False,False,0.4169954132011349,0.16968488446797209,0.18,True,True,False,False,False,,,32.134977724794794,32.386471905039826,True,True,False,False,0.5291887543899688,0.47858367072246943,0.5291887543899688,False,missing,left,none,none,0,moving_average,4,2.0,peak,16,-1,-1,16,False,0.5291887543899678,False,False,False,False,False,False,False,,
frame_000048.jpg,,,48,False,,,,0.0,False,False,False,False,False,0.4169954132011349,0.16968488446797209,0.18,True,True,False,False,False,,,32.143014107909465,32.39542033841148,True,True,False,False,0.53236036581486,0.4833494173936563,0.53236036581486,False,missing,left,none,none,0,moving_average,4,2.0,peak,16,-1,-1,16,False,0.5323603658148599,False,False,False,False,False,False,False,,
frame_000049.jpg,,,49,False,,,,0.0,False,False,False,False,False,0.4169954132011349,0.16968488446797209,0.18,True,True,False,False,False,,,32.15105049102414,32.40436877178314,True,True,False,False,0.5355319772397511,0.4881151640648432,0.5355319772397511,False,missing,left,none,none,0,moving_average,4,2.0,peak,16,-1,-1,16,False,0.5355319772397511,False,False,False,False,False,False,False,,
frame_000050.jpg,,,50,False,,,,0.0,False,False,False,False,False,0.4169954132011349,0.16968488446797209,0.18,True,True,False,False,False,,,32.15908687413881,32.413317205154804,True,True,False,False,0.5387035886646423,0.49288091073603385,0.5387035886646423,False,missing,left,none,none,0,moving_average,4,2.0,peak,16,-1,-1,16,False,0.5387035886646432,False,False,False,False,False,False,False,,
frame_000051.jpg,,,51,False,,,,0.0,False,False,False,False,False,0.4169954132011349,0.16968488446797209,0.18,True,True,False,False,False,,,32.167123257253486,32.42226563852646,True,True,False,False,0.5418752000895363,0.4976466574072207,0.5418752000895363,False,missing,left,none,none,0,moving_average,4,2.0,peak,16,-1,-1,16,False,0.5418752000895353,False,False,False,False,False,False,False,,
frame_000052.jpg,,,52,False,,,,0.0,False,False,False,False,False,0.4169954132011349,0.16968488446797209,0.18,True,True,False,False,False,,,32.17515964036816,32.43121407189812,True,True,False,False,0.5450468115144274,0.5024124040784076,0.5450468115144274,False,missing,left,none,none,0,moving_average,4,2.0,peak,16,-1,-1,16,False,0.5450468115144274,False,False,False,False,False,False,False,,
frame_000053.jpg,,,53,False,,,,0.0,False,False,False,False,False,0.4169954132011349,0.16968488446797209,0.18,True,True,False,False,False,,,32.18319602348283,32.440162505269775,True,True,False,False,0.5482184229393186,0.5071781507495945,0.5482184229393186,False,missing,left,none,none,0,moving_average,4,2.0,peak,16,-1,-1,16,False,0.5482184229393186,False,False,False,False,False,False,False,,
frame_000054.jpg,,,54,False,,,,0.0,False,False,False,False,False,0.4169954132011349,0.16968488446797209,0.18,True,True,False,False,False,,,32.1912324065975,32.44911093864144,True,True,False,False,0.5513900343642096,0.5119438974207852,0.5513900343642096,False,missing,left,none,none,0,moving_average,4,2.0,peak,16,-1,-1,16,False,0.5513900343642106,False,False,False,False,False,False,False,,
frame_000055.jpg,,,55,False,,,,0.0,False,False,False,False,False,0.4169954132011349,0.16968488446797209,0.18,True,True,False,False,False,,,32.19926878971218,32.458059372013096,True,True,False,False,0.5545616457891036,0.5167096440919721,0.5545616457891036,False,missing,left,none,none,0,moving_average,4,2.0,peak,16,-1,-1,16,False,0.5545616457891027,False,False,False,False,False,False,False,,
frame_000056.jpg,,,56,False,,,,0.0,False,False,False,False,False,0.4169954132011349,0.16968488446797209,0.18,True,True,False,False,False,,,32.20730517282685,32.46700780538475,True,True,False,False,0.5577332572139948,0.5214753907631589,0.5577332572139948,False,missing,left,none,none,0,moving_average,4,2.0,peak,16,-1,-1,16,False,0.5577332572139948,False,False,False,False,False,False,False,,
frame_000057.jpg,,,57,False,,,,0.0,False,False,False,False,False,0.4169954132011349,0.16968488446797209,0.18,True,True,False,False,False,,,32.21534155594152,32.47595623875641,True,True,False,False,0.560904868638886,0.5262411374343458,0.560904868638886,False,missing,left,none,none,0,moving_average,4,2.0,peak,16,-1,-1,16,False,0.560904868638886,False,False,False,False,False,False,False,,
frame_000058.jpg,,,58,False,,,,0.0,False,False,False,False,False,0.4169954132011349,0.16968488446797209,0.18,True,True,False,False,False,,,32.22337793905619,32.484904672128074,True,True,False,False,0.5640764800637771,0.5310068841055364,0.5640764800637771,False,missing,left,none,none,0,moving_average,4,2.0,peak,16,-1,-1,16,False,0.5640764800637781,False,False,False,False,False,False,False,,
frame_000059.jpg,,,59,False,,,,0.0,False,False,False,False,False,0.4169954132011349,0.16968488446797209,0.18,True,True,False,False,False,,,32.23141432217087,32.49385310549973,True,True,False,False,0.5672480914886711,0.5357726307767233,0.5672480914886711,False,missing,left,none,none,0,moving_average,4,2.0,peak,16,-1,-1,16,False,0.5672480914886701,False,False,False,False,False,False,False,,
frame_000060.jpg,32.23945070528554,32.50280153887139,60,True,,,,0.0,False,False,False,False,True,0.4169954132011349,0.16968488446797209,0.18,False,False,True,True,True,32.23945070528554,32.50280153887139,32.23945070528554,32.50280153887139,False,False,True,True,0.5704197029135623,0.5405383774479102,0.5704197029135623,False,both,left,none,none,0,moving_average,4,2.0,peak,16,-1,-1,16,False,0.5556655668563112,False,False,False,False,False,False,False,,
frame_000061.jpg,32.135332848175665,32.437365757413104,61,True,0.7324022552096624,0.052626752399479046,0.008280256869360701,1.7563796435727055,True,False,False,True,True,0.4169954132011349,0.16968488446797209,0.18,False,False,True,True,True,32.135332848175665,32.437365757413104,32.135332848175665,32.437365757413104,False,False,True,True,0.5293289061667003,0.5056886618933334,0.5293289061667003,False,both,left,none,none,0,moving_average,4,2.0,peak,16,-1,-1,16,False,0.6374955953099304,False,False,False,False,False,False,False,,
frame_000062.jpg,32.853449027094065,32.78922225391465,62,True,0.36526427679927137,0.054378418926275505,0.011158035329370848,0.8759431524564243,False,False,False,False,True,0.4169954132011349,0.16968488446797209,0.18,False,False,True,True,True,32.853449027094065,32.78922225391465,32.853449027094065,32.78922225391465,False,False,True,True,0.8127381768495288,0.6930800026221996,0.8127381768495288,False,both,left,none,none,0,moving_average,4,2.0,peak,16,-1,-1,16,False,0.7494943954429306,False,False,False,False,False,False,False,,
frame_000063.jpg,33.09081470831738,33.22967434840572,63,True,0.5581716237972699,0.09981912301246663,0.04885088207911829,1.338555787730067,True,False,False,True,True,0.4169954132011349,0.16968488446797209,0.18,False,False,True,True,True,33.09081470831738,33.22967434840572,33.09081470831738,33.22967434840572,False,False,True,True,0.9064161033125628,0.9276554881800062,0.9064161033125628,False,both,left,none,none,0,moving_average,4,2.0,peak,16,-1,-1,16,False,0.8652504555923256,False,False,False,False,False,False,False,,
frame_000064.jpg,,,64,True,0.7231182297050153,0.10078225537777767,0.04196574965338228,1.7341155485473507,True,False,False,True,True,0.4169954132011349,0.16968488446797209,0.18,True,True,False,False,False,,,33.01525783511261,33.16419932241322,True,True,False,False,0.8765970866148852,0.8927848718151356,0.8765970866148852,False,missing,left,none,none,0,moving_average,4,2.0,peak,16,-1,-1,16,False,0.8765970866148852,True,False,False,False,False,False,False,3,
frame_000065.jpg,,,65,False,,,,0.0,False,False,False,False,True,0.4169954132011349,0.16968488446797209,0.18,True,True,False,False,False,,,32.93970096190783,33.09872429642072,True,True,False,False,0.8467780699172077,0.8579142554502687,0.8467780699172077,False,missing,left,none,none,0,moving_average,4,2.0,peak,16,-1,-1,16,False,0.8467780699172085,False,False,False,False,False,False,False,,
frame_000066.jpg,,,66,False,,,,0.0,False,False,False,False,False,0.4169954132011349,0.16968488446797209,0.18,True,True,False,False,False,,,32.864144088703064,33.033249270428215,True,True,False,False,0.8169590532195329,0.823043639085398,0.8169590532195329,False,missing,left,none,none,0,moving_average,4,2.0,peak,16,-1,-1,16,False,0.8169590532195319,False,False,False,False,False,False,False,,
frame_000067.jpg,32.78858721549829,,67,True,,,,0.0,False,False,False,False,True,0.4169954132011349,0.16968488446797209,0.18,False,True,True,False,True,32.78858721549829,,32.78858721549829,32.96777424443572,False,True,True,False,0.7871400365218553,0.7881730227205311,0.7871400365218553,False,left_only,left,none,none,0,moving_average,4,2.0,peak,16,-1,-1,16,False,0.8070467979425533,False,False,False,False,False,False,False,,
frame_000068.jpg,32.8643524999452,32.90229921844321,68,True,0.9666854257400412,0.11137006595062329,0.00729167419861916,2.31821596865807,True,False,False,True,True,0.4169954132011349,0.16968488446797209,0.18,False,False,True,True,True,32.8643524999452,32.90229921844321,32.8643524999452,32.90229921844321,False,False,True,True,0.817041304086272,0.7533024063556604,0.817041304086272,False,both,left,none,none,0,moving_average,4,2.0,peak,16,-1,-1,16,False,0.7794952332481446,False,False,False,False,False,False,False,,
frame_000069.jpg,32.654709609225,32.97962949044189,69,True,0.5640448074764088,0.13336441468359436,0.0008989515734078888,1.3526403159843527,True,False,False,True,True,0.4169954132011349,0.16968488446797209,0.18,False,False,True,True,True,32.654709609225,32.97962949044189,32.654709609225,32.97962949044189,False,False,True,True,0.734304359136307,0.7944868764246849,0.734304359136307,False,both,left,none,none,0,moving_average,4,2.0,peak,16,-1,-1,16,False,0.7395633534086146,False,False,False,False,False,False,False,,
frame_000070.jpg,32.485043204058904,32.85939991607279,70,True,0.3921569127347989,0.016443446845422892,0.012130305370815607,0.9404345954895305,False,False,False,False,True,0.4169954132011349,0.16968488446797209,0.18,False,False,True,True,True,32.485043204058904,32.85939991607279,32.485043204058904,32.85939991607279,False,False,True,True,0.6673443970032649,0.7304551437146221,0.6673443970032649,False,both,left,none,none,0,moving_average,4,2.0,peak,16,-1,-1,16,False,0.74308594315036,False,False,False,False,False,False,False,,
frame_000071.jpg,32.89112962702165,33.25858729995191,71,True,0.1788790505225251,0.05031261875731488,0.027095698164252682,0.42897126649267,False,False,False,False,False,0.4169954132011349,0.16968488446797209,0.18,False,False,True,True,True,32.89112962702165,33.25858729995191,32.89112962702165,33.25858729995191,False,False,False,False,0.8276090733115081,0.9430539156882087,0.8276090733115081,False,both,left,none,none,0,moving_average,4,2.0,peak,16,-1,-1,16,False,0.7428992524649984,False,False,False,False,False,False,False,,
frame_000072.jpg,32.653290471439334,33.142793763003056,72,True,0.08028787374781787,0.03950428915648518,0.007031400874592442,0.23280971242869652,False,False,False,False,False,0.4169954132011349,0.16968488446797209,0.18,False,False,True,True,True,32.653290471439334,33.142793763003056,32.653290471439334,33.142793763003056,False,False,False,False,0.7337442870802223,0.8813847228430274,0.7337442870802223,False,both,left,none,none,0,moving_average,4,2.0,peak,16,-1,-1,16,False,0.7501975893040708,False,False,False,False,False,False,False,,
frame_000073.jpg,32.540521845431925,32.968550130342656,73,True,0.03964475461424568,0.0010479102909866438,0.0030872922484479065,0.09507239974153696,False,False,False,False,False,0.4169954132011349,0.16968488446797209,0.18,False,False,True,True,True,32.540521845431925,32.968550130342656,32.540521845431925,32.968550130342656,False,False,False,False,0.689239407520482,0.7885862431720496,0.689239407520482,False,both,left,none,none,0,moving_average,4,2.0,peak,16,-1,-1,16,False,0.7013276713879544,False,False,False,False,False,False,False,,
frame_000074.jpg,32.51964271023777,32.95980199819063,74,True,0.011454937674514975,0.008336767703337505,0.0010621605794926998,0.049130880039648224,False,False,False,False,False,0.4169954132011349,0.16968488446797209,0.18,False,False,True,True,True,32.51964271023777,32.95980199819063,32.51964271023777,32.95980199819063,False,False,False,False,0.6809993195631591,0.7839271727011573,0.6809993195631591,False,both,left,none,none,0,moving_average,4,2.0,peak,16,-1,-1,16,False,0.6716807756063594,False,False,False,False,False,False,False,,
frame_000075.jpg,32.42792823684295,32.81281306072348,75,True,0.19385319984296578,0.00011022896359263768,0.004702750146798833,0.46488089246550535,False,False,False,False,True,0.4169954132011349,0.16968488446797209,0.18,False,False,True,True,True,32.42792823684295,32.81281306072348,32.42792823684295,32.81281306072348,False,False,True,True,0.6448035997354373,0.7056439682182197,0.6448035997354373,False,both,left,none,none,0,moving_average,4,2.0,peak,16,-1,-1,16,False,0.6786771189950296,False,False,False,False,False,False,False,,
frame_000076.jpg,32.59370486977585,33.20180180345268,76,True,0.5917551269996261,0.04817879847986171,0.008223500190747177,1.4190926524992662,True,False,False,True,True,0.4169954132011349,0.16968488446797209,0.18,False,False,True,True,True,32.59370486977585,33.20180180345268,32.59370486977585,33.20180180345268,False,False,True,True,0.7102284376864924,0.9128111592555493,0.7102284376864924,False,both,left,none,none,0,moving_average,4,2.0,peak,16,-1,-1,16,False,0.6731694466477198,False,False,False,False,False,False,False,,
frame_000077.jpg,32.477775886919794,32.69887342623967,77,True,0.8181140064435403,0.03824925000237933,0.019394711308284913,1.9619256724268295,True,False,False,True,True,0.4169954132011349,0.16968488446797209,0.18,False,False,True,True,True,32.477775886919794,32.69887342623967,32.477775886919794,32.69887342623967,False,False,True,True,0.6644763025212297,0.6449621246815224,0.6644763025212297,False,both,left,none,none,0,moving_average,4,2.0,peak,16,-1,-1,16,False,0.6853652330634186,False,False,False,False,False,False,False,,
frame_000078.jpg,32.520635065225584,,78,True,0.6840975086945104,0.10665842808386167,0.0007777388491649165,1.640539648728799,True,False,False,True,True,0.4169954132011349,0.16968488446797209,0.18,False,True,True,False,True,32.520635065225584,,32.520635065225584,32.68211671976059,False,True,True,False,0.6813909589825339,0.6360378566218566,0.6813909589825339,False,left_only,left,none,none,0,moving_average,4,2.0,peak,16,-1,-1,16,False,0.6667675112982212,False,False,False,False,False,False,False,,
frame_000079.jpg,32.452333436952564,,79,True,0.28339038795605137,0.0,0.0,0.679600731769584,False,False,False,False,True,0.4169954132011349,0.16968488446797209,0.18,False,True,True,False,True,32.452333436952564,,32.452333436952564,32.665360013281514,False,True,True,False,0.6544352723908999,0.6271135885621909,0.6544352723908999,False,left_only,left,none,none,0,moving_average,4,2.0,peak,16,-1,-1,16,False,0.6457070483635315,False,False,False,False,False,False,False,,
frame_000080.jpg,32.31768381442894,,80,True,0.2356512725140674,0.0,0.0,0.5651171812779691,False,False,False,False,False,0.4169954132011349,0.16968488446797209,0.18,False,True,True,False,True,32.31768381442894,,32.31768381442894,32.648603306802435,False,True,False,False,0.6012949137171609,0.6181893205025252,0.6012949137171609,False,left_only,left,none,none,0,moving_average,4,2.0,peak,16,-1,-1,16,False,0.6181563010322515,False,False,False,False,False,False,False,,
frame_000081.jpg,,,81,False,,,,0.0,False,False,False,False,False,0.4169954132011349,0.16968488446797209,0.18,True,True,False,False,False,,,32.31120679897074,32.63184660032336,True,True,False,False,0.5987387169886939,0.6092650524428593,0.5987387169886939,False,missing,left,none,none,0,moving_average,4,2.0,peak,16,-1,-1,16,False,0.5987387169886939,False,False,False,False,False,False,False,,
frame_000082.jpg,,,82,False,,,,0.0,False,False,False,False,False,0.4169954132011349,0.16968488446797209,0.18,True,True,False,False,False,,,32.304729783512535,32.61508989384428,True,True,False,False,0.5961825202602268,0.6003407843831936,0.5961825202602268,False,missing,left,none,none,0,moving_average,4,2.0,peak,16,-1,-1,16,False,0.5961825202602268,False,False,False,False,False,False,False,,
frame_000083.jpg,32.29825276805433,,83,True,,,,0.0,False,False,False,False,True,0.4169954132011349,0.16968488446797209,0.18,False,True,True,False,True,32.29825276805433,,32.29825276805433,32.598333187365206,False,True,True,False,0.5936263235317598,0.5914165163235316,0.5936263235317598,False,left_only,left,none,none,0,moving_average,4,2.0,peak,16,-1,-1,16,False,0.5569942257072326,False,False,False,False,False,False,False,,
frame_000084.jpg,32.01331518510516,,84,True,0.4967077603778131,0.0,0.0,1.191158810512454,True,False,False,True,True,0.4169954132011349,0.16968488446797209,0.18,False,True,True,False,True,32.01331518510516,,32.01331518510516,32.58157648088613,False,True,True,False,0.48117383332971114,0.5824922482638659,0.48117383332971114,False,left_only,left,none,none,0,moving_average,4,2.0,peak,16,-1,-1,16,False,0.5149714238540395,False,False,False,False,False,False,False,,
frame_000085.jpg,31.98529153272893,,85,True,0.3093815670675046,0.0,0.0,0.7419303840598277,False,False,False,False,True,0.4169954132011349,0.16968488446797209,0.18,False,True,True,False,True,31.98529153272893,,31.98529153272893,32.56481977440705,False,True,True,False,0.4701141147006478,0.5735679802042002,0.4701141147006478,False,left_only,left,none,none,0,moving_average,4,2.0,peak,16,-1,-1,16,False,0.45509064100053265,False,False,False,False,False,False,False,,
frame_000086.jpg,31.843066257714025,,86,True,0.07659014239827465,0.0,0.0,0.18367142652797458,False,False,False,False,False,0.4169954132011349,0.16968488446797209,0.18,False,True,True,False,True,31.843066257714025,,31.843066257714025,32.54806306792797,False,True,False,False,0.41398397497123907,0.5646437121445343,0.41398397497123907,False,left_only,left,none,none,0,moving_average,4,2.0,peak,16,-1,-1,16,False,0.426196071621201,False,False,False,False,False,False,False,,
frame_000087.jpg,31.793671794073678,,87,True,0.021266407348967082,0.0,0.0,0.05099913974043972,False,False,False,False,False,0.4169954132011349,0.16968488446797209,0.18,False,True,True,False,True,31.793671794073678,,31.793671794073678,32.53130636144889,False,True,False,False,0.3944901251917162,0.5557194440848686,0.3944901251917162,False,left_only,left,none,none,0,moving_average,4,2.0,peak,16,-1,-1,16,False,0.4260785430329959,False,False,False,False,False,False,False,,
frame_000088.jpg,31.984398133788886,32.51454965496981,88,True,0.10162234683159599,0.03236878456120913,0.0187793514288879,0.2437013540544129,False,False,False,False,False,0.4169954132011349,0.16968488446797209,0.18,False,False,True,True,True,31.984398133788886,32.51454965496981,31.984398133788886,32.51454965496981,False,False,False,False,0.4697615289360326,0.5467951760252029,0.4697615289360326,False,both,left,none,none,0,moving_average,4,2.0,peak,16,-1,-1,16,False,0.45069488222403553,False,False,False,False,False,False,False,,
frame_000089.jpg,32.03018848624492,32.538679641775346,89,True,0.09178898542514427,0.06622372028901798,0.0004064698029426217,0.39027471714204254,False,False,False,False,False,0.4169954132011349,0.16968488446797209,0.18,False,False,True,True,True,32.03018848624492,32.538679641775346,32.03018848624492,32.538679641775346,False,False,False,False,0.48783299254435775,0.5596462975029014,0.48783299254435775,False,both,left,none,none,0,moving_average,4,2.0,peak,16,-1,-1,16,False,0.49095799255643124,False,False,False,False,False,False,False,,
frame_000090.jpg,32.09973366925801,32.62450838166263,90,True,0.0025391680350236477,0.01271019204273404,0.0035734764140994417,0.07490468041738321,False,False,False,False,False,0.4169954132011349,0.16968488446797209,0.18,False,False,True,True,True,32.09973366925801,32.62450838166263,32.09973366925801,32.62450838166263,False,False,False,False,0.5152794561889034,0.60535687212768,0.5152794561889034,False,both,left,none,none,0,moving_average,4,2.0,peak,16,-1,-1,16,False,0.514184652075071,False,False,False,False,False,False,False,,
frame_000091.jpg,32.16095664871373,32.62372989812252,91,True,0.011382165840665566,0.011534490339128733,0.002466522625938654,0.06797594479492874,False,False,False,False,False,0.4169954132011349,0.16968488446797209,0.18,False,False,True,True,True,32.16095664871373,32.62372989812252,32.16095664871373,32.62372989812252,False,False,False,False,0.539441507491952,0.6049422682315833,0.539441507491952,False,both,left,none,none,0,moving_average,4,2.0,peak,16,-1,-1,16,False,0.5841450933769201,False,False,False,False,False,False,False,,
frame_000092.jpg,32.56199598141349,32.675105787420215,92,True,0.011070786082581673,0.10399992571436029,0.017882855917244395,0.6129003537376967,False,False,False,False,False,0.4169954132011349,0.16968488446797209,0.18,False,False,True,True,True,32.56199598141349,32.675105787420215,32.56199598141349,32.675105787420215,False,False,False,False,0.6977143164499051,0.6323039820903767,0.6977143164499051,False,both,left,none,none,0,moving_average,4,2.0,peak,16,-1,-1,16,False,0.6186908611517941,True,False,False,False,False,False,False,4,
frame_000093.jpg,32.36233490342926,32.69265248489382,93,True,0.05210161761568331,0.047249859720310636,0.019520411050958086,0.27845650405725453,False,False,False,False,False,0.4169954132011349,0.16968488446797209,0.18,False,False,True,True,True,32.36233490342926,32.69265248489382,32.36233490342926,32.69265248489382,False,False,False,False,0.618916759513525,0.6416489826733864,0.618916759513525,False,both,left,none,none,0,moving_average,4,2.0,peak,16,-1,-1,16,False,0.6070801546554258,False,False,False,False,False,False,False,,
frame_000094.jpg,32.072697332104646,32.59209622730726,94,True,0.03777818826418943,0.0029709431448105028,0.0038593446252865745,0.09059617220769615,False,False,False,False,False,0.4169954132011349,0.16968488446797209,0.18,False,False,True,True,True,32.072697332104646,32.59209622730726,32.072697332104646,32.59209622730726,False,False,False,False,0.5046093880028473,0.5880948430875623,0.5046093880028473,False,both,left,none,none,0,moving_average,4,2.0,peak,16,-1,-1,16,False,0.507362676680297,False,False,False,False,False,False,False,,
frame_000095.jpg,31.80398901062157,32.33873838924746,95,True,0.1666577279314402,0.015236419209906827,0.012878858879935564,0.3996632160820771,False,False,False,False,False,0.4169954132011349,0.16968488446797209,0.18,False,False,True,True,True,31.80398901062157,32.33873838924746,31.80398901062157,32.33873838924746,False,False,False,False,0.39856188252451885,0.4531618080853682,0.39856188252451885,False,both,left,none,none,0,moving_average,4,2.0,peak,16,-1,-1,16,False,0.43677715245457965,False,False,False,False,False,False,False,,
frame_000096.jpg,31.82577581181805,32.22994199921092,96,True,0.1928746888535856,0.01721000373001044,0.009854196941647563,0.46253431751910856,False,False,False,False,False,0.4169954132011349,0.16968488446797209,0.18,False,False,True,True,True,31.82577581181805,32.22994199921092,31.82577581181805,32.22994199921092,False,False,False,False,0.40716018683637295,0.39521914794375596,0.40716018683637295,False,both,left,none,none,0,moving_average,4,2.0,peak,16,-1,-1,16,False,0.40370302287566173,False,False,False,False,False,False,False,,
frame_000097.jpg,31.82128282300577,32.16862418722666,97,True,0.13821084907904263,0.044705847462922,0.02203198130385574,0.33144453081160763,False,False,False,False,False,0.4169954132011349,0.16968488446797209,0.18,False,False,True,True,True,31.82128282300577,32.16862418722666,31.82128282300577,32.16862418722666,False,False,False,False,0.40538699926609356,0.3625625759817814,0.40538699926609356,False,both,left,none,none,0,moving_average,4,2.0,peak,16,-1,-1,16,False,0.41579494487298874,False,False,False,False,False,False,False,,
frame_000098.jpg,31.895906308876267,32.23675007493861,98,True,0.05776300777238264,8.076457507254075e-05,0.010371455672437023,0.13852192600622454,False,False,False,False,False,0.4169954132011349,0.16968488446797209,0.18,False,False,True,True,True,31.895906308876267,32.23675007493861,31.895906308876267,32.23675007493861,False,False,False,False,0.43483764851649986,0.39884498532655366,0.43483764851649986,False,both,left,none,none,0,moving_average,4,2.0,peak,16,-1,-1,16,False,0.4144413945327158,False,False,False,False,False,False,False,,
frame_000099.jpg,31.81548673698304,,99,True,0.058879641270965205,0.08619645184882817,0.010876811218407915,0.5079795535064155,False,False,False,False,False,0.4169954132011349,0.16968488446797209,0.18,False,True,True,False,True,31.81548673698304,,31.81548673698304,32.33488147839449,False,True,False,False,0.403099535815554,0.4511076988021933,0.403099535815554,False,left_only,left,none,none,0,moving_average,4,2.0,peak,16,-1,-1,16,False,0.4710393992608395,False,False,False,False,False,False,False,,
frame_000100.jpg,32.25151514524252,32.43301288185037,100,True,0.08755334933692395,0.11648209991207338,0.013806689305359277,0.6864612618695527,False,False,False,False,True,0.4169954132011349,0.16968488446797209,0.18,False,False,True,True,True,32.25151514524252,32.43301288185037,32.25151514524252,32.43301288185037,False,False,True,True,0.5751810134504648,0.5033704122778292,0.5751810134504648,False,both,left,none,none,0,moving_average,4,2.0,peak,16,-1,-1,16,False,0.514246260351819,False,False,False,False,False,False,False,,
frame_000101.jpg,32.2243452401253,,101,True,0.4194999901467681,0.03758337633826816,0.0009883895737194774,1.0060062457915457,True,False,False,True,True,0.4169954132011349,0.16968488446797209,0.18,False,True,True,False,True,32.2243452401253,,32.2243452401253,32.53998595458544,False,True,True,False,0.5644582317894382,0.5603420121232898,0.5644582317894382,False,left_only,left,none,none,0,moving_average,4,2.0,peak,16,-1,-1,16,False,0.5902241144593324,False,False,False,False,False,False,False,,
frame_000102.jpg,,,102,False,,,,0.0,False,False,False,False,True,0.4169954132011349,0.16968488446797209,0.18,True,True,False,False,False,,,32.39303587088383,32.646959027320506,True,True,False,False,0.6310330981380945,0.6173136119687467,0.6310330981380945,False,missing,left,none,none,0,moving_average,4,2.0,peak,16,-1,-1,16,False,0.6310330981380944,True,False,False,False,False,False,False,5,
frame_000103.jpg,32.561726501642354,32.75393210005558,103,True,,,,0.0,False,False,False,False,False,0.4169954132011349,0.16968488446797209,0.18,False,False,True,True,True,32.561726501642354,32.75393210005558,32.561726501642354,32.75393210005558,False,False,False,False,0.6976079644867507,0.6742852118142073,0.6976079644867507,False,both,left,none,none,0,moving_average,4,2.0,peak,16,-1,-1,16,False,0.6302298241589022,False,False,False,False,False,False,False,,
frame_000104.jpg,32.21823911622358,32.56578135831836,104,True,0.32811835242150283,0.118336395650704,0.08516336969720811,0.7868632172777333,False,False,False,False,False,0.4169954132011349,0.16968488446797209,0.18,False,False,True,True,True,32.21823911622358,32.56578135831836,32.21823911622358,32.56578135831836,False,False,False,False,0.5620484098518613,0.5740800994919091,0.5620484098518613,False,both,left,none,none,0,moving_average,4,2.0,peak,16,-1,-1,16,False,0.5737186976439423,False,False,False,False,False,False,False,,
frame_000105.jpg,31.963463957359025,32.417880056724734,105,True,0.04315111191110456,0.0319162547169165,0.005030009246407272,0.18809132479293214,False,False,False,False,False,0.4169954132011349,0.16968488446797209,0.18,False,False,True,True,True,31.963463957359025,32.417880056724734,31.963463957359025,32.417880056724734,False,False,False,False,0.46149971859321504,0.4953109891394095,0.46149971859321504,False,both,left,none,none,0,moving_average,4,2.0,peak,16,-1,-1,16,False,0.4937974100715114,False,False,False,False,False,False,False,,
frame_000106.jpg,31.95420117785029,32.40268957360634,106,True,0.06582146837095666,0.06712066028671394,0.0853482743562059,0.47415707975669946,False,False,False,False,False,0.4169954132011349,0.16968488446797209,0.18,False,False,True,True,True,31.95420117785029,32.40268957360634,31.95420117785029,32.40268957360634,False,False,False,False,0.4578441017694579,0.4872208585714698,0.4578441017694579,False,both,left,none,none,0,moving_average,4,2.0,peak,16,-1,-1,16,False,0.4301245698336813,False,False,False,False,False,False,False,,
frame_000107.jpg,31.73422710819392,32.16223653876548,107,True,0.10174653576267849,0.05859474971324341,0.005028803266492347,0.3453150815227925,False,False,False,False,False,0.4169954132011349,0.16968488446797209,0.18,False,False,True,True,True,31.73422710819392,32.16223653876548,31.73422710819392,32.16223653876548,False,False,False,False,0.3710298891383711,0.35916064928397223,0.3710298891383711,False,both,left,none,none,0,moving_average,4,2.0,peak,16,-1,-1,16,False,0.39436202191505265,False,False,False,False,False,False,False,,
frame_000108.jpg,31.69161331325868,32.11937695823465,108,True,0.01707518456894143,0.021713732769613324,0.0019531543587748834,0.12796503847525545,False,False,False,False,False,0.4169954132011349,0.16968488446797209,0.18,False,False,True,True,True,31.69161331325868,32.11937695823465,31.69161331325868,32.11937695823465,False,False,False,False,0.3542120748373289,0.3363345416559936,0.3542120748373289,False,both,left,none,none,0,moving_average,4,2.0,peak,16,-1,-1,16,False,0.34580211067436845,False,False,False,False,False,False,False,,
frame_000109.jpg,31.58507079099217,,109,True,0.05392697858115983,0.10018277295538433,0.02981952557818211,0.5904048157824793,False,False,False,False,False,0.4169954132011349,0.16968488446797209,0.18,False,True,True,False,True,31.58507079099217,,31.58507079099217,32.23080071352157,False,True,False,False,0.3121643680474054,0.3956764810541997,0.3121643680474054,False,left_only,left,none,none,0,moving_average,4,2.0,peak,16,-1,-1,16,False,0.347943620099024,False,False,False,False,False,False,False,,
frame_000110.jpg,31.75050589005712,,110,True,0.1457349033614482,0.0,4.831204880595408e-16,0.34948802492260017,False,False,False,False,False,0.4169954132011349,0.16968488446797209,0.18,False,True,True,False,True,31.75050589005712,,31.75050589005712,32.34222446880848,False,True,False,False,0.37745441741233793,0.45501842045240587,0.37745441741233793,False,left_only,left,none,none,0,moving_average,4,2.0,peak,16,-1,-1,16,False,0.40630986712657147,False,False,False,False,False,False,False,,
frame_000111.jpg,32.135287010229625,,111,True,0.06905972370903549,0.0,4.831204880595408e-16,0.16561266988259413,False,False,False,False,False,0.4169954132011349,0.16968488446797209,0.18,False,True,True,False,True,32.135287010229625,,32.135287010229625,32.4536482240954,False,True,False,False,0.5293108159199712,0.5143603598506158,0.5293108159199712,False,left_only,left,none,none,0,moving_average,4,2.0,peak,16,-1,-1,16,False,0.52339500487102,False,False,False,False,False,False,False,,
frame_000112.jpg,32.475098822071736,32.56507197938232,112,True,0.23931008719186547,0.03700604054614722,0.025348519139685933,0.5738914137082747,False,False,False,False,False,0.4169954132011349,0.16968488446797209,0.18,False,False,True,True,True,32.475098822071736,32.56507197938232,32.475098822071736,32.56507197938232,False,False,False,False,0.663419781280751,0.5737022992488219,0.663419781280751,False,both,left,none,none,0,moving_average,4,2.0,peak,16,-1,-1,16,False,0.6401824341157951,False,False,False,False,False,False,False,,
frame_000113.jpg,,,113,False,,,,0.0,False,False,False,False,False,0.4169954132011349,0.16968488446797209,0.18,True,True,False,False,False,,,32.638270876356586,32.80100780079088,True,True,False,False,0.7278167051466634,0.6993567360414137,0.7278167051466634,False,missing,left,none,none,0,moving_average,4,2.0,peak,16,-1,-1,16,False,0.7278167051466644,False,False,False,False,False,False,False,,
frame_000114.jpg,32.80144293064144,33.03694362219944,114,True,,,,0.0,False,False,False,False,False,0.4169954132011349,0.16968488446797209,0.18,False,False,True,True,True,32.80144293064144,33.03694362219944,32.80144293064144,33.03694362219944,False,False,False,False,0.7922136290125787,0.8250111728340054,0.7922136290125787,False,both,left,none,none,0,moving_average,4,2.0,peak,16,-1,-1,16,False,0.7660260308097555,False,False,False,False,False,False,False,,
frame_000115.jpg,32.76554875913398,,115,True,0.003086520993012629,0.021286256586287845,0.004235530532444399,0.1254458029837396,False,False,False,False,False,0.4169954132011349,0.16968488446797209,0.18,False,True,True,False,True,32.76554875913398,,32.76554875913398,33.018700705625875,False,True,False,False,0.7780477582700245,0.8152953806587436,0.7780477582700245,False,left_only,left,none,none,0,moving_average,4,2.0,peak,16,-1,-1,16,False,0.7845321381198653,True,False,False,False,False,False,False,6,
frame_000116.jpg,32.77894589770826,33.00045778905231,116,True,0.006502944054448522,0.010736081361534864,0.005629123309898003,0.06327069965717125,False,False,False,False,False,0.4169954132011349,0.16968488446797209,0.18,False,False,True,True,True,32.77894589770826,33.00045778905231,32.77894589770826,33.00045778905231,False,False,False,False,0.7833350270769929,0.8055795884834818,0.7833350270769929,False,both,left,none,none,0,moving_average,4,2.0,peak,16,-1,-1,16,False,0.7700428104065327,False,False,False,False,False,False,False,,
frame_000117.jpg,32.69130164315788,,117,True,0.032055777932806694,0.041344226363117784,0.023237539799681236,0.24365297175849202,False,False,False,False,False,0.4169954132011349,0.16968488446797209,0.18,False,True,True,False,True,32.69130164315788,,32.69130164315788,32.976055695635345,False,True,False,False,0.7487456458725807,0.7925835487699552,0.7487456458725807,False,left_only,left,none,none,0,moving_average,4,2.0,peak,16,-1,-1,16,False,0.7431937210249757,False,False,False,False,False,False,False,,
frame_000118.jpg,32.56145417788402,,118,True,0.011969049206935265,0.0,4.831204880595408e-16,0.02870307161187424,False,False,False,False,False,0.4169954132011349,0.16968488446797209,0.18,False,True,True,False,True,32.56145417788402,,32.56145417788402,32.95165360221838,False,True,False,False,0.6975004901253535,0.7795875090564285,0.6975004901253535,False,left_only,left,none,none,0,moving_average,4,2.0,peak,16,-1,-1,16,False,0.7127654512433453,False,False,False,False,False,False,False,,
frame_000119.jpg,,,119,True,0.014193723326441024,0.0,4.831204880595408e-16,0.03403808022126799,False,False,False,False,False,0.4169954132011349,0.16968488446797209,0.18,True,True,False,False,False,,,32.54764401290362,32.92725150880141,True,True,False,False,0.6920502177321018,0.7665914693429018,0.6920502177321018,False,missing,left,none,none,0,moving_average,4,2.0,peak,16,-1,-1,16,False,0.6920502177321028,False,False,False,False,False,False,False,,
frame_000120.jpg,32.53383384792322,,120,True,0.014193723326441024,0.0,4.831204880595408e-16,0.03403808022126799,False,False,False,False,False,0.4169954132011349,0.16968488446797209,0.18,False,True,True,False,True,32.53383384792322,,32.53383384792322,32.902849415384445,False,True,False,False,0.686599945338853,0.7535954296293752,0.686599945338853,False,left_only,left,none,none,0,moving_average,4,2.0,peak,16,-1,-1,16,False,0.7399947330362883,False,False,False,False,False,False,False,,
frame_000121.jpg,32.92590660437717,,121,True,0.2274718270274733,0.0,9.662409761190816e-16,0.5455019883342309,False,False,False,False,False,0.4169954132011349,0.16968488446797209,0.18,False,True,True,False,True,32.92590660437717,,32.92590660437717,32.87844732196748,False,True,False,False,0.84133403603791,0.7405993899158485,0.84133403603791,False,left_only,left,none,none,0,moving_average,4,2.0,peak,16,-1,-1,16,False,0.789756005804891,False,False,False,False,False,False,False,,
frame_000122.jpg,32.92590660437717,,122,True,0.0,0.0,0.0,0.0,False,False,False,False,True,0.4169954132011349,0.16968488446797209,0.18,False,True,True,False,True,32.92590660437717,,32.92590660437717,32.85404522855051,False,True,True,False,0.84133403603791,0.7276033502023218,0.84133403603791,False,left_only,left,none,none,0,moving_average,4,2.0,peak,16,-1,-1,16,False,0.8430329150631513,True,False,False,False,False,False,False,7,
frame_000123.jpg,32.93882071100937,,123,True,0.7712782127986294,0.0,9.662409761190816e-16,1.8496083850845826,True,False,False,True,True,0.4169954132011349,0.16968488446797209,0.18,False,True,True,False,True,32.93882071100937,,32.93882071100937,32.829643135133544,False,True,True,False,0.8464306731136338,0.7146073104887952,0.8464306731136338,False,left_only,left,none,none,0,moving_average,4,2.0,peak,16,-1,-1,16,False,0.7785040993282535,False,False,False,False,False,False,False,,
frame_000124.jpg,32.43538785944662,,124,True,0.8182095588968252,0.0,0.0,1.9621548175211398,True,False,False,True,True,0.4169954132011349,0.16968488446797209,0.18,False,True,True,False,True,32.43538785944662,,32.43538785944662,32.80524104171658,False,True,True,False,0.6477475888332169,0.7016112707752685,0.6477475888332169,False,left_only,left,none,none,0,moving_average,4,2.0,peak,16,-1,-1,16,False,0.7184884349080722,False,False,False,False,False,False,False,,
frame_000125.jpg,32.4696947856371,,125,True,0.3457414371150474,0.0,4.831204880595408e-16,0.8291252761293116,False,False,False,False,True,0.4169954132011349,0.16968488446797209,0.18,False,True,True,False,True,32.4696947856371,,32.4696947856371,32.78083894829962,False,True,True,False,0.661287042777366,0.6886152310617457,0.661287042777366,False,left_only,left,none,none,0,moving_average,4,2.0,peak,16,-1,-1,16,False,0.6567738914626496,False,False,False,False,False,False,False,,
frame_000126.jpg,32.4696947856371,,126,True,0.0,0.0,0.0,0.0,False,False,False,False,False,0.4169954132011349,0.16968488446797209,0.18,False,True,True,False,True,32.4696947856371,,32.4696947856371,32.75643685488265,False,True,False,False,0.661287042777366,0.675619191348219,0.661287042777366,False,left_only,left,none,none,0,moving_average,4,2.0,peak,16,-1,-1,16,False,0.5932789278902586,False,False,False,False,False,False,False,,
frame_000127.jpg,31.952727989026958,,127,True,0.10776536844712604,0.0,0.0,0.25843298279913246,False,False,False,False,False,0.4169954132011349,0.16968488446797209,0.18,False,True,True,False,True,31.952727989026958,,31.952727989026958,32.732034761465684,False,True,False,False,0.4572626981160439,0.6626231516346923,0.4572626981160439,False,left_only,left,none,none,0,moving_average,4,2.0,peak,16,-1,-1,16,False,0.5661643537380101,False,False,False,False,False,False,False,,
frame_000128.jpg,32.2635821097571,,128,True,0.13179109079063595,0.0,0.0,0.3160492576619,False,False,False,False,True,0.4169954132011349,0.16968488446797209,0.18,False,True,True,False,True,32.2635821097571,,32.2635821097571,32.70763266804872,False,True,True,False,0.5799433203206205,0.6496271119211657,0.5799433203206205,False,left_only,left,none,none,0,moving_average,4,2.0,peak,16,-1,-1,16,False,0.5988037708192089,False,False,False,False,False,False,False,,
frame_000129.jpg,32.71780480779695,,129,True,0.9689048732975741,0.0,0.0,2.32353844340784,True,False,False,True,True,0.4169954132011349,0.16968488446797209,0.18,False,True,True,False,True,32.71780480779695,,32.71780480779695,32.68323057463175,False,True,True,False,0.7592052940209625,0.636631072207639,0.7592052940209625,False,left_only,left,none,none,0,moving_average,4,2.0,peak,16,-1,-1,16,False,0.7747714828789127,False,False,False,False,False,False,False,,
frame_000130.jpg,33.29035460257638,,130,True,0.31187619630437124,0.0,0.0,0.7479127741722662,False,False,False,False,True,0.4169954132011349,0.16968488446797209,0.18,False,True,True,False,True,33.29035460257638,,33.29035460257638,32.65882848121478,False,True,True,False,0.9851658342951551,0.6236350324941123,0.9851658342951551,False,left_only,left,none,none,0,moving_average,4,2.0,peak,16,-1,-1,16,False,0.9147903761053724,False,False,False,False,False,False,False,,
frame_000131.jpg,33.327942132327045,,131,True,0.24934610654319778,0.0,0.0,0.5979588711277439,False,False,False,False,False,0.4169954132011349,0.16968488446797209,0.18,False,True,True,False,True,33.327942132327045,,33.327942132327045,32.63442638779782,False,True,False,False,1.0,0.6106389927805858,1.0,False,left_only,left,none,none,0,moving_average,4,2.0,peak,16,-1,-1,16,False,0.9501715907038222,True,False,False,False,False,False,False,8,
frame_000132.jpg,,,132,False,,,,0.0,False,False,False,False,False,0.4169954132011349,0.16968488446797209,0.18,True,True,False,False,False,,,32.98675672921838,32.61002429438085,True,True,False,False,0.8653489378163114,0.5976429530670591,0.8653489378163114,False,missing,left,none,none,0,moving_average,4,2.0,peak,16,-1,-1,16,False,0.8653489378163113,False,False,False,False,False,False,False,,
frame_000133.jpg,,32.58562220096388,133,True,,,,0.0,False,False,False,False,True,0.4169954132011349,0.16968488446797209,0.18,True,False,False,True,True,,32.58562220096388,32.64557132610971,32.58562220096388,True,False,False,True,0.7306978756326228,0.5846469133535324,0.7306978756326228,False,right_only,left,none,none,0,moving_average,4,2.0,peak,16,-1,-1,16,False,0.7306978756326228,False,False,False,False,False,False,False,,
frame_000134.jpg,32.30438592300104,33.11152847565398,134,True,0.5657808453364668,0.25593704218792135,0.0048948007070794535,1.508307843626633,True,True,False,True,True,0.4169954132011349,0.16968488446797209,0.18,False,False,True,True,True,32.30438592300104,33.11152847565398,32.30438592300104,33.11152847565398,False,False,True,True,0.5960468134489342,0.8647334909548265,0.5960468134489342,False,both,left,none,none,0,moving_average,4,2.0,peak,16,-1,-1,16,False,0.5971325376712391,False,False,False,False,False,False,False,,
frame_000135.jpg,,,135,False,,,,0.0,False,False,False,False,True,0.4169954132011349,0.16968488446797209,0.18,True,True,False,False,False,,,31.971453702238904,32.366279151780105,True,True,False,False,0.4646529239321602,0.467829436698174,0.4646529239321602,False,missing,left,none,none,0,moving_average,4,2.0,peak,16,-1,-1,16,False,0.4646529239321606,False,False,False,False,False,False,False,,
frame_000136.jpg,31.63852148147677,31.621029827906227,136,True,,,,0.0,False,False,False,False,False,0.4169954132011349,0.16968488446797209,0.18,False,False,True,True,True,31.63852148147677,31.621029827906227,31.63852148147677,31.621029827906227,False,False,False,False,0.3332590344153875,0.07092538244151778,0.3332590344153875,False,both,left,none,none,0,moving_average,4,2.0,peak,16,-1,-1,16,False,0.37814237145128027,False,False,False,False,False,False,False,,
frame_000137.jpg,,,137,False,,,,0.0,False,False,False,False,False,0.4169954132011349,0.16968488446797209,0.18,True,True,False,False,False,,,31.646772000555842,31.78535824075391,True,True,False,False,0.3365151560062933,0.15844322539610647,0.3365151560062933,False,missing,left,none,none,0,moving_average,4,2.0,peak,16,-1,-1,16,False,0.3365151560062928,False,False,False,False,False,False,False,,
frame_000138.jpg,,,138,False,,,,0.0,False,False,False,False,False,0.4169954132011349,0.16968488446797209,0.18,True,True,False,False,False,,,31.65502251963491,31.949686653601592,True,True,False,False,0.3397712775971976,0.2459610683506933,0.3397712775971976,False,missing,left,none,none,0,moving_average,4,2.0,peak,16,-1,-1,16,False,0.33977127759719805,False,False,False,False,False,False,False,,
frame_000139.jpg,31.663273038713985,32.11401506644928,139,True,,,,0.0,False,False,False,False,False,0.4169954132011349,0.16968488446797209,0.18,False,False,True,True,True,31.663273038713985,32.11401506644928,31.663273038713985,32.11401506644928,False,False,False,False,0.3430273991881034,0.333478911305282,0.3430273991881034,False,both,left,none,none,0,moving_average,4,2.0,peak,16,-1,-1,16,False,0.33597181330810555,False,False,False,False,False,False,False,,
frame_000140.jpg,31.61789019894103,32.05527894180956,140,True,0.3070293133791311,0.09681634280703115,0.005336167623728407,0.7362894258768203,False,False,False,False,False,0.4169954132011349,0.16968488446797209,0.18,False,False,True,True,True,31.61789019894103,32.05527894180956,31.61789019894103,32.05527894180956,False,False,False,False,0.32511676313901583,0.3021972915117262,0.32511676313901583,False,both,left,none,none,0,moving_average,4,2.0,peak,16,-1,-1,16,False,0.3649431863706286,False,False,False,False,False,False,False,,
frame_000141.jpg,31.875249737377853,32.33179418791067,141,True,0.03329220194808696,0.0063516820811491135,0.023842221250543156,0.13245678472523975,False,False,False,False,False,0.4169954132011349,0.16968488446797209,0.18,False,False,True,True,True,31.875249737377853,32.33179418791067,31.875249737377853,32.33179418791067,False,False,False,False,0.4266853967847667,0.44946347307739953,0.4266853967847667,False,both,left,none,none,0,moving_average,4,2.0,peak,16,-1,-1,16,False,0.4334783812890566,False,False,False,False,False,False,False,,
frame_000142.jpg,32.18424645829554,32.404273438738514,142,True,0.11245182745325039,0.02818339858933231,0.01667509198567332,0.2696716172247439,False,False,False,False,False,0.4169954132011349,0.16968488446797209,0.18,False,False,True,True,True,32.18424645829554,32.404273438738514,32.18424645829554,32.404273438738514,False,False,False,False,0.5486329839433872,0.4880643916981938,0.5486329839433872,False,both,left,none,none,0,moving_average,4,2.0,peak,16,-1,-1,16,False,0.5372685920636702,False,False,False,False,False,False,False,,
frame_000143.jpg,32.40685623443124,32.58327260084914,143,True,0.1066758791429637,0.0323862005758814,0.027522136414443257,0.25582026987790707,False,False,False,False,False,0.4169954132011349,0.16968488446797209,0.18,False,False,True,True,True,32.40685623443124,32.58327260084914,32.40685623443124,32.58327260084914,False,False,False,False,0.6364873954628565,0.5833955659432792,0.6364873954628565,False,both,left,none,none,0,moving_average,4,2.0,peak,16,-1,-1,16,False,0.5986095710445615,False,False,False,False,False,False,False,,
frame_000144.jpg,32.34153599538283,,144,True,0.05830969261601046,0.0407515387198904,0.00575791463574968,0.24016009939637392,False,False,False,False,False,0.4169954132011349,0.16968488446797209,0.18,False,True,True,False,True,32.34153599538283,,32.34153599538283,32.436853639383365,False,True,False,False,0.6107083337274409,0.5054159186438596,0.6107083337274409,False,left_only,left,none,none,0,moving_average,4,2.0,peak,16,-1,-1,16,False,0.6658124844090245,True,False,False,False,False,False,False,9,
frame_000145.jpg,32.69509247869423,,145,True,0.25868953518141596,0.0,0.0,0.6203654212777607,False,False,False,False,False,0.4169954132011349,0.16968488446797209,0.18,False,True,True,False,True,32.69509247869423,,32.69509247869423,32.29043467791759,False,True,False,False,0.7502417240367765,0.42743627134443996,0.7502417240367765,False,left_only,left,none,none,0,moving_average,4,2.0,peak,16,-1,-1,16,False,0.6325692208065189,False,False,False,False,False,False,False,,
frame_000146.jpg,,,146,False,,,,0.0,False,False,False,False,False,0.4169954132011349,0.16968488446797209,0.18,True,True,False,False,False,,,32.154156045314366,32.144015716451804,True,True,False,False,0.5367576046553393,0.3494566240450165,0.5367576046553393,False,missing,left,none,none,0,moving_average,4,2.0,peak,16,-1,-1,16,False,0.5367576046553388,False,False,False,False,False,False,False,,
frame_000147.jpg,31.6132196119345,31.997596754986027,147,True,,,,0.0,False,False,False,False,False,0.4169954132011349,0.16968488446797209,0.18,False,False,True,True,True,31.6132196119345,31.997596754986027,31.6132196119345,31.997596754986027,False,False,False,False,0.3232734852739009,0.27147697674559684,0.3232734852739009,False,both,left,none,none,0,moving_average,4,2.0,peak,16,-1,-1,16,False,0.3996596788121881,False,False,False,False,False,False,False,,
frame_000148.jpg,,,148,False,,,,0.0,False,False,False,False,False,0.4169954132011349,0.16968488446797209,0.18,True,True,False,False,False,,,31.652936323319526,32.0458202725651,True,True,False,False,0.3389479465073242,0.2971598039881092,0.3389479465073242,False,missing,left,none,none,0,moving_average,4,2.0,peak,16,-1,-1,16,False,0.33894794650732374,False,False,False,False,False,False,False,,
frame_000149.jpg,,,149,False,,,,0.0,False,False,False,False,False,0.4169954132011349,0.16968488446797209,0.18,True,True,False,False,False,,,31.69265303470455,32.09404379014418,True,True,False,False,0.35462240774074616,0.3228426312306215,0.35462240774074616,False,missing,left,none,none,0,moving_average,4,2.0,peak,16,-1,-1,16,False,0.3546224077407466,False,False,False,False,False,False,False,,
frame_000150.jpg,,,150,False,,,,0.0,False,False,False,False,False,0.4169954132011349,0.16968488446797209,0.18,True,True,False,False,False,,,31.732369746089574,32.142267307723245,True,True,False,False,0.3702968689741695,0.34852545847313005,0.3702968689741695,False,missing,left,none,none,0,moving_average,4,2.0,peak,16,-1,-1,16,False,0.370296868974169,False,False,False,False,False,False,False,,
frame_000151.jpg,,,151,False,,,,0.0,False,False,False,False,False,0.4169954132011349,0.16968488446797209,0.18,True,True,False,False,False,,,31.772086457474597,32.19049082530232,True,True,False,False,0.38597133020759145,0.3742082857156424,0.38597133020759145,False,missing,left,none,none,0,moving_average,4,2.0,peak,16,-1,-1,16,False,0.3859713302075919,False,False,False,False,False,False,False,,
frame_000152.jpg,,,152,False,,,,0.0,False,False,False,False,False,0.4169954132011349,0.16968488446797209,0.18,True,True,False,False,False,,,31.811803168859623,32.238714342881394,True,True,False,False,0.4016457914410148,0.3998911129581547,0.4016457914410148,False,missing,left,none,none,0,moving_average,4,2.0,peak,16,-1,-1,16,False,0.4016457914410143,False,False,False,False,False,False,False,,
frame_000153.jpg,,,153,False,,,,0.0,False,False,False,False,False,0.4169954132011349,0.16968488446797209,0.18,True,True,False,False,False,,,31.851519880244645,32.28693786046047,True,True,False,False,0.4173202526744368,0.4255739402006671,0.4173202526744368,False,missing,left,none,none,0,moving_average,4,2.0,peak,16,-1,-1,16,False,0.41732025267443723,False,False,False,False,False,False,False,,
frame_000154.jpg,,,154,False,,,,0.0,False,False,False,False,False,0.4169954132011349,0.16968488446797209,0.18,True,True,False,False,False,,,31.89123659162967,32.33516137803954,True,True,False,False,0.4329947139078601,0.4512567674431756,0.4329947139078601,False,missing,left,none,none,0,moving_average,4,2.0,peak,16,-1,-1,16,False,0.4329947139078596,False,False,False,False,False,False,False,,
frame_000155.jpg,,,155,True,,,,0.0,False,False,False,False,True,0.4169954132011349,0.16968488446797209,0.18,True,True,False,False,False,,,31.930953303014693,32.38338489561861,True,True,False,False,0.4486691751412821,0.476939594685688,0.4486691751412821,False,missing,left,none,none,0,moving_average,4,2.0,peak,16,-1,-1,16,False,0.4486691751412825,False,False,False,False,False,False,False,,
frame_000156.jpg,31.97067001439972,,156,True,0.30094418477932383,0.7923930092389414,0.03508540013504327,4.669791370771773,False,True,False,True,True,0.4169954132011349,0.16968488446797209,0.18,False,True,True,False,True,31.97067001439972,,31.97067001439972,32.43160841319769,False,True,True,False,0.46434363637470544,0.5026224219282003,0.46434363637470544,False,left_only,left,none,none,0,moving_average,4,2.0,peak,16,-1,-1,16,False,0.4591188159635643,False,False,False,False,False,False,False,,
frame_000157.jpg,31.97067001439972,,157,True,0.0,0.0,0.0,0.0,False,False,False,False,True,0.4169954132011349,0.16968488446797209,0.18,False,True,True,False,True,31.97067001439972,,31.97067001439972,32.47983193077676,False,True,True,False,0.46434363637470544,0.5283052491707126,0.46434363637470544,False,left_only,left,none,none,0,moving_average,4,2.0,peak,16,-1,-1,16,False,0.4717793837242709,False,False,False,False,False,False,False,,
frame_000158.jpg,,,158,False,,,,0.0,False,False,False,False,False,0.4169954132011349,0.16968488446797209,0.18,True,True,False,False,False,,,32.02719318805463,32.52805544835583,True,True,False,False,0.4866508784234019,0.5539880764132211,0.4866508784234019,False,missing,left,none,none,0,moving_average,4,2.0,peak,16,-1,-1,16,False,0.4866508784234024,False,False,False,False,False,False,False,,
frame_000159.jpg,,,159,False,,,,0.0,False,False,False,False,False,0.4169954132011349,0.16968488446797209,0.18,True,True,False,False,False,,,32.08371636170955,32.576278965934904,True,True,False,False,0.5089581204720998,0.5796709036557335,0.5089581204720998,False,missing,left,none,none,0,moving_average,4,2.0,peak,16,-1,-1,16,False,0.5089581204720998,False,False,False,False,False,False,False,,
frame_000160.jpg,32.140239535364465,32.62450248351398,160,True,,,,0.0,False,False,False,False,False,0.4169954132011349,0.16968488446797209,0.18,False,False,True,True,True,32.140239535364465,32.62450248351398,32.140239535364465,32.62450248351398,False,False,False,False,0.5312653625207976,0.6053537308982458,0.5312653625207976,False,both,left,none,none,0,moving_average,4,2.0,peak,16,-1,-1,16,False,0.5536073707550848,False,False,False,False,False,False,False,,
frame_000161.jpg,32.3665965067344,32.958081953258294,161,True,0.3771546279850212,0.14868991164890694,0.047479101594167974,0.9044574977209718,False,False,False,False,False,0.4169954132011349,0.16968488446797209,0.18,False,False,True,True,True,32.3665965067344,32.958081953258294,32.3665965067344,32.958081953258294,False,False,False,False,0.6205986292723571,0.7830111130882506,0.6205986292723571,False,both,left,none,none,0,moving_average,4,2.0,peak,16,-1,-1,16,False,0.5903330981867991,False,False,False,False,False,False,False,,
frame_000162.jpg,32.36288865894301,33.36551246328921,162,True,0.14951727986969618,0.038022780905846494,0.05102456996334143,0.35855857195622803,False,False,False,False,False,0.4169954132011349,0.16968488446797209,0.18,False,False,True,True,True,32.36288865894301,33.36551246328921,32.36288865894301,33.36551246328921,False,False,False,False,0.6191353027672429,1.0,0.6191353027672429,False,both,left,none,none,0,moving_average,4,2.0,peak,16,-1,-1,16,False,0.6178831575191344,True,False,False,False,False,False,False,10,
frame_000163.jpg,32.34966257176386,33.19689782692734,163,True,0.10769320048483819,0.058093669779668185,0.001232996429391335,0.34236207875447694,False,False,False,False,False,0.4169954132011349,0.16968488446797209,0.18,False,False,True,True,True,32.34966257176386,33.19689782692734,32.34966257176386,33.19689782692734,False,False,False,False,0.6139155405178033,0.9101994049036369,0.6139155405178033,False,both,left,none,none,0,moving_average,4,2.0,peak,16,-1,-1,16,False,0.6095500711118271,False,False,False,False,False,False,False,,
frame_000164.jpg,32.3032521691798,33.16218414511085,164,True,0.008642987434647942,0.0025609600101500164,0.01379476505724856,0.07663758365138089,False,False,False,False,False,0.4169954132011349,0.16968488446797209,0.18,False,False,True,True,True,32.3032521691798,33.16218414511085,32.3032521691798,33.16218414511085,False,False,False,False,0.5955993700504352,0.8917116309335492,0.5955993700504352,False,both,left,none,none,0,moving_average,4,2.0,peak,16,-1,-1,16,False,0.5965118096809385,False,False,False,False,False,False,False,,
frame_000165.jpg,32.26377771819011,33.05667197046109,165,True,0.02744665803328031,0.03585105801621499,0.0004429475081730756,0.21128020995283087,False,False,False,False,False,0.4169954132011349,0.16968488446797209,0.18,False,False,True,True,True,32.26377771819011,33.05667197046109,32.26377771819011,33.05667197046109,False,False,False,False,0.580020518474577,0.8355180745620528,0.580020518474577,False,both,left,none,none,0,moving_average,4,2.0,peak,16,-1,-1,16,False,0.559062461736513,False,False,False,False,False,False,False,,
frame_000166.jpg,32.06498964009819,32.488975213877005,166,True,0.07289830451671132,0.012051748377594911,0.029720142749458018,0.17481800089141344,False,False,False,False,False,0.4169954132011349,0.16968488446797209,0.18,False,False,True,True,True,32.06498964009819,32.488975213877005,32.06498964009819,32.488975213877005,False,False,False,False,0.5015674966845266,0.5331747686931714,0.5015674966845266,False,both,left,none,none,0,moving_average,4,2.0,peak,16,-1,-1,16,False,0.5277185039478767,False,False,False,False,False,False,False,,
frame_000167.jpg,32.06498964009819,32.488975213877005,167,True,0.0,0.0,0.0,0.0,False,False,False,False,False,0.4169954132011349,0.16968488446797209,0.18,False,False,True,True,True,32.06498964009819,32.488975213877005,32.06498964009819,32.488975213877005,False,False,False,False,0.5015674966845266,0.5331747686931714,0.5015674966845266,False,both,left,none,none,0,moving_average,4,2.0,peak,16,-1,-1,16,False,0.4941484064094264,False,False,False,False,False,False,False,,
frame_000168.jpg,32.00859308595687,32.50453263171335,168,True,0.047270301133719064,0.011475380574268505,0.029609360201724663,0.164496445565137,False,False,False,False,False,0.4169954132011349,0.16968488446797209,0.18,False,False,True,True,True,32.00859308595687,32.50453263171335,32.00859308595687,32.50453263171335,False,False,False,False,0.47931022585922606,0.5414603209442141,0.47931022585922606,False,both,left,none,none,0,moving_average,4,2.0,peak,16,-1,-1,16,False,0.47616485244064166,False,False,False,False,False,False,False,,
frame_000169.jpg,31.928286831876832,32.40799820890542,169,True,0.08586827501451283,0.06668690788513668,0.0038912427178145297,0.3930044098755525,False,False,False,False,False,0.4169954132011349,0.16968488446797209,0.18,False,False,True,True,True,31.928286831876832,32.40799820890542,31.928286831876832,32.40799820890542,False,False,False,False,0.4476168347781724,0.49004812564206907,0.4476168347781724,False,both,left,none,none,0,moving_average,4,2.0,peak,16,-1,-1,16,False,0.46724323475268376,False,False,False,False,False,False,False,,
frame_000170.jpg,31.997171555089068,32.404428169555054,170,True,0.027580471275078695,0.025965082470536992,0.010277280163019827,0.15301941921313494,False,False,False,False,False,0.4169954132011349,0.16968488446797209,0.18,False,False,True,True,True,31.997171555089068,32.404428169555054,31.997171555089068,32.404428169555054,False,False,False,False,0.47480264362065294,0.4881467980640043,0.47480264362065294,False,both,left,none,none,0,moving_average,4,2.0,peak,16,-1,-1,16,False,0.4920349163078164,False,False,False,False,False,False,False,,
frame_000171.jpg,32.19704818749013,32.66829894799015,171,True,0.03884350512718402,0.02664896412945382,0.029462166679193432,0.16367870377329685,False,False,False,False,False,0.4169954132011349,0.16968488446797209,0.18,False,False,True,True,True,32.19704818749013,32.66829894799015,32.19704818749013,32.66829894799015,False,False,False,False,0.553685270524624,0.6286788031335917,0.553685270524624,False,both,left,none,none,0,moving_average,4,2.0,peak,16,-1,-1,16,False,0.5273910615566336,False,False,False,False,False,False,False,,
frame_000172.jpg,32.19704818749013,32.66829894799015,172,True,0.0,0.0,0.0,0.0,False,False,False,False,False,0.4169954132011349,0.16968488446797209,0.18,False,False,True,True,True,32.19704818749013,32.66829894799015,32.19704818749013,32.66829894799015,False,False,False,False,0.553685270524624,0.6286788031335917,0.553685270524624,False,both,left,none,none,0,moving_average,4,2.0,peak,16,-1,-1,16,False,0.5620102051675226,False,False,False,False,False,False,False,,
frame_000173.jpg,32.26033055903465,32.70118889186494,173,True,0.0034492556629290637,0.019570087866716365,0.0019180836890986958,0.11533194561245794,False,False,False,False,False,0.4169954132011349,0.16968488446797209,0.18,False,False,True,True,True,32.26033055903465,32.70118889186494,32.26033055903465,32.70118889186494,False,False,False,False,0.5786600744533199,0.6461952927834171,0.5786600744533199,False,both,left,none,none,0,moving_average,4,2.0,peak,16,-1,-1,16,False,0.5720598138294599,True,False,False,False,False,False,False,11,
frame_000174.jpg,32.273440747492295,32.70866681628608,174,True,0.0034837999595680336,0.006820491655232656,3.123082840503222e-05,0.0401950455199209,False,False,False,False,False,0.4169954132011349,0.16968488446797209,0.18,False,False,True,True,True,32.273440747492295,32.70866681628608,32.273440747492295,32.70866681628608,False,False,False,False,0.5838340965104359,0.6501778774367644,0.5838340965104359,False,both,left,none,none,0,moving_average,4,2.0,peak,16,-1,-1,16,False,0.5649993263629984,False,False,False,False,False,False,False,,
frame_000175.jpg,32.14337756900436,32.5309902060791,175,True,0.02923826763750879,0.00023442046157279227,0.031071768956670215,0.17262093864816785,False,False,False,False,False,0.4169954132011349,0.16968488446797209,0.18,False,False,True,True,True,32.14337756900436,32.5309902060791,32.14337756900436,32.5309902060791,False,False,False,False,0.5325038081252395,0.5555510664104125,0.5325038081252395,False,both,left,none,none,0,moving_average,4,2.0,peak,16,-1,-1,16,False,0.5440898056124381,False,False,False,False,False,False,False,,
frame_000176.jpg,32.10138588046189,32.52721038174251,176,True,0.013261383550212589,0.00014398714404811931,0.0035545213852765617,0.031802228826474044,False,False,False,False,False,0.4169954132011349,0.16968488446797209,0.18,False,False,True,True,True,32.10138588046189,32.52721038174251,32.10138588046189,32.52721038174251,False,False,False,False,0.5159315122016389,0.5535380117782095,0.5159315122016389,False,both,left,none,none,0,moving_average,4,2.0,peak,16,-1,-1,16,False,0.5130495463827549,False,False,False,False,False,False,False,,
frame_000177.jpg,32.03748679690044,32.483714404640686,177,True,0.008904912973765212,0.011727043557690492,0.0075873609773492055,0.069110714218649,False,False,False,False,False,0.4169954132011349,0.16968488446797209,0.18,False,False,True,True,True,32.03748679690044,32.483714404640686,32.03748679690044,32.483714404640686,False,False,False,False,0.4907133188213863,0.5303729727737709,0.4907133188213863,False,both,left,none,none,0,moving_average,4,2.0,peak,16,-1,-1,16,False,0.49418899912079794,False,False,False,False,False,False,False,,
frame_000178.jpg,32.00000825614348,32.448698619022224,178,True,0.012549665919568251,0.008675303602579417,0.004675300314502623,0.0511259658146915,False,False,False,False,False,0.4169954132011349,0.16968488446797209,0.18,False,False,True,True,True,32.00000825614348,32.448698619022224,32.00000825614348,32.448698619022224,False,False,False,False,0.47592216633936857,0.5117243046975533,0.47592216633936857,False,both,left,none,none,0,moving_average,4,2.0,peak,16,-1,-1,16,False,0.4792839809910241,False,False,False,False,False,False,False,,
frame_000179.jpg,31.988084703260373,32.42957857828274,179,True,0.008958279015059453,0.006903671983385385,0.0008778318314062962,0.04068525022149777,False,False,False,False,False,0.4169954132011349,0.16968488446797209,0.18,False,False,True,True,True,31.988084703260373,32.42957857828274,31.988084703260373,32.42957857828274,False,False,False,False,0.47121645781231747,0.5015413747116426,0.47121645781231747,False,both,left,none,none,0,moving_average,4,2.0,peak,16,-1,-1,16,False,0.474243336201442,False,False,False,False,False,False,False,,
frame_000180.jpg,31.999170104928524,32.44785237683022,180,True,0.0019429511966644994,0.008557489960469974,0.0015682569830131438,0.05043165740602661,False,False,False,False,False,0.4169954132011349,0.16968488446797209,0.18,False,False,True,True,True,31.999170104928524,32.44785237683022,31.999170104928524,32.44785237683022,False,False,False,False,0.4755913844526401,0.5112736139741539,0.4755913844526401,False,both,left,none,none,0,moving_average,4,2.0,peak,16,-1,-1,16,False,0.49053916238187956,False,False,False,False,False,False,False,,
frame_000181.jpg,32.123881724370044,32.585738356530875,181,True,0.024397615363121385,0.024169844194767396,0.00965631183522343,0.1424395830574375,False,False,False,False,False,0.4169954132011349,0.16968488446797209,0.18,False,False,True,True,True,32.123881724370044,32.585738356530875,32.123881724370044,32.585738356530875,False,False,False,False,0.5248096448806813,0.5847087753559347,0.5248096448806813,False,both,left,none,none,0,moving_average,4,2.0,peak,16,-1,-1,16,False,0.5066591191304628,False,False,False,False,False,False,False,,
frame_000182.jpg,32.110621291954864,32.62275875576008,182,True,0.03319385338493378,0.024957262729146747,0.009946064046378898,0.14708005847072025,False,False,False,False,False,0.4169954132011349,0.16968488446797209,0.18,False,False,True,True,True,32.110621291954864,32.62275875576008,32.110621291954864,32.62275875576008,False,False,False,False,0.5195763280580671,0.6044250583146276,0.5195763280580671,False,both,left,none,none,0,moving_average,4,2.0,peak,16,-1,-1,16,False,0.5345731845468269,False,False,False,False,False,False,False,,
frame_000183.jpg,32.211360150228536,32.71335344668582,183,True,0.02249638288933247,0.011510146461661843,0.0038523165149287877,0.06783247958561904,False,False,False,False,False,0.4169954132011349,0.16968488446797209,0.18,False,False,True,True,True,32.211360150228536,32.71335344668582,32.211360150228536,32.71335344668582,False,False,False,False,0.5593335807017322,0.6526738778313568,0.5593335807017322,False,both,left,none,none,0,moving_average,4,2.0,peak,16,-1,-1,16,False,0.5629288161197523,False,False,False,False,False,False,False,,
frame_000184.jpg,32.33942835501032,32.77221300192872,184,True,0.031064552366834516,0.009342765510433792,0.0017595241173626232,0.07449614883857425,False,False,False,False,False,0.4169954132011349,0.16968488446797209,0.18,False,False,True,True,True,32.33942835501032,32.77221300192872,32.33942835501032,32.77221300192872,False,False,False,False,0.6098765395994576,0.68402123415798,0.6098765395994576,False,both,left,none,none,0,moving_average,4,2.0,peak,16,-1,-1,16,False,0.5861337140261456,False,False,False,False,False,False,False,,
frame_000185.jpg,32.287014384988645,32.82353864336708,185,True,0.009883931803662897,0.018091907564640082,0.06964405071746298,0.3869113928747943,False,False,False,False,False,0.4169954132011349,0.16968488446797209,0.18,False,False,True,True,True,32.287014384988645,32.82353864336708,32.287014384988645,32.82353864336708,False,False,False,False,0.5891910217772468,0.7113561870678551,0.5891910217772468,False,both,left,none,none,0,moving_average,4,2.0,peak,16,-1,-1,16,False,0.5889515336150857,True,False,False,False,False,False,False,12,
frame_000186.jpg,32.232779934745984,32.66458655737949,186,True,0.12660239966846162,0.005022944129172932,0.06772917580883357,0.3762731989379643,False,False,False,False,False,0.4169954132011349,0.16968488446797209,0.18,False,False,True,True,True,32.232779934745984,32.66458655737949,32.232779934745984,32.66458655737949,False,False,False,False,0.5677870394685527,0.6267016622799799,0.5677870394685527,False,both,left,none,none,0,moving_average,4,2.0,peak,16,-1,-1,16,False,0.5579003364803166,False,False,False,False,False,False,False,,
frame_000187.jpg,,,187,False,,,,0.0,False,False,False,False,False,0.4169954132011349,0.16968488446797209,0.18,True,True,False,False,False,,,32.103391259432556,32.56492870374875,True,True,False,False,0.5167229481951503,0.5736259936715903,0.5167229481951503,False,missing,left,none,none,0,moving_average,4,2.0,peak,16,-1,-1,16,False,0.5167229481951512,False,False,False,False,False,False,False,,
frame_000188.jpg,,,188,False,,,,0.0,False,False,False,False,False,0.4169954132011349,0.16968488446797209,0.18,True,True,False,False,False,,,31.974002584119134,32.465270850118,True,True,False,False,0.4656588569217507,0.5205503250631969,0.4656588569217507,False,missing,left,none,none,0,moving_average,4,2.0,peak,16,-1,-1,16,False,0.4656588569217502,False,False,False,False,False,False,False,,
frame_000189.jpg,31.84461390880571,32.365612996487265,189,True,,,,0.0,False,False,False,False,True,0.4169954132011349,0.16968488446797209,0.18,False,False,True,True,True,31.84461390880571,32.365612996487265,31.84461390880571,32.365612996487265,False,False,True,True,0.4145947656483497,0.4674746564548071,0.4145947656483497,False,both,left,none,none,0,moving_average,4,2.0,peak,16,-1,-1,16,False,0.5181846413310459,False,False,False,False,False,False,False,,
frame_000190.jpg,32.502668412616174,32.92382998901667,190,True,0.43671966987598265,0.021995012683560432,0.014615651104209449,1.0473008960061003,True,False,False,True,True,0.4169954132011349,0.16968488446797209,0.18,False,False,True,True,True,32.502668412616174,32.92382998901667,32.502668412616174,32.92382998901667,False,False,True,True,0.6743003014230373,0.7647692401495557,0.6743003014230373,False,both,left,none,none,0,moving_average,4,2.0,peak,16,-1,-1,16,False,0.5797044049573914,False,False,False,False,False,False,False,,
frame_000191.jpg,,,191,False,,,,0.0,False,False,False,False,True,0.4169954132011349,0.16968488446797209,0.18,True,True,False,False,False,,,32.44164788178573,32.874745003376674,True,True,False,False,0.6502181478007872,0.7386276132073485,0.6502181478007872,False,missing,left,none,none,0,moving_average,4,2.0,peak,16,-1,-1,16,False,0.6502181478007864,True,False,False,False,False,False,False,13,
frame_000192.jpg,,,192,False,,,,0.0,False,False,False,False,False,0.4169954132011349,0.16968488446797209,0.18,True,True,False,False,False,,,32.38062735095527,32.82566001773668,True,True,False,False,0.6261359941785345,0.7124859862651413,0.6261359941785345,False,missing,left,none,none,0,moving_average,4,2.0,peak,16,-1,-1,16,False,0.6261359941785354,False,False,False,False,False,False,False,,
frame_000193.jpg,,32.77657503209669,193,True,,,,0.0,False,False,False,False,True,0.4169954132011349,0.16968488446797209,0.18,True,False,False,True,True,,32.77657503209669,32.319606820124825,32.77657503209669,True,False,False,True,0.6020538405562844,0.686344359322934,0.6020538405562844,False,right_only,left,none,none,0,moving_average,4,2.0,peak,16,-1,-1,16,False,0.6020538405562834,False,False,False,False,False,False,False,,
frame_000194.jpg,,33.09427537427343,194,True,0.8720132448216016,8.881784197001248e-16,6.938893903907228e-18,2.091181862475288,True,False,False,True,True,0.4169954132011349,0.16968488446797209,0.18,True,False,False,True,True,,33.09427537427343,32.25858628929437,33.09427537427343,True,False,False,True,0.5779716869340316,0.8555448534518169,0.5779716869340316,False,right_only,left,none,none,0,moving_average,4,2.0,peak,16,-1,-1,16,False,0.5779716869340324,False,False,False,False,False,False,False,,
frame_000195.jpg,,,195,False,,,,0.0,False,False,False,False,True,0.4169954132011349,0.16968488446797209,0.18,True,True,False,False,False,,,32.197565758463924,33.04360957787324,True,True,False,False,0.5538895333117816,0.8285613200769103,0.5538895333117816,False,missing,left,none,none,0,moving_average,4,2.0,peak,16,-1,-1,16,False,0.5538895333117806,False,False,False,False,False,False,False,,
frame_000196.jpg,,,196,False,,,,0.0,False,False,False,False,False,0.4169954132011349,0.16968488446797209,0.18,True,True,False,False,False,,,32.13654522763347,32.99294378147306,True,True,False,False,0.5298073796895287,0.8015777867020076,0.5298073796895287,False,missing,left,none,none,0,moving_average,4,2.0,peak,16,-1,-1,16,False,0.5298073796895296,False,False,False,False,False,False,False,,
frame_000197.jpg,,,197,False,,,,0.0,False,False,False,False,False,0.4169954132011349,0.16968488446797209,0.18,True,True,False,False,False,,,32.07552469680302,32.94227798507287,True,True,False,False,0.5057252260672787,0.7745942533271012,0.5057252260672787,False,missing,left,none,none,0,moving_average,4,2.0,peak,16,-1,-1,16,False,0.5057252260672778,False,False,False,False,False,False,False,,
frame_000198.jpg,,,198,False,,,,0.0,False,False,False,False,False,0.4169954132011349,0.16968488446797209,0.18,True,True,False,False,False,,,32.01450416597257,32.89161218867269,True,True,False,False,0.48164307244502585,0.7476107199521985,0.48164307244502585,False,missing,left,none,none,0,moving_average,4,2.0,peak,16,-1,-1,16,False,0.4816430724450268,False,False,False,False,False,False,False,,
frame_000199.jpg,,,199,False,,,,0.0,False,False,False,False,False,0.4169954132011349,0.16968488446797209,0.18,True,True,False,False,False,,,31.95348363514212,32.8409463922725,True,True,False,False,0.45756091882277583,0.7206271865772921,0.45756091882277583,False,missing,left,none,none,0,moving_average,4,2.0,peak,16,-1,-1,16,False,0.4575609188227754,False,False,False,False,False,False,False,,
frame_000200.jpg,,,200,False,,,,0.0,False,False,False,False,False,0.4169954132011349,0.16968488446797209,0.18,True,True,False,False,False,,,31.89246310431167,32.79028059587231,True,True,False,False,0.4334787652005244,0.6936436532023856,0.4334787652005244,False,missing,left,none,none,0,moving_average,4,2.0,peak,16,-1,-1,16,False,0.4334787652005244,False,False,False,False,False,False,False,,
frame_000201.jpg,,,201,False,,,,0.0,False,False,False,False,False,0.4169954132011349,0.16968488446797209,0.18,True,True,False,False,False,,,31.83144257348122,32.73961479947213,True,True,False,False,0.40939661157827295,0.666660119827483,0.40939661157827295,False,missing,left,none,none,0,moving_average,4,2.0,peak,16,-1,-1,16,False,0.409396611578273,False,False,False,False,False,False,False,,
frame_000202.jpg,,,202,False,,,,0.0,False,False,False,False,False,0.4169954132011349,0.16968488446797209,0.18,True,True,False,False,False,,,31.770422042650768,32.68894900307194,True,True,False,False,0.38531445795602154,0.6396765864525765,0.38531445795602154,False,missing,left,none,none,0,moving_average,4,2.0,peak,16,-1,-1,16,False,0.3853144579560215,False,False,False,False,False,False,False,,
frame_000203.jpg,,,203,False,,,,0.0,False,False,False,False,False,0.4169954132011349,0.16968488446797209,0.18,True,True,False,False,False,,,31.709401511820317,32.63828320667175,True,True,False,False,0.36123230433377007,0.6126930530776701,0.36123230433377007,False,missing,left,none,none,0,moving_average,4,2.0,peak,16,-1,-1,16,False,0.36123230433377007,False,False,False,False,False,False,False,,
frame_000204.jpg,,,204,False,,,,0.0,False,False,False,False,False,0.4169954132011349,0.16968488446797209,0.18,True,True,False,False,False,,,31.648380980989867,32.58761741027157,True,True,False,False,0.33715015071151866,0.5857095197027674,0.33715015071151866,False,missing,left,none,none,0,moving_average,4,2.0,peak,16,-1,-1,16,False,0.33715015071151866,False,False,False,False,False,False,False,,
frame_000205.jpg,,,205,False,,,,0.0,False,False,False,False,False,0.4169954132011349,0.16968488446797209,0.18,True,True,False,False,False,,,31.587360450159416,32.53695161387138,True,True,False,False,0.31306799708926725,0.558725986327861,0.31306799708926725,False,missing,left,none,none,0,moving_average,4,2.0,peak,16,-1,-1,16,False,0.31306799708926725,False,False,False,False,False,False,False,,
frame_000206.jpg,,,206,False,,,,0.0,False,False,False,False,False,0.4169954132011349,0.16968488446797209,0.18,True,True,False,False,False,,,31.526339919328965,32.4862858174712,True,True,False,False,0.2889858434670158,0.5317424529529583,0.2889858434670158,False,missing,left,none,none,0,moving_average,4,2.0,peak,16,-1,-1,16,False,0.2889858434670158,False,False,False,False,False,False,False,,
frame_000207.jpg,,,207,False,,,,0.0,False,False,False,False,False,0.4169954132011349,0.16968488446797209,0.18,True,True,False,False,False,,,31.465319388498514,32.43562002107101,True,True,False,False,0.26490368984476437,0.5047589195780519,0.26490368984476437,False,missing,left,none,none,0,moving_average,4,2.0,peak,16,-1,-1,16,False,0.26490368984476437,False,False,False,False,False,False,False,,
frame_000208.jpg,,,208,False,,,,0.0,False,False,False,False,False,0.4169954132011349,0.16968488446797209,0.18,True,True,False,False,False,,,31.404298857668064,32.38495422467082,True,True,False,False,0.24082153622251293,0.47777538620314536,0.24082153622251293,False,missing,left,none,none,0,moving_average,4,2.0,peak,16,-1,-1,16,False,0.24082153622251293,False,False,False,False,False,False,False,,
frame_000209.jpg,,,209,False,,,,0.0,False,False,False,False,False,0.4169954132011349,0.16968488446797209,0.18,True,True,False,False,False,,,31.343278326837613,32.33428842827064,True,True,False,False,0.2167393826002615,0.4507918528282427,0.2167393826002615,False,missing,left,none,none,0,moving_average,4,2.0,peak,16,-1,-1,16,False,0.21673938260026146,False,False,False,False,False,False,False,,
frame_000210.jpg,,,210,False,,,,0.0,False,False,False,False,False,0.4169954132011349,0.16968488446797209,0.18,True,True,False,False,False,,,31.282257796007162,32.28362263187045,True,True,False,False,0.19265722897801005,0.42380831945333625,0.19265722897801005,False,missing,left,none,none,0,moving_average,4,2.0,peak,16,-1,-1,16,False,0.19265722897801005,False,False,False,False,False,False,False,,
frame_000211.jpg,,,211,False,,,,0.0,False,False,False,False,False,0.4169954132011349,0.16968488446797209,0.18,True,True,False,False,False,,,31.22123726517671,32.23295683547026,True,True,False,False,0.16857507535575864,0.3968247860784298,0.16857507535575864,False,missing,left,none,none,0,moving_average,4,2.0,peak,16,-1,-1,16,False,0.1685750753557591,False,False,False,False,False,False,False,,
frame_000212.jpg,,,212,False,,,,0.0,False,False,False,False,False,0.4169954132011349,0.16968488446797209,0.18,True,True,False,False,False,,,31.160216734346264,32.18229103907008,True,True,False,False,0.1444929217335086,0.36984125270352713,0.1444929217335086,False,missing,left,none,none,0,moving_average,4,2.0,peak,16,-1,-1,16,False,0.14449292173350814,False,False,False,False,False,False,False,,
frame_000213.jpg,,,213,False,,,,0.0,False,False,False,False,False,0.4169954132011349,0.16968488446797209,0.18,True,True,False,False,False,,,31.099196203515813,32.13162524266989,True,True,False,False,0.12041076811125717,0.3428577193286207,0.12041076811125717,False,missing,left,none,none,0,moving_average,4,2.0,peak,16,-1,-1,16,False,0.12041076811125717,False,False,False,False,False,False,False,,
frame_000214.jpg,,,214,False,,,,0.0,False,False,False,False,False,0.4169954132011349,0.16968488446797209,0.18,True,True,False,False,False,,,31.038175672685362,32.08095944626971,True,True,False,False,0.09632861448900573,0.315874185953718,0.09632861448900573,False,missing,left,none,none,0,moving_average,4,2.0,peak,16,-1,-1,16,False,0.09632861448900573,False,False,False,False,False,False,False,,
frame_000215.jpg,,,215,False,,,,0.0,False,False,False,False,False,0.4169954132011349,0.16968488446797209,0.18,True,True,False,False,False,,,30.97715514185491,32.03029364986952,True,True,False,False,0.0722464608667543,0.2888906525788116,0.0722464608667543,False,missing,left,none,none,0,moving_average,4,2.0,peak,16,-1,-1,16,False,0.07224646086675429,False,False,False,False,False,False,False,,
frame_000216.jpg,,,216,True,,,,0.0,False,False,False,False,False,0.4169954132011349,0.16968488446797209,0.18,True,True,False,False,False,,,30.91613461102446,31.979627853469335,True,True,False,False,0.048164307244502866,0.26190711920390697,0.048164307244502866,False,missing,left,none,none,0,moving_average,4,2.0,peak,16,-1,-1,16,False,0.048164307244502866,False,False,False,False,False,False,False,,
frame_000217.jpg,,,217,False,,,,0.0,False,False,False,False,False,0.4169954132011349,0.16968488446797209,0.18,True,True,False,False,False,,,30.85511408019401,31.92896205706915,True,True,False,False,0.024082153622251433,0.23492358582900244,0.024082153622251433,False,missing,left,none,none,0,moving_average,4,2.0,peak,16,-1,-1,16,False,0.024082153622251433,False,False,False,False,False,False,False,,
frame_000218.jpg,30.79409354936356,,218,True,,,,0.0,False,False,False,False,True,0.4169954132011349,0.16968488446797209,0.18,False,True,True,False,True,30.79409354936356,,30.79409354936356,31.87829626066896,False,True,True,False,0.0,0.20794005245409597,0.0,False,left_only,left,none,none,0,moving_average,4,2.0,peak,16,-1,-1,16,False,0.07974792276667894,False,False,False,False,False,False,False,,
frame_000219.jpg,31.339280501823,31.827630464268776,219,True,1.2587991334602715,0.12785737089541951,0.0046499184956195865,3.0187361625800384,True,False,False,True,True,0.4169954132011349,0.16968488446797209,0.18,False,False,True,True,True,31.339280501823,31.827630464268776,31.339280501823,31.827630464268776,False,False,True,True,0.21516161467778538,0.1809565190791914,0.21516161467778538,False,both,left,none,none,0,moving_average,4,2.0,peak,16,-1,-1,16,False,0.10691211533982159,False,False,False,False,False,False,False,,
frame_000220.jpg,31.061603932770424,31.48785634997582,220,True,0.2972931325511265,0.047751177568902806,0.020117113899438387,0.7129410135927062,False,False,False,False,True,0.4169954132011349,0.16968488446797209,0.18,False,False,True,True,True,31.061603932770424,31.48785634997582,31.061603932770424,31.48785634997582,False,False,True,True,0.10557473134167938,0.0,0.10557473134167938,False,both,left,none,none,0,moving_average,4,2.0,peak,16,-1,-1,16,False,0.13753467015163726,False,False,False,False,False,False,False,,
frame_000221.jpg,31.02687230071348,31.730994174041413,221,True,0.08480142918075295,0.018799125430510415,0.024836405869486232,0.20336297833532657,False,False,False,False,False,0.4169954132011349,0.16968488446797209,0.18,False,False,True,True,True,31.02687230071348,31.730994174041413,31.02687230071348,31.730994174041413,False,False,False,False,0.091867664435447,0.12949007134034848,0.091867664435447,False,both,left,none,none,0,moving_average,4,2.0,peak,16,-1,-1,16,False,0.14146715594535342,False,False,False,False,False,False,False,,
frame_000222.jpg,31.369173472490797,31.93965447302846,222,True,0.0987791271884277,0.07296776099602495,0.03002886452800005,0.4300192160592688,False,False,False,False,False,0.4169954132011349,0.16968488446797209,0.18,False,False,True,True,True,31.369173472490797,31.93965447302846,31.369173472490797,31.93965447302846,False,False,False,False,0.2269590720589339,0.2406181408028862,0.2269590720589339,False,both,left,none,none,0,moving_average,4,2.0,peak,16,-1,-1,16,False,0.2973245465821245,False,False,False,False,False,False,False,,
frame_000223.jpg,32.24636101799853,32.454646810256335,223,True,0.0831567311937076,0.05657236422344577,0.009372546503647296,0.3333966039510359,False,False,False,False,False,0.4169954132011349,0.16968488446797209,0.18,False,False,True,True,True,32.24636101799853,32.454646810256335,32.24636101799853,32.454646810256335,False,False,False,False,0.5731469032519926,0.5148921857551847,0.5731469032519926,False,both,left,none,none,0,moving_average,4,2.0,peak,16,-1,-1,16,False,0.48259124581345997,False,False,False,False,False,False,False,,
frame_000224.jpg,32.43518559066641,32.464192564995784,224,True,0.0016155551374338489,0.03500367667871344,0.026415776902028235,0.20628635714055224,False,False,False,False,False,0.4169954132011349,0.16968488446797209,0.18,False,False,True,True,True,32.43518559066641,32.464192564995784,32.43518559066641,32.464192564995784,False,False,False,False,0.6476677621294534,0.519976053174658,0.6476677621294534,False,both,left,none,none,0,moving_average,4,2.0,peak,16,-1,-1,16,False,0.6259913097066915,False,False,False,False,False,False,False,,
frame_000225.jpg,32.45923561856901,32.466997436311566,225,True,0.010408483434795017,0.011202897962609834,0.0037189642592035414,0.06602177912154794,False,False,False,False,False,0.4169954132011349,0.16968488446797209,0.18,False,False,True,True,True,32.45923561856901,32.466997436311566,32.45923561856901,32.466997436311566,False,False,False,False,0.6571592637386284,0.521469868413718,0.6571592637386284,False,both,left,none,none,0,moving_average,4,2.0,peak,16,-1,-1,16,False,0.6424052777151844,True,False,False,False,False,False,False,14,
frame_000226.jpg,32.371132546735915,32.50120918838775,226,True,0.01985199267950403,0.005813676234282884,0.002979415058251237,0.0476072207296164,False,False,False,False,False,0.4169954132011349,0.16968488446797209,0.18,False,False,True,True,True,32.371132546735915,32.50120918838775,32.371132546735915,32.50120918838775,False,False,False,False,0.6223888072774715,0.5396903252021606,0.6223888072774715,False,both,left,none,none,0,moving_average,4,2.0,peak,16,-1,-1,16,False,0.6396752374623879,False,False,False,False,False,False,False,,
frame_000227.jpg,32.41443306478846,32.52074483596609,227,True,0.017012514382732158,0.008116131449312699,0.009098558067329213,0.05054754481849563,False,False,False,False,False,0.4169954132011349,0.16968488446797209,0.18,False,False,True,True,True,32.41443306478846,32.52074483596609,32.41443306478846,32.52074483596609,False,False,False,False,0.6394776413710638,0.5500945986150758,0.6394776413710638,False,both,left,none,none,0,moving_average,4,2.0,peak,16,-1,-1,16,False,0.5897184834561282,False,False,False,False,False,False,False,,
frame_000228.jpg,32.07948706752436,32.50964242181109,228,True,0.001409112472537922,0.00044048732902293627,0.0049486882639018905,0.027492712577232726,False,False,False,False,False,0.4169954132011349,0.16968488446797209,0.18,False,False,True,True,True,32.07948706752436,32.50964242181109,32.07948706752436,32.50964242181109,False,False,False,False,0.5072890017198496,0.5441816872591125,0.5072890017198496,False,both,left,none,none,0,moving_average,4,2.0,peak,16,-1,-1,16,False,0.4851613174003237,False,False,False,False,False,False,False,,
frame_000229.jpg,31.57633646558838,32.31985016294535,229,True,0.06421538902923254,0.009787887913038685,0.0008759159468973896,0.153995432554695,False,False,False,False,False,0.4169954132011349,0.16968488446797209,0.18,False,False,True,True,True,31.57633646558838,32.31985016294535,31.57633646558838,32.31985016294535,False,False,False,False,0.3087173091100578,0.44310233757413653,0.3087173091100578,False,both,left,none,none,0,moving_average,4,2.0,peak,16,-1,-1,16,False,0.37563665189971224,False,False,False,False,False,False,False,,
frame_000230.jpg,31.58187630935364,32.171283724765544,230,True,0.02680898579440369,0.031039402647701622,0.011926966421513512,0.18292379279994317,False,False,False,False,False,0.4169954132011349,0.16968488446797209,0.18,False,False,True,True,True,31.58187630935364,32.171283724765544,31.58187630935364,32.171283724765544,False,False,False,False,0.31090364486922933,0.36397898951992874,0.31090364486922933,False,both,left,none,none,0,moving_average,4,2.0,peak,16,-1,-1,16,False,0.30523823955720364,False,False,False,False,False,False,False,,
frame_000231.jpg,31.544350315453528,32.09065927994999,231,True,0.01445892102778674,0.010157364804005664,0.001493111705674361,0.05986016277084987,False,False,False,False,False,0.4169954132011349,0.16968488446797209,0.18,False,False,True,True,True,31.544350315453528,32.09065927994999,31.544350315453528,32.09065927994999,False,False,False,False,0.2960937646923238,0.3210401125637633,0.2960937646923238,False,both,left,none,none,0,moving_average,4,2.0,peak,16,-1,-1,16,False,0.3002825906252936,False,False,False,False,False,False,False,,
frame_000232.jpg,31.538665873517026,32.05145330666804,232,True,0.0030713554893970494,0.020841464413343013,0.028918076822595458,0.16065598234775255,False,False,False,False,False,0.4169954132011349,0.16968488446797209,0.18,False,False,True,True,True,31.538665873517026,32.05145330666804,31.538665873517026,32.05145330666804,False,False,False,False,0.2938503623143278,0.30015983901209176,0.2938503623143278,False,both,left,none,none,0,moving_average,4,2.0,peak,16,-1,-1,16,False,0.3687045446409941,False,False,False,False,False,False,False,,
frame_000233.jpg,32.101988923032465,32.61831661823057,233,True,0.07762384102814379,0.0166210221418806,0.007288946357119127,0.18615034739171687,False,False,False,False,False,0.4169954132011349,0.16968488446797209,0.18,False,False,True,True,True,32.101988923032465,32.61831661823057,32.101988923032465,32.61831661823057,False,False,False,False,0.5161695069163307,0.6020592696603516,0.5161695069163307,False,both,left,none,none,0,moving_average,4,2.0,peak,16,-1,-1,16,False,0.4333791563628801,False,False,False,False,False,False,False,,
frame_000234.jpg,32.03597733524917,32.73535151209173,234,True,0.025139854356303875,0.03270858495016247,0.014189325903645265,0.1927607462073983,False,False,False,False,False,0.4169954132011349,0.16968488446797209,0.18,False,False,True,True,True,32.03597733524917,32.73535151209173,32.03597733524917,32.73535151209173,False,False,False,False,0.4901175998579818,0.6643895829862754,0.4901175998579818,False,both,left,none,none,0,moving_average,4,2.0,peak,16,-1,-1,16,False,0.5179864366236746,False,False,False,False,False,False,False,,
frame_000235.jpg,32.18181198510865,32.74919161111123,235,True,0.0172908500023389,0.03749966356729571,0.003716851280247485,0.2209958988679027,False,False,False,False,False,0.4169954132011349,0.16968488446797209,0.18,False,False,True,True,True,32.18181198510865,32.74919161111123,32.18181198510865,32.74919161111123,False,False,False,False,0.5476722030967114,0.6717605274959566,0.5476722030967114,False,both,left,none,none,0,moving_average,4,2.0,peak,16,-1,-1,16,False,0.5407212945776283,False,False,False,False,False,False,False,,
frame_000236.jpg,32.27480898586397,32.73834488836744,236,True,0.01748561208577718,0.02781992482671595,0.004436100845327924,0.16395051871557212,False,False,False,False,False,0.4169954132011349,0.16968488446797209,0.18,False,False,True,True,True,32.27480898586397,32.73834488836744,32.27480898586397,32.73834488836744,False,False,False,False,0.5843740807781918,0.6659837919867876,0.5843740807781918,False,both,left,none,none,0,moving_average,4,2.0,peak,16,-1,-1,16,False,0.5721401215510316,False,False,False,False,False,False,False,,
frame_000237.jpg,32.27480898586397,32.73834488836744,237,True,0.0,0.0,0.0,0.0,False,False,False,False,False,0.4169954132011349,0.16968488446797209,0.18,False,False,True,True,True,32.27480898586397,32.73834488836744,32.27480898586397,32.73834488836744,False,False,False,False,0.5843740807781918,0.6659837919867876,0.5843740807781918,False,both,left,none,none,0,moving_average,4,2.0,peak,16,-1,-1,16,False,0.5983718720138902,False,False,False,False,False,False,False,,
frame_000238.jpg,32.38121383632555,32.7606318714091,238,True,0.02408583506345066,0.018498215913807004,0.00212518444231366,0.10901510745524615,False,False,False,False,False,0.4169954132011349,0.16968488446797209,0.18,False,False,True,True,True,32.38121383632555,32.7606318714091,32.38121383632555,32.7606318714091,False,False,False,False,0.6263674544852871,0.6778533685741274,0.6263674544852871,False,both,left,none,none,0,moving_average,4,2.0,peak,16,-1,-1,16,False,0.6231502001352996,False,False,False,False,False,False,False,,
frame_000239.jpg,32.46316258065988,32.93445556129881,239,True,0.0316623996455484,0.0038391957704471172,0.0012887028555251324,0.07592985112830547,False,False,False,False,False,0.4169954132011349,0.16968488446797209,0.18,False,False,True,True,True,32.46316258065988,32.93445556129881,32.46316258065988,32.93445556129881,False,False,False,False,0.6587090651424202,0.7704281955923573,0.6587090651424202,False,both,left,none,none,0,moving_average,4,2.0,peak,16,-1,-1,16,False,0.666571067985233,False,False,False,False,False,False,False,,
frame_000240.jpg,32.604874699281766,32.91775582388583,240,True,0.052823532871130514,0.013287875104806257,0.01907252701995733,0.12667653216044236,False,False,False,False,False,0.4169954132011349,0.16968488446797209,0.18,False,False,True,True,True,32.604874699281766,32.91775582388583,32.604874699281766,32.91775582388583,False,False,False,False,0.7146366843279918,0.7615342680544143,0.7146366843279918,False,both,left,none,none,0,moving_average,4,2.0,peak,16,-1,-1,16,False,0.6771357176029331,True,False,False,False,False,False,False,15,
frame_000241.jpg,32.461521503715495,32.99553295277621,241,True,0.06453020142888467,0.013151988686935132,0.008318175382782615,0.1547503866613491,False,False,False,False,False,0.4169954132011349,0.16968488446797209,0.18,False,False,True,True,True,32.461521503715495,32.99553295277621,32.461521503715495,32.99553295277621,False,False,False,False,0.6580614033383874,0.8029567246687587,0.6580614033383874,False,both,left,none,none,0,moving_average,4,2.0,peak,16,-1,-1,16,False,0.6753738975178819,False,False,False,False,False,False,False,,
frame_000242.jpg,32.44977002468205,32.91619755659774,242,True,0.07372950734916409,0.024281162069006487,0.002760452475886935,0.17681131498106228,False,False,False,False,False,0.4169954132011349,0.16968488446797209,0.18,False,False,True,True,True,32.44977002468205,32.91619755659774,32.44977002468205,32.91619755659774,False,False,False,False,0.6534236048872667,0.7607043677989623,0.6534236048872667,False,both,left,none,none,0,moving_average,4,2.0,peak,16,-1,-1,16,False,0.6387862201579229,False,False,False,False,False,False,False,,
frame_000243.jpg,32.32675179598439,32.759387687687266,243,True,0.027234015581884985,0.07020507244208045,0.02551261048348784,0.4137379275838303,False,False,False,False,False,0.4169954132011349,0.16968488446797209,0.18,False,False,True,True,True,32.32675179598439,32.759387687687266,32.32675179598439,32.759387687687266,False,False,False,False,0.6048736522481145,0.6771907425943137,0.6048736522481145,False,both,left,none,none,0,moving_average,4,2.0,peak,16,-1,-1,16,False,0.6216889368696903,False,False,False,False,False,False,False,,
frame_000244.jpg,32.331555722618255,32.91143998992542,244,True,0.10097829464291895,0.06670416899833456,0.014352188527195515,0.3931061343942214,False,False,False,False,False,0.4169954132011349,0.16968488446797209,0.18,False,False,True,True,True,32.331555722618255,32.91143998992542,32.331555722618255,32.91143998992542,False,False,False,False,0.6067695534736895,0.7581705882433853,0.6067695534736895,False,both,left,none,none,0,moving_average,4,2.0,peak,16,-1,-1,16,False,0.5707780710844266,False,False,False,False,False,False,False,,
frame_000245.jpg,32.06276874929975,32.76669726647068,245,True,0.02317973043232612,0.02107772473357515,0.004451249344878359,0.12421686704541769,False,False,False,False,False,0.4169954132011349,0.16968488446797209,0.18,False,False,True,True,True,32.06276874929975,32.76669726647068,32.06276874929975,32.76669726647068,False,False,False,False,0.5006910075314759,0.6810836699155549,0.5006910075314759,False,both,left,none,none,0,moving_average,4,2.0,peak,16,-1,-1,16,False,0.5180057312670382,False,False,False,False,False,False,False,,
frame_000246.jpg,31.92560044058652,32.454801813443936,246,True,0.011293065884557585,0.002431302826554645,0.0031758971154983925,0.027081990657557786,False,False,False,False,False,0.4169954132011349,0.16968488446797209,0.18,False,False,True,True,True,31.92560044058652,32.454801813443936,31.92560044058652,32.454801813443936,False,False,False,False,0.4465566327959493,0.5149747371800711,0.4465566327959493,False,both,left,none,none,0,moving_average,4,2.0,peak,16,-1,-1,16,False,0.47359705732932217,False,False,False,False,False,False,False,,
frame_000247.jpg,,,247,False,,,,0.0,False,False,False,False,False,0.4169954132011349,0.16968488446797209,0.18,True,True,False,False,False,,,31.993981156033147,32.45579929735115,True,True,False,False,0.4735435316605415,0.5155059760475827,0.4735435316605415,False,missing,left,none,none,0,moving_average,4,2.0,peak,16,-1,-1,16,False,0.4735435316605414,False,False,False,False,False,False,False,,
frame_000248.jpg,,,248,False,,,,0.0,False,False,False,False,False,0.4169954132011349,0.16968488446797209,0.18,True,True,False,False,False,,,32.06236187147977,32.45679678125836,True,True,False,False,0.5005304305251337,0.5160372149150944,0.5005304305251337,False,missing,left,none,none,0,moving_average,4,2.0,peak,16,-1,-1,16,False,0.5005304305251341,False,False,False,False,False,False,False,,
frame_000249.jpg,,,249,False,,,,0.0,False,False,False,False,False,0.4169954132011349,0.16968488446797209,0.18,True,True,False,False,False,,,32.1307425869264,32.457794265165575,True,True,False,False,0.5275173293897273,0.5165684537826061,0.5275173293897273,False,missing,left,none,none,0,moving_average,4,2.0,peak,16,-1,-1,16,False,0.5275173293897263,False,False,False,False,False,False,False,,
frame_000250.jpg,,,250,False,,,,0.0,False,False,False,False,False,0.4169954132011349,0.16968488446797209,0.18,True,True,False,False,False,,,32.199123302373025,32.45879174907279,True,True,False,False,0.554504228254318,0.5170996926501177,0.554504228254318,False,missing,left,none,none,0,moving_average,4,2.0,peak,16,-1,-1,16,False,0.5545042282543189,False,False,False,False,False,False,False,,
frame_000251.jpg,,,251,False,,,,0.0,False,False,False,False,False,0.4169954132011349,0.16968488446797209,0.18,True,True,False,False,False,,,32.267504017819654,32.45978923298,True,True,False,False,0.5814911271189116,0.5176309315176293,0.5814911271189116,False,missing,left,none,none,0,moving_average,4,2.0,peak,16,-1,-1,16,False,0.5814911271189107,False,False,False,False,False,False,False,,
frame_000252.jpg,,,252,False,,,,0.0,False,False,False,False,False,0.4169954132011349,0.16968488446797209,0.18,True,True,False,False,False,,,32.335884733266276,32.46078671688721,True,True,False,False,0.6084780259835024,0.5181621703851409,0.6084780259835024,False,missing,left,none,none,0,moving_average,4,2.0,peak,16,-1,-1,16,False,0.6084780259835033,False,False,False,False,False,False,False,,
frame_000253.jpg,32.404265448712906,,253,True,,,,0.0,False,False,False,False,False,0.4169954132011349,0.16968488446797209,0.18,False,True,True,False,True,32.404265448712906,,32.404265448712906,32.461784200794426,False,True,False,False,0.635464924848096,0.5186934092526525,0.635464924848096,False,left_only,left,none,none,0,moving_average,4,2.0,peak,16,-1,-1,16,False,0.6517281039061931,False,False,False,False,False,False,False,,
frame_000254.jpg,32.59627146379206,,254,True,0.1428550679189633,0.0,0.0,0.34258186876040797,False,False,False,False,False,0.4169954132011349,0.16968488446797209,0.18,False,True,True,False,True,32.59627146379206,,32.59627146379206,32.46278168470164,False,True,False,False,0.7112413608869808,0.5192246481201641,0.7112413608869808,False,left_only,left,none,none,0,moving_average,4,2.0,peak,16,-1,-1,16,False,0.6848962233105205,False,False,False,False,False,False,False,,
frame_000255.jpg,32.58801371032293,,255,True,0.020694112382518906,0.0,0.0,0.04962671465294329,False,False,False,False,False,0.4169954132011349,0.16968488446797209,0.18,False,True,True,False,True,32.58801371032293,,32.58801371032293,32.46377916860885,False,True,False,False,0.707982384196485,0.5197558869876757,0.707982384196485,False,left_only,left,none,none,0,moving_average,4,2.0,peak,16,-1,-1,16,False,0.707916266181541,True,False,False,False,False,False,False,16,
frame_000256.jpg,32.57925335773839,,256,True,0.015367583476582335,0.0,0.0,0.03685312353584543,False,False,False,False,False,0.4169954132011349,0.16968488446797209,0.18,False,True,True,False,True,32.57925335773839,,32.57925335773839,32.464776652516065,False,True,False,False,0.7045250534611576,0.5202871258551874,0.7045250534611576,False,left_only,left,none,none,0,moving_average,4,2.0,peak,16,-1,-1,16,False,0.6661451141520803,False,False,False,False,False,False,False,,
frame_000257.jpg,,,257,False,,,,0.0,False,False,False,False,False,0.4169954132011349,0.16968488446797209,0.18,True,True,False,False,False,,,32.27874614065625,32.46577413642328,True,True,False,False,0.5859279047985986,0.520818364722699,0.5859279047985986,False,missing,left,none,none,0,moving_average,4,2.0,peak,16,-1,-1,16,False,0.5859279047985981,False,False,False,False,False,False,False,,
frame_000258.jpg,31.978238923574114,32.46677162033049,258,True,,,,0.0,False,False,False,False,False,0.4169954132011349,0.16968488446797209,0.18,False,False,True,True,True,31.978238923574114,32.46677162033049,31.978238923574114,32.46677162033049,False,False,False,False,0.4673307561360382,0.5213496035902107,0.4673307561360382,False,both,left,none,none,0,moving_average,4,2.0,peak,16,-1,-1,16,False,0.4966657098120623,False,False,False,False,False,False,False,,
frame_000259.jpg,31.900722698901856,32.220142894335645,259,True,0.061973060938241016,0.013798669483311533,0.015169697392349146,0.14861808781658883,False,False,False,False,True,0.4169954132011349,0.16968488446797209,0.18,False,False,True,True,True,31.900722698901856,32.220142894335645,31.900722698901856,32.220142894335645,False,False,True,True,0.43673846850155024,0.3900003515913261,0.43673846850155024,False,both,left,none,none,0,moving_average,4,2.0,peak,16,-1,-1,16,False,0.4169303944102441,False,False,False,False,False,False,False,,
frame_000260.jpg,31.67263449282712,,260,True,0.08705433808250117,0.18507147859873627,0.008182906923714515,1.0906774588615074,False,True,False,True,True,0.4169954132011349,0.16968488446797209,0.18,False,True,True,False,True,31.67263449282712,,31.67263449282712,32.220142894335645,False,True,True,False,0.346721958593144,0.3900003515913261,0.346721958593144,False,left_only,left,none,none,0,moving_average,4,2.0,peak,16,-1,-1,16,False,,False,False,False,False,False,False,False,,
