frame_name,left_temp,right_temp,frame_index,motion_coordinate_valid,motion_center_step_norm,motion_scale_step_log,motion_angle_step_rad,motion_score,motion_center_flag,motion_scale_flag,motion_angle_flag,motion_artifact_raw,motion_artifact,motion_center_threshold,motion_scale_threshold,motion_angle_threshold,left_missing_raw,right_missing_raw,left_quality_valid,right_quality_valid,quality_any_valid,left_temp_motion_filtered,right_temp_motion_filtered,left_temp_used,right_temp_used,left_repaired,right_repaired,left_motion_interpolated,right_motion_interpolated,left_norm,right_norm,fused_norm,fused_repaired,fusion_source,selected_fusion_mode,peak_retune_rule,edge_peak_completion,edge_peak_added,smoothing_method,butterworth_order,butterworth_cutoff_hz,rr_estimator,time_peak_count,spectral_count,autocorr_count,joint_count,joint_adjusted,smoothed_norm,is_peak,source_peak_rejected,quality_peak_rejected,mad_ibi_peak_rejected,motion_peak_rejected,motion_interval_peak_rejected,motion_reconstructed_peak,peak_number,event_source
frame_000000.jpg,,,0,False,,,,0.0,False,False,False,False,False,0.42203048900764084,0.2769254492183027,0.18,True,True,False,False,False,,,33.34144788256972,32.78712203406052,True,True,False,False,0.6154667323847577,0.0,0.0,False,missing,right,none,none,0,moving_average,4,2.0,peak,17,-1,-1,17,False,,False,False,False,False,False,False,False,,
frame_000001.jpg,,,1,False,,,,0.0,False,False,False,False,False,0.42203048900764084,0.2769254492183027,0.18,True,True,False,False,False,,,33.34144788256972,32.78712203406052,True,True,False,False,0.6154667323847577,0.0,0.0,False,missing,right,none,none,0,moving_average,4,2.0,peak,17,-1,-1,17,False,0.0,False,False,False,False,False,False,False,,
frame_000002.jpg,,,2,False,,,,0.0,False,False,False,False,False,0.42203048900764084,0.2769254492183027,0.18,True,True,False,False,False,,,33.34144788256972,32.78712203406052,True,True,False,False,0.6154667323847577,0.0,0.0,False,missing,right,none,none,0,moving_average,4,2.0,peak,17,-1,-1,17,False,0.0,False,False,False,False,False,False,False,,
frame_000003.jpg,33.34144788256972,,3,True,,,,0.0,False,False,False,False,False,0.42203048900764084,0.2769254492183027,0.18,False,True,True,False,True,33.34144788256972,,33.34144788256972,32.78712203406052,False,True,False,False,0.6154667323847577,0.0,0.0,False,left_only,right,none,none,0,moving_average,4,2.0,peak,17,-1,-1,17,False,0.0,False,False,False,False,False,False,False,,
frame_000004.jpg,33.33217476016824,,4,True,0.023822170185792486,0.0,0.0,0.056446562052442584,False,False,False,False,False,0.42203048900764084,0.2769254492183027,0.18,False,True,True,False,True,33.33217476016824,,33.33217476016824,32.78712203406052,False,True,False,False,0.6067455885004431,0.0,0.0,False,left_only,right,none,none,0,moving_average,4,2.0,peak,17,-1,-1,17,False,0.0,False,False,False,False,False,False,False,,
frame_000005.jpg,33.38543997652416,,5,True,0.1349924530754958,0.0,0.0,0.3198642197461041,False,False,False,False,False,0.42203048900764084,0.2769254492183027,0.18,False,True,True,False,True,33.38543997652416,,33.38543997652416,32.78712203406052,False,True,False,False,0.6568402163676711,0.0,0.0,False,left_only,right,none,none,0,moving_average,4,2.0,peak,17,-1,-1,17,False,0.0,False,False,False,False,False,False,False,,
frame_000006.jpg,33.38543997652416,,6,True,0.0,0.0,0.0,0.0,False,False,False,False,False,0.42203048900764084,0.2769254492183027,0.18,False,True,True,False,True,33.38543997652416,,33.38543997652416,32.78712203406052,False,True,False,False,0.6568402163676711,0.0,0.0,False,left_only,right,none,none,0,moving_average,4,2.0,peak,17,-1,-1,17,False,0.0,False,False,False,False,False,False,False,,
frame_000007.jpg,33.17815302705945,,7,True,0.1254054891111318,0.0,0.0,0.2971479368848665,False,False,False,False,False,0.42203048900764084,0.2769254492183027,0.18,False,True,True,False,True,33.17815302705945,,33.17815302705945,32.78712203406052,False,True,False,False,0.46189193105926385,0.0,0.0,False,left_only,right,none,none,0,moving_average,4,2.0,peak,17,-1,-1,17,False,0.0,False,False,False,False,False,False,False,,
frame_000008.jpg,,,8,False,,,,0.0,False,False,False,False,False,0.42203048900764084,0.2769254492183027,0.18,True,True,False,False,False,,,33.105349840040766,32.78712203406052,True,True,False,False,0.3934223216075779,0.0,0.0,False,missing,right,none,none,0,moving_average,4,2.0,peak,17,-1,-1,17,False,0.0,False,False,False,False,False,False,False,,
frame_000009.jpg,,,9,False,,,,0.0,False,False,False,False,False,0.42203048900764084,0.2769254492183027,0.18,True,True,False,False,False,,,33.03254665302208,32.78712203406052,True,True,False,False,0.324952712155892,0.0,0.0,False,missing,right,none,none,0,moving_average,4,2.0,peak,17,-1,-1,17,False,0.0,False,False,False,False,False,False,False,,
frame_000010.jpg,32.959743466003395,,10,True,,,,0.0,False,False,False,False,False,0.42203048900764084,0.2769254492183027,0.18,False,True,True,False,True,32.959743466003395,,32.959743466003395,32.78712203406052,False,True,False,False,0.25648310270420605,0.0,0.0,False,left_only,right,none,none,0,moving_average,4,2.0,peak,17,-1,-1,17,False,0.0,False,False,False,False,False,False,False,,
frame_000011.jpg,33.062541686605925,,11,True,0.297245663903101,0.0,0.0,0.704322724649686,False,False,False,False,False,0.42203048900764084,0.2769254492183027,0.18,False,True,True,False,True,33.062541686605925,,33.062541686605925,32.78712203406052,False,True,False,False,0.35316230460751,0.0,0.0,False,left_only,right,none,none,0,moving_average,4,2.0,peak,17,-1,-1,17,False,0.0,False,False,False,False,False,False,False,,
frame_000012.jpg,33.248676218291784,,12,True,0.0739740263137095,0.0,0.0,0.17528123735242787,False,False,False,False,False,0.42203048900764084,0.2769254492183027,0.18,False,True,True,False,True,33.248676218291784,,33.248676218291784,32.78712203406052,False,True,False,False,0.5282172604672343,0.0,0.0,False,left_only,right,none,none,0,moving_average,4,2.0,peak,17,-1,-1,17,False,0.0,False,False,False,False,False,False,False,,
frame_000013.jpg,33.42074922903505,,13,True,0.15610811707430733,0.0,0.0,0.3698977233644392,False,False,False,False,False,0.42203048900764084,0.2769254492183027,0.18,False,True,True,False,True,33.42074922903505,,33.42074922903505,32.78712203406052,False,True,False,False,0.6900477012107624,0.0,0.0,False,left_only,right,none,none,0,moving_average,4,2.0,peak,17,-1,-1,17,False,0.0,False,False,False,False,False,False,False,,
frame_000014.jpg,33.42074922903505,,14,True,0.0,0.0,0.0,0.0,False,False,False,False,False,0.42203048900764084,0.2769254492183027,0.18,False,True,True,False,True,33.42074922903505,,33.42074922903505,32.78712203406052,False,True,False,False,0.6900477012107624,0.0,0.0,False,left_only,right,none,none,0,moving_average,4,2.0,peak,17,-1,-1,17,False,0.0,False,False,False,False,False,False,False,,
frame_000015.jpg,33.16575376883983,,15,True,0.21304701432421788,0.0,0.0,0.5048142726019036,False,False,False,False,False,0.42203048900764084,0.2769254492183027,0.18,False,True,True,False,True,33.16575376883983,,33.16575376883983,32.78712203406052,False,True,False,False,0.4502307332112857,0.0,0.0,False,left_only,right,none,none,0,moving_average,4,2.0,peak,17,-1,-1,17,False,0.0,False,False,False,False,False,False,False,,
frame_000016.jpg,33.37089451434427,,16,True,0.13777797579070214,0.0,0.0,0.3264645076109837,False,False,False,False,False,0.42203048900764084,0.2769254492183027,0.18,False,True,True,False,True,33.37089451434427,,33.37089451434427,32.78712203406052,False,True,False,False,0.6431605664026817,0.0,0.0,False,left_only,right,none,none,0,moving_average,4,2.0,peak,17,-1,-1,17,False,0.0,False,False,False,False,False,False,False,,
frame_000017.jpg,33.217749826857656,,17,True,0.07392542103591045,0.0,0.0,0.17516606728992046,False,False,False,False,False,0.42203048900764084,0.2769254492183027,0.18,False,True,True,False,True,33.217749826857656,,33.217749826857656,32.78712203406052,False,True,False,False,0.4991317488302055,0.0,0.0,False,left_only,right,none,none,0,moving_average,4,2.0,peak,17,-1,-1,17,False,0.0,False,False,False,False,False,False,False,,
frame_000018.jpg,,,18,False,,,,0.0,False,False,False,False,False,0.42203048900764084,0.2769254492183027,0.18,True,True,False,False,False,,,33.19968446950177,32.78712203406052,True,True,False,False,0.4821417238956478,0.0,0.0,False,missing,right,none,none,0,moving_average,4,2.0,peak,17,-1,-1,17,False,0.0,False,False,False,False,False,False,False,,
frame_000019.jpg,,,19,False,,,,0.0,False,False,False,False,False,0.42203048900764084,0.2769254492183027,0.18,True,True,False,False,False,,,33.18161911214588,32.78712203406052,True,True,False,False,0.4651516989610901,0.0,0.0,False,missing,right,none,none,0,moving_average,4,2.0,peak,17,-1,-1,17,False,0.0,False,False,False,False,False,False,False,,
frame_000020.jpg,33.163553754789994,,20,True,,,,0.0,False,False,False,False,False,0.42203048900764084,0.2769254492183027,0.18,False,True,True,False,True,33.163553754789994,,33.163553754789994,32.78712203406052,False,True,False,False,0.4481616740265324,0.0,0.0,False,left_only,right,none,none,0,moving_average,4,2.0,peak,17,-1,-1,17,False,0.0,False,False,False,False,False,False,False,,
frame_000021.jpg,33.18420284436373,,21,True,0.15110983131208167,0.0,0.0,0.3580542999805538,False,False,False,False,False,0.42203048900764084,0.2769254492183027,0.18,False,True,True,False,True,33.18420284436373,,33.18420284436373,32.78712203406052,False,True,False,False,0.4675816356593084,0.0,0.0,False,left_only,right,none,none,0,moving_average,4,2.0,peak,17,-1,-1,17,False,0.0,False,False,False,False,False,False,False,,
frame_000022.jpg,33.170657626665005,,22,True,0.04051607390718769,0.0,0.0,0.09600271772415511,False,False,False,False,False,0.42203048900764084,0.2769254492183027,0.18,False,True,True,False,True,33.170657626665005,,33.170657626665005,32.78712203406052,False,True,False,False,0.45484269106431585,0.0,0.0,False,left_only,right,none,none,0,moving_average,4,2.0,peak,17,-1,-1,17,False,0.0,False,False,False,False,False,False,False,,
frame_000023.jpg,33.091279474756504,,23,True,0.07447627165915233,0.0,0.0,0.1764713062183617,False,False,False,False,False,0.42203048900764084,0.2769254492183027,0.18,False,True,True,False,True,33.091279474756504,,33.091279474756504,32.78712203406052,False,True,False,False,0.3801894886052438,0.0,0.0,False,left_only,right,none,none,0,moving_average,4,2.0,peak,17,-1,-1,17,False,0.0,False,False,False,False,False,False,False,,
frame_000024.jpg,,,24,False,,,,0.0,False,False,False,False,False,0.42203048900764084,0.2769254492183027,0.18,True,True,False,False,False,,,33.19495732878323,32.78712203406052,True,True,False,False,0.47769596414150034,0.0,0.0,False,missing,right,none,none,0,moving_average,4,2.0,peak,17,-1,-1,17,False,0.0,False,False,False,False,False,False,False,,
frame_000025.jpg,,,25,False,,,,0.0,False,False,False,False,False,0.42203048900764084,0.2769254492183027,0.18,True,True,False,False,False,,,33.29863518280995,32.78712203406052,True,True,False,False,0.5752024396777502,0.0,0.0,False,missing,right,none,none,0,moving_average,4,2.0,peak,17,-1,-1,17,False,0.0,False,False,False,False,False,False,False,,
frame_000026.jpg,33.40231303683668,,26,True,,,,0.0,False,False,False,False,False,0.42203048900764084,0.2769254492183027,0.18,False,True,True,False,True,33.40231303683668,,33.40231303683668,32.78712203406052,False,True,False,False,0.6727089152140067,0.0,0.0,False,left_only,right,none,none,0,moving_average,4,2.0,peak,17,-1,-1,17,False,0.0,False,False,False,False,False,False,False,,
frame_000027.jpg,33.40231303683668,,27,True,0.0,0.0,0.0,0.0,False,False,False,False,False,0.42203048900764084,0.2769254492183027,0.18,False,True,True,False,True,33.40231303683668,,33.40231303683668,32.78712203406052,False,True,False,False,0.6727089152140067,0.0,0.0,False,left_only,right,none,none,0,moving_average,4,2.0,peak,17,-1,-1,17,False,0.0,False,False,False,False,False,False,False,,
frame_000028.jpg,33.18030607267873,,28,True,0.3317380556616081,0.0,0.0,0.7860523452740448,False,False,False,False,False,0.42203048900764084,0.2769254492183027,0.18,False,True,True,False,True,33.18030607267873,,33.18030607267873,32.78712203406052,False,True,False,False,0.46391681758855785,0.0,0.0,False,left_only,right,none,none,0,moving_average,4,2.0,peak,17,-1,-1,17,False,0.0,False,False,False,False,False,False,False,,
frame_000029.jpg,33.41870139979864,,29,True,0.10007148253052549,0.0,0.0,0.23711908295022188,False,False,False,False,False,0.42203048900764084,0.2769254492183027,0.18,False,True,True,False,True,33.41870139979864,,33.41870139979864,32.78712203406052,False,True,False,False,0.688121768105598,0.0,0.0,False,left_only,right,none,none,0,moving_average,4,2.0,peak,17,-1,-1,17,False,0.0,False,False,False,False,False,False,False,,
frame_000030.jpg,33.195797800674725,,30,True,0.34119956090320713,0.0,0.0,0.8084713540614117,False,False,False,False,False,0.42203048900764084,0.2769254492183027,0.18,False,True,True,False,True,33.195797800674725,,33.195797800674725,32.78712203406052,False,True,False,False,0.47848640731469394,0.0,0.0,False,left_only,right,none,none,0,moving_average,4,2.0,peak,17,-1,-1,17,False,0.0,False,False,False,False,False,False,False,,
frame_000031.jpg,32.98962533081538,,31,True,0.296344381397443,0.0,0.0,0.7021871384085658,False,False,False,False,False,0.42203048900764084,0.2769254492183027,0.18,False,True,True,False,True,32.98962533081538,,32.98962533081538,32.78712203406052,False,True,False,False,0.28458626270514753,0.0,0.0,False,left_only,right,none,none,0,moving_average,4,2.0,peak,17,-1,-1,17,False,0.0,False,False,False,False,False,False,False,,
frame_000032.jpg,32.94319551840913,32.78712203406052,32,True,0.06023077820139397,0.031561649057061145,0.037863091550375504,0.21035050861319726,False,False,False,False,True,0.42203048900764084,0.2769254492183027,0.18,False,False,True,True,True,32.94319551840913,32.78712203406052,32.94319551840913,32.78712203406052,False,False,True,True,0.2409201643850943,0.0,0.0,False,both,right,none,none,0,moving_average,4,2.0,peak,17,-1,-1,17,False,0.010503021416360458,False,False,False,False,False,False,False,,
frame_000033.jpg,32.794112813568375,,33,True,0.6002658332094979,0.03156164905706115,0.037863091550375504,1.4223281228352915,True,False,False,True,True,0.42203048900764084,0.2769254492183027,0.18,False,True,True,False,True,32.794112813568375,,32.794112813568375,32.82437283644837,False,True,True,False,0.10071154173472407,0.03150906424908138,0.03150906424908138,False,left_only,right,none,none,0,moving_average,4,2.0,peak,17,-1,-1,17,False,0.03150906424908137,False,False,False,False,False,False,False,,
frame_000034.jpg,32.72652502627705,,34,True,0.42039893152831376,2.2204460492503136e-16,3.469446951953614e-18,0.996134029360856,False,False,False,False,True,0.42203048900764084,0.2769254492183027,0.18,False,True,True,False,True,32.72652502627705,,32.72652502627705,32.861623638836214,False,True,True,False,0.03714688764406183,0.06301812849816275,0.06301812849816275,False,left_only,right,none,none,0,moving_average,4,2.0,peak,17,-1,-1,17,False,0.06301812849816274,False,False,False,False,False,False,False,,
frame_000035.jpg,32.68702703833802,,35,True,0.3543076828595869,8.881784197001248e-16,1.734723475976807e-17,0.839531010408047,False,False,False,False,False,0.42203048900764084,0.2769254492183027,0.18,False,True,True,False,True,32.68702703833802,,32.68702703833802,32.89887444122406,False,True,False,False,0.0,0.09452719274724412,0.09452719274724412,False,left_only,right,none,none,0,moving_average,4,2.0,peak,17,-1,-1,17,False,0.09452719274724411,False,False,False,False,False,False,False,,
frame_000036.jpg,32.688429685752695,,36,True,0.21868780308475602,2.2204460492503136e-16,6.938893903907228e-18,0.5181801049468648,False,False,False,False,False,0.42203048900764084,0.2769254492183027,0.18,False,True,True,False,True,32.688429685752695,,32.688429685752695,32.936125243611905,False,True,False,False,0.0013191554465375882,0.1260362569963255,0.1260362569963255,False,left_only,right,none,none,0,moving_average,4,2.0,peak,17,-1,-1,17,False,0.12603625699632548,False,False,False,False,False,False,False,,
frame_000037.jpg,32.89845230352913,,37,True,0.22588727284129914,2.2204460492503136e-16,6.938893903907228e-18,0.5352392273185018,False,False,False,False,False,0.42203048900764084,0.2769254492183027,0.18,False,True,True,False,True,32.89845230352913,,32.89845230352913,32.97337604599975,False,True,False,False,0.19884026961812856,0.15754532124540688,0.15754532124540688,False,left_only,right,none,none,0,moving_average,4,2.0,peak,17,-1,-1,17,False,0.15754532124540688,False,False,False,False,False,False,False,,
frame_000038.jpg,32.89845230352913,,38,True,0.0,0.0,0.0,0.0,False,False,False,False,False,0.42203048900764084,0.2769254492183027,0.18,False,True,True,False,True,32.89845230352913,,32.89845230352913,33.010626848387595,False,True,False,False,0.19884026961812856,0.18905438549448825,0.18905438549448825,False,left_only,right,none,none,0,moving_average,4,2.0,peak,17,-1,-1,17,False,0.18905438549448622,False,False,False,False,False,False,False,,
frame_000039.jpg,33.08614162908718,,39,True,0.24797904298259943,0.0,0.0,0.5875856115649261,False,False,False,False,False,0.42203048900764084,0.2769254492183027,0.18,False,True,True,False,True,33.08614162908718,,33.08614162908718,33.04787765077543,False,True,False,False,0.3753574709311908,0.22056344974356362,0.22056344974356362,False,left_only,right,none,none,0,moving_average,4,2.0,peak,17,-1,-1,17,False,0.2205634497435656,False,False,False,False,False,False,False,,
frame_000040.jpg,33.385731992369,,40,True,0.31496531571222697,0.0,0.0,0.7463093873924462,False,False,False,False,True,0.42203048900764084,0.2769254492183027,0.18,False,True,True,False,True,33.385731992369,,33.385731992369,33.08512845316328,False,True,True,False,0.6571148500982644,0.252072513992645,0.252072513992645,False,left_only,right,none,none,0,moving_average,4,2.0,peak,17,-1,-1,17,False,0.25207251399264496,False,False,False,False,False,False,False,,
frame_000041.jpg,33.40006519231151,,41,True,0.48586402955252295,0.0,0.0,1.1512533862067165,True,False,False,True,True,0.42203048900764084,0.2769254492183027,0.18,False,True,True,False,True,33.40006519231151,,33.40006519231151,33.122379255551124,False,True,True,False,0.6705948726418437,0.28358157824172636,0.28358157824172636,False,left_only,right,none,none,0,moving_average,4,2.0,peak,17,-1,-1,17,False,0.28358157824172636,False,False,False,False,False,False,False,,
frame_000042.jpg,33.385286397424444,,42,True,0.1529426840713341,0.0,0.0,0.36239723919227335,False,False,False,False,True,0.42203048900764084,0.2769254492183027,0.18,False,True,True,False,True,33.385286397424444,,33.385286397424444,33.15963005793897,False,True,True,False,0.6566957789960647,0.31509064249080776,0.31509064249080776,False,left_only,right,none,none,0,moving_average,4,2.0,peak,17,-1,-1,17,False,0.31509064249080776,False,False,False,False,False,False,False,,
frame_000043.jpg,33.51882474273358,,43,True,0.28503549549623786,0.0,5.204170427930421e-16,0.6753907665924044,False,False,False,False,False,0.42203048900764084,0.2769254492183027,0.18,False,True,True,False,True,33.51882474273358,,33.51882474273358,33.196880860326814,False,True,False,False,0.7822853132535977,0.3465997067398891,0.3465997067398891,False,left_only,right,none,none,0,moving_average,4,2.0,peak,17,-1,-1,17,False,0.3465997067398891,False,False,False,False,False,False,False,,
frame_000044.jpg,33.67221281608266,,44,True,0.20854441462465004,0.0,5.204170427930421e-16,0.4941453758827229,False,False,False,False,False,0.42203048900764084,0.2769254492183027,0.18,False,True,True,False,True,33.67221281608266,,33.67221281608266,33.23413166271466,False,True,False,False,0.9265430292525261,0.3781087709889705,0.3781087709889705,False,left_only,right,none,none,0,moving_average,4,2.0,peak,17,-1,-1,17,False,0.37810877098897044,False,False,False,False,False,False,False,,
frame_000045.jpg,33.293085051124685,33.271382465102505,45,True,0.2473631276970361,0.07680025111813986,0.014511337562070174,0.5861262021108565,False,False,False,False,False,0.42203048900764084,0.2769254492183027,0.18,False,False,True,True,True,33.293085051124685,33.271382465102505,33.293085051124685,33.271382465102505,False,False,False,False,0.569982677130841,0.4096178352380519,0.4096178352380519,False,both,right,none,none,0,moving_average,4,2.0,peak,17,-1,-1,17,False,0.3868631842171233,False,False,False,False,False,False,False,,
frame_000046.jpg,33.30100282876531,33.22792991795089,46,True,0.04029769462769446,0.02825418066069122,0.020879078862317806,0.11599488256843227,False,False,False,False,False,0.42203048900764084,0.2769254492183027,0.18,False,False,True,True,True,33.30100282876531,33.22792991795089,33.30100282876531,33.22792991795089,False,False,False,False,0.5774291525528575,0.3728629464243474,0.3728629464243474,False,both,right,none,none,0,moving_average,4,2.0,peak,17,-1,-1,17,False,0.3671690924836982,False,False,False,False,False,False,False,,
frame_000047.jpg,33.28602135951378,33.16428312196741,47,True,0.0318080966630233,0.009406688087148654,0.002680023652387665,0.07536919130609877,False,False,False,False,False,0.42203048900764084,0.2769254492183027,0.18,False,False,True,True,True,33.28602135951378,33.16428312196741,33.28602135951378,33.16428312196741,False,False,False,False,0.5633394486446828,0.3190264957886955,0.3190264957886955,False,both,right,none,none,0,moving_average,4,2.0,peak,17,-1,-1,17,False,0.3518743812675108,False,False,False,False,False,False,False,,
frame_000048.jpg,33.342982851166155,,48,True,0.11218873929986982,0.05795275854459787,0.0036877176478599533,0.26583088715620884,False,False,False,False,False,0.42203048900764084,0.2769254492183027,0.18,False,True,True,False,True,33.342982851166155,,33.342982851166155,33.217137096792975,False,True,False,False,0.6169103326531326,0.36373370158948964,0.36373370158948964,False,left_only,right,none,none,0,moving_average,4,2.0,peak,17,-1,-1,17,False,0.3637337015894896,False,False,False,False,False,False,False,,
frame_000049.jpg,33.348839140327804,,49,True,0.0716164548390089,5.551115123125785e-16,1.3877787807814457e-17,0.16969497869077485,False,False,False,False,False,0.42203048900764084,0.2769254492183027,0.18,False,True,True,False,True,33.348839140327804,,33.348839140327804,33.26999107161854,False,True,False,False,0.6224180287877994,0.40844090739028377,0.40844090739028377,False,left_only,right,none,none,0,moving_average,4,2.0,peak,17,-1,-1,17,False,0.4084409073902837,False,False,False,False,False,False,False,,
frame_000050.jpg,33.33844084819079,33.32284504644411,50,True,0.19007372440714707,0.20052785142797563,0.013163298046978427,0.7241221490983222,False,False,False,False,False,0.42203048900764084,0.2769254492183027,0.18,False,False,True,True,True,33.33844084819079,33.32284504644411,33.33844084819079,33.32284504644411,False,False,False,False,0.6126386903997285,0.4531481131910779,0.4531481131910779,False,both,right,none,none,0,moving_average,4,2.0,peak,17,-1,-1,17,False,0.4924313820001027,False,False,False,False,False,False,False,,
frame_000051.jpg,33.52328655329762,33.515024004581065,51,True,0.19568584678088569,0.22525736180981185,0.008590977045943471,0.813422393809099,False,False,False,False,False,0.42203048900764084,0.2769254492183027,0.18,False,False,True,True,True,33.52328655329762,33.515024004581065,33.52328655329762,33.515024004581065,False,False,False,False,0.7864815365135654,0.6157051254189466,0.6157051254189466,False,both,right,none,none,0,moving_average,4,2.0,peak,17,-1,-1,17,False,0.5584701230302265,False,False,False,False,False,False,False,,
frame_000052.jpg,33.625803350124805,33.50420901658277,52,True,0.10910994954343789,0.023750101974167985,0.016024799833105875,0.25853570390138914,False,False,False,False,False,0.42203048900764084,0.2769254492183027,0.18,False,False,True,True,True,33.625803350124805,33.50420901658277,33.625803350124805,33.50420901658277,False,False,False,False,0.882896066267509,0.6065571304806551,0.6065571304806551,False,both,right,none,none,0,moving_average,4,2.0,peak,17,-1,-1,17,False,0.6423498068071901,False,False,False,False,False,False,False,,
frame_000053.jpg,33.575416694453764,33.62033901516662,53,True,0.06339346366332656,0.02282056240637688,0.006906474643361445,0.15021062533275606,False,False,False,False,False,0.42203048900764084,0.2769254492183027,0.18,False,False,True,True,True,33.575416694453764,33.62033901516662,33.575416694453764,33.62033901516662,False,False,False,False,0.8355086540311838,0.7047871645219688,0.7047871645219688,False,both,right,none,none,0,moving_average,4,2.0,peak,17,-1,-1,17,False,0.6604163358963491,True,False,False,False,False,False,False,1,
frame_000054.jpg,33.75031902439875,33.579100109756496,54,True,0.2040791372505349,0.05170499848826856,0.0006793561010864229,0.4835649143037153,False,False,False,False,False,0.42203048900764084,0.2769254492183027,0.18,False,False,True,True,True,33.75031902439875,33.579100109756496,33.75031902439875,33.579100109756496,False,False,False,False,1.0,0.6699047126864234,0.6699047126864234,False,both,right,none,none,0,moving_average,4,2.0,peak,17,-1,-1,17,False,0.6225571360917863,False,False,False,False,False,False,False,,
frame_000055.jpg,33.46592159799104,33.369934743059446,55,True,0.12081563942339013,0.06477469651453563,0.044070698331955455,0.28627230157582945,False,False,False,False,False,0.42203048900764084,0.2769254492183027,0.18,False,False,True,True,True,33.46592159799104,33.369934743059446,33.46592159799104,33.369934743059446,False,False,False,False,0.7325312048468074,0.49297953106696674,0.49297953106696674,False,both,right,none,none,0,moving_average,4,2.0,peak,17,-1,-1,17,False,0.522309735991537,False,False,False,False,False,False,False,,
frame_000056.jpg,33.27272417235397,,56,True,0.2431298315885411,0.03491085202497568,0.04793734641957851,0.5760954194570982,False,False,False,False,False,0.42203048900764084,0.2769254492183027,0.18,False,True,True,False,True,33.27272417235397,,33.27272417235397,33.26479407785813,False,True,False,False,0.5508337706802718,0.40404496422122077,0.40404496422122077,False,left_only,right,none,none,0,moving_average,4,2.0,peak,17,-1,-1,17,False,0.4040449642212187,False,False,False,False,False,False,False,,
frame_000057.jpg,33.232141872009784,33.1596534126568,57,True,0.2559803564862116,0.2140326170534108,0.007840736654453125,0.7728889405346313,False,False,False,False,False,0.42203048900764084,0.2769254492183027,0.18,False,False,True,True,True,33.232141872009784,33.1596534126568,33.232141872009784,33.1596534126568,False,False,False,False,0.5126671138482827,0.3151103973754688,0.3151103973754688,False,both,right,none,none,0,moving_average,4,2.0,peak,17,-1,-1,17,False,0.3855101236398082,False,False,False,False,False,False,False,,
frame_000058.jpg,33.280876721499965,33.304197689271014,58,True,0.07026822201252814,0.09845608966071864,0.016561322522546953,0.3555328336151036,False,False,False,False,False,0.42203048900764084,0.2769254492183027,0.18,False,False,True,True,True,33.280876721499965,33.304197689271014,33.280876721499965,33.304197689271014,False,False,False,False,0.5585010429374442,0.4373750093227351,0.4373750093227351,False,both,right,none,none,0,moving_average,4,2.0,peak,17,-1,-1,17,False,0.47500912298651443,False,False,False,False,False,False,False,,
frame_000059.jpg,33.522287514908044,33.58221793204363,59,True,0.06724526510037442,0.061602927769516605,0.020333742855369367,0.2224531112738378,False,False,False,False,False,0.42203048900764084,0.2769254492183027,0.18,False,False,True,True,True,33.522287514908044,33.58221793204363,33.522287514908044,33.58221793204363,False,False,False,False,0.7855419654430819,0.6725419622613397,0.6725419622613397,False,both,right,none,none,0,moving_average,4,2.0,peak,17,-1,-1,17,False,0.5519765357325108,False,False,False,False,False,False,False,,
frame_000060.jpg,33.44374528021044,33.43263180324056,60,True,0.021724868719082437,0.06753555380263729,0.0516445865672976,0.28691436981831997,False,False,False,False,False,0.42203048900764084,0.2769254492183027,0.18,False,False,True,True,True,33.44374528021044,33.43263180324056,33.44374528021044,33.43263180324056,False,False,False,False,0.7116749225919614,0.5460126356134578,0.5460126356134578,False,both,right,none,none,0,moving_average,4,2.0,peak,17,-1,-1,17,False,0.5819348975955224,True,False,False,False,False,False,False,2,
frame_000061.jpg,33.35411509160279,33.41045025921096,61,True,0.019655506139679205,0.048813973957106134,0.0538964202087578,0.29942455671532114,False,False,False,False,False,0.42203048900764084,0.2769254492183027,0.18,False,False,True,True,True,33.35411509160279,33.41045025921096,33.35411509160279,33.41045025921096,False,False,False,False,0.6273799313923089,0.5272500949117698,0.5272500949117698,False,both,right,none,none,0,moving_average,4,2.0,peak,17,-1,-1,17,False,0.4999879780985962,False,False,False,False,False,False,False,,
frame_000062.jpg,33.35714372891347,33.2915788498727,62,True,0.04141098757830013,0.16832527418024723,0.046237943100317175,0.6078360607715579,False,False,False,False,False,0.42203048900764084,0.2769254492183027,0.18,False,False,True,True,True,33.35714372891347,33.2915788498727,33.35714372891347,33.2915788498727,False,False,False,False,0.6302282904041152,0.42670120377056103,0.42670120377056103,False,both,right,none,none,0,moving_average,4,2.0,peak,17,-1,-1,17,False,0.45967606891783686,False,False,False,False,False,False,False,,
frame_000063.jpg,33.359250023453654,33.289658566945896,63,True,0.18057453724747785,0.08718040658020529,0.028575268422894047,0.42787083386340025,False,False,False,False,False,0.42203048900764084,0.2769254492183027,0.18,False,False,True,True,True,33.359250023453654,33.289658566945896,33.359250023453654,33.289658566945896,False,False,False,False,0.6322092086916565,0.42507690807117976,0.42507690807117976,False,both,right,none,none,0,moving_average,4,2.0,peak,17,-1,-1,17,False,0.4307961944542453,False,False,False,False,False,False,False,,
frame_000064.jpg,,,64,False,,,,0.0,False,False,False,False,False,0.42203048900764084,0.2769254492183027,0.18,True,True,False,False,False,,,33.28243513423119,33.30802273345601,True,True,False,False,0.5599666918388354,0.44061047152099514,0.44061047152099514,False,missing,right,none,none,0,moving_average,4,2.0,peak,17,-1,-1,17,False,0.4406104715209931,False,False,False,False,False,False,False,,
frame_000065.jpg,,,65,True,,,,0.0,False,False,False,False,True,0.42203048900764084,0.2769254492183027,0.18,True,True,False,False,False,,,33.205620245008724,33.326386899966124,True,True,False,False,0.4877241749860076,0.45614403497080447,0.45614403497080447,False,missing,right,none,none,0,moving_average,4,2.0,peak,17,-1,-1,17,False,0.45614403497080647,False,False,False,False,False,False,False,,
frame_000066.jpg,33.12880535578626,33.34475106647624,66,True,0.4342014173412461,0.09705518208045191,0.051515195795108396,1.0288389788193357,True,False,False,True,True,0.42203048900764084,0.2769254492183027,0.18,False,False,True,True,True,33.12880535578626,33.34475106647624,33.12880535578626,33.34475106647624,False,False,True,True,0.41548165813318655,0.47167759842061985,0.47167759842061985,False,both,right,none,none,0,moving_average,4,2.0,peak,17,-1,-1,17,False,0.48781726116248664,False,False,False,False,False,False,False,,
frame_000067.jpg,33.27613048696979,33.420357369660216,67,True,0.08234640249407242,0.12663145167971185,0.03491493275230377,0.45727632486347325,False,False,False,False,True,0.42203048900764084,0.2769254492183027,0.18,False,False,True,True,True,33.27613048696979,33.420357369660216,33.27613048696979,33.420357369660216,False,False,True,True,0.5540373259223675,0.5356301500960357,0.5356301500960357,False,both,right,none,none,0,moving_average,4,2.0,peak,17,-1,-1,17,False,0.5915756931424161,False,False,False,False,False,False,False,,
frame_000068.jpg,33.53847005159446,33.694384325900764,68,True,0.17922196634927803,0.06052272632598922,0.022100752280139274,0.4246659211060773,False,False,False,False,False,0.42203048900764084,0.2769254492183027,0.18,False,False,True,True,True,33.53847005159446,33.694384325900764,33.53847005159446,33.694384325900764,False,False,False,False,0.8007612437773124,0.767419330910593,0.767419330910593,False,both,right,none,none,0,moving_average,4,2.0,peak,17,-1,-1,17,False,0.6294757391386487,False,False,False,False,False,False,False,,
frame_000069.jpg,33.59464787513499,33.47917020816215,69,True,0.0421009828238393,0.0720013358207876,0.0852905747353189,0.4738365263073272,False,False,False,False,False,0.42203048900764084,0.2769254492183027,0.18,False,False,True,True,True,33.59464787513499,33.47917020816215,33.59464787513499,33.47917020816215,False,False,False,False,0.8535951071723118,0.5853777364093177,0.5853777364093177,False,both,right,none,none,0,moving_average,4,2.0,peak,17,-1,-1,17,False,0.6883057730950354,False,False,False,False,False,False,False,,
frame_000070.jpg,33.54844236412584,33.62900837421458,70,True,0.11499799212036922,0.04156300438008589,0.01079277986189213,0.2724874034356489,False,False,False,False,False,0.42203048900764084,0.2769254492183027,0.18,False,False,True,True,True,33.54844236412584,33.62900837421458,33.54844236412584,33.62900837421458,False,False,False,False,0.8101399588077218,0.7121202519651956,0.7121202519651956,False,both,right,none,none,0,moving_average,4,2.0,peak,17,-1,-1,17,False,0.7245183674307387,False,False,False,False,False,False,False,,
frame_000071.jpg,33.56304935204797,33.822818625144336,71,True,0.05598994615713284,0.05212703510843905,0.05140037027990571,0.2855576126661428,False,False,False,False,False,0.42203048900764084,0.2769254492183027,0.18,False,False,True,True,True,33.56304935204797,33.822818625144336,33.56304935204797,33.822818625144336,False,False,False,False,0.8238774722223056,0.8760571139177029,0.8760571139177029,False,both,right,none,none,0,moving_average,4,2.0,peak,17,-1,-1,17,False,0.8083060349392106,True,False,False,False,False,False,False,3,
frame_000072.jpg,33.34098815976814,33.7763378250952,72,True,0.14785506771537332,0.09920100630884134,0.03249681287693839,0.3582227873561752,False,False,False,False,False,0.42203048900764084,0.2769254492183027,0.18,False,False,True,True,True,33.34098815976814,33.7763378250952,33.34098815976814,33.7763378250952,False,False,False,False,0.6150343743799891,0.8367407389347336,0.8367407389347336,False,both,right,none,none,0,moving_average,4,2.0,peak,17,-1,-1,17,False,0.7437489854037915,False,False,False,False,False,False,False,,
frame_000073.jpg,33.33874452919863,33.400045507277994,73,True,0.13135089121863644,0.148222308835106,0.02766101164868939,0.5352426411277972,False,False,False,False,False,0.42203048900764084,0.2769254492183027,0.18,False,False,True,True,True,33.33874452919863,33.400045507277994,33.33874452919863,33.400045507277994,False,False,False,False,0.6129242949296382,0.5184491033589387,0.5184491033589387,False,both,right,none,none,0,moving_average,4,2.0,peak,17,-1,-1,17,False,0.6200241787738712,False,False,False,False,False,False,False,,
frame_000074.jpg,33.31276298939791,33.384006959477695,74,True,0.15755282006977267,0.017394883318025238,0.026034068405048197,0.3733209428547239,False,False,False,False,True,0.42203048900764084,0.2769254492183027,0.18,False,False,True,True,True,33.31276298939791,33.384006959477695,33.31276298939791,33.384006959477695,False,False,True,True,0.5884892948155361,0.5048826940279415,0.5048826940279415,False,both,right,none,none,0,moving_average,4,2.0,peak,17,-1,-1,17,False,0.5344315367974211,False,False,False,False,False,False,False,,
frame_000075.jpg,,33.47276855052895,75,True,0.1858614870993858,0.2818852060541451,0.0077020636506507775,1.0179100795894442,False,True,False,True,True,0.42203048900764084,0.2769254492183027,0.18,True,False,False,True,True,,33.47276855052895,33.39386761961025,33.47276855052895,True,False,False,True,0.6647662077195945,0.5799628130053832,0.5799628130053832,False,right_only,right,none,none,0,moving_average,4,2.0,peak,17,-1,-1,17,False,0.5476396695008428,False,False,False,False,False,False,False,,
frame_000076.jpg,33.47497224982258,,76,True,0.4677331572077075,0.0,5.169475958410885e-16,1.1082923376164873,True,False,False,True,True,0.42203048900764084,0.2769254492183027,0.18,False,True,True,False,True,33.47497224982258,,33.47497224982258,33.446890459958105,False,True,True,False,0.7410431206236462,0.5580735014692036,0.5580735014692036,False,left_only,right,none,none,0,moving_average,4,2.0,peak,17,-1,-1,17,False,0.5580735014692036,False,False,False,False,False,False,False,,
frame_000077.jpg,,33.42101236938726,77,True,0.2170313746462096,0.0,5.169475958410885e-16,0.5142552026431443,False,False,False,False,True,0.42203048900764084,0.2769254492183027,0.18,True,False,False,True,True,,33.42101236938726,33.41516719291664,33.42101236938726,True,False,False,True,0.6847979333280079,0.5361841899330241,0.5361841899330241,False,right_only,right,none,none,0,moving_average,4,2.0,peak,17,-1,-1,17,False,0.5241654206053779,False,False,False,False,False,False,False,,
frame_000078.jpg,33.355362136010704,33.3525076113632,78,True,0.31076705512129543,0.14678841830441028,0.01115148376086554,0.7363616212943066,False,False,False,False,False,0.42203048900764084,0.2769254492183027,0.18,False,False,True,True,True,33.355362136010704,33.3525076113632,33.355362136010704,33.3525076113632,False,False,False,False,0.6285527460323697,0.4782385704139058,0.4782385704139058,False,both,right,none,none,0,moving_average,4,2.0,peak,17,-1,-1,17,False,0.48588361905463506,False,False,False,False,False,False,False,,
frame_000079.jpg,33.214493442381475,33.31111735543067,79,True,0.2067656147405491,0.1279268151269406,0.0018685324948579315,0.48993051479938365,False,False,False,False,False,0.42203048900764084,0.2769254492183027,0.18,False,False,True,True,True,33.214493442381475,33.31111735543067,33.214493442381475,33.31111735543067,False,False,False,False,0.49606919920237913,0.4432280968169755,0.4432280968169755,False,both,right,none,none,0,moving_average,4,2.0,peak,17,-1,-1,17,False,0.43824927140418124,False,False,False,False,False,False,False,,
frame_000080.jpg,33.12677332589748,33.25206882439582,80,True,0.08102366014450636,0.027486361337220447,0.05229547963140403,0.29053044239668907,False,False,False,False,False,0.42203048900764084,0.2769254492183027,0.18,False,False,True,True,True,33.12677332589748,33.25206882439582,33.12677332589748,33.25206882439582,False,False,False,False,0.41357058392645873,0.39328114698166244,0.39328114698166244,False,both,right,none,none,0,moving_average,4,2.0,peak,17,-1,-1,17,False,0.40292283494604936,False,False,False,False,False,False,False,,
frame_000081.jpg,33.08488495765065,33.22721622601776,81,True,0.07900614342434154,0.013040444432918156,0.028709410682455607,0.18720482401666277,False,False,False,False,False,0.42203048900764084,0.2769254492183027,0.18,False,False,True,True,True,33.08488495765065,33.22721622601776,33.08488495765065,33.22721622601776,False,False,False,False,0.37417560230714064,0.3722592610395101,0.3722592610395101,False,both,right,none,none,0,moving_average,4,2.0,peak,17,-1,-1,17,False,0.37889836286941686,False,False,False,False,False,False,False,,
frame_000082.jpg,33.157416609730845,33.225910363430735,82,True,0.02347742630502235,0.028606971111531366,0.0732342563085919,0.40685697949217725,False,False,False,False,False,0.42203048900764084,0.2769254492183027,0.18,False,False,True,True,True,33.157416609730845,33.225910363430735,33.157416609730845,33.225910363430735,False,False,False,False,0.4423898398176748,0.37115468058707807,0.37115468058707807,False,both,right,none,none,0,moving_average,4,2.0,peak,17,-1,-1,17,False,0.4327476531305754,False,False,False,False,False,False,False,,
frame_000083.jpg,33.33031550178338,33.44305475032372,83,True,0.13808639541378095,0.053933668748434686,0.017067974933030406,0.32719530699897115,False,False,False,False,False,0.42203048900764084,0.2769254492183027,0.18,False,False,True,True,True,33.33031550178338,33.44305475032372,33.33031550178338,33.44305475032372,False,False,False,False,0.6049970016501371,0.5548290177651382,0.5548290177651382,False,both,right,none,none,0,moving_average,4,2.0,peak,17,-1,-1,17,False,0.5739849174031777,False,False,False,False,False,False,False,,
frame_000084.jpg,33.48447492903132,33.72813888557011,84,True,0.09424568756432901,0.007817517973740475,0.018405573983274207,0.2233148789461576,False,False,False,False,False,0.42203048900764084,0.2769254492183027,0.18,False,False,True,True,True,33.48447492903132,33.72813888557011,33.48447492903132,33.72813888557011,False,False,False,False,0.7499801570476197,0.7959710538573168,0.7959710538573168,False,both,right,none,none,0,moving_average,4,2.0,peak,17,-1,-1,17,False,0.6690716460407004,True,False,False,False,False,False,False,4,
frame_000085.jpg,33.465896272281014,33.56315207681671,85,True,0.0653333604040102,0.05353914317533095,0.0032579575605096722,0.19333413857938922,False,False,False,False,False,0.42203048900764084,0.2769254492183027,0.18,False,False,True,True,True,33.465896272281014,33.56315207681671,33.465896272281014,33.56315207681671,False,False,False,False,0.7325073866384894,0.6564148664996462,0.6564148664996462,False,both,right,none,none,0,moving_average,4,2.0,peak,17,-1,-1,17,False,0.6154326288398763,False,False,False,False,False,False,False,,
frame_000086.jpg,33.41918730272151,33.25281459458018,86,True,0.1584521026249927,0.024686304317712217,0.003031032067987601,0.37545179021917524,False,False,False,False,False,0.42203048900764084,0.2769254492183027,0.18,False,False,True,True,True,33.41918730272151,33.25281459458018,33.41918730272151,33.25281459458018,False,False,False,False,0.6885787478714932,0.3939119661626659,0.3939119661626659,False,both,right,none,none,0,moving_average,4,2.0,peak,17,-1,-1,17,False,0.47761172798222273,False,False,False,False,False,False,False,,
frame_000087.jpg,33.354207434511245,33.239332956376614,87,True,0.08899182041855164,0.06447077445888974,0.014850077484408648,0.23280913560265412,False,False,False,False,False,0.42203048900764084,0.2769254492183027,0.18,False,False,True,True,True,33.354207434511245,33.239332956376614,33.354207434511245,33.239332956376614,False,False,False,False,0.627466777629902,0.38250835128435623,0.38250835128435623,False,both,right,none,none,0,moving_average,4,2.0,peak,17,-1,-1,17,False,0.3937612299053504,False,False,False,False,False,False,False,,
frame_000088.jpg,33.26574370775057,33.26576162028403,88,True,0.24247359813188363,0.045908788488767754,0.0010023585839489813,0.5745404762154368,False,False,False,False,False,0.42203048900764084,0.2769254492183027,0.18,False,False,True,True,True,33.26574370775057,33.26576162028403,33.26574370775057,33.26576162028403,False,False,False,False,0.5442688151507418,0.4048633722690292,0.4048633722690292,False,both,right,none,none,0,moving_average,4,2.0,peak,17,-1,-1,17,False,0.37391039717668884,False,False,False,False,False,False,False,,
frame_000089.jpg,33.19469918294683,33.182410144479974,89,True,0.0583181843818783,0.06606115200404931,0.021974895242627458,0.2385521164288976,False,False,False,False,False,0.42203048900764084,0.2769254492183027,0.18,False,False,True,True,True,33.19469918294683,33.182410144479974,33.19469918294683,33.182410144479974,False,False,False,False,0.47745318432204437,0.3343594679766812,0.3343594679766812,False,both,right,none,none,0,moving_average,4,2.0,peak,17,-1,-1,17,False,0.3970937491501688,False,False,False,False,False,False,False,,
frame_000090.jpg,33.266133852347984,33.32155676882231,90,True,0.21817944002905645,0.07458299029122438,0.012223165824297357,0.5169755401845063,False,False,False,False,False,0.42203048900764084,0.2769254492183027,0.18,False,False,True,True,True,33.266133852347984,33.32155676882231,33.266133852347984,33.32155676882231,False,False,False,False,0.5446357365632281,0.4520584072047961,0.4520584072047961,False,both,right,none,none,0,moving_average,4,2.0,peak,17,-1,-1,17,False,0.4919947370822189,False,False,False,False,False,False,False,,
frame_000091.jpg,33.261093599441566,33.602344571772775,91,True,0.06890799527738327,0.014546286626648466,0.0235860901170711,0.1632772917412033,False,False,False,False,False,0.42203048900764084,0.2769254492183027,0.18,False,False,True,True,True,33.261093599441566,33.602344571772775,33.261093599441566,33.602344571772775,False,False,False,False,0.539895502485953,0.6895663360651795,0.6895663360651795,False,both,right,none,none,0,moving_average,4,2.0,peak,17,-1,-1,17,False,0.6728565907812669,False,False,False,False,False,False,False,,
frame_000092.jpg,33.33342286439687,33.82386834060895,92,True,0.01147527366767322,0.0887564398692319,0.013139926780454371,0.3205066205354945,False,False,False,False,False,0.42203048900764084,0.2769254492183027,0.18,False,False,True,True,True,33.33342286439687,33.82386834060895,33.33342286439687,33.82386834060895,False,False,False,False,0.6079193998758619,0.8769450290738252,0.8769450290738252,False,both,right,none,none,0,moving_average,4,2.0,peak,17,-1,-1,17,False,0.8045321354492527,True,False,False,False,False,False,False,5,
frame_000093.jpg,33.30726647842021,33.78856711749194,93,True,0.01592728548559723,0.015715153159902094,0.017248150681575765,0.09582305934208758,False,False,False,False,False,0.42203048900764084,0.2769254492183027,0.18,False,False,True,True,True,33.30726647842021,33.78856711749194,33.30726647842021,33.78856711749194,False,False,False,False,0.583319961227249,0.8470850412087536,0.8470850412087536,False,both,right,none,none,0,moving_average,4,2.0,peak,17,-1,-1,17,False,0.7644314338184538,False,False,False,False,False,False,False,,
frame_000094.jpg,33.513007714765735,33.460120419993366,94,True,0.17220814864783543,0.018391048490356214,0.04395434128505655,0.40804670073189336,False,False,False,False,False,0.42203048900764084,0.2769254492183027,0.18,False,False,True,True,True,33.513007714765735,33.460120419993366,33.513007714765735,33.460120419993366,False,False,False,False,0.7768145413075076,0.5692642311727828,0.5692642311727828,False,both,right,none,none,0,moving_average,4,2.0,peak,17,-1,-1,17,False,0.6543480050481465,False,False,False,False,False,False,False,,
frame_000095.jpg,33.43383044044006,33.43343820734163,95,True,0.07594042221256367,0.04959206900986491,0.022932603909348613,0.17994060663988845,False,False,False,False,False,0.42203048900764084,0.2769254492183027,0.18,False,False,True,True,True,33.43383044044006,33.43343820734163,33.43383044044006,33.43343820734163,False,False,False,False,0.702350259281826,0.5466947427629033,0.5466947427629033,False,both,right,none,none,0,moving_average,4,2.0,peak,17,-1,-1,17,False,0.4967748468179031,False,False,False,False,False,False,False,,
frame_000096.jpg,33.61168057738218,33.22970635293896,96,True,0.13873936571636822,0.08149755527289997,0.0784935428662607,0.43607523814589283,False,False,False,False,False,0.42203048900764084,0.2769254492183027,0.18,False,False,True,True,True,33.61168057738218,33.22970635293896,33.61168057738218,33.22970635293896,False,False,False,False,0.8696139453376354,0.37436556651802333,0.37436556651802333,False,both,right,none,none,0,moving_average,4,2.0,peak,17,-1,-1,17,False,0.4717345027018731,False,False,False,False,False,False,False,,
frame_000097.jpg,33.49347302129364,33.37131046013392,97,True,0.09436308868004824,0.045749119469016386,0.06843102922694068,0.3801723845941149,False,False,False,False,False,0.42203048900764084,0.2769254492183027,0.18,False,False,True,True,True,33.49347302129364,33.37131046013392,33.49347302129364,33.37131046013392,False,False,False,False,0.7584426418403933,0.4941431988246927,0.4941431988246927,False,both,right,none,none,0,moving_average,4,2.0,peak,17,-1,-1,17,False,0.4303142183998195,False,False,False,False,False,False,False,,
frame_000098.jpg,33.304257331379894,,98,True,0.12748018706235154,0.04482767508700349,0.013521331852116063,0.30206392756624634,False,False,False,False,False,0.42203048900764084,0.2769254492183027,0.18,False,True,True,False,True,33.304257331379894,,33.304257331379894,33.2865339248291,False,True,False,False,0.5804899323360649,0.4224338898567425,0.4224338898567425,False,left_only,right,none,none,0,moving_average,4,2.0,peak,17,-1,-1,17,False,0.4224338898567445,False,False,False,False,False,False,False,,
frame_000099.jpg,33.23117730984512,33.20175738952429,99,True,0.22630021222716584,0.09890204349119976,0.022997059954214527,0.5362176859764004,False,False,False,False,False,0.42203048900764084,0.2769254492183027,0.18,False,False,True,True,True,33.23117730984512,33.20175738952429,33.23117730984512,33.20175738952429,False,False,False,False,0.5117599668206495,0.3507245808887983,0.3507245808887983,False,both,right,none,none,0,moving_average,4,2.0,peak,17,-1,-1,17,False,0.3163484509865731,False,False,False,False,False,False,False,,
frame_000100.jpg,33.26297807996796,32.99505989727922,100,True,0.11497768608199924,0.11538103473902568,0.01882331515216904,0.4166501672732499,False,False,False,False,False,0.42203048900764084,0.2769254492183027,0.18,False,False,True,True,True,33.26297807996796,32.99505989727922,33.26297807996796,32.99505989727922,False,False,False,False,0.54166781014095,0.17588688221417853,0.17588688221417853,False,both,right,none,none,0,moving_average,4,2.0,peak,17,-1,-1,17,False,0.3234982701136614,False,False,False,False,False,False,False,,
frame_000101.jpg,,33.31189200883692,101,True,0.15800586607279146,0.2142830782302255,0.04182037510638357,0.7737933759251729,False,False,False,False,False,0.42203048900764084,0.2769254492183027,0.18,True,False,False,True,True,,33.31189200883692,33.280505764061296,33.31189200883692,True,False,False,False,0.558152166576546,0.4438833472380073,0.4438833472380073,False,right_only,right,none,none,0,moving_average,4,2.0,peak,17,-1,-1,17,False,0.3619850064126356,False,False,False,False,False,False,False,,
frame_000102.jpg,,,102,True,0.05020980450239805,0.0,0.0,0.11897198380254703,False,False,False,False,False,0.42203048900764084,0.2769254492183027,0.18,True,True,False,False,False,,,33.298033448154634,33.338257330978564,True,True,False,False,0.5746365230121421,0.466184789785721,0.466184789785721,False,missing,right,none,none,0,moving_average,4,2.0,peak,17,-1,-1,17,False,0.466184789785721,False,False,False,False,False,False,False,,
frame_000103.jpg,,33.36462265312021,103,True,0.05020980450239805,0.0,5.204170427930421e-16,0.11897198380254703,False,False,False,False,False,0.42203048900764084,0.2769254492183027,0.18,True,False,False,True,True,,33.36462265312021,33.315561132247964,33.36462265312021,True,False,False,False,0.5911208794477314,0.4884862323334347,0.4884862323334347,False,right_only,right,none,none,0,moving_average,4,2.0,peak,17,-1,-1,17,False,0.46986150540410965,True,False,False,False,False,False,False,6,
frame_000104.jpg,,33.32493212381979,104,True,0.1800804634796963,0.0,5.204170427930421e-16,0.42670012752665354,False,False,False,False,False,0.42203048900764084,0.2769254492183027,0.18,True,False,False,True,True,,33.32493212381979,33.3330888163413,33.32493212381979,True,False,False,False,0.6076052358833275,0.45491349409317333,0.45491349409317333,False,right_only,right,none,none,0,moving_average,4,2.0,peak,17,-1,-1,17,False,0.4334231902188044,False,False,False,False,False,False,False,,
frame_000105.jpg,33.35061650043464,33.20902247326424,105,True,0.15783948785800092,0.0998192038429945,0.0009818233570067466,0.37400020133413453,False,False,False,False,False,0.42203048900764084,0.2769254492183027,0.18,False,False,True,True,True,33.35061650043464,33.20902247326424,33.35061650043464,33.20902247326424,False,False,False,False,0.6240895923189235,0.356869844229805,0.356869844229805,False,both,right,none,none,0,moving_average,4,2.0,peak,17,-1,-1,17,False,0.38198653105635116,False,False,False,False,False,False,False,,
frame_000106.jpg,33.206040314053055,33.182193545343004,106,True,0.18068998241299167,0.06595109298722947,0.02717498787907112,0.4281443808428739,False,False,False,False,False,0.42203048900764084,0.2769254492183027,0.18,False,False,True,True,True,33.206040314053055,33.182193545343004,33.206040314053055,33.182193545343004,False,False,False,False,0.48811923960592213,0.33417625484607516,0.33417625484607516,False,both,right,none,none,0,moving_average,4,2.0,peak,17,-1,-1,17,False,0.36510498968819316,False,False,False,False,False,False,False,,
frame_000107.jpg,33.227762141922454,33.26505878484631,107,True,0.0837534777944106,0.0770065227836952,0.01460604176539799,0.2780767278741157,False,False,False,False,False,0.42203048900764084,0.2769254492183027,0.18,False,False,True,True,True,33.227762141922454,33.26505878484631,33.227762141922454,33.26505878484631,False,False,False,False,0.5085480852608903,0.4042688699886994,0.4042688699886994,False,both,right,none,none,0,moving_average,4,2.0,peak,17,-1,-1,17,False,0.4243073305339053,False,False,False,False,False,False,False,,
frame_000108.jpg,33.38272022211013,33.41899392931652,108,True,0.05736287937103762,0.06635049127832193,0.003725303414697269,0.23959694374646395,False,False,False,False,False,0.42203048900764084,0.2769254492183027,0.18,False,False,True,True,True,33.38272022211013,33.41899392931652,33.38272022211013,33.41899392931652,False,False,False,False,0.6542823541344506,0.5344768667669414,0.5344768667669414,False,both,right,none,none,0,moving_average,4,2.0,peak,17,-1,-1,17,False,0.5353104489255678,False,False,False,False,False,False,False,,
frame_000109.jpg,33.40835961378849,,109,True,0.04977575868574617,0.011687196703426378,0.055818870636059836,0.3101048368669991,False,False,False,False,False,0.42203048900764084,0.2769254492183027,0.18,False,True,True,False,True,33.40835961378849,,33.40835961378849,33.57588551870235,False,True,False,False,0.6783955723421317,0.6671856100210629,0.6671856100210629,False,left_only,right,none,none,0,moving_average,4,2.0,peak,17,-1,-1,17,False,0.6671856100210649,False,False,False,False,False,False,False,,
frame_000110.jpg,33.411498347331694,33.732777108088186,110,True,0.04292323276358421,0.03302520695602185,0.040429708854190796,0.2246094936343933,False,False,False,False,False,0.42203048900764084,0.2769254492183027,0.18,False,False,True,True,True,33.411498347331694,33.732777108088186,33.411498347331694,33.732777108088186,False,False,False,False,0.6813474741568263,0.7998943532751905,0.7998943532751905,False,both,right,none,none,0,moving_average,4,2.0,peak,17,-1,-1,17,False,0.6914231304730027,True,False,False,False,False,False,False,7,
frame_000111.jpg,33.50841478272525,33.50495653464075,111,True,0.012155295249968171,0.09730321842270823,0.09005579185330931,0.5003099547406072,False,False,False,False,False,0.42203048900764084,0.2769254492183027,0.18,False,False,True,True,True,33.50841478272525,33.50495653464075,33.50841478272525,33.50495653464075,False,False,False,False,0.7724950015190963,0.6071894281227548,0.6071894281227548,False,both,right,none,none,0,moving_average,4,2.0,peak,17,-1,-1,17,False,0.6714244031735667,False,False,False,False,False,False,False,,
frame_000112.jpg,33.50841478272525,33.50495653464075,112,True,0.0,0.0,0.0,0.0,False,False,False,False,False,0.42203048900764084,0.2769254492183027,0.18,False,False,True,True,True,33.50841478272525,33.50495653464075,33.50841478272525,33.50495653464075,False,False,False,False,0.7724950015190963,0.6071894281227548,0.6071894281227548,False,both,right,none,none,0,moving_average,4,2.0,peak,17,-1,-1,17,False,0.6114936073133803,False,False,False,False,False,False,False,,
frame_000113.jpg,33.460786690827035,33.52022205892332,113,True,0.06881324038948197,0.044878955179947805,0.001774326254581668,0.1630527703135593,False,False,False,False,False,0.42203048900764084,0.2769254492183027,0.18,False,False,True,True,True,33.460786690827035,33.52022205892332,33.460786690827035,33.52022205892332,False,False,False,False,0.7277019507648409,0.6201019656946313,0.6201019656946313,False,both,right,none,none,0,moving_average,4,2.0,peak,17,-1,-1,17,False,0.6765269867271974,False,False,False,False,False,False,False,,
frame_000114.jpg,33.51724177667157,33.73560878879918,114,True,0.20811854841350885,0.10635600504115715,0.060479947075760127,0.4931362871504312,False,False,False,False,False,0.42203048900764084,0.2769254492183027,0.18,False,False,True,True,True,33.51724177667157,33.73560878879918,33.51724177667157,33.73560878879918,False,False,False,False,0.7807965725475999,0.8022895663642061,0.8022895663642061,False,both,right,none,none,0,moving_average,4,2.0,peak,17,-1,-1,17,False,0.648314432462938,False,False,False,False,False,False,False,,
frame_000115.jpg,33.34906969700372,33.404895776684256,115,True,0.024006793931958984,0.013777313060969881,0.005947520917851647,0.05688402747490678,False,False,False,False,False,0.42203048900764084,0.2769254492183027,0.18,False,False,True,True,True,33.34906969700372,33.404895776684256,33.34906969700372,33.404895776684256,False,False,False,False,0.6226348616793651,0.5225517653299766,0.5225517653299766,False,both,right,none,none,0,moving_average,4,2.0,peak,17,-1,-1,17,False,0.6157976990080531,False,False,False,False,False,False,False,,
frame_000116.jpg,33.34906969700372,33.404895776684256,116,True,0.0,0.0,0.0,0.0,False,False,False,False,False,0.42203048900764084,0.2769254492183027,0.18,False,False,True,True,True,33.34906969700372,33.404895776684256,33.34906969700372,33.404895776684256,False,False,False,False,0.6226348616793651,0.5225517653299766,0.5225517653299766,False,both,right,none,none,0,moving_average,4,2.0,peak,17,-1,-1,17,False,0.5102348203548611,False,False,False,False,False,False,False,,
frame_000117.jpg,33.32880104593423,33.36121157714761,117,True,0.027636211123521808,0.016332569824034245,0.008330751731406454,0.06548392081459654,False,False,False,False,False,0.42203048900764084,0.2769254492183027,0.18,False,False,True,True,True,33.32880104593423,33.36121157714761,33.32880104593423,33.36121157714761,False,False,False,False,0.6035726931168198,0.48560093040463015,0.48560093040463015,False,both,right,none,none,0,moving_average,4,2.0,peak,17,-1,-1,17,False,0.48876293571274226,False,False,False,False,False,False,False,,
frame_000118.jpg,33.237620439801766,33.32874198245774,118,True,0.0846044690951481,0.014271421562576344,0.00015313044442302748,0.20047004019564174,False,False,False,False,False,0.42203048900764084,0.2769254492183027,0.18,False,False,True,True,True,33.237620439801766,33.32874198245774,33.237620439801766,33.32874198245774,False,False,False,False,0.5178195723110606,0.45813611140362004,0.45813611140362004,False,both,right,none,none,0,moving_average,4,2.0,peak,17,-1,-1,17,False,0.45146982706510735,False,False,False,False,False,False,False,,
frame_000119.jpg,33.20851126649519,33.27262924445596,119,True,0.04684412351452061,0.0294926837212431,0.01148571559912748,0.11099701262027184,False,False,False,False,False,0.42203048900764084,0.2769254492183027,0.18,False,False,True,True,True,33.20851126649519,33.27262924445596,33.20851126649519,33.27262924445596,False,False,False,False,0.4904431096947822,0.4106724393870719,0.4106724393870719,False,both,right,none,none,0,moving_average,4,2.0,peak,17,-1,-1,17,False,0.4475477099822228,False,False,False,False,False,False,False,,
frame_000120.jpg,33.217415132844046,33.34730110295121,120,True,0.12210464852330166,0.007734119863824936,0.013256559759905594,0.28932660483942185,False,False,False,False,False,0.42203048900764084,0.2769254492183027,0.18,False,False,True,True,True,33.217415132844046,33.34730110295121,33.217415132844046,33.34730110295121,False,False,False,False,0.49881697732999913,0.4738345791559766,0.4738345791559766,False,both,right,none,none,0,moving_average,4,2.0,peak,17,-1,-1,17,False,0.44783667177795144,False,False,False,False,False,False,False,,
frame_000121.jpg,33.26292259802529,33.32976683600451,121,True,0.044551945960001886,0.029256538355545904,0.0009242045355151822,0.10564770568443756,False,False,False,False,False,0.42203048900764084,0.2769254492183027,0.18,False,False,True,True,True,33.26292259802529,33.32976683600451,33.26292259802529,33.32976683600451,False,False,False,False,0.5416156307364269,0.4590029967908059,0.4590029967908059,False,both,right,none,none,0,moving_average,4,2.0,peak,17,-1,-1,17,False,0.4613407079916041,False,False,False,False,False,False,False,,
frame_000122.jpg,33.26206392467814,33.3205236706874,122,True,0.004948320647761097,0.003543405040302635,0.007103974537177819,0.03946652520654344,False,False,False,False,False,0.42203048900764084,0.2769254492183027,0.18,False,False,True,True,True,33.26206392467814,33.3205236706874,33.26206392467814,33.3205236706874,False,False,False,False,0.5408080695411861,0.45118454802802976,0.45118454802802976,False,both,right,none,none,0,moving_average,4,2.0,peak,17,-1,-1,17,False,0.4617006233627967,False,False,False,False,False,False,False,,
frame_000123.jpg,33.24880501294404,33.34857760576284,123,True,0.09524676137578782,0.05814832163207481,0.008346287253372497,0.22568692039229274,False,False,False,False,False,0.42203048900764084,0.2769254492183027,0.18,False,False,True,True,True,33.24880501294404,33.34857760576284,33.24880501294404,33.34857760576284,False,False,False,False,0.5283383886746728,0.4749143252695545,0.4749143252695545,False,both,right,none,none,0,moving_average,4,2.0,peak,17,-1,-1,17,False,0.5551902290467596,False,False,False,False,False,False,False,,
frame_000124.jpg,33.23004359186536,33.66134407350553,124,True,0.051610135793347195,0.007257305552369206,0.023984877639077102,0.133249320217095,False,False,False,False,False,0.42203048900764084,0.2769254492183027,0.18,False,False,True,True,True,33.23004359186536,33.66134407350553,33.23004359186536,33.66134407350553,False,False,False,False,0.5106937329031324,0.7394718138426946,0.7394718138426946,False,both,right,none,none,0,moving_average,4,2.0,peak,17,-1,-1,17,False,0.6400368759921604,False,False,False,False,False,False,False,,
frame_000125.jpg,33.33726827510891,33.62144714340461,125,True,0.014067888328070871,0.004491719745604572,0.0018048516548781687,0.033333819935971905,False,False,False,False,False,0.42203048900764084,0.2769254492183027,0.18,False,False,True,True,True,33.33726827510891,33.62144714340461,33.33726827510891,33.62144714340461,False,False,False,False,0.6115359142128928,0.7057244888642322,0.7057244888642322,False,both,right,none,none,0,moving_average,4,2.0,peak,17,-1,-1,17,False,0.7044514290359538,True,False,False,False,False,False,False,8,
frame_000126.jpg,33.40677294006283,33.57703508396983,126,True,0.022862419041016106,0.008147448961288264,0.013101137401093074,0.0727840966727393,False,False,False,False,False,0.42203048900764084,0.2769254492183027,0.18,False,False,True,True,True,33.40677294006283,33.57703508396983,33.40677294006283,33.57703508396983,False,False,False,False,0.6769033446695242,0.668157984400935,0.668157984400935,False,both,right,none,none,0,moving_average,4,2.0,peak,17,-1,-1,17,False,0.6751104566991513,False,False,False,False,False,False,False,,
frame_000127.jpg,33.49319351363587,33.55728118349914,127,True,0.0020268329587095316,0.006272158173231542,0.016240510716741995,0.09022505953745553,False,False,False,False,False,0.42203048900764084,0.2769254492183027,0.18,False,False,True,True,True,33.49319351363587,33.55728118349914,33.49319351363587,33.55728118349914,False,False,False,False,0.7581797717525626,0.6514488968322867,0.6514488968322867,False,both,right,none,none,0,moving_average,4,2.0,peak,17,-1,-1,17,False,0.6606968372015811,False,False,False,False,False,False,False,,
frame_000128.jpg,33.49085631272493,33.57032672097443,128,True,0.00787412529440514,0.02366356152253595,0.002491096915900319,0.08545101791595096,False,False,False,False,False,0.42203048900764084,0.2769254492183027,0.18,False,False,True,True,True,33.49085631272493,33.57032672097443,33.49085631272493,33.57032672097443,False,False,False,False,0.7559816916940431,0.6624836303715217,0.6624836303715217,False,both,right,none,none,0,moving_average,4,2.0,peak,17,-1,-1,17,False,0.6819628591457888,False,False,False,False,False,False,False,,
frame_000129.jpg,33.50147464581572,33.652458750133675,129,True,0.02540371058544833,0.052482419004021896,0.007974534168419874,0.18951822287250153,False,False,False,False,False,0.42203048900764084,0.2769254492183027,0.18,False,False,True,True,True,33.50147464581572,33.652458750133675,33.50147464581572,33.652458750133675,False,False,False,False,0.7659679731952592,0.7319560502335583,0.7319560502335583,False,both,right,none,none,0,moving_average,4,2.0,peak,17,-1,-1,17,False,0.6625895244957347,False,False,False,False,False,False,False,,
frame_000130.jpg,33.52374568661466,33.488570263847144,130,True,0.047830822958277466,0.020920113766040995,0.03871806163205378,0.2151003424002988,False,False,False,False,False,0.42203048900764084,0.2769254492183027,0.18,False,False,True,True,True,33.52374568661466,33.488570263847144,33.52374568661466,33.488570263847144,False,False,False,False,0.7869133401225983,0.5933288928821243,0.5933288928821243,False,both,right,none,none,0,moving_average,4,2.0,peak,17,-1,-1,17,False,0.6183702556228763,False,False,False,False,False,False,False,,
frame_000131.jpg,33.4293720816536,33.41349535015079,131,True,0.08033679210608675,0.02914367069762846,0.0076292635909305925,0.19035779214670023,False,False,False,False,False,0.42203048900764084,0.2769254492183027,0.18,False,False,True,True,True,33.4293720816536,33.41349535015079,33.4293720816536,33.41349535015079,False,False,False,False,0.698157282333902,0.5298258237529464,0.5298258237529464,False,both,right,none,none,0,moving_average,4,2.0,peak,17,-1,-1,17,False,0.5322333286812682,False,False,False,False,False,False,False,,
frame_000132.jpg,33.27603206714229,33.34695907374532,132,True,0.05780526842647698,0.023400605875825136,0.012558961625185687,0.13696941318718425,False,False,False,False,False,0.42203048900764084,0.2769254492183027,0.18,False,False,True,True,True,33.27603206714229,33.34695907374532,33.27603206714229,33.34695907374532,False,False,False,False,0.5539447644916483,0.4735452694087337,0.4735452694087337,False,both,right,none,none,0,moving_average,4,2.0,peak,17,-1,-1,17,False,0.47780912734604586,False,False,False,False,False,False,False,,
frame_000133.jpg,33.27714316699734,33.295545315245526,133,True,0.05992846159889633,0.0025466312967900124,0.0068076462588042945,0.14200031315228348,False,False,False,False,False,0.42203048900764084,0.2769254492183027,0.18,False,False,True,True,True,33.27714316699734,33.295545315245526,33.27714316699734,33.295545315245526,False,False,False,False,0.5549897266183437,0.43005628887645747,0.43005628887645747,False,both,right,none,none,0,moving_average,4,2.0,peak,17,-1,-1,17,False,0.44935056188567735,False,False,False,False,False,False,False,,
frame_000134.jpg,33.23197908976397,33.31256207046096,134,True,0.05202690138010534,0.056546623577921125,0.012664447343078082,0.20419439144195425,False,False,False,False,False,0.42203048900764084,0.2769254492183027,0.18,False,False,True,True,True,33.23197908976397,33.31256207046096,33.23197908976397,33.31256207046096,False,False,False,False,0.5125140211437856,0.44445012737184086,0.44445012737184086,False,both,right,none,none,0,moving_average,4,2.0,peak,17,-1,-1,17,False,0.44971244512575315,False,False,False,False,False,False,False,,
frame_000135.jpg,33.29596179390165,33.34824255594812,135,True,0.1058233769216111,0.011471889526995733,0.017195678235867557,0.2507481797593424,False,False,False,False,False,0.42203048900764084,0.2769254492183027,0.18,False,False,True,True,True,33.29596179390165,33.34824255594812,33.29596179390165,33.34824255594812,False,False,False,False,0.5726881830639949,0.4746309191289612,0.4746309191289612,False,both,right,none,none,0,moving_average,4,2.0,peak,17,-1,-1,17,False,0.4737634198775335,False,False,False,False,False,False,False,,
frame_000136.jpg,33.343275651895524,33.38084630361808,136,True,0.050460968906301994,0.09109982643403039,0.01455135441869358,0.3289687773051715,False,False,False,False,False,0.42203048900764084,0.2769254492183027,0.18,False,False,True,True,True,33.343275651895524,33.38084630361808,33.343275651895524,33.38084630361808,False,False,False,False,0.6171857045483481,0.5022092131317987,0.5022092131317987,False,both,right,none,none,0,moving_average,4,2.0,peak,17,-1,-1,17,False,0.502422114188016,False,False,False,False,False,False,False,,
frame_000137.jpg,33.35311345338639,33.41420514211942,137,True,0.12047173974627336,0.026717723364246864,0.028933414806107165,0.2854574323043571,False,False,False,False,False,0.42203048900764084,0.2769254492183027,0.18,False,False,True,True,True,33.35311345338639,33.41420514211942,33.35311345338639,33.41420514211942,False,False,False,False,0.6264379152485476,0.5304262103032881,0.5304262103032881,False,both,right,none,none,0,moving_average,4,2.0,peak,17,-1,-1,17,False,0.5461678691445597,False,False,False,False,False,False,False,,
frame_000138.jpg,33.41604237649355,33.503394526851935,138,True,0.06375281912336409,0.07526617437375688,0.009872696496895175,0.27179219023103907,False,False,False,False,False,0.42203048900764084,0.2769254492183027,0.18,False,False,True,True,True,33.41604237649355,33.503394526851935,33.41604237649355,33.503394526851935,False,False,False,False,0.6856210219888671,0.6058681839985924,0.6058681839985924,False,both,right,none,none,0,moving_average,4,2.0,peak,17,-1,-1,17,False,0.6034104339289831,False,False,False,False,False,False,False,,
frame_000139.jpg,33.52164318826111,33.58386707111232,139,True,0.07562826316384029,0.010481492942178686,0.0024757805453213023,0.17920094669385614,False,False,False,False,False,0.42203048900764084,0.2769254492183027,0.18,False,False,True,True,True,33.52164318826111,33.58386707111232,33.52164318826111,33.58386707111232,False,False,False,False,0.7849359920553562,0.6739369074850688,0.6739369074850688,False,both,right,none,none,0,moving_average,4,2.0,peak,17,-1,-1,17,False,0.7205362221151956,False,False,False,False,False,False,False,,
frame_000140.jpg,33.52956618601416,33.8296122347346,140,True,0.1011714132902578,0.07904489744690128,0.04605207182226586,0.2854374622124004,False,False,False,False,False,0.42203048900764084,0.2769254492183027,0.18,False,False,True,True,True,33.52956618601416,33.8296122347346,33.52956618601416,33.8296122347346,False,False,False,False,0.792387376864906,0.8818035748619256,0.8818035748619256,False,both,right,none,none,0,moving_average,4,2.0,peak,17,-1,-1,17,False,0.8112487616095152,False,False,False,False,False,False,False,,
frame_000141.jpg,33.53231095821902,33.82512241341407,141,True,0.02953293754937597,0.02829057818531362,0.024275347838313352,0.1348630435461853,False,False,False,False,False,0.42203048900764084,0.2769254492183027,0.18,False,False,True,True,True,33.53231095821902,33.82512241341407,33.53231095821902,33.82512241341407,False,False,False,False,0.7949687677160044,0.8780058024815512,0.8780058024815512,False,both,right,none,none,0,moving_average,4,2.0,peak,17,-1,-1,17,False,0.8975711130021032,True,False,False,False,False,False,False,9,
frame_000142.jpg,33.608765157785875,33.890024387746045,142,True,0.06536341905695982,0.028412159157375005,0.015616937312816027,0.15487842883260602,False,False,False,False,False,0.42203048900764084,0.2769254492183027,0.18,False,False,True,True,True,33.608765157785875,33.890024387746045,33.608765157785875,33.890024387746045,False,False,False,False,0.8668720648057348,0.9329039616628331,0.9329039616628331,False,both,right,none,none,0,moving_average,4,2.0,peak,17,-1,-1,17,False,0.782531826276636,False,False,False,False,False,False,False,,
frame_000143.jpg,,33.421605284470374,143,True,0.03176029593841766,0.03944660894708248,0.0035312810433334244,0.14244486759317807,False,False,False,False,False,0.42203048900764084,0.2769254492183027,0.18,True,False,False,True,True,,33.421605284470374,33.52828875125465,33.421605284470374,True,False,False,False,0.7911859808455106,0.536685714685524,0.536685714685524,False,right_only,right,none,none,0,moving_average,4,2.0,peak,17,-1,-1,17,False,0.6593552373847584,False,False,False,False,False,False,False,,
frame_000144.jpg,,33.3882550978364,144,True,0.079139271171828,0.0184761866782669,0.09641268130068778,0.5356260072260433,False,False,False,False,False,0.42203048900764084,0.2769254492183027,0.18,True,False,False,True,True,,33.3882550978364,33.44781234472343,33.3882550978364,True,False,False,False,0.7154998968852931,0.5084760358059185,0.5084760358059185,False,right_only,right,none,none,0,moving_average,4,2.0,peak,17,-1,-1,17,False,0.5178792620991203,False,False,False,False,False,False,False,,
frame_000145.jpg,,33.3882550978364,145,True,0.019197120833027173,0.02446272305791875,0.02959641223308985,0.1644245124060547,False,False,False,False,False,0.42203048900764084,0.2769254492183027,0.18,True,False,False,True,True,,33.3882550978364,33.36733593819221,33.3882550978364,True,False,False,False,0.6398138129250757,0.5084760358059185,0.5084760358059185,False,right_only,right,none,none,0,moving_average,4,2.0,peak,17,-1,-1,17,False,0.5053366882404315,False,False,False,False,False,False,False,,
frame_000146.jpg,33.28685953166099,33.37712085263658,146,True,0.028841769642628762,0.005344904646395481,0.03792122524565264,0.21067347358695912,False,False,False,False,False,0.42203048900764084,0.2769254492183027,0.18,False,False,True,True,True,33.28685953166099,33.37712085263658,33.28685953166099,33.37712085263658,False,False,False,False,0.5641277289648516,0.49905799310945775,0.49905799310945775,False,both,right,none,none,0,moving_average,4,2.0,peak,17,-1,-1,17,False,0.458954868315047,False,False,False,False,False,False,False,,
frame_000147.jpg,33.272820632669486,33.2237538614838,147,True,0.2531948635064655,0.03645227829735003,0.031237762303240324,0.5999444829254538,False,False,False,False,False,0.42203048900764084,0.2769254492183027,0.18,False,False,True,True,True,33.272820632669486,33.2237538614838,33.272820632669486,33.2237538614838,False,False,False,False,0.550924489238093,0.3693305760297649,0.3693305760297649,False,both,right,none,none,0,moving_average,4,2.0,peak,17,-1,-1,17,False,0.5265155522538684,False,False,False,False,False,False,False,,
frame_000148.jpg,33.214632446832894,33.6278708795078,148,True,0.09874511102943084,0.10231615930427358,0.031107740645426457,0.3694718545842888,False,False,False,False,False,0.42203048900764084,0.2769254492183027,0.18,False,False,True,True,True,33.214632446832894,33.6278708795078,33.214632446832894,33.6278708795078,False,False,False,False,0.496199929475194,0.7111580876223824,0.7111580876223824,False,both,right,none,none,0,moving_average,4,2.0,peak,17,-1,-1,17,False,0.6096621214934917,False,False,False,False,False,False,False,,
frame_000149.jpg,33.36398157143675,33.672014702433735,149,True,0.05732418469249598,0.09599759268312544,0.011121936933486096,0.3466550039156918,False,False,False,False,False,0.42203048900764084,0.2769254492183027,0.18,False,False,True,True,True,33.36398157143675,33.672014702433735,33.36398157143675,33.672014702433735,False,False,False,False,0.6366591133698888,0.748497700828328,0.748497700828328,False,both,right,none,none,0,moving_average,4,2.0,peak,17,-1,-1,17,False,0.7250839267451346,False,False,False,False,False,False,False,,
frame_000150.jpg,33.50254614119985,33.633117480602,150,True,0.02011509033955478,0.022128810509532484,0.009508659877173654,0.07990890895725569,False,False,False,False,False,0.42203048900764084,0.2769254492183027,0.18,False,False,True,True,True,33.50254614119985,33.633117480602,33.50254614119985,33.633117480602,False,False,False,False,0.7669756882896814,0.7155959917846934,0.7155959917846934,False,both,right,none,none,0,moving_average,4,2.0,peak,17,-1,-1,17,False,0.7265632281325716,False,False,False,False,False,False,False,,
frame_000151.jpg,33.50254614119985,33.633117480602,151,True,0.0,0.0,0.0,0.0,False,False,False,False,False,0.42203048900764084,0.2769254492183027,0.18,False,False,True,True,True,33.50254614119985,33.633117480602,33.50254614119985,33.633117480602,False,False,False,False,0.7669756882896814,0.7155959917846934,0.7155959917846934,False,both,right,none,none,0,moving_average,4,2.0,peak,17,-1,-1,17,False,0.7087334908748304,False,False,False,False,False,False,False,,
frame_000152.jpg,33.49850019874019,33.60877842090233,152,True,0.05128986744857922,0.014171470003435306,0.009395931420105252,0.12153118977062963,False,False,False,False,False,0.42203048900764084,0.2769254492183027,0.18,False,False,True,True,True,33.49850019874019,33.60877842090233,33.49850019874019,33.60877842090233,False,False,False,False,0.7631705787687761,0.6950084890551045,0.6950084890551045,False,both,right,none,none,0,moving_average,4,2.0,peak,17,-1,-1,17,False,0.7618482277026799,False,False,False,False,False,False,False,,
frame_000153.jpg,33.58022661695922,33.82149818430833,153,True,0.05177087981467962,0.09361654110643847,0.015453500841453992,0.33805683576824225,False,False,False,False,False,0.42203048900764084,0.2769254492183027,0.18,False,False,True,True,True,33.58022661695922,33.82149818430833,33.58022661695922,33.82149818430833,False,False,False,False,0.8400322680229325,0.8749402022682419,0.8749402022682419,False,both,right,none,none,0,moving_average,4,2.0,peak,17,-1,-1,17,False,0.760623233907763,False,False,False,False,False,False,False,,
frame_000154.jpg,33.56804274852726,33.628772825862015,154,True,0.04040543815802437,0.051323396827414935,0.05082184301834286,0.282343572324127,False,False,False,False,False,0.42203048900764084,0.2769254492183027,0.18,False,False,True,True,True,33.56804274852726,33.628772825862015,33.56804274852726,33.628772825862015,False,False,False,False,0.8285736389805939,0.7119210103999426,0.7119210103999426,False,both,right,none,none,0,moving_average,4,2.0,peak,17,-1,-1,17,False,0.7662607410227089,False,False,False,False,False,False,False,,
frame_000155.jpg,33.56804274852726,33.628772825862015,155,True,0.0,0.0,0.0,0.0,False,False,False,False,False,0.42203048900764084,0.2769254492183027,0.18,False,False,True,True,True,33.56804274852726,33.628772825862015,33.56804274852726,33.628772825862015,False,False,False,False,0.8285736389805939,0.7119210103999426,0.7119210103999426,False,both,right,none,none,0,moving_average,4,2.0,peak,17,-1,-1,17,False,0.7951346849915994,False,False,False,False,False,False,False,,
frame_000156.jpg,33.647397245772844,33.923904676526604,156,True,0.07904084048922617,0.06370287193399538,0.049882463665734844,0.27712479814297136,False,False,False,False,False,0.42203048900764084,0.2769254492183027,0.18,False,False,True,True,True,33.647397245772844,33.923904676526604,33.647397245772844,33.923904676526604,False,False,False,False,0.9032045948101152,0.9615620341749135,0.9615620341749135,False,both,right,none,none,0,moving_average,4,2.0,peak,17,-1,-1,17,False,0.8588562550206322,True,False,False,False,False,False,False,10,
frame_000157.jpg,33.51086438337212,33.85477251860731,157,True,0.025264560531820347,0.0961178653356692,0.012813840992284609,0.34708931810705,False,False,False,False,False,0.42203048900764084,0.2769254492183027,0.18,False,False,True,True,True,33.51086438337212,33.85477251860731,33.51086438337212,33.85477251860731,False,False,False,False,0.7747987907688884,0.9030857204870407,0.9030857204870407,False,both,right,none,none,0,moving_average,4,2.0,peak,17,-1,-1,17,False,0.7785631469043874,False,False,False,False,False,False,False,,
frame_000158.jpg,33.381169716403065,33.343999274997394,158,True,0.06772892132403839,0.0182773672146152,0.05021365570117405,0.2789647538954114,False,False,False,False,False,0.42203048900764084,0.2769254492183027,0.18,False,False,True,True,True,33.381169716403065,33.343999274997394,33.381169716403065,33.343999274997394,False,False,False,False,0.6528241415950993,0.4710416860512084,0.4710416860512084,False,both,right,none,none,0,moving_average,4,2.0,peak,17,-1,-1,17,False,0.6018110504964994,False,False,False,False,False,False,False,,
frame_000159.jpg,33.16375110288705,,159,True,0.08959795103872256,0.10569491715978428,0.08017944040429026,0.44544133557939036,False,False,False,False,False,0.42203048900764084,0.2769254492183027,0.18,False,True,True,False,True,33.16375110288705,,33.16375110288705,33.297022453410165,False,True,False,False,0.44834727506523164,0.4313057449512492,0.4313057449512492,False,left_only,right,none,none,0,moving_average,4,2.0,peak,17,-1,-1,17,False,0.4313057449512492,False,False,False,False,False,False,False,,
frame_000160.jpg,33.111408434577655,,160,True,0.05136561240377914,0.1033360645410825,0.02078554426063134,0.3731548141666886,False,False,False,False,False,0.42203048900764084,0.2769254492183027,0.18,False,True,True,False,True,33.111408434577655,,33.111408434577655,33.250045631822935,False,True,False,False,0.3991202809793346,0.39156980385129,0.39156980385129,False,left_only,right,none,none,0,moving_average,4,2.0,peak,17,-1,-1,17,False,0.39156980385129,False,False,False,False,False,False,False,,
frame_000161.jpg,33.087977758443735,,161,True,0.04510645447028965,0.06378931384857668,0.016922249171044665,0.23034832670178687,False,False,False,False,False,0.42203048900764084,0.2769254492183027,0.18,False,True,True,False,True,33.087977758443735,,33.087977758443735,33.203068810235706,False,True,False,False,0.3770843054983893,0.3518338627513308,0.3518338627513308,False,left_only,right,none,none,0,moving_average,4,2.0,peak,17,-1,-1,17,False,0.3518338627513308,False,False,False,False,False,False,False,,
frame_000162.jpg,33.03259422838878,33.15609198864848,162,True,0.03142264084063556,0.08610668724228465,0.05037121327617782,0.3109381513520847,False,False,False,False,False,0.42203048900764084,0.2769254492183027,0.18,False,False,True,True,True,33.03259422838878,33.15609198864848,33.03259422838878,33.15609198864848,False,False,False,False,0.3249974556198926,0.31209792165137157,0.31209792165137157,False,both,right,none,none,0,moving_average,4,2.0,peak,17,-1,-1,17,False,0.30204377504844515,False,False,False,False,False,False,False,,
frame_000163.jpg,33.02316957538071,33.07345637770558,163,True,0.019463864442017923,0.01166729637728308,0.0013505773500810808,0.0461195694362867,False,False,False,False,False,0.42203048900764084,0.2769254492183027,0.18,False,False,True,True,True,33.02316957538071,33.07345637770558,33.02316957538071,33.07345637770558,False,False,False,False,0.3161338009214456,0.24219954074263328,0.24219954074263328,False,both,right,none,none,0,moving_average,4,2.0,peak,17,-1,-1,17,False,0.3021349011842954,False,False,False,False,False,False,False,,
frame_000164.jpg,33.12276856591409,33.20339200501408,164,True,0.12903813127536123,0.0874387767191644,0.026543271371082346,0.31574843325517427,False,False,False,False,False,0.42203048900764084,0.2769254492183027,0.18,False,False,True,True,True,33.12276856591409,33.20339200501408,33.12276856591409,33.20339200501408,False,False,False,False,0.40980420551310764,0.3521072411588814,0.3521072411588814,False,both,right,none,none,0,moving_average,4,2.0,peak,17,-1,-1,17,False,0.37557388919833756,False,False,False,False,False,False,False,,
frame_000165.jpg,33.26130193701854,33.41655620381356,165,True,0.02478098497442208,0.017977653334258457,0.005120728783072517,0.06491874757269607,False,False,False,False,False,0.42203048900764084,0.2769254492183027,0.18,False,False,True,True,True,33.26130193701854,33.41655620381356,33.26130193701854,33.41655620381356,False,False,False,False,0.5400914388606296,0.5324148856934979,0.5324148856934979,False,both,right,none,none,0,moving_average,4,2.0,peak,17,-1,-1,17,False,0.5805710543666196,False,False,False,False,False,False,False,,
frame_000166.jpg,33.2721446985139,33.800514677125705,166,True,0.11055331652297326,0.12218736436641776,0.013546092971677897,0.4412283692644529,False,False,False,False,False,0.42203048900764084,0.2769254492183027,0.18,False,False,True,True,True,33.2721446985139,33.800514677125705,33.2721446985139,33.800514677125705,False,False,False,False,0.5502887897647132,0.8571910362474795,0.8571910362474795,False,both,right,none,none,0,moving_average,4,2.0,peak,17,-1,-1,17,False,0.7950162901858193,False,False,False,False,False,False,False,,
frame_000167.jpg,33.43237420831833,33.96395953942591,167,True,0.03693512761874275,0.05849773399854889,0.014630890151737895,0.2112400076037599,False,False,False,False,False,0.42203048900764084,0.2769254492183027,0.18,False,False,True,True,True,33.43237420831833,33.96395953942591,33.43237420831833,33.96395953942591,False,False,False,False,0.7009807087342594,0.9954429486164804,0.9954429486164804,False,both,right,none,none,0,moving_average,4,2.0,peak,17,-1,-1,17,False,0.8981779252270059,True,False,False,False,False,False,False,11,
frame_000168.jpg,33.5340889917838,33.78243698502765,168,True,0.008865040561851233,0.06767879407739376,0.004184114601334013,0.24439355165238708,False,False,False,False,False,0.42203048900764084,0.2769254492183027,0.18,False,False,True,True,True,33.5340889917838,33.78243698502765,33.5340889917838,33.78243698502765,False,False,False,False,0.796640964617782,0.841899790817058,0.841899790817058,False,both,right,none,none,0,moving_average,4,2.0,peak,17,-1,-1,17,False,0.8855904874742924,False,False,False,False,False,False,False,,
frame_000169.jpg,33.47827897397021,33.75587112764524,169,True,0.05592677389686831,0.033734380946680895,0.03481695935985416,0.1934275519991898,False,False,False,False,False,0.42203048900764084,0.2769254492183027,0.18,False,False,True,True,True,33.47827897397021,33.75587112764524,33.47827897397021,33.75587112764524,False,False,False,False,0.7441530134762062,0.8194287229893387,0.8194287229893387,False,both,right,none,none,0,moving_average,4,2.0,peak,17,-1,-1,17,False,0.7848323052759371,False,False,False,False,False,False,False,,
frame_000170.jpg,33.524989152654314,33.60660302407282,170,True,0.02550176257950073,0.00423175395839795,0.05110655367153256,0.28392529817518086,False,False,False,False,False,0.42203048900764084,0.2769254492183027,0.18,False,False,True,True,True,33.524989152654314,33.60660302407282,33.524989152654314,33.60660302407282,False,False,False,False,0.7880827893951923,0.6931684020214146,0.6931684020214146,False,both,right,none,none,0,moving_average,4,2.0,peak,17,-1,-1,17,False,0.7069038735751696,False,False,False,False,False,False,False,,
frame_000171.jpg,33.51143567219048,33.50605017264258,171,True,0.05550148995589628,0.05884274216743369,0.04256802250665132,0.23648901392584068,False,False,False,False,False,0.42203048900764084,0.2769254492183027,0.18,False,False,True,True,True,33.51143567219048,33.50605017264258,33.51143567219048,33.50605017264258,False,False,False,False,0.7753360738725381,0.6081144957147554,0.6081144957147554,False,both,right,none,none,0,moving_average,4,2.0,peak,17,-1,-1,17,False,0.6290210497903663,False,False,False,False,False,False,False,,
frame_000172.jpg,33.67487151321939,33.479646071710775,172,True,0.11187739080043385,0.02315968801141403,0.014432708235059214,0.2650931478043244,False,False,False,False,False,0.42203048900764084,0.2769254492183027,0.18,False,False,True,True,True,33.67487151321939,33.479646071710775,33.67487151321939,33.479646071710775,False,False,False,False,0.9290434686159165,0.585780251634929,0.585780251634929,False,both,right,none,none,0,moving_average,4,2.0,peak,17,-1,-1,17,False,0.5981294843341336,False,False,False,False,False,False,False,,
frame_000173.jpg,33.658011183868496,33.49704068437609,173,True,0.0723976579715674,0.030491542955035766,0.015673464688014026,0.17154603721120407,False,False,False,False,False,0.42203048900764084,0.2769254492183027,0.18,False,False,True,True,True,33.658011183868496,33.49704068437609,33.658011183868496,33.49704068437609,False,False,False,False,0.9131867429263391,0.6004937056527164,0.6004937056527164,False,both,right,none,none,0,moving_average,4,2.0,peak,17,-1,-1,17,False,0.7160965608187051,True,False,False,False,False,False,False,12,
frame_000174.jpg,33.6377010147326,33.92444104134571,174,True,0.07148474741812401,0.14052421787928934,0.045424557532084166,0.5074442174814815,False,False,False,False,False,0.42203048900764084,0.2769254492183027,0.18,False,False,True,True,True,33.6377010147326,33.92444104134571,33.6377010147326,33.92444104134571,False,False,False,False,0.8940855276419639,0.9620157251684701,0.9620157251684701,False,both,right,none,none,0,moving_average,4,2.0,peak,17,-1,-1,17,False,0.6781090489661401,False,False,False,False,False,False,False,,
frame_000175.jpg,33.545952358387645,33.34491671706797,175,True,0.05975766039514481,0.1343284447550935,0.05228145654122493,0.4850707839755141,False,False,False,False,False,0.42203048900764084,0.2769254492183027,0.18,False,False,True,True,True,33.545952358387645,33.34491671706797,33.545952358387645,33.34491671706797,False,False,False,False,0.8077981695618341,0.4718177160772338,0.4718177160772338,False,both,right,none,none,0,moving_average,4,2.0,peak,17,-1,-1,17,False,0.6354918999680337,False,False,False,False,False,False,False,,
frame_000176.jpg,,,176,True,0.040030513129905604,0.058560925037165784,0.002889288859630002,0.21146819551063256,False,False,False,False,False,0.42203048900764084,0.2769254492183027,0.18,True,True,False,False,False,,,33.43125298941642,33.345891511892354,True,True,False,False,0.6999262298925055,0.47264225865839715,0.47264225865839715,False,missing,right,none,none,0,moving_average,4,2.0,peak,17,-1,-1,17,False,0.47264225865839715,False,False,False,False,False,False,False,,
frame_000177.jpg,33.3165536204452,,177,True,0.04251959415214191,0.062194777732425315,0.0032601280878424062,0.224590328942273,False,False,False,False,False,0.42203048900764084,0.2769254492183027,0.18,False,True,True,False,True,33.3165536204452,,33.3165536204452,33.34686630671674,False,True,False,False,0.5920542902231769,0.4734668012395606,0.4734668012395606,False,left_only,right,none,none,0,moving_average,4,2.0,peak,17,-1,-1,17,False,0.4734668012395606,False,False,False,False,False,False,False,,
frame_000178.jpg,33.252475132649735,33.34784110154113,178,True,0.056003467054456045,0.06579989959159,0.038157719350291136,0.23760871302124123,False,False,False,False,False,0.42203048900764084,0.2769254492183027,0.18,False,False,True,True,True,33.252475132649735,33.34784110154113,33.252475132649735,33.34784110154113,False,False,False,False,0.5317900461251278,0.474291343820724,0.474291343820724,False,both,right,none,none,0,moving_average,4,2.0,peak,17,-1,-1,17,False,0.46598120891499284,False,False,False,False,False,False,False,,
frame_000179.jpg,33.29006645560927,33.31934254951434,179,True,0.10051512758091342,0.03602542790158921,0.017889218760002906,0.23817029858971542,False,False,False,False,False,0.42203048900764084,0.2769254492183027,0.18,False,False,True,True,True,33.29006645560927,33.31934254951434,33.29006645560927,33.31934254951434,False,False,False,False,0.5671437621808685,0.4501854816846939,0.4501854816846939,False,both,right,none,none,0,moving_average,4,2.0,peak,17,-1,-1,17,False,0.4457873740156648,False,False,False,False,False,False,False,,
frame_000180.jpg,33.239830498037946,33.275245339428615,180,True,0.09169235076642021,0.04753900722376944,0.049857329319260964,0.27698516288478314,False,False,False,False,False,0.42203048900764084,0.2769254492183027,0.18,False,False,True,True,True,33.239830498037946,33.275245339428615,33.239830498037946,33.275245339428615,False,False,False,False,0.5198980778064024,0.41288529654157646,0.41288529654157646,False,both,right,none,none,0,moving_average,4,2.0,peak,17,-1,-1,17,False,0.3930481341785256,False,False,False,False,False,False,False,,
frame_000181.jpg,33.15560581547818,33.160792163585214,181,True,0.07400752951604195,0.046322615409354694,0.07229848124238515,0.40165822912436194,False,False,False,False,False,0.42203048900764084,0.2769254492183027,0.18,False,False,True,True,True,33.15560581547818,33.160792163585214,33.15560581547818,33.160792163585214,False,False,False,False,0.440686832293494,0.3160736243093064,0.3160736243093064,False,both,right,none,none,0,moving_average,4,2.0,peak,17,-1,-1,17,False,0.3851574972727251,False,False,False,False,False,False,False,,
frame_000182.jpg,33.09509952222209,33.29135702568837,182,True,0.05829665810460717,0.0119937931365238,0.009751257718504866,0.13813375958141194,False,False,False,False,False,0.42203048900764084,0.2769254492183027,0.18,False,False,True,True,True,33.09509952222209,33.29135702568837,33.09509952222209,33.29135702568837,False,False,False,False,0.383782149431872,0.4265135709672924,0.4265135709672924,False,both,right,none,none,0,moving_average,4,2.0,peak,17,-1,-1,17,False,0.49000541661484254,False,False,False,False,False,False,False,,
frame_000183.jpg,33.32513285189223,33.64710682284006,183,True,0.04736554389916956,0.09106490389772622,0.005085955103935204,0.3288426692266155,False,False,False,False,False,0.42203048900764084,0.2769254492183027,0.18,False,False,True,True,True,33.32513285189223,33.64710682284006,33.32513285189223,33.64710682284006,False,False,False,False,0.6001228467057794,0.7274290545679288,0.7274290545679288,False,both,right,none,none,0,moving_average,4,2.0,peak,17,-1,-1,17,False,0.6403824224668291,False,False,False,False,False,False,False,,
frame_000184.jpg,33.395128774501266,33.694130515151606,184,True,0.004809150144019139,0.03560319768957932,0.01593521656170234,0.12856600139163452,False,False,False,False,False,0.42203048900764084,0.2769254492183027,0.18,False,False,True,True,True,33.395128774501266,33.694130515151606,33.395128774501266,33.694130515151606,False,False,False,False,0.6659522929224849,0.767204641865266,0.767204641865266,False,both,right,none,none,0,moving_average,4,2.0,peak,17,-1,-1,17,False,0.7222670738049377,False,False,False,False,False,False,False,,
frame_000185.jpg,33.54866396952993,33.581775262943616,185,True,0.003469690019711908,0.04836475825197181,0.02304472982861386,0.17464901975782465,False,False,False,False,False,0.42203048900764084,0.2769254492183027,0.18,False,False,True,True,True,33.54866396952993,33.581775262943616,33.54866396952993,33.581775262943616,False,False,False,False,0.8103483732479678,0.6721675249816184,0.6721675249816184,False,both,right,none,none,0,moving_average,4,2.0,peak,17,-1,-1,17,False,0.7157456489142358,False,False,False,False,False,False,False,,
frame_000186.jpg,33.54763037897742,33.62397744889512,186,True,0.007442965229727422,0.02048676799740594,0.009987143351955337,0.07397936179298582,False,False,False,False,False,0.42203048900764084,0.2769254492183027,0.18,False,False,True,True,True,33.54763037897742,33.62397744889512,33.54763037897742,33.62397744889512,False,False,False,False,0.8093763067167989,0.7078647798958231,0.7078647798958231,False,both,right,none,none,0,moving_average,4,2.0,peak,17,-1,-1,17,False,0.7013981101052807,False,False,False,False,False,False,False,,
frame_000187.jpg,33.5628127260665,33.64324445944084,187,True,0.022829260868055246,0.0016328865270781323,0.004733013314029456,0.05409386635012032,False,False,False,False,False,0.42203048900764084,0.2769254492183027,0.18,False,False,True,True,True,33.5628127260665,33.64324445944084,33.5628127260665,33.64324445944084,False,False,False,False,0.8236549312979178,0.724162025438401,0.724162025438401,False,both,right,none,none,0,moving_average,4,2.0,peak,17,-1,-1,17,False,0.7070143286762894,False,False,False,False,False,False,False,,
frame_000188.jpg,33.58482621556822,33.601694164358946,188,True,0.0037187430561145397,0.016531447311614628,8.723793752826725e-05,0.0596963816734039,False,False,False,False,False,0.42203048900764084,0.2769254492183027,0.18,False,False,True,True,True,33.58482621556822,33.601694164358946,33.58482621556822,33.601694164358946,False,False,False,False,0.8443580775553059,0.6890161806946442,0.6890161806946442,False,both,right,none,none,0,moving_average,4,2.0,peak,17,-1,-1,17,False,0.716280358953141,False,False,False,False,False,False,False,,
frame_000189.jpg,33.5410778670663,33.656841045862095,189,True,0.011078135755281694,0.02231172283121669,0.007529323893437221,0.08056942001610032,False,False,False,False,False,0.42203048900764084,0.2769254492183027,0.18,False,False,True,True,True,33.5410778670663,33.656841045862095,33.5410778670663,33.656841045862095,False,False,False,False,0.8032138301844591,0.7356628707263778,0.7356628707263778,False,both,right,none,none,0,moving_average,4,2.0,peak,17,-1,-1,17,False,0.7338784317395242,True,False,False,False,False,False,False,13,
frame_000190.jpg,33.5273461378336,33.70565910240742,190,True,0.06029291163089413,0.0038127440203551783,0.001967718586550038,0.14286387642908552,False,False,False,False,False,0.42203048900764084,0.2769254492183027,0.18,False,False,True,True,True,33.5273461378336,33.70565910240742,33.5273461378336,33.70565910240742,False,False,False,False,0.7902994760722122,0.7769562437975508,0.7769562437975508,False,both,right,none,none,0,moving_average,4,2.0,peak,17,-1,-1,17,False,0.6857084537049654,False,False,False,False,False,False,False,,
frame_000191.jpg,33.33264094112615,33.43085091253075,191,True,0.08289999164995507,0.03422381438169133,0.033628621667789606,0.1964312859122701,False,False,False,False,False,0.42203048900764084,0.2769254492183027,0.18,False,False,True,True,True,33.33264094112615,33.43085091253075,33.33264094112615,33.43085091253075,False,False,False,False,0.6071840202426354,0.5445062465909678,0.5445062465909678,False,both,right,none,none,0,moving_average,4,2.0,peak,17,-1,-1,17,False,0.6219895789931621,False,False,False,False,False,False,False,,
frame_000192.jpg,33.33264094112615,33.43085091253075,192,True,0.0,0.0,0.0,0.0,False,False,False,False,False,0.42203048900764084,0.2769254492183027,0.18,False,False,True,True,True,33.33264094112615,33.43085091253075,33.33264094112615,33.43085091253075,False,False,False,False,0.6071840202426354,0.5445062465909678,0.5445062465909678,False,both,right,none,none,0,moving_average,4,2.0,peak,17,-1,-1,17,False,0.5167980218709387,False,False,False,False,False,False,False,,
frame_000193.jpg,33.329030739411216,33.33257884750801,193,True,0.018056033797855114,0.028763119002679458,0.00029684453593410015,0.10386592884067236,False,False,False,False,False,0.42203048900764084,0.2769254492183027,0.18,False,False,True,True,True,33.329030739411216,33.33257884750801,33.329030739411216,33.33257884750801,False,False,False,False,0.6037887141909932,0.46138157243088057,0.46138157243088057,False,both,right,none,none,0,moving_average,4,2.0,peak,17,-1,-1,17,False,0.4908645953280397,False,False,False,False,False,False,False,,
frame_000194.jpg,,33.338873479648015,194,True,0.06307016947401514,0.024670804673366204,0.11579795121650938,0.6433219512028299,False,False,False,False,False,0.42203048900764084,0.2769254492183027,0.18,True,False,False,True,True,,33.338873479648015,33.25070484972313,33.338873479648015,True,False,False,False,0.5301251385082034,0.4667059669622709,0.4667059669622709,False,right_only,right,none,none,0,moving_average,4,2.0,peak,17,-1,-1,17,False,0.40722458907330583,False,False,False,False,False,False,False,,
frame_000195.jpg,,33.134207002059426,195,True,0.059255526260872354,0.013954798762317672,0.09835680488524837,0.5464266938069354,False,False,False,False,False,0.42203048900764084,0.2769254492183027,0.18,True,False,False,True,True,,33.134207002059426,33.17237896003504,33.134207002059426,True,False,False,False,0.4564615628254137,0.2935862278267661,0.2935862278267661,False,right_only,right,none,none,0,moving_average,4,2.0,peak,17,-1,-1,17,False,0.3568689016842599,False,False,False,False,False,False,False,,
frame_000196.jpg,33.09405307034695,33.15398359518266,196,True,0.02847488040795327,0.017649388422044734,0.012920928073358115,0.07178293374087842,False,False,False,False,False,0.42203048900764084,0.2769254492183027,0.18,False,False,True,True,True,33.09405307034695,33.15398359518266,33.09405307034695,33.15398359518266,False,False,False,False,0.38279798714262403,0.3103145102637426,0.3103145102637426,False,both,right,none,none,0,moving_average,4,2.0,peak,17,-1,-1,17,False,0.32472738085347047,False,False,False,False,False,False,False,,
frame_000197.jpg,33.08107321269115,33.22487795460343,197,True,0.10850961346618146,0.04909613884432238,0.03579628115902529,0.25711320933549164,False,False,False,False,False,0.42203048900764084,0.2769254492183027,0.18,False,False,True,True,True,33.08107321269115,33.22487795460343,33.08107321269115,33.22487795460343,False,False,False,False,0.37059074978359163,0.37028140446990276,0.37028140446990276,False,both,right,none,none,0,moving_average,4,2.0,peak,17,-1,-1,17,False,0.35029243973451607,False,False,False,False,False,False,False,,
frame_000198.jpg,33.08107321269115,33.22487795460343,198,True,0.0,0.0,0.0,0.0,False,False,False,False,False,0.42203048900764084,0.2769254492183027,0.18,False,False,True,True,True,33.08107321269115,33.22487795460343,33.08107321269115,33.22487795460343,False,False,False,False,0.37059074978359163,0.37028140446990276,0.37028140446990276,False,both,right,none,none,0,moving_average,4,2.0,peak,17,-1,-1,17,False,0.4867099803532652,False,False,False,False,False,False,False,,
frame_000199.jpg,33.23952064645202,33.63781226184702,199,True,0.10371250201960872,0.012043854395136815,0.06675687219500107,0.37087151219445036,False,False,False,False,False,0.42203048900764084,0.2769254492183027,0.18,False,False,True,True,True,33.23952064645202,33.63781226184702,33.23952064645202,33.63781226184702,False,False,False,False,0.5196066699993399,0.71956713211999,0.71956713211999,False,both,right,none,none,0,moving_average,4,2.0,peak,17,-1,-1,17,False,0.5861245516657985,False,False,False,False,False,False,False,,
frame_000200.jpg,33.12550334535774,33.577469118958,200,True,0.11700670402803848,0.09478749749816445,0.03916634339647738,0.3422852531817784,False,False,False,False,False,0.42203048900764084,0.2769254492183027,0.18,False,False,True,True,True,33.12550334535774,33.577469118958,33.12550334535774,33.577469118958,False,False,False,False,0.4123761984176918,0.6685251184075027,0.6685251184075027,False,both,right,none,none,0,moving_average,4,2.0,peak,17,-1,-1,17,False,0.7470047805165645,False,False,False,False,False,False,False,,
frame_000201.jpg,33.336207996391295,33.79546782350497,201,True,0.0592454054859597,0.10668054202384092,0.03809541038315652,0.38523199050493817,False,False,False,False,False,0.42203048900764084,0.2769254492183027,0.18,False,False,True,True,True,33.336207996391295,33.79546782350497,33.336207996391295,33.79546782350497,False,False,False,False,0.6105387481178628,0.8529220910222007,0.8529220910222007,False,both,right,none,none,0,moving_average,4,2.0,peak,17,-1,-1,17,False,0.8025256100144267,False,False,False,False,False,False,False,,
frame_000202.jpg,33.525201756902355,33.83472659402314,202,True,0.03526021104968223,0.034483183173674756,0.004062559683802876,0.12452153917602339,False,False,False,False,False,0.42203048900764084,0.2769254492183027,0.18,False,False,True,True,True,33.525201756902355,33.83472659402314,33.525201756902355,33.83472659402314,False,False,False,False,0.7882827384692268,0.8861296206135765,0.8861296206135765,False,both,right,none,none,0,moving_average,4,2.0,peak,17,-1,-1,17,False,0.8328770806246626,True,False,False,False,False,False,False,14,
frame_000203.jpg,33.47167501557635,33.68511591782306,203,True,0.03844045047495226,0.013990769386298403,0.013317706721162594,0.09108453411823594,False,False,False,False,False,0.42203048900764084,0.2769254492183027,0.18,False,False,True,True,True,33.47167501557635,33.68511591782306,33.47167501557635,33.68511591782306,False,False,False,False,0.7379421527903031,0.7595795302382106,0.7595795302382106,False,both,right,none,none,0,moving_average,4,2.0,peak,17,-1,-1,17,False,0.76340936502585,False,False,False,False,False,False,False,,
frame_000204.jpg,33.53899649567747,33.54908842051951,204,True,0.05878362407813105,0.008217797665755828,0.0405334322213633,0.22518573456312943,False,False,False,False,False,0.42203048900764084,0.2769254492183027,0.18,False,False,True,True,True,33.53899649567747,33.54908842051951,33.53899649567747,33.54908842051951,False,False,False,False,0.8012563515086939,0.6445189442257633,0.6445189442257633,False,both,right,none,none,0,moving_average,4,2.0,peak,17,-1,-1,17,False,0.6828724728965789,False,False,False,False,False,False,False,,
frame_000205.jpg,33.53899649567747,33.54908842051951,205,True,0.0,0.0,0.0,0.0,False,False,False,False,False,0.42203048900764084,0.2769254492183027,0.18,False,False,True,True,True,33.53899649567747,33.54908842051951,33.53899649567747,33.54908842051951,False,False,False,False,0.8012563515086939,0.6445189442257633,0.6445189442257633,False,both,right,none,none,0,moving_average,4,2.0,peak,17,-1,-1,17,False,0.6780576495858961,False,False,False,False,False,False,False,,
frame_000206.jpg,33.508557612548266,33.66803930485917,206,True,0.038207522155882294,0.020500182532103946,0.0003754106750839751,0.09053261115262824,False,False,False,False,False,0.42203048900764084,0.2769254492183027,0.18,False,False,True,True,True,33.508557612548266,33.66803930485917,33.508557612548266,33.66803930485917,False,False,False,False,0.7726293294599554,0.7451350603061617,0.7451350603061617,False,both,right,none,none,0,moving_average,4,2.0,peak,17,-1,-1,17,False,0.6535201405414881,False,False,False,False,False,False,False,,
frame_000207.jpg,33.292955862822794,33.46206185318533,207,True,0.13987944695951995,0.11980140813426941,0.030542708872538585,0.4326124900128949,False,False,False,False,False,0.42203048900764084,0.2769254492183027,0.18,False,False,True,True,True,33.292955862822794,33.46206185318533,33.292955862822794,33.46206185318533,False,False,False,False,0.5698611787055878,0.5709064170925396,0.5709064170925396,False,both,right,none,none,0,moving_average,4,2.0,peak,17,-1,-1,17,False,0.580498859476585,False,False,False,False,False,False,False,,
frame_000208.jpg,33.18707039207002,33.29010567610475,208,True,0.06432809137360289,0.002186066705785918,0.009887662619400609,0.1524252229379528,False,False,False,False,False,0.42203048900764084,0.2769254492183027,0.18,False,False,True,True,True,33.18707039207002,33.29010567610475,33.18707039207002,33.29010567610475,False,False,False,False,0.4702784938543102,0.4254551010310536,0.4254551010310536,False,both,right,none,none,0,moving_average,4,2.0,peak,17,-1,-1,17,False,0.47706261506523484,False,False,False,False,False,False,False,,
frame_000209.jpg,33.15023574238426,33.30118457348576,209,True,0.06463106124531064,0.08015602427222059,0.007458061143861182,0.28944983026472554,False,False,False,False,False,0.42203048900764084,0.2769254492183027,0.18,False,False,True,True,True,33.15023574238426,33.30118457348576,33.15023574238426,33.30118457348576,False,False,False,False,0.4356364104297722,0.43482632707211144,0.43482632707211144,False,both,right,none,none,0,moving_average,4,2.0,peak,17,-1,-1,17,False,0.4317025850584255,False,False,False,False,False,False,False,,
frame_000210.jpg,33.15023574238426,33.30118457348576,210,True,0.0,0.0,0.0,0.0,False,False,False,False,False,0.42203048900764084,0.2769254492183027,0.18,False,False,True,True,True,33.15023574238426,33.30118457348576,33.15023574238426,33.30118457348576,False,False,False,False,0.4356364104297722,0.43482632707211144,0.43482632707211144,False,both,right,none,none,0,moving_average,4,2.0,peak,17,-1,-1,17,False,0.4313972630954881,False,False,False,False,False,False,False,,
frame_000211.jpg,33.255000667227606,33.28902279836365,211,True,0.10586607463575858,0.14983509452117816,0.02586153605284975,0.541066539547479,False,False,False,False,False,0.42203048900764084,0.2769254492183027,0.18,False,False,True,True,True,33.255000667227606,33.28902279836365,33.255000667227606,33.28902279836365,False,False,False,False,0.5341652493721935,0.42453913514224134,0.42453913514224134,False,both,right,none,none,0,moving_average,4,2.0,peak,17,-1,-1,17,False,0.4261767959099132,False,False,False,False,False,False,False,,
frame_000212.jpg,33.108661954209296,33.28266927357414,212,True,0.08181215151083956,0.004308021296487105,0.09920953092911605,0.5511640607173114,False,False,False,False,False,0.42203048900764084,0.2769254492183027,0.18,False,False,True,True,True,33.108661954209296,33.28266927357414,33.108661954209296,33.28266927357414,False,False,False,False,0.39653728364241897,0.41916492551538687,0.41916492551538687,False,both,right,none,none,0,moving_average,4,2.0,peak,17,-1,-1,17,False,0.4064424107196564,False,False,False,False,False,False,False,,
frame_000213.jpg,33.02682626788069,33.2311931249467,213,True,0.07952700386698978,0.09630500289738453,0.025340394545713383,0.3477650868464114,False,False,False,False,False,0.42203048900764084,0.2769254492183027,0.18,False,False,True,True,True,33.02682626788069,33.2311931249467,33.02682626788069,33.2311931249467,False,False,False,False,0.3195728304146779,0.3756231715013411,0.3756231715013411,False,both,right,none,none,0,moving_average,4,2.0,peak,17,-1,-1,17,False,0.4477936996006149,False,False,False,False,False,False,False,,
frame_000214.jpg,33.194115383877204,33.43568237654826,214,True,0.17166505983285896,0.14524519687892912,0.06168829438147593,0.5244920511600618,False,False,False,False,False,0.42203048900764084,0.2769254492183027,0.18,False,False,True,True,True,33.194115383877204,33.43568237654826,33.194115383877204,33.43568237654826,False,False,False,False,0.4769041356343114,0.5485930017851166,0.5485930017851166,False,both,right,none,none,0,moving_average,4,2.0,peak,17,-1,-1,17,False,0.5908899786003643,False,False,False,False,False,False,False,,
frame_000215.jpg,33.04651119693391,33.79018525399026,215,True,0.1171638317844831,0.1224036439795262,0.007028473599717442,0.4420093722878982,False,False,False,False,False,0.42203048900764084,0.2769254492183027,0.18,False,False,True,True,True,33.04651119693391,33.79018525399026,33.04651119693391,33.79018525399026,False,False,False,False,0.338086022756274,0.8484537625146352,0.8484537625146352,False,both,right,none,none,0,moving_average,4,2.0,peak,17,-1,-1,17,False,0.7255815934477232,False,False,False,False,False,False,False,,
frame_000216.jpg,33.28556736513972,33.70890049400559,216,True,0.03860693464462171,0.05907714936608967,0.004726058349451917,0.21333232295136098,False,False,False,False,False,0.42203048900764084,0.2769254492183027,0.18,False,False,True,True,True,33.28556736513972,33.70890049400559,33.28556736513972,33.70890049400559,False,False,False,False,0.5629124780853124,0.7796980160434182,0.7796980160434182,False,both,right,none,none,0,moving_average,4,2.0,peak,17,-1,-1,17,False,0.8026165982004904,True,False,False,False,False,False,False,15,
frame_000217.jpg,33.28556736513972,33.70890049400559,217,True,0.0,0.0,0.0,0.0,False,False,False,False,False,0.42203048900764084,0.2769254492183027,0.18,False,False,True,True,True,33.28556736513972,33.70890049400559,33.28556736513972,33.70890049400559,False,False,False,False,0.5629124780853124,0.7796980160434182,0.7796980160434182,False,both,right,none,none,0,moving_average,4,2.0,peak,17,-1,-1,17,False,0.8005222539069162,False,False,False,False,False,False,False,,
frame_000218.jpg,33.42586231986617,33.782757295661,218,True,0.08092329762335053,0.030562017051717686,0.01850553368676919,0.19174751524145311,False,False,False,False,False,0.42203048900764084,0.2769254492183027,0.18,False,False,True,True,True,33.42586231986617,33.782757295661,33.42586231986617,33.782757295661,False,False,False,False,0.6948564375674234,0.8421707296339126,0.8421707296339126,False,both,right,none,none,0,moving_average,4,2.0,peak,17,-1,-1,17,False,0.762951438776923,False,False,False,False,False,False,False,,
frame_000219.jpg,33.454426425003234,33.575649027167906,219,True,0.0724560386430919,0.028104195127631706,0.07479347791754803,0.41551932176415574,False,False,False,False,False,0.42203048900764084,0.2769254492183027,0.18,False,False,True,True,True,33.454426425003234,33.575649027167906,33.454426425003234,33.575649027167906,False,False,False,False,0.7217202769563468,0.6669855706534384,0.6669855706534384,False,both,right,none,none,0,moving_average,4,2.0,peak,17,-1,-1,17,False,0.755008279410312,False,False,False,False,False,False,False,,
frame_000220.jpg,33.55559566406726,33.6807286900864,220,True,0.08580091015301675,0.018590606077169648,0.012849314427089406,0.2033050037564071,False,False,False,False,False,0.42203048900764084,0.2769254492183027,0.18,False,False,True,True,True,33.55559566406726,33.6807286900864,33.55559566406726,33.6807286900864,False,False,False,False,0.8168674617280843,0.7558685379435849,0.7558685379435849,False,both,right,none,none,0,moving_average,4,2.0,peak,17,-1,-1,17,False,0.7123765783899105,False,False,False,False,False,False,False,,
frame_000221.jpg,33.51959677178588,33.63155651188511,221,True,0.0502882246327584,0.012211692662528065,0.0030471769114000704,0.11915780007033552,False,False,False,False,False,0.42203048900764084,0.2769254492183027,0.18,False,False,True,True,True,33.51959677178588,33.63155651188511,33.51959677178588,33.63155651188511,False,False,False,False,0.7830113876173855,0.7142756265727083,0.7142756265727083,False,both,right,none,none,0,moving_average,4,2.0,peak,17,-1,-1,17,False,0.7211887626383002,False,False,False,False,False,False,False,,
frame_000222.jpg,33.63502021832092,33.60690297981916,222,True,0.09387756061806213,0.006505629716641849,0.004822809872717203,0.22244260323183068,False,False,False,False,False,0.42203048900764084,0.2769254492183027,0.18,False,False,True,True,True,33.63502021832092,33.60690297981916,33.63502021832092,33.60690297981916,False,False,False,False,0.8915643044532018,0.6934221233986076,0.6934221233986076,False,both,right,none,none,0,moving_average,4,2.0,peak,17,-1,-1,17,False,0.7069929750731064,False,False,False,False,False,False,False,,
frame_000223.jpg,33.50248006333957,33.63038084670229,223,True,0.0827522268188091,0.08452659386725522,0.010168697038797933,0.3052323074887284,False,False,False,False,False,0.42203048900764084,0.2769254492183027,0.18,False,False,True,True,True,33.50248006333957,33.63038084670229,33.50248006333957,33.63038084670229,False,False,False,False,0.7669135436848613,0.7132811752480036,0.7132811752480036,False,both,right,none,none,0,moving_average,4,2.0,peak,17,-1,-1,17,False,0.643054234622397,False,False,False,False,False,False,False,,
frame_000224.jpg,33.418958416527595,33.40478658625713,224,True,0.026254846044806563,0.004508399386919009,0.008315479387537102,0.06221078033139738,False,False,False,False,False,0.42203048900764084,0.2769254492183027,0.18,False,False,True,True,True,33.418958416527595,33.40478658625713,33.418958416527595,33.40478658625713,False,False,False,False,0.6883634860272237,0.5224594052205798,0.5224594052205798,False,both,right,none,none,0,moving_average,4,2.0,peak,17,-1,-1,17,False,0.5860666618963877,False,False,False,False,False,False,False,,
frame_000225.jpg,33.418958416527595,33.40478658625713,225,True,0.0,0.0,0.0,0.0,False,False,False,False,False,0.42203048900764084,0.2769254492183027,0.18,False,False,True,True,True,33.418958416527595,33.40478658625713,33.418958416527595,33.40478658625713,False,False,False,False,0.6883634860272237,0.5224594052205798,0.5224594052205798,False,both,right,none,none,0,moving_average,4,2.0,peak,17,-1,-1,17,False,0.5058760697313995,False,False,False,False,False,False,False,,
frame_000226.jpg,33.37057874169548,33.34597088658841,226,True,0.08862583891308398,0.023773241190235155,0.0010083069755753814,0.20999866412845689,False,False,False,False,False,0.42203048900764084,0.2769254492183027,0.18,False,False,True,True,True,33.37057874169548,33.34597088658841,33.37057874169548,33.34597088658841,False,False,False,False,0.6428635899814075,0.472709398753039,0.472709398753039,False,both,right,none,none,0,moving_average,4,2.0,peak,17,-1,-1,17,False,0.48362666942772614,False,False,False,False,False,False,False,,
frame_000227.jpg,,33.32587519675266,227,True,0.09761723238738342,0.00995454353047595,0.1297908025994854,0.7210600144415855,False,False,False,False,False,0.42203048900764084,0.2769254492183027,0.18,True,False,False,True,True,,33.32587519675266,33.32229981936328,33.32587519675266,True,False,False,False,0.5974584491874241,0.4557112043095595,0.4557112043095595,False,right_only,right,none,none,0,moving_average,4,2.0,peak,17,-1,-1,17,False,0.46137726912405264,False,False,False,False,False,False,False,,
frame_000228.jpg,,33.32587519675266,228,True,0.019377742350297333,0.02363727422380978,0.030716849431891388,0.1706491635105077,False,False,False,False,False,0.42203048900764084,0.2769254492183027,0.18,True,False,False,True,True,,33.32587519675266,33.274020897031086,33.32587519675266,True,False,False,False,0.5520533083934472,0.4557112043095595,0.4557112043095595,False,right_only,right,none,none,0,moving_average,4,2.0,peak,17,-1,-1,17,False,0.4465225490566236,False,False,False,False,False,False,False,,
frame_000229.jpg,33.225741974698884,33.29328602384057,229,True,0.055264317299613626,0.054657702233572775,0.11778217039275701,0.6543453910708723,False,False,False,False,False,0.42203048900764084,0.2769254492183027,0.18,False,False,True,True,True,33.225741974698884,33.29328602384057,33.225741974698884,33.29328602384057,False,False,False,False,0.5066481675994639,0.42814523855075176,0.42814523855075176,False,both,right,none,none,0,moving_average,4,2.0,peak,17,-1,-1,17,False,0.44315601557479156,False,False,False,False,False,False,False,,
frame_000230.jpg,33.190339166682506,33.31393519696665,230,True,0.017283855113592046,0.05061524097800295,0.0035555150320670907,0.18277569331702165,False,False,False,False,False,0.42203048900764084,0.2769254492183027,0.18,False,False,True,True,True,33.190339166682506,33.31393519696665,33.190339166682506,33.31393519696665,False,False,False,False,0.4733526961010482,0.4456116038640636,0.4456116038640636,False,both,right,none,none,0,moving_average,4,2.0,peak,17,-1,-1,17,False,0.4401974559277088,False,False,False,False,False,False,False,,
frame_000231.jpg,33.250116173604454,33.31538214752452,231,True,0.10231261431360288,0.017121023421161893,0.02716876357310521,0.24242943810571588,False,False,False,False,False,0.42203048900764084,0.2769254492183027,0.18,False,False,True,True,True,33.250116173604454,33.31538214752452,33.250116173604454,33.31538214752452,False,False,False,False,0.5295715030756114,0.446835525368311,0.446835525368311,False,both,right,none,none,0,moving_average,4,2.0,peak,17,-1,-1,17,False,0.49647067170681186,False,False,False,False,False,False,False,,
frame_000232.jpg,33.25322960838009,33.49286882555234,232,True,0.10603002320868972,0.055751024997057676,0.07451258990401384,0.4139588328000769,False,False,False,False,False,0.42203048900764084,0.2769254492183027,0.18,False,False,True,True,True,33.25322960838009,33.49286882555234,33.25322960838009,33.49286882555234,False,False,False,False,0.532499612020709,0.596964885888061,0.596964885888061,False,both,right,none,none,0,moving_average,4,2.0,peak,17,-1,-1,17,False,0.5339577900621165,False,False,False,False,False,False,False,,
frame_000233.jpg,33.31139451547556,33.44688981855469,233,True,0.03212068478155716,0.029822296478076944,0.07464038217061969,0.4146687898367761,False,False,False,False,False,0.42203048900764084,0.2769254492183027,0.18,False,False,True,True,True,33.31139451547556,33.44688981855469,33.31139451547556,33.44688981855469,False,False,False,False,0.5872022786992783,0.5580729589299778,0.5580729589299778,False,both,right,none,none,0,moving_average,4,2.0,peak,17,-1,-1,17,False,0.6217693074991191,False,False,False,False,False,False,False,,
frame_000234.jpg,33.46485129407558,33.6268210519837,234,True,0.055723274122789546,0.0827064199361847,0.014458926818614559,0.29865951348872427,False,False,False,False,False,0.42203048900764084,0.2769254492183027,0.18,False,False,True,True,True,33.46485129407558,33.6268210519837,33.46485129407558,33.6268210519837,False,False,False,False,0.7315246102994082,0.7102700776793185,0.7102700776793185,False,both,right,none,none,0,moving_average,4,2.0,peak,17,-1,-1,17,False,0.668436672623997,False,False,False,False,False,False,False,,
frame_000235.jpg,33.45332083549254,33.65838279789561,235,True,0.07753939321596807,0.0006440705800699984,0.05180525373070729,0.28780696517059606,False,False,False,False,False,0.42203048900764084,0.2769254492183027,0.18,False,False,True,True,True,33.45332083549254,33.65838279789561,33.45332083549254,33.65838279789561,False,False,False,False,0.7206804971731947,0.736966981262695,0.736966981262695,False,both,right,none,none,0,moving_average,4,2.0,peak,17,-1,-1,17,False,0.7308950235287905,False,False,False,False,False,False,False,,
frame_000236.jpg,33.553562330969065,33.668409283744104,236,True,0.0387960676163705,0.014356040661127346,0.011177291209192544,0.0919271678868398,False,False,False,False,False,0.42203048900764084,0.2769254492183027,0.18,False,False,True,True,True,33.553562330969065,33.668409283744104,33.553562330969065,33.668409283744104,False,False,False,False,0.8149551618849058,0.745448011644358,0.745448011644358,False,both,right,none,none,0,moving_average,4,2.0,peak,17,-1,-1,17,False,0.7557611302978369,False,False,False,False,False,False,False,,
frame_000237.jpg,33.67333177328413,33.71501304861868,237,True,0.020387860815607096,0.06717043333460743,0.05750084613773791,0.31944914520965506,False,False,False,False,False,0.42203048900764084,0.2769254492183027,0.18,False,False,True,True,True,33.67333177328413,33.71501304861868,33.67333177328413,33.71501304861868,False,False,False,False,0.9275953810205626,0.7848683979864579,0.7848683979864579,False,both,right,none,none,0,moving_average,4,2.0,peak,17,-1,-1,17,False,0.7717581918863898,False,False,False,False,False,False,False,,
frame_000238.jpg,33.6248705931926,33.71511917463889,238,True,0.02287370743023043,0.01937408039161266,0.0018685381225853233,0.06996135763723148,False,False,False,False,False,0.42203048900764084,0.2769254492183027,0.18,False,False,True,True,True,33.6248705931926,33.71511917463889,33.6248705931926,33.71511917463889,False,False,False,False,0.8820188312799081,0.7849581660283538,0.7849581660283538,False,both,right,none,none,0,moving_average,4,2.0,peak,17,-1,-1,17,False,0.7746190164876541,False,False,False,False,False,False,False,,
frame_000239.jpg,33.692402984383484,33.6785556985388,239,True,0.13506747385994375,0.007426592703985656,0.002356343770754687,0.32004198127377087,False,False,False,False,False,0.42203048900764084,0.2769254492183027,0.18,False,False,True,True,True,33.692402984383484,33.6785556985388,33.692402984383484,33.6785556985388,False,False,False,False,0.9455313866985574,0.7540304854481507,0.7540304854481507,False,both,right,none,none,0,moving_average,4,2.0,peak,17,-1,-1,17,False,0.846329550492168,False,False,False,False,False,False,False,,
frame_000240.jpg,33.57535373937761,33.969346999339564,240,True,0.06963213104678022,0.003018298974612146,0.052888249333014385,0.2938236074056355,False,False,False,False,False,0.42203048900764084,0.2769254492183027,0.18,False,False,True,True,True,33.57535373937761,33.969346999339564,33.57535373937761,33.969346999339564,False,False,False,False,0.8354494463281461,1.0,1.0,False,both,right,none,none,0,moving_average,4,2.0,peak,17,-1,-1,17,False,0.8665760139533938,True,False,False,False,False,False,False,16,
frame_000241.jpg,33.457257942088106,33.786926798326306,241,True,0.056025415339213284,0.0920153685586649,0.02217899785413422,0.33227487332205574,False,False,False,False,False,0.42203048900764084,0.2769254492183027,0.18,False,False,True,True,True,33.457257942088106,33.786926798326306,33.457257942088106,33.786926798326306,False,False,False,False,0.7243832492367658,0.8456975564120307,0.8456975564120307,False,both,right,none,none,0,moving_average,4,2.0,peak,17,-1,-1,17,False,0.857508820342002,False,False,False,False,False,False,False,,
frame_000242.jpg,33.544998891619635,33.646397310581584,242,True,0.05360750672446983,0.028273569803607266,0.04165378924756672,0.23140994026425957,False,False,False,False,False,0.42203048900764084,0.2769254492183027,0.18,False,False,True,True,True,33.544998891619635,33.646397310581584,33.544998891619635,33.646397310581584,False,False,False,False,0.8069014574822647,0.7268289046139758,0.7268289046139758,False,both,right,none,none,0,moving_average,4,2.0,peak,17,-1,-1,17,False,0.6922602488991194,False,False,False,False,False,False,False,,
frame_000243.jpg,33.417724004651106,33.383264039430145,243,True,0.13299287936748094,0.05351746699166571,0.0576049154177168,0.3200273078762044,False,False,False,False,False,0.42203048900764084,0.2769254492183027,0.18,False,False,True,True,True,33.417724004651106,33.383264039430145,33.417724004651106,33.383264039430145,False,False,False,False,0.6872025519727296,0.5042542856713521,0.5042542856713521,False,both,right,none,none,0,moving_average,4,2.0,peak,17,-1,-1,17,False,0.5826576524716196,False,False,False,False,False,False,False,,
frame_000244.jpg,,33.398202021058324,244,True,0.023024677654666252,0.007947364234772368,0.03256437458563799,0.1809131921424333,False,False,False,False,False,0.42203048900764084,0.2769254492183027,0.18,True,False,False,True,True,,33.398202021058324,33.37855663263115,33.398202021058324,True,False,False,False,0.6503666004811168,0.5168897671295309,0.5168897671295309,False,right_only,right,none,none,0,moving_average,4,2.0,peak,17,-1,-1,17,False,0.5082825880679337,False,False,False,False,False,False,False,,
frame_000245.jpg,,33.38261313678476,245,True,0.04504324007405985,0.051039973093437434,0.003355817702751353,0.1843094350393278,False,False,False,False,False,0.42203048900764084,0.2769254492183027,0.18,True,False,False,True,True,,33.38261313678476,33.33938926061119,33.38261313678476,True,False,False,False,0.6135306489894975,0.5037037114029183,0.5037037114029183,False,right_only,right,none,none,0,moving_average,4,2.0,peak,17,-1,-1,17,False,0.4923485506698836,False,False,False,False,False,False,False,,
frame_000246.jpg,33.30022188859124,33.32675118900115,246,True,0.025115721680279392,0.07448717610800988,0.059623043199638716,0.3312391288868818,False,False,False,False,False,0.42203048900764084,0.2769254492183027,0.18,False,False,True,True,True,33.30022188859124,33.32675118900115,33.30022188859124,33.32675118900115,False,False,False,False,0.5766946974978847,0.4564521734772016,0.4564521734772016,False,both,right,none,none,0,moving_average,4,2.0,peak,17,-1,-1,17,False,0.46999569164618704,False,False,False,False,False,False,False,,
frame_000247.jpg,33.30455549208591,33.318923697108794,247,True,0.07370245721882782,0.03441233706979505,0.10163734642089436,0.5646519245605243,False,False,False,False,False,0.42203048900764084,0.2769254492183027,0.18,False,False,True,True,True,33.30455549208591,33.318923697108794,33.30455549208591,33.318923697108794,False,False,False,False,0.5807703451576842,0.44983119005844135,0.44983119005844135,False,both,right,none,none,0,moving_average,4,2.0,peak,17,-1,-1,17,False,0.45870741524245895,False,False,False,False,False,False,False,,
frame_000248.jpg,33.31288696044423,33.34257729024639,248,True,0.033010131131998376,0.05960115027108304,0.004062791636156852,0.21522453223177382,False,False,False,False,False,0.42203048900764084,0.2769254492183027,0.18,False,False,True,True,True,33.31288696044423,33.34257729024639,33.31288696044423,33.34257729024639,False,False,False,False,0.5886058865400541,0.4698388821917338,0.4698388821917338,False,both,right,none,none,0,moving_average,4,2.0,peak,17,-1,-1,17,False,0.46316965148063627,False,False,False,False,False,False,False,,
frame_000249.jpg,33.31288696044423,33.34257729024639,249,True,0.0,0.0,0.0,0.0,False,False,False,False,False,0.42203048900764084,0.2769254492183027,0.18,False,False,True,True,True,33.31288696044423,33.34257729024639,33.31288696044423,33.34257729024639,False,False,False,False,0.5886058865400541,0.4698388821917338,0.4698388821917338,False,both,right,none,none,0,moving_average,4,2.0,peak,17,-1,-1,17,False,0.5644157423375198,False,False,False,False,False,False,False,,
frame_000250.jpg,33.52882333041168,33.67801066585255,250,True,0.07546705506884682,0.1407916491846062,0.03009621222623134,0.5084099333666475,False,False,False,False,False,0.42203048900764084,0.2769254492183027,0.18,False,False,True,True,True,33.52882333041168,33.67801066585255,33.52882333041168,33.67801066585255,False,False,False,False,0.7916887394142214,0.7535694626290921,0.7535694626290921,False,both,right,none,none,0,moving_average,4,2.0,peak,17,-1,-1,17,False,0.6786318486943786,False,False,False,False,False,False,False,,
frame_000251.jpg,33.529351620389065,33.74766468736252,251,True,0.038917945120735924,0.0008487651170943302,0.0024858628342020114,0.09221595627426651,False,False,False,False,False,0.42203048900764084,0.2769254492183027,0.18,False,False,True,True,True,33.529351620389065,33.74766468736252,33.529351620389065,33.74766468736252,False,False,False,False,0.7921855831639226,0.8124872012623102,0.8124872012623102,False,both,right,none,none,0,moving_average,4,2.0,peak,17,-1,-1,17,False,0.794070732643075,False,False,False,False,False,False,False,,
frame_000252.jpg,33.60128341121857,33.752001481950686,252,True,0.06800786901320603,0.022489973901791048,0.020742436816716264,0.16114444521086427,False,False,False,False,False,0.42203048900764084,0.2769254492183027,0.18,False,False,True,True,True,33.60128341121857,33.752001481950686,33.60128341121857,33.752001481950686,False,False,False,False,0.8598356658998931,0.8161555340378231,0.8161555340378231,False,both,right,none,none,0,moving_average,4,2.0,peak,17,-1,-1,17,False,0.7965828170205155,True,False,False,False,False,False,False,17,
frame_000253.jpg,33.55989136239329,33.68692021245024,253,True,0.032433178854162165,0.0010953198013966268,0.0018401052448437363,0.07685032171591509,False,False,False,False,False,0.42203048900764084,0.2769254492183027,0.18,False,False,True,True,True,33.55989136239329,33.68692021245024,33.55989136239329,33.68692021245024,False,False,False,False,0.820907460507667,0.7611057157614133,0.7611057157614133,False,both,right,none,none,0,moving_average,4,2.0,peak,17,-1,-1,17,False,0.7718898725236707,False,False,False,False,False,False,False,,
frame_000254.jpg,33.62810697533114,33.660086841011264,254,True,0.03611649912314194,0.019775745009188,0.0018539213479414583,0.08557793823869453,False,False,False,False,False,0.42203048900764084,0.2769254492183027,0.18,False,False,True,True,True,33.62810697533114,33.660086841011264,33.62810697533114,33.660086841011264,False,False,False,False,0.8850625692004167,0.7384083677717758,0.7384083677717758,False,both,right,none,none,0,moving_average,4,2.0,peak,17,-1,-1,17,False,0.7425818739771073,False,False,False,False,False,False,False,,
frame_000255.jpg,33.59344086045174,33.64805553925836,255,True,0.14128511007491987,0.0399359122801306,0.01608011683574,0.3347746519620811,False,False,False,False,False,0.42203048900764084,0.2769254492183027,0.18,False,False,True,True,True,33.59344086045174,33.64805553925836,33.59344086045174,33.64805553925836,False,False,False,False,0.8524599395052277,0.7282315383981329,0.7282315383981329,False,both,right,none,none,0,moving_average,4,2.0,peak,17,-1,-1,17,False,0.6917238443592406,False,False,False,False,False,False,False,,
frame_000256.jpg,33.5525413964813,33.50654331555281,256,True,0.0702946313915071,0.0382499758599112,0.006338406407532493,0.16656292192726962,False,False,False,False,False,0.42203048900764084,0.2769254492183027,0.18,False,False,True,True,True,33.5525413964813,33.50654331555281,33.5525413964813,33.50654331555281,False,False,False,False,0.8139949980718175,0.6085316269078135,0.6085316269078135,False,both,right,none,none,0,moving_average,4,2.0,peak,17,-1,-1,17,False,0.6787493437455925,False,False,False,False,False,False,False,,
frame_000257.jpg,33.487104553192815,33.614070505398814,257,True,0.07759085281478686,0.006438562605928676,0.002415010119457537,0.1838512970881165,False,False,False,False,False,0.42203048900764084,0.2769254492183027,0.18,False,False,True,True,True,33.487104553192815,33.614070505398814,33.487104553192815,33.614070505398814,False,False,False,False,0.7524532539917951,0.6994848659308309,0.6994848659308309,False,both,right,none,none,0,moving_average,4,2.0,peak,17,-1,-1,17,False,0.6819073008731296,False,False,False,False,False,False,False,,
frame_000258.jpg,33.40773548589388,33.659255786524724,258,True,0.1216137073560998,0.035256212153458026,0.02679591291482694,0.2881633211905171,False,False,False,False,False,0.42203048900764084,0.2769254492183027,0.18,False,False,True,True,True,33.40773548589388,33.659255786524724,33.40773548589388,33.659255786524724,False,False,False,False,0.6778085953849151,0.7377054097807445,0.7377054097807445,False,both,right,none,none,0,moving_average,4,2.0,peak,17,-1,-1,17,False,0.6752109751528047,False,False,False,False,False,False,False,,
frame_000259.jpg,33.3532110792201,33.482793625226186,259,True,0.04218504324555317,0.06851678020158576,0.008718169581076662,0.24741958673351613,False,False,False,False,False,0.42203048900764084,0.2769254492183027,0.18,False,False,True,True,True,33.3532110792201,33.482793625226186,33.3532110792201,33.482793625226186,False,False,False,False,0.6265297299476051,0.5884426497468388,0.5884426497468388,False,both,right,none,none,0,moving_average,4,2.0,peak,17,-1,-1,17,False,0.5977817174851756,False,False,False,False,False,False,False,,
frame_000260.jpg,33.37615934699698,33.33945410102573,260,True,0.10586750757687931,0.005367107729769524,0.009139323661041194,0.2508527472169495,False,False,False,False,False,0.42203048900764084,0.2769254492183027,0.18,False,False,True,True,True,33.37615934699698,33.33945410102573,33.37615934699698,33.33945410102573,False,False,False,False,0.6481120122159916,0.4671970929279434,0.4671970929279434,False,both,right,none,none,0,moving_average,4,2.0,peak,17,-1,-1,17,False,,False,False,False,False,False,False,False,,
