frame_name,left_temp,right_temp,frame_index,motion_coordinate_valid,motion_center_step_norm,motion_scale_step_log,motion_angle_step_rad,motion_score,motion_center_flag,motion_scale_flag,motion_angle_flag,motion_artifact_raw,motion_artifact,motion_center_threshold,motion_scale_threshold,motion_angle_threshold,left_missing_raw,right_missing_raw,left_quality_valid,right_quality_valid,quality_any_valid,left_temp_motion_filtered,right_temp_motion_filtered,left_temp_used,right_temp_used,left_repaired,right_repaired,left_motion_interpolated,right_motion_interpolated,left_norm,right_norm,fused_norm,fused_repaired,fusion_source,selected_fusion_mode,peak_retune_rule,edge_peak_completion,edge_peak_added,smoothing_method,butterworth_order,butterworth_cutoff_hz,rr_estimator,time_peak_count,spectral_count,autocorr_count,joint_count,joint_adjusted,smoothed_norm,is_peak,source_peak_rejected,quality_peak_rejected,mad_ibi_peak_rejected,motion_peak_rejected,motion_interval_peak_rejected,motion_reconstructed_peak,peak_number,event_source
frame_000000.jpg,,,0,False,,,,0.0,False,False,False,False,False,0.2,0.12,0.18,True,True,False,False,False,,,29.83600845880457,31.379736167376123,True,True,False,False,0.0,0.0,0.0,False,missing,left,none,none,0,moving_average,4,2.0,peak,9,-1,-1,9,False,,False,False,False,False,False,False,False,,
frame_000001.jpg,29.83600845880457,31.379736167376123,1,True,,,,0.0,False,False,False,False,False,0.2,0.12,0.18,False,False,True,True,True,29.83600845880457,31.379736167376123,29.83600845880457,31.379736167376123,False,False,False,False,0.0,0.0,0.0,False,both,left,none,none,0,moving_average,4,2.0,peak,9,-1,-1,9,False,0.002359022035509873,False,False,False,False,False,False,False,,
frame_000002.jpg,,,2,False,,,,0.0,False,False,False,False,False,0.2,0.12,0.18,True,True,False,False,False,,,29.866055712709898,31.824915676507516,True,True,False,False,0.007077066106529619,0.19028342863373937,0.007077066106529619,False,missing,left,none,none,0,moving_average,4,2.0,peak,9,-1,-1,9,False,0.007077066106529339,False,False,False,False,False,False,False,,
frame_000003.jpg,,,3,False,,,,0.0,False,False,False,False,False,0.2,0.12,0.18,True,True,False,False,False,,,29.89610296661522,32.27009518563891,True,True,False,False,0.0141541322130584,0.38056685726747874,0.0141541322130584,False,missing,left,none,none,0,moving_average,4,2.0,peak,9,-1,-1,9,False,0.014154132213058678,False,False,False,False,False,False,False,,
frame_000004.jpg,,,4,False,,,,0.0,False,False,False,False,False,0.2,0.12,0.18,True,True,False,False,False,,,29.926150220520547,32.7152746947703,True,True,False,False,0.02123119831958802,0.5708502859012181,0.02123119831958802,False,missing,left,none,none,0,moving_average,4,2.0,peak,9,-1,-1,9,False,0.021231198319587738,False,False,False,False,False,False,False,,
frame_000005.jpg,,,5,False,,,,0.0,False,False,False,False,False,0.2,0.12,0.18,True,True,False,False,False,,,29.95619747442587,33.16045420390169,True,True,False,False,0.0283082644261168,0.7611337145349575,0.0283082644261168,False,missing,left,none,none,0,moving_average,4,2.0,peak,9,-1,-1,9,False,0.02830826442611708,False,False,False,False,False,False,False,,
frame_000006.jpg,,33.605633713033086,6,True,,,,0.0,False,False,False,False,False,0.2,0.12,0.18,True,False,False,True,True,,33.605633713033086,29.986244728331197,33.605633713033086,True,False,False,False,0.03538533053264642,0.951417143168697,0.03538533053264642,False,right_only,left,none,none,0,moving_average,4,2.0,peak,9,-1,-1,9,False,0.03538533053264614,False,False,False,False,False,False,False,,
frame_000007.jpg,,,7,False,,,,0.0,False,False,False,False,False,0.2,0.12,0.18,True,True,False,False,False,,,30.01629198223652,33.58760273054088,True,True,False,False,0.042462396639175205,0.943710146103746,0.042462396639175205,False,missing,left,none,none,0,moving_average,4,2.0,peak,9,-1,-1,9,False,0.042462396639175476,False,False,False,False,False,False,False,,
frame_000008.jpg,,,8,False,,,,0.0,False,False,False,False,False,0.2,0.12,0.18,True,True,False,False,False,,,30.046339236141847,33.56957174804868,True,True,False,False,0.049539462745704824,0.9360031490387981,0.049539462745704824,False,missing,left,none,none,0,moving_average,4,2.0,peak,9,-1,-1,9,False,0.04953946274570454,False,False,False,False,False,False,False,,
frame_000009.jpg,,,9,False,,,,0.0,False,False,False,False,False,0.2,0.12,0.18,True,True,False,False,False,,,30.07638649004717,33.551540765556474,True,True,False,False,0.0566165288522336,0.9282961519738472,0.0566165288522336,False,missing,left,none,none,0,moving_average,4,2.0,peak,9,-1,-1,9,False,0.05661652885223388,False,False,False,False,False,False,False,,
frame_000010.jpg,,,10,False,,,,0.0,False,False,False,False,False,0.2,0.12,0.18,True,True,False,False,False,,,30.106433743952497,33.53350978306427,True,True,False,False,0.06369359495876323,0.9205891549088963,0.06369359495876323,False,missing,left,none,none,0,moving_average,4,2.0,peak,9,-1,-1,9,False,0.06369359495876295,False,False,False,False,False,False,False,,
frame_000011.jpg,,,11,False,,,,0.0,False,False,False,False,False,0.2,0.12,0.18,True,True,False,False,False,,,30.13648099785782,33.51547880057206,True,True,False,False,0.070770661065292,0.9128821578439453,0.070770661065292,False,missing,left,none,none,0,moving_average,4,2.0,peak,9,-1,-1,9,False,0.07077066106529228,False,False,False,False,False,False,False,,
frame_000012.jpg,,,12,False,,,,0.0,False,False,False,False,False,0.2,0.12,0.18,True,True,False,False,False,,,30.166528251763147,33.49744781807986,True,True,False,False,0.07784772717182163,0.9051751607789975,0.07784772717182163,False,missing,left,none,none,0,moving_average,4,2.0,peak,9,-1,-1,9,False,0.07784772717182134,False,False,False,False,False,False,False,,
frame_000013.jpg,,,13,False,,,,0.0,False,False,False,False,False,0.2,0.12,0.18,True,True,False,False,False,,,30.19657550566847,33.47941683558766,True,True,False,False,0.08492479327835041,0.8974681637140466,0.08492479327835041,False,missing,left,none,none,0,moving_average,4,2.0,peak,9,-1,-1,9,False,0.08492479327835069,False,False,False,False,False,False,False,,
frame_000014.jpg,,,14,False,,,,0.0,False,False,False,False,False,0.2,0.12,0.18,True,True,False,False,False,,,30.226622759573797,33.46138585309545,True,True,False,False,0.09200185938488002,0.8897611666490957,0.09200185938488002,False,missing,left,none,none,0,moving_average,4,2.0,peak,9,-1,-1,9,False,0.09200185938487974,False,False,False,False,False,False,False,,
frame_000015.jpg,,,15,False,,,,0.0,False,False,False,False,False,0.2,0.12,0.18,True,True,False,False,False,,,30.25667001347912,33.443354870603244,True,True,False,False,0.09907892549140881,0.8820541695841447,0.09907892549140881,False,missing,left,none,none,0,moving_average,4,2.0,peak,9,-1,-1,9,False,0.09907892549140908,False,False,False,False,False,False,False,,
frame_000016.jpg,,,16,False,,,,0.0,False,False,False,False,False,0.2,0.12,0.18,True,True,False,False,False,,,30.286717267384446,33.425323888111045,True,True,False,False,0.10615599159793843,0.8743471725191969,0.10615599159793843,False,missing,left,none,none,0,moving_average,4,2.0,peak,9,-1,-1,9,False,0.10615599159793815,False,False,False,False,False,False,False,,
frame_000017.jpg,,,17,False,,,,0.0,False,False,False,False,False,0.2,0.12,0.18,True,True,False,False,False,,,30.31676452128977,33.40729290561884,True,True,False,False,0.1132330577044672,0.866640175454246,0.1132330577044672,False,missing,left,none,none,0,moving_average,4,2.0,peak,9,-1,-1,9,False,0.11323305770446748,False,False,False,False,False,False,False,,
frame_000018.jpg,,,18,False,,,,0.0,False,False,False,False,False,0.2,0.12,0.18,True,True,False,False,False,,,30.346811775195096,33.38926192312663,True,True,False,False,0.12031012381099683,0.8589331783892951,0.12031012381099683,False,missing,left,none,none,0,moving_average,4,2.0,peak,9,-1,-1,9,False,0.12031012381099654,False,False,False,False,False,False,False,,
frame_000019.jpg,,,19,False,,,,0.0,False,False,False,False,False,0.2,0.12,0.18,True,True,False,False,False,,,30.37685902910042,33.371230940634426,True,True,False,False,0.12738718991752562,0.8512261813243441,0.12738718991752562,False,missing,left,none,none,0,moving_average,4,2.0,peak,9,-1,-1,9,False,0.1273871899175259,False,False,False,False,False,False,False,,
frame_000020.jpg,,,20,False,,,,0.0,False,False,False,False,False,0.2,0.12,0.18,True,True,False,False,False,,,30.406906283005746,33.35319995814223,True,True,False,False,0.13446425602405523,0.8435191842593962,0.13446425602405523,False,missing,left,none,none,0,moving_average,4,2.0,peak,9,-1,-1,9,False,0.13446425602405496,False,False,False,False,False,False,False,,
frame_000021.jpg,,,21,False,,,,0.0,False,False,False,False,False,0.2,0.12,0.18,True,True,False,False,False,,,30.43695353691107,33.33516897565002,True,True,False,False,0.141541322130584,0.8358121871944453,0.141541322130584,False,missing,left,none,none,0,moving_average,4,2.0,peak,9,-1,-1,9,False,0.1415413221305843,False,False,False,False,False,False,False,,
frame_000022.jpg,,,22,False,,,,0.0,False,False,False,False,False,0.2,0.12,0.18,True,True,False,False,False,,,30.467000790816396,33.317137993157814,True,True,False,False,0.14861838823711362,0.8281051901294945,0.14861838823711362,False,missing,left,none,none,0,moving_average,4,2.0,peak,9,-1,-1,9,False,0.14861838823711332,False,False,False,False,False,False,False,,
frame_000023.jpg,,,23,False,,,,0.0,False,False,False,False,False,0.2,0.12,0.18,True,True,False,False,False,,,30.49704804472172,33.29910701066561,True,True,False,False,0.1556954543436424,0.8203981930645435,0.1556954543436424,False,missing,left,none,none,0,moving_average,4,2.0,peak,9,-1,-1,9,False,0.15569545434364268,False,False,False,False,False,False,False,,
frame_000024.jpg,,,24,False,,,,0.0,False,False,False,False,False,0.2,0.12,0.18,True,True,False,False,False,,,30.527095298627046,33.28107602817341,True,True,False,False,0.16277252045017204,0.8126911959995956,0.16277252045017204,False,missing,left,none,none,0,moving_average,4,2.0,peak,9,-1,-1,9,False,0.16277252045017176,False,False,False,False,False,False,False,,
frame_000025.jpg,,,25,False,,,,0.0,False,False,False,False,False,0.2,0.12,0.18,True,True,False,False,False,,,30.55714255253237,33.2630450456812,True,True,False,False,0.16984958655670082,0.8049841989346447,0.16984958655670082,False,missing,left,none,none,0,moving_average,4,2.0,peak,9,-1,-1,9,False,0.1698495865567011,False,False,False,False,False,False,False,,
frame_000026.jpg,,,26,False,,,,0.0,False,False,False,False,False,0.2,0.12,0.18,True,True,False,False,False,,,30.587189806437696,33.245014063189,True,True,False,False,0.17692665266323043,0.7972772018696938,0.17692665266323043,False,missing,left,none,none,0,moving_average,4,2.0,peak,9,-1,-1,9,False,0.17692665266323016,False,False,False,False,False,False,False,,
frame_000027.jpg,,,27,False,,,,0.0,False,False,False,False,False,0.2,0.12,0.18,True,True,False,False,False,,,30.61723706034302,33.22698308069679,True,True,False,False,0.1840037187697592,0.7895702048047428,0.1840037187697592,False,missing,left,none,none,0,moving_average,4,2.0,peak,9,-1,-1,9,False,0.18400371876975946,False,False,False,False,False,False,False,,
frame_000028.jpg,,,28,False,,,,0.0,False,False,False,False,False,0.2,0.12,0.18,True,True,False,False,False,,,30.647284314248346,33.20895209820459,True,True,False,False,0.19108078487628882,0.781863207739795,0.19108078487628882,False,missing,left,none,none,0,moving_average,4,2.0,peak,9,-1,-1,9,False,0.19108078487628855,False,False,False,False,False,False,False,,
frame_000029.jpg,,,29,False,,,,0.0,False,False,False,False,False,0.2,0.12,0.18,True,True,False,False,False,,,30.67733156815367,33.190921115712385,True,True,False,False,0.19815785098281763,0.7741562106748441,0.19815785098281763,False,missing,left,none,none,0,moving_average,4,2.0,peak,9,-1,-1,9,False,0.1981578509828179,False,False,False,False,False,False,False,,
frame_000030.jpg,,,30,False,,,,0.0,False,False,False,False,False,0.2,0.12,0.18,True,True,False,False,False,,,30.707378822058995,33.17289013322018,True,True,False,False,0.20523491708934724,0.7664492136098932,0.20523491708934724,False,missing,left,none,none,0,moving_average,4,2.0,peak,9,-1,-1,9,False,0.20523491708934694,False,False,False,False,False,False,False,,
frame_000031.jpg,,,31,False,,,,0.0,False,False,False,False,False,0.2,0.12,0.18,True,True,False,False,False,,,30.73742607596432,33.15485915072797,True,True,False,False,0.21231198319587602,0.7587422165449422,0.21231198319587602,False,missing,left,none,none,0,moving_average,4,2.0,peak,9,-1,-1,9,False,0.2123119831958763,False,False,False,False,False,False,False,,
frame_000032.jpg,,,32,False,,,,0.0,False,False,False,False,False,0.2,0.12,0.18,True,True,False,False,False,,,30.767473329869645,33.13682816823577,True,True,False,False,0.21938904930240563,0.7510352194799944,0.21938904930240563,False,missing,left,none,none,0,moving_average,4,2.0,peak,9,-1,-1,9,False,0.21938904930240533,False,False,False,False,False,False,False,,
frame_000033.jpg,,33.11879718574357,33,True,,,,0.0,False,False,False,False,True,0.2,0.12,0.18,True,False,False,True,True,,33.11879718574357,30.79752058377497,33.11879718574357,True,False,False,True,0.2264661154089344,0.7433282224150435,0.2264661154089344,False,right_only,left,none,none,0,moving_average,4,2.0,peak,9,-1,-1,9,False,0.22646611540893466,False,False,False,False,False,False,False,,
frame_000034.jpg,,33.0916367423741,34,True,0.3427990646160969,0.0,0.0,1.7139953230804843,True,False,False,True,True,0.2,0.12,0.18,True,False,False,True,True,,33.0916367423741,30.827567837680295,33.0916367423741,True,False,False,True,0.23354318151546405,0.7317190126883005,0.23354318151546405,False,right_only,left,none,none,0,moving_average,4,2.0,peak,9,-1,-1,9,False,0.23354318151546377,False,False,False,False,False,False,False,,
frame_000035.jpg,,32.22031984562763,35,True,0.5016429311473983,0.0,0.0,2.5082146557369915,True,False,False,True,True,0.2,0.12,0.18,True,False,False,True,True,,32.22031984562763,30.857615091585618,32.22031984562763,True,False,False,True,0.24062024762199283,0.3592913444361794,0.24062024762199283,False,right_only,left,none,none,0,moving_average,4,2.0,peak,9,-1,-1,9,False,0.24062024762199308,False,False,False,False,False,False,False,,
frame_000036.jpg,,,36,False,,,,0.0,False,False,False,False,True,0.2,0.12,0.18,True,True,False,False,False,,,30.887662345490945,32.21967710003569,True,True,False,False,0.24769731372852244,0.3590166151809806,0.24769731372852244,False,missing,left,none,none,0,moving_average,4,2.0,peak,9,-1,-1,9,False,0.24769731372852216,False,False,False,False,False,False,False,,
frame_000037.jpg,,,37,False,,,,0.0,False,False,False,False,False,0.2,0.12,0.18,True,True,False,False,False,,,30.917709599396268,32.21903435444376,True,True,False,False,0.25477437983505125,0.3587418859257848,0.25477437983505125,False,missing,left,none,none,0,moving_average,4,2.0,peak,9,-1,-1,9,False,0.25477437983505147,False,False,False,False,False,False,False,,
frame_000038.jpg,,,38,False,,,,0.0,False,False,False,False,False,0.2,0.12,0.18,True,True,False,False,False,,,30.947756853301595,32.21839160885182,True,True,False,False,0.26185144594158083,0.35846715667058604,0.26185144594158083,False,missing,left,none,none,0,moving_average,4,2.0,peak,9,-1,-1,9,False,0.26185144594158055,False,False,False,False,False,False,False,,
frame_000039.jpg,,,39,False,,,,0.0,False,False,False,False,False,0.2,0.12,0.18,True,True,False,False,False,,,30.977804107206918,32.21774886325988,True,True,False,False,0.26892851204810964,0.3581924274153872,0.26892851204810964,False,missing,left,none,none,0,moving_average,4,2.0,peak,9,-1,-1,9,False,0.26892851204810986,False,False,False,False,False,False,False,,
frame_000040.jpg,,,40,False,,,,0.0,False,False,False,False,False,0.2,0.12,0.18,True,True,False,False,False,,,31.007851361112245,32.217106117667946,True,True,False,False,0.2760055781546392,0.3579176981601914,0.2760055781546392,False,missing,left,none,none,0,moving_average,4,2.0,peak,9,-1,-1,9,False,0.27600557815463894,False,False,False,False,False,False,False,,
frame_000041.jpg,,,41,False,,,,0.0,False,False,False,False,False,0.2,0.12,0.18,True,True,False,False,False,,,31.037898615017568,32.21646337207601,True,True,False,False,0.283082644261168,0.35764296890499264,0.283082644261168,False,missing,left,none,none,0,moving_average,4,2.0,peak,9,-1,-1,9,False,0.2830826442611683,False,False,False,False,False,False,False,,
frame_000042.jpg,,,42,False,,,,0.0,False,False,False,False,False,0.2,0.12,0.18,True,True,False,False,False,,,31.067945868922894,32.21582062648407,True,True,False,False,0.29015971036769767,0.3573682396497938,0.29015971036769767,False,missing,left,none,none,0,moving_average,4,2.0,peak,9,-1,-1,9,False,0.29015971036769733,False,False,False,False,False,False,False,,
frame_000043.jpg,,,43,False,,,,0.0,False,False,False,False,False,0.2,0.12,0.18,True,True,False,False,False,,,31.097993122828218,32.215177880892135,True,True,False,False,0.2972367764742264,0.3570935103945981,0.2972367764742264,False,missing,left,none,none,0,moving_average,4,2.0,peak,9,-1,-1,9,False,0.2972367764742267,False,False,False,False,False,False,False,,
frame_000044.jpg,,,44,False,,,,0.0,False,False,False,False,False,0.2,0.12,0.18,True,True,False,False,False,,,31.128040376733544,32.214535135300196,True,True,False,False,0.30431384258075606,0.35681878113939924,0.30431384258075606,False,missing,left,none,none,0,moving_average,4,2.0,peak,9,-1,-1,9,False,0.3043138425807558,False,False,False,False,False,False,False,,
frame_000045.jpg,,,45,False,,,,0.0,False,False,False,False,False,0.2,0.12,0.18,True,True,False,False,False,,,31.158087630638867,32.21389238970826,True,True,False,False,0.3113909086872848,0.35654405188420346,0.3113909086872848,False,missing,left,none,none,0,moving_average,4,2.0,peak,9,-1,-1,9,False,0.3113909086872851,False,False,False,False,False,False,False,,
frame_000046.jpg,,,46,False,,,,0.0,False,False,False,False,False,0.2,0.12,0.18,True,True,False,False,False,,,31.188134884544194,32.213249644116324,True,True,False,False,0.31846797479381445,0.3562693226290047,0.31846797479381445,False,missing,left,none,none,0,moving_average,4,2.0,peak,9,-1,-1,9,False,0.31846797479381417,False,False,False,False,False,False,False,,
frame_000047.jpg,,,47,False,,,,0.0,False,False,False,False,False,0.2,0.12,0.18,True,True,False,False,False,,,31.218182138449517,32.212606898524385,True,True,False,False,0.32554504090034325,0.35599459337380585,0.32554504090034325,False,missing,left,none,none,0,moving_average,4,2.0,peak,9,-1,-1,9,False,0.3255450409003435,False,False,False,False,False,False,False,,
frame_000048.jpg,,,48,False,,,,0.0,False,False,False,False,False,0.2,0.12,0.18,True,True,False,False,False,,,31.248229392354844,32.21196415293245,True,True,False,False,0.33262210700687284,0.35571986411861006,0.33262210700687284,False,missing,left,none,none,0,moving_average,4,2.0,peak,9,-1,-1,9,False,0.33262210700687256,False,False,False,False,False,False,False,,
frame_000049.jpg,,,49,False,,,,0.0,False,False,False,False,False,0.2,0.12,0.18,True,True,False,False,False,,,31.278276646260167,32.21132140734051,True,True,False,False,0.33969917311340164,0.3554451348634113,0.33969917311340164,False,missing,left,none,none,0,moving_average,4,2.0,peak,9,-1,-1,9,False,0.3396991731134019,False,False,False,False,False,False,False,,
frame_000050.jpg,,,50,False,,,,0.0,False,False,False,False,False,0.2,0.12,0.18,True,True,False,False,False,,,31.308323900165494,32.210678661748574,True,True,False,False,0.3467762392199312,0.35517040560821245,0.3467762392199312,False,missing,left,none,none,0,moving_average,4,2.0,peak,9,-1,-1,9,False,0.34677623921993095,False,False,False,False,False,False,False,,
frame_000051.jpg,,,51,False,,,,0.0,False,False,False,False,False,0.2,0.12,0.18,True,True,False,False,False,,,31.338371154070817,32.21003591615664,True,True,False,False,0.35385330532646003,0.3548956763530167,0.35385330532646003,False,missing,left,none,none,0,moving_average,4,2.0,peak,9,-1,-1,9,False,0.3538533053264603,False,False,False,False,False,False,False,,
frame_000052.jpg,,32.2093931705647,52,True,,,,0.0,False,False,False,False,False,0.2,0.12,0.18,True,False,False,True,True,,32.2093931705647,31.368418407976144,32.2093931705647,True,False,False,False,0.36093037143298967,0.3546209470978179,0.36093037143298967,False,right_only,left,none,none,0,moving_average,4,2.0,peak,9,-1,-1,9,False,0.36093037143298934,False,False,False,False,False,False,False,,
frame_000053.jpg,,32.06747869259024,53,True,0.06626761687648436,0.0,0.0,0.3313380843824218,False,False,False,False,False,0.2,0.12,0.18,True,False,False,True,True,,32.06747869259024,31.398465661881467,32.06747869259024,True,False,False,False,0.3680074375395184,0.2939623298707221,0.3680074375395184,False,right_only,left,none,none,0,moving_average,4,2.0,peak,9,-1,-1,9,False,0.3680074375395187,False,False,False,False,False,False,False,,
frame_000054.jpg,,32.035117730510805,54,True,0.018299425739356927,0.0,1.448494102440634e-15,0.09149712869678463,False,False,False,False,False,0.2,0.12,0.18,True,False,False,True,True,,32.035117730510805,31.428512915786794,32.035117730510805,True,False,False,False,0.37508450364604806,0.2801302583309148,0.37508450364604806,False,right_only,left,none,none,0,moving_average,4,2.0,peak,9,-1,-1,9,False,0.37508450364604773,False,False,False,False,False,False,False,,
frame_000055.jpg,,32.08202170848913,55,True,0.022673058339620307,0.0,1.448494102440634e-15,0.11336529169810153,False,False,False,False,False,0.2,0.12,0.18,True,False,False,True,True,,32.08202170848913,31.458560169692117,32.08202170848913,True,False,False,False,0.3821615697525768,0.30017846262425935,0.3821615697525768,False,right_only,left,none,none,0,moving_average,4,2.0,peak,9,-1,-1,9,False,0.3821615697525771,False,False,False,False,False,False,False,,
frame_000056.jpg,,32.01258848928117,56,True,0.028439816001708133,0.0,0.0,0.14219908000854065,False,False,False,False,False,0.2,0.12,0.18,True,False,False,True,True,,32.01258848928117,31.488607423597443,32.01258848928117,True,False,False,False,0.38923863585910645,0.2705005669867292,0.38923863585910645,False,right_only,left,none,none,0,moving_average,4,2.0,peak,9,-1,-1,9,False,0.3892386358591062,False,False,False,False,False,False,False,,
frame_000057.jpg,,31.912417006944903,57,True,0.008297217067697638,0.0,0.0,0.04148608533848819,False,False,False,False,False,0.2,0.12,0.18,True,False,False,True,True,,31.912417006944903,31.518654677502767,31.912417006944903,True,False,False,False,0.39631570196563526,0.22768419130164927,0.39631570196563526,False,right_only,left,none,none,0,moving_average,4,2.0,peak,9,-1,-1,9,False,0.3963157019656355,False,False,False,False,False,False,False,,
frame_000058.jpg,,31.911827064714668,58,True,0.006829510771324214,0.0,0.0,0.03414755385662107,False,False,False,False,False,0.2,0.12,0.18,True,False,False,True,True,,31.911827064714668,31.548701931408093,31.911827064714668,True,False,False,False,0.40339276807216484,0.2274320318289818,0.40339276807216484,False,right_only,left,none,none,0,moving_average,4,2.0,peak,9,-1,-1,9,False,0.4033927680721645,False,False,False,False,False,False,False,,
frame_000059.jpg,,31.911827064714668,59,True,0.0,0.0,0.0,0.0,False,False,False,False,False,0.2,0.12,0.18,True,False,False,True,True,,31.911827064714668,31.578749185313416,31.911827064714668,True,False,False,False,0.41046983417869365,0.2274320318289818,0.41046983417869365,False,right_only,left,none,none,0,moving_average,4,2.0,peak,9,-1,-1,9,False,0.41046983417869387,False,False,False,False,False,False,False,,
frame_000060.jpg,,,60,True,0.007129812567407576,0.0,0.0,0.03564906283703788,False,False,False,False,False,0.2,0.12,0.18,True,True,False,False,False,,,31.608796439218743,31.966956815060907,True,True,False,False,0.41754690028522323,0.250996184491966,0.41754690028522323,False,missing,left,none,none,0,moving_average,4,2.0,peak,9,-1,-1,9,False,0.41754690028522295,False,False,False,False,False,False,False,,
frame_000061.jpg,,,61,True,0.007129812567407576,0.0,1.448494102440634e-15,0.03564906283703788,False,False,False,False,False,0.2,0.12,0.18,True,True,False,False,False,,,31.638843693124066,32.02208656540715,True,True,False,False,0.42462396639175204,0.2745603371549517,0.42462396639175204,False,missing,left,none,none,0,moving_average,4,2.0,peak,9,-1,-1,9,False,0.42462396639175226,False,False,False,False,False,False,False,,
frame_000062.jpg,,32.07721631575339,62,True,0.007129812567407105,0.0,1.448494102440634e-15,0.03564906283703552,False,False,False,False,False,0.2,0.12,0.18,True,False,False,True,True,,32.07721631575339,31.668890947029393,32.07721631575339,True,False,False,False,0.4317010324982817,0.29812448981793593,0.4317010324982817,False,right_only,left,none,none,0,moving_average,4,2.0,peak,9,-1,-1,9,False,0.43170103249828135,False,False,False,False,False,False,False,,
frame_000063.jpg,,32.355475680453594,63,True,0.012814113828820035,0.0,0.0,0.06407056914410017,False,False,False,False,False,0.2,0.12,0.18,True,False,False,True,True,,32.355475680453594,31.698938200934716,32.355475680453594,True,False,False,False,0.43877809860481043,0.4170611094927953,0.43877809860481043,False,right_only,left,none,none,0,moving_average,4,2.0,peak,9,-1,-1,9,False,0.43877809860481065,False,False,False,False,False,False,False,,
frame_000064.jpg,,32.54157651072968,64,True,0.03317856786176028,0.0,0.0,0.1658928393088014,False,False,False,False,False,0.2,0.12,0.18,True,False,False,True,True,,32.54157651072968,31.728985454840043,32.54157651072968,True,False,False,False,0.44585516471134007,0.4966063341272657,0.44585516471134007,False,right_only,left,none,none,0,moving_average,4,2.0,peak,9,-1,-1,9,False,0.4458551647113397,False,False,False,False,False,False,False,,
frame_000065.jpg,,32.72759201081087,65,True,0.02917903651696231,0.0,0.0,0.14589518258481154,False,False,False,False,False,0.2,0.12,0.18,True,False,False,True,True,,32.72759201081087,31.759032708745366,32.72759201081087,True,False,False,False,0.4529322308178688,0.5761150860092433,0.4529322308178688,False,right_only,left,none,none,0,moving_average,4,2.0,peak,9,-1,-1,9,False,0.4529322308178691,False,False,False,False,False,False,False,,
frame_000066.jpg,,32.71014415749288,66,True,0.003374963559635516,0.0,0.0,0.016874817798177576,False,False,False,False,False,0.2,0.12,0.18,True,False,False,True,True,,32.71014415749288,31.789079962650693,32.71014415749288,True,False,False,False,0.46000929692439846,0.5686573363070506,0.46000929692439846,False,right_only,left,none,none,0,moving_average,4,2.0,peak,9,-1,-1,9,False,0.4600092969243982,False,False,False,False,False,False,False,,
frame_000067.jpg,,32.78653161820798,67,True,0.007039968921872611,0.0,0.0,0.035199844609363054,False,False,False,False,False,0.2,0.12,0.18,True,False,False,True,True,,32.78653161820798,31.819127216556016,32.78653161820798,True,False,False,False,0.46708636303092727,0.6013076888757377,0.46708636303092727,False,right_only,left,none,none,0,moving_average,4,2.0,peak,9,-1,-1,9,False,0.4670863630309275,False,False,False,False,False,False,False,,
frame_000068.jpg,,32.73967840584103,68,True,0.006052508899143623,0.0,0.0,0.030262544495718115,False,False,False,False,False,0.2,0.12,0.18,True,False,False,True,True,,32.73967840584103,31.849174470461342,32.73967840584103,True,False,False,False,0.47416342913745685,0.5812811833676952,0.47416342913745685,False,right_only,left,none,none,0,moving_average,4,2.0,peak,9,-1,-1,9,False,0.47416342913745657,False,False,False,False,False,False,False,,
frame_000069.jpg,,32.72049453186724,69,True,0.003756118914466047,0.0,0.0,0.018780594572330233,False,False,False,False,False,0.2,0.12,0.18,True,False,False,True,True,,32.72049453186724,31.879221724366666,32.72049453186724,True,False,False,False,0.48124049524398566,0.5730814049876579,0.48124049524398566,False,right_only,left,none,none,0,moving_average,4,2.0,peak,9,-1,-1,9,False,0.48124049524398593,False,False,False,False,False,False,False,,
frame_000070.jpg,,32.553009150796164,70,True,0.015385219191232195,0.0,1.448494102440634e-15,0.07692609595616097,False,False,False,False,False,0.2,0.12,0.18,True,False,False,True,True,,32.553009150796164,31.909268978271992,32.553009150796164,True,False,False,False,0.48831756135051524,0.5014929964860747,0.48831756135051524,False,right_only,left,none,none,0,moving_average,4,2.0,peak,9,-1,-1,9,False,0.48831756135051496,False,False,False,False,False,False,False,,
frame_000071.jpg,,,71,True,0.01958321424677641,0.0,0.0,0.09791607123388205,False,False,False,False,False,0.2,0.12,0.18,True,True,False,False,False,,,31.939316232177315,32.37053134095174,True,True,False,False,0.49539462745704405,0.42349636233164006,0.49539462745704405,False,missing,left,none,none,0,moving_average,4,2.0,peak,9,-1,-1,9,False,0.49539462745704427,False,False,False,False,False,False,False,,
frame_000072.jpg,,32.18805353110733,72,True,0.01958321424677641,0.0,0.0,0.09791607123388205,False,False,False,False,False,0.2,0.12,0.18,True,False,False,True,True,,32.18805353110733,31.969363486082642,32.18805353110733,True,False,False,False,0.5024716935635737,0.34549972817720853,0.5024716935635737,False,right_only,left,none,none,0,moving_average,4,2.0,peak,9,-1,-1,9,False,0.5024716935635734,False,False,False,False,False,False,False,,
frame_000073.jpg,,32.20311863668497,73,True,0.008730623504570488,0.0,0.0,0.04365311752285243,False,False,False,False,False,0.2,0.12,0.18,True,False,False,True,True,,32.20311863668497,31.999410739987965,32.20311863668497,True,False,False,False,0.5095487596701025,0.3519390181338284,0.5095487596701025,False,right_only,left,none,none,0,moving_average,4,2.0,peak,9,-1,-1,9,False,0.5095487596701025,False,False,False,False,False,False,False,,
frame_000074.jpg,,32.13793868123546,74,True,0.009295721984243055,0.0,1.448494102440634e-15,0.046478609921215275,False,False,False,False,False,0.2,0.12,0.18,True,False,False,True,True,,32.13793868123546,32.02945799389329,32.13793868123546,True,False,False,False,0.5166258257766312,0.32407909837847804,0.5166258257766312,False,right_only,left,none,none,0,moving_average,4,2.0,peak,9,-1,-1,9,False,0.5166258257766317,False,False,False,False,False,False,False,,
frame_000075.jpg,,32.080346470771616,75,True,0.008069691545798115,0.0,0.0,0.040348457728990574,False,False,False,False,False,0.2,0.12,0.18,True,False,False,True,True,,32.080346470771616,32.05950524779862,32.080346470771616,True,False,False,False,0.5237028918831617,0.29946241444565597,0.5237028918831617,False,right_only,left,none,none,0,moving_average,4,2.0,peak,9,-1,-1,9,False,0.5237028918831611,False,False,False,False,False,False,False,,
frame_000076.jpg,,31.99752973561179,76,True,0.0053687897244555395,0.0,0.0,0.026843948622277698,False,False,False,False,False,0.2,0.12,0.18,True,False,False,True,True,,31.99752973561179,32.08955250170394,31.99752973561179,True,False,False,False,0.5307799579896905,0.26406399203126485,0.5307799579896905,False,right_only,left,none,none,0,moving_average,4,2.0,peak,9,-1,-1,9,False,0.5307799579896904,False,False,False,False,False,False,False,,
frame_000077.jpg,,31.99614620069191,77,True,0.005861214699424497,0.0,1.448494102440634e-15,0.02930607349712248,False,False,False,False,False,0.2,0.12,0.18,True,False,False,True,True,,31.99614620069191,32.119599755609265,31.99614620069191,True,False,False,False,0.5378570240962193,0.26347262660947685,0.5378570240962193,False,right_only,left,none,none,0,moving_average,4,2.0,peak,9,-1,-1,9,False,0.5378570240962198,False,False,False,False,False,False,False,,
frame_000078.jpg,,32.01954871656668,78,True,0.0040868207768889305,0.0,1.448494102440634e-15,0.02043410388444465,False,False,False,False,False,0.2,0.12,0.18,True,False,False,True,True,,32.01954871656668,32.149647009514595,32.01954871656668,True,False,False,False,0.5449340902027497,0.273475582423853,0.5449340902027497,False,right_only,left,none,none,0,moving_average,4,2.0,peak,9,-1,-1,9,False,0.5449340902027491,False,False,False,False,False,False,False,,
frame_000079.jpg,,,79,True,0.019116221054573463,0.0,1.4493614641786223e-15,0.09558110527286731,False,False,False,False,False,0.2,0.12,0.18,True,True,False,False,False,,,32.17969426341992,32.159804204764725,True,True,False,False,0.5520111563092784,0.33342509634262096,0.5520111563092784,False,missing,left,none,none,0,moving_average,4,2.0,peak,9,-1,-1,9,False,0.5520111563092784,False,False,False,False,False,False,False,,
frame_000080.jpg,,32.300059692962776,80,True,0.019116221054573463,0.0,1.4493614641786223e-15,0.09558110527286731,False,False,False,False,False,0.2,0.12,0.18,True,False,False,True,True,,32.300059692962776,32.20974151732524,32.300059692962776,True,False,False,False,0.5590882224158072,0.3933746102613919,0.5590882224158072,False,right_only,left,none,none,0,moving_average,4,2.0,peak,9,-1,-1,9,False,0.5590882224158072,False,False,False,False,False,False,False,,
frame_000081.jpg,,32.5908671802545,81,True,0.013824654934503529,0.0,0.0,0.06912327467251764,False,False,False,False,False,0.2,0.12,0.18,True,False,False,True,True,,32.5908671802545,32.239788771230565,32.5908671802545,True,False,False,False,0.566165288522336,0.5176746838703492,0.566165288522336,False,right_only,left,none,none,0,moving_average,4,2.0,peak,9,-1,-1,9,False,0.566165288522336,False,False,False,False,False,False,False,,
frame_000082.jpg,,32.66484525533315,82,True,0.012570359984373202,0.0,1.448494102440634e-15,0.06285179992186601,False,False,False,False,False,0.2,0.12,0.18,True,False,False,True,True,,32.66484525533315,32.26983602513589,32.66484525533315,True,False,False,False,0.5732423546288649,0.5492951908365288,0.5732423546288649,False,right_only,left,none,none,0,moving_average,4,2.0,peak,9,-1,-1,9,False,0.5732423546288654,False,False,False,False,False,False,False,,
frame_000083.jpg,,32.65168819892638,83,True,0.007361616341706911,0.0,0.0,0.03680808170853455,False,False,False,False,False,0.2,0.12,0.18,True,False,False,True,True,,32.65168819892638,32.29988327904122,32.65168819892638,True,False,False,False,0.5803194207353953,0.5436714598416044,0.5803194207353953,False,right_only,left,none,none,0,moving_average,4,2.0,peak,9,-1,-1,9,False,0.5803194207353948,False,False,False,False,False,False,False,,
frame_000084.jpg,,32.62279698632401,84,True,0.005621379853157188,0.0,1.448494102440634e-15,0.02810689926578594,False,False,False,False,False,0.2,0.12,0.18,True,False,False,True,True,,32.62279698632401,32.32993053294654,32.62279698632401,True,False,False,False,0.587396486841924,0.5313224660568472,0.587396486841924,False,right_only,left,none,none,0,moving_average,4,2.0,peak,9,-1,-1,9,False,0.587396486841924,False,False,False,False,False,False,False,,
frame_000085.jpg,,32.665376112239635,85,True,0.0028829700379178415,0.0,1.448494102440634e-15,0.014414850189589207,False,False,False,False,False,0.2,0.12,0.18,True,False,False,True,True,,32.665376112239635,32.359977786851864,32.665376112239635,True,False,False,False,0.5944735529484528,0.5495220954226748,0.5944735529484528,False,right_only,left,none,none,0,moving_average,4,2.0,peak,9,-1,-1,9,False,0.5944735529484534,False,False,False,False,False,False,False,,
frame_000086.jpg,,32.64504409326144,86,True,0.002978325902918859,0.0,1.448494102440634e-15,0.014891629514594294,False,False,False,False,False,0.2,0.12,0.18,True,False,False,True,True,,32.64504409326144,32.390025040757195,32.64504409326144,True,False,False,False,0.6015506190549833,0.5408315645180386,0.6015506190549833,False,right_only,left,none,none,0,moving_average,4,2.0,peak,9,-1,-1,9,False,0.6015506190549826,False,False,False,False,False,False,False,,
frame_000087.jpg,,32.24195407488706,87,True,0.053961514261746835,0.0,1.448494102440634e-15,0.2698075713087342,False,False,False,False,False,0.2,0.12,0.18,True,False,False,True,True,,32.24195407488706,32.42007229466252,32.24195407488706,True,False,False,False,0.6086276851615121,0.36853848010818163,0.6086276851615121,False,right_only,left,none,none,0,moving_average,4,2.0,peak,9,-1,-1,9,False,0.6086276851615121,False,False,False,False,False,False,False,,
frame_000088.jpg,,32.47770413197305,88,True,0.03593097356114217,0.0,1.448494102440634e-15,0.17965486780571086,False,False,False,False,False,0.2,0.12,0.18,True,False,False,True,True,,32.47770413197305,32.45011954856784,32.47770413197305,True,False,False,False,0.6157047512680409,0.46930531290883815,0.6157047512680409,False,right_only,left,none,none,0,moving_average,4,2.0,peak,9,-1,-1,9,False,0.6157047512680409,False,False,False,False,False,False,False,,
frame_000089.jpg,,32.49489429822664,89,True,0.012594474512837057,0.0,0.0,0.06297237256418528,False,False,False,False,False,0.2,0.12,0.18,True,False,False,True,True,,32.49489429822664,32.480166802473164,32.49489429822664,True,False,False,False,0.6227818173745696,0.4766529192258935,0.6227818173745696,False,right_only,left,none,none,0,moving_average,4,2.0,peak,9,-1,-1,9,False,0.6227818173745696,False,False,False,False,False,False,False,,
frame_000090.jpg,,32.40110458767046,90,True,0.0031613354649601398,0.0,0.0,0.0158066773248007,False,False,False,False,False,0.2,0.12,0.18,True,False,False,True,True,,32.40110458767046,32.51021405637849,32.40110458767046,True,False,False,False,0.6298588834810984,0.4365643092851142,0.6298588834810984,False,right_only,left,none,none,0,moving_average,4,2.0,peak,9,-1,-1,9,False,0.629858883481099,False,False,False,False,False,False,False,,
frame_000091.jpg,,32.482288785661325,91,True,0.07199967017960264,0.0,0.0,0.3599983508980132,False,False,False,False,False,0.2,0.12,0.18,True,False,False,True,True,,32.482288785661325,32.54026131028382,32.482288785661325,True,False,False,False,0.6369359495876289,0.4712649350500407,0.6369359495876289,False,right_only,left,none,none,0,moving_average,4,2.0,peak,9,-1,-1,9,False,0.6369359495876283,False,False,False,False,False,False,False,,
frame_000092.jpg,32.57030856418914,32.958888048627344,92,True,0.15997728299433825,0.035676023001962515,0.030525618917477834,0.7998864149716912,False,False,False,False,False,0.2,0.12,0.18,False,False,True,True,True,32.57030856418914,32.958888048627344,32.57030856418914,32.958888048627344,False,False,False,False,0.6440130156941577,0.6749781338413193,0.6440130156941577,False,both,left,none,none,0,moving_average,4,2.0,peak,9,-1,-1,9,False,0.6716320089812275,False,False,False,False,False,False,False,,
frame_000093.jpg,32.95214350443828,33.22996203838444,93,True,0.1365468942035377,0.05612706495652441,0.003989018252025172,0.6827344710176884,False,False,False,False,False,0.2,0.12,0.18,False,False,True,True,True,32.95214350443828,33.22996203838444,32.95214350443828,33.22996203838444,False,False,False,False,0.7339470616618963,0.7908435030382293,0.7339470616618963,False,both,left,none,none,0,moving_average,4,2.0,peak,9,-1,-1,9,False,0.6987879101602296,False,False,False,False,False,False,False,,
frame_000094.jpg,32.88615051584059,33.238192648550786,94,True,0.06926061703156533,0.00509206530047618,0.014088091291192567,0.34630308515782665,False,False,False,False,False,0.2,0.12,0.18,False,False,True,True,True,32.88615051584059,33.238192648550786,32.88615051584059,33.238192648550786,False,False,False,False,0.7184036531246347,0.7943615192318662,0.7184036531246347,False,both,left,none,none,0,moving_average,4,2.0,peak,9,-1,-1,9,False,0.744946712434523,False,False,False,False,False,False,False,,
frame_000095.jpg,33.15824086453397,33.25927551211849,95,True,0.04215218430051833,0.013479680788836464,0.00589792999359998,0.21076092150259162,False,False,False,False,False,0.2,0.12,0.18,False,False,True,True,True,33.15824086453397,33.25927551211849,33.15824086453397,33.25927551211849,False,False,False,False,0.7824894225170381,0.8033729842314746,0.7824894225170381,False,both,left,none,none,0,moving_average,4,2.0,peak,9,-1,-1,9,False,0.7587991333064712,False,False,False,False,False,False,False,,
frame_000096.jpg,33.12858408060819,33.10540388716265,96,True,0.024374479484320987,0.007717732560580854,0.014706345504917295,0.12187239742160492,False,False,False,False,False,0.2,0.12,0.18,False,False,True,True,True,33.12858408060819,33.10540388716265,33.12858408060819,33.10540388716265,False,False,False,False,0.775504324277741,0.7376035142413351,0.775504324277741,False,both,left,none,none,0,moving_average,4,2.0,peak,9,-1,-1,9,False,0.7780659031306055,True,False,False,False,False,False,False,1,
frame_000097.jpg,33.13155455027816,33.198620855909404,97,True,0.024502951757755905,0.0008874299660325443,0.02641954603515355,0.14677525575085307,False,False,False,False,False,0.2,0.12,0.18,False,False,True,True,True,33.13155455027816,33.198620855909404,33.13155455027816,33.198620855909404,False,False,False,False,0.7762039625970377,0.7774473166988758,0.7762039625970377,False,both,left,none,none,0,moving_average,4,2.0,peak,9,-1,-1,9,False,0.7737822742716345,False,False,False,False,False,False,False,,
frame_000098.jpg,33.10367957514192,33.201400281444975,98,True,0.010030874894557658,0.004517852161984999,0.03970287868310337,0.22057154823946318,False,False,False,False,False,0.2,0.12,0.18,False,False,True,True,True,33.10367957514192,33.201400281444975,33.10367957514192,33.201400281444975,False,False,False,False,0.7696385359401249,0.7786353287472574,0.7696385359401249,False,both,left,none,none,0,moving_average,4,2.0,peak,9,-1,-1,9,False,0.7506429165675557,False,False,False,False,False,False,False,,
frame_000099.jpg,32.8338542537245,33.21706714457197,99,True,0.05775802535111196,0.02984145076807884,0.04880406898487687,0.2887901267555598,False,False,False,False,False,0.2,0.12,0.18,False,False,True,True,True,32.8338542537245,33.21706714457197,32.8338542537245,33.21706714457197,False,False,False,False,0.7060862511655046,0.785331828407713,0.7060862511655046,False,both,left,none,none,0,moving_average,4,2.0,peak,9,-1,-1,9,False,0.6770065569841482,False,False,False,False,False,False,False,,
frame_000100.jpg,32.19363605703765,32.66820575626481,100,True,0.15146554343087096,0.04693602791063342,0.018141062106812312,0.7573277171543548,False,False,False,False,False,0.2,0.12,0.18,False,False,True,True,True,32.19363605703765,32.66820575626481,32.19363605703765,32.66820575626481,False,False,False,False,0.5552948838468154,0.550731572399668,0.5552948838468154,False,both,left,none,none,0,moving_average,4,2.0,peak,9,-1,-1,9,False,0.5809548666698879,False,False,False,False,False,False,False,,
frame_000101.jpg,31.88025330634719,32.489020920376355,101,True,0.015879737855874602,0.0013306862283625415,0.0020135991735749574,0.079398689279373,False,False,False,False,False,0.2,0.12,0.18,False,False,True,True,True,31.88025330634719,32.489020920376355,31.88025330634719,32.489020920376355,False,False,False,False,0.4814834649973439,0.4741424566999017,0.4814834649973439,False,both,left,none,none,0,moving_average,4,2.0,peak,9,-1,-1,9,False,0.5175816083328094,False,False,False,False,False,False,False,,
frame_000102.jpg,,32.410359769022804,102,True,0.03588691727571462,0.04083778728784224,0.01748592340895694,0.340314894065352,False,False,False,False,False,0.2,0.12,0.18,True,False,False,True,True,,32.410359769022804,32.02665857882251,32.410359769022804,True,False,False,False,0.5159664761542692,0.4405202587487076,0.5159664761542692,False,right_only,left,none,none,0,moving_average,4,2.0,peak,9,-1,-1,9,False,0.5159664761542694,False,False,False,False,False,False,False,,
frame_000103.jpg,32.17306385129784,32.05889426588492,103,True,0.08569337481136768,0.060916581788228424,0.023524372482017566,0.5076381815685702,False,False,False,False,False,0.2,0.12,0.18,False,False,True,True,True,32.17306385129784,32.05889426588492,32.17306385129784,32.05889426588492,False,False,False,False,0.5504494873111954,0.2902930815948294,0.5504494873111954,False,both,left,none,none,0,moving_average,4,2.0,peak,9,-1,-1,9,False,0.5020264680810724,False,False,False,False,False,False,False,,
frame_000104.jpg,31.70269711750594,32.10960133571663,104,True,0.14336561220674948,0.030090962350570207,0.06785325539864318,0.7168280610337474,False,False,False,False,False,0.2,0.12,0.18,False,False,True,True,True,31.70269711750594,32.10960133571663,31.70269711750594,32.10960133571663,False,False,False,False,0.43966344077775277,0.3119668444379892,0.43966344077775277,False,both,left,none,none,0,moving_average,4,2.0,peak,9,-1,-1,9,False,0.5181433171362395,False,False,False,False,False,False,False,,
frame_000105.jpg,32.23194155135302,31.935258881183884,105,True,0.19820163530967713,0.02043668314875449,0.022133159123113637,0.9910081765483856,False,False,False,False,False,0.2,0.12,0.18,False,False,True,True,True,32.23194155135302,31.935258881183884,32.23194155135302,31.935258881183884,False,False,False,False,0.5643170233197703,0.23744751161954653,0.5643170233197703,False,both,left,none,none,0,moving_average,4,2.0,peak,9,-1,-1,9,False,0.5364923815555798,False,False,False,False,False,False,False,,
frame_000106.jpg,32.40677892018398,32.194211349756536,106,True,0.149469808860683,0.048689468079787836,0.022844911347567335,0.747349044303415,False,False,False,False,False,0.2,0.12,0.18,False,False,True,True,True,32.40677892018398,32.194211349756536,32.40677892018398,32.194211349756536,False,False,False,False,0.6054966805692164,0.34813176945817875,0.6054966805692164,False,both,left,none,none,0,moving_average,4,2.0,peak,9,-1,-1,9,False,0.588842904343419,False,False,False,False,False,False,False,,
frame_000107.jpg,32.36949438629144,31.96357330998415,107,True,0.023870015242028704,0.00019281623853234135,0.016485870606422384,0.11935007621014351,False,False,False,False,False,0.2,0.12,0.18,False,False,True,True,True,32.36949438629144,31.96357330998415,32.36949438629144,31.96357330998415,False,False,False,False,0.5967150091412705,0.24954997024894868,0.5967150091412705,False,both,left,none,none,0,moving_average,4,2.0,peak,9,-1,-1,9,False,0.6120872722035889,False,False,False,False,False,False,False,,
frame_000108.jpg,32.52800890996605,31.994222461448707,108,True,0.0025971692698357938,0.01815407853656445,0.0036877681183013038,0.15128398780470376,False,False,False,False,False,0.2,0.12,0.18,False,False,True,True,True,32.52800890996605,31.994222461448707,32.52800890996605,31.994222461448707,False,False,False,False,0.6340501269002801,0.26265036122779245,0.6340501269002801,False,both,left,none,none,0,moving_average,4,2.0,peak,9,-1,-1,9,False,0.6625091521036234,False,False,False,False,False,False,False,,
frame_000109.jpg,33.04901074546355,32.59375676605312,109,True,0.018234898720708617,0.0030479017500374744,0.03767790578792395,0.20932169882179974,False,False,False,False,False,0.2,0.12,0.18,False,False,True,True,True,33.04901074546355,32.59375676605312,33.04901074546355,32.59375676605312,False,False,False,False,0.7567623202693197,0.5189097818068323,0.7567623202693197,False,both,left,none,none,0,moving_average,4,2.0,peak,9,-1,-1,9,False,0.7158582558129731,False,False,False,False,False,False,False,,
frame_000110.jpg,33.04901074546355,32.59375676605312,110,True,0.0,0.0,0.0,0.0,False,False,False,False,False,0.2,0.12,0.18,False,False,True,True,True,33.04901074546355,32.59375676605312,33.04901074546355,32.59375676605312,False,False,False,False,0.7567623202693197,0.5189097818068323,0.7567623202693197,False,both,left,none,none,0,moving_average,4,2.0,peak,9,-1,-1,9,False,0.7745302197616477,False,False,False,False,False,False,False,,
frame_000111.jpg,33.27532342053566,32.84004770795519,111,True,0.0045088340304967394,0.025082667532163677,0.03089017131655788,0.2090222294346973,False,False,False,False,False,0.2,0.12,0.18,False,False,True,True,True,33.27532342053566,32.84004770795519,33.27532342053566,32.84004770795519,False,False,False,False,0.8100660187463038,0.6241821133164299,0.8100660187463038,False,both,left,none,none,0,moving_average,4,2.0,peak,9,-1,-1,9,False,0.7922604803272286,False,False,False,False,False,False,False,,
frame_000112.jpg,33.2748440072993,32.89987468515627,112,True,0.004645307141605149,0.001358463720253196,0.006168865046119284,0.034271472478440465,False,False,False,False,False,0.2,0.12,0.18,False,False,True,True,True,33.2748440072993,32.89987468515627,33.2748440072993,32.89987468515627,False,False,False,False,0.8099531019660624,0.6497540053579692,0.8099531019660624,False,both,left,none,none,0,moving_average,4,2.0,peak,9,-1,-1,9,False,0.8145492391797651,False,False,False,False,False,False,False,,
frame_000113.jpg,33.332906354065614,32.90862364635486,113,True,0.004167847316219814,0.011087409025815525,0.0003849972182134809,0.09239507521512938,False,False,False,False,False,0.2,0.12,0.18,False,False,True,True,True,33.332906354065614,32.90862364635486,33.332906354065614,32.90862364635486,False,False,False,False,0.8236285968269289,0.6534935807420649,0.8236285968269289,False,both,left,none,none,0,moving_average,4,2.0,peak,9,-1,-1,9,False,0.8156397105682367,False,False,False,False,False,False,False,,
frame_000114.jpg,33.28921293500085,32.914430662635546,114,True,0.00540461093923622,9.56768140032131e-05,0.0050444686773209275,0.028024825985116266,False,False,False,False,False,0.2,0.12,0.18,False,False,True,True,True,33.28921293500085,32.914430662635546,33.28921293500085,32.914430662635546,False,False,False,False,0.8133374329117189,0.6559756782900327,0.8133374329117189,False,both,left,none,none,0,moving_average,4,2.0,peak,9,-1,-1,9,False,0.8185535414880915,True,False,False,False,False,False,False,2,
frame_000115.jpg,33.311957953743274,32.99772205559379,115,True,0.007222529232062982,0.006692266865133342,0.003052434612143164,0.05576889054277785,False,False,False,False,False,0.2,0.12,0.18,False,False,True,True,True,33.311957953743274,32.99772205559379,33.311957953743274,32.99772205559379,False,False,False,False,0.8186945947256267,0.691576984061492,0.8186945947256267,False,both,left,none,none,0,moving_average,4,2.0,peak,9,-1,-1,9,False,0.7967630558558483,False,False,False,False,False,False,False,,
frame_000116.jpg,33.05535733389681,32.918997194605495,116,True,0.008032724626009295,0.00596224482386849,0.009617396958133125,0.053429983100739584,False,False,False,False,False,0.2,0.12,0.18,False,False,True,True,True,33.05535733389681,32.918997194605495,33.05535733389681,32.918997194605495,False,False,False,False,0.758257139930199,0.6579275546508809,0.758257139930199,False,both,left,none,none,0,moving_average,4,2.0,peak,9,-1,-1,9,False,0.7699134203721587,False,False,False,False,False,False,False,,
frame_000117.jpg,32.94722468626899,32.683816401739804,117,True,0.009827053834931182,0.0019240965577358052,0.010722527769884783,0.059569598721582136,False,False,False,False,False,0.2,0.12,0.18,False,False,True,True,True,32.94722468626899,32.683816401739804,32.94722468626899,32.683816401739804,False,False,False,False,0.7327885264606505,0.5574040429047981,0.7327885264606505,False,both,left,none,none,0,moving_average,4,2.0,peak,9,-1,-1,9,False,0.7334813055929041,False,False,False,False,False,False,False,,
frame_000118.jpg,32.84791608105103,32.34532957436757,118,True,0.012539012162890988,0.014737366321427166,0.015948558903372483,0.12281138601189305,False,False,False,False,False,0.2,0.12,0.18,False,False,True,True,True,32.84791608105103,32.34532957436757,32.84791608105103,32.34532957436757,False,False,False,False,0.7093982503878631,0.41272435136774677,0.7093982503878631,False,both,left,none,none,0,moving_average,4,2.0,peak,9,-1,-1,9,False,0.7126990487344178,False,False,False,False,False,False,False,,
frame_000119.jpg,32.790650290404656,32.15985750205863,119,True,0.006871622199393896,0.014994049554121073,0.012037293776019909,0.12495041295100895,False,False,False,False,False,0.2,0.12,0.18,False,False,True,True,True,32.790650290404656,32.15985750205863,32.790650290404656,32.15985750205863,False,False,False,False,0.69591036935474,0.3334478772469813,0.69591036935474,False,both,left,none,none,0,moving_average,4,2.0,peak,9,-1,-1,9,False,0.6958787133284915,False,False,False,False,False,False,False,,
frame_000120.jpg,32.732981291715284,31.99225711554633,120,True,0.005056048721213865,0.004118316541908768,0.00011861526226238399,0.0343193045159064,False,False,False,False,False,0.2,0.12,0.18,False,False,True,True,True,32.732981291715284,31.99225711554633,32.732981291715284,31.99225711554633,False,False,False,False,0.6823275202428714,0.2618103118789685,0.6823275202428714,False,both,left,none,none,0,moving_average,4,2.0,peak,9,-1,-1,9,False,0.6872296324975928,False,False,False,False,False,False,False,,
frame_000121.jpg,32.73775130774168,31.95324249567184,121,True,0.0031162891588677635,0.005938653300404049,0.003380284742406068,0.04948877750336708,False,False,False,False,False,0.2,0.12,0.18,False,False,True,True,True,32.73775130774168,31.95324249567184,32.73775130774168,31.95324249567184,False,False,False,False,0.6834510078951671,0.24513426214108902,0.6834510078951671,False,both,left,none,none,0,moving_average,4,2.0,peak,9,-1,-1,9,False,0.705238124667198,False,False,False,False,False,False,False,,
frame_000122.jpg,33.02002743420707,32.66230270423355,122,True,0.05452914717048355,0.007504129154140157,0.04547822828826072,0.27264573585241775,False,False,False,False,False,0.2,0.12,0.18,False,False,True,True,True,33.02002743420707,32.66230270423355,33.02002743420707,32.66230270423355,False,False,False,False,0.7499358458635559,0.5482084262151008,0.7499358458635559,False,both,left,none,none,0,moving_average,4,2.0,peak,9,-1,-1,9,False,0.7267987332600951,False,False,False,False,False,False,False,,
frame_000123.jpg,33.00760233000674,32.820324387236106,123,True,0.005010994125741558,0.007683867328457254,0.004021791753023758,0.06403222773714379,False,False,False,False,False,0.2,0.12,0.18,False,False,True,True,True,33.00760233000674,32.820324387236106,33.00760233000674,32.820324387236106,False,False,False,False,0.7470093460215627,0.615751758788672,0.7470093460215627,False,both,left,none,none,0,moving_average,4,2.0,peak,9,-1,-1,9,False,0.7538881885214945,False,False,False,False,False,False,False,,
frame_000124.jpg,33.0827941806542,33.01406282640141,124,True,0.021749549928340974,0.012575594113217623,0.005351789983484179,0.10874774964170486,False,False,False,False,False,0.2,0.12,0.18,False,False,True,True,True,33.0827941806542,33.01406282640141,33.0827941806542,33.01406282640141,False,False,False,False,0.7647193736793653,0.6985615326132846,0.7647193736793653,False,both,left,none,none,0,moving_average,4,2.0,peak,9,-1,-1,9,False,0.7708126044687045,False,False,False,False,False,False,False,,
frame_000125.jpg,33.235596519832534,32.7922853445284,125,True,0.09212889855367852,0.01854301542172822,0.029015116966851374,0.4606444927683926,False,False,False,False,False,0.2,0.12,0.18,False,False,True,True,True,33.235596519832534,32.7922853445284,33.235596519832534,32.7922853445284,False,False,False,False,0.8007090937051856,0.6037670086539685,0.8007090937051856,False,both,left,none,none,0,moving_average,4,2.0,peak,9,-1,-1,9,False,0.8009279862218187,False,False,False,False,False,False,False,,
frame_000126.jpg,33.39118692920532,32.909087242111504,126,True,0.04600923316652625,0.0399188273484987,0.011108028630388875,0.3326568945708225,False,False,False,False,False,0.2,0.12,0.18,False,False,True,True,True,33.39118692920532,32.909087242111504,33.39118692920532,32.909087242111504,False,False,False,False,0.8373554912809055,0.6536917358418942,0.8373554912809055,False,both,left,none,none,0,moving_average,4,2.0,peak,9,-1,-1,9,False,0.8019464313755823,True,False,False,False,False,False,False,3,
frame_000127.jpg,33.09576628505303,32.445999405932234,127,True,0.10259665911734786,0.03669367545233909,0.053220685452442566,0.5129832955867393,False,False,False,False,False,0.2,0.12,0.18,False,False,True,True,True,33.09576628505303,32.445999405932234,33.09576628505303,32.445999405932234,False,False,False,False,0.7677747091406559,0.4557537368564934,0.7677747091406559,False,both,left,none,none,0,moving_average,4,2.0,peak,9,-1,-1,9,False,0.7300871362939747,False,False,False,False,False,False,False,,
frame_000128.jpg,32.3203127911207,32.519650263606806,128,True,0.11950919365150772,0.0069656164295887725,0.05842463109568174,0.5975459682575386,False,False,False,False,False,0.2,0.12,0.18,False,False,True,True,True,32.3203127911207,32.519650263606806,32.3203127911207,32.519650263606806,False,False,False,False,0.5851312084603628,0.4872343810296213,0.5851312084603628,False,both,left,none,none,0,moving_average,4,2.0,peak,9,-1,-1,9,False,0.6463520939512377,False,False,False,False,False,False,False,,
frame_000129.jpg,,32.52478972649038,129,True,0.11849968186114614,0.012050086169984939,0.012922078623350295,0.5924984093057306,False,False,False,False,True,0.2,0.12,0.18,True,False,False,True,True,,32.52478972649038,32.324639843093976,32.52478972649038,True,False,False,True,0.5861503642526944,0.48943114570266505,0.5861503642526944,False,right_only,left,none,none,0,moving_average,4,2.0,peak,9,-1,-1,9,False,0.5861503642526944,False,False,False,False,False,False,False,,
frame_000130.jpg,,32.89590422410381,130,True,0.23413303112270847,0.0,1.448494102440634e-15,1.1706651556135423,True,False,False,True,True,0.2,0.12,0.18,True,False,False,True,True,,32.89590422410381,32.32896689506725,32.89590422410381,True,False,False,True,0.587169520045026,0.6480569080594141,0.587169520045026,False,right_only,left,none,none,0,moving_average,4,2.0,peak,9,-1,-1,9,False,0.5871695200450265,False,False,False,False,False,False,False,,
frame_000131.jpg,,32.89590422410381,131,True,0.0,0.0,0.0,0.0,False,False,False,False,True,0.2,0.12,0.18,True,False,False,True,True,,32.89590422410381,32.33329394704054,32.89590422410381,True,False,False,True,0.5881886758373593,0.6480569080594141,0.5881886758373593,False,right_only,left,none,none,0,moving_average,4,2.0,peak,9,-1,-1,9,False,0.5881886758373587,False,False,False,False,False,False,False,,
frame_000132.jpg,,32.81925455395943,132,True,0.4278689583208331,0.0,0.0,2.1393447916041652,True,False,False,True,True,0.2,0.12,0.18,True,False,False,True,True,,32.81925455395943,32.337620999013815,32.81925455395943,True,False,False,True,0.5892078316296909,0.6152944791076078,0.5892078316296909,False,right_only,left,none,none,0,moving_average,4,2.0,peak,9,-1,-1,9,False,0.5892078316296909,False,False,False,False,False,False,False,,
frame_000133.jpg,,,133,False,,,,0.0,False,False,False,False,True,0.2,0.12,0.18,True,True,False,False,False,,,32.34194805098709,32.76377997362188,True,True,False,False,0.5902269874220225,0.5915829354895215,0.5902269874220225,False,missing,left,none,none,0,moving_average,4,2.0,peak,9,-1,-1,9,False,0.5902269874220231,False,False,False,False,False,False,False,,
frame_000134.jpg,,,134,False,,,,0.0,False,False,False,False,False,0.2,0.12,0.18,True,True,False,False,False,,,32.34627510296038,32.70830539328433,True,True,False,False,0.5912461432143558,0.567871391871435,0.5912461432143558,False,missing,left,none,none,0,moving_average,4,2.0,peak,9,-1,-1,9,False,0.5912461432143552,False,False,False,False,False,False,False,,
frame_000135.jpg,,,135,False,,,,0.0,False,False,False,False,False,0.2,0.12,0.18,True,True,False,False,False,,,32.350602154933654,32.652830812946775,True,True,False,False,0.5922652990066875,0.5441598482533486,0.5922652990066875,False,missing,left,none,none,0,moving_average,4,2.0,peak,9,-1,-1,9,False,0.5922652990066875,False,False,False,False,False,False,False,,
frame_000136.jpg,,,136,False,,,,0.0,False,False,False,False,False,0.2,0.12,0.18,True,True,False,False,False,,,32.35492920690693,32.59735623260922,True,True,False,False,0.593284454799019,0.5204483046352621,0.593284454799019,False,missing,left,none,none,0,moving_average,4,2.0,peak,9,-1,-1,9,False,0.593284454799019,False,False,False,False,False,False,False,,
frame_000137.jpg,,,137,False,,,,0.0,False,False,False,False,False,0.2,0.12,0.18,True,True,False,False,False,,,32.35925625888021,32.54188165227167,True,True,False,False,0.5943036105913506,0.4967367610171758,0.5943036105913506,False,missing,left,none,none,0,moving_average,4,2.0,peak,9,-1,-1,9,False,0.5943036105913506,False,False,False,False,False,False,False,,
frame_000138.jpg,,,138,False,,,,0.0,False,False,False,False,False,0.2,0.12,0.18,True,True,False,False,False,,,32.363583310853485,32.48640707193412,True,True,False,False,0.5953227663836822,0.47302521739908937,0.5953227663836822,False,missing,left,none,none,0,moving_average,4,2.0,peak,9,-1,-1,9,False,0.5953227663836826,False,False,False,False,False,False,False,,
frame_000139.jpg,,,139,False,,,,0.0,False,False,False,False,False,0.2,0.12,0.18,True,True,False,False,False,,,32.36791036282677,32.430932491596565,True,True,False,False,0.5963419221760154,0.449313673781003,0.5963419221760154,False,missing,left,none,none,0,moving_average,4,2.0,peak,9,-1,-1,9,False,0.5963419221760149,False,False,False,False,False,False,False,,
frame_000140.jpg,,,140,False,,,,0.0,False,False,False,False,False,0.2,0.12,0.18,True,True,False,False,False,,,32.37223741480005,32.37545791125901,True,True,False,False,0.5973610779683471,0.4256021301629166,0.5973610779683471,False,missing,left,none,none,0,moving_average,4,2.0,peak,9,-1,-1,9,False,0.5973610779683471,False,False,False,False,False,False,False,,
frame_000141.jpg,,,141,False,,,,0.0,False,False,False,False,False,0.2,0.12,0.18,True,True,False,False,False,,,32.376564466773324,32.31998333092146,True,True,False,False,0.5983802337606787,0.4018905865448302,0.5983802337606787,False,missing,left,none,none,0,moving_average,4,2.0,peak,9,-1,-1,9,False,0.5983802337606793,False,False,False,False,False,False,False,,
frame_000142.jpg,,,142,False,,,,0.0,False,False,False,False,False,0.2,0.12,0.18,True,True,False,False,False,,,32.38089151874661,32.26450875058391,True,True,False,False,0.599399389553012,0.37817904292674376,0.599399389553012,False,missing,left,none,none,0,moving_average,4,2.0,peak,9,-1,-1,9,False,0.5993993895530114,False,False,False,False,False,False,False,,
frame_000143.jpg,,,143,False,,,,0.0,False,False,False,False,False,0.2,0.12,0.18,True,True,False,False,False,,,32.385218570719886,32.209034170246355,True,True,False,False,0.6004185453453436,0.3544674993086574,0.6004185453453436,False,missing,left,none,none,0,moving_average,4,2.0,peak,9,-1,-1,9,False,0.6004185453453436,False,False,False,False,False,False,False,,
frame_000144.jpg,,,144,False,,,,0.0,False,False,False,False,False,0.2,0.12,0.18,True,True,False,False,False,,,32.38954562269316,32.1535595899088,True,True,False,False,0.6014377011376753,0.330755955690571,0.6014377011376753,False,missing,left,none,none,0,moving_average,4,2.0,peak,9,-1,-1,9,False,0.6014377011376751,False,False,False,False,False,False,False,,
frame_000145.jpg,,,145,False,,,,0.0,False,False,False,False,False,0.2,0.12,0.18,True,True,False,False,False,,,32.39387267466644,32.09808500957125,True,True,False,False,0.6024568569300068,0.30704441207248456,0.6024568569300068,False,missing,left,none,none,0,moving_average,4,2.0,peak,9,-1,-1,9,False,0.6024568569300068,False,False,False,False,False,False,False,,
frame_000146.jpg,,32.0426104292337,146,True,,,,0.0,False,False,False,False,False,0.2,0.12,0.18,True,False,False,True,True,,32.0426104292337,32.39819972663972,32.0426104292337,True,False,False,False,0.6034760127223384,0.28333286845439815,0.6034760127223384,False,right_only,left,none,none,0,moving_average,4,2.0,peak,9,-1,-1,9,False,0.603476012722339,False,False,False,False,False,False,False,,
frame_000147.jpg,,32.49440448790404,147,True,0.05615971550322423,0.0,0.0,0.28079857751612114,False,False,False,False,False,0.2,0.12,0.18,True,False,False,True,True,,32.49440448790404,32.402526778613,32.49440448790404,True,False,False,False,0.6044951685146717,0.47644355921346604,0.6044951685146717,False,right_only,left,none,none,0,moving_average,4,2.0,peak,9,-1,-1,9,False,0.6044951685146711,False,False,False,False,False,False,False,,
frame_000148.jpg,,33.09041781802216,148,True,0.10584356173852534,0.0,1.448494102440634e-15,0.5292178086926267,False,False,False,False,False,0.2,0.12,0.18,True,False,False,True,True,,33.09041781802216,32.40685383058628,33.09041781802216,True,False,False,False,0.6055143243070034,0.7311980068913702,0.6055143243070034,False,right_only,left,none,none,0,moving_average,4,2.0,peak,9,-1,-1,9,False,0.6055143243070034,False,False,False,False,False,False,False,,
frame_000149.jpg,,,149,False,,,,0.0,False,False,False,False,False,0.2,0.12,0.18,True,True,False,False,False,,,32.411180882559556,33.0133296071623,True,True,False,False,0.6065334800993349,0.6982481321357331,0.6065334800993349,False,missing,left,none,none,0,moving_average,4,2.0,peak,9,-1,-1,9,False,0.6065334800993354,False,False,False,False,False,False,False,,
frame_000150.jpg,,,150,False,,,,0.0,False,False,False,False,False,0.2,0.12,0.18,True,True,False,False,False,,,32.41550793453284,32.93624139630243,True,True,False,False,0.6075526358916682,0.6652982573800932,0.6075526358916682,False,missing,left,none,none,0,moving_average,4,2.0,peak,9,-1,-1,9,False,0.6075526358916676,False,False,False,False,False,False,False,,
frame_000151.jpg,,,151,False,,,,0.0,False,False,False,False,False,0.2,0.12,0.18,True,True,False,False,False,,,32.41983498650612,32.859153185442565,True,True,False,False,0.6085717916839998,0.6323483826244561,0.6085717916839998,False,missing,left,none,none,0,moving_average,4,2.0,peak,9,-1,-1,9,False,0.6085717916839998,False,False,False,False,False,False,False,,
frame_000152.jpg,,,152,False,,,,0.0,False,False,False,False,False,0.2,0.12,0.18,True,True,False,False,False,,,32.424162038479395,32.782064974582696,True,True,False,False,0.6095909474763315,0.5993985078688161,0.6095909474763315,False,missing,left,none,none,0,moving_average,4,2.0,peak,9,-1,-1,9,False,0.6095909474763315,False,False,False,False,False,False,False,,
frame_000153.jpg,,,153,False,,,,0.0,False,False,False,False,False,0.2,0.12,0.18,True,True,False,False,False,,,32.42848909045267,32.70497676372283,True,True,False,False,0.610610103268663,0.5664486331131791,0.610610103268663,False,missing,left,none,none,0,moving_average,4,2.0,peak,9,-1,-1,9,False,0.610610103268663,False,False,False,False,False,False,False,,
frame_000154.jpg,,,154,False,,,,0.0,False,False,False,False,False,0.2,0.12,0.18,True,True,False,False,False,,,32.43281614242595,32.62788855286296,True,True,False,False,0.6116292590609946,0.533498758357539,0.6116292590609946,False,missing,left,none,none,0,moving_average,4,2.0,peak,9,-1,-1,9,False,0.6116292590609952,False,False,False,False,False,False,False,,
frame_000155.jpg,,,155,False,,,,0.0,False,False,False,False,False,0.2,0.12,0.18,True,True,False,False,False,,,32.43714319439923,32.5508003420031,True,True,False,False,0.6126484148533279,0.5005488836019021,0.6126484148533279,False,missing,left,none,none,0,moving_average,4,2.0,peak,9,-1,-1,9,False,0.6126484148533273,False,False,False,False,False,False,False,,
frame_000156.jpg,,,156,False,,,,0.0,False,False,False,False,False,0.2,0.12,0.18,True,True,False,False,False,,,32.44147024637251,32.47371213114323,True,True,False,False,0.6136675706456596,0.46759900884626204,0.6136675706456596,False,missing,left,none,none,0,moving_average,4,2.0,peak,9,-1,-1,9,False,0.6136675706456595,False,False,False,False,False,False,False,,
frame_000157.jpg,,,157,False,,,,0.0,False,False,False,False,False,0.2,0.12,0.18,True,True,False,False,False,,,32.44579729834579,32.39662392028337,True,True,False,False,0.6146867264379912,0.43464913409062506,0.6146867264379912,False,missing,left,none,none,0,moving_average,4,2.0,peak,9,-1,-1,9,False,0.6146867264379917,False,False,False,False,False,False,False,,
frame_000158.jpg,,,158,False,,,,0.0,False,False,False,False,False,0.2,0.12,0.18,True,True,False,False,False,,,32.45012435031907,32.3195357094235,True,True,False,False,0.6157058822303244,0.401699259334985,0.6157058822303244,False,missing,left,none,none,0,moving_average,4,2.0,peak,9,-1,-1,9,False,0.6157058822303239,False,False,False,False,False,False,False,,
frame_000159.jpg,,,159,False,,,,0.0,False,False,False,False,False,0.2,0.12,0.18,True,True,False,False,False,,,32.45445140229235,32.242447498563635,True,True,False,False,0.616725038022656,0.368749384579348,0.616725038022656,False,missing,left,none,none,0,moving_average,4,2.0,peak,9,-1,-1,9,False,0.616725038022656,False,False,False,False,False,False,False,,
frame_000160.jpg,,,160,False,,,,0.0,False,False,False,False,False,0.2,0.12,0.18,True,True,False,False,False,,,32.45877845426563,32.16535928770377,True,True,False,False,0.6177441938149877,0.33579950982371104,0.6177441938149877,False,missing,left,none,none,0,moving_average,4,2.0,peak,9,-1,-1,9,False,0.6177441938149877,False,False,False,False,False,False,False,,
frame_000161.jpg,,,161,False,,,,0.0,False,False,False,False,False,0.2,0.12,0.18,True,True,False,False,False,,,32.463105506238904,32.0882710768439,True,True,False,False,0.6187633496073193,0.302849635068071,0.6187633496073193,False,missing,left,none,none,0,moving_average,4,2.0,peak,9,-1,-1,9,False,0.6187633496073193,False,False,False,False,False,False,False,,
frame_000162.jpg,,,162,False,,,,0.0,False,False,False,False,False,0.2,0.12,0.18,True,True,False,False,False,,,32.46743255821218,32.01118286598404,True,True,False,False,0.6197825053996509,0.269899760312434,0.6197825053996509,False,missing,left,none,none,0,moving_average,4,2.0,peak,9,-1,-1,9,False,0.6197825053996513,False,False,False,False,False,False,False,,
frame_000163.jpg,,,163,False,,,,0.0,False,False,False,False,False,0.2,0.12,0.18,True,True,False,False,False,,,32.471759610185465,31.93409465512417,True,True,False,False,0.6208016611919841,0.23694988555679394,0.6208016611919841,False,missing,left,none,none,0,moving_average,4,2.0,peak,9,-1,-1,9,False,0.6208016611919835,False,False,False,False,False,False,False,,
frame_000164.jpg,32.47608666215874,,164,True,,,,0.0,False,False,False,False,False,0.2,0.12,0.18,False,True,True,False,True,32.47608666215874,,32.47608666215874,31.857006444264307,False,True,False,False,0.6218208169843158,0.20400001080115696,0.6218208169843158,False,left_only,left,none,none,0,moving_average,4,2.0,peak,9,-1,-1,9,False,0.6252889207378257,False,False,False,False,False,False,False,,
frame_000165.jpg,,,165,False,,,,0.0,False,False,False,False,False,0.2,0.12,0.18,True,True,False,False,False,,,32.52458752534833,31.77991823340444,True,True,False,False,0.6332442840371773,0.17105013604551844,0.6332442840371773,False,missing,left,none,none,0,moving_average,4,2.0,peak,9,-1,-1,9,False,0.6332442840371773,False,False,False,False,False,False,False,,
frame_000166.jpg,,,166,False,,,,0.0,False,False,False,False,False,0.2,0.12,0.18,True,True,False,False,False,,,32.57308838853792,31.702830022544575,True,True,False,False,0.6446677510900387,0.13810026128987993,0.6446677510900387,False,missing,left,none,none,0,moving_average,4,2.0,peak,9,-1,-1,9,False,0.6446677510900387,False,False,False,False,False,False,False,,
frame_000167.jpg,,,167,False,,,,0.0,False,False,False,False,False,0.2,0.12,0.18,True,True,False,False,False,,,32.62158925172751,31.62574181168471,True,True,False,False,0.6560912181429002,0.10515038653424141,0.6560912181429002,False,missing,left,none,none,0,moving_average,4,2.0,peak,9,-1,-1,9,False,0.6560912181429002,False,False,False,False,False,False,False,,
frame_000168.jpg,,,168,False,,,,0.0,False,False,False,False,False,0.2,0.12,0.18,True,True,False,False,False,,,32.670090114917095,31.548653600824842,True,True,False,False,0.6675146851957617,0.0722005117786029,0.6675146851957617,False,missing,left,none,none,0,moving_average,4,2.0,peak,9,-1,-1,9,False,0.6675146851957612,False,False,False,False,False,False,False,,
frame_000169.jpg,,31.471565389964976,169,True,,,,0.0,False,False,False,False,True,0.2,0.12,0.18,True,False,False,True,True,,31.471565389964976,32.718590978106675,31.471565389964976,True,False,False,True,0.6789381522486215,0.039250637022964385,0.6789381522486215,False,right_only,left,none,none,0,moving_average,4,2.0,peak,9,-1,-1,9,False,0.6789381522486221,False,False,False,False,False,False,False,,
frame_000170.jpg,,31.888061451992726,170,True,0.7383509703378598,0.0,0.0,3.6917548516892986,True,False,False,True,True,0.2,0.12,0.18,True,False,False,True,True,,31.888061451992726,32.76709184129626,31.888061451992726,True,False,False,True,0.690361619301483,0.21727387724290004,0.690361619301483,False,right_only,left,none,none,0,moving_average,4,2.0,peak,9,-1,-1,9,False,0.690361619301483,False,False,False,False,False,False,False,,
frame_000171.jpg,,,171,False,,,,0.0,False,False,False,False,True,0.2,0.12,0.18,True,True,False,False,False,,,32.81559270448585,32.14781420390774,True,True,False,False,0.7017850863543446,0.3283002008216216,0.7017850863543446,False,missing,left,none,none,0,moving_average,4,2.0,peak,9,-1,-1,9,False,0.7017850863543444,False,False,False,False,False,False,False,,
frame_000172.jpg,,,172,False,,,,0.0,False,False,False,False,False,0.2,0.12,0.18,True,True,False,False,False,,,32.86409356767544,32.40756695582275,True,True,False,False,0.713208553407206,0.43932652440034003,0.713208553407206,False,missing,left,none,none,0,moving_average,4,2.0,peak,9,-1,-1,9,False,0.7132085534072059,False,False,False,False,False,False,False,,
frame_000173.jpg,32.91259443086503,32.66731970773777,173,True,,,,0.0,False,False,False,False,True,0.2,0.12,0.18,False,False,True,True,True,32.91259443086503,32.66731970773777,32.91259443086503,32.66731970773777,False,False,True,True,0.7246320204600675,0.5503528479790616,0.7246320204600675,False,both,left,none,none,0,moving_average,4,2.0,peak,9,-1,-1,9,False,0.7582493827850612,False,False,False,False,False,False,False,,
frame_000174.jpg,33.38928519910912,33.47895764013686,174,True,0.2600957526056309,0.040157928122545115,0.012340402045750688,1.3004787630281545,True,False,False,True,True,0.2,0.12,0.18,False,False,True,True,True,33.38928519910912,33.47895764013686,33.38928519910912,33.47895764013686,False,False,True,True,0.8369075744879102,0.8972718894404156,0.8369075744879102,False,both,left,none,none,0,moving_average,4,2.0,peak,9,-1,-1,9,False,0.8281579969287125,False,False,False,False,False,False,False,,
frame_000175.jpg,33.754531150590935,,175,True,0.5002775920888416,0.11897986268126541,0.0010689897159535883,2.501387960444208,True,False,False,True,True,0.2,0.12,0.18,False,True,True,False,True,33.754531150590935,,33.754531150590935,33.590530339275865,False,True,True,False,0.92293439583816,0.9449614962139029,0.92293439583816,False,left_only,left,none,none,0,moving_average,4,2.0,peak,9,-1,-1,9,False,0.913962685679265,False,False,False,False,False,False,False,,
frame_000176.jpg,34.00550294564206,33.70210303841487,176,True,0.10935312470045652,0.007364083532877284,0.02305096195833056,0.5467656235022825,False,False,False,False,True,0.2,0.12,0.18,False,False,True,True,True,34.00550294564206,33.70210303841487,34.00550294564206,33.70210303841487,False,False,True,True,0.982046086711725,0.9926511029873902,0.982046086711725,False,both,left,none,none,0,moving_average,4,2.0,peak,9,-1,-1,9,False,0.9634118524906328,False,False,False,False,False,False,False,,
frame_000177.jpg,34.01912741686817,33.593192557752694,177,True,0.08747988861165933,0.006920046764399699,0.013490895676328265,0.4373994430582966,False,False,False,False,False,0.2,0.12,0.18,False,False,True,True,True,34.01912741686817,33.593192557752694,34.01912741686817,33.593192557752694,False,False,False,False,0.9852550749220134,0.9460994103567425,0.9852550749220134,False,both,left,none,none,0,moving_average,4,2.0,peak,9,-1,-1,9,False,0.9871212571937702,False,False,False,False,False,False,False,,
frame_000178.jpg,34.05652176040113,33.719296224328225,178,True,0.08998190486748928,0.022673697526570388,0.010886743129014465,0.44990952433744635,False,False,False,False,False,0.2,0.12,0.18,False,False,True,True,True,34.05652176040113,33.719296224328225,34.05652176040113,33.719296224328225,False,False,False,False,0.9940626099475723,1.0,0.9940626099475723,False,both,left,none,none,0,moving_average,4,2.0,peak,9,-1,-1,9,False,0.9889165260753778,False,False,False,False,False,False,False,,
frame_000179.jpg,34.02836958236779,,179,True,0.07525525660316301,0.03695782782384731,0.02044680941101676,0.37627628301581506,False,False,False,False,False,0.2,0.12,0.18,False,True,True,False,True,34.02836958236779,,34.02836958236779,33.63583523312537,False,True,False,False,0.987431893356548,0.9643262027171102,0.987431893356548,False,left_only,left,none,none,0,moving_average,4,2.0,peak,9,-1,-1,9,False,0.9934524920299908,True,False,False,False,False,False,False,4,
frame_000180.jpg,34.07690276559005,,180,True,0.02290410172925267,3.33066907387547e-16,1.4510961876545991e-15,0.11452050864626334,False,False,False,False,False,0.2,0.12,0.18,False,True,True,False,True,34.07690276559005,,34.07690276559005,33.552374241922514,False,True,False,False,0.9988629727858521,0.9286524054342203,0.9988629727858521,False,left_only,left,none,none,0,moving_average,4,2.0,peak,9,-1,-1,9,False,0.9643511131621199,False,False,False,False,False,False,False,,
frame_000181.jpg,33.68585268369239,,181,True,0.010982452867494292,4.440892098500625e-16,1.734723475976807e-18,0.054912264337471456,False,False,False,False,False,0.2,0.12,0.18,False,True,True,False,True,33.68585268369239,,33.68585268369239,33.46891325071966,False,True,False,False,0.9067584733439596,0.8929786081513306,0.9067584733439596,False,left_only,left,none,none,0,moving_average,4,2.0,peak,9,-1,-1,9,False,0.9323125873170961,False,False,False,False,False,False,False,,
frame_000182.jpg,33.62028957873623,,182,True,0.01084393393707167,3.33066907387547e-16,1.734723475976807e-18,0.05421966968535835,False,False,False,False,False,0.2,0.12,0.18,False,True,True,False,True,33.62028957873623,,33.62028957873623,33.3854522595168,False,True,False,False,0.8913163158214766,0.8573048108684408,0.8913163158214766,False,left_only,left,none,none,0,moving_average,4,2.0,peak,9,-1,-1,9,False,0.9106982171935595,False,False,False,False,False,False,False,,
frame_000183.jpg,33.801596957789386,,183,True,0.02923382352167348,0.0,1.4493614641786223e-15,0.1461691176083674,False,False,False,False,False,0.2,0.12,0.18,False,True,True,False,True,33.801596957789386,,33.801596957789386,33.30199126831395,False,True,False,False,0.9340198624152424,0.8216310135855509,0.9340198624152424,False,left_only,left,none,none,0,moving_average,4,2.0,peak,9,-1,-1,9,False,0.9213289586731416,False,False,False,False,False,False,False,,
frame_000184.jpg,33.8212581964984,33.21853027711109,184,True,0.019120033422120607,0.01426471873646899,0.0010209269386399343,0.1188726561372416,False,False,False,False,False,0.2,0.12,0.18,False,False,True,True,True,33.8212581964984,33.21853027711109,33.8212581964984,33.21853027711109,False,False,False,False,0.9386506977827059,0.7859572163026611,0.9386506977827059,False,both,left,none,none,0,moving_average,4,2.0,peak,9,-1,-1,9,False,0.93175633650993,False,False,False,False,False,False,False,,
frame_000185.jpg,33.75310481518273,33.1155806883003,185,True,0.015490962349618265,0.01890273169460717,0.0007718184386520935,0.15752276412172642,False,False,False,False,False,0.2,0.12,0.18,False,False,True,True,True,33.75310481518273,33.1155806883003,33.75310481518273,33.1155806883003,False,False,False,False,0.9225984493318419,0.7419533923765023,0.9225984493318419,False,both,left,none,none,0,moving_average,4,2.0,peak,9,-1,-1,9,False,0.9038068356001827,False,False,False,False,False,False,False,,
frame_000186.jpg,33.44559954118161,,186,True,0.03188880848671403,0.03030717144040366,0.0494552590524721,0.27475143918040057,False,False,False,False,False,0.2,0.12,0.18,False,True,True,False,True,33.44559954118161,,33.44559954118161,32.8985860548511,False,True,False,False,0.8501713596860005,0.6492032050904832,0.8501713596860005,False,left_only,left,none,none,0,moving_average,4,2.0,peak,9,-1,-1,9,False,0.8599413816999495,False,False,False,False,False,False,False,,
frame_000187.jpg,33.262536653769004,32.681591421401905,187,True,0.03307123781862036,0.010663678107707473,0.046259734950014036,0.256998527500078,False,False,False,False,False,0.2,0.12,0.18,False,False,True,True,True,33.262536653769004,32.681591421401905,33.262536653769004,32.681591421401905,False,False,False,False,0.8070543360820062,0.5564530178044642,0.8070543360820062,False,both,left,none,none,0,moving_average,4,2.0,peak,9,-1,-1,9,False,0.8176322250493999,False,False,False,False,False,False,False,,
frame_000188.jpg,33.21420608797159,32.583255906573186,188,True,0.015403315158621214,0.01021048950987059,0.0026497569735291493,0.08508741258225491,False,False,False,False,False,0.2,0.12,0.18,False,False,True,True,True,33.21420608797159,32.583255906573186,33.21420608797159,32.583255906573186,False,False,False,False,0.795670979380193,0.5144213911588859,0.795670979380193,False,both,left,none,none,0,moving_average,4,2.0,peak,9,-1,-1,9,False,0.8010902992226784,False,False,False,False,False,False,False,,
frame_000189.jpg,33.23490229549388,32.59965038601063,189,True,0.0013098844655967062,0.0021820396085464257,0.005207316450065634,0.028929535833697968,False,False,False,False,False,0.2,0.12,0.18,False,False,True,True,True,33.23490229549388,32.59965038601063,33.23490229549388,32.59965038601063,False,False,False,False,0.8005455822058359,0.5214288964326776,0.8005455822058359,False,both,left,none,none,0,moving_average,4,2.0,peak,9,-1,-1,9,False,0.7967767117611045,False,False,False,False,False,False,False,,
frame_000190.jpg,33.207593776699724,32.6630723007664,190,True,0.005700129654262951,0.018109491977321472,0.01154363155336261,0.1509124331443456,False,False,False,False,False,0.2,0.12,0.18,False,False,True,True,True,33.207593776699724,32.6630723007664,33.207593776699724,32.6630723007664,False,False,False,False,0.7941135736972847,0.5485373754680034,0.7941135736972847,False,both,left,none,none,0,moving_average,4,2.0,peak,9,-1,-1,9,False,0.8277026747239282,False,False,False,False,False,False,False,,
frame_000191.jpg,33.60811519412788,,191,True,0.027859695094050098,0.10027624185783335,0.022845337579401843,0.8356353488152779,False,False,False,False,False,0.2,0.12,0.18,False,True,True,False,True,33.60811519412788,,33.60811519412788,32.6670388136444,False,True,False,False,0.8884488682686642,0.550232785195236,0.8884488682686642,False,left_only,left,none,none,0,moving_average,4,2.0,peak,9,-1,-1,9,False,0.8689037266289787,False,False,False,False,False,False,False,,
frame_000192.jpg,33.7596869092544,,192,True,0.016924546319909993,3.33066907387547e-16,1.4476267407026455e-15,0.08462273159954996,False,False,False,False,False,0.2,0.12,0.18,False,True,True,False,True,33.7596869092544,,33.7596869092544,32.6710053265224,False,True,False,False,0.9241487379209874,0.5519281949224656,0.9241487379209874,False,left_only,left,none,none,0,moving_average,4,2.0,peak,9,-1,-1,9,False,0.9057584387865801,False,False,False,False,False,False,False,,
frame_000193.jpg,33.67701834210775,,193,True,0.00944968591724598,4.440892098500625e-16,1.4476267407026455e-15,0.0472484295862299,False,False,False,False,False,0.2,0.12,0.18,False,True,True,False,True,33.67701834210775,,33.67701834210775,32.6749718394004,False,True,False,False,0.9046777101700889,0.5536236046496983,0.9046777101700889,False,left_only,left,none,none,0,moving_average,4,2.0,peak,9,-1,-1,9,False,0.9265362370852821,False,False,False,False,False,False,False,,
frame_000194.jpg,33.87276544820651,,194,True,0.03235128759293915,0.0,7.24247051220317e-16,0.16175643796469574,False,False,False,False,False,0.2,0.12,0.18,False,True,True,False,True,33.87276544820651,,33.87276544820651,32.6789383522784,False,True,False,False,0.95078226316477,0.5553190143769309,0.95078226316477,False,left_only,left,none,none,0,moving_average,4,2.0,peak,9,-1,-1,9,False,0.9459527825688661,False,False,False,False,False,False,False,,
frame_000195.jpg,34.00699866104288,,195,True,0.07102498257461184,0.0,7.251144129583054e-16,0.3551249128730592,False,False,False,False,False,0.2,0.12,0.18,False,True,True,False,True,34.00699866104288,,34.00699866104288,32.682904865156395,False,True,False,False,0.9823983743717395,0.5570144241041605,0.9823983743717395,False,left_only,left,none,none,0,moving_average,4,2.0,peak,9,-1,-1,9,False,0.9777268791788365,True,False,False,False,False,False,False,5,
frame_000196.jpg,34.081730266829474,,196,True,0.08577886988637883,0.0,1.4493614641786223e-15,0.4288943494318941,False,False,False,False,False,0.2,0.12,0.18,False,True,True,False,True,34.081730266829474,,34.081730266829474,32.6868713780344,False,True,False,False,1.0,0.5587098338313932,1.0,False,left_only,left,none,none,0,moving_average,4,2.0,peak,9,-1,-1,9,False,0.958043266056454,False,False,False,False,False,False,False,,
frame_000197.jpg,33.622052011723234,,197,True,0.05665952415446692,0.0,1.4493614641786223e-15,0.2832976207723346,False,False,False,False,False,0.2,0.12,0.18,False,True,True,False,True,33.622052011723234,,33.622052011723234,32.6908378909124,False,True,False,False,0.8917314237976225,0.5604052435586258,0.8917314237976225,False,left_only,left,none,none,0,moving_average,4,2.0,peak,9,-1,-1,9,False,0.9192059412333685,False,False,False,False,False,False,False,,
frame_000198.jpg,33.51232123014272,,198,True,0.012954005415188543,0.0,7.251144129583054e-16,0.0647700270759427,False,False,False,False,False,0.2,0.12,0.18,False,True,True,False,True,33.51232123014272,,33.51232123014272,32.6948044037904,False,True,False,False,0.8658863999024834,0.5621006532858583,0.8658863999024834,False,left_only,left,none,none,0,moving_average,4,2.0,peak,9,-1,-1,9,False,0.8670102852929824,False,False,False,False,False,False,False,,
frame_000199.jpg,33.41690556269869,,199,True,0.019257998006366555,4.440892098500625e-16,7.259817746962938e-16,0.09628999003183276,False,False,False,False,False,0.2,0.12,0.18,False,True,True,False,True,33.41690556269869,,33.41690556269869,32.698770916668394,False,True,False,False,0.8434130321788414,0.563796063013088,0.8434130321788414,False,left_only,left,none,none,0,moving_average,4,2.0,peak,9,-1,-1,9,False,0.8289506250185542,False,False,False,False,False,False,False,,
frame_000200.jpg,33.13727982282376,,200,True,0.032349269484789944,3.33066907387547e-16,1.4502288259166107e-15,0.16174634742394972,False,False,False,False,False,0.2,0.12,0.18,False,True,True,False,True,33.13727982282376,,33.13727982282376,32.702737429546396,False,True,False,False,0.7775524429743378,0.5654914727403206,0.7775524429743378,False,left_only,left,none,none,0,moving_average,4,2.0,peak,9,-1,-1,9,False,0.8155107707300845,False,False,False,False,False,False,False,,
frame_000201.jpg,33.34113558279502,,201,True,0.02757117985813583,0.0,1.4493614641786223e-15,0.13785589929067915,False,False,False,False,False,0.2,0.12,0.18,False,True,True,False,True,33.34113558279502,,33.34113558279502,32.7067039424244,False,True,False,False,0.8255668370370743,0.5671868824675532,0.8255668370370743,False,left_only,left,none,none,0,moving_average,4,2.0,peak,9,-1,-1,9,False,0.812948577258853,False,False,False,False,False,False,False,,
frame_000202.jpg,33.38427048060713,,202,True,0.0037725180702501966,0.0,1.4493614641786223e-15,0.01886259035125098,False,False,False,False,False,0.2,0.12,0.18,False,True,True,False,True,33.38427048060713,,33.38427048060713,32.71067045530239,False,True,False,False,0.835726451765147,0.5688822921947828,0.835726451765147,False,left_only,left,none,none,0,moving_average,4,2.0,peak,9,-1,-1,9,False,0.8060479094040051,False,False,False,False,False,False,False,,
frame_000203.jpg,33.049384874819964,,203,True,0.05055909953701705,4.440892098500625e-16,1.4502288259166107e-15,0.25279549768508525,False,False,False,False,False,0.2,0.12,0.18,False,True,True,False,True,33.049384874819964,,33.049384874819964,32.71463696818039,False,True,False,False,0.7568504394097939,0.5705777019220155,0.7568504394097939,False,left_only,left,none,none,0,moving_average,4,2.0,peak,9,-1,-1,9,False,0.7824571191664929,False,False,False,False,False,False,False,,
frame_000204.jpg,33.04065578505518,,204,True,0.006177007027197248,3.33066907387547e-16,1.4502288259166107e-15,0.030885035135986238,False,False,False,False,False,0.2,0.12,0.18,False,True,True,False,True,33.04065578505518,,33.04065578505518,32.718603481058395,False,True,False,False,0.7547944663245377,0.5722731116492481,0.7547944663245377,False,left_only,left,none,none,0,moving_average,4,2.0,peak,9,-1,-1,9,False,0.7730230095285298,False,False,False,False,False,False,False,,
frame_000205.jpg,33.264106665519535,,205,True,0.03013853829636012,4.440892098500625e-16,1.734723475976807e-18,0.1506926914818006,False,False,False,False,False,0.2,0.12,0.18,False,True,True,False,True,33.264106665519535,,33.264106665519535,32.72256999393639,False,True,False,False,0.8074241228512578,0.5739685213764777,0.8074241228512578,False,left_only,left,none,none,0,moving_average,4,2.0,peak,9,-1,-1,9,False,0.7944699392729235,False,False,False,False,False,False,False,,
frame_000206.jpg,33.322557966812816,,206,True,0.026864269504115804,3.33066907387547e-16,1.4476267407026455e-15,0.134321347520579,False,False,False,False,False,0.2,0.12,0.18,False,True,True,False,True,33.322557966812816,,33.322557966812816,32.72653650681439,False,True,False,False,0.8211912286429753,0.5756639311037104,0.8211912286429753,False,left_only,left,none,none,0,moving_average,4,2.0,peak,9,-1,-1,9,False,0.834280023526095,False,False,False,False,False,False,False,,
frame_000207.jpg,33.547723413734175,,207,True,0.02909549573577498,0.0,0.0,0.1454774786788749,False,False,False,False,False,0.2,0.12,0.18,False,True,True,False,True,33.547723413734175,,33.547723413734175,32.73050301969239,False,True,False,False,0.874224719084052,0.577359340830943,0.874224719084052,False,left_only,left,none,none,0,moving_average,4,2.0,peak,9,-1,-1,9,False,0.8856583179152077,False,False,False,False,False,False,False,,
frame_000208.jpg,33.91852050036047,,208,True,0.02747494589943794,0.0,1.4493614641786223e-15,0.1373747294971897,False,False,False,False,False,0.2,0.12,0.18,False,True,True,False,True,33.91852050036047,,33.91852050036047,32.734469532570394,False,True,False,False,0.9615590060185957,0.5790547505581757,0.9615590060185957,False,left_only,left,none,none,0,moving_average,4,2.0,peak,9,-1,-1,9,False,0.8933963632127482,False,False,False,False,False,False,False,,
frame_000209.jpg,33.421118729826574,,209,True,0.06547712904610742,0.0,0.0,0.3273856452305371,False,False,False,False,False,0.2,0.12,0.18,False,True,True,False,True,33.421118729826574,,33.421118729826574,32.73843604544839,False,True,False,False,0.8444053645355971,0.5807501602854053,0.8444053645355971,False,left_only,left,none,none,0,moving_average,4,2.0,peak,9,-1,-1,9,False,0.9159954651043989,False,False,False,False,False,False,False,,
frame_000210.jpg,33.83557191296365,,210,True,0.03896320607237573,4.440892098500625e-16,1.4502288259166107e-15,0.19481603036187864,False,False,False,False,False,0.2,0.12,0.18,False,True,True,False,True,33.83557191296365,,33.83557191296365,32.74240255832639,False,True,False,False,0.9420220247590043,0.5824455700126379,0.9420220247590043,False,left_only,left,none,none,0,moving_average,4,2.0,peak,9,-1,-1,9,False,0.912126348715022,False,False,False,False,False,False,False,,
frame_000211.jpg,33.86923892486398,,211,True,0.03333868153979899,3.33066907387547e-16,8.673617379884035e-19,0.16669340769899496,False,False,False,False,False,0.2,0.12,0.18,False,True,True,False,True,33.86923892486398,,33.86923892486398,32.74636907120439,False,True,False,False,0.9499516568504647,0.5841409797398706,0.9499516568504647,False,left_only,left,none,none,0,moving_average,4,2.0,peak,9,-1,-1,9,False,0.9328380670333223,True,False,False,False,False,False,False,6,
frame_000212.jpg,33.6849273122636,,212,True,0.15306568216539776,4.440892098500625e-16,8.673617379884035e-19,0.7653284108269888,False,False,False,False,True,0.2,0.12,0.18,False,True,True,False,True,33.6849273122636,,33.6849273122636,32.750335584082386,False,True,True,False,0.9065405194904981,0.5858363894671001,0.9065405194904981,False,left_only,left,none,none,0,moving_average,4,2.0,peak,9,-1,-1,9,False,0.8847405930376865,False,False,False,False,False,False,False,,
frame_000213.jpg,33.222946430201105,,213,True,0.26769242587265907,3.33066907387547e-16,7.259817746962938e-16,1.3384621293632952,True,False,False,True,True,0.2,0.12,0.18,False,True,True,False,True,33.222946430201105,,33.222946430201105,32.75430209696039,False,True,True,False,0.7977296027720967,0.5875317991943327,0.7977296027720967,False,left_only,left,none,none,0,moving_average,4,2.0,peak,9,-1,-1,9,False,0.8411038267233216,False,False,False,False,False,False,False,,
frame_000214.jpg,33.31343021374622,,214,True,0.11402827661475935,2.2204460492503136e-16,8.673617379884035e-19,0.5701413830737967,False,False,False,False,True,0.2,0.12,0.18,False,True,True,False,True,33.31343021374622,,33.31343021374622,32.75826860983839,False,True,True,False,0.8190413579073702,0.5892272089215654,0.8190413579073702,False,left_only,left,none,none,0,moving_average,4,2.0,peak,9,-1,-1,9,False,0.772590049005413,False,False,False,False,False,False,False,,
frame_000215.jpg,32.81225599164232,,215,True,0.014177456132316494,2.2204460492503128e-16,1.4476267407026455e-15,0.07088728066158247,False,False,False,False,False,0.2,0.12,0.18,False,True,True,False,True,32.81225599164232,,32.81225599164232,32.76223512271638,False,True,False,False,0.700999186336772,0.590922618648795,0.700999186336772,False,left_only,left,none,none,0,moving_average,4,2.0,peak,9,-1,-1,9,False,0.7268673589921295,False,False,False,False,False,False,False,,
frame_000216.jpg,32.640568963868226,,216,True,0.03353463947681773,0.0,1.448494102440634e-15,0.16767319738408865,False,False,False,False,False,0.2,0.12,0.18,False,True,True,False,True,32.640568963868226,,32.640568963868226,32.766201635594385,False,True,False,False,0.6605615327322465,0.5926180283760276,0.6605615327322465,False,left_only,left,none,none,0,moving_average,4,2.0,peak,9,-1,-1,9,False,0.6545217309274147,False,False,False,False,False,False,False,,
frame_000217.jpg,32.39195198137737,,217,True,0.030481513534974306,0.0,0.0,0.1524075676748715,False,False,False,False,False,0.2,0.12,0.18,False,True,True,False,True,32.39195198137737,,32.39195198137737,32.770168148472386,False,True,False,False,0.6020044737132256,0.5943134381032603,0.6020044737132256,False,left_only,left,none,none,0,moving_average,4,2.0,peak,9,-1,-1,9,False,0.6133581387574888,False,False,False,False,False,False,False,,
frame_000218.jpg,32.287948508724824,,218,True,0.008914516918507113,0.0,0.0,0.04457258459253556,False,False,False,False,False,0.2,0.12,0.18,False,True,True,False,True,32.287948508724824,,32.287948508724824,32.77413466135038,False,True,False,False,0.5775084098269944,0.5960088478304899,0.5775084098269944,False,left_only,left,none,none,0,moving_average,4,2.0,peak,9,-1,-1,9,False,0.5619251001591032,False,False,False,False,False,False,False,,
frame_000219.jpg,31.98545784297777,,219,True,0.03978453083866641,0.0,1.448494102440634e-15,0.19892265419333205,False,False,False,False,False,0.2,0.12,0.18,False,True,True,False,True,31.98545784297777,,31.98545784297777,32.77810117422838,False,True,False,False,0.5062624169370898,0.5977042575577225,0.5062624169370898,False,left_only,left,none,none,0,moving_average,4,2.0,peak,9,-1,-1,9,False,0.5871311769657563,False,False,False,False,False,False,False,,
frame_000220.jpg,32.71300595135564,,220,True,0.06807757384318339,0.0,1.4493614641786223e-15,0.3403878692159169,False,False,False,False,False,0.2,0.12,0.18,False,True,True,False,True,32.71300595135564,,32.71300595135564,32.782067687106384,False,True,False,False,0.6776227041331848,0.5993996672849552,0.6776227041331848,False,left_only,left,none,none,0,moving_average,4,2.0,peak,9,-1,-1,9,False,0.6205026084011531,False,False,False,False,False,False,False,,
frame_000221.jpg,32.71300595135564,,221,True,0.0,0.0,0.0,0.0,False,False,False,False,False,0.2,0.12,0.18,False,True,True,False,True,32.71300595135564,,32.71300595135564,32.786034199984385,False,True,False,False,0.6776227041331848,0.6010950770121878,0.6776227041331848,False,left_only,left,none,none,0,moving_average,4,2.0,peak,9,-1,-1,9,False,0.6978397608331018,False,False,False,False,False,False,False,,
frame_000222.jpg,32.97051394693038,,222,True,0.042968327838557564,4.440892098500625e-16,8.673617379884035e-19,0.21484163919278781,False,False,False,False,False,0.2,0.12,0.18,False,True,True,False,True,32.97051394693038,,32.97051394693038,32.79000071286238,False,True,False,False,0.7382738742329359,0.6027904867394174,0.7382738742329359,False,left_only,left,none,none,0,moving_average,4,2.0,peak,9,-1,-1,9,False,0.7511549521745828,False,False,False,False,False,False,False,,
frame_000223.jpg,33.39209036308828,,223,True,0.0732076438546963,3.33066907387547e-16,7.233796894823286e-16,0.3660382192734815,False,False,False,False,False,0.2,0.12,0.18,False,True,True,False,True,33.39209036308828,,33.39209036308828,32.79396722574038,False,True,False,False,0.8375682781576277,0.6044858964666501,0.8375682781576277,False,left_only,left,none,none,0,moving_average,4,2.0,peak,9,-1,-1,9,False,0.8107662715684032,False,False,False,False,False,False,False,,
frame_000224.jpg,33.472285187622084,,224,True,0.17129953638826648,4.440892098500625e-16,1.4476267407026455e-15,0.8564976819413324,False,False,False,False,True,0.2,0.12,0.18,False,True,True,False,True,33.472285187622084,,33.472285187622084,32.79793373861838,False,True,True,False,0.8564566623146461,0.6061813061938827,0.8564566623146461,False,left_only,left,none,none,0,moving_average,4,2.0,peak,9,-1,-1,9,False,0.8603654208938589,False,False,False,False,False,False,False,,
frame_000225.jpg,33.602266516782095,,225,True,0.20521801774406295,3.33066907387547e-16,7.225123277443402e-16,1.0260900887203146,True,False,False,True,True,0.2,0.12,0.18,False,True,True,False,True,33.602266516782095,,33.602266516782095,32.80190025149638,False,True,True,False,0.8870713222093031,0.6078767159211123,0.8870713222093031,False,left_only,left,none,none,0,moving_average,4,2.0,peak,9,-1,-1,9,False,0.8941670009970669,False,False,False,False,False,False,False,,
frame_000226.jpg,33.82262668045795,,226,True,0.18271230212700876,0.0,7.251144129583054e-16,0.9135615106350438,False,False,False,False,True,0.2,0.12,0.18,False,True,True,False,True,33.82262668045795,,33.82262668045795,32.80586676437438,False,True,True,False,0.9389730184672515,0.609572125648345,0.9389730184672515,False,left_only,left,none,none,0,moving_average,4,2.0,peak,9,-1,-1,9,False,0.9164295119289645,False,False,False,False,False,False,False,,
frame_000227.jpg,33.755846472116936,,227,True,0.04248434851750344,0.0,1.4493614641786223e-15,0.2124217425875172,False,False,False,False,False,0.2,0.12,0.18,False,True,True,False,True,33.755846472116936,,33.755846472116936,32.80983327725238,False,True,False,False,0.923244195110339,0.6112675353755775,0.923244195110339,False,left_only,left,none,none,0,moving_average,4,2.0,peak,9,-1,-1,9,False,0.9325059682049646,False,False,False,False,False,False,False,,
frame_000228.jpg,33.80703499980241,,228,True,0.004142422652464361,0.0,0.0,0.020712113262321804,False,False,False,False,False,0.2,0.12,0.18,False,True,True,False,True,33.80703499980241,,33.80703499980241,32.813799790130375,False,True,False,False,0.9353006910373032,0.6129629451028071,0.9353006910373032,False,left_only,left,none,none,0,moving_average,4,2.0,peak,9,-1,-1,9,False,0.9441472496219172,True,False,False,False,False,False,False,7,
frame_000229.jpg,33.970903607613884,,229,True,0.03259835982883848,0.0,1.4493614641786223e-15,0.16299179914419237,False,False,False,False,True,0.2,0.12,0.18,False,True,True,False,True,33.970903607613884,,33.970903607613884,32.817766303008376,False,True,True,False,0.9738968627181096,0.6146583548300398,0.9738968627181096,False,left_only,left,none,none,0,moving_average,4,2.0,peak,9,-1,-1,9,False,0.9317717245393781,False,False,False,False,False,False,False,,
frame_000230.jpg,33.59821736193085,,230,True,0.22616224711196756,0.0,0.0,1.1308112355598376,True,False,False,True,True,0.2,0.12,0.18,False,True,True,False,True,33.59821736193085,,33.59821736193085,32.82173281588638,False,True,True,False,0.8861176198627216,0.6163537645572724,0.8861176198627216,False,left_only,left,none,none,0,moving_average,4,2.0,peak,9,-1,-1,9,False,0.9223422592211533,False,False,False,False,False,False,False,,
frame_000231.jpg,33.68693034018361,,231,True,0.09798946244765865,0.0,1.4493614641786223e-15,0.4899473122382932,False,False,False,False,True,0.2,0.12,0.18,False,True,True,False,True,33.68693034018361,,33.68693034018361,32.82569932876438,False,True,True,False,0.907012295082629,0.618049174284505,0.907012295082629,False,left_only,left,none,none,0,moving_average,4,2.0,peak,9,-1,-1,9,False,0.8978957296534249,False,False,False,False,False,False,False,,
frame_000232.jpg,33.65952411646519,,232,True,0.023070577097958837,4.440892098500625e-16,1.4502288259166107e-15,0.11535288548979418,False,False,False,False,False,0.2,0.12,0.18,False,True,True,False,True,33.65952411646519,,33.65952411646519,32.829665841642374,False,True,False,False,0.900557274014924,0.6197445840117347,0.900557274014924,False,left_only,left,none,none,0,moving_average,4,2.0,peak,9,-1,-1,9,False,0.8916388333326022,False,False,False,False,False,False,False,,
frame_000233.jpg,33.51852223845125,,233,True,0.024507040019502192,3.33066907387547e-16,7.259817746962938e-16,0.12253520009751095,False,False,False,False,False,0.2,0.12,0.18,False,True,True,False,True,33.51852223845125,,33.51852223845125,32.833632354520375,False,True,False,False,0.8673469309002537,0.6214399937389673,0.8673469309002537,False,left_only,left,none,none,0,moving_average,4,2.0,peak,9,-1,-1,9,False,0.8770994200630147,False,False,False,False,False,False,False,,
frame_000234.jpg,33.50173942819988,,234,True,0.002549105420329711,0.0,7.24247051220317e-16,0.012745527101648554,False,False,False,False,False,0.2,0.12,0.18,False,True,True,False,True,33.50173942819988,,33.50173942819988,32.83759886739838,False,True,False,False,0.8633940552738661,0.6231354034661999,0.8633940552738661,False,left_only,left,none,none,0,moving_average,4,2.0,peak,9,-1,-1,9,False,0.8674509367981793,False,False,False,False,False,False,False,,
frame_000235.jpg,33.53662978902957,,235,True,0.01049285768142761,0.0,1.4493614641786223e-15,0.05246428840713805,False,False,False,False,False,0.2,0.12,0.18,False,True,True,False,True,33.53662978902957,,33.53662978902957,32.84156538027637,False,True,False,False,0.871611824220418,0.6248308131934296,0.871611824220418,False,left_only,left,none,none,0,moving_average,4,2.0,peak,9,-1,-1,9,False,0.8950759941634157,False,False,False,False,False,False,False,,
frame_000236.jpg,33.870387163961816,,236,True,0.016878923860731157,0.0,0.0,0.08439461930365579,False,False,False,False,False,0.2,0.12,0.18,False,True,True,False,True,33.870387163961816,,33.870387163961816,32.84553189315437,False,True,False,False,0.9502221029959627,0.6265262229206622,0.9502221029959627,False,left_only,left,none,none,0,moving_average,4,2.0,peak,9,-1,-1,9,False,0.9087612974944721,False,False,False,False,False,False,False,,
frame_000237.jpg,33.67605140060619,,237,True,0.022451263334667983,4.440892098500625e-16,8.673617379884035e-19,0.1122563166733399,False,False,False,False,False,0.2,0.12,0.18,False,True,True,False,True,33.67605140060619,,33.67605140060619,32.849498406032374,False,True,False,False,0.9044499652670357,0.6282216326478948,0.9044499652670357,False,left_only,left,none,none,0,moving_average,4,2.0,peak,9,-1,-1,9,False,0.9371892462407176,False,False,False,False,False,False,False,,
frame_000238.jpg,33.898721274877616,,238,True,0.06488621328402794,3.33066907387547e-16,8.673617379884035e-19,0.3244310664201397,False,False,False,False,False,0.2,0.12,0.18,False,True,True,False,True,33.898721274877616,,33.898721274877616,32.85346491891037,False,True,False,False,0.9568956704591548,0.6299170423751245,0.9568956704591548,False,left_only,left,none,none,0,moving_average,4,2.0,peak,9,-1,-1,9,False,0.9487677219147128,False,False,False,False,False,False,False,,
frame_000239.jpg,34.01786412398012,,239,True,0.0355684468305628,0.0,1.4493614641786223e-15,0.177842234152814,False,False,False,False,False,0.2,0.12,0.18,False,True,True,False,True,34.01786412398012,,34.01786412398012,32.85743143178837,False,True,False,False,0.9849575300179484,0.6316124521023571,0.9849575300179484,False,left_only,left,none,none,0,moving_average,4,2.0,peak,9,-1,-1,9,False,0.9756035768316837,False,False,False,False,False,False,False,,
frame_000240.jpg,34.01786412398012,,240,True,0.0,0.0,0.0,0.0,False,False,False,False,False,0.2,0.12,0.18,False,True,True,False,True,34.01786412398012,,34.01786412398012,32.86139794466637,False,True,False,False,0.9849575300179484,0.6333078618295896,0.9849575300179484,False,left_only,left,none,none,0,moving_average,4,2.0,peak,9,-1,-1,9,False,0.9878953375200505,True,False,False,False,False,False,False,8,
frame_000241.jpg,34.05528346411848,,241,True,0.014468673879852423,0.0,1.4493614641786223e-15,0.07234336939926211,False,False,False,False,False,0.2,0.12,0.18,False,True,True,False,True,34.05528346411848,,34.05528346411848,32.865364457544366,False,True,False,False,0.9937709525242551,0.6350032715568192,0.9937709525242551,False,left_only,left,none,none,0,moving_average,4,2.0,peak,9,-1,-1,9,False,0.9587066942622927,False,False,False,False,False,False,False,,
frame_000242.jpg,33.64608354630175,,242,True,0.05924975542591464,0.0,7.251144129583054e-16,0.29624877712957315,False,False,False,False,False,0.2,0.12,0.18,False,True,True,False,True,33.64608354630175,,33.64608354630175,32.86933097042237,False,True,False,False,0.8973916002446748,0.6366986812840519,0.8973916002446748,False,left_only,left,none,none,0,moving_average,4,2.0,peak,9,-1,-1,9,False,0.9273850067070011,False,False,False,False,False,False,False,,
frame_000243.jpg,33.618914608227186,,243,True,0.024720538192609203,0.0,7.24247051220317e-16,0.123602690963046,False,False,False,False,False,0.2,0.12,0.18,False,True,True,False,True,33.618914608227186,,33.618914608227186,32.87329748330037,False,True,False,False,0.8909924673520735,0.6383940910112845,0.8909924673520735,False,left_only,left,none,none,0,moving_average,4,2.0,peak,9,-1,-1,9,False,0.9070633742520072,False,False,False,False,False,False,False,,
frame_000244.jpg,33.79644346985198,,244,True,0.04483678377464273,0.0,1.4493614641786223e-15,0.22418391887321365,False,False,False,False,False,0.2,0.12,0.18,False,True,True,False,True,33.79644346985198,,33.79644346985198,32.87726399617837,False,True,False,False,0.9328060551592735,0.6400895007385172,0.9328060551592735,False,left_only,left,none,none,0,moving_average,4,2.0,peak,9,-1,-1,9,False,0.9138782547221018,False,False,False,False,False,False,False,,
frame_000245.jpg,33.732885806194645,,245,True,0.006913845003218205,4.440892098500625e-16,8.673617379884035e-19,0.034569225016091026,False,False,False,False,False,0.2,0.12,0.18,False,True,True,False,True,33.732885806194645,,33.732885806194645,32.881230509056365,False,True,False,False,0.9178362416549588,0.6417849104657468,0.9178362416549588,False,left_only,left,none,none,0,moving_average,4,2.0,peak,9,-1,-1,9,False,0.9238338299839155,False,False,False,False,False,False,False,,
frame_000246.jpg,33.74572041722873,,246,True,0.008359747412023975,3.33066907387547e-16,8.673617379884035e-19,0.04179873706011987,False,False,False,False,False,0.2,0.12,0.18,False,True,True,False,True,33.74572041722873,,33.74572041722873,32.88519702193437,False,True,False,False,0.9208591931375143,0.6434803201929794,0.9208591931375143,False,left_only,left,none,none,0,moving_average,4,2.0,peak,9,-1,-1,9,False,0.9208054448451288,False,False,False,False,False,False,False,,
frame_000247.jpg,33.757870427371444,,247,True,0.0051506546771774905,0.0,0.0,0.02575327338588745,False,False,False,False,False,0.2,0.12,0.18,False,True,True,False,True,33.757870427371444,,33.757870427371444,32.88916353481237,False,True,False,False,0.9237208997429134,0.6451757299202121,0.9237208997429134,False,left_only,left,none,none,0,moving_average,4,2.0,peak,9,-1,-1,9,False,0.9215464513707003,False,False,False,False,False,False,False,,
frame_000248.jpg,33.74232412889117,,248,True,0.005355254061960829,4.440892098500625e-16,8.673617379884035e-19,0.026776270309804145,False,False,False,False,False,0.2,0.12,0.18,False,True,True,False,True,33.74232412889117,,33.74232412889117,32.89313004769036,False,True,False,False,0.9200592612316737,0.6468711396474417,0.9200592612316737,False,left_only,left,none,none,0,moving_average,4,2.0,peak,9,-1,-1,9,False,0.920748571965133,False,False,False,False,False,False,False,,
frame_000249.jpg,33.73555769525156,,249,True,0.005249039176208253,3.33066907387547e-16,1.4502288259166107e-15,0.026245195881041267,False,False,False,False,False,0.2,0.12,0.18,False,True,True,False,True,33.73555769525156,,33.73555769525156,32.897096560568365,False,True,False,False,0.9184655549208122,0.6485665493746743,0.9184655549208122,False,left_only,left,none,none,0,moving_average,4,2.0,peak,9,-1,-1,9,False,0.917680490577244,False,False,False,False,False,False,False,,
frame_000250.jpg,33.71879176719938,,250,True,0.004562873599115563,0.0,0.0,0.022814367995577813,False,False,False,False,False,0.2,0.12,0.18,False,True,True,False,True,33.71879176719938,,33.71879176719938,32.901063073446366,False,True,False,False,0.9145166555792466,0.650261959101907,0.9145166555792466,False,left_only,left,none,none,0,moving_average,4,2.0,peak,9,-1,-1,9,False,0.9187974311799644,False,False,False,False,False,False,False,,
frame_000251.jpg,33.75655078611688,,251,True,0.006765049808759894,0.0,7.24247051220317e-16,0.033825249043799466,False,False,False,False,False,0.2,0.12,0.18,False,True,True,False,True,33.75655078611688,,33.75655078611688,32.90502958632436,False,True,False,False,0.9234100830398343,0.6519573688291366,0.9234100830398343,False,left_only,left,none,none,0,moving_average,4,2.0,peak,9,-1,-1,9,False,0.929890239879463,True,False,False,False,False,False,False,9,
frame_000252.jpg,33.87684863467469,,252,True,0.045218946208783466,0.0,7.251144129583054e-16,0.2260947310439173,False,False,False,False,True,0.2,0.12,0.18,False,True,True,False,True,33.87684863467469,,33.87684863467469,32.90899609920236,False,True,True,False,0.951743981019308,0.6536527785563692,0.951743981019308,False,left_only,left,none,none,0,moving_average,4,2.0,peak,9,-1,-1,9,False,0.9114425450846814,False,False,False,False,False,False,False,,
frame_000253.jpg,33.4838204269054,,253,True,0.24333270118925873,0.0,1.4493614641786223e-15,1.2166635059462936,True,False,False,True,True,0.2,0.12,0.18,False,True,True,False,True,33.4838204269054,,33.4838204269054,32.912962612080364,False,True,True,False,0.859173571194902,0.6553481882836019,0.859173571194902,False,left_only,left,none,none,0,moving_average,4,2.0,peak,9,-1,-1,9,False,0.8931279103698835,False,False,False,False,False,False,False,,
frame_000254.jpg,33.523274254073,,254,True,0.28905623916657974,0.0,8.673617379884035e-19,1.4452811958328986,True,False,False,True,True,0.2,0.12,0.18,False,True,True,False,True,33.523274254073,,33.523274254073,32.916929124958365,False,True,True,False,0.8684661788954409,0.6570435980108345,0.8684661788954409,False,left_only,left,none,none,0,moving_average,4,2.0,peak,9,-1,-1,9,False,0.8446238236468108,False,False,False,False,False,False,False,,
frame_000255.jpg,33.25904405833924,,255,True,0.0763809037987006,0.0,1.448494102440634e-15,0.38190451899350303,False,False,False,False,True,0.2,0.12,0.18,False,True,True,False,True,33.25904405833924,,33.25904405833924,32.92089563783636,False,True,True,False,0.8062317208500895,0.658739007738064,0.8062317208500895,False,left_only,left,none,none,0,moving_average,4,2.0,peak,9,-1,-1,9,False,0.7910041924698824,False,False,False,False,False,False,False,,
frame_000256.jpg,32.80085831462699,,256,True,0.07884230152014564,0.0,0.0,0.39421150760072815,False,False,False,False,False,0.2,0.12,0.18,False,True,True,False,True,32.80085831462699,,32.80085831462699,32.92486215071436,False,True,False,False,0.6983146776641168,0.6604344174652967,0.6983146776641168,False,left_only,left,none,none,0,moving_average,4,2.0,peak,9,-1,-1,9,False,0.7859130282694531,False,False,False,False,False,False,False,,
frame_000257.jpg,33.458427253451006,,257,True,0.1447461046806169,0.0,0.0,0.7237305234030845,False,False,False,False,True,0.2,0.12,0.18,False,True,True,False,True,33.458427253451006,,33.458427253451006,32.92882866359236,False,True,True,False,0.853192686294153,0.6621298271925293,0.853192686294153,False,left_only,left,none,none,0,moving_average,4,2.0,peak,9,-1,-1,9,False,0.7827168723887752,False,False,False,False,False,False,False,,
frame_000258.jpg,33.21833409216592,,258,True,0.2619386380554172,0.0,0.0,1.3096931902770859,True,False,False,True,True,0.2,0.12,0.18,False,True,True,False,True,33.21833409216592,,33.21833409216592,32.93279517647036,False,True,True,False,0.7966432532080557,0.6638252369197589,0.7966432532080557,False,left_only,left,none,none,0,moving_average,4,2.0,peak,9,-1,-1,9,False,0.8149916878562988,False,False,False,False,False,False,False,,
frame_000259.jpg,,32.93676168934836,259,True,1.1711865674045718,0.0,7.251144129583054e-16,5.855932837022859,True,False,False,True,True,0.2,0.12,0.18,True,False,False,True,True,,32.93676168934836,33.21194797826833,32.93676168934836,True,False,False,True,0.795139124066688,0.6655206466469916,0.795139124066688,False,right_only,left,none,none,0,moving_average,4,2.0,peak,9,-1,-1,9,False,0.7951391240666884,False,False,False,False,False,False,False,,
frame_000260.jpg,33.20556186437074,,260,True,2.008171966654979,0.31717958170737154,0.0470069612371139,10.040859833274896,True,True,False,True,True,0.2,0.12,0.18,False,True,True,False,True,33.20556186437074,,33.20556186437074,32.93676168934836,False,True,True,False,0.7936349949253219,0.6655206466469916,0.7936349949253219,False,left_only,left,none,none,0,moving_average,4,2.0,peak,9,-1,-1,9,False,,False,False,False,False,False,False,False,,
