frame_name,left_temp,right_temp,frame_index,motion_coordinate_valid,motion_center_step_norm,motion_scale_step_log,motion_angle_step_rad,motion_score,motion_center_flag,motion_scale_flag,motion_angle_flag,motion_artifact_raw,motion_artifact,motion_center_threshold,motion_scale_threshold,motion_angle_threshold,left_missing_raw,right_missing_raw,left_quality_valid,right_quality_valid,quality_any_valid,left_temp_motion_filtered,right_temp_motion_filtered,left_temp_used,right_temp_used,left_repaired,right_repaired,left_motion_interpolated,right_motion_interpolated,left_norm,right_norm,fused_norm,fused_repaired,fusion_source,selected_fusion_mode,peak_retune_rule,edge_peak_completion,edge_peak_added,smoothing_method,butterworth_order,butterworth_cutoff_hz,rr_estimator,time_peak_count,spectral_count,autocorr_count,joint_count,joint_adjusted,smoothed_norm,is_peak,source_peak_rejected,quality_peak_rejected,mad_ibi_peak_rejected,motion_peak_rejected,motion_interval_peak_rejected,motion_reconstructed_peak,peak_number,event_source
frame_000000.jpg,32.2519620974309,32.12894004995876,0,True,,,,0.0,False,False,False,False,False,0.24665335264074786,0.1618139407106175,0.18,False,False,True,True,True,32.2519620974309,32.12894004995876,32.2519620974309,32.12894004995876,False,False,False,False,0.3155052893094335,0.2571146128599168,0.3155052893094335,False,both,left,none,none,0,moving_average,4,2.0,peak,11,-1,-1,11,False,,False,False,False,False,False,False,False,,
frame_000001.jpg,32.07047529941931,31.898093683526305,1,True,0.05834877361582403,0.012807892418994996,0.011501429607230369,0.23656185083690867,False,False,False,False,False,0.24665335264074786,0.1618139407106175,0.18,False,False,True,True,True,32.07047529941931,31.898093683526305,32.07047529941931,31.898093683526305,False,False,False,False,0.25575957491548473,0.18800669850426346,0.25575957491548473,False,both,left,none,none,0,moving_average,4,2.0,peak,11,-1,-1,11,False,0.2590896954266766,False,False,False,False,False,False,False,,
frame_000002.jpg,31.91933576135931,31.683922956560515,2,True,0.006392287102664679,0.013847680618285323,0.02443516614375949,0.13575092302088607,False,False,False,False,False,0.24665335264074786,0.1618139407106175,0.18,False,False,True,True,True,31.91933576135931,31.683922956560515,31.91933576135931,31.683922956560515,False,False,False,False,0.20600422205511168,0.12389092971233527,0.20600422205511168,False,both,left,none,none,0,moving_average,4,2.0,peak,11,-1,-1,11,False,0.21471064681474622,False,False,False,False,False,False,False,,
frame_000003.jpg,31.84753753678681,31.32035510047289,3,True,0.05263808888545151,0.024198329249427636,0.023293720301711767,0.21340917657064737,False,False,False,False,False,0.24665335264074786,0.1618139407106175,0.18,False,False,True,True,True,31.84753753678681,31.32035510047289,31.84753753678681,31.32035510047289,False,False,False,False,0.18236814347364236,0.015050506320512285,0.18236814347364236,False,both,left,none,none,0,moving_average,4,2.0,peak,11,-1,-1,11,False,0.1865256209126804,False,False,False,False,False,False,False,,
frame_000004.jpg,31.813626243981897,31.55718788187849,4,True,0.1519416982156029,0.020112908170332747,0.00651831409628862,0.616013107419249,False,False,False,False,False,0.24665335264074786,0.1618139407106175,0.18,False,False,True,True,True,31.813626243981897,31.55718788187849,31.813626243981897,31.55718788187849,False,False,False,False,0.17120449720928718,0.08595055914321284,0.17120449720928718,False,both,left,none,none,0,moving_average,4,2.0,peak,11,-1,-1,11,False,0.1886700991405597,False,False,False,False,False,False,False,,
frame_000005.jpg,31.93887830885069,31.972217345505538,5,True,0.039034438326303426,0.15469152497469735,0.04921585513726301,0.9559839176733379,False,False,False,False,False,0.24665335264074786,0.1618139407106175,0.18,False,False,True,True,True,31.93887830885069,31.972217345505538,31.93887830885069,31.972217345505538,False,False,False,False,0.2124376567387496,0.2101969186188482,0.2124376567387496,False,both,left,none,none,0,moving_average,4,2.0,peak,11,-1,-1,11,False,0.22426389553296658,False,False,False,False,False,False,False,,
frame_000006.jpg,32.171902432337646,32.08707172135652,6,True,0.048532013675477916,0.024527862558673313,0.006968880952600505,0.19676202717651722,False,False,False,False,False,0.24665335264074786,0.1618139407106175,0.18,False,False,True,True,True,32.171902432337646,32.08707172135652,32.171902432337646,32.08707172135652,False,False,False,False,0.289149532650863,0.2445805933214104,0.289149532650863,False,both,left,none,none,0,moving_average,4,2.0,peak,11,-1,-1,11,False,0.27024002970315564,False,False,False,False,False,False,False,,
frame_000007.jpg,32.23260498380314,32.28064292781082,7,True,0.027850080553249345,0.023316726844323104,0.002725011395909957,0.1440959088069052,False,False,False,False,False,0.24665335264074786,0.1618139407106175,0.18,False,False,True,True,True,32.23260498380314,32.28064292781082,32.23260498380314,32.28064292781082,False,False,False,False,0.30913289971985447,0.3025295338401609,0.30913289971985447,False,both,left,none,none,0,moving_average,4,2.0,peak,11,-1,-1,11,False,0.30718965107437396,False,False,False,False,False,False,False,,
frame_000008.jpg,32.27559878521086,32.55862941559322,8,True,0.04935958717395899,0.023495542209571618,0.0006607916129390771,0.20011723597307648,False,False,False,False,False,0.24665335264074786,0.1618139407106175,0.18,False,False,True,True,True,32.27559878521086,32.55862941559322,32.27559878521086,32.55862941559322,False,False,False,False,0.32328652085240445,0.38574967148662587,0.32328652085240445,False,both,left,none,none,0,moving_average,4,2.0,peak,11,-1,-1,11,False,0.34698302676458725,False,False,False,False,False,False,False,,
frame_000009.jpg,32.53453793227338,32.17298789055116,9,True,0.048338356795198545,0.04855093478690628,0.015938655394628798,0.3000417304818817,False,False,False,False,False,0.24665335264074786,0.1618139407106175,0.18,False,False,True,True,True,32.53453793227338,32.17298789055116,32.53453793227338,32.17298789055116,False,False,False,False,0.40852965972150285,0.2703011075934267,0.40852965972150285,False,both,left,none,none,0,moving_average,4,2.0,peak,11,-1,-1,11,False,0.3853583781374862,False,False,False,False,False,False,False,,
frame_000010.jpg,32.58231808275351,32.215511464818945,10,True,0.05034674215980734,0.004164536341252822,0.009642932761776373,0.20411943166707197,False,False,False,False,False,0.24665335264074786,0.1618139407106175,0.18,False,False,True,True,True,32.58231808275351,32.215511464818945,32.58231808275351,32.215511464818945,False,False,False,False,0.42425895383855144,0.2830312864305889,0.42425895383855144,False,both,left,none,none,0,moving_average,4,2.0,peak,11,-1,-1,11,False,0.3866532297247726,True,False,False,False,False,False,False,1,
frame_000011.jpg,32.28739871785175,32.11926413982149,11,True,0.02840452410626496,0.004870722357093112,0.0056633070115224135,0.11515969194076321,False,False,False,False,False,0.24665335264074786,0.1618139407106175,0.18,False,False,True,True,True,32.28739871785175,32.11926413982149,32.28739871785175,32.11926413982149,False,False,False,False,0.32717107561426356,0.2542179592135403,0.32717107561426356,False,both,left,none,none,0,moving_average,4,2.0,peak,11,-1,-1,11,False,0.3438145252264258,False,False,False,False,False,False,False,,
frame_000012.jpg,32.14415046820665,32.09541135073663,12,True,0.020086107035512987,0.00048519612671324793,0.059033512724128594,0.3279639595784922,False,False,False,False,False,0.24665335264074786,0.1618139407106175,0.18,False,False,True,True,True,32.14415046820665,32.09541135073663,32.14415046820665,32.09541135073663,False,False,False,False,0.2800135462264626,0.24707720785282078,0.2800135462264626,False,both,left,none,none,0,moving_average,4,2.0,peak,11,-1,-1,11,False,0.2801911339063323,False,False,False,False,False,False,False,,
frame_000013.jpg,32.002520568248016,31.86252674634282,13,True,0.021103130655689282,0.024967095571226238,0.05767635377689123,0.32042418764939573,False,False,False,False,False,0.24665335264074786,0.1618139407106175,0.18,False,False,True,True,True,32.002520568248016,31.86252674634282,32.002520568248016,31.86252674634282,False,False,False,False,0.23338877987827092,0.17735911116401198,0.23338877987827092,False,both,left,none,none,0,moving_average,4,2.0,peak,11,-1,-1,11,False,0.23030156980447802,False,False,False,False,False,False,False,,
frame_000014.jpg,31.83275704179758,31.726437163039613,14,True,0.01546814005116573,0.0031052175258389756,0.006367735051759019,0.06271206081554939,False,False,False,False,False,0.24665335264074786,0.1618139407106175,0.18,False,False,True,True,True,31.83275704179758,31.726437163039613,31.83275704179758,31.726437163039613,False,False,False,False,0.17750238330870063,0.1366183041374196,0.17750238330870063,False,both,left,none,none,0,moving_average,4,2.0,peak,11,-1,-1,11,False,0.19647487331478933,False,False,False,False,False,False,False,,
frame_000015.jpg,31.83588908600555,31.745704985022343,15,True,0.026495441390556783,0.01565235201298985,0.010531815744321896,0.10741974964819374,False,False,False,False,False,0.24665335264074786,0.1618139407106175,0.18,False,False,True,True,True,31.83588908600555,31.745704985022343,31.83588908600555,31.745704985022343,False,False,False,False,0.17853345675739646,0.1423864650661822,0.17853345675739646,False,both,left,none,none,0,moving_average,4,2.0,peak,11,-1,-1,11,False,0.45201194668869904,False,False,False,False,False,False,False,,
frame_000016.jpg,34.33122007533338,31.711157218096066,16,True,0.09194287081572404,0.06021853791589183,0.0483755613344323,0.3727614882642175,False,False,False,False,False,0.24665335264074786,0.1618139407106175,0.18,False,False,True,True,True,34.33122007533338,31.711157218096066,34.33122007533338,31.711157218096066,False,False,False,False,1.0,0.13204398424303768,1.0,False,both,left,none,none,0,moving_average,4,2.0,peak,11,-1,-1,11,False,0.7261778189191321,False,False,False,False,False,False,False,,
frame_000017.jpg,34.33122007533338,31.711157218096066,17,True,0.0,0.0,0.0,0.0,False,False,False,False,False,0.24665335264074786,0.1618139407106175,0.18,False,False,True,True,True,34.33122007533338,31.711157218096066,34.33122007533338,31.711157218096066,False,False,False,False,1.0,0.13204398424303768,1.0,False,both,left,none,none,0,moving_average,4,2.0,peak,11,-1,-1,11,False,0.794930818596189,True,False,False,False,False,False,False,2,
frame_000018.jpg,32.46243252388993,32.066714533806845,18,True,0.010086308225201065,0.008453944012330758,0.03886577283855549,0.21592096021419716,False,False,False,False,False,0.24665335264074786,0.1618139407106175,0.18,False,False,True,True,True,32.46243252388993,32.066714533806845,32.46243252388993,32.066714533806845,False,False,False,False,0.384792455788567,0.23848631167666656,0.384792455788567,False,both,left,none,none,0,moving_average,4,2.0,peak,11,-1,-1,11,False,0.5956159563331977,False,False,False,False,False,False,False,,
frame_000019.jpg,32.51487141257999,32.157967860290164,19,True,0.018014711431717265,0.016791161636953357,0.010220851103588308,0.103768325295174,False,False,False,False,False,0.24665335264074786,0.1618139407106175,0.18,False,False,True,True,True,32.51487141257999,32.157967860290164,32.51487141257999,32.157967860290164,False,False,False,False,0.4020554132110262,0.26580459772438286,0.4020554132110262,False,both,left,none,none,0,moving_average,4,2.0,peak,11,-1,-1,11,False,0.3915309501233204,False,False,False,False,False,False,False,,
frame_000020.jpg,32.47140127452458,32.109811479203294,20,True,0.009572405191306282,0.02492564196123517,0.004848753001073673,0.15403890327231654,False,False,False,False,False,0.24665335264074786,0.1618139407106175,0.18,False,False,True,True,True,32.47140127452458,32.109811479203294,32.47140127452458,32.109811479203294,False,False,False,False,0.3877449813703681,0.2513881392318323,0.3877449813703681,False,both,left,none,none,0,moving_average,4,2.0,peak,11,-1,-1,11,False,0.3706052634834721,False,False,False,False,False,False,False,,
frame_000021.jpg,32.27173754753973,31.990801716723613,21,True,0.018721391971461113,0.0008668555347359092,0.00620644159001027,0.07590163186927744,False,False,False,False,False,0.24665335264074786,0.1618139407106175,0.18,False,False,True,True,True,32.27173754753973,31.990801716723613,32.27173754753973,31.990801716723613,False,False,False,False,0.3220153958690222,0.21576047655714584,0.3220153958690222,False,both,left,none,none,0,moving_average,4,2.0,peak,11,-1,-1,11,False,0.3323915416170185,False,False,False,False,False,False,False,,
frame_000022.jpg,32.16663123709635,31.538153428314715,22,True,0.0905078265531943,0.008338912369580224,0.002539185758877599,0.36694342721957446,False,False,False,False,False,0.24665335264074786,0.1618139407106175,0.18,False,False,True,True,True,32.16663123709635,31.538153428314715,32.16663123709635,31.538153428314715,False,False,False,False,0.28741424761166534,0.08025226114952524,0.28741424761166534,False,both,left,none,none,0,moving_average,4,2.0,peak,11,-1,-1,11,False,0.30347096743049495,False,False,False,False,False,False,False,,
frame_000023.jpg,32.20784919590216,31.69737484705514,23,True,0.03198852315793362,0.005286424066100107,0.0095226857571378,0.12969020212153817,False,False,False,False,False,0.24665335264074786,0.1618139407106175,0.18,False,False,True,True,True,32.20784919590216,31.69737484705514,32.20784919590216,31.69737484705514,False,False,False,False,0.30098325881079724,0.1279179893996543,0.30098325881079724,False,both,left,none,none,0,moving_average,4,2.0,peak,11,-1,-1,11,False,0.29646025507775325,False,False,False,False,False,False,False,,
frame_000024.jpg,32.20784919590216,31.69737484705514,24,True,0.0,0.0,0.0,0.0,False,False,False,False,False,0.24665335264074786,0.1618139407106175,0.18,False,False,True,True,True,32.20784919590216,31.69737484705514,32.20784919590216,31.69737484705514,False,False,False,False,0.30098325881079724,0.1279179893996543,0.30098325881079724,False,both,left,none,none,0,moving_average,4,2.0,peak,11,-1,-1,11,False,0.31409276529955465,False,False,False,False,False,False,False,,
frame_000025.jpg,32.3273156235928,31.923470857984967,25,True,0.05311147989709263,0.042907726515955334,0.005137613936289191,0.2651670574705924,False,False,False,False,False,0.24665335264074786,0.1618139407106175,0.18,False,False,True,True,True,32.3273156235928,31.923470857984967,32.3273156235928,31.923470857984967,False,False,False,False,0.3403117782770696,0.19560380140079453,0.3403117782770696,False,both,left,none,none,0,moving_average,4,2.0,peak,11,-1,-1,11,False,0.32725689153654497,False,False,False,False,False,False,False,,
frame_000026.jpg,32.32781337125465,32.43633554060016,26,True,0.047793047734091335,0.028901553458604352,0.006297543796689834,0.19376605759623386,False,False,False,False,False,0.24665335264074786,0.1618139407106175,0.18,False,False,True,True,True,32.32781337125465,32.43633554060016,32.32781337125465,32.43633554060016,False,False,False,False,0.3404756375217681,0.34913885204921447,0.3404756375217681,False,both,left,none,none,0,moving_average,4,2.0,peak,11,-1,-1,11,False,0.33828874243734286,True,False,False,False,False,False,False,3,
frame_000027.jpg,32.30838202824519,32.45232139372133,27,True,0.02678553265943894,0.018859485326066978,0.003937673999596408,0.11655043590956501,False,False,False,False,False,0.24665335264074786,0.1618139407106175,0.18,False,False,True,True,True,32.30838202824519,32.45232139372133,32.30838202824519,32.45232139372133,False,False,False,False,0.3340788115131909,0.35392449795507197,0.3340788115131909,False,both,left,none,none,0,moving_average,4,2.0,peak,11,-1,-1,11,False,0.32927968379775074,False,False,False,False,False,False,False,,
frame_000028.jpg,32.24521641921386,32.4121699115151,28,True,0.028983984886158633,0.016208999904689343,0.006299185447992024,0.11750898406953335,False,False,False,False,False,0.24665335264074786,0.1618139407106175,0.18,False,False,True,True,True,32.24521641921386,32.4121699115151,32.24521641921386,32.4121699115151,False,False,False,False,0.3132846023582933,0.3419044465397408,0.3132846023582933,False,both,left,none,none,0,moving_average,4,2.0,peak,11,-1,-1,11,False,0.32028718076055807,False,False,False,False,False,False,False,,
frame_000029.jpg,32.2458650374427,32.087443076249976,29,True,0.03009567229931546,0.011575992540283207,0.00723944150332326,0.1220160682070679,False,False,False,False,False,0.24665335264074786,0.1618139407106175,0.18,False,False,True,True,True,32.2458650374427,32.087443076249976,32.2458650374427,32.087443076249976,False,False,False,False,0.3134981284101901,0.24469176493120828,0.3134981284101901,False,both,left,none,none,0,moving_average,4,2.0,peak,11,-1,-1,11,False,0.31537408065289496,False,False,False,False,False,False,False,,
frame_000030.jpg,32.26360913620289,31.940533848853097,30,True,0.12742367071293842,0.03850432412286877,0.022328944165449827,0.5166103332823202,False,False,False,False,False,0.24665335264074786,0.1618139407106175,0.18,False,False,True,True,True,32.26360913620289,31.940533848853097,32.26360913620289,31.940533848853097,False,False,False,False,0.31933951119020154,0.20071190740995304,0.31933951119020154,False,both,left,none,none,0,moving_average,4,2.0,peak,11,-1,-1,11,False,0.2929938182705664,False,False,False,False,False,False,False,,
frame_000031.jpg,32.04126595014861,31.27008076171657,31,True,0.09637415758907342,0.09196992954570198,0.055224117154051656,0.568368393611882,False,False,False,False,False,0.24665335264074786,0.1618139407106175,0.18,False,False,True,True,True,32.04126595014861,31.27008076171657,32.04126595014861,31.27008076171657,False,False,False,False,0.24614381521130765,0.0,0.24614381521130765,False,both,left,none,none,0,moving_average,4,2.0,peak,11,-1,-1,11,False,0.2708306063298109,False,False,False,False,False,False,False,,
frame_000032.jpg,32.04389254069133,31.33563127604124,32,True,0.024818274996038732,0.009316252835141318,4.376499928442079e-05,0.10062005940858507,False,False,False,False,False,0.24665335264074786,0.1618139407106175,0.18,False,False,True,True,True,32.04389254069133,31.33563127604124,32.04389254069133,31.33563127604124,False,False,False,False,0.24700849258792354,0.019623697786223807,0.24700849258792354,False,both,left,none,none,0,moving_average,4,2.0,peak,11,-1,-1,11,False,0.24672026679571823,False,False,False,False,False,False,False,,
frame_000033.jpg,32.04389254069133,31.33563127604124,33,True,0.0,0.0,0.0,0.0,False,False,False,False,False,0.24665335264074786,0.1618139407106175,0.18,False,False,True,True,True,32.04389254069133,31.33563127604124,32.04389254069133,31.33563127604124,False,False,False,False,0.24700849258792354,0.019623697786223807,0.24700849258792354,False,both,left,none,none,0,moving_average,4,2.0,peak,11,-1,-1,11,False,0.23620522157239324,False,False,False,False,False,False,False,,
frame_000034.jpg,31.94544274803849,31.767314020203784,34,True,0.022474056983692394,0.0014025809901803531,0.06817672428217052,0.3787595793453918,False,False,False,False,False,0.24665335264074786,0.1618139407106175,0.18,False,False,True,True,True,31.94544274803849,31.767314020203784,31.94544274803849,31.767314020203784,False,False,False,False,0.21459867954133272,0.14885550928682983,0.21459867954133272,False,both,left,none,none,0,moving_average,4,2.0,peak,11,-1,-1,11,False,0.2357678302033703,False,False,False,False,False,False,False,,
frame_000035.jpg,32.039906609992514,31.68788210893002,35,True,0.05183090426216257,0.03230612497552451,0.06813916989904581,0.37855094388358784,False,False,False,False,False,0.24665335264074786,0.1618139407106175,0.18,False,False,True,True,True,32.039906609992514,31.68788210893002,32.039906609992514,31.68788210893002,False,False,False,False,0.24569631848085474,0.12507617151233003,0.24569631848085474,False,both,left,none,none,0,moving_average,4,2.0,peak,11,-1,-1,11,False,0.24391227877097454,False,False,False,False,False,False,False,,
frame_000036.jpg,32.1181125867866,31.878800015103444,36,True,0.14939071866838133,0.03324169635116993,0.0674010516850732,0.6056707402066812,False,False,False,False,False,0.24665335264074786,0.1618139407106175,0.18,False,False,True,True,True,32.1181125867866,31.878800015103444,32.1181125867866,31.878800015103444,False,False,False,False,0.2714418382907362,0.1822307999896831,0.2714418382907362,False,both,left,none,none,0,moving_average,4,2.0,peak,11,-1,-1,11,False,0.2607047932977532,False,False,False,False,False,False,False,,
frame_000037.jpg,32.09847228612048,31.89456863678993,37,True,0.18000907397051255,0.02858897925520232,0.01680620363244598,0.7298059079403509,False,False,False,False,True,0.24665335264074786,0.1618139407106175,0.18,False,False,True,True,True,32.09847228612048,31.89456863678993,32.09847228612048,31.89456863678993,False,False,True,True,0.26497622312166885,0.1869514138501369,0.26497622312166885,False,both,left,none,none,0,moving_average,4,2.0,peak,11,-1,-1,11,False,0.33701204046229183,False,False,False,False,False,False,False,,
frame_000038.jpg,32.7352916142619,32.351391428082955,38,True,0.3807732350330075,0.005769931436529672,0.02199176583597465,1.5437586027367163,True,False,False,True,True,0.24665335264074786,0.1618139407106175,0.18,False,False,True,True,True,32.7352916142619,32.351391428082955,32.7352916142619,32.351391428082955,False,False,True,True,0.47461805997447054,0.3237093400167009,0.47461805997447054,False,both,left,none,none,0,moving_average,4,2.0,peak,11,-1,-1,11,False,0.40450505415160687,False,False,False,False,False,False,False,,
frame_000039.jpg,,,39,False,,,,0.0,False,False,False,False,True,0.24665335264074786,0.1618139407106175,0.18,True,True,False,False,False,,,32.733173820895814,32.346406749765514,True,True,False,False,0.4739208793586812,0.3222170890119486,0.4739208793586812,False,missing,left,none,none,0,moving_average,4,2.0,peak,11,-1,-1,11,False,0.4739208793586812,True,False,False,False,False,False,False,4,
frame_000040.jpg,,,40,False,,,,0.0,False,False,False,False,False,0.24665335264074786,0.1618139407106175,0.18,True,True,False,False,False,,,32.73105602752973,32.34142207144807,True,True,False,False,0.4732236987428919,0.3207248380071963,0.4732236987428919,False,missing,left,none,none,0,moving_average,4,2.0,peak,11,-1,-1,11,False,0.47322369874289183,False,False,False,False,False,False,False,,
frame_000041.jpg,,,41,False,,,,0.0,False,False,False,False,False,0.24665335264074786,0.1618139407106175,0.18,True,True,False,False,False,,,32.72893823416365,32.33643739313062,True,True,False,False,0.47252651812710256,0.3192325870024419,0.47252651812710256,False,missing,left,none,none,0,moving_average,4,2.0,peak,11,-1,-1,11,False,0.47252651812710256,False,False,False,False,False,False,False,,
frame_000042.jpg,,,42,True,,,,0.0,False,False,False,False,False,0.24665335264074786,0.1618139407106175,0.18,True,True,False,False,False,,,32.72682044079757,32.33145271481318,True,True,False,False,0.47182933751131323,0.31774033599768964,0.47182933751131323,False,missing,left,none,none,0,moving_average,4,2.0,peak,11,-1,-1,11,False,0.47182933751131323,False,False,False,False,False,False,False,,
frame_000043.jpg,,,43,False,,,,0.0,False,False,False,False,False,0.24665335264074786,0.1618139407106175,0.18,True,True,False,False,False,,,32.724702647431485,32.32646803649574,True,True,False,False,0.47113215689552396,0.31624808499293733,0.47113215689552396,False,missing,left,none,none,0,moving_average,4,2.0,peak,11,-1,-1,11,False,0.4711321568955239,False,False,False,False,False,False,False,,
frame_000044.jpg,,,44,False,,,,0.0,False,False,False,False,False,0.24665335264074786,0.1618139407106175,0.18,True,True,False,False,False,,,32.7225848540654,32.3214833581783,True,True,False,False,0.47043497627973463,0.3147558339881851,0.47043497627973463,False,missing,left,none,none,0,moving_average,4,2.0,peak,11,-1,-1,11,False,0.47043497627973463,False,False,False,False,False,False,False,,
frame_000045.jpg,,,45,False,,,,0.0,False,False,False,False,False,0.24665335264074786,0.1618139407106175,0.18,True,True,False,False,False,,,32.72046706069932,32.31649867986086,True,True,False,False,0.4697377956639453,0.31326358298343276,0.4697377956639453,False,missing,left,none,none,0,moving_average,4,2.0,peak,11,-1,-1,11,False,0.4697377956639453,False,False,False,False,False,False,False,,
frame_000046.jpg,,,46,False,,,,0.0,False,False,False,False,False,0.24665335264074786,0.1618139407106175,0.18,True,True,False,False,False,,,32.71834926733324,32.311514001543415,True,True,False,False,0.469040615048156,0.3117713319786805,0.469040615048156,False,missing,left,none,none,0,moving_average,4,2.0,peak,11,-1,-1,11,False,0.469040615048156,False,False,False,False,False,False,False,,
frame_000047.jpg,,,47,False,,,,0.0,False,False,False,False,False,0.24665335264074786,0.1618139407106175,0.18,True,True,False,False,False,,,32.716231473967156,32.306529323225966,True,True,False,False,0.46834343443236665,0.3102790809739261,0.46834343443236665,False,missing,left,none,none,0,moving_average,4,2.0,peak,11,-1,-1,11,False,0.46834343443236665,False,False,False,False,False,False,False,,
frame_000048.jpg,,,48,False,,,,0.0,False,False,False,False,False,0.24665335264074786,0.1618139407106175,0.18,True,True,False,False,False,,,32.71411368060107,32.301544644908525,True,True,False,False,0.4676462538165773,0.30878682996917384,0.4676462538165773,False,missing,left,none,none,0,moving_average,4,2.0,peak,11,-1,-1,11,False,0.4676462538165773,False,False,False,False,False,False,False,,
frame_000049.jpg,,,49,False,,,,0.0,False,False,False,False,False,0.24665335264074786,0.1618139407106175,0.18,True,True,False,False,False,,,32.71199588723499,32.29655996659108,True,True,False,False,0.466949073200788,0.3072945789644215,0.466949073200788,False,missing,left,none,none,0,moving_average,4,2.0,peak,11,-1,-1,11,False,0.466949073200788,False,False,False,False,False,False,False,,
frame_000050.jpg,,,50,False,,,,0.0,False,False,False,False,False,0.24665335264074786,0.1618139407106175,0.18,True,True,False,False,False,,,32.70987809386891,32.29157528827364,True,True,False,False,0.46625189258499866,0.3058023279596693,0.46625189258499866,False,missing,left,none,none,0,moving_average,4,2.0,peak,11,-1,-1,11,False,0.46625189258499866,False,False,False,False,False,False,False,,
frame_000051.jpg,,,51,False,,,,0.0,False,False,False,False,False,0.24665335264074786,0.1618139407106175,0.18,True,True,False,False,False,,,32.70776030050283,32.2865906099562,True,True,False,False,0.46555471196920933,0.30431007695491696,0.46555471196920933,False,missing,left,none,none,0,moving_average,4,2.0,peak,11,-1,-1,11,False,0.46555471196920933,False,False,False,False,False,False,False,,
frame_000052.jpg,,,52,False,,,,0.0,False,False,False,False,False,0.24665335264074786,0.1618139407106175,0.18,True,True,False,False,False,,,32.705642507136744,32.28160593163875,True,True,False,False,0.46485753135342,0.30281782595016254,0.46485753135342,False,missing,left,none,none,0,moving_average,4,2.0,peak,11,-1,-1,11,False,0.46485753135342,False,False,False,False,False,False,False,,
frame_000053.jpg,,,53,False,,,,0.0,False,False,False,False,False,0.24665335264074786,0.1618139407106175,0.18,True,True,False,False,False,,,32.70352471377066,32.27662125332131,True,True,False,False,0.46416035073763073,0.3013255749454103,0.46416035073763073,False,missing,left,none,none,0,moving_average,4,2.0,peak,11,-1,-1,11,False,0.4641603507376307,False,False,False,False,False,False,False,,
frame_000054.jpg,,,54,False,,,,0.0,False,False,False,False,False,0.24665335264074786,0.1618139407106175,0.18,True,True,False,False,False,,,32.70140692040458,32.27163657500387,True,True,False,False,0.4634631701218414,0.299833323940658,0.4634631701218414,False,missing,left,none,none,0,moving_average,4,2.0,peak,11,-1,-1,11,False,0.46346317012184135,False,False,False,False,False,False,False,,
frame_000055.jpg,,,55,False,,,,0.0,False,False,False,False,False,0.24665335264074786,0.1618139407106175,0.18,True,True,False,False,False,,,32.6992891270385,32.266651896686426,True,True,False,False,0.4627659895060521,0.2983410729359057,0.4627659895060521,False,missing,left,none,none,0,moving_average,4,2.0,peak,11,-1,-1,11,False,0.462765989506052,False,False,False,False,False,False,False,,
frame_000056.jpg,,,56,False,,,,0.0,False,False,False,False,False,0.24665335264074786,0.1618139407106175,0.18,True,True,False,False,False,,,32.697171333672415,32.261667218368984,True,True,False,False,0.46206880889026275,0.2968488219311535,0.46206880889026275,False,missing,left,none,none,0,moving_average,4,2.0,peak,11,-1,-1,11,False,0.4620688088902627,False,False,False,False,False,False,False,,
frame_000057.jpg,,,57,False,,,,0.0,False,False,False,False,False,0.24665335264074786,0.1618139407106175,0.18,True,True,False,False,False,,,32.69505354030633,32.25668254005154,True,True,False,False,0.4613716282744734,0.29535657092640116,0.4613716282744734,False,missing,left,none,none,0,moving_average,4,2.0,peak,11,-1,-1,11,False,0.46137162827447337,False,False,False,False,False,False,False,,
frame_000058.jpg,,,58,True,,,,0.0,False,False,False,False,False,0.24665335264074786,0.1618139407106175,0.18,True,True,False,False,False,,,32.69293574694025,32.251697861734094,True,True,False,False,0.4606744476586841,0.29386431992164674,0.4606744476586841,False,missing,left,none,none,0,moving_average,4,2.0,peak,11,-1,-1,11,False,0.46067444765868404,False,False,False,False,False,False,False,,
frame_000059.jpg,,,59,True,0.0,0.0,0.0,0.0,False,False,False,False,True,0.24665335264074786,0.1618139407106175,0.18,True,True,False,False,False,,,32.69081795357417,32.24671318341665,True,True,False,False,0.45997726704289477,0.2923720689168945,0.45997726704289477,False,missing,left,none,none,0,moving_average,4,2.0,peak,11,-1,-1,11,False,0.4599772670428947,False,False,False,False,False,False,False,,
frame_000060.jpg,32.688700160208086,32.24172850509921,60,True,0.48581340114585586,0.040188260977469394,0.043684484893752346,1.969620100211839,True,False,False,True,True,0.24665335264074786,0.1618139407106175,0.18,False,False,True,True,True,32.688700160208086,32.24172850509921,32.688700160208086,32.24172850509921,False,False,True,True,0.45928008642710544,0.2908798179121422,0.45928008642710544,False,both,left,none,none,0,moving_average,4,2.0,peak,11,-1,-1,11,False,0.4222564779448228,False,False,False,False,False,False,False,,
frame_000061.jpg,32.34918764878848,31.89867847018394,61,True,0.3014078232258812,0.021923620985104097,0.032039248304684916,1.2219895655133608,True,False,False,True,True,0.24665335264074786,0.1618139407106175,0.18,False,False,True,True,True,32.34918764878848,31.89867847018394,32.34918764878848,31.89867847018394,False,False,True,True,0.34751208036446823,0.18818176466136438,0.34751208036446823,False,both,left,none,none,0,moving_average,4,2.0,peak,11,-1,-1,11,False,0.3663862240662473,False,False,False,False,False,False,False,,
frame_000062.jpg,32.18167448194413,31.75662556820478,62,True,0.21493464016734493,0.010749799467574286,0.0033965884981198464,0.8714036840212691,False,False,False,False,True,0.24665335264074786,0.1618139407106175,0.18,False,False,True,True,True,32.18167448194413,31.75662556820478,32.18167448194413,31.75662556820478,False,False,True,True,0.29236650540716846,0.14565573344995125,0.29236650540716846,False,both,left,none,none,0,moving_average,4,2.0,peak,11,-1,-1,11,False,0.28019979391770744,False,False,False,False,False,False,False,,
frame_000063.jpg,31.903286541923908,31.557764095942147,63,True,0.2717623777268413,0.07263837114212329,0.002852486387702663,1.1017988396154699,True,False,False,True,True,0.24665335264074786,0.1618139407106175,0.18,False,False,True,True,True,31.903286541923908,31.557764095942147,31.903286541923908,31.557764095942147,False,False,True,True,0.20072079598148562,0.08612305894373853,0.20072079598148562,False,both,left,none,none,0,moving_average,4,2.0,peak,11,-1,-1,11,False,0.23126936579004653,False,False,False,False,False,False,False,,
frame_000064.jpg,31.903286541923908,31.557764095942147,64,True,0.0,0.0,0.0,0.0,False,False,False,False,True,0.24665335264074786,0.1618139407106175,0.18,False,False,True,True,True,31.903286541923908,31.557764095942147,31.903286541923908,31.557764095942147,False,False,True,True,0.20072079598148562,0.08612305894373853,0.20072079598148562,False,both,left,none,none,0,moving_average,4,2.0,peak,11,-1,-1,11,False,0.21446497339361156,False,False,False,False,False,False,False,,
frame_000065.jpg,32.02853670129346,31.81719791699441,65,True,0.426018253424651,0.0018613195255365812,0.0028430478848923708,1.7271942540556067,True,False,False,True,True,0.24665335264074786,0.1618139407106175,0.18,False,False,True,True,True,32.02853670129346,31.81719791699441,32.02853670129346,31.81719791699441,False,False,True,True,0.24195332821786347,0.1637891299472248,0.24195332821786347,False,both,left,none,none,0,moving_average,4,2.0,peak,11,-1,-1,11,False,0.26094182803897503,False,False,False,False,False,False,False,,
frame_000066.jpg,32.32682832814907,31.985048560641243,66,True,1.2292696490260677,0.03978183010303145,0.04836862825778289,4.9837946083648275,True,False,False,True,True,0.24665335264074786,0.1618139407106175,0.18,False,False,True,True,True,32.32682832814907,31.985048560641243,32.32682832814907,31.985048560641243,False,False,True,True,0.34015135991757606,0.21403816823599014,0.34015135991757606,False,both,left,none,none,0,moving_average,4,2.0,peak,11,-1,-1,11,False,0.34597891105540124,False,False,False,False,False,False,False,,
frame_000067.jpg,32.67822620406276,32.20625429454797,67,True,0.3559204662768292,0.03968476691960095,0.03896916769267384,1.4429986962116408,True,False,False,True,True,0.24665335264074786,0.1618139407106175,0.18,False,False,True,True,True,32.67822620406276,32.20625429454797,32.67822620406276,32.20625429454797,False,False,True,True,0.45583204503076424,0.2802599899178945,0.45583204503076424,False,both,left,none,none,0,moving_average,4,2.0,peak,11,-1,-1,11,False,0.4156990789397699,False,False,False,False,False,False,False,,
frame_000068.jpg,32.66389390579847,32.30970599491441,68,True,0.3595300429016645,0.039577132524874194,0.03093578791282091,1.4576329048538101,True,False,False,True,True,0.24665335264074786,0.1618139407106175,0.18,False,False,True,True,True,32.66389390579847,32.30970599491441,32.66389390579847,32.30970599491441,False,False,True,True,0.4511138318709694,0.3112300734386276,0.4511138318709694,False,both,left,none,none,0,moving_average,4,2.0,peak,11,-1,-1,11,False,0.452686569590901,True,False,False,False,False,False,False,5,
frame_000069.jpg,32.66389390579847,32.30970599491441,69,True,0.0,0.0,0.0,0.0,False,False,False,False,True,0.24665335264074786,0.1618139407106175,0.18,False,False,True,True,True,32.66389390579847,32.30970599491441,32.66389390579847,32.30970599491441,False,False,True,True,0.4511138318709694,0.3112300734386276,0.4511138318709694,False,both,left,none,none,0,moving_average,4,2.0,peak,11,-1,-1,11,False,0.4395225162947196,False,False,False,False,False,False,False,,
frame_000070.jpg,32.558262693417056,31.84608249871279,70,True,0.9135339064029849,0.1284645569914911,0.05503149003469976,3.703715747718024,True,False,False,True,True,0.24665335264074786,0.1618139407106175,0.18,False,False,True,True,True,32.558262693417056,31.84608249871279,32.558262693417056,31.84608249871279,False,False,True,True,0.4163398851422201,0.17243623681072728,0.4163398851422201,False,both,left,none,none,0,moving_average,4,2.0,peak,11,-1,-1,11,False,0.42793120071846985,False,False,False,False,False,False,False,,
frame_000071.jpg,32.558262693417056,31.84608249871279,71,True,0.0,0.0,0.0,0.0,False,False,False,False,True,0.24665335264074786,0.1618139407106175,0.18,False,False,True,True,True,32.558262693417056,31.84608249871279,32.558262693417056,31.84608249871279,False,False,True,True,0.4163398851422201,0.17243623681072728,0.4163398851422201,False,both,left,none,none,0,moving_average,4,2.0,peak,11,-1,-1,11,False,0.3524290261546189,False,False,False,False,False,False,False,,
frame_000072.jpg,31.975845497130013,31.43527683696319,72,True,0.9132726375628686,0.040576057381504126,0.0663655140047318,3.702656492543427,True,False,False,True,True,0.24665335264074786,0.1618139407106175,0.18,False,False,True,True,True,31.975845497130013,31.43527683696319,31.975845497130013,31.43527683696319,False,False,True,True,0.22460730817941654,0.049454346613569004,0.22460730817941654,False,both,left,none,none,0,moving_average,4,2.0,peak,11,-1,-1,11,False,0.26678136858591384,False,False,False,False,False,False,False,,
frame_000073.jpg,31.777758888900905,31.537466884535046,73,True,0.2129855991884036,0.10679223245331253,0.003229505436461569,0.863501740025478,False,False,False,False,True,0.24665335264074786,0.1618139407106175,0.18,False,False,True,True,True,31.777758888900905,31.537466884535046,31.777758888900905,31.537466884535046,False,False,True,True,0.1593969124361048,0.08004673221069046,0.1593969124361048,False,both,left,none,none,0,moving_average,4,2.0,peak,11,-1,-1,11,False,0.20967403468150875,False,False,False,False,False,False,False,,
frame_000074.jpg,32.03784575916048,31.620633698985408,74,True,0.2160008331254313,0.029638984053314988,0.03949740886335893,0.875726321223121,False,False,False,False,False,0.24665335264074786,0.1618139407106175,0.18,False,False,True,True,True,32.03784575916048,31.620633698985408,32.03784575916048,31.620633698985408,False,False,False,False,0.24501788342900496,0.10494417885059622,0.24501788342900496,False,both,left,none,none,0,moving_average,4,2.0,peak,11,-1,-1,11,False,0.26364143280836466,False,False,False,False,False,False,False,,
frame_000075.jpg,32.4676483175873,32.01282949983633,75,True,0.16301704178686394,0.06982620249686346,0.02523685461942707,0.6609155725699755,False,False,False,False,False,0.24665335264074786,0.1618139407106175,0.18,False,False,True,True,True,32.4676483175873,32.01282949983633,32.4676483175873,32.01282949983633,False,False,False,False,0.3865095025599843,0.22235488032587006,0.3865095025599843,False,both,left,none,none,0,moving_average,4,2.0,peak,11,-1,-1,11,False,0.32799880982405155,False,False,False,False,False,False,False,,
frame_000076.jpg,32.36424518677927,32.11057086909013,76,True,0.045092846781321784,0.013654075114349427,0.012018952285149528,0.18281870608505288,False,False,False,False,False,0.24665335264074786,0.1618139407106175,0.18,False,False,True,True,True,32.36424518677927,32.11057086909013,32.36424518677927,32.11057086909013,False,False,False,False,0.35246904348316543,0.25161547593231054,0.35246904348316543,False,both,left,none,none,0,moving_average,4,2.0,peak,11,-1,-1,11,False,0.40376101174204493,False,False,False,False,False,False,False,,
frame_000077.jpg,32.72826378709171,32.1971909858351,77,True,0.04969314606790068,0.04694222754480104,0.00010696529987051091,0.2901000206697327,False,False,False,False,False,0.24665335264074786,0.1618139407106175,0.18,False,False,True,True,True,32.72826378709171,32.1971909858351,32.72826378709171,32.1971909858351,False,False,False,False,0.4723044891829851,0.27754672926758667,0.4723044891829851,False,both,left,none,none,0,moving_average,4,2.0,peak,11,-1,-1,11,False,0.4295975000587554,False,False,False,False,False,False,False,,
frame_000078.jpg,32.70309524046844,32.167354997120896,78,True,0.031131672743481466,0.03279152104289448,0.020693433081237125,0.2026495424243929,False,False,False,False,False,0.24665335264074786,0.1618139407106175,0.18,False,False,True,True,True,32.70309524046844,32.167354997120896,32.70309524046844,32.167354997120896,False,False,False,False,0.46401896751011584,0.26861480200946025,0.46401896751011584,False,both,left,none,none,0,moving_average,4,2.0,peak,11,-1,-1,11,False,0.45839791084914255,True,False,False,False,False,False,False,6,
frame_000079.jpg,32.626702221001054,32.23310612530939,79,True,0.015445068167501744,0.008198052873546236,0.01952905319758201,0.10849473998656674,False,False,False,False,False,0.24665335264074786,0.1618139407106175,0.18,False,False,True,True,True,32.626702221001054,32.23310612530939,32.626702221001054,32.23310612530939,False,False,False,False,0.43887027585432664,0.28829855707938334,0.43887027585432664,False,both,left,none,none,0,moving_average,4,2.0,peak,11,-1,-1,11,False,0.4106515141971662,False,False,False,False,False,False,False,,
frame_000080.jpg,32.293152713459484,32.057363087745905,80,True,0.01584132490297721,0.017960098311027878,0.003951210929237649,0.11099228059186261,False,False,False,False,False,0.24665335264074786,0.1618139407106175,0.18,False,False,True,True,True,32.293152713459484,32.057363087745905,32.293152713459484,32.057363087745905,False,False,False,False,0.3290652992270562,0.2356867920503958,0.3290652992270562,False,both,left,none,none,0,moving_average,4,2.0,peak,11,-1,-1,11,False,0.35655064111563983,False,False,False,False,False,False,False,,
frame_000081.jpg,32.21007606789033,31.962733583101578,81,True,0.01342532962477543,0.02762537177813682,0.00095647379291618,0.17072306413661287,False,False,False,False,False,0.24665335264074786,0.1618139407106175,0.18,False,False,True,True,True,32.21007606789033,31.962733583101578,32.21007606789033,31.962733583101578,False,False,False,False,0.30171634826553667,0.20735778777130245,0.30171634826553667,False,both,left,none,none,0,moving_average,4,2.0,peak,11,-1,-1,11,False,0.3250062958981508,False,False,False,False,False,False,False,,
frame_000082.jpg,32.33923981803375,31.92855293141823,82,True,0.029219633312683065,0.026131935241757723,0.013813234096735384,0.16149372005278073,False,False,False,False,False,0.24665335264074786,0.1618139407106175,0.18,False,False,True,True,True,32.33923981803375,31.92855293141823,32.33923981803375,31.92855293141823,False,False,False,False,0.34423724020185953,0.19712520934410716,0.34423724020185953,False,both,left,none,none,0,moving_average,4,2.0,peak,11,-1,-1,11,False,0.31845859203594074,False,False,False,False,False,False,False,,
frame_000083.jpg,32.233483740362345,31.89625716483713,83,True,0.0386371512442662,0.0019818958790056573,0.0012865886846797868,0.15664555470503355,False,False,False,False,False,0.24665335264074786,0.1618139407106175,0.18,False,False,True,True,True,32.233483740362345,31.89625716483713,32.233483740362345,31.89625716483713,False,False,False,False,0.30942218764042595,0.1874569043782158,0.30942218764042595,False,both,left,none,none,0,moving_average,4,2.0,peak,11,-1,-1,11,False,0.3595412437551465,False,False,False,False,False,False,False,,
frame_000084.jpg,32.584460690618975,32.12123248646658,84,True,0.012809149598369046,0.011320122414199593,0.0042043539297005154,0.06995764619838356,False,False,False,False,False,0.24665335264074786,0.1618139407106175,0.18,False,False,True,True,True,32.584460690618975,32.12123248646658,32.584460690618975,32.12123248646658,False,False,False,False,0.42496430342315406,0.2548072183536061,0.42496430342315406,False,both,left,none,none,0,moving_average,4,2.0,peak,11,-1,-1,11,False,0.3998434438741644,False,False,False,False,False,False,False,,
frame_000085.jpg,32.70651221539069,32.21976918557132,85,True,0.05406426530444993,0.04587452133561221,0.03185208371176147,0.2835016632939719,False,False,False,False,False,0.24665335264074786,0.1618139407106175,0.18,False,False,True,True,True,32.70651221539069,32.21976918557132,32.70651221539069,32.21976918557132,False,False,False,False,0.4651438405589133,0.2843059099200243,0.4651438405589133,False,both,left,none,none,0,moving_average,4,2.0,peak,11,-1,-1,11,False,0.46139561443000965,False,False,False,False,False,False,False,,
frame_000086.jpg,32.79440629982086,32.15283518170559,86,True,0.042377167482577104,0.002442002388200499,0.0032679259342857274,0.1718086011354555,False,False,False,False,False,0.24665335264074786,0.1618139407106175,0.18,False,False,True,True,True,32.79440629982086,32.15283518170559,32.79440629982086,32.15283518170559,False,False,False,False,0.4940786993079616,0.26426804024020184,0.4940786993079616,False,both,left,none,none,0,moving_average,4,2.0,peak,11,-1,-1,11,False,0.48605966030240183,False,False,False,False,False,False,False,,
frame_000087.jpg,32.80922319066424,32.11443947141805,87,True,0.004406270325526313,0.0045693866970911825,0.0021595393107807738,0.028238523065592457,False,False,False,False,False,0.24665335264074786,0.1618139407106175,0.18,False,False,True,True,True,32.80922319066424,32.11443947141805,32.80922319066424,32.11443947141805,False,False,False,False,0.49895644104033066,0.2527736099869446,0.49895644104033066,False,both,left,none,none,0,moving_average,4,2.0,peak,11,-1,-1,11,False,0.494951371225178,True,False,False,False,False,False,False,7,
frame_000088.jpg,32.78754203454619,32.13631611436964,88,True,0.003655975597858769,0.0011485320994300678,0.0010352516793539854,0.01482232274046451,False,False,False,False,False,0.24665335264074786,0.1618139407106175,0.18,False,False,True,True,True,32.78754203454619,32.13631611436964,32.78754203454619,32.13631611436964,False,False,False,False,0.49181897332724195,0.25932276729382403,0.49181897332724195,False,both,left,none,none,0,moving_average,4,2.0,peak,11,-1,-1,11,False,0.49103661171318397,False,False,False,False,False,False,False,,
frame_000089.jpg,32.75873124717361,32.06777482103605,89,True,0.006903775817218323,0.007702850298364834,0.005710728938381334,0.04760313150113776,False,False,False,False,False,0.24665335264074786,0.1618139407106175,0.18,False,False,True,True,True,32.75873124717361,32.06777482103605,32.75873124717361,32.06777482103605,False,False,False,False,0.4823344207719794,0.2388037272815163,0.4823344207719794,False,both,left,none,none,0,moving_average,4,2.0,peak,11,-1,-1,11,False,0.4854959382904002,False,False,False,False,False,False,False,,
frame_000090.jpg,32.75873124717361,32.06777482103605,90,True,0.0,0.0,0.0,0.0,False,False,False,False,False,0.24665335264074786,0.1618139407106175,0.18,False,False,True,True,True,32.75873124717361,32.06777482103605,32.75873124717361,32.06777482103605,False,False,False,False,0.4823344207719794,0.2388037272815163,0.4823344207719794,False,both,left,none,none,0,moving_average,4,2.0,peak,11,-1,-1,11,False,0.44622618418767684,False,False,False,False,False,False,False,,
frame_000091.jpg,32.42967827796882,32.023902712490646,91,True,0.02184127404038787,0.0250837137378559,0.003308647997828786,0.1550157769330564,False,False,False,False,False,0.24665335264074786,0.1618139407106175,0.18,False,False,True,True,True,32.42967827796882,32.023902712490646,32.42967827796882,32.023902712490646,False,False,False,False,0.3740097110190719,0.22566984102281648,0.3740097110190719,False,both,left,none,none,0,moving_average,4,2.0,peak,11,-1,-1,11,False,0.4027403766517078,False,False,False,False,False,False,False,,
frame_000092.jpg,32.362446758049614,31.929282000588536,92,True,0.01627411500409001,0.0009071188459642349,0.009449609330751627,0.06597970321446779,False,False,False,False,False,0.24665335264074786,0.1618139407106175,0.18,False,False,True,True,True,32.362446758049614,31.929282000588536,32.362446758049614,31.929282000588536,False,False,False,False,0.35187699816407225,0.19734346900554098,0.35187699816407225,False,both,left,none,none,0,moving_average,4,2.0,peak,11,-1,-1,11,False,0.3576616746653234,False,False,False,False,False,False,False,,
frame_000093.jpg,32.347930772276804,31.76709673384465,93,True,0.016729084033648423,0.0066936784332530235,0.0026713097989949607,0.06782427181524849,False,False,False,False,False,0.24665335264074786,0.1618139407106175,0.18,False,False,True,True,True,32.347930772276804,31.76709673384465,32.347930772276804,31.76709673384465,False,False,False,False,0.34709831481282616,0.14879046079882544,0.34709831481282616,False,both,left,none,none,0,moving_average,4,2.0,peak,11,-1,-1,11,False,0.34422617852426896,False,False,False,False,False,False,False,,
frame_000094.jpg,32.307241119133,31.751143748696297,94,True,0.009626322713960224,0.0050149143653356555,0.0033856208056611027,0.039027739176856126,False,False,False,False,False,0.24665335264074786,0.1618139407106175,0.18,False,False,True,True,True,32.307241119133,31.751143748696297,32.307241119133,31.751143748696297,False,False,False,False,0.3337032225959085,0.14401465449791942,0.3337032225959085,False,both,left,none,none,0,moving_average,4,2.0,peak,11,-1,-1,11,False,0.3471313124100987,False,False,False,False,False,False,False,,
frame_000095.jpg,32.388921131253575,31.952876778639776,95,True,0.004085257537424999,0.0008638369340909485,0.003375246455614385,0.018751369197857696,False,False,False,False,False,0.24665335264074786,0.1618139407106175,0.18,False,False,True,True,True,32.388921131253575,31.952876778639776,32.388921131253575,31.952876778639776,False,False,False,False,0.36059239982156155,0.2044069802316659,0.36059239982156155,False,both,left,none,none,0,moving_average,4,2.0,peak,11,-1,-1,11,False,0.3793662200206591,False,False,False,False,False,False,False,,
frame_000096.jpg,32.641686243733645,31.90031798269388,96,True,0.03354573953642833,0.002985100247318502,0.016072556952169224,0.13600358226343637,False,False,False,False,False,0.24665335264074786,0.1618139407106175,0.18,False,False,True,True,True,32.641686243733645,31.90031798269388,32.641686243733645,31.90031798269388,False,False,False,False,0.44380303764450735,0.18867258152746094,0.44380303764450735,False,both,left,none,none,0,moving_average,4,2.0,peak,11,-1,-1,11,False,0.4319520534743151,False,False,False,False,False,False,False,,
frame_000097.jpg,32.78645379393741,31.962493418026703,97,True,0.013378454458362905,0.05872808755179613,0.0055893789918955855,0.3629358959672296,False,False,False,False,False,0.24665335264074786,0.1618139407106175,0.18,False,False,True,True,True,32.78645379393741,31.962493418026703,32.78645379393741,31.962493418026703,False,False,False,False,0.49146072295687654,0.20728589013790175,0.49146072295687654,False,both,left,none,none,0,moving_average,4,2.0,peak,11,-1,-1,11,False,0.47005496969062655,False,False,False,False,False,False,False,,
frame_000098.jpg,32.7361515391154,31.973701462873866,98,True,0.011813487069129812,0.06754693859239412,0.006307007558731249,0.41743584202792977,False,False,False,False,False,0.24665335264074786,0.1618139407106175,0.18,False,False,True,True,True,32.7361515391154,31.973701462873866,32.7361515391154,31.973701462873866,False,False,False,False,0.47490114847049564,0.21064121521995655,0.47490114847049564,False,both,left,none,none,0,moving_average,4,2.0,peak,11,-1,-1,11,False,0.49200750660247994,False,False,False,False,False,False,False,,
frame_000099.jpg,32.84173886706124,32.00202819889119,99,True,0.012569777533221943,0.07071345132351954,0.00680478164968343,0.43700469201217373,False,False,False,False,False,0.24665335264074786,0.1618139407106175,0.18,False,False,True,True,True,32.84173886706124,32.00202819889119,32.84173886706124,32.00202819889119,False,False,False,False,0.5096606483800677,0.21912132117489777,0.5096606483800677,False,both,left,none,none,0,moving_average,4,2.0,peak,11,-1,-1,11,False,0.49628568225008063,False,False,False,False,False,False,False,,
frame_000100.jpg,32.825440643830675,31.98599427153756,100,True,0.002294573045238399,0.003855914418051235,0.001656374236479602,0.023829309150483022,False,False,False,False,False,0.24665335264074786,0.1618139407106175,0.18,False,False,True,True,True,32.825440643830675,31.98599427153756,32.825440643830675,31.98599427153756,False,False,False,False,0.5042952498996787,0.214321283403181,0.5042952498996787,False,both,left,none,none,0,moving_average,4,2.0,peak,11,-1,-1,11,False,0.5069415877875589,True,False,False,False,False,False,False,8,
frame_000101.jpg,32.833258395842854,32.0326481924373,101,True,0.003971112010771339,0.004792610074904484,0.004817116822814744,0.02961802953353335,False,False,False,False,False,0.24665335264074786,0.1618139407106175,0.18,False,False,True,True,True,32.833258395842854,32.0326481924373,32.833258395842854,32.0326481924373,False,False,False,False,0.5068688650829306,0.22828795404964342,0.5068688650829306,False,both,left,none,none,0,moving_average,4,2.0,peak,11,-1,-1,11,False,0.48826339723016504,False,False,False,False,False,False,False,,
frame_000102.jpg,32.6715252359432,31.858241483890573,102,True,0.014665274891360672,0.010095300659447309,0.0014313189727312584,0.062388324609814666,False,False,False,False,False,0.24665335264074786,0.1618139407106175,0.18,False,False,True,True,True,32.6715252359432,31.858241483890573,32.6715252359432,31.858241483890573,False,False,False,False,0.4536260767078859,0.17607624258298119,0.4536260767078859,False,both,left,none,none,0,moving_average,4,2.0,peak,11,-1,-1,11,False,0.45704291020853705,False,False,False,False,False,False,False,,
frame_000103.jpg,32.54092954812814,31.84204481573393,103,True,0.018816052692812855,0.06402094101001109,0.003064408172346797,0.39564539822007017,False,False,False,False,False,0.24665335264074786,0.1618139407106175,0.18,False,False,True,True,True,32.54092954812814,31.84204481573393,32.54092954812814,31.84204481573393,False,False,False,False,0.4106337888347948,0.1712274854935181,0.4106337888347948,False,both,left,none,none,0,moving_average,4,2.0,peak,11,-1,-1,11,False,0.41533125759854006,False,False,False,False,False,False,False,,
frame_000104.jpg,32.453141712223776,32.11126565582288,104,True,0.04109742822310085,0.0362931166548965,0.031249283063380963,0.2242891835864863,False,False,False,False,False,0.24665335264074786,0.1618139407106175,0.18,False,False,True,True,True,32.453141712223776,32.11126565582288,32.453141712223776,32.11126565582288,False,False,False,False,0.38173390725293965,0.25182347254392906,0.38173390725293965,False,both,left,none,none,0,moving_average,4,2.0,peak,11,-1,-1,11,False,0.3888401417102249,False,False,False,False,False,False,False,,
frame_000105.jpg,32.43011271721644,32.09607103184134,105,True,0.0017493245413382056,7.996513384620307e-05,0.0063195708705381,0.035108727058545,False,False,False,False,False,0.24665335264074786,0.1618139407106175,0.18,False,False,True,True,True,32.43011271721644,32.09607103184134,32.43011271721644,32.09607103184134,False,False,False,False,0.3741527290429403,0.24727469497809249,0.3741527290429403,False,both,left,none,none,0,moving_average,4,2.0,peak,11,-1,-1,11,False,0.37508547100093226,False,False,False,False,False,False,False,,
frame_000106.jpg,32.41558376374568,32.03402880161234,106,True,0.009591315011306077,0.010766850438855969,6.182869933721649e-05,0.06653846010777918,False,False,False,False,False,0.24665335264074786,0.1618139407106175,0.18,False,False,True,True,True,32.41558376374568,32.03402880161234,32.41558376374568,32.03402880161234,False,False,False,False,0.369369776706917,0.22870126365508175,0.369369776706917,False,both,left,none,none,0,moving_average,4,2.0,peak,11,-1,-1,11,False,0.40280715308012993,False,False,False,False,False,False,False,,
frame_000107.jpg,32.70576833325009,32.08394677384424,107,True,0.030018215511245398,0.025545623542458585,0.028042862406882526,0.15787035054132637,False,False,False,False,False,0.24665335264074786,0.1618139407106175,0.18,False,False,True,True,True,32.70576833325009,32.08394677384424,32.70576833325009,32.08394677384424,False,False,False,False,0.4648989534905325,0.24364508539732105,0.4648989534905325,False,both,left,none,none,0,moving_average,4,2.0,peak,11,-1,-1,11,False,0.44147766907353203,False,False,False,False,False,False,False,,
frame_000108.jpg,32.78251563998454,32.057775104812734,108,True,0.013299722606252586,0.004377653255753928,0.005177047408409327,0.05392070476181086,False,False,False,False,False,0.24665335264074786,0.1618139407106175,0.18,False,False,True,True,True,32.78251563998454,32.057775104812734,32.78251563998454,32.057775104812734,False,False,False,False,0.49016427702314674,0.2358101365959804,0.49016427702314674,False,both,left,none,none,0,moving_average,4,2.0,peak,11,-1,-1,11,False,0.4795317811211526,False,False,False,False,False,False,False,,
frame_000109.jpg,32.76236942109802,32.11807641650646,109,True,0.010958184362536393,0.010753850648943892,0.0028450831438244528,0.06645812222184064,False,False,False,False,False,0.24665335264074786,0.1618139407106175,0.18,False,False,True,True,True,32.76236942109802,32.11807641650646,32.76236942109802,32.11807641650646,False,False,False,False,0.4835321128497785,0.25386239337812505,0.4835321128497785,False,both,left,none,none,0,moving_average,4,2.0,peak,11,-1,-1,11,False,0.48557876956908197,True,False,False,False,False,False,False,9,
frame_000110.jpg,32.760874306063045,32.16417457018428,110,True,0.006655117631437176,0.009588394690521501,9.427489630061845e-05,0.059255677529472306,False,False,False,False,False,0.24665335264074786,0.1618139407106175,0.18,False,False,True,True,True,32.760874306063045,32.16417457018428,32.760874306063045,32.16417457018428,False,False,False,False,0.48303991883432096,0.2676626853452614,0.48303991883432096,False,both,left,none,none,0,moving_average,4,2.0,peak,11,-1,-1,11,False,0.48070040116664053,False,False,False,False,False,False,False,,
frame_000111.jpg,32.73805925663415,32.06433931599082,111,True,0.005266124785885432,0.018486745834814376,0.01827927372233843,0.11424692924248991,False,False,False,False,False,0.24665335264074786,0.1618139407106175,0.18,False,False,True,True,True,32.73805925663415,32.06433931599082,32.73805925663415,32.06433931599082,False,False,False,False,0.4755291718158222,0.23777524850533518,0.4755291718158222,False,both,left,none,none,0,moving_average,4,2.0,peak,11,-1,-1,11,False,0.45481207337889,False,False,False,False,False,False,False,,
frame_000112.jpg,32.526450087114,32.123045871424594,112,True,0.01970877605599603,0.05395625270200095,0.05048509350007553,0.33344625602125627,False,False,False,False,False,0.24665335264074786,0.1618139407106175,0.18,False,False,True,True,True,32.526450087114,32.123045871424594,32.526450087114,32.123045871424594,False,False,False,False,0.405867129486527,0.2553500869909118,0.405867129486527,False,both,left,none,none,0,moving_average,4,2.0,peak,11,-1,-1,11,False,0.42345641683518626,False,False,False,False,False,False,False,,
frame_000113.jpg,32.475131415712184,32.05584947573879,113,True,0.010472497279475166,0.003330327354070253,0.002855878300689965,0.04245836177515261,False,False,False,False,False,0.24665335264074786,0.1618139407106175,0.18,False,False,True,True,True,32.475131415712184,32.05584947573879,32.475131415712184,32.05584947573879,False,False,False,False,0.3889729492032096,0.2352336657111251,0.3889729492032096,False,both,left,none,none,0,moving_average,4,2.0,peak,11,-1,-1,11,False,0.3910880729150516,False,False,False,False,False,False,False,,
frame_000114.jpg,32.44308778522775,32.13354944931282,114,True,0.012322809921504353,0.002957992908397407,0.003264160453475079,0.049960034151461954,False,False,False,False,False,0.24665335264074786,0.1618139407106175,0.18,False,False,True,True,True,32.44308778522775,32.13354944931282,32.44308778522775,32.13354944931282,False,False,False,False,0.37842414005541825,0.2584945175156158,0.37842414005541825,False,both,left,none,none,0,moving_average,4,2.0,peak,11,-1,-1,11,False,0.37714753145147445,False,False,False,False,False,False,False,,
frame_000115.jpg,32.399410469706964,32.10755736890412,115,True,0.004886430283684696,0.007610937602449591,0.0012837445718047802,0.04703511680777079,False,False,False,False,False,0.24665335264074786,0.1618139407106175,0.18,False,False,True,True,True,32.399410469706964,32.10755736890412,32.399410469706964,32.10755736890412,False,False,False,False,0.3640455050957956,0.2507133317227902,0.3640455050957956,False,both,left,none,none,0,moving_average,4,2.0,peak,11,-1,-1,11,False,0.37255505242853343,False,False,False,False,False,False,False,,
frame_000116.jpg,32.43328033126553,32.20622093886398,116,True,0.047209065697329834,0.004266885347723282,0.00821572251012282,0.19139843505833115,False,False,False,False,False,0.24665335264074786,0.1618139407106175,0.18,False,False,True,True,True,32.43328033126553,32.20622093886398,32.43328033126553,32.20622093886398,False,False,False,False,0.3751955121343865,0.28025000430803626,0.3751955121343865,False,both,left,none,none,0,moving_average,4,2.0,peak,11,-1,-1,11,False,0.39170669299430305,False,False,False,False,False,False,False,,
frame_000117.jpg,32.61761594803615,32.647681352755654,117,True,0.07524253093955602,0.04685810619442623,0.01007688807844831,0.30505375310728994,False,False,False,False,False,0.24665335264074786,0.1618139407106175,0.18,False,False,True,True,True,32.61761594803615,32.647681352755654,32.61761594803615,32.647681352755654,False,False,False,False,0.4358790617527272,0.4124089329761393,0.4358790617527272,False,both,left,none,none,0,moving_average,4,2.0,peak,11,-1,-1,11,False,0.4195226782512802,False,False,False,False,False,False,False,,
frame_000118.jpg,32.65289647196009,32.68071494522797,118,True,0.048434954318282625,0.06345776642832358,0.0018433459430696741,0.3921650146436349,False,False,False,False,False,0.24665335264074786,0.1618139407106175,0.18,False,False,True,True,True,32.65289647196009,32.68071494522797,32.65289647196009,32.68071494522797,False,False,False,False,0.4474934608667268,0.4222981190816709,0.4474934608667268,False,both,left,none,none,0,moving_average,4,2.0,peak,11,-1,-1,11,False,0.45852363463512896,False,False,False,False,False,False,False,,
frame_000119.jpg,32.78869454458413,32.61196751990278,119,True,0.05712033600086047,0.023381542963502405,0.005980106565610679,0.2315814295216842,False,False,False,False,False,0.24665335264074786,0.1618139407106175,0.18,False,False,True,True,True,32.78869454458413,32.61196751990278,32.78869454458413,32.61196751990278,False,False,False,False,0.49219838128593285,0.40171736983719347,0.49219838128593285,False,both,left,none,none,0,moving_average,4,2.0,peak,11,-1,-1,11,False,0.473705546247116,True,False,False,False,False,False,False,10,
frame_000120.jpg,32.755968123791554,32.34192869400521,120,True,0.05009833525734947,0.0423403753349106,0.032355178220550396,0.26166086277220496,False,False,False,False,False,0.24665335264074786,0.1618139407106175,0.18,False,False,True,True,True,32.755968123791554,32.34192869400521,32.755968123791554,32.34192869400521,False,False,False,False,0.48142479658868853,0.32087650436794757,0.48142479658868853,False,both,left,none,none,0,moving_average,4,2.0,peak,11,-1,-1,11,False,0.43336911783975063,False,False,False,False,False,False,False,,
frame_000121.jpg,32.285312153529816,33.825394041334235,121,True,0.011070774379785927,0.03203753948261653,0.03523460678182548,0.19798998369313162,False,False,False,False,False,0.24665335264074786,0.1618139407106175,0.18,False,False,True,True,True,32.285312153529816,33.825394041334235,32.285312153529816,33.825394041334235,False,False,False,False,0.32648417564463056,0.7649779115382086,0.32648417564463056,False,both,left,none,none,0,moving_average,4,2.0,peak,11,-1,-1,11,False,0.3635539179525758,False,False,False,False,False,False,False,,
frame_000122.jpg,32.15247131709792,34.61045600795011,122,True,0.05607068671073931,0.056468225745369485,0.01751501863965961,0.34897009180658495,False,False,False,False,False,0.24665335264074786,0.1618139407106175,0.18,False,False,True,True,True,32.15247131709792,34.61045600795011,32.15247131709792,34.61045600795011,False,False,False,False,0.2827527816244085,1.0,0.2827527816244085,False,both,left,none,none,0,moving_average,4,2.0,peak,11,-1,-1,11,False,0.28112911639808946,False,False,False,False,False,False,False,,
frame_000123.jpg,32.00483408199761,,123,True,0.06099538590797447,0.019348679224135912,0.010709591294937724,0.24729193929431248,False,False,False,False,False,0.24665335264074786,0.1618139407106175,0.18,False,True,True,False,True,32.00483408199761,,32.00483408199761,33.50142037287146,False,True,False,False,0.23415039192522943,0.6679907036405104,0.23415039192522943,False,left_only,left,none,none,0,moving_average,4,2.0,peak,11,-1,-1,11,False,0.23604266926028653,False,False,False,False,False,False,False,,
frame_000124.jpg,31.874441097366457,32.3923847377928,124,True,0.057404846325914194,0.06996829153825762,0.023215303536344475,0.43239965129695784,False,False,False,False,False,0.24665335264074786,0.1618139407106175,0.18,False,False,True,True,True,31.874441097366457,32.3923847377928,31.874441097366457,32.3923847377928,False,False,False,False,0.19122483423122166,0.3359814072810208,0.19122483423122166,False,both,left,none,none,0,moving_average,4,2.0,peak,11,-1,-1,11,False,0.2070759284020981,False,False,False,False,False,False,False,,
frame_000125.jpg,31.88849852337483,32.154506508267275,125,True,0.03748751229876977,0.018547335902329706,0.0013420998295451403,0.15198460469892972,False,False,False,False,False,0.24665335264074786,0.1618139407106175,0.18,False,False,True,True,True,31.88849852337483,32.154506508267275,31.88849852337483,32.154506508267275,False,False,False,False,0.19585255904984333,0.2647683812014663,0.19585255904984333,False,both,left,none,none,0,moving_average,4,2.0,peak,11,-1,-1,11,False,0.2137310692443956,False,False,False,False,False,False,False,,
frame_000126.jpg,32.06548212415611,32.108203495660106,126,True,0.03419105624286848,0.010948770702416679,0.0012691199497403066,0.1386198722896257,False,False,False,False,False,0.24665335264074786,0.1618139407106175,0.18,False,False,True,True,True,32.06548212415611,32.108203495660106,32.06548212415611,32.108203495660106,False,False,False,False,0.2541158144521219,0.2509067611157056,0.2541158144521219,False,both,left,none,none,0,moving_average,4,2.0,peak,11,-1,-1,11,False,0.23306943562821295,False,False,False,False,False,False,False,,
frame_000127.jpg,32.05067088536257,32.1075371486671,127,True,0.014200566820550467,0.06873954642815576,0.00021494081452926028,0.42480608361851346,False,False,False,False,False,0.24665335264074786,0.1618139407106175,0.18,False,False,True,True,True,32.05067088536257,32.1075371486671,32.05067088536257,32.1075371486671,False,False,False,False,0.24923993338267364,0.2507072784396922,0.24923993338267364,False,both,left,none,none,0,moving_average,4,2.0,peak,11,-1,-1,11,False,0.29604345561898915,False,False,False,False,False,False,False,,
frame_000128.jpg,32.46237834196822,32.27174470654597,128,True,0.0057616268433921865,0.09387516294400439,0.0014747364299242877,0.5801426164627405,False,False,False,False,False,0.24665335264074786,0.1618139407106175,0.18,False,False,True,True,True,32.46237834196822,32.27174470654597,32.46237834196822,32.27174470654597,False,False,False,False,0.38477461902217197,0.29986569501699767,0.38477461902217197,False,both,left,none,none,0,moving_average,4,2.0,peak,11,-1,-1,11,False,0.3508467457079306,False,False,False,False,False,False,False,,
frame_000129.jpg,32.56490239586767,32.33017867159173,129,True,0.005868550004584085,0.03932995661545439,0.0061321541068488465,0.24305666398540243,False,False,False,False,False,0.24665335264074786,0.1618139407106175,0.18,False,False,True,True,True,32.56490239586767,32.33017867159173,32.56490239586767,32.33017867159173,False,False,False,False,0.4185256847189463,0.317358928782172,0.4185256847189463,False,both,left,none,none,0,moving_average,4,2.0,peak,11,-1,-1,11,False,0.42779397881655745,False,False,False,False,False,False,False,,
frame_000130.jpg,32.75188805688997,32.25436231954323,130,True,0.07530004638112761,0.028568051573765726,0.043518138339340144,0.3052869364026144,False,False,False,False,False,0.24665335264074786,0.1618139407106175,0.18,False,False,True,True,True,32.75188805688997,32.25436231954323,32.75188805688997,32.25436231954323,False,False,False,False,0.48008163270855425,0.2946619721651016,0.48008163270855425,False,both,left,none,none,0,moving_average,4,2.0,peak,11,-1,-1,11,False,0.4515298144680998,False,False,False,False,False,False,False,,
frame_000131.jpg,32.67868209802293,32.75328738666244,131,True,0.2259160282246736,0.0977120603539419,0.050200678207268395,0.9159252278793133,False,False,False,False,False,0.24665335264074786,0.1618139407106175,0.18,False,False,True,True,True,32.67868209802293,32.75328738666244,32.67868209802293,32.75328738666244,False,False,False,False,0.4559821259767989,0.44402395408068884,0.4559821259767989,False,both,left,none,none,0,moving_average,4,2.0,peak,11,-1,-1,11,False,0.4637401715638706,True,False,False,False,False,False,False,11,
frame_000132.jpg,32.67617490977273,32.80587916210674,132,True,0.11046273009114037,0.07084335866672696,0.050725207150921534,0.4478460515881575,False,False,False,False,False,0.24665335264074786,0.1618139407106175,0.18,False,False,True,True,True,32.67617490977273,32.80587916210674,32.67617490977273,32.80587916210674,False,False,False,False,0.4551567560062587,0.45976822577698967,0.4551567560062587,False,both,left,none,none,0,moving_average,4,2.0,peak,11,-1,-1,11,False,0.4023560634086273,False,False,False,False,False,False,False,,
frame_000133.jpg,32.19249704361485,32.43953100400355,133,True,0.09354260817746067,0.07414035303207366,0.005743824345123369,0.4581827295378939,False,False,False,False,True,0.24665335264074786,0.1618139407106175,0.18,False,False,True,True,True,32.19249704361485,32.43953100400355,32.19249704361485,32.43953100400355,False,False,True,True,0.2959293082428245,0.35009547014384007,0.2959293082428245,False,both,left,none,none,0,moving_average,4,2.0,peak,11,-1,-1,11,False,0.33414586903287025,False,False,False,False,False,False,False,,
frame_000134.jpg,32.05708522394196,32.20368473426005,134,True,0.3330814955500876,0.10346771138781137,0.028655950727780287,1.3504032764363956,True,False,False,True,True,0.24665335264074786,0.1618139407106175,0.18,False,False,True,True,True,32.05708522394196,32.20368473426005,32.05708522394196,32.20368473426005,False,False,True,True,0.2513515428495277,0.27949074691418885,0.2513515428495277,False,both,left,none,none,0,moving_average,4,2.0,peak,11,-1,-1,11,False,0.2414567834951275,False,False,False,False,False,False,False,,
frame_000135.jpg,31.83150284339079,32.1953995408141,135,True,0.7431145016138879,0.07650981775636109,0.004218697050754276,3.0127889755313353,True,False,False,True,True,0.24665335264074786,0.1618139407106175,0.18,False,False,True,True,True,31.83150284339079,32.1953995408141,31.83150284339079,32.1953995408141,False,False,True,True,0.17708949939303043,0.2770104287357771,0.17708949939303043,False,both,left,none,none,0,moving_average,4,2.0,peak,11,-1,-1,11,False,0.17232859731302425,False,False,False,False,False,False,False,,
frame_000136.jpg,,32.53350356821586,136,True,1.0199729355241332,0.2983400589260136,0.07114562489466865,4.135248617559762,True,True,False,True,True,0.24665335264074786,0.1618139407106175,0.18,True,False,False,True,True,,32.53350356821586,31.562534545561114,32.53350356821586,True,False,False,True,0.08854474969651463,0.3782278077661699,0.08854474969651463,False,right_only,left,none,none,0,moving_average,4,2.0,peak,11,-1,-1,11,False,0.08854474969651502,False,False,False,False,False,False,False,,
frame_000137.jpg,31.29356624773144,,137,True,0.06710369024364583,0.0,3.8337388819087437e-16,0.2720566719455169,False,False,False,False,True,0.24665335264074786,0.1618139407106175,0.18,False,True,True,False,True,31.29356624773144,,31.29356624773144,32.53765537041002,False,True,True,False,0.0,0.3794707226748586,0.0,False,left_only,left,none,none,0,moving_average,4,2.0,peak,11,-1,-1,11,False,0.029514916565504874,False,False,False,False,False,False,False,,
frame_000138.jpg,31.29356624773144,,138,True,0.0,0.0,0.0,0.0,False,False,False,False,False,0.24665335264074786,0.1618139407106175,0.18,False,True,True,False,True,31.29356624773144,,31.29356624773144,32.54180717260419,False,True,False,False,0.0,0.3807136375835495,0.0,False,left_only,left,none,none,0,moving_average,4,2.0,peak,11,-1,-1,11,False,0.011870215060729297,False,False,False,False,False,False,False,,
frame_000139.jpg,,,139,False,,,,0.0,False,False,False,False,False,0.24665335264074786,0.1618139407106175,0.18,True,True,False,False,False,,,31.40173906037249,32.545958974798346,True,True,False,False,0.03561064518218789,0.3819565524922382,0.03561064518218789,False,missing,left,none,none,0,moving_average,4,2.0,peak,11,-1,-1,11,False,0.035610645182187886,False,False,False,False,False,False,False,,
frame_000140.jpg,,,140,False,,,,0.0,False,False,False,False,False,0.24665335264074786,0.1618139407106175,0.18,True,True,False,False,False,,,31.509911873013536,32.55011077699251,True,True,False,False,0.07122129036437579,0.3831994674009291,0.07122129036437579,False,missing,left,none,none,0,moving_average,4,2.0,peak,11,-1,-1,11,False,0.07122129036437616,False,False,False,False,False,False,False,,
frame_000141.jpg,,,141,False,,,,0.0,False,False,False,False,False,0.24665335264074786,0.1618139407106175,0.18,True,True,False,False,False,,,31.618084685654587,32.55426257918667,True,True,False,False,0.10683193554656485,0.3844423823096178,0.10683193554656485,False,missing,left,none,none,0,moving_average,4,2.0,peak,11,-1,-1,11,False,0.10683193554656445,False,False,False,False,False,False,False,,
frame_000142.jpg,,,142,False,,,,0.0,False,False,False,False,False,0.24665335264074786,0.1618139407106175,0.18,True,True,False,False,False,,,31.726257498295634,32.558414381380835,True,True,False,False,0.14244258072875274,0.38568529721830863,0.14244258072875274,False,missing,left,none,none,0,moving_average,4,2.0,peak,11,-1,-1,11,False,0.1424425807287527,False,False,False,False,False,False,False,,
frame_000143.jpg,,,143,False,,,,0.0,False,False,False,False,False,0.24665335264074786,0.1618139407106175,0.18,True,True,False,False,False,,,31.834430310936682,32.562566183574994,True,True,False,False,0.17805322591094064,0.38692821212699735,0.17805322591094064,False,missing,left,none,none,0,moving_average,4,2.0,peak,11,-1,-1,11,False,0.17805322591094103,False,False,False,False,False,False,False,,
frame_000144.jpg,,,144,False,,,,0.0,False,False,False,False,False,0.24665335264074786,0.1618139407106175,0.18,True,True,False,False,False,,,31.942603123577733,32.56671798576916,True,True,False,False,0.2136638710931297,0.38817112703568823,0.2136638710931297,False,missing,left,none,none,0,moving_average,4,2.0,peak,11,-1,-1,11,False,0.2136638710931289,False,False,False,False,False,False,False,,
frame_000145.jpg,,,145,False,,,,0.0,False,False,False,False,False,0.24665335264074786,0.1618139407106175,0.18,True,True,False,False,False,,,32.05077593621878,32.57086978796332,True,True,False,False,0.24927451627531644,0.38941404194437695,0.24927451627531644,False,missing,left,none,none,0,moving_average,4,2.0,peak,11,-1,-1,11,False,0.2492745162753172,False,False,False,False,False,False,False,,
frame_000146.jpg,32.15894874885983,,146,True,,,,0.0,False,False,False,False,False,0.24665335264074786,0.1618139407106175,0.18,False,True,True,False,True,32.15894874885983,,32.15894874885983,32.57502159015748,False,True,False,False,0.2848851614575055,0.3906569568530678,0.2848851614575055,False,left_only,left,none,none,0,moving_average,4,2.0,peak,11,-1,-1,11,False,0.2730149463967758,False,False,False,False,False,False,False,,
frame_000147.jpg,,32.57917339235164,147,True,0.10406519452769676,0.0,0.0,0.42190869661223845,False,False,False,False,False,0.24665335264074786,0.1618139407106175,0.18,True,False,False,True,True,,32.57917339235164,32.15894874885983,32.57917339235164,True,False,False,False,0.2848851614575055,0.39189987176175656,0.2848851614575055,False,right_only,left,none,none,0,moving_average,4,2.0,peak,11,-1,-1,11,False,0.2848851614575054,False,False,False,False,False,False,False,,
frame_000148.jpg,,32.57917339235164,148,True,0.0,0.0,0.0,0.0,False,False,False,False,True,0.24665335264074786,0.1618139407106175,0.18,True,False,False,True,True,,32.57917339235164,32.15894874885983,32.57917339235164,True,False,False,True,0.2848851614575055,0.39189987176175656,0.2848851614575055,False,right_only,left,none,none,0,moving_average,4,2.0,peak,11,-1,-1,11,False,0.2848851614575054,False,False,False,False,False,False,False,,
frame_000149.jpg,,32.659041357761964,149,True,0.5680356964518851,6.661338147750937e-16,3.469446951953614e-18,2.3029717227449678,True,False,False,True,True,0.24665335264074786,0.1618139407106175,0.18,True,False,False,True,True,,32.659041357761964,32.15894874885983,32.659041357761964,True,False,False,True,0.2848851614575055,0.415809750000849,0.2848851614575055,False,right_only,left,none,none,0,moving_average,4,2.0,peak,11,-1,-1,11,False,0.2848851614575054,False,False,False,False,False,False,False,,
frame_000150.jpg,,32.70954258565174,150,True,0.5747070554140692,0.0,0.0,2.3300192325021163,True,False,False,True,True,0.24665335264074786,0.1618139407106175,0.18,True,False,False,True,True,,32.70954258565174,32.15894874885983,32.70954258565174,True,False,False,True,0.2848851614575055,0.43092817956852053,0.2848851614575055,False,right_only,left,none,none,0,moving_average,4,2.0,peak,11,-1,-1,11,False,0.2848851614575054,False,False,False,False,False,False,False,,
frame_000151.jpg,,,151,True,1.7967867222262988,0.4638018101403461,0.1065442610141502,7.284663690922255,True,True,False,True,True,0.24665335264074786,0.1618139407106175,0.18,True,True,False,False,False,,,32.15894874885983,32.70954258565174,True,True,False,False,0.2848851614575055,0.43092817956852053,0.2848851614575055,False,missing,left,none,none,0,moving_average,4,2.0,peak,11,-1,-1,11,False,0.2848851614575054,False,False,False,False,False,False,False,,
frame_000152.jpg,,,152,False,,,,0.0,False,False,False,False,True,0.24665335264074786,0.1618139407106175,0.18,True,True,False,False,False,,,32.15894874885983,32.70954258565174,True,True,False,False,0.2848851614575055,0.43092817956852053,0.2848851614575055,False,missing,left,none,none,0,moving_average,4,2.0,peak,11,-1,-1,11,False,0.2848851614575054,False,False,False,False,False,False,False,,
frame_000153.jpg,,,153,False,,,,0.0,False,False,False,False,False,0.24665335264074786,0.1618139407106175,0.18,True,True,False,False,False,,,32.15894874885983,32.70954258565174,True,True,False,False,0.2848851614575055,0.43092817956852053,0.2848851614575055,False,missing,left,none,none,0,moving_average,4,2.0,peak,11,-1,-1,11,False,0.2848851614575054,False,False,False,False,False,False,False,,
frame_000154.jpg,,,154,False,,,,0.0,False,False,False,False,False,0.24665335264074786,0.1618139407106175,0.18,True,True,False,False,False,,,32.15894874885983,32.70954258565174,True,True,False,False,0.2848851614575055,0.43092817956852053,0.2848851614575055,False,missing,left,none,none,0,moving_average,4,2.0,peak,11,-1,-1,11,False,0.2848851614575054,False,False,False,False,False,False,False,,
frame_000155.jpg,,,155,False,,,,0.0,False,False,False,False,False,0.24665335264074786,0.1618139407106175,0.18,True,True,False,False,False,,,32.15894874885983,32.70954258565174,True,True,False,False,0.2848851614575055,0.43092817956852053,0.2848851614575055,False,missing,left,none,none,0,moving_average,4,2.0,peak,11,-1,-1,11,False,0.2848851614575054,False,False,False,False,False,False,False,,
frame_000156.jpg,,,156,False,,,,0.0,False,False,False,False,False,0.24665335264074786,0.1618139407106175,0.18,True,True,False,False,False,,,32.15894874885983,32.70954258565174,True,True,False,False,0.2848851614575055,0.43092817956852053,0.2848851614575055,False,missing,left,none,none,0,moving_average,4,2.0,peak,11,-1,-1,11,False,0.2848851614575054,False,False,False,False,False,False,False,,
frame_000157.jpg,,,157,False,,,,0.0,False,False,False,False,False,0.24665335264074786,0.1618139407106175,0.18,True,True,False,False,False,,,32.15894874885983,32.70954258565174,True,True,False,False,0.2848851614575055,0.43092817956852053,0.2848851614575055,False,missing,left,none,none,0,moving_average,4,2.0,peak,11,-1,-1,11,False,0.2848851614575054,False,False,False,False,False,False,False,,
frame_000158.jpg,,,158,False,,,,0.0,False,False,False,False,False,0.24665335264074786,0.1618139407106175,0.18,True,True,False,False,False,,,32.15894874885983,32.70954258565174,True,True,False,False,0.2848851614575055,0.43092817956852053,0.2848851614575055,False,missing,left,none,none,0,moving_average,4,2.0,peak,11,-1,-1,11,False,0.2848851614575054,False,False,False,False,False,False,False,,
frame_000159.jpg,,,159,False,,,,0.0,False,False,False,False,False,0.24665335264074786,0.1618139407106175,0.18,True,True,False,False,False,,,32.15894874885983,32.70954258565174,True,True,False,False,0.2848851614575055,0.43092817956852053,0.2848851614575055,False,missing,left,none,none,0,moving_average,4,2.0,peak,11,-1,-1,11,False,0.2848851614575054,False,False,False,False,False,False,False,,
frame_000160.jpg,,,160,False,,,,0.0,False,False,False,False,False,0.24665335264074786,0.1618139407106175,0.18,True,True,False,False,False,,,32.15894874885983,32.70954258565174,True,True,False,False,0.2848851614575055,0.43092817956852053,0.2848851614575055,False,missing,left,none,none,0,moving_average,4,2.0,peak,11,-1,-1,11,False,0.2848851614575054,False,False,False,False,False,False,False,,
frame_000161.jpg,,,161,False,,,,0.0,False,False,False,False,False,0.24665335264074786,0.1618139407106175,0.18,True,True,False,False,False,,,32.15894874885983,32.70954258565174,True,True,False,False,0.2848851614575055,0.43092817956852053,0.2848851614575055,False,missing,left,none,none,0,moving_average,4,2.0,peak,11,-1,-1,11,False,0.2848851614575054,False,False,False,False,False,False,False,,
frame_000162.jpg,,,162,False,,,,0.0,False,False,False,False,False,0.24665335264074786,0.1618139407106175,0.18,True,True,False,False,False,,,32.15894874885983,32.70954258565174,True,True,False,False,0.2848851614575055,0.43092817956852053,0.2848851614575055,False,missing,left,none,none,0,moving_average,4,2.0,peak,11,-1,-1,11,False,0.2848851614575054,False,False,False,False,False,False,False,,
frame_000163.jpg,,,163,False,,,,0.0,False,False,False,False,False,0.24665335264074786,0.1618139407106175,0.18,True,True,False,False,False,,,32.15894874885983,32.70954258565174,True,True,False,False,0.2848851614575055,0.43092817956852053,0.2848851614575055,False,missing,left,none,none,0,moving_average,4,2.0,peak,11,-1,-1,11,False,0.2848851614575054,False,False,False,False,False,False,False,,
frame_000164.jpg,,,164,False,,,,0.0,False,False,False,False,False,0.24665335264074786,0.1618139407106175,0.18,True,True,False,False,False,,,32.15894874885983,32.70954258565174,True,True,False,False,0.2848851614575055,0.43092817956852053,0.2848851614575055,False,missing,left,none,none,0,moving_average,4,2.0,peak,11,-1,-1,11,False,0.2848851614575054,False,False,False,False,False,False,False,,
frame_000165.jpg,,,165,False,,,,0.0,False,False,False,False,False,0.24665335264074786,0.1618139407106175,0.18,True,True,False,False,False,,,32.15894874885983,32.70954258565174,True,True,False,False,0.2848851614575055,0.43092817956852053,0.2848851614575055,False,missing,left,none,none,0,moving_average,4,2.0,peak,11,-1,-1,11,False,0.2848851614575054,False,False,False,False,False,False,False,,
frame_000166.jpg,,,166,False,,,,0.0,False,False,False,False,False,0.24665335264074786,0.1618139407106175,0.18,True,True,False,False,False,,,32.15894874885983,32.70954258565174,True,True,False,False,0.2848851614575055,0.43092817956852053,0.2848851614575055,False,missing,left,none,none,0,moving_average,4,2.0,peak,11,-1,-1,11,False,0.2848851614575054,False,False,False,False,False,False,False,,
frame_000167.jpg,,,167,False,,,,0.0,False,False,False,False,False,0.24665335264074786,0.1618139407106175,0.18,True,True,False,False,False,,,32.15894874885983,32.70954258565174,True,True,False,False,0.2848851614575055,0.43092817956852053,0.2848851614575055,False,missing,left,none,none,0,moving_average,4,2.0,peak,11,-1,-1,11,False,0.2848851614575054,False,False,False,False,False,False,False,,
frame_000168.jpg,,,168,False,,,,0.0,False,False,False,False,False,0.24665335264074786,0.1618139407106175,0.18,True,True,False,False,False,,,32.15894874885983,32.70954258565174,True,True,False,False,0.2848851614575055,0.43092817956852053,0.2848851614575055,False,missing,left,none,none,0,moving_average,4,2.0,peak,11,-1,-1,11,False,0.2848851614575054,False,False,False,False,False,False,False,,
frame_000169.jpg,,,169,False,,,,0.0,False,False,False,False,False,0.24665335264074786,0.1618139407106175,0.18,True,True,False,False,False,,,32.15894874885983,32.70954258565174,True,True,False,False,0.2848851614575055,0.43092817956852053,0.2848851614575055,False,missing,left,none,none,0,moving_average,4,2.0,peak,11,-1,-1,11,False,0.2848851614575054,False,False,False,False,False,False,False,,
frame_000170.jpg,,,170,False,,,,0.0,False,False,False,False,False,0.24665335264074786,0.1618139407106175,0.18,True,True,False,False,False,,,32.15894874885983,32.70954258565174,True,True,False,False,0.2848851614575055,0.43092817956852053,0.2848851614575055,False,missing,left,none,none,0,moving_average,4,2.0,peak,11,-1,-1,11,False,0.2848851614575054,False,False,False,False,False,False,False,,
frame_000171.jpg,,,171,False,,,,0.0,False,False,False,False,False,0.24665335264074786,0.1618139407106175,0.18,True,True,False,False,False,,,32.15894874885983,32.70954258565174,True,True,False,False,0.2848851614575055,0.43092817956852053,0.2848851614575055,False,missing,left,none,none,0,moving_average,4,2.0,peak,11,-1,-1,11,False,0.2848851614575054,False,False,False,False,False,False,False,,
frame_000172.jpg,,,172,False,,,,0.0,False,False,False,False,False,0.24665335264074786,0.1618139407106175,0.18,True,True,False,False,False,,,32.15894874885983,32.70954258565174,True,True,False,False,0.2848851614575055,0.43092817956852053,0.2848851614575055,False,missing,left,none,none,0,moving_average,4,2.0,peak,11,-1,-1,11,False,0.2848851614575054,False,False,False,False,False,False,False,,
frame_000173.jpg,,,173,False,,,,0.0,False,False,False,False,False,0.24665335264074786,0.1618139407106175,0.18,True,True,False,False,False,,,32.15894874885983,32.70954258565174,True,True,False,False,0.2848851614575055,0.43092817956852053,0.2848851614575055,False,missing,left,none,none,0,moving_average,4,2.0,peak,11,-1,-1,11,False,0.2848851614575054,False,False,False,False,False,False,False,,
frame_000174.jpg,,,174,False,,,,0.0,False,False,False,False,False,0.24665335264074786,0.1618139407106175,0.18,True,True,False,False,False,,,32.15894874885983,32.70954258565174,True,True,False,False,0.2848851614575055,0.43092817956852053,0.2848851614575055,False,missing,left,none,none,0,moving_average,4,2.0,peak,11,-1,-1,11,False,0.2848851614575054,False,False,False,False,False,False,False,,
frame_000175.jpg,,,175,False,,,,0.0,False,False,False,False,False,0.24665335264074786,0.1618139407106175,0.18,True,True,False,False,False,,,32.15894874885983,32.70954258565174,True,True,False,False,0.2848851614575055,0.43092817956852053,0.2848851614575055,False,missing,left,none,none,0,moving_average,4,2.0,peak,11,-1,-1,11,False,0.2848851614575054,False,False,False,False,False,False,False,,
frame_000176.jpg,,,176,False,,,,0.0,False,False,False,False,False,0.24665335264074786,0.1618139407106175,0.18,True,True,False,False,False,,,32.15894874885983,32.70954258565174,True,True,False,False,0.2848851614575055,0.43092817956852053,0.2848851614575055,False,missing,left,none,none,0,moving_average,4,2.0,peak,11,-1,-1,11,False,0.2848851614575054,False,False,False,False,False,False,False,,
frame_000177.jpg,,,177,False,,,,0.0,False,False,False,False,False,0.24665335264074786,0.1618139407106175,0.18,True,True,False,False,False,,,32.15894874885983,32.70954258565174,True,True,False,False,0.2848851614575055,0.43092817956852053,0.2848851614575055,False,missing,left,none,none,0,moving_average,4,2.0,peak,11,-1,-1,11,False,0.2848851614575054,False,False,False,False,False,False,False,,
frame_000178.jpg,,,178,False,,,,0.0,False,False,False,False,False,0.24665335264074786,0.1618139407106175,0.18,True,True,False,False,False,,,32.15894874885983,32.70954258565174,True,True,False,False,0.2848851614575055,0.43092817956852053,0.2848851614575055,False,missing,left,none,none,0,moving_average,4,2.0,peak,11,-1,-1,11,False,0.2848851614575054,False,False,False,False,False,False,False,,
frame_000179.jpg,,,179,False,,,,0.0,False,False,False,False,False,0.24665335264074786,0.1618139407106175,0.18,True,True,False,False,False,,,32.15894874885983,32.70954258565174,True,True,False,False,0.2848851614575055,0.43092817956852053,0.2848851614575055,False,missing,left,none,none,0,moving_average,4,2.0,peak,11,-1,-1,11,False,0.2848851614575054,False,False,False,False,False,False,False,,
frame_000180.jpg,,,180,False,,,,0.0,False,False,False,False,False,0.24665335264074786,0.1618139407106175,0.18,True,True,False,False,False,,,32.15894874885983,32.70954258565174,True,True,False,False,0.2848851614575055,0.43092817956852053,0.2848851614575055,False,missing,left,none,none,0,moving_average,4,2.0,peak,11,-1,-1,11,False,0.2848851614575054,False,False,False,False,False,False,False,,
frame_000181.jpg,,,181,False,,,,0.0,False,False,False,False,False,0.24665335264074786,0.1618139407106175,0.18,True,True,False,False,False,,,32.15894874885983,32.70954258565174,True,True,False,False,0.2848851614575055,0.43092817956852053,0.2848851614575055,False,missing,left,none,none,0,moving_average,4,2.0,peak,11,-1,-1,11,False,0.2848851614575054,False,False,False,False,False,False,False,,
frame_000182.jpg,,,182,False,,,,0.0,False,False,False,False,False,0.24665335264074786,0.1618139407106175,0.18,True,True,False,False,False,,,32.15894874885983,32.70954258565174,True,True,False,False,0.2848851614575055,0.43092817956852053,0.2848851614575055,False,missing,left,none,none,0,moving_average,4,2.0,peak,11,-1,-1,11,False,0.2848851614575054,False,False,False,False,False,False,False,,
frame_000183.jpg,,,183,False,,,,0.0,False,False,False,False,False,0.24665335264074786,0.1618139407106175,0.18,True,True,False,False,False,,,32.15894874885983,32.70954258565174,True,True,False,False,0.2848851614575055,0.43092817956852053,0.2848851614575055,False,missing,left,none,none,0,moving_average,4,2.0,peak,11,-1,-1,11,False,0.2848851614575054,False,False,False,False,False,False,False,,
frame_000184.jpg,,,184,False,,,,0.0,False,False,False,False,False,0.24665335264074786,0.1618139407106175,0.18,True,True,False,False,False,,,32.15894874885983,32.70954258565174,True,True,False,False,0.2848851614575055,0.43092817956852053,0.2848851614575055,False,missing,left,none,none,0,moving_average,4,2.0,peak,11,-1,-1,11,False,0.2848851614575054,False,False,False,False,False,False,False,,
frame_000185.jpg,,,185,False,,,,0.0,False,False,False,False,False,0.24665335264074786,0.1618139407106175,0.18,True,True,False,False,False,,,32.15894874885983,32.70954258565174,True,True,False,False,0.2848851614575055,0.43092817956852053,0.2848851614575055,False,missing,left,none,none,0,moving_average,4,2.0,peak,11,-1,-1,11,False,0.2848851614575054,False,False,False,False,False,False,False,,
frame_000186.jpg,,,186,False,,,,0.0,False,False,False,False,False,0.24665335264074786,0.1618139407106175,0.18,True,True,False,False,False,,,32.15894874885983,32.70954258565174,True,True,False,False,0.2848851614575055,0.43092817956852053,0.2848851614575055,False,missing,left,none,none,0,moving_average,4,2.0,peak,11,-1,-1,11,False,0.2848851614575054,False,False,False,False,False,False,False,,
frame_000187.jpg,,,187,False,,,,0.0,False,False,False,False,False,0.24665335264074786,0.1618139407106175,0.18,True,True,False,False,False,,,32.15894874885983,32.70954258565174,True,True,False,False,0.2848851614575055,0.43092817956852053,0.2848851614575055,False,missing,left,none,none,0,moving_average,4,2.0,peak,11,-1,-1,11,False,0.2848851614575054,False,False,False,False,False,False,False,,
frame_000188.jpg,,,188,False,,,,0.0,False,False,False,False,False,0.24665335264074786,0.1618139407106175,0.18,True,True,False,False,False,,,32.15894874885983,32.70954258565174,True,True,False,False,0.2848851614575055,0.43092817956852053,0.2848851614575055,False,missing,left,none,none,0,moving_average,4,2.0,peak,11,-1,-1,11,False,0.2848851614575054,False,False,False,False,False,False,False,,
frame_000189.jpg,,,189,False,,,,0.0,False,False,False,False,False,0.24665335264074786,0.1618139407106175,0.18,True,True,False,False,False,,,32.15894874885983,32.70954258565174,True,True,False,False,0.2848851614575055,0.43092817956852053,0.2848851614575055,False,missing,left,none,none,0,moving_average,4,2.0,peak,11,-1,-1,11,False,0.2848851614575054,False,False,False,False,False,False,False,,
frame_000190.jpg,,,190,False,,,,0.0,False,False,False,False,False,0.24665335264074786,0.1618139407106175,0.18,True,True,False,False,False,,,32.15894874885983,32.70954258565174,True,True,False,False,0.2848851614575055,0.43092817956852053,0.2848851614575055,False,missing,left,none,none,0,moving_average,4,2.0,peak,11,-1,-1,11,False,0.2848851614575054,False,False,False,False,False,False,False,,
frame_000191.jpg,,,191,False,,,,0.0,False,False,False,False,False,0.24665335264074786,0.1618139407106175,0.18,True,True,False,False,False,,,32.15894874885983,32.70954258565174,True,True,False,False,0.2848851614575055,0.43092817956852053,0.2848851614575055,False,missing,left,none,none,0,moving_average,4,2.0,peak,11,-1,-1,11,False,0.2848851614575054,False,False,False,False,False,False,False,,
frame_000192.jpg,,,192,False,,,,0.0,False,False,False,False,False,0.24665335264074786,0.1618139407106175,0.18,True,True,False,False,False,,,32.15894874885983,32.70954258565174,True,True,False,False,0.2848851614575055,0.43092817956852053,0.2848851614575055,False,missing,left,none,none,0,moving_average,4,2.0,peak,11,-1,-1,11,False,0.2848851614575054,False,False,False,False,False,False,False,,
frame_000193.jpg,,,193,False,,,,0.0,False,False,False,False,False,0.24665335264074786,0.1618139407106175,0.18,True,True,False,False,False,,,32.15894874885983,32.70954258565174,True,True,False,False,0.2848851614575055,0.43092817956852053,0.2848851614575055,False,missing,left,none,none,0,moving_average,4,2.0,peak,11,-1,-1,11,False,0.2848851614575054,False,False,False,False,False,False,False,,
frame_000194.jpg,,,194,False,,,,0.0,False,False,False,False,False,0.24665335264074786,0.1618139407106175,0.18,True,True,False,False,False,,,32.15894874885983,32.70954258565174,True,True,False,False,0.2848851614575055,0.43092817956852053,0.2848851614575055,False,missing,left,none,none,0,moving_average,4,2.0,peak,11,-1,-1,11,False,0.2848851614575054,False,False,False,False,False,False,False,,
frame_000195.jpg,,,195,False,,,,0.0,False,False,False,False,False,0.24665335264074786,0.1618139407106175,0.18,True,True,False,False,False,,,32.15894874885983,32.70954258565174,True,True,False,False,0.2848851614575055,0.43092817956852053,0.2848851614575055,False,missing,left,none,none,0,moving_average,4,2.0,peak,11,-1,-1,11,False,0.2848851614575054,False,False,False,False,False,False,False,,
frame_000196.jpg,,,196,False,,,,0.0,False,False,False,False,False,0.24665335264074786,0.1618139407106175,0.18,True,True,False,False,False,,,32.15894874885983,32.70954258565174,True,True,False,False,0.2848851614575055,0.43092817956852053,0.2848851614575055,False,missing,left,none,none,0,moving_average,4,2.0,peak,11,-1,-1,11,False,0.2848851614575054,False,False,False,False,False,False,False,,
frame_000197.jpg,,,197,False,,,,0.0,False,False,False,False,False,0.24665335264074786,0.1618139407106175,0.18,True,True,False,False,False,,,32.15894874885983,32.70954258565174,True,True,False,False,0.2848851614575055,0.43092817956852053,0.2848851614575055,False,missing,left,none,none,0,moving_average,4,2.0,peak,11,-1,-1,11,False,0.2848851614575054,False,False,False,False,False,False,False,,
frame_000198.jpg,,,198,False,,,,0.0,False,False,False,False,False,0.24665335264074786,0.1618139407106175,0.18,True,True,False,False,False,,,32.15894874885983,32.70954258565174,True,True,False,False,0.2848851614575055,0.43092817956852053,0.2848851614575055,False,missing,left,none,none,0,moving_average,4,2.0,peak,11,-1,-1,11,False,0.2848851614575054,False,False,False,False,False,False,False,,
frame_000199.jpg,,,199,False,,,,0.0,False,False,False,False,False,0.24665335264074786,0.1618139407106175,0.18,True,True,False,False,False,,,32.15894874885983,32.70954258565174,True,True,False,False,0.2848851614575055,0.43092817956852053,0.2848851614575055,False,missing,left,none,none,0,moving_average,4,2.0,peak,11,-1,-1,11,False,0.2848851614575054,False,False,False,False,False,False,False,,
frame_000200.jpg,,,200,False,,,,0.0,False,False,False,False,False,0.24665335264074786,0.1618139407106175,0.18,True,True,False,False,False,,,32.15894874885983,32.70954258565174,True,True,False,False,0.2848851614575055,0.43092817956852053,0.2848851614575055,False,missing,left,none,none,0,moving_average,4,2.0,peak,11,-1,-1,11,False,0.2848851614575054,False,False,False,False,False,False,False,,
frame_000201.jpg,,,201,False,,,,0.0,False,False,False,False,False,0.24665335264074786,0.1618139407106175,0.18,True,True,False,False,False,,,32.15894874885983,32.70954258565174,True,True,False,False,0.2848851614575055,0.43092817956852053,0.2848851614575055,False,missing,left,none,none,0,moving_average,4,2.0,peak,11,-1,-1,11,False,0.2848851614575054,False,False,False,False,False,False,False,,
frame_000202.jpg,,,202,False,,,,0.0,False,False,False,False,False,0.24665335264074786,0.1618139407106175,0.18,True,True,False,False,False,,,32.15894874885983,32.70954258565174,True,True,False,False,0.2848851614575055,0.43092817956852053,0.2848851614575055,False,missing,left,none,none,0,moving_average,4,2.0,peak,11,-1,-1,11,False,0.2848851614575054,False,False,False,False,False,False,False,,
frame_000203.jpg,,,203,False,,,,0.0,False,False,False,False,False,0.24665335264074786,0.1618139407106175,0.18,True,True,False,False,False,,,32.15894874885983,32.70954258565174,True,True,False,False,0.2848851614575055,0.43092817956852053,0.2848851614575055,False,missing,left,none,none,0,moving_average,4,2.0,peak,11,-1,-1,11,False,0.2848851614575054,False,False,False,False,False,False,False,,
frame_000204.jpg,,,204,False,,,,0.0,False,False,False,False,False,0.24665335264074786,0.1618139407106175,0.18,True,True,False,False,False,,,32.15894874885983,32.70954258565174,True,True,False,False,0.2848851614575055,0.43092817956852053,0.2848851614575055,False,missing,left,none,none,0,moving_average,4,2.0,peak,11,-1,-1,11,False,0.2848851614575054,False,False,False,False,False,False,False,,
frame_000205.jpg,,,205,False,,,,0.0,False,False,False,False,False,0.24665335264074786,0.1618139407106175,0.18,True,True,False,False,False,,,32.15894874885983,32.70954258565174,True,True,False,False,0.2848851614575055,0.43092817956852053,0.2848851614575055,False,missing,left,none,none,0,moving_average,4,2.0,peak,11,-1,-1,11,False,0.2848851614575054,False,False,False,False,False,False,False,,
frame_000206.jpg,,,206,False,,,,0.0,False,False,False,False,False,0.24665335264074786,0.1618139407106175,0.18,True,True,False,False,False,,,32.15894874885983,32.70954258565174,True,True,False,False,0.2848851614575055,0.43092817956852053,0.2848851614575055,False,missing,left,none,none,0,moving_average,4,2.0,peak,11,-1,-1,11,False,0.2848851614575054,False,False,False,False,False,False,False,,
frame_000207.jpg,,,207,False,,,,0.0,False,False,False,False,False,0.24665335264074786,0.1618139407106175,0.18,True,True,False,False,False,,,32.15894874885983,32.70954258565174,True,True,False,False,0.2848851614575055,0.43092817956852053,0.2848851614575055,False,missing,left,none,none,0,moving_average,4,2.0,peak,11,-1,-1,11,False,0.2848851614575054,False,False,False,False,False,False,False,,
frame_000208.jpg,,,208,False,,,,0.0,False,False,False,False,False,0.24665335264074786,0.1618139407106175,0.18,True,True,False,False,False,,,32.15894874885983,32.70954258565174,True,True,False,False,0.2848851614575055,0.43092817956852053,0.2848851614575055,False,missing,left,none,none,0,moving_average,4,2.0,peak,11,-1,-1,11,False,0.2848851614575054,False,False,False,False,False,False,False,,
frame_000209.jpg,,,209,False,,,,0.0,False,False,False,False,False,0.24665335264074786,0.1618139407106175,0.18,True,True,False,False,False,,,32.15894874885983,32.70954258565174,True,True,False,False,0.2848851614575055,0.43092817956852053,0.2848851614575055,False,missing,left,none,none,0,moving_average,4,2.0,peak,11,-1,-1,11,False,0.2848851614575054,False,False,False,False,False,False,False,,
frame_000210.jpg,,,210,False,,,,0.0,False,False,False,False,False,0.24665335264074786,0.1618139407106175,0.18,True,True,False,False,False,,,32.15894874885983,32.70954258565174,True,True,False,False,0.2848851614575055,0.43092817956852053,0.2848851614575055,False,missing,left,none,none,0,moving_average,4,2.0,peak,11,-1,-1,11,False,0.2848851614575054,False,False,False,False,False,False,False,,
frame_000211.jpg,,,211,False,,,,0.0,False,False,False,False,False,0.24665335264074786,0.1618139407106175,0.18,True,True,False,False,False,,,32.15894874885983,32.70954258565174,True,True,False,False,0.2848851614575055,0.43092817956852053,0.2848851614575055,False,missing,left,none,none,0,moving_average,4,2.0,peak,11,-1,-1,11,False,0.2848851614575054,False,False,False,False,False,False,False,,
frame_000212.jpg,,,212,False,,,,0.0,False,False,False,False,False,0.24665335264074786,0.1618139407106175,0.18,True,True,False,False,False,,,32.15894874885983,32.70954258565174,True,True,False,False,0.2848851614575055,0.43092817956852053,0.2848851614575055,False,missing,left,none,none,0,moving_average,4,2.0,peak,11,-1,-1,11,False,0.2848851614575054,False,False,False,False,False,False,False,,
frame_000213.jpg,,,213,False,,,,0.0,False,False,False,False,False,0.24665335264074786,0.1618139407106175,0.18,True,True,False,False,False,,,32.15894874885983,32.70954258565174,True,True,False,False,0.2848851614575055,0.43092817956852053,0.2848851614575055,False,missing,left,none,none,0,moving_average,4,2.0,peak,11,-1,-1,11,False,0.2848851614575054,False,False,False,False,False,False,False,,
frame_000214.jpg,,,214,False,,,,0.0,False,False,False,False,False,0.24665335264074786,0.1618139407106175,0.18,True,True,False,False,False,,,32.15894874885983,32.70954258565174,True,True,False,False,0.2848851614575055,0.43092817956852053,0.2848851614575055,False,missing,left,none,none,0,moving_average,4,2.0,peak,11,-1,-1,11,False,0.2848851614575054,False,False,False,False,False,False,False,,
frame_000215.jpg,,,215,False,,,,0.0,False,False,False,False,False,0.24665335264074786,0.1618139407106175,0.18,True,True,False,False,False,,,32.15894874885983,32.70954258565174,True,True,False,False,0.2848851614575055,0.43092817956852053,0.2848851614575055,False,missing,left,none,none,0,moving_average,4,2.0,peak,11,-1,-1,11,False,0.2848851614575054,False,False,False,False,False,False,False,,
frame_000216.jpg,,,216,False,,,,0.0,False,False,False,False,False,0.24665335264074786,0.1618139407106175,0.18,True,True,False,False,False,,,32.15894874885983,32.70954258565174,True,True,False,False,0.2848851614575055,0.43092817956852053,0.2848851614575055,False,missing,left,none,none,0,moving_average,4,2.0,peak,11,-1,-1,11,False,0.2848851614575054,False,False,False,False,False,False,False,,
frame_000217.jpg,,,217,False,,,,0.0,False,False,False,False,False,0.24665335264074786,0.1618139407106175,0.18,True,True,False,False,False,,,32.15894874885983,32.70954258565174,True,True,False,False,0.2848851614575055,0.43092817956852053,0.2848851614575055,False,missing,left,none,none,0,moving_average,4,2.0,peak,11,-1,-1,11,False,0.2848851614575054,False,False,False,False,False,False,False,,
frame_000218.jpg,,,218,False,,,,0.0,False,False,False,False,False,0.24665335264074786,0.1618139407106175,0.18,True,True,False,False,False,,,32.15894874885983,32.70954258565174,True,True,False,False,0.2848851614575055,0.43092817956852053,0.2848851614575055,False,missing,left,none,none,0,moving_average,4,2.0,peak,11,-1,-1,11,False,0.2848851614575054,False,False,False,False,False,False,False,,
frame_000219.jpg,,,219,False,,,,0.0,False,False,False,False,False,0.24665335264074786,0.1618139407106175,0.18,True,True,False,False,False,,,32.15894874885983,32.70954258565174,True,True,False,False,0.2848851614575055,0.43092817956852053,0.2848851614575055,False,missing,left,none,none,0,moving_average,4,2.0,peak,11,-1,-1,11,False,0.2848851614575054,False,False,False,False,False,False,False,,
frame_000220.jpg,,,220,False,,,,0.0,False,False,False,False,False,0.24665335264074786,0.1618139407106175,0.18,True,True,False,False,False,,,32.15894874885983,32.70954258565174,True,True,False,False,0.2848851614575055,0.43092817956852053,0.2848851614575055,False,missing,left,none,none,0,moving_average,4,2.0,peak,11,-1,-1,11,False,0.2848851614575054,False,False,False,False,False,False,False,,
frame_000221.jpg,,,221,False,,,,0.0,False,False,False,False,False,0.24665335264074786,0.1618139407106175,0.18,True,True,False,False,False,,,32.15894874885983,32.70954258565174,True,True,False,False,0.2848851614575055,0.43092817956852053,0.2848851614575055,False,missing,left,none,none,0,moving_average,4,2.0,peak,11,-1,-1,11,False,0.2848851614575054,False,False,False,False,False,False,False,,
frame_000222.jpg,,,222,False,,,,0.0,False,False,False,False,False,0.24665335264074786,0.1618139407106175,0.18,True,True,False,False,False,,,32.15894874885983,32.70954258565174,True,True,False,False,0.2848851614575055,0.43092817956852053,0.2848851614575055,False,missing,left,none,none,0,moving_average,4,2.0,peak,11,-1,-1,11,False,0.2848851614575054,False,False,False,False,False,False,False,,
frame_000223.jpg,,,223,False,,,,0.0,False,False,False,False,False,0.24665335264074786,0.1618139407106175,0.18,True,True,False,False,False,,,32.15894874885983,32.70954258565174,True,True,False,False,0.2848851614575055,0.43092817956852053,0.2848851614575055,False,missing,left,none,none,0,moving_average,4,2.0,peak,11,-1,-1,11,False,0.2848851614575054,False,False,False,False,False,False,False,,
frame_000224.jpg,,,224,False,,,,0.0,False,False,False,False,False,0.24665335264074786,0.1618139407106175,0.18,True,True,False,False,False,,,32.15894874885983,32.70954258565174,True,True,False,False,0.2848851614575055,0.43092817956852053,0.2848851614575055,False,missing,left,none,none,0,moving_average,4,2.0,peak,11,-1,-1,11,False,0.2848851614575054,False,False,False,False,False,False,False,,
frame_000225.jpg,,,225,False,,,,0.0,False,False,False,False,False,0.24665335264074786,0.1618139407106175,0.18,True,True,False,False,False,,,32.15894874885983,32.70954258565174,True,True,False,False,0.2848851614575055,0.43092817956852053,0.2848851614575055,False,missing,left,none,none,0,moving_average,4,2.0,peak,11,-1,-1,11,False,0.2848851614575054,False,False,False,False,False,False,False,,
frame_000226.jpg,,,226,False,,,,0.0,False,False,False,False,False,0.24665335264074786,0.1618139407106175,0.18,True,True,False,False,False,,,32.15894874885983,32.70954258565174,True,True,False,False,0.2848851614575055,0.43092817956852053,0.2848851614575055,False,missing,left,none,none,0,moving_average,4,2.0,peak,11,-1,-1,11,False,0.2848851614575054,False,False,False,False,False,False,False,,
frame_000227.jpg,,,227,False,,,,0.0,False,False,False,False,False,0.24665335264074786,0.1618139407106175,0.18,True,True,False,False,False,,,32.15894874885983,32.70954258565174,True,True,False,False,0.2848851614575055,0.43092817956852053,0.2848851614575055,False,missing,left,none,none,0,moving_average,4,2.0,peak,11,-1,-1,11,False,0.2848851614575054,False,False,False,False,False,False,False,,
frame_000228.jpg,,,228,False,,,,0.0,False,False,False,False,False,0.24665335264074786,0.1618139407106175,0.18,True,True,False,False,False,,,32.15894874885983,32.70954258565174,True,True,False,False,0.2848851614575055,0.43092817956852053,0.2848851614575055,False,missing,left,none,none,0,moving_average,4,2.0,peak,11,-1,-1,11,False,0.2848851614575054,False,False,False,False,False,False,False,,
frame_000229.jpg,,,229,False,,,,0.0,False,False,False,False,False,0.24665335264074786,0.1618139407106175,0.18,True,True,False,False,False,,,32.15894874885983,32.70954258565174,True,True,False,False,0.2848851614575055,0.43092817956852053,0.2848851614575055,False,missing,left,none,none,0,moving_average,4,2.0,peak,11,-1,-1,11,False,0.2848851614575054,False,False,False,False,False,False,False,,
frame_000230.jpg,,,230,False,,,,0.0,False,False,False,False,False,0.24665335264074786,0.1618139407106175,0.18,True,True,False,False,False,,,32.15894874885983,32.70954258565174,True,True,False,False,0.2848851614575055,0.43092817956852053,0.2848851614575055,False,missing,left,none,none,0,moving_average,4,2.0,peak,11,-1,-1,11,False,0.2848851614575054,False,False,False,False,False,False,False,,
frame_000231.jpg,,,231,False,,,,0.0,False,False,False,False,False,0.24665335264074786,0.1618139407106175,0.18,True,True,False,False,False,,,32.15894874885983,32.70954258565174,True,True,False,False,0.2848851614575055,0.43092817956852053,0.2848851614575055,False,missing,left,none,none,0,moving_average,4,2.0,peak,11,-1,-1,11,False,0.2848851614575054,False,False,False,False,False,False,False,,
frame_000232.jpg,,,232,False,,,,0.0,False,False,False,False,False,0.24665335264074786,0.1618139407106175,0.18,True,True,False,False,False,,,32.15894874885983,32.70954258565174,True,True,False,False,0.2848851614575055,0.43092817956852053,0.2848851614575055,False,missing,left,none,none,0,moving_average,4,2.0,peak,11,-1,-1,11,False,0.2848851614575054,False,False,False,False,False,False,False,,
frame_000233.jpg,,,233,False,,,,0.0,False,False,False,False,False,0.24665335264074786,0.1618139407106175,0.18,True,True,False,False,False,,,32.15894874885983,32.70954258565174,True,True,False,False,0.2848851614575055,0.43092817956852053,0.2848851614575055,False,missing,left,none,none,0,moving_average,4,2.0,peak,11,-1,-1,11,False,0.2848851614575054,False,False,False,False,False,False,False,,
frame_000234.jpg,,,234,False,,,,0.0,False,False,False,False,False,0.24665335264074786,0.1618139407106175,0.18,True,True,False,False,False,,,32.15894874885983,32.70954258565174,True,True,False,False,0.2848851614575055,0.43092817956852053,0.2848851614575055,False,missing,left,none,none,0,moving_average,4,2.0,peak,11,-1,-1,11,False,0.2848851614575054,False,False,False,False,False,False,False,,
frame_000235.jpg,,,235,False,,,,0.0,False,False,False,False,False,0.24665335264074786,0.1618139407106175,0.18,True,True,False,False,False,,,32.15894874885983,32.70954258565174,True,True,False,False,0.2848851614575055,0.43092817956852053,0.2848851614575055,False,missing,left,none,none,0,moving_average,4,2.0,peak,11,-1,-1,11,False,0.2848851614575054,False,False,False,False,False,False,False,,
frame_000236.jpg,,,236,False,,,,0.0,False,False,False,False,False,0.24665335264074786,0.1618139407106175,0.18,True,True,False,False,False,,,32.15894874885983,32.70954258565174,True,True,False,False,0.2848851614575055,0.43092817956852053,0.2848851614575055,False,missing,left,none,none,0,moving_average,4,2.0,peak,11,-1,-1,11,False,0.2848851614575054,False,False,False,False,False,False,False,,
frame_000237.jpg,,,237,False,,,,0.0,False,False,False,False,False,0.24665335264074786,0.1618139407106175,0.18,True,True,False,False,False,,,32.15894874885983,32.70954258565174,True,True,False,False,0.2848851614575055,0.43092817956852053,0.2848851614575055,False,missing,left,none,none,0,moving_average,4,2.0,peak,11,-1,-1,11,False,0.2848851614575054,False,False,False,False,False,False,False,,
frame_000238.jpg,,,238,False,,,,0.0,False,False,False,False,False,0.24665335264074786,0.1618139407106175,0.18,True,True,False,False,False,,,32.15894874885983,32.70954258565174,True,True,False,False,0.2848851614575055,0.43092817956852053,0.2848851614575055,False,missing,left,none,none,0,moving_average,4,2.0,peak,11,-1,-1,11,False,0.2848851614575054,False,False,False,False,False,False,False,,
frame_000239.jpg,,,239,False,,,,0.0,False,False,False,False,False,0.24665335264074786,0.1618139407106175,0.18,True,True,False,False,False,,,32.15894874885983,32.70954258565174,True,True,False,False,0.2848851614575055,0.43092817956852053,0.2848851614575055,False,missing,left,none,none,0,moving_average,4,2.0,peak,11,-1,-1,11,False,0.2848851614575054,False,False,False,False,False,False,False,,
frame_000240.jpg,,,240,False,,,,0.0,False,False,False,False,False,0.24665335264074786,0.1618139407106175,0.18,True,True,False,False,False,,,32.15894874885983,32.70954258565174,True,True,False,False,0.2848851614575055,0.43092817956852053,0.2848851614575055,False,missing,left,none,none,0,moving_average,4,2.0,peak,11,-1,-1,11,False,0.2848851614575054,False,False,False,False,False,False,False,,
frame_000241.jpg,,,241,False,,,,0.0,False,False,False,False,False,0.24665335264074786,0.1618139407106175,0.18,True,True,False,False,False,,,32.15894874885983,32.70954258565174,True,True,False,False,0.2848851614575055,0.43092817956852053,0.2848851614575055,False,missing,left,none,none,0,moving_average,4,2.0,peak,11,-1,-1,11,False,0.2848851614575054,False,False,False,False,False,False,False,,
frame_000242.jpg,,,242,False,,,,0.0,False,False,False,False,False,0.24665335264074786,0.1618139407106175,0.18,True,True,False,False,False,,,32.15894874885983,32.70954258565174,True,True,False,False,0.2848851614575055,0.43092817956852053,0.2848851614575055,False,missing,left,none,none,0,moving_average,4,2.0,peak,11,-1,-1,11,False,0.2848851614575054,False,False,False,False,False,False,False,,
frame_000243.jpg,,,243,False,,,,0.0,False,False,False,False,False,0.24665335264074786,0.1618139407106175,0.18,True,True,False,False,False,,,32.15894874885983,32.70954258565174,True,True,False,False,0.2848851614575055,0.43092817956852053,0.2848851614575055,False,missing,left,none,none,0,moving_average,4,2.0,peak,11,-1,-1,11,False,0.2848851614575054,False,False,False,False,False,False,False,,
frame_000244.jpg,,,244,False,,,,0.0,False,False,False,False,False,0.24665335264074786,0.1618139407106175,0.18,True,True,False,False,False,,,32.15894874885983,32.70954258565174,True,True,False,False,0.2848851614575055,0.43092817956852053,0.2848851614575055,False,missing,left,none,none,0,moving_average,4,2.0,peak,11,-1,-1,11,False,0.2848851614575054,False,False,False,False,False,False,False,,
frame_000245.jpg,,,245,False,,,,0.0,False,False,False,False,False,0.24665335264074786,0.1618139407106175,0.18,True,True,False,False,False,,,32.15894874885983,32.70954258565174,True,True,False,False,0.2848851614575055,0.43092817956852053,0.2848851614575055,False,missing,left,none,none,0,moving_average,4,2.0,peak,11,-1,-1,11,False,0.2848851614575054,False,False,False,False,False,False,False,,
frame_000246.jpg,,,246,False,,,,0.0,False,False,False,False,False,0.24665335264074786,0.1618139407106175,0.18,True,True,False,False,False,,,32.15894874885983,32.70954258565174,True,True,False,False,0.2848851614575055,0.43092817956852053,0.2848851614575055,False,missing,left,none,none,0,moving_average,4,2.0,peak,11,-1,-1,11,False,0.2848851614575054,False,False,False,False,False,False,False,,
frame_000247.jpg,,,247,False,,,,0.0,False,False,False,False,False,0.24665335264074786,0.1618139407106175,0.18,True,True,False,False,False,,,32.15894874885983,32.70954258565174,True,True,False,False,0.2848851614575055,0.43092817956852053,0.2848851614575055,False,missing,left,none,none,0,moving_average,4,2.0,peak,11,-1,-1,11,False,0.2848851614575054,False,False,False,False,False,False,False,,
frame_000248.jpg,,,248,False,,,,0.0,False,False,False,False,False,0.24665335264074786,0.1618139407106175,0.18,True,True,False,False,False,,,32.15894874885983,32.70954258565174,True,True,False,False,0.2848851614575055,0.43092817956852053,0.2848851614575055,False,missing,left,none,none,0,moving_average,4,2.0,peak,11,-1,-1,11,False,0.2848851614575054,False,False,False,False,False,False,False,,
frame_000249.jpg,,,249,False,,,,0.0,False,False,False,False,False,0.24665335264074786,0.1618139407106175,0.18,True,True,False,False,False,,,32.15894874885983,32.70954258565174,True,True,False,False,0.2848851614575055,0.43092817956852053,0.2848851614575055,False,missing,left,none,none,0,moving_average,4,2.0,peak,11,-1,-1,11,False,0.2848851614575054,False,False,False,False,False,False,False,,
frame_000250.jpg,,,250,False,,,,0.0,False,False,False,False,False,0.24665335264074786,0.1618139407106175,0.18,True,True,False,False,False,,,32.15894874885983,32.70954258565174,True,True,False,False,0.2848851614575055,0.43092817956852053,0.2848851614575055,False,missing,left,none,none,0,moving_average,4,2.0,peak,11,-1,-1,11,False,0.2848851614575054,False,False,False,False,False,False,False,,
frame_000251.jpg,,,251,False,,,,0.0,False,False,False,False,False,0.24665335264074786,0.1618139407106175,0.18,True,True,False,False,False,,,32.15894874885983,32.70954258565174,True,True,False,False,0.2848851614575055,0.43092817956852053,0.2848851614575055,False,missing,left,none,none,0,moving_average,4,2.0,peak,11,-1,-1,11,False,0.2848851614575054,False,False,False,False,False,False,False,,
frame_000252.jpg,,,252,False,,,,0.0,False,False,False,False,False,0.24665335264074786,0.1618139407106175,0.18,True,True,False,False,False,,,32.15894874885983,32.70954258565174,True,True,False,False,0.2848851614575055,0.43092817956852053,0.2848851614575055,False,missing,left,none,none,0,moving_average,4,2.0,peak,11,-1,-1,11,False,0.2848851614575054,False,False,False,False,False,False,False,,
frame_000253.jpg,,,253,False,,,,0.0,False,False,False,False,False,0.24665335264074786,0.1618139407106175,0.18,True,True,False,False,False,,,32.15894874885983,32.70954258565174,True,True,False,False,0.2848851614575055,0.43092817956852053,0.2848851614575055,False,missing,left,none,none,0,moving_average,4,2.0,peak,11,-1,-1,11,False,0.2848851614575054,False,False,False,False,False,False,False,,
frame_000254.jpg,,,254,False,,,,0.0,False,False,False,False,False,0.24665335264074786,0.1618139407106175,0.18,True,True,False,False,False,,,32.15894874885983,32.70954258565174,True,True,False,False,0.2848851614575055,0.43092817956852053,0.2848851614575055,False,missing,left,none,none,0,moving_average,4,2.0,peak,11,-1,-1,11,False,0.2848851614575054,False,False,False,False,False,False,False,,
frame_000255.jpg,,,255,False,,,,0.0,False,False,False,False,False,0.24665335264074786,0.1618139407106175,0.18,True,True,False,False,False,,,32.15894874885983,32.70954258565174,True,True,False,False,0.2848851614575055,0.43092817956852053,0.2848851614575055,False,missing,left,none,none,0,moving_average,4,2.0,peak,11,-1,-1,11,False,0.2848851614575054,False,False,False,False,False,False,False,,
frame_000256.jpg,,,256,False,,,,0.0,False,False,False,False,False,0.24665335264074786,0.1618139407106175,0.18,True,True,False,False,False,,,32.15894874885983,32.70954258565174,True,True,False,False,0.2848851614575055,0.43092817956852053,0.2848851614575055,False,missing,left,none,none,0,moving_average,4,2.0,peak,11,-1,-1,11,False,0.2848851614575054,False,False,False,False,False,False,False,,
frame_000257.jpg,,,257,False,,,,0.0,False,False,False,False,False,0.24665335264074786,0.1618139407106175,0.18,True,True,False,False,False,,,32.15894874885983,32.70954258565174,True,True,False,False,0.2848851614575055,0.43092817956852053,0.2848851614575055,False,missing,left,none,none,0,moving_average,4,2.0,peak,11,-1,-1,11,False,0.2848851614575054,False,False,False,False,False,False,False,,
frame_000258.jpg,,,258,False,,,,0.0,False,False,False,False,False,0.24665335264074786,0.1618139407106175,0.18,True,True,False,False,False,,,32.15894874885983,32.70954258565174,True,True,False,False,0.2848851614575055,0.43092817956852053,0.2848851614575055,False,missing,left,none,none,0,moving_average,4,2.0,peak,11,-1,-1,11,False,0.2848851614575054,False,False,False,False,False,False,False,,
frame_000259.jpg,,,259,False,,,,0.0,False,False,False,False,False,0.24665335264074786,0.1618139407106175,0.18,True,True,False,False,False,,,32.15894874885983,32.70954258565174,True,True,False,False,0.2848851614575055,0.43092817956852053,0.2848851614575055,False,missing,left,none,none,0,moving_average,4,2.0,peak,11,-1,-1,11,False,0.2848851614575054,False,False,False,False,False,False,False,,
frame_000260.jpg,,,260,False,,,,0.0,False,False,False,False,False,0.24665335264074786,0.1618139407106175,0.18,True,True,False,False,False,,,32.15894874885983,32.70954258565174,True,True,False,False,0.2848851614575055,0.43092817956852053,0.2848851614575055,False,missing,left,none,none,0,moving_average,4,2.0,peak,11,-1,-1,11,False,,False,False,False,False,False,False,False,,
