frame_name,left_temp,right_temp,frame_index,motion_coordinate_valid,motion_center_step_norm,motion_scale_step_log,motion_angle_step_rad,motion_score,motion_center_flag,motion_scale_flag,motion_angle_flag,motion_artifact_raw,motion_artifact,motion_center_threshold,motion_scale_threshold,motion_angle_threshold,left_missing_raw,right_missing_raw,left_quality_valid,right_quality_valid,quality_any_valid,left_temp_motion_filtered,right_temp_motion_filtered,left_temp_used,right_temp_used,left_repaired,right_repaired,left_motion_interpolated,right_motion_interpolated,left_norm,right_norm,fused_norm,fused_repaired,fusion_source,selected_fusion_mode,peak_retune_rule,edge_peak_completion,edge_peak_added,smoothing_method,butterworth_order,butterworth_cutoff_hz,rr_estimator,time_peak_count,spectral_count,autocorr_count,joint_count,joint_adjusted,smoothed_norm,is_peak,source_peak_rejected,quality_peak_rejected,mad_ibi_peak_rejected,motion_peak_rejected,motion_interval_peak_rejected,motion_reconstructed_peak,peak_number,event_source
frame_000000.jpg,31.353789200784817,31.38834339149318,0,True,,,,0.0,False,False,False,False,False,0.545653854602661,0.15424286034086807,0.18,False,False,True,True,True,31.353789200784817,31.38834339149318,31.353789200784817,31.38834339149318,False,False,False,False,0.42071096364088767,0.6372854369783078,0.6372854369783078,False,both,right,none,none,0,moving_average,4,2.0,peak,8,-1,-1,8,False,,False,False,False,False,False,False,False,,
frame_000001.jpg,31.34020243580408,31.409561558952397,1,True,0.04533673020050743,0.017548280705023938,0.015683627303118716,0.11377045696794796,False,False,False,False,False,0.545653854602661,0.15424286034086807,0.18,False,False,True,True,True,31.34020243580408,31.409561558952397,31.34020243580408,31.409561558952397,False,False,False,False,0.41561354267466694,0.64359248540307,0.64359248540307,False,both,right,none,none,0,moving_average,4,2.0,peak,8,-1,-1,8,False,0.6548668120252337,False,False,False,False,False,False,False,,
frame_000002.jpg,31.440119576289103,31.5445669692619,2,True,0.05400677357013171,0.11942210723083913,0.040758019488608084,0.7742472291224565,False,False,False,False,False,0.545653854602661,0.15424286034086807,0.18,False,False,True,True,True,31.440119576289103,31.5445669692619,31.440119576289103,31.5445669692619,False,False,False,False,0.45310000302893755,0.6837225136943232,0.6837225136943232,False,both,right,none,none,0,moving_average,4,2.0,peak,8,-1,-1,8,False,0.6919836162997701,False,False,False,False,False,False,False,,
frame_000003.jpg,31.75954152030358,31.76294836466387,3,True,0.11024071093673997,0.02916248200380819,0.005149384101890052,0.20203414675227763,False,False,False,False,False,0.545653854602661,0.15424286034086807,0.18,False,False,True,True,True,31.75954152030358,31.76294836466387,31.75954152030358,31.76294836466387,False,False,False,False,0.5729392816798072,0.7486358498019171,0.7486358498019171,False,both,right,none,none,0,moving_average,4,2.0,peak,8,-1,-1,8,False,0.7285349964747869,False,False,False,False,False,False,False,,
frame_000004.jpg,31.91276714771901,31.778459934161045,4,True,0.10799632628000101,0.012877190117004216,0.014810236934027249,0.19792094451278588,False,False,False,False,False,0.545653854602661,0.15424286034086807,0.18,False,False,True,True,True,31.91276714771901,31.778459934161045,31.91276714771901,31.778459934161045,False,False,False,False,0.630425778786155,0.7532466259281206,0.7532466259281206,False,both,right,none,none,0,moving_average,4,2.0,peak,8,-1,-1,8,False,0.7104579543346402,False,False,False,False,False,False,False,,
frame_000005.jpg,31.7195578767548,31.36212265547272,5,True,0.10379368175249615,0.01141486403929179,0.006039938806198477,0.19021891053638307,False,False,False,False,False,0.545653854602661,0.15424286034086807,0.18,False,False,True,True,True,31.7195578767548,31.36212265547272,31.7195578767548,31.36212265547272,False,False,False,False,0.5579383993343472,0.6294913872738831,0.6294913872738831,False,both,right,none,none,0,moving_average,4,2.0,peak,8,-1,-1,8,False,0.7123296894390558,False,False,False,False,False,False,False,,
frame_000006.jpg,32.00806814121043,31.78183903405949,6,True,0.06440860577049325,0.0051055323436214155,0.005215018251815737,0.11803931233546378,False,False,False,False,False,0.545653854602661,0.15424286034086807,0.18,False,False,True,True,True,32.00806814121043,31.78183903405949,32.00806814121043,31.78183903405949,False,False,False,False,0.6661803740127294,0.7542510551151638,0.7542510551151638,False,both,right,none,none,0,moving_average,4,2.0,peak,8,-1,-1,8,False,0.7113814038213743,False,False,False,False,False,False,False,,
frame_000007.jpg,32.057647246929015,31.76888926892429,7,True,0.013030169857666038,0.013173021158006872,0.0018091578362567154,0.08540441436897134,False,False,False,False,False,0.545653854602661,0.15424286034086807,0.18,False,False,True,True,True,32.057647246929015,31.76888926892429,32.057647246929015,31.76888926892429,False,False,False,False,0.6847812384079484,0.750401769075076,0.750401769075076,False,both,right,none,none,0,moving_average,4,2.0,peak,8,-1,-1,8,False,0.7614946669208016,False,False,False,False,False,False,False,,
frame_000008.jpg,32.21566853394386,31.86789565898896,8,True,0.007872618373280465,0.009481684096794575,0.0005222535109905141,0.06147243428863148,False,False,False,False,False,0.545653854602661,0.15424286034086807,0.18,False,False,True,True,True,32.21566853394386,31.86789565898896,32.21566853394386,31.86789565898896,False,False,False,False,0.7440669493686304,0.7798311765721648,0.7798311765721648,False,both,right,none,none,0,moving_average,4,2.0,peak,8,-1,-1,8,False,0.7849093038479874,False,False,False,False,False,False,False,,
frame_000009.jpg,32.30567816353677,32.01815354467934,9,True,0.015361342500963169,0.010720987858577473,0.00809701842776376,0.0695071903807067,False,False,False,False,False,0.545653854602661,0.15424286034086807,0.18,False,False,True,True,True,32.30567816353677,32.01815354467934,32.30567816353677,32.01815354467934,False,False,False,False,0.7778363546464249,0.8244949658967213,0.8244949658967213,False,both,right,none,none,0,moving_average,4,2.0,peak,8,-1,-1,8,False,0.8192408473932357,False,False,False,False,False,False,False,,
frame_000010.jpg,32.36993759288258,32.11538372608582,10,True,0.02337956652806314,0.012854829370767816,0.013019933667370658,0.08334148719985719,False,False,False,False,False,0.545653854602661,0.15424286034086807,0.18,False,False,True,True,True,32.36993759288258,32.11538372608582,32.36993759288258,32.11538372608582,False,False,False,False,0.801944916389351,0.8533963997108209,0.8533963997108209,False,both,right,none,none,0,moving_average,4,2.0,peak,8,-1,-1,8,False,0.8359489514832931,False,False,False,False,False,False,False,,
frame_000011.jpg,32.29112836016805,32.03652383177276,11,True,0.016477934701711997,0.03437740050358018,0.005433823307123435,0.22287839078974583,False,False,False,False,False,0.545653854602661,0.15424286034086807,0.18,False,False,True,True,True,32.29112836016805,32.03652383177276,32.29112836016805,32.03652383177276,False,False,False,False,0.772377625298325,0.8299554888423372,0.8299554888423372,False,both,right,none,none,0,moving_average,4,2.0,peak,8,-1,-1,8,False,0.8379828807044305,False,False,False,False,False,False,False,,
frame_000012.jpg,32.37588657246446,32.03868117404311,12,True,0.026105714783159453,0.0021106155886208193,0.012130266037098332,0.06739036687276852,False,False,False,False,False,0.545653854602661,0.15424286034086807,0.18,False,False,True,True,True,32.37588657246446,32.03868117404311,32.37588657246446,32.03868117404311,False,False,False,False,0.8041768276126106,0.8305967535601336,0.8305967535601336,False,both,right,none,none,0,moving_average,4,2.0,peak,8,-1,-1,8,False,0.8302713259899943,False,False,False,False,False,False,False,,
frame_000013.jpg,32.32594501612628,32.03755410677003,13,True,0.021693929608970267,0.012348544931929991,0.008560787408803658,0.08005910227961541,False,False,False,False,False,0.545653854602661,0.15424286034086807,0.18,False,False,True,True,True,32.32594501612628,32.03755410677003,32.32594501612628,32.03755410677003,False,False,False,False,0.7854399806350668,0.8302617355675123,0.8302617355675123,False,both,right,none,none,0,moving_average,4,2.0,peak,8,-1,-1,8,False,0.8318220809687261,False,False,False,False,False,False,False,,
frame_000014.jpg,32.357185763753655,32.0521749778926,14,True,0.021291406955605517,0.01643797041488727,0.014731873740263942,0.10657200196210236,False,False,False,False,False,0.545653854602661,0.15424286034086807,0.18,False,False,True,True,True,32.357185763753655,32.0521749778926,32.357185763753655,32.0521749778926,False,False,False,False,0.7971607428755234,0.8346077537785326,0.8346077537785326,False,both,right,none,none,0,moving_average,4,2.0,peak,8,-1,-1,8,False,0.8418733690443205,True,False,False,False,False,False,False,1,
frame_000015.jpg,32.492069416529475,32.14012478088057,15,True,0.03187124531751554,0.03100622575214742,0.012282331701118504,0.20102211333234746,False,False,False,False,False,0.545653854602661,0.15424286034086807,0.18,False,False,True,True,True,32.492069416529475,32.14012478088057,32.492069416529475,32.14012478088057,False,False,False,False,0.8477657809868564,0.8607506177869166,0.8607506177869166,False,both,right,none,none,0,moving_average,4,2.0,peak,8,-1,-1,8,False,0.8415776348778371,False,False,False,False,False,False,False,,
frame_000016.jpg,32.34602345250713,32.034569380803816,16,True,0.048706641399571406,0.03570515008893707,0.001443892380672468,0.23148656612066643,False,False,False,False,False,0.545653854602661,0.15424286034086807,0.18,False,False,True,True,True,32.34602345250713,32.034569380803816,32.34602345250713,32.034569380803816,False,False,False,False,0.7929729174836677,0.8293745330680624,0.8293745330680624,False,both,right,none,none,0,moving_average,4,2.0,peak,8,-1,-1,8,False,0.8252711483238017,False,False,False,False,False,False,False,,
frame_000017.jpg,32.024038679902155,31.88760016932608,17,True,0.06493181953108158,0.059706583063217085,0.0350258270151963,0.3870946307094467,False,False,False,False,False,0.545653854602661,0.15424286034086807,0.18,False,False,True,True,True,32.024038679902155,31.88760016932608,32.024038679902155,31.88760016932608,False,False,False,False,0.6721721284063957,0.7856882941164259,0.7856882941164259,False,both,right,none,none,0,moving_average,4,2.0,peak,8,-1,-1,8,False,0.7671643094848648,False,False,False,False,False,False,False,,
frame_000018.jpg,31.836443095503945,31.55367583330168,18,True,0.06727379463937955,0.03772338968811955,0.03147003760638356,0.24457138310812557,False,False,False,False,False,0.545653854602661,0.15424286034086807,0.18,False,False,True,True,True,31.836443095503945,31.55367583330168,31.836443095503945,31.55367583330168,False,False,False,False,0.6017908664623165,0.6864301012701061,0.6864301012701061,False,both,right,none,none,0,moving_average,4,2.0,peak,8,-1,-1,8,False,0.7179556601373185,False,False,False,False,False,False,False,,
frame_000019.jpg,31.76914622677272,31.53792627995233,19,True,0.019056558567923546,0.004167022855656042,0.006713039111821233,0.03729466173234019,False,False,False,False,False,0.545653854602661,0.15424286034086807,0.18,False,False,True,True,True,31.76914622677272,31.53792627995233,31.76914622677272,31.53792627995233,False,False,False,False,0.5765427319639336,0.6817485850254237,0.6817485850254237,False,both,right,none,none,0,moving_average,4,2.0,peak,8,-1,-1,8,False,0.6898832058492634,False,False,False,False,False,False,False,,
frame_000020.jpg,31.74877189137919,31.60427618195827,20,True,0.0021588366974239115,0.00919963939039568,0.0024133880184628587,0.059643858847437045,False,False,False,False,False,0.545653854602661,0.15424286034086807,0.18,False,False,True,True,True,31.74877189137919,31.60427618195827,31.74877189137919,31.60427618195827,False,False,False,False,0.5688987810635505,0.7014709312522607,0.7014709312522607,False,both,right,none,none,0,moving_average,4,2.0,peak,8,-1,-1,8,False,0.6932102522010021,False,False,False,False,False,False,False,,
frame_000021.jpg,31.840091979045408,31.587254373633765,21,True,0.004426071959232371,0.002108143440825749,0.012297085040944563,0.06831713911635869,False,False,False,False,False,0.545653854602661,0.15424286034086807,0.18,False,False,True,True,True,31.840091979045408,31.587254373633765,31.840091979045408,31.587254373633765,False,False,False,False,0.6031598380676927,0.696411240325322,0.696411240325322,False,both,right,none,none,0,moving_average,4,2.0,peak,8,-1,-1,8,False,0.712110174367041,False,False,False,False,False,False,False,,
frame_000022.jpg,31.869774158289108,31.72867559079196,22,True,0.014719953708375212,0.02666479252633122,0.006103330300144972,0.17287537632149408,False,False,False,False,False,0.545653854602661,0.15424286034086807,0.18,False,False,True,True,True,31.869774158289108,31.72867559079196,31.869774158289108,31.72867559079196,False,False,False,False,0.6142958636789752,0.7384483515235408,0.7384483515235408,False,both,right,none,none,0,moving_average,4,2.0,peak,8,-1,-1,8,False,0.7347069719222691,False,False,False,False,False,False,False,,
frame_000023.jpg,31.98974289087984,31.83233656881994,23,True,0.010183275691080228,0.002901258604305808,0.0042793371208836965,0.023774095116020535,False,False,False,False,False,0.545653854602661,0.15424286034086807,0.18,False,False,True,True,True,31.98974289087984,31.83233656881994,31.98974289087984,31.83233656881994,False,False,False,False,0.6593051895682471,0.7692613239179447,0.7692613239179447,False,both,right,none,none,0,moving_average,4,2.0,peak,8,-1,-1,8,False,0.7686856343477466,False,False,False,False,False,False,False,,
frame_000024.jpg,32.25759690246498,31.9301873436202,24,True,0.028686122554848526,0.012726922597784454,0.01097765727164686,0.08251223148778924,False,False,False,False,False,0.545653854602661,0.15424286034086807,0.18,False,False,True,True,True,32.25759690246498,31.9301873436202,32.25759690246498,31.9301873436202,False,False,False,False,0.7597974448237301,0.7983472276017549,0.7983472276017549,False,both,right,none,none,0,moving_average,4,2.0,peak,8,-1,-1,8,False,0.8011956500372133,False,False,False,False,False,False,False,,
frame_000025.jpg,32.33090245559878,32.05678610011957,25,True,0.014903547806991716,0.004693390311689558,0.0076536418387949555,0.04252023243774975,False,False,False,False,False,0.545653854602661,0.15424286034086807,0.18,False,False,True,True,True,32.33090245559878,32.05678610011957,32.33090245559878,32.05678610011957,False,False,False,False,0.7872998903296639,0.8359783985919401,0.8359783985919401,False,both,right,none,none,0,moving_average,4,2.0,peak,8,-1,-1,8,False,0.8340008351985256,False,False,False,False,False,False,False,,
frame_000026.jpg,32.4474812267156,32.16342610487797,26,True,0.025898494325163435,0.0187296893556849,0.016172389252576774,0.12142986271321303,False,False,False,False,False,0.545653854602661,0.15424286034086807,0.18,False,False,True,True,True,32.4474812267156,32.16342610487797,32.4474812267156,32.16342610487797,False,False,False,False,0.8310373858224954,0.8676768794018821,0.8676768794018821,False,both,right,none,none,0,moving_average,4,2.0,peak,8,-1,-1,8,False,0.853741218911144,False,False,False,False,False,False,False,,
frame_000027.jpg,32.38200036849409,32.12941909472539,27,True,0.04704894803841407,0.03959032037790145,0.013668857710874012,0.25667522172766416,False,False,False,False,False,0.545653854602661,0.15424286034086807,0.18,False,False,True,True,True,32.38200036849409,32.12941909472539,32.38200036849409,32.12941909472539,False,False,False,False,0.8064705739244679,0.8575683787396102,0.8575683787396102,False,both,right,none,none,0,moving_average,4,2.0,peak,8,-1,-1,8,False,0.868007712957878,False,False,False,False,False,False,False,,
frame_000028.jpg,32.48597326146582,32.200772085014364,28,True,0.09638618715498487,0.006923561652299569,0.012229553944990562,0.17664346424377814,False,False,False,False,False,0.545653854602661,0.15424286034086807,0.18,False,False,True,True,True,32.48597326146582,32.200772085014364,32.48597326146582,32.200772085014364,False,False,False,False,0.8454786531327387,0.8787778807321418,0.8787778807321418,False,both,right,none,none,0,moving_average,4,2.0,peak,8,-1,-1,8,False,0.8719102675843501,False,False,False,False,False,False,False,,
frame_000029.jpg,32.44626386223383,32.20281301869559,29,True,0.12021955369886075,0.07293487321629627,0.005565788153832067,0.472857369573634,False,False,False,False,False,0.545653854602661,0.15424286034086807,0.18,False,False,True,True,True,32.44626386223383,32.20281301869559,32.44626386223383,32.20281301869559,False,False,False,False,0.8305806605283044,0.8793845432812984,0.8793845432812984,False,both,right,none,none,0,moving_average,4,2.0,peak,8,-1,-1,8,False,0.9010871506188995,False,False,False,False,False,False,False,,
frame_000030.jpg,32.47962461283454,32.4238896371115,30,True,0.09109670936562259,0.10143479676785835,0.03175387327730242,0.6576304183136461,False,False,False,False,False,0.545653854602661,0.15424286034086807,0.18,False,False,True,True,True,32.47962461283454,32.4238896371115,32.47962461283454,32.4238896371115,False,False,False,False,0.8430967958851788,0.9450990278432585,0.9450990278432585,False,both,right,none,none,0,moving_average,4,2.0,peak,8,-1,-1,8,False,0.9319882518961016,False,False,False,False,False,False,False,,
frame_000031.jpg,32.52685419470658,32.512644468457474,31,True,0.05955245477501314,0.004164190158081986,0.022868934677935857,0.12704963709964365,False,False,False,False,False,0.545653854602661,0.15424286034086807,0.18,False,False,True,True,True,32.52685419470658,32.512644468457474,32.52685419470658,32.512644468457474,False,False,False,False,0.860816176562014,0.971481184563748,0.971481184563748,False,both,right,none,none,0,moving_average,4,2.0,peak,8,-1,-1,8,False,0.9511165238958343,False,False,False,False,False,False,False,,
frame_000032.jpg,32.53272972283975,32.39586697253982,32,True,0.03816390364516209,0.047076010854330455,0.04786383912546977,0.3052070659886306,False,False,False,False,False,0.545653854602661,0.15424286034086807,0.18,False,False,True,True,True,32.53272972283975,32.39586697253982,32.53272972283975,32.39586697253982,False,False,False,False,0.8630205306033247,0.9367693592804969,0.9367693592804969,False,both,right,none,none,0,moving_average,4,2.0,peak,8,-1,-1,8,False,0.951134181036073,False,False,False,False,False,False,False,,
frame_000033.jpg,32.544092711181044,32.42406784352433,33,True,0.019049998642411893,0.004719874849360074,0.004528181007142251,0.03491224057472092,False,False,False,False,False,0.545653854602661,0.15424286034086807,0.18,False,False,True,True,True,32.544092711181044,32.42406784352433,32.544092711181044,32.42406784352433,False,False,False,False,0.8672836451189561,0.9451519992639742,0.9451519992639742,False,both,right,none,none,0,moving_average,4,2.0,peak,8,-1,-1,8,False,0.9496478974090686,False,False,False,False,False,False,False,,
frame_000034.jpg,32.80184359861147,32.49764400575331,34,True,0.020921536788201252,0.014955687903492046,0.002788489792710999,0.09696194605339148,False,False,False,False,False,0.545653854602661,0.15424286034086807,0.18,False,False,True,True,True,32.80184359861147,32.49764400575331,32.80184359861147,32.49764400575331,False,False,False,False,0.9639854559998138,0.967022333682735,0.967022333682735,False,both,right,none,none,0,moving_average,4,2.0,peak,8,-1,-1,8,False,0.9605107605769364,False,False,False,False,False,False,False,,
frame_000035.jpg,32.741400988236414,32.50550148028077,35,True,0.04221472125301826,0.05927630398517201,0.027611307438379095,0.38430500999640893,False,False,False,False,False,0.545653854602661,0.15424286034086807,0.18,False,False,True,True,True,32.741400988236414,32.50550148028077,32.741400988236414,32.50550148028077,False,False,False,False,0.9413088711162343,0.9693579487841001,0.9693579487841001,False,both,right,none,none,0,moving_average,4,2.0,peak,8,-1,-1,8,False,0.9729129354574586,False,False,False,False,False,False,False,,
frame_000036.jpg,32.87214894653426,32.54923800510431,36,True,0.0570085940193598,0.00852448503560572,0.003723476552808751,0.10447757958362232,False,False,False,False,False,0.545653854602661,0.15424286034086807,0.18,False,False,True,True,True,32.87214894653426,32.54923800510431,32.87214894653426,32.54923800510431,False,False,False,False,0.9903622980992526,0.9823585239055408,0.9823585239055408,False,both,right,none,none,0,moving_average,4,2.0,peak,8,-1,-1,8,False,0.983905490896547,False,False,False,False,False,False,False,,
frame_000037.jpg,32.8978374646197,32.6085874454115,37,True,0.011260076064430125,0.008906100640871781,0.0046502674796666974,0.05774076428036798,False,False,False,False,False,0.545653854602661,0.15424286034086807,0.18,False,False,True,True,True,32.8978374646197,32.6085874454115,32.8978374646197,32.6085874454115,False,False,False,False,1.0,1.0,1.0,False,both,right,none,none,0,moving_average,4,2.0,peak,8,-1,-1,8,False,0.9879613660912201,True,False,False,False,False,False,False,2,
frame_000038.jpg,32.851788103599915,32.54643579691122,38,True,0.11021323574988724,0.09045207204613884,0.02243342760081612,0.5864263139716472,False,False,False,False,False,0.545653854602661,0.15424286034086807,0.18,False,False,True,True,True,32.851788103599915,32.54643579691122,32.851788103599915,32.54643579691122,False,False,False,False,0.9827234092386146,0.9815255743681199,0.9815255743681199,False,both,right,none,none,0,moving_average,4,2.0,peak,8,-1,-1,8,False,0.9828241049817797,False,False,False,False,False,False,False,,
frame_000039.jpg,32.81144917278598,32.49738969548588,39,True,0.11005968523342512,0.0028451243268725578,0.0029460809183845943,0.20170238752105826,False,False,False,False,False,0.545653854602661,0.15424286034086807,0.18,False,False,True,True,True,32.81144917278598,32.49738969548588,32.81144917278598,32.49738969548588,False,False,False,False,0.9675892318257108,0.9669467405772195,0.9669467405772195,False,both,right,none,none,0,moving_average,4,2.0,peak,8,-1,-1,8,False,0.9637724173968221,False,False,False,False,False,False,False,,
frame_000040.jpg,32.448995495280386,,40,True,0.2734612305997615,0.06796560237167057,0.0030938466537212134,0.5011624646157643,False,False,False,False,False,0.545653854602661,0.15424286034086807,0.18,False,True,True,False,True,32.448995495280386,,32.448995495280386,32.41630642725511,False,True,False,False,0.8316055022462032,0.9428449372451271,0.9428449372451271,False,left_only,right,none,none,0,moving_average,4,2.0,peak,8,-1,-1,8,False,0.9428449372451271,False,False,False,False,False,False,False,,
frame_000041.jpg,32.72641019204967,32.33522315902434,41,True,0.3842933551996914,0.08201033569489884,0.043238281380126,0.7042804737071443,False,False,False,False,False,0.545653854602661,0.15424286034086807,0.18,False,False,True,True,True,32.72641019204967,32.33522315902434,32.72641019204967,32.33522315902434,False,False,False,False,0.9356846920794295,0.9187431339130346,0.9187431339130346,False,both,right,none,none,0,moving_average,4,2.0,peak,8,-1,-1,8,False,0.9184377963022418,False,False,False,False,False,False,False,,
frame_000042.jpg,32.42374131480573,,42,True,0.4560254054479885,0.08201033569489888,0.043238281380126,0.8357411967337077,False,False,False,False,False,0.545653854602661,0.15424286034086807,0.18,False,True,True,False,True,32.42374131480573,,32.42374131480573,32.251058241127474,False,True,False,False,0.8221307531636409,0.8937253177485635,0.8937253177485635,False,left_only,right,none,none,0,moving_average,4,2.0,peak,8,-1,-1,8,False,0.8937253177485641,False,False,False,False,False,False,False,,
frame_000043.jpg,32.153579341720366,,43,True,0.18312351824536305,0.0,0.0,0.33560382044531056,False,False,False,False,False,0.545653854602661,0.15424286034086807,0.18,False,True,True,False,True,32.153579341720366,,32.153579341720366,32.16689332323062,False,True,False,False,0.7207726073626792,0.8687075015840945,0.8687075015840945,False,left_only,right,none,none,0,moving_average,4,2.0,peak,8,-1,-1,8,False,0.8687075015840937,False,False,False,False,False,False,False,,
frame_000044.jpg,32.015157977052745,,44,True,0.0602877802437759,4.440892098500627e-16,2.3592239273284576e-16,0.11048722506996085,False,False,False,False,False,0.545653854602661,0.15424286034086807,0.18,False,True,True,False,True,32.015157977052745,,32.015157977052745,32.082728405333754,False,True,False,False,0.6688403065221177,0.8436896854196234,0.8436896854196234,False,left_only,right,none,none,0,moving_average,4,2.0,peak,8,-1,-1,8,False,0.8436896854196237,False,False,False,False,False,False,False,,
frame_000045.jpg,31.91606560350433,,45,True,0.1790819637819251,4.440892098500625e-16,2.3592239273284576e-16,0.328197010378183,False,False,False,False,False,0.545653854602661,0.15424286034086807,0.18,False,True,True,False,True,31.91606560350433,,31.91606560350433,31.998563487436893,False,True,False,False,0.6316632784926768,0.8186718692551533,0.8186718692551533,False,left_only,right,none,none,0,moving_average,4,2.0,peak,8,-1,-1,8,False,0.818671869255153,False,False,False,False,False,False,False,,
frame_000046.jpg,32.28921796462528,,46,True,0.07783998421047998,4.440892098500627e-16,2.0816681711721685e-16,0.14265451174566005,False,False,False,False,False,0.545653854602661,0.15424286034086807,0.18,False,True,True,False,True,32.28921796462528,,32.28921796462528,31.91439856954003,False,True,False,False,0.771660891748631,0.7936540530906823,0.7936540530906823,False,left_only,right,none,none,0,moving_average,4,2.0,peak,8,-1,-1,8,False,0.7936540530906826,False,False,False,False,False,False,False,,
frame_000047.jpg,32.24923865509973,,47,True,0.011959753547135571,4.440892098500625e-16,2.0816681711721685e-16,0.021918205921672686,False,False,False,False,False,0.545653854602661,0.15424286034086807,0.18,False,True,True,False,True,32.24923865509973,,32.24923865509973,31.83023365164317,False,True,False,False,0.7566616354223827,0.7686362369262122,0.7686362369262122,False,left_only,right,none,none,0,moving_average,4,2.0,peak,8,-1,-1,8,False,0.7686362369262121,False,False,False,False,False,False,False,,
frame_000048.jpg,32.280186494378825,,48,True,0.03165266606604916,0.0,2.220446049250313e-16,0.058008691405833236,False,False,False,False,False,0.545653854602661,0.15424286034086807,0.18,False,True,True,False,True,32.280186494378825,,32.280186494378825,31.74606873374631,False,True,False,False,0.7682725056349864,0.7436184207617421,0.7436184207617421,False,left_only,right,none,none,0,moving_average,4,2.0,peak,8,-1,-1,8,False,0.7436184207617418,False,False,False,False,False,False,False,,
frame_000049.jpg,,,49,False,,,,0.0,False,False,False,False,False,0.545653854602661,0.15424286034086807,0.18,True,True,False,False,False,,,31.908789216034172,31.661903815849445,True,True,False,False,0.6289333563882384,0.718600604597271,0.718600604597271,False,missing,right,none,none,0,moving_average,4,2.0,peak,8,-1,-1,8,False,0.7186006045972713,False,False,False,False,False,False,False,,
frame_000050.jpg,31.53739193768952,31.577738897952585,50,True,,,,0.0,False,False,False,False,False,0.545653854602661,0.15424286034086807,0.18,False,False,True,True,True,31.53739193768952,31.577738897952585,31.53739193768952,31.577738897952585,False,False,False,False,0.48959420714149043,0.693582788432801,0.693582788432801,False,both,right,none,none,0,moving_average,4,2.0,peak,8,-1,-1,8,False,0.6627550749319093,False,False,False,False,False,False,False,,
frame_000051.jpg,31.400550885092787,31.182442269914457,51,True,0.08288397038094032,0.04510906553354347,0.0046088357348203594,0.29245480428627274,False,False,False,False,False,0.545653854602661,0.15424286034086807,0.18,False,False,True,True,True,31.400550885092787,31.182442269914457,31.400550885092787,31.182442269914457,False,False,False,False,0.4382548006282203,0.5760818317656559,0.5760818317656559,False,both,right,none,none,0,moving_average,4,2.0,peak,8,-1,-1,8,False,0.5730620455872749,False,False,False,False,False,False,False,,
frame_000052.jpg,31.38059193744374,30.75666815486084,52,True,0.15476111938913772,0.04945547225688482,0.04467833764325542,0.32063378588539526,False,False,False,False,False,0.545653854602661,0.15424286034086807,0.18,False,False,True,True,True,31.38059193744374,30.75666815486084,31.38059193744374,30.75666815486084,False,False,False,False,0.43076669302098597,0.449521516563368,0.449521516563368,False,both,right,none,none,0,moving_average,4,2.0,peak,8,-1,-1,8,False,0.49833269739485203,False,False,False,False,False,False,False,,
frame_000053.jpg,32.120424997748046,,53,True,0.0910834607826421,0.07389346958747305,0.06988468825499228,0.47907222042026854,False,False,False,False,False,0.545653854602661,0.15424286034086807,0.18,False,True,True,False,True,32.120424997748046,,32.120424997748046,30.823525650830696,False,True,False,False,0.7083339107100609,0.4693947438555323,0.4693947438555323,False,left_only,right,none,none,0,moving_average,4,2.0,peak,8,-1,-1,8,False,0.4693947438555323,False,False,False,False,False,False,False,,
frame_000054.jpg,32.0428838012506,,54,True,0.0030945944124388326,0.096270505915444,0.0099329329641855,0.6241488630507214,False,False,False,False,False,0.545653854602661,0.15424286034086807,0.18,False,True,True,False,True,32.0428838012506,,32.0428838012506,30.890383146800552,False,True,False,False,0.6792423557054438,0.4892679711476967,0.4892679711476967,False,left_only,right,none,none,0,moving_average,4,2.0,peak,8,-1,-1,8,False,0.48926797114769666,False,False,False,False,False,False,False,,
frame_000055.jpg,31.413436249868997,30.957240642770408,55,True,0.06745530901573854,0.01740518812412286,0.08397134874194645,0.4665074930108136,False,False,False,False,False,0.545653854602661,0.15424286034086807,0.18,False,False,True,True,True,31.413436249868997,30.957240642770408,31.413436249868997,30.957240642770408,False,False,False,False,0.44308907344156323,0.509141198439861,0.509141198439861,False,both,right,none,none,0,moving_average,4,2.0,peak,8,-1,-1,8,False,0.49342512613692613,True,False,False,False,False,False,False,3,
frame_000056.jpg,31.013997127402245,30.86548214368197,56,True,0.15909578423939258,0.05614296162319116,0.02029202528960092,0.36399066705012056,False,False,False,False,False,0.545653854602661,0.15424286034086807,0.18,False,False,True,True,True,31.013997127402245,30.86548214368197,31.013997127402245,30.86548214368197,False,False,False,False,0.2932293120872128,0.4818662088232207,0.4818662088232207,False,both,right,none,none,0,moving_average,4,2.0,peak,8,-1,-1,8,False,0.4557117167664116,False,False,False,False,False,False,False,,
frame_000057.jpg,30.232418016084345,30.509756878414915,57,True,0.13744969671222676,0.028239205733022382,0.014766542035453235,0.2518990666936937,False,False,False,False,False,0.545653854602661,0.15424286034086807,0.18,False,False,True,True,True,30.232418016084345,30.509756878414915,30.232418016084345,30.509756878414915,False,False,False,False,0.0,0.3761277430361531,0.3761277430361531,False,both,right,none,none,0,moving_average,4,2.0,peak,8,-1,-1,8,False,0.41126093298547045,False,False,False,False,False,False,False,,
frame_000058.jpg,,,58,False,,,,0.0,False,False,False,False,False,0.545653854602661,0.15424286034086807,0.18,True,True,False,False,False,,,30.804437753381798,30.50861676495722,True,True,False,False,0.2146077750020835,0.37578884709703764,0.37578884709703764,False,missing,right,none,none,0,moving_average,4,2.0,peak,8,-1,-1,8,False,0.3757888470970376,False,False,False,False,False,False,False,,
frame_000059.jpg,31.376457490679247,,59,True,,,,0.0,False,False,False,False,False,0.545653854602661,0.15424286034086807,0.18,False,True,True,False,True,31.376457490679247,,31.376457490679247,30.507476651499527,False,True,False,False,0.42921555000416567,0.3754499511579221,0.3754499511579221,False,left_only,right,none,none,0,moving_average,4,2.0,peak,8,-1,-1,8,False,0.3754499511579221,False,False,False,False,False,False,False,,
frame_000060.jpg,30.848837119759807,,60,True,0.01058540559963987,0.0,4.440892098500626e-16,0.01939948835759264,False,False,False,False,False,0.545653854602661,0.15424286034086807,0.18,False,True,True,False,True,30.848837119759807,,30.848837119759807,30.506336538041833,False,True,False,False,0.23126532824474727,0.37511105521880667,0.37511105521880667,False,left_only,right,none,none,0,moving_average,4,2.0,peak,8,-1,-1,8,False,0.3751110552188063,False,False,False,False,False,False,False,,
frame_000061.jpg,30.862428440494057,,61,True,0.09218528074097151,8.881784197001248e-16,1.942890293094024e-16,0.16894461564483915,False,False,False,False,False,0.545653854602661,0.15424286034086807,0.18,False,True,True,False,True,30.862428440494057,,30.862428440494057,30.505196424584135,False,True,False,False,0.23636445841794312,0.37477215927969015,0.37477215927969015,False,left_only,right,none,none,0,moving_average,4,2.0,peak,8,-1,-1,8,False,0.37477215927969043,False,False,False,False,False,False,False,,
frame_000062.jpg,30.862428440494057,,62,True,0.0,0.0,0.0,0.0,False,False,False,False,False,0.545653854602661,0.15424286034086807,0.18,False,True,True,False,True,30.862428440494057,,30.862428440494057,30.50405631112644,False,True,False,False,0.23636445841794312,0.37443326334057464,0.37443326334057464,False,left_only,right,none,none,0,moving_average,4,2.0,peak,8,-1,-1,8,False,0.37443326334057464,False,False,False,False,False,False,False,,
frame_000063.jpg,31.4916004461074,,63,True,0.10887114317457952,8.881784197001256e-16,1.942890293094024e-16,0.1995241896602348,False,False,False,False,False,0.545653854602661,0.15424286034086807,0.18,False,True,True,False,True,31.4916004461074,,31.4916004461074,30.502916197668746,False,True,False,False,0.4724143626681259,0.3740943674014592,0.3740943674014592,False,left_only,right,none,none,0,moving_average,4,2.0,peak,8,-1,-1,8,False,0.3740943674014592,False,False,False,False,False,False,False,,
frame_000064.jpg,30.84273211271257,30.501776084211052,64,True,0.07334926723722564,0.04528658960764476,0.026437666368890344,0.29360574296640984,False,False,False,False,False,0.545653854602661,0.15424286034086807,0.18,False,False,True,True,True,30.84273211271257,30.501776084211052,30.84273211271257,30.501776084211052,False,False,False,False,0.22897487934350952,0.37375547146234367,0.37375547146234367,False,both,right,none,none,0,moving_average,4,2.0,peak,8,-1,-1,8,False,0.3913424104117123,False,False,False,False,False,False,False,,
frame_000065.jpg,31.4463606243289,30.67813387021025,65,True,0.17221196645830028,0.00977764243153981,0.013800617212622168,0.3156066158163642,False,False,False,False,False,0.545653854602661,0.15424286034086807,0.18,False,False,True,True,True,31.4463606243289,30.67813387021025,31.4463606243289,30.67813387021025,False,False,False,False,0.4554414911737872,0.4261773923713341,0.4261773923713341,False,both,right,none,none,0,moving_average,4,2.0,peak,8,-1,-1,8,False,0.40870341873500393,False,False,False,False,False,False,False,,
frame_000066.jpg,31.4463606243289,30.67813387021025,66,True,0.0,0.0,0.0,0.0,False,False,False,False,False,0.545653854602661,0.15424286034086807,0.18,False,False,True,True,True,31.4463606243289,30.67813387021025,31.4463606243289,30.67813387021025,False,False,False,False,0.4554414911737872,0.4261773923713341,0.4261773923713341,False,both,right,none,none,0,moving_average,4,2.0,peak,8,-1,-1,8,False,0.39698171174379776,False,False,False,False,False,False,False,,
frame_000067.jpg,31.382707524545648,30.38347361128054,67,True,0.3751440228121411,0.006879203523370936,0.012955672330162912,0.6875128245640576,False,False,False,False,False,0.545653854602661,0.15424286034086807,0.18,False,False,True,True,True,31.382707524545648,30.38347361128054,31.382707524545648,30.38347361128054,False,False,False,False,0.43156040941075374,0.3385903504887252,0.3385903504887252,False,both,right,none,none,0,moving_average,4,2.0,peak,8,-1,-1,8,False,0.424862738959486,False,False,False,False,False,False,False,,
frame_000068.jpg,31.62770307516613,30.959525861149228,68,True,0.29561069085940117,0.01964436718999399,0.022261614568702716,0.5417549759172169,False,False,False,False,False,0.545653854602661,0.15424286034086807,0.18,False,False,True,True,True,31.62770307516613,30.959525861149228,31.62770307516613,30.959525861149228,False,False,False,False,0.5234767307819018,0.5098204740183988,0.5098204740183988,False,both,right,none,none,0,moving_average,4,2.0,peak,8,-1,-1,8,False,0.48746721446040864,False,False,False,False,False,False,False,,
frame_000069.jpg,31.83693947442082,31.30997565518518,69,True,0.25076302334698863,0.027690293060220444,0.02773307491295519,0.4595642846316763,False,False,False,False,False,0.545653854602661,0.15424286034086807,0.18,False,False,True,True,True,31.83693947442082,31.30997565518518,31.83693947442082,31.30997565518518,False,False,False,False,0.601977095656805,0.6139908188741019,0.6139908188741019,False,both,right,none,none,0,moving_average,4,2.0,peak,8,-1,-1,8,False,0.5763916046961316,False,False,False,False,False,False,False,,
frame_000070.jpg,32.0421643398261,31.280951706972253,70,True,0.3266552995283094,0.010999988260103611,0.024153022719653718,0.5986493026172721,False,False,False,False,False,0.545653854602661,0.15424286034086807,0.18,False,False,True,True,True,32.0421643398261,31.280951706972253,32.0421643398261,31.280951706972253,False,False,False,False,0.6789724314258346,0.6053635211958943,0.6053635211958943,False,both,right,none,none,0,moving_average,4,2.0,peak,8,-1,-1,8,False,0.5969368511916763,True,False,False,False,False,False,False,4,
frame_000071.jpg,32.073640009431486,31.166880768520084,71,True,0.028401081213617126,0.011181885276913672,0.021477850828510527,0.11932139349172516,False,False,False,False,False,0.545653854602661,0.15424286034086807,0.18,False,False,True,True,True,32.073640009431486,31.166880768520084,32.073640009431486,31.166880768520084,False,False,False,False,0.6907813306303034,0.5714562135050326,0.5714562135050326,False,both,right,none,none,0,moving_average,4,2.0,peak,8,-1,-1,8,False,0.5636530821857242,False,False,False,False,False,False,False,,
frame_000072.jpg,31.813204930096465,30.974055964921117,72,True,0.048014756640180574,0.006639851721124865,0.022135239174020285,0.12297355096677937,False,False,False,False,False,0.545653854602661,0.15424286034086807,0.18,False,False,True,True,True,31.813204930096465,30.974055964921117,31.813204930096465,30.974055964921117,False,False,False,False,0.5930724767843805,0.5141395118562456,0.5141395118562456,False,both,right,none,none,0,moving_average,4,2.0,peak,8,-1,-1,8,False,0.5290336026064983,False,False,False,False,False,False,False,,
frame_000073.jpg,31.880674981703223,30.931551227258645,73,True,0.08322895783970272,0.009474161282392845,0.00669369951109762,0.15253068797673774,False,False,False,False,False,0.545653854602661,0.15424286034086807,0.18,False,False,True,True,True,31.880674981703223,30.931551227258645,31.880674981703223,30.931551227258645,False,False,False,False,0.618385585249854,0.5015050824582169,0.5015050824582169,False,both,right,none,none,0,moving_average,4,2.0,peak,8,-1,-1,8,False,0.39452392021286026,False,False,False,False,False,False,False,,
frame_000074.jpg,31.49072658334095,29.80932865838772,74,True,0.17443834503811712,0.046050988863685346,0.0005273341989025792,0.31968681897270046,False,False,False,False,False,0.545653854602661,0.15424286034086807,0.18,False,False,True,True,True,31.49072658334095,29.80932865838772,31.49072658334095,29.80932865838772,False,False,False,False,0.47208651079215536,0.1679271663241183,0.1679271663241183,False,both,right,none,none,0,moving_average,4,2.0,peak,8,-1,-1,8,False,0.29253259823390954,False,False,False,False,False,False,False,,
frame_000075.jpg,31.102102332968677,29.94469858407087,75,True,0.059522484390848285,0.012606071139734009,0.04108814226532782,0.22826745702959902,False,False,False,False,False,0.545653854602661,0.15424286034086807,0.18,False,False,True,True,True,31.102102332968677,29.94469858407087,31.102102332968677,29.94469858407087,False,False,False,False,0.3262842241817598,0.20816554591939349,0.20816554591939349,False,both,right,none,none,0,moving_average,4,2.0,peak,8,-1,-1,8,False,0.2434298084473132,False,False,False,False,False,False,False,,
frame_000076.jpg,31.20333390605977,30.43597652436772,76,True,0.07557430173778976,0.00024431905364565785,0.029398071427988146,0.1633226190443786,False,False,False,False,False,0.545653854602661,0.15424286034086807,0.18,False,False,True,True,True,31.20333390605977,30.43597652436772,31.20333390605977,30.43597652436772,False,False,False,False,0.3642638274095812,0.35419671309842793,0.35419671309842793,False,both,right,none,none,0,moving_average,4,2.0,peak,8,-1,-1,8,False,0.2315029234646285,False,False,False,False,False,False,False,,
frame_000077.jpg,31.326880433567517,29.68895540653388,77,True,0.10344233254442906,0.053270471368921636,0.020581403682016226,0.34536750194593696,False,False,False,False,False,0.545653854602661,0.15424286034086807,0.18,False,False,True,True,True,31.326880433567517,29.68895540653388,31.326880433567517,29.68895540653388,False,False,False,False,0.41061545419599094,0.13214651137606412,0.13214651137606412,False,both,right,none,none,0,moving_average,4,2.0,peak,8,-1,-1,8,False,0.25389317104986997,False,False,False,False,False,False,False,,
frame_000078.jpg,31.196213218689728,30.17067434518209,78,True,0.09189232762601841,0.012817068858137085,0.0036344167690477718,0.1684077311117565,False,False,False,False,False,0.545653854602661,0.15424286034086807,0.18,False,False,True,True,True,31.196213218689728,30.17067434518209,31.196213218689728,30.17067434518209,False,False,False,False,0.3615923201637129,0.27533628867511795,0.27533628867511795,False,both,right,none,none,0,moving_average,4,2.0,peak,8,-1,-1,8,False,0.1970984143254666,False,False,False,False,False,False,False,,
frame_000079.jpg,30.477582079274104,29.86276989371022,79,True,0.14846162344555378,0.052408586815543085,0.05257573138201421,0.3397796611118534,False,False,False,False,False,0.545653854602661,0.15424286034086807,0.18,False,False,True,True,True,30.477582079274104,29.86276989371022,30.477582079274104,29.86276989371022,False,False,False,False,0.09197954315388365,0.1838124429252178,0.1838124429252178,False,both,right,none,none,0,moving_average,4,2.0,peak,8,-1,-1,8,False,0.22392369061265385,False,False,False,False,False,False,False,,
frame_000080.jpg,30.932824959591606,29.95969212808811,80,True,0.15507996076184036,0.058036388383995115,0.022838785787158006,0.37626628717684535,False,False,False,False,False,0.545653854602661,0.15424286034086807,0.18,False,False,True,True,True,30.932824959591606,29.95969212808811,30.932824959591606,29.95969212808811,False,False,False,False,0.2627755057059159,0.2126223402376258,0.2126223402376258,False,both,right,none,none,0,moving_average,4,2.0,peak,8,-1,-1,8,False,0.1374691639573653,False,False,False,False,False,False,False,,
frame_000081.jpg,,29.298123588962827,81,True,0.18374526189627924,0.029128643399801174,0.03460102752727312,0.3367432674512681,False,False,False,False,False,0.545653854602661,0.15424286034086807,0.18,True,False,False,True,True,,29.298123588962827,30.990403128103434,29.298123588962827,True,False,False,False,0.2843774222611009,0.015972708709252288,0.015972708709252288,False,right_only,right,none,none,0,moving_average,4,2.0,peak,8,-1,-1,8,False,0.10453901368928975,False,False,False,False,False,False,False,,
frame_000082.jpg,,29.53041913510404,82,True,0.03521362892925938,0.0,4.440892098500626e-16,0.06453473870335169,False,False,False,False,False,0.545653854602661,0.15424286034086807,0.18,True,False,False,True,True,,29.53041913510404,31.047981296615262,29.53041913510404,True,False,False,False,0.3059793388162859,0.08502199212099117,0.08502199212099117,False,right_only,right,none,none,0,moving_average,4,2.0,peak,8,-1,-1,8,False,0.0535419540555517,False,False,False,False,False,False,False,,
frame_000083.jpg,31.10555946512709,29.44499932170913,83,True,0.07790972848793748,0.11351492908295918,0.05456989806257563,0.7359493258365253,False,False,False,False,False,0.545653854602661,0.15424286034086807,0.18,False,False,True,True,True,31.10555946512709,29.44499932170913,31.10555946512709,29.44499932170913,False,False,False,False,0.327581255371471,0.059631161336411644,0.059631161336411644,False,both,right,none,none,0,moving_average,4,2.0,peak,8,-1,-1,8,False,0.1482378881935437,False,False,False,False,False,False,False,,
frame_000084.jpg,,,84,True,0.05417401811628949,0.11351492908295913,0.05456989806257474,0.735949325836525,False,False,False,False,False,0.545653854602661,0.15424286034086807,0.18,True,True,False,False,False,,,31.10207499017905,30.253851555324204,True,True,False,False,0.32627396583775303,0.3000605111232283,0.3000605111232283,False,missing,right,none,none,0,moving_average,4,2.0,peak,8,-1,-1,8,False,0.3000605111232286,False,False,False,False,False,False,False,,
frame_000085.jpg,,31.06270378893928,85,True,0.0674643516030175,0.0,4.475586568020162e-16,0.1236394667314213,False,False,False,False,False,0.545653854602661,0.15424286034086807,0.18,True,False,False,True,True,,31.06270378893928,31.098590515231013,31.06270378893928,True,False,False,False,0.3249666763040351,0.5404898609100459,0.5404898609100459,False,right_only,right,none,none,0,moving_average,4,2.0,peak,8,-1,-1,8,False,0.4327741362254852,False,False,False,False,False,False,False,,
frame_000086.jpg,,30.784424548167067,86,True,0.15761708470201502,0.0,0.0,0.2888591061393491,False,False,False,False,False,0.545653854602661,0.15424286034086807,0.18,True,False,False,True,True,,30.784424548167067,31.09510604028297,30.784424548167067,True,False,False,False,0.3236593867703158,0.45777203664318156,0.45777203664318156,False,right_only,right,none,none,0,moving_average,4,2.0,peak,8,-1,-1,8,False,0.48534464473213634,True,False,False,False,False,False,False,5,
frame_000087.jpg,,30.784424548167067,87,True,0.0,0.0,0.0,0.0,False,False,False,False,False,0.545653854602661,0.15424286034086807,0.18,True,False,False,True,True,,30.784424548167067,31.091621565334933,30.784424548167067,True,False,False,False,0.3223520972365979,0.45777203664318156,0.45777203664318156,False,right_only,right,none,none,0,moving_average,4,2.0,peak,8,-1,-1,8,False,0.4565314620181321,False,False,False,False,False,False,False,,
frame_000088.jpg,,,88,False,,,,0.0,False,False,False,False,False,0.545653854602661,0.15424286034086807,0.18,True,True,False,False,False,,,31.088137090386894,30.771903927569035,True,True,False,False,0.32104480770287996,0.45405031276803326,0.45405031276803326,False,missing,right,none,none,0,moving_average,4,2.0,peak,8,-1,-1,8,False,0.45405031276803365,False,False,False,False,False,False,False,,
frame_000089.jpg,,,89,False,,,,0.0,False,False,False,False,False,0.545653854602661,0.15424286034086807,0.18,True,True,False,False,False,,,31.084652615438856,30.759383306971007,True,True,False,False,0.319737518169162,0.450328588892886,0.450328588892886,False,missing,right,none,none,0,moving_average,4,2.0,peak,8,-1,-1,8,False,0.45032858889288563,False,False,False,False,False,False,False,,
frame_000090.jpg,,,90,False,,,,0.0,False,False,False,False,False,0.545653854602661,0.15424286034086807,0.18,True,True,False,False,False,,,31.081168140490814,30.746862686372975,True,True,False,False,0.31843022863544274,0.4466068650177378,0.4466068650177378,False,missing,right,none,none,0,moving_average,4,2.0,peak,8,-1,-1,8,False,0.4466068650177381,False,False,False,False,False,False,False,,
frame_000091.jpg,,,91,False,,,,0.0,False,False,False,False,False,0.545653854602661,0.15424286034086807,0.18,True,True,False,False,False,,,31.077683665542775,30.734342065774946,True,True,False,False,0.3171229391017248,0.44288514114259053,0.44288514114259053,False,missing,right,none,none,0,moving_average,4,2.0,peak,8,-1,-1,8,False,0.44288514114259014,False,False,False,False,False,False,False,,
frame_000092.jpg,,,92,False,,,,0.0,False,False,False,False,False,0.545653854602661,0.15424286034086807,0.18,True,True,False,False,False,,,31.074199190594737,30.721821445176914,True,True,False,False,0.3158156495680069,0.43916341726744224,0.43916341726744224,False,missing,right,none,none,0,moving_average,4,2.0,peak,8,-1,-1,8,False,0.43916341726744257,False,False,False,False,False,False,False,,
frame_000093.jpg,,,93,False,,,,0.0,False,False,False,False,False,0.545653854602661,0.15424286034086807,0.18,True,True,False,False,False,,,31.070714715646698,30.709300824578886,True,True,False,False,0.31450836003428895,0.435441693392295,0.435441693392295,False,missing,right,none,none,0,moving_average,4,2.0,peak,8,-1,-1,8,False,0.4354416933922946,False,False,False,False,False,False,False,,
frame_000094.jpg,,,94,False,,,,0.0,False,False,False,False,False,0.545653854602661,0.15424286034086807,0.18,True,True,False,False,False,,,31.067230240698656,30.696780203980854,True,True,False,False,0.31320107050056967,0.4317199695171467,0.4317199695171467,False,missing,right,none,none,0,moving_average,4,2.0,peak,8,-1,-1,8,False,0.43171996951714703,False,False,False,False,False,False,False,,
frame_000095.jpg,,,95,False,,,,0.0,False,False,False,False,False,0.545653854602661,0.15424286034086807,0.18,True,True,False,False,False,,,31.063745765750618,30.684259583382826,True,True,False,False,0.3118937809668517,0.42799824564199945,0.42799824564199945,False,missing,right,none,none,0,moving_average,4,2.0,peak,8,-1,-1,8,False,0.42799824564199906,False,False,False,False,False,False,False,,
frame_000096.jpg,,,96,False,,,,0.0,False,False,False,False,False,0.545653854602661,0.15424286034086807,0.18,True,True,False,False,False,,,31.06026129080258,30.671738962784794,True,True,False,False,0.3105864914331338,0.42427652176685116,0.42427652176685116,False,missing,right,none,none,0,moving_average,4,2.0,peak,8,-1,-1,8,False,0.42427652176685116,False,False,False,False,False,False,False,,
frame_000097.jpg,,,97,False,,,,0.0,False,False,False,False,False,0.545653854602661,0.15424286034086807,0.18,True,True,False,False,False,,,31.05677681585454,30.65921834218676,True,True,False,False,0.3092792018994159,0.4205547978917029,0.4205547978917029,False,missing,right,none,none,0,moving_average,4,2.0,peak,8,-1,-1,8,False,0.42055479789170325,False,False,False,False,False,False,False,,
frame_000098.jpg,,,98,False,,,,0.0,False,False,False,False,False,0.545653854602661,0.15424286034086807,0.18,True,True,False,False,False,,,31.0532923409065,30.646697721588733,True,True,False,False,0.3079719123656966,0.41683307401655567,0.41683307401655567,False,missing,right,none,none,0,moving_average,4,2.0,peak,8,-1,-1,8,False,0.4168330740165553,False,False,False,False,False,False,False,,
frame_000099.jpg,,,99,False,,,,0.0,False,False,False,False,False,0.545653854602661,0.15424286034086807,0.18,True,True,False,False,False,,,31.04980786595846,30.6341771009907,True,True,False,False,0.30666462283197865,0.4131113501414074,0.4131113501414074,False,missing,right,none,none,0,moving_average,4,2.0,peak,8,-1,-1,8,False,0.41311135014140776,False,False,False,False,False,False,False,,
frame_000100.jpg,,,100,False,,,,0.0,False,False,False,False,False,0.545653854602661,0.15424286034086807,0.18,True,True,False,False,False,,,31.04632339101042,30.621656480392673,True,True,False,False,0.30535733329826076,0.40938962626626013,0.40938962626626013,False,missing,right,none,none,0,moving_average,4,2.0,peak,8,-1,-1,8,False,0.40938962626625974,False,False,False,False,False,False,False,,
frame_000101.jpg,,,101,False,,,,0.0,False,False,False,False,False,0.545653854602661,0.15424286034086807,0.18,True,True,False,False,False,,,31.042838916062383,30.60913585979464,True,True,False,False,0.3040500437645428,0.40566790239111183,0.40566790239111183,False,missing,right,none,none,0,moving_average,4,2.0,peak,8,-1,-1,8,False,0.40566790239111217,False,False,False,False,False,False,False,,
frame_000102.jpg,,,102,False,,,,0.0,False,False,False,False,False,0.545653854602661,0.15424286034086807,0.18,True,True,False,False,False,,,31.03935444111434,30.596615239196613,True,True,False,False,0.30274275423082353,0.4019461785159646,0.4019461785159646,False,missing,right,none,none,0,moving_average,4,2.0,peak,8,-1,-1,8,False,0.4019461785159642,False,False,False,False,False,False,False,,
frame_000103.jpg,,,103,False,,,,0.0,False,False,False,False,False,0.545653854602661,0.15424286034086807,0.18,True,True,False,False,False,,,31.035869966166302,30.58409461859858,True,True,False,False,0.3014354646971056,0.3982244546408163,0.3982244546408163,False,missing,right,none,none,0,moving_average,4,2.0,peak,8,-1,-1,8,False,0.3982244546408167,False,False,False,False,False,False,False,,
frame_000104.jpg,,,104,False,,,,0.0,False,False,False,False,False,0.545653854602661,0.15424286034086807,0.18,True,True,False,False,False,,,31.032385491218264,30.571573998000552,True,True,False,False,0.3001281751633877,0.3945027307656691,0.3945027307656691,False,missing,right,none,none,0,moving_average,4,2.0,peak,8,-1,-1,8,False,0.3945027307656687,False,False,False,False,False,False,False,,
frame_000105.jpg,,,105,False,,,,0.0,False,False,False,False,False,0.545653854602661,0.15424286034086807,0.18,True,True,False,False,False,,,31.028901016270225,30.55905337740252,True,True,False,False,0.29882088562966974,0.3907810068905208,0.3907810068905208,False,missing,right,none,none,0,moving_average,4,2.0,peak,8,-1,-1,8,False,0.39078100689052075,False,False,False,False,False,False,False,,
frame_000106.jpg,,,106,False,,,,0.0,False,False,False,False,False,0.545653854602661,0.15424286034086807,0.18,True,True,False,False,False,,,31.025416541322183,30.54653275680449,True,True,False,False,0.29751359609595046,0.3870592830153725,0.3870592830153725,False,missing,right,none,none,0,moving_average,4,2.0,peak,8,-1,-1,8,False,0.3870592830153728,False,False,False,False,False,False,False,,
frame_000107.jpg,,,107,False,,,,0.0,False,False,False,False,False,0.545653854602661,0.15424286034086807,0.18,True,True,False,False,False,,,31.021932066374145,30.53401213620646,True,True,False,False,0.2962063065622325,0.38333755914022527,0.38333755914022527,False,missing,right,none,none,0,moving_average,4,2.0,peak,8,-1,-1,8,False,0.38333755914022494,False,False,False,False,False,False,False,,
frame_000108.jpg,,,108,False,,,,0.0,False,False,False,False,False,0.545653854602661,0.15424286034086807,0.18,True,True,False,False,False,,,31.018447591426106,30.521491515608428,True,True,False,False,0.29489901702851457,0.379615835265077,0.379615835265077,False,missing,right,none,none,0,moving_average,4,2.0,peak,8,-1,-1,8,False,0.37961583526507725,False,False,False,False,False,False,False,,
frame_000109.jpg,,,109,False,,,,0.0,False,False,False,False,False,0.545653854602661,0.15424286034086807,0.18,True,True,False,False,False,,,31.014963116478068,30.5089708950104,True,True,False,False,0.2935917274947967,0.37589411138992973,0.37589411138992973,False,missing,right,none,none,0,moving_average,4,2.0,peak,8,-1,-1,8,False,0.37589411138992934,False,False,False,False,False,False,False,,
frame_000110.jpg,,,110,False,,,,0.0,False,False,False,False,False,0.545653854602661,0.15424286034086807,0.18,True,True,False,False,False,,,31.011478641530026,30.496450274412368,True,True,False,False,0.2922844379610774,0.37217238751478143,0.37217238751478143,False,missing,right,none,none,0,moving_average,4,2.0,peak,8,-1,-1,8,False,0.37217238751478177,False,False,False,False,False,False,False,,
frame_000111.jpg,,,111,False,,,,0.0,False,False,False,False,False,0.545653854602661,0.15424286034086807,0.18,True,True,False,False,False,,,31.007994166581987,30.48392965381434,True,True,False,False,0.29097714842735944,0.36845066363963425,0.36845066363963425,False,missing,right,none,none,0,moving_average,4,2.0,peak,8,-1,-1,8,False,0.36845066363963386,False,False,False,False,False,False,False,,
frame_000112.jpg,,,112,False,,,,0.0,False,False,False,False,False,0.545653854602661,0.15424286034086807,0.18,True,True,False,False,False,,,31.00450969163395,30.471409033216307,True,True,False,False,0.2896698588936415,0.36472893976448595,0.36472893976448595,False,missing,right,none,none,0,moving_average,4,2.0,peak,8,-1,-1,8,False,0.3647289397644863,False,False,False,False,False,False,False,,
frame_000113.jpg,,,113,False,,,,0.0,False,False,False,False,False,0.545653854602661,0.15424286034086807,0.18,True,True,False,False,False,,,31.00102521668591,30.45888841261828,True,True,False,False,0.2883625693599236,0.3610072158893387,0.3610072158893387,False,missing,right,none,none,0,moving_average,4,2.0,peak,8,-1,-1,8,False,0.3610072158893384,False,False,False,False,False,False,False,,
frame_000114.jpg,,,114,False,,,,0.0,False,False,False,False,False,0.545653854602661,0.15424286034086807,0.18,True,True,False,False,False,,,30.99754074173787,30.446367792020247,True,True,False,False,0.2870552798262043,0.3572854920141904,0.3572854920141904,False,missing,right,none,none,0,moving_average,4,2.0,peak,8,-1,-1,8,False,0.35728549201419074,False,False,False,False,False,False,False,,
frame_000115.jpg,,,115,False,,,,0.0,False,False,False,False,False,0.545653854602661,0.15424286034086807,0.18,True,True,False,False,False,,,30.99405626678983,30.43384717142222,True,True,False,False,0.2857479902924864,0.35356376813904317,0.35356376813904317,False,missing,right,none,none,0,moving_average,4,2.0,peak,8,-1,-1,8,False,0.3535637681390428,False,False,False,False,False,False,False,,
frame_000116.jpg,,,116,False,,,,0.0,False,False,False,False,False,0.545653854602661,0.15424286034086807,0.18,True,True,False,False,False,,,30.99057179184179,30.421326550824187,True,True,False,False,0.2844407007587684,0.34984204426389487,0.34984204426389487,False,missing,right,none,none,0,moving_average,4,2.0,peak,8,-1,-1,8,False,0.34984204426389487,False,False,False,False,False,False,False,,
frame_000117.jpg,,,117,False,,,,0.0,False,False,False,False,False,0.545653854602661,0.15424286034086807,0.18,True,True,False,False,False,,,30.987087316893753,30.408805930226155,True,True,False,False,0.28313341122505054,0.34612032038874657,0.34612032038874657,False,missing,right,none,none,0,moving_average,4,2.0,peak,8,-1,-1,8,False,0.3461203203887469,False,False,False,False,False,False,False,,
frame_000118.jpg,,,118,False,,,,0.0,False,False,False,False,False,0.545653854602661,0.15424286034086807,0.18,True,True,False,False,False,,,30.98360284194571,30.396285309628126,True,True,False,False,0.28182612169133126,0.3423985965135994,0.3423985965135994,False,missing,right,none,none,0,moving_average,4,2.0,peak,8,-1,-1,8,False,0.342398596513599,False,False,False,False,False,False,False,,
frame_000119.jpg,,,119,False,,,,0.0,False,False,False,False,False,0.545653854602661,0.15424286034086807,0.18,True,True,False,False,False,,,30.980118366997672,30.383764689030095,True,True,False,False,0.2805188321576133,0.3386768726384511,0.3386768726384511,False,missing,right,none,none,0,moving_average,4,2.0,peak,8,-1,-1,8,False,0.3386768726384514,False,False,False,False,False,False,False,,
frame_000120.jpg,,,120,False,,,,0.0,False,False,False,False,False,0.545653854602661,0.15424286034086807,0.18,True,True,False,False,False,,,30.976633892049634,30.371244068432066,True,True,False,False,0.27921154262389536,0.33495514876330384,0.33495514876330384,False,missing,right,none,none,0,moving_average,4,2.0,peak,8,-1,-1,8,False,0.33495514876330346,False,False,False,False,False,False,False,,
frame_000121.jpg,,,121,False,,,,0.0,False,False,False,False,False,0.545653854602661,0.15424286034086807,0.18,True,True,False,False,False,,,30.973149417101595,30.358723447834034,True,True,False,False,0.27790425309017747,0.33123342488815555,0.33123342488815555,False,missing,right,none,none,0,moving_average,4,2.0,peak,8,-1,-1,8,False,0.3312334248881559,False,False,False,False,False,False,False,,
frame_000122.jpg,,,122,False,,,,0.0,False,False,False,False,False,0.545653854602661,0.15424286034086807,0.18,True,True,False,False,False,,,30.969664942153553,30.346202827236006,True,True,False,False,0.2765969635564582,0.3275117010130083,0.3275117010130083,False,missing,right,none,none,0,moving_average,4,2.0,peak,8,-1,-1,8,False,0.32751170101300797,False,False,False,False,False,False,False,,
frame_000123.jpg,,,123,False,,,,0.0,False,False,False,False,False,0.545653854602661,0.15424286034086807,0.18,True,True,False,False,False,,,30.966180467205515,30.333682206637974,True,True,False,False,0.27528967402274024,0.32378997713786,0.32378997713786,False,missing,right,none,none,0,moving_average,4,2.0,peak,8,-1,-1,8,False,0.3237899771378604,False,False,False,False,False,False,False,,
frame_000124.jpg,,,124,False,,,,0.0,False,False,False,False,False,0.545653854602661,0.15424286034086807,0.18,True,True,False,False,False,,,30.962695992257476,30.321161586039945,True,True,False,False,0.2739823844890223,0.3200682532627128,0.3200682532627128,False,missing,right,none,none,0,moving_average,4,2.0,peak,8,-1,-1,8,False,0.32006825326271243,False,False,False,False,False,False,False,,
frame_000125.jpg,,,125,False,,,,0.0,False,False,False,False,False,0.545653854602661,0.15424286034086807,0.18,True,True,False,False,False,,,30.959211517309438,30.308640965441914,True,True,False,False,0.27267509495530434,0.3163465293875645,0.3163465293875645,False,missing,right,none,none,0,moving_average,4,2.0,peak,8,-1,-1,8,False,0.3163465293875645,False,False,False,False,False,False,False,,
frame_000126.jpg,,,126,False,,,,0.0,False,False,False,False,False,0.545653854602661,0.15424286034086807,0.18,True,True,False,False,False,,,30.955727042361396,30.29612034484388,True,True,False,False,0.2713678054215851,0.3126248055124162,0.3126248055124162,False,missing,right,none,none,0,moving_average,4,2.0,peak,8,-1,-1,8,False,0.31262480551241656,False,False,False,False,False,False,False,,
frame_000127.jpg,,,127,False,,,,0.0,False,False,False,False,False,0.545653854602661,0.15424286034086807,0.18,True,True,False,False,False,,,30.952242567413357,30.283599724245853,True,True,False,False,0.27006051588786717,0.308903081637269,0.308903081637269,False,missing,right,none,none,0,moving_average,4,2.0,peak,8,-1,-1,8,False,0.3089030816372686,False,False,False,False,False,False,False,,
frame_000128.jpg,,,128,False,,,,0.0,False,False,False,False,False,0.545653854602661,0.15424286034086807,0.18,True,True,False,False,False,,,30.94875809246532,30.27107910364782,True,True,False,False,0.2687532263541492,0.3051813577621207,0.3051813577621207,False,missing,right,none,none,0,moving_average,4,2.0,peak,8,-1,-1,8,False,0.305181357762121,False,False,False,False,False,False,False,,
frame_000129.jpg,,,129,False,,,,0.0,False,False,False,False,False,0.545653854602661,0.15424286034086807,0.18,True,True,False,False,False,,,30.94527361751728,30.258558483049793,True,True,False,False,0.2674459368204313,0.30145963388697344,0.30145963388697344,False,missing,right,none,none,0,moving_average,4,2.0,peak,8,-1,-1,8,False,0.30145963388697306,False,False,False,False,False,False,False,,
frame_000130.jpg,,,130,False,,,,0.0,False,False,False,False,False,0.545653854602661,0.15424286034086807,0.18,True,True,False,False,False,,,30.94178914256924,30.24603786245176,True,True,False,False,0.2661386472867134,0.29773791001182515,0.29773791001182515,False,missing,right,none,none,0,moving_average,4,2.0,peak,8,-1,-1,8,False,0.2977379100118255,False,False,False,False,False,False,False,,
frame_000131.jpg,,,131,False,,,,0.0,False,False,False,False,False,0.545653854602661,0.15424286034086807,0.18,True,True,False,False,False,,,30.9383046676212,30.233517241853733,True,True,False,False,0.2648313577529941,0.29401618613667796,0.29401618613667796,False,missing,right,none,none,0,moving_average,4,2.0,peak,8,-1,-1,8,False,0.29401618613667757,False,False,False,False,False,False,False,,
frame_000132.jpg,,,132,False,,,,0.0,False,False,False,False,False,0.545653854602661,0.15424286034086807,0.18,True,True,False,False,False,,,30.93482019267316,30.2209966212557,True,True,False,False,0.26352406821927615,0.29029446226152966,0.29029446226152966,False,missing,right,none,none,0,moving_average,4,2.0,peak,8,-1,-1,8,False,0.29029446226153,False,False,False,False,False,False,False,,
frame_000133.jpg,,,133,False,,,,0.0,False,False,False,False,False,0.545653854602661,0.15424286034086807,0.18,True,True,False,False,False,,,30.931335717725123,30.208476000657672,True,True,False,False,0.2622167786855582,0.2865727383863824,0.2865727383863824,False,missing,right,none,none,0,moving_average,4,2.0,peak,8,-1,-1,8,False,0.2865727383863821,False,False,False,False,False,False,False,,
frame_000134.jpg,,,134,False,,,,0.0,False,False,False,False,False,0.545653854602661,0.15424286034086807,0.18,True,True,False,False,False,,,30.927851242777084,30.19595538005964,True,True,False,False,0.2609094891518403,0.2828510145112341,0.2828510145112341,False,missing,right,none,none,0,moving_average,4,2.0,peak,8,-1,-1,8,False,0.2828510145112341,False,False,False,False,False,False,False,,
frame_000135.jpg,,,135,False,,,,0.0,False,False,False,False,False,0.545653854602661,0.15424286034086807,0.18,True,True,False,False,False,,,30.924366767829042,30.18343475946161,True,True,False,False,0.25960219961812103,0.2791292906360858,0.2791292906360858,False,missing,right,none,none,0,moving_average,4,2.0,peak,8,-1,-1,8,False,0.27912929063608616,False,False,False,False,False,False,False,,
frame_000136.jpg,,,136,False,,,,0.0,False,False,False,False,False,0.545653854602661,0.15424286034086807,0.18,True,True,False,False,False,,,30.920882292881004,30.17091413886358,True,True,False,False,0.2582949100844031,0.2754075667609386,0.2754075667609386,False,missing,right,none,none,0,moving_average,4,2.0,peak,8,-1,-1,8,False,0.27540756676093825,False,False,False,False,False,False,False,,
frame_000137.jpg,,,137,False,,,,0.0,False,False,False,False,False,0.545653854602661,0.15424286034086807,0.18,True,True,False,False,False,,,30.917397817932965,30.158393518265548,True,True,False,False,0.25698762055068514,0.2716858428857903,0.2716858428857903,False,missing,right,none,none,0,moving_average,4,2.0,peak,8,-1,-1,8,False,0.2716858428857907,False,False,False,False,False,False,False,,
frame_000138.jpg,,,138,False,,,,0.0,False,False,False,False,False,0.545653854602661,0.15424286034086807,0.18,True,True,False,False,False,,,30.913913342984927,30.14587289766752,True,True,False,False,0.25568033101696724,0.2679641190106431,0.2679641190106431,False,missing,right,none,none,0,moving_average,4,2.0,peak,8,-1,-1,8,False,0.2679641190106427,False,False,False,False,False,False,False,,
frame_000139.jpg,,,139,False,,,,0.0,False,False,False,False,False,0.545653854602661,0.15424286034086807,0.18,True,True,False,False,False,,,30.910428868036885,30.133352277069488,True,True,False,False,0.25437304148324796,0.2642423951354948,0.2642423951354948,False,missing,right,none,none,0,moving_average,4,2.0,peak,8,-1,-1,8,False,0.26424239513549513,False,False,False,False,False,False,False,,
frame_000140.jpg,,,140,False,,,,0.0,False,False,False,False,False,0.545653854602661,0.15424286034086807,0.18,True,True,False,False,False,,,30.906944393088846,30.12083165647146,True,True,False,False,0.25306575194953,0.26052067126034756,0.26052067126034756,False,missing,right,none,none,0,moving_average,4,2.0,peak,8,-1,-1,8,False,0.26052067126034717,False,False,False,False,False,False,False,,
frame_000141.jpg,,,141,False,,,,0.0,False,False,False,False,False,0.545653854602661,0.15424286034086807,0.18,True,True,False,False,False,,,30.903459918140808,30.108311035873427,True,True,False,False,0.25175846241581207,0.25679894738519926,0.25679894738519926,False,missing,right,none,none,0,moving_average,4,2.0,peak,8,-1,-1,8,False,0.2567989473851996,False,False,False,False,False,False,False,,
frame_000142.jpg,,,142,False,,,,0.0,False,False,False,False,False,0.545653854602661,0.15424286034086807,0.18,True,True,False,False,False,,,30.89997544319277,30.0957904152754,True,True,False,False,0.2504511728820941,0.253077223510052,0.253077223510052,False,missing,right,none,none,0,moving_average,4,2.0,peak,8,-1,-1,8,False,0.2530772235100517,False,False,False,False,False,False,False,,
frame_000143.jpg,,,143,False,,,,0.0,False,False,False,False,False,0.545653854602661,0.15424286034086807,0.18,True,True,False,False,False,,,30.896490968244727,30.083269794677367,True,True,False,False,0.24914388334837487,0.24935549963490375,0.24935549963490375,False,missing,right,none,none,0,moving_average,4,2.0,peak,8,-1,-1,8,False,0.24935549963490408,False,False,False,False,False,False,False,,
frame_000144.jpg,,,144,False,,,,0.0,False,False,False,False,False,0.545653854602661,0.15424286034086807,0.18,True,True,False,False,False,,,30.89300649329669,30.07074917407934,True,True,False,False,0.24783659381465695,0.2456337757597565,0.2456337757597565,False,missing,right,none,none,0,moving_average,4,2.0,peak,8,-1,-1,8,False,0.24563377575975615,False,False,False,False,False,False,False,,
frame_000145.jpg,,,145,False,,,,0.0,False,False,False,False,False,0.545653854602661,0.15424286034086807,0.18,True,True,False,False,False,,,30.88952201834865,30.058228553481307,True,True,False,False,0.246529304280939,0.2419120518846082,0.2419120518846082,False,missing,right,none,none,0,moving_average,4,2.0,peak,8,-1,-1,8,False,0.24191205188460818,False,False,False,False,False,False,False,,
frame_000146.jpg,,,146,False,,,,0.0,False,False,False,False,False,0.545653854602661,0.15424286034086807,0.18,True,True,False,False,False,,,30.88603754340061,30.045707932883275,True,True,False,False,0.24522201474722108,0.2381903280094599,0.2381903280094599,False,missing,right,none,none,0,moving_average,4,2.0,peak,8,-1,-1,8,False,0.23819032800946024,False,False,False,False,False,False,False,,
frame_000147.jpg,,,147,False,,,,0.0,False,False,False,False,False,0.545653854602661,0.15424286034086807,0.18,True,True,False,False,False,,,30.88255306845257,30.033187312285246,True,True,False,False,0.2439147252135018,0.2344686041343127,0.2344686041343127,False,missing,right,none,none,0,moving_average,4,2.0,peak,8,-1,-1,8,False,0.2344686041343123,False,False,False,False,False,False,False,,
frame_000148.jpg,,,148,False,,,,0.0,False,False,False,False,False,0.545653854602661,0.15424286034086807,0.18,True,True,False,False,False,,,30.87906859350453,30.020666691687214,True,True,False,False,0.24260743567978388,0.2307468802591644,0.2307468802591644,False,missing,right,none,none,0,moving_average,4,2.0,peak,8,-1,-1,8,False,0.23074688025916473,False,False,False,False,False,False,False,,
frame_000149.jpg,,,149,False,,,,0.0,False,False,False,False,False,0.545653854602661,0.15424286034086807,0.18,True,True,False,False,False,,,30.875584118556493,30.008146071089186,True,True,False,False,0.24130014614606593,0.22702515638401716,0.22702515638401716,False,missing,right,none,none,0,moving_average,4,2.0,peak,8,-1,-1,8,False,0.2270251563840168,False,False,False,False,False,False,False,,
frame_000150.jpg,,,150,False,,,,0.0,False,False,False,False,False,0.545653854602661,0.15424286034086807,0.18,True,True,False,False,False,,,30.872099643608454,29.995625450491154,True,True,False,False,0.239992856612348,0.2233034325088689,0.2233034325088689,False,missing,right,none,none,0,moving_average,4,2.0,peak,8,-1,-1,8,False,0.2233034325088692,False,False,False,False,False,False,False,,
frame_000151.jpg,,,151,False,,,,0.0,False,False,False,False,False,0.545653854602661,0.15424286034086807,0.18,True,True,False,False,False,,,30.868615168660412,29.983104829893126,True,True,False,False,0.23868556707862873,0.21958170863372165,0.21958170863372165,False,missing,right,none,none,0,moving_average,4,2.0,peak,8,-1,-1,8,False,0.21958170863372128,False,False,False,False,False,False,False,,
frame_000152.jpg,,,152,False,,,,0.0,False,False,False,False,False,0.545653854602661,0.15424286034086807,0.18,True,True,False,False,False,,,30.865130693712373,29.970584209295094,True,True,False,False,0.2373782775449108,0.21585998475857335,0.21585998475857335,False,missing,right,none,none,0,moving_average,4,2.0,peak,8,-1,-1,8,False,0.2158599847585737,False,False,False,False,False,False,False,,
frame_000153.jpg,,,153,False,,,,0.0,False,False,False,False,False,0.545653854602661,0.15424286034086807,0.18,True,True,False,False,False,,,30.861646218764335,29.958063588697065,True,True,False,False,0.23607098801119286,0.2121382608834261,0.2121382608834261,False,missing,right,none,none,0,moving_average,4,2.0,peak,8,-1,-1,8,False,0.21213826088342574,False,False,False,False,False,False,False,,
frame_000154.jpg,,,154,False,,,,0.0,False,False,False,False,False,0.545653854602661,0.15424286034086807,0.18,True,True,False,False,False,,,30.858161743816297,29.945542968099033,True,True,False,False,0.23476369847747494,0.20841653700827784,0.20841653700827784,False,missing,right,none,none,0,moving_average,4,2.0,peak,8,-1,-1,8,False,0.2084165370082778,False,False,False,False,False,False,False,,
frame_000155.jpg,,,155,False,,,,0.0,False,False,False,False,False,0.545653854602661,0.15424286034086807,0.18,True,True,False,False,False,,,30.854677268868254,29.933022347501,True,True,False,False,0.23345640894375566,0.20469481313312954,0.20469481313312954,False,missing,right,none,none,0,moving_average,4,2.0,peak,8,-1,-1,8,False,0.20469481313312987,False,False,False,False,False,False,False,,
frame_000156.jpg,,,156,False,,,,0.0,False,False,False,False,False,0.545653854602661,0.15424286034086807,0.18,True,True,False,False,False,,,30.851192793920216,29.920501726902973,True,True,False,False,0.23214911941003774,0.2009730892579823,0.2009730892579823,False,missing,right,none,none,0,moving_average,4,2.0,peak,8,-1,-1,8,False,0.20097308925798196,False,False,False,False,False,False,False,,
frame_000157.jpg,,,157,False,,,,0.0,False,False,False,False,False,0.545653854602661,0.15424286034086807,0.18,True,True,False,False,False,,,30.847708318972177,29.90798110630494,True,True,False,False,0.2308418298763198,0.19725136538283403,0.19725136538283403,False,missing,right,none,none,0,moving_average,4,2.0,peak,8,-1,-1,8,False,0.19725136538283436,False,False,False,False,False,False,False,,
frame_000158.jpg,,,158,False,,,,0.0,False,False,False,False,False,0.545653854602661,0.15424286034086807,0.18,True,True,False,False,False,,,30.84422384402414,29.895460485706913,True,True,False,False,0.22953454034260184,0.19352964150768678,0.19352964150768678,False,missing,right,none,none,0,moving_average,4,2.0,peak,8,-1,-1,8,False,0.19352964150768642,False,False,False,False,False,False,False,,
frame_000159.jpg,,,159,False,,,,0.0,False,False,False,False,False,0.545653854602661,0.15424286034086807,0.18,True,True,False,False,False,,,30.840739369076097,29.88293986510888,True,True,False,False,0.2282272508088826,0.1898079176325385,0.1898079176325385,False,missing,right,none,none,0,moving_average,4,2.0,peak,8,-1,-1,8,False,0.18980791763253882,False,False,False,False,False,False,False,,
frame_000160.jpg,,,160,False,,,,0.0,False,False,False,False,False,0.545653854602661,0.15424286034086807,0.18,True,True,False,False,False,,,30.83725489412806,29.870419244510853,True,True,False,False,0.22691996127516464,0.18608619375739124,0.18608619375739124,False,missing,right,none,none,0,moving_average,4,2.0,peak,8,-1,-1,8,False,0.18608619375739088,False,False,False,False,False,False,False,,
frame_000161.jpg,,,161,False,,,,0.0,False,False,False,False,False,0.545653854602661,0.15424286034086807,0.18,True,True,False,False,False,,,30.83377041918002,29.85789862391282,True,True,False,False,0.22561267174144672,0.18236446988224297,0.18236446988224297,False,missing,right,none,none,0,moving_average,4,2.0,peak,8,-1,-1,8,False,0.1823644698822433,False,False,False,False,False,False,False,,
frame_000162.jpg,,,162,False,,,,0.0,False,False,False,False,False,0.545653854602661,0.15424286034086807,0.18,True,True,False,False,False,,,30.83028594423198,29.845378003314792,True,True,False,False,0.22430538220772878,0.17864274600709573,0.17864274600709573,False,missing,right,none,none,0,moving_average,4,2.0,peak,8,-1,-1,8,False,0.17864274600709537,False,False,False,False,False,False,False,,
frame_000163.jpg,,,163,False,,,,0.0,False,False,False,False,False,0.545653854602661,0.15424286034086807,0.18,True,True,False,False,False,,,30.82680146928394,29.83285738271676,True,True,False,False,0.22299809267400952,0.17492102213194743,0.17492102213194743,False,missing,right,none,none,0,moving_average,4,2.0,peak,8,-1,-1,8,False,0.17492102213194743,False,False,False,False,False,False,False,,
frame_000164.jpg,,,164,False,,,,0.0,False,False,False,False,False,0.545653854602661,0.15424286034086807,0.18,True,True,False,False,False,,,30.8233169943359,29.82033676211873,True,True,False,False,0.22169080314029158,0.17119929825679917,0.17119929825679917,False,missing,right,none,none,0,moving_average,4,2.0,peak,8,-1,-1,8,False,0.1711992982567995,False,False,False,False,False,False,False,,
frame_000165.jpg,,,165,False,,,,0.0,False,False,False,False,False,0.545653854602661,0.15424286034086807,0.18,True,True,False,False,False,,,30.819832519387862,29.8078161415207,True,True,False,False,0.22038351360657366,0.16747757438165192,0.16747757438165192,False,missing,right,none,none,0,moving_average,4,2.0,peak,8,-1,-1,8,False,0.16747757438165156,False,False,False,False,False,False,False,,
frame_000166.jpg,,,166,False,,,,0.0,False,False,False,False,False,0.545653854602661,0.15424286034086807,0.18,True,True,False,False,False,,,30.816348044439824,29.795295520922668,True,True,False,False,0.2190762240728557,0.16375585050650363,0.16375585050650363,False,missing,right,none,none,0,moving_average,4,2.0,peak,8,-1,-1,8,False,0.16375585050650399,False,False,False,False,False,False,False,,
frame_000167.jpg,,,167,False,,,,0.0,False,False,False,False,False,0.545653854602661,0.15424286034086807,0.18,True,True,False,False,False,,,30.812863569491782,29.78277490032464,True,True,False,False,0.21776893453913646,0.1600341266313564,0.1600341266313564,False,missing,right,none,none,0,moving_average,4,2.0,peak,8,-1,-1,8,False,0.16003412663135605,False,False,False,False,False,False,False,,
frame_000168.jpg,,,168,False,,,,0.0,False,False,False,False,False,0.545653854602661,0.15424286034086807,0.18,True,True,False,False,False,,,30.809379094543743,29.770254279726608,True,True,False,False,0.2164616450054185,0.1563124027562081,0.1563124027562081,False,missing,right,none,none,0,moving_average,4,2.0,peak,8,-1,-1,8,False,0.15631240275620845,False,False,False,False,False,False,False,,
frame_000169.jpg,,,169,False,,,,0.0,False,False,False,False,False,0.545653854602661,0.15424286034086807,0.18,True,True,False,False,False,,,30.805894619595705,29.75773365912858,True,True,False,False,0.2151543554717006,0.15259067888106087,0.15259067888106087,False,missing,right,none,none,0,moving_average,4,2.0,peak,8,-1,-1,8,False,0.1525906788810605,False,False,False,False,False,False,False,,
frame_000170.jpg,,,170,False,,,,0.0,False,False,False,False,False,0.545653854602661,0.15424286034086807,0.18,True,True,False,False,False,,,30.802410144647666,29.745213038530547,True,True,False,False,0.21384706593798264,0.14886895500591257,0.14886895500591257,False,missing,right,none,none,0,moving_average,4,2.0,peak,8,-1,-1,8,False,0.14886895500591293,False,False,False,False,False,False,False,,
frame_000171.jpg,,,171,False,,,,0.0,False,False,False,False,False,0.545653854602661,0.15424286034086807,0.18,True,True,False,False,False,,,30.798925669699628,29.73269241793252,True,True,False,False,0.21253977640426472,0.14514723113076536,0.14514723113076536,False,missing,right,none,none,0,moving_average,4,2.0,peak,8,-1,-1,8,False,0.145147231130765,False,False,False,False,False,False,False,,
frame_000172.jpg,,,172,False,,,,0.0,False,False,False,False,False,0.545653854602661,0.15424286034086807,0.18,True,True,False,False,False,,,30.795441194751586,29.720171797334487,True,True,False,False,0.21123248687054544,0.14142550725561706,0.14142550725561706,False,missing,right,none,none,0,moving_average,4,2.0,peak,8,-1,-1,8,False,0.14142550725561706,False,False,False,False,False,False,False,,
frame_000173.jpg,,,173,False,,,,0.0,False,False,False,False,False,0.545653854602661,0.15424286034086807,0.18,True,True,False,False,False,,,30.791956719803547,29.707651176736455,True,True,False,False,0.20992519733682752,0.13770378338046876,0.13770378338046876,False,missing,right,none,none,0,moving_average,4,2.0,peak,8,-1,-1,8,False,0.13770378338046912,False,False,False,False,False,False,False,,
frame_000174.jpg,,,174,False,,,,0.0,False,False,False,False,False,0.545653854602661,0.15424286034086807,0.18,True,True,False,False,False,,,30.78847224485551,29.695130556138427,True,True,False,False,0.20861790780310957,0.13398205950532155,0.13398205950532155,False,missing,right,none,none,0,moving_average,4,2.0,peak,8,-1,-1,8,False,0.13398205950532116,False,False,False,False,False,False,False,,
frame_000175.jpg,,,175,False,,,,0.0,False,False,False,False,False,0.545653854602661,0.15424286034086807,0.18,True,True,False,False,False,,,30.78498776990747,29.682609935540395,True,True,False,False,0.20731061826939162,0.13026033563017325,0.13026033563017325,False,missing,right,none,none,0,moving_average,4,2.0,peak,8,-1,-1,8,False,0.13026033563017358,False,False,False,False,False,False,False,,
frame_000176.jpg,,,176,False,,,,0.0,False,False,False,False,False,0.545653854602661,0.15424286034086807,0.18,True,True,False,False,False,,,30.78150329495943,29.670089314942366,True,True,False,False,0.20600332873567237,0.126538611755026,0.126538611755026,False,missing,right,none,none,0,moving_average,4,2.0,peak,8,-1,-1,8,False,0.12653861175502565,False,False,False,False,False,False,False,,
frame_000177.jpg,,,177,False,,,,0.0,False,False,False,False,False,0.545653854602661,0.15424286034086807,0.18,True,True,False,False,False,,,30.77801882001139,29.657568694344334,True,True,False,False,0.20469603920195442,0.12281688787987773,0.12281688787987773,False,missing,right,none,none,0,moving_average,4,2.0,peak,8,-1,-1,8,False,0.12281688787987807,False,False,False,False,False,False,False,,
frame_000178.jpg,,,178,False,,,,0.0,False,False,False,False,False,0.545653854602661,0.15424286034086807,0.18,True,True,False,False,False,,,30.77453434506335,29.645048073746306,True,True,False,False,0.2033887496682365,0.11909516400473048,0.11909516400473048,False,missing,right,none,none,0,moving_average,4,2.0,peak,8,-1,-1,8,False,0.11909516400473014,False,False,False,False,False,False,False,,
frame_000179.jpg,,,179,False,,,,0.0,False,False,False,False,False,0.545653854602661,0.15424286034086807,0.18,True,True,False,False,False,,,30.771049870115313,29.632527453148274,True,True,False,False,0.20208146013451855,0.1153734401295822,0.1153734401295822,False,missing,right,none,none,0,moving_average,4,2.0,peak,8,-1,-1,8,False,0.11537344012958255,False,False,False,False,False,False,False,,
frame_000180.jpg,,,180,False,,,,0.0,False,False,False,False,False,0.545653854602661,0.15424286034086807,0.18,True,True,False,False,False,,,30.76756539516727,29.620006832550246,True,True,False,False,0.2007741706007993,0.11165171625443497,0.11165171625443497,False,missing,right,none,none,0,moving_average,4,2.0,peak,8,-1,-1,8,False,0.11165171625443461,False,False,False,False,False,False,False,,
frame_000181.jpg,,,181,False,,,,0.0,False,False,False,False,False,0.545653854602661,0.15424286034086807,0.18,True,True,False,False,False,,,30.764080920219232,29.607486211952214,True,True,False,False,0.19946688106708135,0.10792999237928667,0.10792999237928667,False,missing,right,none,none,0,moving_average,4,2.0,peak,8,-1,-1,8,False,0.10792999237928667,False,False,False,False,False,False,False,,
frame_000182.jpg,,,182,False,,,,0.0,False,False,False,False,False,0.545653854602661,0.15424286034086807,0.18,True,True,False,False,False,,,30.760596445271194,29.594965591354182,True,True,False,False,0.19815959153336343,0.10420826850413839,0.10420826850413839,False,missing,right,none,none,0,moving_average,4,2.0,peak,8,-1,-1,8,False,0.10420826850413872,False,False,False,False,False,False,False,,
frame_000183.jpg,,,183,False,,,,0.0,False,False,False,False,False,0.545653854602661,0.15424286034086807,0.18,True,True,False,False,False,,,30.757111970323155,29.582444970756153,True,True,False,False,0.19685230199964548,0.10048654462899115,0.10048654462899115,False,missing,right,none,none,0,moving_average,4,2.0,peak,8,-1,-1,8,False,0.10048654462899079,False,False,False,False,False,False,False,,
frame_000184.jpg,,,184,False,,,,0.0,False,False,False,False,False,0.545653854602661,0.15424286034086807,0.18,True,True,False,False,False,,,30.753627495375113,29.56992435015812,True,True,False,False,0.19554501246592623,0.09676482075384286,0.09676482075384286,False,missing,right,none,none,0,moving_average,4,2.0,peak,8,-1,-1,8,False,0.0967648207538432,False,False,False,False,False,False,False,,
frame_000185.jpg,,,185,False,,,,0.0,False,False,False,False,False,0.545653854602661,0.15424286034086807,0.18,True,True,False,False,False,,,30.750143020427075,29.557403729560093,True,True,False,False,0.19423772293220828,0.09304309687869562,0.09304309687869562,False,missing,right,none,none,0,moving_average,4,2.0,peak,8,-1,-1,8,False,0.09304309687869528,False,False,False,False,False,False,False,,
frame_000186.jpg,,,186,False,,,,0.0,False,False,False,False,False,0.545653854602661,0.15424286034086807,0.18,True,True,False,False,False,,,30.746658545479036,29.54488310896206,True,True,False,False,0.19293043339849036,0.08932137300354734,0.08932137300354734,False,missing,right,none,none,0,moving_average,4,2.0,peak,8,-1,-1,8,False,0.08932137300354769,False,False,False,False,False,False,False,,
frame_000187.jpg,,,187,False,,,,0.0,False,False,False,False,False,0.545653854602661,0.15424286034086807,0.18,True,True,False,False,False,,,30.743174070530998,29.532362488364033,True,True,False,False,0.19162314386477242,0.08559964912840011,0.08559964912840011,False,missing,right,none,none,0,moving_average,4,2.0,peak,8,-1,-1,8,False,0.08559964912839975,False,False,False,False,False,False,False,,
frame_000188.jpg,,,188,False,,,,0.0,False,False,False,False,False,0.545653854602661,0.15424286034086807,0.18,True,True,False,False,False,,,30.739689595582956,29.519841867766,True,True,False,False,0.19031585433105316,0.08187792525325181,0.08187792525325181,False,missing,right,none,none,0,moving_average,4,2.0,peak,8,-1,-1,8,False,0.08187792525325216,False,False,False,False,False,False,False,,
frame_000189.jpg,,,189,False,,,,0.0,False,False,False,False,False,0.545653854602661,0.15424286034086807,0.18,True,True,False,False,False,,,30.736205120634917,29.507321247167972,True,True,False,False,0.18900856479733522,0.07815620137810458,0.07815620137810458,False,missing,right,none,none,0,moving_average,4,2.0,peak,8,-1,-1,8,False,0.07815620137810422,False,False,False,False,False,False,False,,
frame_000190.jpg,,,190,False,,,,0.0,False,False,False,False,False,0.545653854602661,0.15424286034086807,0.18,True,True,False,False,False,,,30.73272064568688,29.49480062656994,True,True,False,False,0.1877012752636173,0.07443447750295629,0.07443447750295629,False,missing,right,none,none,0,moving_average,4,2.0,peak,8,-1,-1,8,False,0.07443447750295629,False,False,False,False,False,False,False,,
frame_000191.jpg,,,191,False,,,,0.0,False,False,False,False,False,0.545653854602661,0.15424286034086807,0.18,True,True,False,False,False,,,30.72923617073884,29.48228000597191,True,True,False,False,0.18639398572989935,0.070712753627808,0.070712753627808,False,missing,right,none,none,0,moving_average,4,2.0,peak,8,-1,-1,8,False,0.07071275362780835,False,False,False,False,False,False,False,,
frame_000192.jpg,,,192,False,,,,0.0,False,False,False,False,False,0.545653854602661,0.15424286034086807,0.18,True,True,False,False,False,,,30.725751695790798,29.46975938537388,True,True,False,False,0.18508669619618007,0.06699102975266077,0.06699102975266077,False,missing,right,none,none,0,moving_average,4,2.0,peak,8,-1,-1,8,False,0.06699102975266041,False,False,False,False,False,False,False,,
frame_000193.jpg,,,193,False,,,,0.0,False,False,False,False,False,0.545653854602661,0.15424286034086807,0.18,True,True,False,False,False,,,30.72226722084276,29.45723876477585,True,True,False,False,0.18377940666246215,0.06326930587751248,0.06326930587751248,False,missing,right,none,none,0,moving_average,4,2.0,peak,8,-1,-1,8,False,0.06326930587751282,False,False,False,False,False,False,False,,
frame_000194.jpg,,,194,False,,,,0.0,False,False,False,False,False,0.545653854602661,0.15424286034086807,0.18,True,True,False,False,False,,,30.71878274589472,29.44471814417782,True,True,False,False,0.1824721171287442,0.05954758200236524,0.05954758200236524,False,missing,right,none,none,0,moving_average,4,2.0,peak,8,-1,-1,8,False,0.05954758200236489,False,False,False,False,False,False,False,,
frame_000195.jpg,,,195,False,,,,0.0,False,False,False,False,False,0.545653854602661,0.15424286034086807,0.18,True,True,False,False,False,,,30.715298270946683,29.432197523579788,True,True,False,False,0.18116482759502628,0.05582585812721696,0.05582585812721696,False,missing,right,none,none,0,moving_average,4,2.0,peak,8,-1,-1,8,False,0.055825858127217305,False,False,False,False,False,False,False,,
frame_000196.jpg,,,196,False,,,,0.0,False,False,False,False,False,0.545653854602661,0.15424286034086807,0.18,True,True,False,False,False,,,30.71181379599864,29.41967690298176,True,True,False,False,0.179857538061307,0.05210413425206972,0.05210413425206972,False,missing,right,none,none,0,moving_average,4,2.0,peak,8,-1,-1,8,False,0.05210413425206936,False,False,False,False,False,False,False,,
frame_000197.jpg,,,197,False,,,,0.0,False,False,False,False,False,0.545653854602661,0.15424286034086807,0.18,True,True,False,False,False,,,30.708329321050602,29.407156282383728,True,True,False,False,0.17855024852758908,0.04838241037692143,0.04838241037692143,False,missing,right,none,none,0,moving_average,4,2.0,peak,8,-1,-1,8,False,0.04838241037692178,False,False,False,False,False,False,False,,
frame_000198.jpg,,,198,False,,,,0.0,False,False,False,False,False,0.545653854602661,0.15424286034086807,0.18,True,True,False,False,False,,,30.704844846102564,29.3946356617857,True,True,False,False,0.17724295899387113,0.0446606865017742,0.0446606865017742,False,missing,right,none,none,0,moving_average,4,2.0,peak,8,-1,-1,8,False,0.04466068650177384,False,False,False,False,False,False,False,,
frame_000199.jpg,,,199,False,,,,0.0,False,False,False,False,False,0.545653854602661,0.15424286034086807,0.18,True,True,False,False,False,,,30.701360371154525,29.382115041187667,True,True,False,False,0.1759356694601532,0.040938962626625906,0.040938962626625906,False,missing,right,none,none,0,moving_average,4,2.0,peak,8,-1,-1,8,False,0.04093896262662626,False,False,False,False,False,False,False,,
frame_000200.jpg,,,200,False,,,,0.0,False,False,False,False,False,0.545653854602661,0.15424286034086807,0.18,True,True,False,False,False,,,30.697875896206483,29.36959442058964,True,True,False,False,0.17462837992643393,0.03721723875147867,0.03721723875147867,False,missing,right,none,none,0,moving_average,4,2.0,peak,8,-1,-1,8,False,0.037217238751478324,False,False,False,False,False,False,False,,
frame_000201.jpg,,,201,False,,,,0.0,False,False,False,False,False,0.545653854602661,0.15424286034086807,0.18,True,True,False,False,False,,,30.694391421258445,29.357073799991607,True,True,False,False,0.173321090392716,0.03349551487633039,0.03349551487633039,False,missing,right,none,none,0,moving_average,4,2.0,peak,8,-1,-1,8,False,0.03349551487633038,False,False,False,False,False,False,False,,
frame_000202.jpg,,,202,False,,,,0.0,False,False,False,False,False,0.545653854602661,0.15424286034086807,0.18,True,True,False,False,False,,,30.690906946310406,29.344553179393575,True,True,False,False,0.17201380085899806,0.029773791001182093,0.029773791001182093,False,missing,right,none,none,0,moving_average,4,2.0,peak,8,-1,-1,8,False,0.029773791001182447,False,False,False,False,False,False,False,,
frame_000203.jpg,,,203,False,,,,0.0,False,False,False,False,False,0.545653854602661,0.15424286034086807,0.18,True,True,False,False,False,,,30.687422471362368,29.332032558795547,True,True,False,False,0.17070651132528014,0.02605206712603486,0.02605206712603486,False,missing,right,none,none,0,moving_average,4,2.0,peak,8,-1,-1,8,False,0.026052067126034504,False,False,False,False,False,False,False,,
frame_000204.jpg,,,204,False,,,,0.0,False,False,False,False,False,0.545653854602661,0.15424286034086807,0.18,True,True,False,False,False,,,30.683937996414326,29.319511938197515,True,True,False,False,0.16939922179156086,0.02233034325088657,0.02233034325088657,False,missing,right,none,none,0,moving_average,4,2.0,peak,8,-1,-1,8,False,0.022330343250886918,False,False,False,False,False,False,False,,
frame_000205.jpg,,,205,False,,,,0.0,False,False,False,False,False,0.545653854602661,0.15424286034086807,0.18,True,True,False,False,False,,,30.680453521466287,29.306991317599486,True,True,False,False,0.16809193225784294,0.018608619375739335,0.018608619375739335,False,missing,right,none,none,0,moving_average,4,2.0,peak,8,-1,-1,8,False,0.018608619375738985,False,False,False,False,False,False,False,,
frame_000206.jpg,,,206,False,,,,0.0,False,False,False,False,False,0.545653854602661,0.15424286034086807,0.18,True,True,False,False,False,,,30.67696904651825,29.294470697001454,True,True,False,False,0.166784642724125,0.014886895500591047,0.014886895500591047,False,missing,right,none,none,0,moving_average,4,2.0,peak,8,-1,-1,8,False,0.014886895500591395,False,False,False,False,False,False,False,,
frame_000207.jpg,,,207,False,,,,0.0,False,False,False,False,False,0.545653854602661,0.15424286034086807,0.18,True,True,False,False,False,,,30.67348457157021,29.281950076403426,True,True,False,False,0.16547735319040707,0.011165171625443813,0.011165171625443813,False,missing,right,none,none,0,moving_average,4,2.0,peak,8,-1,-1,8,False,0.01116517162544346,False,False,False,False,False,False,False,,
frame_000208.jpg,,,208,False,,,,0.0,False,False,False,False,False,0.545653854602661,0.15424286034086807,0.18,True,True,False,False,False,,,30.670000096622168,29.269429455805394,True,True,False,False,0.1641700636566878,0.007443447750295523,0.007443447750295523,False,missing,right,none,none,0,moving_average,4,2.0,peak,8,-1,-1,8,False,0.007443447750295875,False,False,False,False,False,False,False,,
frame_000209.jpg,,,209,False,,,,0.0,False,False,False,False,False,0.545653854602661,0.15424286034086807,0.18,True,True,False,False,False,,,30.66651562167413,29.256908835207366,True,True,False,False,0.16286277412296984,0.00372172387514829,0.00372172387514829,False,missing,right,none,none,0,moving_average,4,2.0,peak,8,-1,-1,8,False,0.0037217238751479373,False,False,False,False,False,False,False,,
frame_000210.jpg,30.66303114672609,29.244388214609334,210,True,,,,0.0,False,False,False,False,False,0.545653854602661,0.15424286034086807,0.18,False,False,True,True,True,30.66303114672609,29.244388214609334,30.66303114672609,29.244388214609334,False,False,False,False,0.16155548458925192,0.0,0.0,False,both,right,none,none,0,moving_average,4,2.0,peak,8,-1,-1,8,False,0.03873095523461976,False,False,False,False,False,False,False,,
frame_000211.jpg,30.755095044828355,29.622763543436925,211,True,0.5152148671435808,0.01431779184026498,0.0045549926677133845,0.944215573293722,False,False,False,False,False,0.545653854602661,0.15424286034086807,0.18,False,False,True,True,True,30.755095044828355,29.622763543436925,30.755095044828355,29.622763543436925,False,False,False,False,0.19609560102490456,0.112471141828711,0.112471141828711,False,both,right,none,none,0,moving_average,4,2.0,peak,8,-1,-1,8,False,0.0774673065329454,False,False,False,False,False,False,False,,
frame_000212.jpg,31.48284468765632,29.647859244933095,212,True,0.3276371363832638,0.040254732069166854,0.034887307601653275,0.600448679358905,False,False,False,False,False,0.545653854602661,0.15424286034086807,0.18,False,False,True,True,True,31.48284468765632,29.647859244933095,31.48284468765632,29.647859244933095,False,False,False,False,0.46912941685747994,0.11993077777012522,0.11993077777012522,False,both,right,none,none,0,moving_average,4,2.0,peak,8,-1,-1,8,False,0.20549999978743025,False,False,False,False,False,False,False,,
frame_000213.jpg,,,213,False,,,,0.0,False,False,False,False,False,0.545653854602661,0.15424286034086807,0.18,True,True,False,False,False,,,31.705037383008737,30.536570679102137,True,True,False,False,0.5524906662377642,0.3840980797634546,0.3840980797634546,False,missing,right,none,none,0,moving_average,4,2.0,peak,8,-1,-1,8,False,0.38409807976345456,False,False,False,False,False,False,False,,
frame_000214.jpg,31.92723007836115,31.42528211327118,214,True,,,,0.0,False,False,False,False,False,0.545653854602661,0.15424286034086807,0.18,False,False,True,True,True,31.92723007836115,31.42528211327118,31.92723007836115,31.42528211327118,False,False,False,False,0.6358519156180472,0.648265381756784,0.648265381756784,False,both,right,none,none,0,moving_average,4,2.0,peak,8,-1,-1,8,False,0.5953546020989944,False,False,False,False,False,False,False,,
frame_000215.jpg,32.01706743460257,31.779986334762587,215,True,0.256687817033204,0.007298049648566084,0.01471767507197242,0.47042243881905893,False,False,False,False,False,0.545653854602661,0.15424286034086807,0.18,False,False,True,True,True,32.01706743460257,31.779986334762587,32.01706743460257,31.779986334762587,False,False,False,False,0.6695566881598662,0.7537003447767446,0.7537003447767446,False,both,right,none,none,0,moving_average,4,2.0,peak,8,-1,-1,8,False,0.7185553571034244,True,False,False,False,False,False,False,6,
frame_000216.jpg,32.01706743460257,31.779986334762587,216,True,0.0,0.0,0.0,0.0,False,False,False,False,False,0.545653854602661,0.15424286034086807,0.18,False,False,True,True,True,32.01706743460257,31.779986334762587,32.01706743460257,31.779986334762587,False,False,False,False,0.6695566881598662,0.7537003447767446,0.7537003447767446,False,both,right,none,none,0,moving_average,4,2.0,peak,8,-1,-1,8,False,0.707017168637358,False,False,False,False,False,False,False,,
frame_000217.jpg,31.75924885380767,31.308831818984007,217,True,0.15381390833166111,0.027492747965793356,0.020697680878471136,0.2818891629450078,False,False,False,False,False,0.545653854602661,0.15424286034086807,0.18,False,False,True,True,True,31.75924885380767,31.308831818984007,31.75924885380767,31.308831818984007,False,False,False,False,0.572829480389031,0.6136508163585849,0.6136508163585849,False,both,right,none,none,0,moving_average,4,2.0,peak,8,-1,-1,8,False,0.6223807983741374,False,False,False,False,False,False,False,,
frame_000218.jpg,31.866755546225868,30.925785499550344,218,True,0.2316265379893884,0.049560191491702314,0.028362193793915812,0.4244935429954146,False,False,False,False,False,0.545653854602661,0.15424286034086807,0.18,False,False,True,True,True,31.866755546225868,30.925785499550344,31.866755546225868,30.925785499550344,False,False,False,False,0.6131633544730043,0.4997912339870827,0.4997912339870827,False,both,right,none,none,0,moving_average,4,2.0,peak,8,-1,-1,8,False,0.4980116800484321,False,False,False,False,False,False,False,,
frame_000219.jpg,31.64583508985609,30.524778858141943,219,True,0.2644357718355161,0.020684535167062198,0.008446105275797873,0.48462183416275,False,False,False,False,False,0.545653854602661,0.15424286034086807,0.18,False,False,True,True,True,31.64583508985609,30.524778858141943,31.64583508985609,30.524778858141943,False,False,False,False,0.5302794179536792,0.38059298979962897,0.38059298979962897,False,both,right,none,none,0,moving_average,4,2.0,peak,8,-1,-1,8,False,0.49292417143790496,False,False,False,False,False,False,False,,
frame_000220.jpg,31.943733284772243,31.257485641321303,220,True,0.2487979640346604,0.03481769338452263,0.0218140544358517,0.45596299180518435,False,False,False,False,False,0.545653854602661,0.15424286034086807,0.18,False,False,True,True,True,31.943733284772243,31.257485641321303,31.943733284772243,31.257485641321303,False,False,False,False,0.6420435138748105,0.5983882905270034,0.5983882905270034,False,both,right,none,none,0,moving_average,4,2.0,peak,8,-1,-1,8,False,0.5448250892188135,False,False,False,False,False,False,False,,
frame_000221.jpg,31.909150793182995,31.44960058257972,221,True,0.1559797313555868,0.02846904315187397,0.03535493224163509,0.28585838813357134,False,False,False,False,False,0.545653854602661,0.15424286034086807,0.18,False,False,True,True,True,31.909150793182995,31.44960058257972,31.909150793182995,31.44960058257972,False,False,False,False,0.6290690112657555,0.655493987329808,0.655493987329808,False,both,right,none,none,0,moving_average,4,2.0,peak,8,-1,-1,8,False,0.6804719947298232,False,False,False,False,False,False,False,,
frame_000222.jpg,31.97124489878733,31.893808503684443,222,True,0.28922666802998015,0.04139911445400874,0.019264664193549857,0.5300552091592787,False,False,False,False,False,0.545653854602661,0.15424286034086807,0.18,False,False,True,True,True,31.97124489878733,31.893808503684443,31.97124489878733,31.893808503684443,False,False,False,False,0.6523651966516822,0.7875337063326584,0.7875337063326584,False,both,right,none,none,0,moving_average,4,2.0,peak,8,-1,-1,8,False,0.7149108912175725,True,False,False,False,False,False,False,7,
frame_000223.jpg,32.09581650363375,31.605063568542587,223,True,0.08244620427781015,0.03464023765158123,0.0012991194890142439,0.22458243820834398,False,False,False,False,False,0.545653854602661,0.15424286034086807,0.18,False,False,True,True,True,32.09581650363375,31.605063568542587,32.09581650363375,31.605063568542587,False,False,False,False,0.6991014073125866,0.701704979990251,0.701704979990251,False,both,right,none,none,0,moving_average,4,2.0,peak,8,-1,-1,8,False,0.6845106667999101,False,False,False,False,False,False,False,,
frame_000224.jpg,31.46081421728972,31.14278334777338,224,True,0.16151426339682579,0.06716383950457382,0.047505852761723075,0.43544212909528196,False,False,False,False,False,0.545653854602661,0.15424286034086807,0.18,False,False,True,True,True,31.46081421728972,31.14278334777338,31.46081421728972,31.14278334777338,False,False,False,False,0.4608641247366817,0.5642933140768212,0.5642933140768212,False,both,right,none,none,0,moving_average,4,2.0,peak,8,-1,-1,8,False,0.6112278864315351,False,False,False,False,False,False,False,,
frame_000225.jpg,31.29999636603864,31.15419488364545,225,True,0.06675512917891603,0.001463031071690336,0.010511601372829372,0.12233970055526569,False,False,False,False,False,0.545653854602661,0.15424286034086807,0.18,False,False,True,True,True,31.29999636603864,31.15419488364545,31.29999636603864,31.15419488364545,False,False,False,False,0.40052921146836,0.5676853652275332,0.5676853652275332,False,both,right,none,none,0,moving_average,4,2.0,peak,8,-1,-1,8,False,0.5665546815106292,False,False,False,False,False,False,False,,
frame_000226.jpg,31.29999636603864,31.15419488364545,226,True,0.0,0.0,0.0,0.0,False,False,False,False,False,0.545653854602661,0.15424286034086807,0.18,False,False,True,True,True,31.29999636603864,31.15419488364545,31.29999636603864,31.15419488364545,False,False,False,False,0.40052921146836,0.5676853652275332,0.5676853652275332,False,both,right,none,none,0,moving_average,4,2.0,peak,8,-1,-1,8,False,0.5260375094656013,False,False,False,False,False,False,False,,
frame_000227.jpg,31.37159556704556,30.733859830688896,227,True,0.0542099716702872,0.13739114058312277,0.07728598906356099,0.8907455442637413,False,False,False,False,False,0.545653854602661,0.15424286034086807,0.18,False,False,True,True,True,31.37159556704556,30.733859830688896,31.37159556704556,30.733859830688896,False,False,False,False,0.4273914755094896,0.4427417979417376,0.4427417979417376,False,both,right,none,none,0,moving_average,4,2.0,peak,8,-1,-1,8,False,0.49649911776877176,False,False,False,False,False,False,False,,
frame_000228.jpg,31.577513055509232,30.856075779768627,228,True,0.027889010090491034,0.10231861925572885,0.032629799553581654,0.6633604889692167,False,False,False,False,False,0.545653854602661,0.15424286034086807,0.18,False,False,True,True,True,31.577513055509232,30.856075779768627,31.577513055509232,30.856075779768627,False,False,False,False,0.5046466664614518,0.47907019013704455,0.47907019013704455,False,both,right,none,none,0,moving_average,4,2.0,peak,8,-1,-1,8,False,0.4381520296819398,False,False,False,False,False,False,False,,
frame_000229.jpg,31.037948265747744,30.56532119706165,229,True,0.15699801425097012,0.03173330579255967,0.010318113383853111,0.2877245582096993,False,False,False,False,False,0.545653854602661,0.15424286034086807,0.18,False,False,True,True,True,31.037948265747744,30.56532119706165,31.037948265747744,30.56532119706165,False,False,False,False,0.3022151917237781,0.3926441009670374,0.3926441009670374,False,both,right,none,none,0,moving_average,4,2.0,peak,8,-1,-1,8,False,0.3807645967824392,False,False,False,False,False,False,False,,
frame_000230.jpg,30.44874184821317,30.154671557834263,230,True,0.1153929732890093,0.006565901553440155,0.01664816544930789,0.2114765108239493,False,False,False,False,False,0.545653854602661,0.15424286034086807,0.18,False,False,True,True,True,30.44874184821317,30.154671557834263,30.44874184821317,30.154671557834263,False,False,False,False,0.08115939584957081,0.27057949924323565,0.27057949924323565,False,both,right,none,none,0,moving_average,4,2.0,peak,8,-1,-1,8,False,0.27997244275094035,False,False,False,False,False,False,False,,
frame_000231.jpg,30.595614417774488,29.83882111857764,231,True,0.10434083567652758,0.06495866397559333,0.014018372318372205,0.42114535371062445,False,False,False,False,False,0.545653854602661,0.15424286034086807,0.18,False,False,True,True,True,30.595614417774488,29.83882111857764,30.595614417774488,29.83882111857764,False,False,False,False,0.13626238147610092,0.17669372804254807,0.17669372804254807,False,both,right,none,none,0,moving_average,4,2.0,peak,8,-1,-1,8,False,0.20216348045873364,False,False,False,False,False,False,False,,
frame_000232.jpg,30.603054424771525,29.78002664378278,232,True,0.063676479377586,0.008828057361453773,0.016675950782502356,0.11669757088759959,False,False,False,False,False,0.545653854602661,0.15424286034086807,0.18,False,False,True,True,True,30.603054424771525,29.78002664378278,30.603054424771525,29.78002664378278,False,False,False,False,0.13905368961378442,0.15921721409041723,0.15921721409041723,False,both,right,none,none,0,moving_average,4,2.0,peak,8,-1,-1,8,False,0.254687633926323,False,False,False,False,False,False,False,,
frame_000233.jpg,31.149696467929136,30.68477670791686,233,True,0.13554641963978903,0.0024412661600397676,0.015702242949786827,0.24841099993418428,False,False,False,False,False,0.545653854602661,0.15424286034086807,0.18,False,False,True,True,True,31.149696467929136,30.68477670791686,31.149696467929136,30.68477670791686,False,False,False,False,0.3441403762356558,0.42815195964600383,0.42815195964600383,False,both,right,none,none,0,moving_average,4,2.0,peak,8,-1,-1,8,False,0.3837873285697669,False,False,False,False,False,False,False,,
frame_000234.jpg,31.429514670930025,31.141772398826447,234,True,0.03413768703665207,0.057243728712508296,0.038164616698477684,0.37112725079140046,False,False,False,False,False,0.545653854602661,0.15424286034086807,0.18,False,False,True,True,True,31.429514670930025,31.141772398826447,31.429514670930025,31.141772398826447,False,False,False,False,0.4491213026540661,0.5639928119728796,0.5639928119728796,False,both,right,none,none,0,moving_average,4,2.0,peak,8,-1,-1,8,False,0.519306210631135,False,False,False,False,False,False,False,,
frame_000235.jpg,31.33899027007222,31.147764200152853,235,True,0.15222888616844266,0.05568347059788288,0.018903030824215742,0.36101165703764526,False,False,False,False,False,0.545653854602661,0.15424286034086807,0.18,False,False,True,True,True,31.33899027007222,31.147764200152853,31.33899027007222,31.147764200152853,False,False,False,False,0.4151587678239293,0.5657738602745218,0.5657738602745218,False,both,right,none,none,0,moving_average,4,2.0,peak,8,-1,-1,8,False,0.5931228896102418,False,False,False,False,False,False,False,,
frame_000236.jpg,31.16018239868095,31.429778751842505,236,True,0.3036433014943036,0.057049816414903975,0.008817312867281624,0.5564760496659795,False,False,False,False,False,0.545653854602661,0.15424286034086807,0.18,False,False,True,True,True,31.16018239868095,31.429778751842505,31.16018239868095,31.429778751842505,False,False,False,False,0.34807444025607653,0.6496019965833242,0.6496019965833242,False,both,right,none,none,0,moving_average,4,2.0,peak,8,-1,-1,8,False,0.6029276645901667,False,False,False,False,False,False,False,,
frame_000237.jpg,31.4936427016304,31.2407280481634,237,True,0.12571565340421,0.03619703902405553,0.03643080219516201,0.23467562092703742,False,False,False,False,False,0.545653854602661,0.15424286034086807,0.18,False,False,True,True,True,31.4936427016304,31.2407280481634,31.4936427016304,31.2407280481634,False,False,False,False,0.4731805668481547,0.593407136912654,0.593407136912654,False,both,right,none,none,0,moving_average,4,2.0,peak,8,-1,-1,8,False,0.6298853923294813,False,False,False,False,False,False,False,,
frame_000238.jpg,,,238,True,0.028169842624932523,0.004026578382790385,0.003422029128292744,0.05162584738899258,False,False,False,False,False,0.545653854602661,0.15424286034086807,0.18,True,True,False,False,False,,,31.647344437184373,31.419837700927182,True,True,False,False,0.53084568805016,0.6466470434924656,0.6466470434924656,False,missing,right,none,none,0,moving_average,4,2.0,peak,8,-1,-1,8,False,0.6466470434924652,False,False,False,False,False,False,False,,
frame_000239.jpg,31.80104617273835,31.59894735369096,239,True,0.028283561841016713,0.004031004454476757,0.0034497139068193554,0.05183425646578174,False,False,False,False,False,0.545653854602661,0.15424286034086807,0.18,False,False,True,True,True,31.80104617273835,31.59894735369096,31.80104617273835,31.59894735369096,False,False,False,False,0.5885108092521665,0.6998869500722761,0.6998869500722761,False,both,right,none,none,0,moving_average,4,2.0,peak,8,-1,-1,8,False,0.6834109285956059,False,False,False,False,False,False,False,,
frame_000240.jpg,31.76852683618081,31.611771150119257,240,True,0.017263948759501192,0.02158512491804537,0.008220567849375457,0.1399424574359128,False,False,False,False,False,0.545653854602661,0.15424286034086807,0.18,False,False,True,True,True,31.76852683618081,31.611771150119257,31.76852683618081,31.611771150119257,False,False,False,False,0.5763103518061884,0.7036987922220761,0.7036987922220761,False,both,right,none,none,0,moving_average,4,2.0,peak,8,-1,-1,8,False,0.7178673688019699,False,False,False,False,False,False,False,,
frame_000241.jpg,,,241,False,,,,0.0,False,False,False,False,False,0.545653854602661,0.15424286034086807,0.18,True,True,False,False,False,,,31.766278485969266,31.767592689842473,True,True,False,False,0.5754668259540827,0.7500163641115574,0.7500163641115574,False,missing,right,none,none,0,moving_average,4,2.0,peak,8,-1,-1,8,False,0.7500163641115576,True,False,False,False,False,False,False,8,
frame_000242.jpg,31.76403013575772,31.923414229565694,242,True,,,,0.0,False,False,False,False,False,0.545653854602661,0.15424286034086807,0.18,False,False,True,True,True,31.76403013575772,31.923414229565694,31.76403013575772,31.923414229565694,False,False,False,False,0.574623300101977,0.7963339360010396,0.7963339360010396,False,both,right,none,none,0,moving_average,4,2.0,peak,8,-1,-1,8,False,0.738301490503185,False,False,False,False,False,False,False,,
frame_000243.jpg,31.01828186568685,,243,True,0.34841217609860725,0.013547405354267687,0.024778208428253304,0.6385223400507581,False,False,False,False,False,0.545653854602661,0.15424286034086807,0.18,False,True,True,False,True,31.01828186568685,,31.01828186568685,31.493537643772562,False,True,False,False,0.29483684079604616,0.6685541713969585,0.6685541713969585,False,left_only,right,none,none,0,moving_average,4,2.0,peak,8,-1,-1,8,False,0.6685541713969585,False,False,False,False,False,False,False,,
frame_000244.jpg,30.57165590229957,31.06366105797943,244,True,0.1804639319819563,0.017662288506819068,0.04273791590749582,0.33072969330230073,False,False,False,False,False,0.545653854602661,0.15424286034086807,0.18,False,False,True,True,True,30.57165590229957,31.06366105797943,30.57165590229957,31.06366105797943,False,False,False,False,0.1272737341215235,0.5407744067928775,0.5407744067928775,False,both,right,none,none,0,moving_average,4,2.0,peak,8,-1,-1,8,False,0.5833676616609045,False,False,False,False,False,False,False,,
frame_000245.jpg,30.880357095546955,,245,True,0.1052834924589542,0.017662288506819442,0.04273791590749603,0.23743286615275574,False,False,False,False,False,0.545653854602661,0.15424286034086807,0.18,False,True,True,False,True,30.880357095546955,,30.880357095546955,31.06366105797943,False,True,False,False,0.24309085004187697,0.5407744067928775,0.5407744067928775,False,left_only,right,none,none,0,moving_average,4,2.0,peak,8,-1,-1,8,False,0.5407744067928775,False,False,False,False,False,False,False,,
frame_000246.jpg,,,246,False,,,,0.0,False,False,False,False,False,0.545653854602661,0.15424286034086807,0.18,True,True,False,False,False,,,30.880357095546955,31.06366105797943,True,True,False,False,0.24309085004187697,0.5407744067928775,0.5407744067928775,False,missing,right,none,none,0,moving_average,4,2.0,peak,8,-1,-1,8,False,0.5407744067928775,False,False,False,False,False,False,False,,
frame_000247.jpg,,,247,False,,,,0.0,False,False,False,False,False,0.545653854602661,0.15424286034086807,0.18,True,True,False,False,False,,,30.880357095546955,31.06366105797943,True,True,False,False,0.24309085004187697,0.5407744067928775,0.5407744067928775,False,missing,right,none,none,0,moving_average,4,2.0,peak,8,-1,-1,8,False,0.5407744067928775,False,False,False,False,False,False,False,,
frame_000248.jpg,,,248,False,,,,0.0,False,False,False,False,False,0.545653854602661,0.15424286034086807,0.18,True,True,False,False,False,,,30.880357095546955,31.06366105797943,True,True,False,False,0.24309085004187697,0.5407744067928775,0.5407744067928775,False,missing,right,none,none,0,moving_average,4,2.0,peak,8,-1,-1,8,False,0.5407744067928775,False,False,False,False,False,False,False,,
frame_000249.jpg,,,249,False,,,,0.0,False,False,False,False,False,0.545653854602661,0.15424286034086807,0.18,True,True,False,False,False,,,30.880357095546955,31.06366105797943,True,True,False,False,0.24309085004187697,0.5407744067928775,0.5407744067928775,False,missing,right,none,none,0,moving_average,4,2.0,peak,8,-1,-1,8,False,0.5407744067928775,False,False,False,False,False,False,False,,
frame_000250.jpg,,,250,False,,,,0.0,False,False,False,False,False,0.545653854602661,0.15424286034086807,0.18,True,True,False,False,False,,,30.880357095546955,31.06366105797943,True,True,False,False,0.24309085004187697,0.5407744067928775,0.5407744067928775,False,missing,right,none,none,0,moving_average,4,2.0,peak,8,-1,-1,8,False,0.5407744067928775,False,False,False,False,False,False,False,,
frame_000251.jpg,,,251,False,,,,0.0,False,False,False,False,False,0.545653854602661,0.15424286034086807,0.18,True,True,False,False,False,,,30.880357095546955,31.06366105797943,True,True,False,False,0.24309085004187697,0.5407744067928775,0.5407744067928775,False,missing,right,none,none,0,moving_average,4,2.0,peak,8,-1,-1,8,False,0.5407744067928775,False,False,False,False,False,False,False,,
frame_000252.jpg,,,252,False,,,,0.0,False,False,False,False,False,0.545653854602661,0.15424286034086807,0.18,True,True,False,False,False,,,30.880357095546955,31.06366105797943,True,True,False,False,0.24309085004187697,0.5407744067928775,0.5407744067928775,False,missing,right,none,none,0,moving_average,4,2.0,peak,8,-1,-1,8,False,0.5407744067928775,False,False,False,False,False,False,False,,
frame_000253.jpg,,,253,False,,,,0.0,False,False,False,False,False,0.545653854602661,0.15424286034086807,0.18,True,True,False,False,False,,,30.880357095546955,31.06366105797943,True,True,False,False,0.24309085004187697,0.5407744067928775,0.5407744067928775,False,missing,right,none,none,0,moving_average,4,2.0,peak,8,-1,-1,8,False,0.5407744067928775,False,False,False,False,False,False,False,,
frame_000254.jpg,,,254,False,,,,0.0,False,False,False,False,False,0.545653854602661,0.15424286034086807,0.18,True,True,False,False,False,,,30.880357095546955,31.06366105797943,True,True,False,False,0.24309085004187697,0.5407744067928775,0.5407744067928775,False,missing,right,none,none,0,moving_average,4,2.0,peak,8,-1,-1,8,False,0.5407744067928775,False,False,False,False,False,False,False,,
frame_000255.jpg,,,255,False,,,,0.0,False,False,False,False,False,0.545653854602661,0.15424286034086807,0.18,True,True,False,False,False,,,30.880357095546955,31.06366105797943,True,True,False,False,0.24309085004187697,0.5407744067928775,0.5407744067928775,False,missing,right,none,none,0,moving_average,4,2.0,peak,8,-1,-1,8,False,0.5407744067928775,False,False,False,False,False,False,False,,
frame_000256.jpg,,,256,False,,,,0.0,False,False,False,False,False,0.545653854602661,0.15424286034086807,0.18,True,True,False,False,False,,,30.880357095546955,31.06366105797943,True,True,False,False,0.24309085004187697,0.5407744067928775,0.5407744067928775,False,missing,right,none,none,0,moving_average,4,2.0,peak,8,-1,-1,8,False,0.5407744067928775,False,False,False,False,False,False,False,,
frame_000257.jpg,,,257,False,,,,0.0,False,False,False,False,False,0.545653854602661,0.15424286034086807,0.18,True,True,False,False,False,,,30.880357095546955,31.06366105797943,True,True,False,False,0.24309085004187697,0.5407744067928775,0.5407744067928775,False,missing,right,none,none,0,moving_average,4,2.0,peak,8,-1,-1,8,False,0.5407744067928775,False,False,False,False,False,False,False,,
frame_000258.jpg,,,258,False,,,,0.0,False,False,False,False,False,0.545653854602661,0.15424286034086807,0.18,True,True,False,False,False,,,30.880357095546955,31.06366105797943,True,True,False,False,0.24309085004187697,0.5407744067928775,0.5407744067928775,False,missing,right,none,none,0,moving_average,4,2.0,peak,8,-1,-1,8,False,0.5407744067928775,False,False,False,False,False,False,False,,
frame_000259.jpg,,,259,False,,,,0.0,False,False,False,False,False,0.545653854602661,0.15424286034086807,0.18,True,True,False,False,False,,,30.880357095546955,31.06366105797943,True,True,False,False,0.24309085004187697,0.5407744067928775,0.5407744067928775,False,missing,right,none,none,0,moving_average,4,2.0,peak,8,-1,-1,8,False,0.5407744067928775,False,False,False,False,False,False,False,,
frame_000260.jpg,,,260,False,,,,0.0,False,False,False,False,False,0.545653854602661,0.15424286034086807,0.18,True,True,False,False,False,,,30.880357095546955,31.06366105797943,True,True,False,False,0.24309085004187697,0.5407744067928775,0.5407744067928775,False,missing,right,none,none,0,moving_average,4,2.0,peak,8,-1,-1,8,False,,False,False,False,False,False,False,False,,
