frame_name,left_temp,right_temp,frame_index,motion_coordinate_valid,motion_center_step_norm,motion_scale_step_log,motion_angle_step_rad,motion_score,motion_center_flag,motion_scale_flag,motion_angle_flag,motion_artifact_raw,motion_artifact,motion_center_threshold,motion_scale_threshold,motion_angle_threshold,left_missing_raw,right_missing_raw,left_quality_valid,right_quality_valid,quality_any_valid,left_temp_motion_filtered,right_temp_motion_filtered,left_temp_used,right_temp_used,left_repaired,right_repaired,left_motion_interpolated,right_motion_interpolated,left_norm,right_norm,fused_norm,fused_repaired,fusion_source,selected_fusion_mode,peak_retune_rule,edge_peak_completion,edge_peak_added,smoothing_method,butterworth_order,butterworth_cutoff_hz,rr_estimator,time_peak_count,spectral_count,autocorr_count,joint_count,joint_adjusted,smoothed_norm,is_peak,source_peak_rejected,quality_peak_rejected,mad_ibi_peak_rejected,motion_peak_rejected,motion_interval_peak_rejected,motion_reconstructed_peak,peak_number,event_source
frame_000000.jpg,33.43158122040924,33.72170954097863,0,True,,,,0.0,False,False,False,False,False,0.4196948392680747,0.12,0.18,False,False,True,True,True,33.43158122040924,33.72170954097863,33.43158122040924,33.72170954097863,False,False,False,False,0.8802270689438145,0.9111902804673939,0.8802270689438145,False,both,min,none,none,0,moving_average,4,2.0,peak,11,-1,-1,11,False,,False,False,False,False,False,False,False,,
frame_000001.jpg,33.42738330233974,33.69245206174325,1,True,0.011184460592272965,0.012575871252796956,0.0011499432114751781,0.10479892710664131,False,False,False,False,False,0.4196948392680747,0.12,0.18,False,False,True,True,True,33.42738330233974,33.69245206174325,33.42738330233974,33.69245206174325,False,False,False,False,0.878988567508599,0.9046859638130201,0.878988567508599,False,both,min,none,none,0,moving_average,4,2.0,peak,11,-1,-1,11,False,0.8642412545631911,False,False,False,False,False,False,False,,
frame_000002.jpg,33.27322670906046,33.47481871020174,2,True,0.006193243745559488,0.00847889165231909,0.03819724475733537,0.21220691531852987,False,False,False,False,False,0.4196948392680747,0.12,0.18,False,False,True,True,True,33.27322670906046,33.47481871020174,33.27322670906046,33.47481871020174,False,False,False,False,0.8335081272371602,0.8563032504018427,0.8335081272371602,False,both,min,none,none,0,moving_average,4,2.0,peak,11,-1,-1,11,False,0.8249479407361339,False,False,False,False,False,False,False,,
frame_000003.jpg,33.03202549741616,33.25010305317229,3,True,0.01918255554717021,0.010482737775315906,0.0009217232337250551,0.08735614812763255,False,False,False,False,False,0.4196948392680747,0.12,0.18,False,False,True,True,True,33.03202549741616,33.25010305317229,33.03202549741616,33.25010305317229,False,False,False,False,0.7623471274626428,0.806346048731922,0.7623471274626428,False,both,min,none,none,0,moving_average,4,2.0,peak,11,-1,-1,11,False,0.7860674607208151,False,False,False,False,False,False,False,,
frame_000004.jpg,33.03202549741616,33.25010305317229,4,True,0.0,0.0,0.0,0.0,False,False,False,False,False,0.4196948392680747,0.12,0.18,False,False,True,True,True,33.03202549741616,33.25010305317229,33.03202549741616,33.25010305317229,False,False,False,False,0.7623471274626428,0.806346048731922,0.7623471274626428,False,both,min,none,none,0,moving_average,4,2.0,peak,11,-1,-1,11,False,0.7574085025619732,False,False,False,False,False,False,False,,
frame_000005.jpg,32.98180688130596,33.23517470262612,5,True,0.010114039560511415,0.019211944965491713,0.003920661587299826,0.1600995413790976,False,False,False,False,False,0.4196948392680747,0.12,0.18,False,False,True,True,True,32.98180688130596,33.23517470262612,32.98180688130596,33.23517470262612,False,False,False,False,0.7475312527606346,0.8030272830139791,0.7475312527606346,False,both,min,none,none,0,moving_average,4,2.0,peak,11,-1,-1,11,False,0.7429552470737277,False,False,False,False,False,False,False,,
frame_000006.jpg,32.88505695789244,33.14969383312466,6,True,0.03522588523958638,0.02102820531314327,0.028865366813631027,0.1752350442761939,False,False,False,False,False,0.4196948392680747,0.12,0.18,False,False,True,True,True,32.88505695789244,33.14969383312466,32.88505695789244,33.14969383312466,False,False,False,False,0.7189873609979057,0.7840237783492152,0.7189873609979057,False,both,min,none,none,0,moving_average,4,2.0,peak,11,-1,-1,11,False,0.726917607360183,False,False,False,False,False,False,False,,
frame_000007.jpg,32.86894607990886,33.146297374499746,7,True,0.006658237246561014,0.005916281547711282,0.0011848425795122491,0.04930234623092736,False,False,False,False,False,0.4196948392680747,0.12,0.18,False,False,True,True,True,32.86894607990886,33.146297374499746,32.86894607990886,33.146297374499746,False,False,False,False,0.7142342083220088,0.7832687015969706,0.7142342083220088,False,both,min,none,none,0,moving_average,4,2.0,peak,11,-1,-1,11,False,0.7137185021480269,False,False,False,False,False,False,False,,
frame_000008.jpg,32.84759122189081,33.11729699021821,8,True,0.003455504603184201,0.0014172705623586874,0.0012789928599787892,0.011810588019655729,False,False,False,False,False,0.4196948392680747,0.12,0.18,False,False,True,True,True,32.84759122189081,33.11729699021821,32.84759122189081,33.11729699021821,False,False,False,False,0.7079339371241663,0.7768215404814096,0.7079339371241663,False,both,min,none,none,0,moving_average,4,2.0,peak,11,-1,-1,11,False,0.7313626284921051,False,False,False,False,False,False,False,,
frame_000009.jpg,33.06447200262544,33.25961279885832,9,True,0.031092654744231656,0.016276319878379623,0.029949700106612062,0.16638722281451146,False,False,False,False,False,0.4196948392680747,0.12,0.18,False,False,True,True,True,33.06447200262544,33.25961279885832,33.06447200262544,33.25961279885832,False,False,False,False,0.7719197400301403,0.8084601883933362,0.7719197400301403,False,both,min,none,none,0,moving_average,4,2.0,peak,11,-1,-1,11,False,0.774577440115318,False,False,False,False,False,False,False,,
frame_000010.jpg,33.30837771904521,33.50106507154471,10,True,0.01992542357469922,0.021810923536990916,0.010257975228579711,0.18175769614159099,False,False,False,False,False,0.4196948392680747,0.12,0.18,False,False,True,True,True,33.30837771904521,33.50106507154471,33.30837771904521,33.50106507154471,False,False,False,False,0.8438786431916477,0.8621381565407619,0.8438786431916477,False,both,min,none,none,0,moving_average,4,2.0,peak,11,-1,-1,11,False,0.821111977869881,False,False,False,False,False,False,False,,
frame_000011.jpg,33.32077963655362,33.56760370468107,11,True,0.01475204415068825,0.004829161060833965,0.0011275385708405788,0.04024300884028304,False,False,False,False,False,0.4196948392680747,0.12,0.18,False,False,True,True,True,33.32077963655362,33.56760370468107,33.32077963655362,33.56760370468107,False,False,False,False,0.8475375503878549,0.8769305566715566,0.8475375503878549,False,both,min,none,none,0,moving_average,4,2.0,peak,11,-1,-1,11,False,0.8606921264818642,False,False,False,False,False,False,False,,
frame_000012.jpg,33.50970697810662,33.62936182046997,12,True,0.0073105191713559205,0.002159580142069681,0.0027109074590335215,0.01799650118391401,False,False,False,False,False,0.4196948392680747,0.12,0.18,False,False,True,True,True,33.50970697810662,33.62936182046997,33.50970697810662,33.62936182046997,False,False,False,False,0.9032763189371592,0.8906601858660901,0.8906601858660901,False,both,min,none,none,0,moving_average,4,2.0,peak,11,-1,-1,11,False,0.8726264187840705,False,False,False,False,False,False,False,,
frame_000013.jpg,33.42973207490856,33.76395466919424,13,True,0.028742790904924015,0.007141296179174865,0.015288808317576322,0.08493782398653513,False,False,False,False,False,0.4196948392680747,0.12,0.18,False,False,True,True,True,33.42973207490856,33.76395466919424,33.42973207490856,33.76395466919424,False,False,False,False,0.8796815200982665,0.9205819197404973,0.8796815200982665,False,both,min,none,none,0,moving_average,4,2.0,peak,11,-1,-1,11,False,0.8808824789408187,True,False,False,False,False,False,False,1,
frame_000014.jpg,33.40473173332822,33.81152834346745,14,True,0.014658834571401455,0.00663470846434108,0.0017296865831422092,0.05528923720284234,False,False,False,False,False,0.4196948392680747,0.12,0.18,False,False,True,True,True,33.40473173332822,33.81152834346745,33.40473173332822,33.81152834346745,False,False,False,False,0.8723057308580996,0.931158163831644,0.8723057308580996,False,both,min,none,none,0,moving_average,4,2.0,peak,11,-1,-1,11,False,0.8778253926441953,False,False,False,False,False,False,False,,
frame_000015.jpg,33.435858305994095,33.86391386210657,15,True,0.007155774960073739,0.005155510103790542,0.0006787786238095992,0.042962584198254515,False,False,False,False,False,0.4196948392680747,0.12,0.18,False,False,True,True,True,33.435858305994095,33.86391386210657,33.435858305994095,33.86391386210657,False,False,False,False,0.88148892697622,0.9428041432610833,0.88148892697622,False,both,min,none,none,0,moving_average,4,2.0,peak,11,-1,-1,11,False,0.8773947187597588,False,False,False,False,False,False,False,,
frame_000016.jpg,33.42535274930554,33.921620843239886,16,True,0.0064315549215571794,0.014796510404290038,0.0016711131573953451,0.12330425336908366,False,False,False,False,False,0.4196948392680747,0.12,0.18,False,False,True,True,True,33.42535274930554,33.921620843239886,33.42535274930554,33.921620843239886,False,False,False,False,0.8783894984449571,0.9556331527406565,0.8783894984449571,False,both,min,none,none,0,moving_average,4,2.0,peak,11,-1,-1,11,False,0.8778733523481959,False,False,False,False,False,False,False,,
frame_000017.jpg,33.40959873920913,33.91223346069705,17,True,0.00436293701279399,0.009353465818319218,0.0009668930825087045,0.07794554848599348,False,False,False,False,False,0.4196948392680747,0.12,0.18,False,False,True,True,True,33.40959873920913,33.91223346069705,33.40959873920913,33.91223346069705,False,False,False,False,0.8737416316234109,0.9535462159911466,0.8737416316234109,False,both,min,none,none,0,moving_average,4,2.0,peak,11,-1,-1,11,False,0.8754858465394972,False,False,False,False,False,False,False,,
frame_000018.jpg,33.4115808522333,33.927507427964024,18,True,0.0045043508597786145,0.002895171773294571,0.0002786957950879944,0.024126431444121424,False,False,False,False,False,0.4196948392680747,0.12,0.18,False,False,True,True,True,33.4115808522333,33.927507427964024,33.4115808522333,33.927507427964024,False,False,False,False,0.8743264095501239,0.9569418167834663,0.8743264095501239,False,both,min,none,none,0,moving_average,4,2.0,peak,11,-1,-1,11,False,0.8635314423521766,False,False,False,False,False,False,False,,
frame_000019.jpg,33.303793884888066,33.604462089299375,19,True,0.0029225941392070714,0.015471820855568901,0.0015288543006769237,0.12893184046307418,False,False,False,False,False,0.4196948392680747,0.12,0.18,False,False,True,True,True,33.303793884888066,33.604462089299375,33.303793884888066,33.604462089299375,False,False,False,False,0.842526285882995,0.8851246530596107,0.842526285882995,False,both,min,none,none,0,moving_average,4,2.0,peak,11,-1,-1,11,False,0.8454353075974456,False,False,False,False,False,False,False,,
frame_000020.jpg,33.22558742784124,33.43998868066414,20,True,0.011538524689840466,0.003710132027338785,0.002442943046080382,0.030917766894489877,False,False,False,False,False,0.4196948392680747,0.12,0.18,False,False,True,True,True,33.22558742784124,33.43998868066414,33.22558742784124,33.43998868066414,False,False,False,False,0.819453227359218,0.8485600836248571,0.819453227359218,False,both,min,none,none,0,moving_average,4,2.0,peak,11,-1,-1,11,False,0.8226321284922826,False,False,False,False,False,False,False,,
frame_000021.jpg,33.17970576137165,33.26065670725089,21,True,0.003961046676416153,0.015281516750705035,0.002223276921361428,0.12734597292254196,False,False,False,False,False,0.4196948392680747,0.12,0.18,False,False,True,True,True,33.17970576137165,33.26065670725089,33.17970576137165,33.26065670725089,False,False,False,False,0.8059168722346349,0.80869226275247,0.8059168722346349,False,both,min,none,none,0,moving_average,4,2.0,peak,11,-1,-1,11,False,0.8037432351517617,False,False,False,False,False,False,False,,
frame_000022.jpg,33.11172137432231,33.179018102938144,22,True,0.007086363415208559,0.010389315965161556,0.0007397792241977535,0.08657763304301297,False,False,False,False,False,0.4196948392680747,0.12,0.18,False,False,True,True,True,33.11172137432231,33.179018102938144,33.11172137432231,33.179018102938144,False,False,False,False,0.7858596058614323,0.7905429434143514,0.7858596058614323,False,both,min,none,none,0,moving_average,4,2.0,peak,11,-1,-1,11,False,0.7686438412432792,False,False,False,False,False,False,False,,
frame_000023.jpg,32.868677756861395,33.007670154536775,23,True,0.004476259721415316,0.005968364432146879,0.0009238055902874888,0.04973637026789066,False,False,False,False,False,0.4196948392680747,0.12,0.18,False,False,True,True,True,32.868677756861395,33.007670154536775,32.868677756861395,33.007670154536775,False,False,False,False,0.7141550456337704,0.7524500747323415,0.7141550456337704,False,both,min,none,none,0,moving_average,4,2.0,peak,11,-1,-1,11,False,0.7251141247551955,False,False,False,False,False,False,False,,
frame_000024.jpg,32.73707199880251,32.77703083941757,24,True,0.03481361628737067,0.051772649083476084,0.0027904547540745783,0.43143874236230073,False,False,False,False,False,0.4196948392680747,0.12,0.18,False,False,True,True,True,32.73707199880251,32.77703083941757,32.73707199880251,32.77703083941757,False,False,False,False,0.6753277227703841,0.7011759671301614,0.6753277227703841,False,both,min,none,none,0,moving_average,4,2.0,peak,11,-1,-1,11,False,0.6882701637248462,False,False,False,False,False,False,False,,
frame_000025.jpg,32.73707199880251,32.77703083941757,25,True,0.0,0.0,0.0,0.0,False,False,False,False,False,0.4196948392680747,0.12,0.18,False,False,True,True,True,32.73707199880251,32.77703083941757,32.73707199880251,32.77703083941757,False,False,False,False,0.6753277227703841,0.7011759671301614,0.6753277227703841,False,both,min,none,none,0,moving_average,4,2.0,peak,11,-1,-1,11,False,0.7220807518440797,False,False,False,False,False,False,False,,
frame_000026.jpg,33.212482151681854,33.30575112031182,26,True,0.03368729927890493,0.07877928636166494,0.04539988938236248,0.6564940530138745,False,False,False,False,False,0.4196948392680747,0.12,0.18,False,False,True,True,True,33.212482151681854,33.30575112031182,33.212482151681854,33.30575112031182,False,False,False,False,0.8155868099914713,0.8187173349581702,0.8155868099914713,False,both,min,none,none,0,moving_average,4,2.0,peak,11,-1,-1,11,False,0.7910283055530538,False,False,False,False,False,False,False,,
frame_000027.jpg,33.43816811383224,33.9033395054682,27,True,0.21244923628697351,0.0722565244902284,0.021435895718050754,0.6021377040852367,False,False,False,False,False,0.4196948392680747,0.12,0.18,False,False,True,True,True,33.43816811383224,33.9033395054682,33.43816811383224,33.9033395054682,False,False,False,False,0.8821703838973064,0.9515689745257127,0.8821703838973064,False,both,min,none,none,0,moving_average,4,2.0,peak,11,-1,-1,11,False,0.8606488723218481,False,False,False,False,False,False,False,,
frame_000028.jpg,33.44501167558638,33.96555197700734,28,True,0.28997978494676696,0.05304574280223439,0.010315028537549238,0.6909300706496085,False,False,False,False,True,0.4196948392680747,0.12,0.18,False,False,True,True,True,33.44501167558638,33.96555197700734,33.44501167558638,33.96555197700734,False,False,True,True,0.8841894230767666,0.9653996128895423,0.8841894230767666,False,both,min,none,none,0,moving_average,4,2.0,peak,11,-1,-1,11,False,0.8828141791671245,False,False,False,False,False,False,False,,
frame_000029.jpg,33.43787101149926,33.903220797166966,29,True,0.43543200700163126,0.019590995593169593,0.0354971621975572,1.0374966910744037,True,False,False,True,True,0.4196948392680747,0.12,0.18,False,False,True,True,True,33.43787101149926,33.903220797166966,33.43787101149926,33.903220797166966,False,False,True,True,0.8820827305273005,0.9515425841325234,0.8820827305273005,False,both,min,none,none,0,moving_average,4,2.0,peak,11,-1,-1,11,False,0.8901975247158412,True,False,False,False,False,False,False,2,
frame_000030.jpg,33.70545518679683,33.69080778838032,30,True,0.533924897690931,0.12139451965890101,0.005626954123926154,1.2721740839655482,True,True,False,True,True,0.4196948392680747,0.12,0.18,False,False,True,True,True,33.70545518679683,33.69080778838032,33.70545518679683,33.69080778838032,False,False,True,True,0.9610274311289515,0.9043204205434568,0.9043204205434568,False,both,min,none,none,0,moving_average,4,2.0,peak,11,-1,-1,11,False,0.8265475211451718,False,False,False,False,False,False,False,,
frame_000031.jpg,33.61284354088377,32.741330919104946,31,True,0.657620037699254,0.008528733958258239,0.053200674098295014,1.5669004623600045,True,False,False,True,True,0.4196948392680747,0.12,0.18,False,False,True,True,True,33.61284354088377,32.741330919104946,33.61284354088377,32.741330919104946,False,False,True,True,0.9337044451911543,0.693239412364758,0.693239412364758,False,both,min,none,none,0,moving_average,4,2.0,peak,11,-1,-1,11,False,0.7642212490067263,False,False,False,False,False,False,False,,
frame_000032.jpg,33.79512447495743,,32,True,0.9427537849251563,0.10878549896895129,0.012507282114438467,2.2462839585286973,True,False,False,True,True,0.4196948392680747,0.12,0.18,False,True,True,False,True,33.79512447495743,,33.79512447495743,32.74971775265748,False,True,True,False,0.9874823405014116,0.6951039141119644,0.6951039141119644,False,left_only,min,none,none,0,moving_average,4,2.0,peak,11,-1,-1,11,False,0.6951039141119644,False,False,False,False,False,False,False,,
frame_000033.jpg,33.79512447495743,,33,True,0.0,0.0,0.0,0.0,False,False,False,False,True,0.4196948392680747,0.12,0.18,False,True,True,False,True,33.79512447495743,,33.79512447495743,32.75810458621002,False,True,True,False,0.9874823405014116,0.6969684158591709,0.6969684158591709,False,left_only,min,none,none,0,moving_average,4,2.0,peak,11,-1,-1,11,False,0.6969684158591709,False,False,False,False,False,False,False,,
frame_000034.jpg,33.72480793865014,,34,True,0.2990449838128554,4.440892098500625e-16,1.8561541192951836e-16,0.7125295710911619,False,False,False,False,False,0.4196948392680747,0.12,0.18,False,True,True,False,True,33.72480793865014,,33.72480793865014,32.76649141976255,False,True,False,False,0.9667370258730285,0.6988329176063773,0.6988329176063773,False,left_only,min,none,none,0,moving_average,4,2.0,peak,11,-1,-1,11,False,0.6988329176063773,False,False,False,False,False,False,False,,
frame_000035.jpg,33.67122500696277,,35,True,0.24455825349915838,0.0,0.0,0.5827049337219748,False,False,False,False,False,0.4196948392680747,0.12,0.18,False,True,True,False,True,33.67122500696277,,33.67122500696277,32.77487825331509,False,True,False,False,0.9509285854272745,0.7006974193535839,0.7006974193535839,False,left_only,min,none,none,0,moving_average,4,2.0,peak,11,-1,-1,11,False,0.7006974193535838,False,False,False,False,False,False,False,,
frame_000036.jpg,,,36,False,,,,0.0,False,False,False,False,False,0.4196948392680747,0.12,0.18,True,True,False,False,False,,,33.5543586285148,32.78326508686762,True,True,False,False,0.9164497854507266,0.7025619211007903,0.7025619211007903,False,missing,min,none,none,0,moving_average,4,2.0,peak,11,-1,-1,11,False,0.7025619211007903,False,False,False,False,False,False,False,,
frame_000037.jpg,,,37,False,,,,0.0,False,False,False,False,False,0.4196948392680747,0.12,0.18,True,True,False,False,False,,,33.43749225006683,32.79165192042016,True,True,False,False,0.8819709854741808,0.7044264228479968,0.7044264228479968,False,missing,min,none,none,0,moving_average,4,2.0,peak,11,-1,-1,11,False,0.7044264228479967,False,False,False,False,False,False,False,,
frame_000038.jpg,,,38,False,,,,0.0,False,False,False,False,False,0.4196948392680747,0.12,0.18,True,True,False,False,False,,,33.32062587161886,32.80003875397269,True,True,False,False,0.8474921854976329,0.7062909245952033,0.7062909245952033,False,missing,min,none,none,0,moving_average,4,2.0,peak,11,-1,-1,11,False,0.7062909245952033,False,False,False,False,False,False,False,,
frame_000039.jpg,,,39,False,,,,0.0,False,False,False,False,False,0.4196948392680747,0.12,0.18,True,True,False,False,False,,,33.203759493170885,32.80842558752523,True,True,False,False,0.813013385521085,0.7081554263424098,0.7081554263424098,False,missing,min,none,none,0,moving_average,4,2.0,peak,11,-1,-1,11,False,0.7081554263424097,False,False,False,False,False,False,False,,
frame_000040.jpg,,,40,False,,,,0.0,False,False,False,False,False,0.4196948392680747,0.12,0.18,True,True,False,False,False,,,33.08689311472291,32.81681242107776,True,True,False,False,0.7785345855445371,0.7100199280896162,0.7100199280896162,False,missing,min,none,none,0,moving_average,4,2.0,peak,11,-1,-1,11,False,0.7100199280896162,False,False,False,False,False,False,False,,
frame_000041.jpg,,,41,False,,,,0.0,False,False,False,False,False,0.4196948392680747,0.12,0.18,True,True,False,False,False,,,32.970026736274946,32.8251992546303,True,True,False,False,0.7440557855679913,0.7118844298368228,0.7118844298368228,False,missing,min,none,none,0,moving_average,4,2.0,peak,11,-1,-1,11,False,0.7104937811726275,False,False,False,False,False,False,False,,
frame_000042.jpg,,,42,False,,,,0.0,False,False,False,False,False,0.4196948392680747,0.12,0.18,True,True,False,False,False,,,32.85316035782697,32.833586088182834,True,True,False,False,0.7095769855914434,0.7137489315840292,0.7095769855914434,False,missing,min,none,none,0,moving_average,4,2.0,peak,11,-1,-1,11,False,0.6988532003477206,False,False,False,False,False,False,False,,
frame_000043.jpg,,,43,False,,,,0.0,False,False,False,False,False,0.4196948392680747,0.12,0.18,True,True,False,False,False,,,32.736293979379,32.84197292173537,True,True,False,False,0.6750981856148955,0.7156134333312357,0.6750981856148955,False,missing,min,none,none,0,moving_average,4,2.0,peak,11,-1,-1,11,False,0.6750981856148962,False,False,False,False,False,False,False,,
frame_000044.jpg,,,44,False,,,,0.0,False,False,False,False,False,0.4196948392680747,0.12,0.18,True,True,False,False,False,,,32.61942760093103,32.850359755287904,True,True,False,False,0.6406193856383497,0.7174779350784422,0.6406193856383497,False,missing,min,none,none,0,moving_average,4,2.0,peak,11,-1,-1,11,False,0.6406193856383491,False,False,False,False,False,False,False,,
frame_000045.jpg,,,45,False,,,,0.0,False,False,False,False,False,0.4196948392680747,0.12,0.18,True,True,False,False,False,,,32.50256122248306,32.85874658884044,True,True,False,False,0.6061405856618018,0.7193424368256487,0.6061405856618018,False,missing,min,none,none,0,moving_average,4,2.0,peak,11,-1,-1,11,False,0.6061405856618018,False,False,False,False,False,False,False,,
frame_000046.jpg,,,46,False,,,,0.0,False,False,False,False,False,0.4196948392680747,0.12,0.18,True,True,False,False,False,,,32.385694844035086,32.867133422392975,True,True,False,False,0.5716617856852539,0.7212069385728551,0.5716617856852539,False,missing,min,none,none,0,moving_average,4,2.0,peak,11,-1,-1,11,False,0.5716617856852546,False,False,False,False,False,False,False,,
frame_000047.jpg,,,47,False,,,,0.0,False,False,False,False,False,0.4196948392680747,0.12,0.18,True,True,False,False,False,,,32.26882846558712,32.87552025594551,True,True,False,False,0.5371829857087081,0.7230714403200617,0.5371829857087081,False,missing,min,none,none,0,moving_average,4,2.0,peak,11,-1,-1,11,False,0.5371829857087074,False,False,False,False,False,False,False,,
frame_000048.jpg,,,48,False,,,,0.0,False,False,False,False,False,0.4196948392680747,0.12,0.18,True,True,False,False,False,,,32.15196208713915,32.883907089498045,True,True,False,False,0.5027041857321602,0.7249359420672681,0.5027041857321602,False,missing,min,none,none,0,moving_average,4,2.0,peak,11,-1,-1,11,False,0.5027041857321602,False,False,False,False,False,False,False,,
frame_000049.jpg,,,49,False,,,,0.0,False,False,False,False,False,0.4196948392680747,0.12,0.18,True,True,False,False,False,,,32.03509570869117,32.89229392305058,True,True,False,False,0.46822538575561234,0.7268004438144746,0.46822538575561234,False,missing,min,none,none,0,moving_average,4,2.0,peak,11,-1,-1,11,False,0.4682253857556126,False,False,False,False,False,False,False,,
frame_000050.jpg,,,50,False,,,,0.0,False,False,False,False,False,0.4196948392680747,0.12,0.18,True,True,False,False,False,,,31.918229330243204,32.900680756603116,True,True,False,False,0.43374658577906544,0.728664945561681,0.43374658577906544,False,missing,min,none,none,0,moving_average,4,2.0,peak,11,-1,-1,11,False,0.4337465857790651,False,False,False,False,False,False,False,,
frame_000051.jpg,,,51,False,,,,0.0,False,False,False,False,False,0.4196948392680747,0.12,0.18,True,True,False,False,False,,,31.80136295179523,32.90906759015565,True,True,False,False,0.39926778580251754,0.7305294473088876,0.39926778580251754,False,missing,min,none,none,0,moving_average,4,2.0,peak,11,-1,-1,11,False,0.39926778580251787,False,False,False,False,False,False,False,,
frame_000052.jpg,31.68449657334726,32.917454423708186,52,True,,,,0.0,False,False,False,False,False,0.4196948392680747,0.12,0.18,False,False,True,True,True,31.68449657334726,32.917454423708186,31.68449657334726,32.917454423708186,False,False,False,False,0.3647889858259707,0.7323939490560941,0.3647889858259707,False,both,min,none,none,0,moving_average,4,2.0,peak,11,-1,-1,11,False,0.33655577875508796,False,False,False,False,False,False,False,,
frame_000053.jpg,31.280539635083688,,53,True,0.1028926381238862,0.04897482470892199,0.02830914616377441,0.40812353924101663,False,False,False,False,False,0.4196948392680747,0.12,0.18,False,True,True,False,True,31.280539635083688,,31.280539635083688,33.0110917219464,False,True,False,False,0.2456105646367757,0.753210733492703,0.2456105646367757,False,left_only,min,none,none,0,moving_average,4,2.0,peak,11,-1,-1,11,False,0.25360563270859215,False,False,False,False,False,False,False,,
frame_000054.jpg,30.957880884544203,,54,True,0.03857484067076047,0.0,0.0,0.09191163927112594,False,False,False,False,True,0.4196948392680747,0.12,0.18,False,True,True,False,True,30.957880884544203,,30.957880884544203,33.104729020184614,False,True,True,False,0.15041734766303017,0.7740275179293118,0.15041734766303017,False,left_only,min,none,none,0,moving_average,4,2.0,peak,11,-1,-1,11,False,0.15202453759545356,False,False,False,False,False,False,False,,
frame_000055.jpg,30.651564912785428,33.19836631842283,55,True,0.07077160791341837,0.21263192866564098,0.03854012424266914,1.7719327388803416,False,True,False,True,True,0.4196948392680747,0.12,0.18,False,False,True,True,True,30.651564912785428,33.19836631842283,30.651564912785428,33.19836631842283,False,False,True,True,0.060045700486554866,0.7948443023659207,0.060045700486554866,False,both,min,none,none,0,moving_average,4,2.0,peak,11,-1,-1,11,False,0.08450985340864134,False,False,False,False,False,False,False,,
frame_000056.jpg,30.594013714372565,,56,True,0.11097897800786032,0.21263192866564093,0.03854012424266914,1.7719327388803412,False,True,False,True,True,0.4196948392680747,0.12,0.18,False,True,True,False,True,30.594013714372565,,30.594013714372565,33.19156693473151,False,True,True,False,0.043066512076339,0.7933327112877177,0.043066512076339,False,left_only,min,none,none,0,moving_average,4,2.0,peak,11,-1,-1,11,False,0.08451042856922047,False,False,False,False,False,False,False,,
frame_000057.jpg,30.95788673308887,,57,True,0.04202183498697176,0.0,1.8214596497756474e-16,0.10012473601118277,False,False,False,False,True,0.4196948392680747,0.12,0.18,False,True,True,False,True,30.95788673308887,,30.95788673308887,33.184767551040196,False,True,True,False,0.1504190731447676,0.7918211202095147,0.1504190731447676,False,left_only,min,none,none,0,moving_average,4,2.0,peak,11,-1,-1,11,False,0.12649029373493442,True,False,False,False,False,False,False,3,
frame_000058.jpg,31.078438946654494,,58,True,0.015630879820022123,0.0,1.8214596497756474e-16,0.03724344060861349,False,False,False,False,False,0.4196948392680747,0.12,0.18,False,True,True,False,True,31.078438946654494,,31.078438946654494,33.17796816734887,False,True,False,False,0.18598529598369662,0.79030952913131,0.18598529598369662,False,left_only,min,none,none,0,moving_average,4,2.0,peak,11,-1,-1,11,False,0.12621745548625504,False,False,False,False,False,False,False,,
frame_000059.jpg,30.59123934710512,,59,True,0.07593509072430558,0.0,0.0,0.18092929342836883,False,False,False,False,True,0.4196948392680747,0.12,0.18,False,True,True,False,True,30.59123934710512,,30.59123934710512,33.171168783657556,False,True,True,False,0.04224799733030093,0.788797938053107,0.04224799733030093,False,left_only,min,none,none,0,moving_average,4,2.0,peak,11,-1,-1,11,False,0.07607776443799918,False,False,False,False,False,False,False,,
frame_000060.jpg,30.448039164731306,33.16436939996624,60,True,0.11119694704784681,0.2339454119902462,0.017666878459525404,1.9495450999187185,False,True,False,True,True,0.4196948392680747,0.12,0.18,False,False,True,True,True,30.448039164731306,33.16436939996624,30.448039164731306,33.16436939996624,False,False,True,True,0.0,0.787286346974904,0.0,False,both,min,none,none,0,moving_average,4,2.0,peak,11,-1,-1,11,False,0.035865188458500855,False,False,False,False,False,False,False,,
frame_000061.jpg,30.66953566759741,,61,True,0.07509394601429839,0.23394541199024593,0.017666878459525408,1.9495450999187163,False,True,False,True,True,0.4196948392680747,0.12,0.18,False,True,True,False,True,30.66953566759741,,30.66953566759741,33.17068410712373,False,True,True,False,0.06534756804520164,0.7886901881808243,0.06534756804520164,False,left_only,min,none,none,0,moving_average,4,2.0,peak,11,-1,-1,11,False,0.13043349897597634,False,False,False,False,False,False,False,,
frame_000062.jpg,31.55286121100161,,62,True,0.14550560315234465,0.0,0.0,0.34669381068897254,False,False,False,False,True,0.4196948392680747,0.12,0.18,False,True,True,False,True,31.55286121100161,,31.55286121100161,33.17699881428123,False,True,True,False,0.32595292888272737,0.7900940293867444,0.32595292888272737,False,left_only,min,none,none,0,moving_average,4,2.0,peak,11,-1,-1,11,False,0.31395891460929054,False,False,False,False,False,False,False,,
frame_000063.jpg,,,63,False,,,,0.0,False,False,False,False,False,0.4196948392680747,0.12,0.18,True,True,False,False,False,,,32.31422511315293,33.18331352143871,True,True,False,False,0.5505762468999427,0.7914978705926631,0.5505762468999427,False,missing,min,none,none,0,moving_average,4,2.0,peak,11,-1,-1,11,False,0.550576246899943,False,False,False,False,False,False,False,,
frame_000064.jpg,,,64,False,,,,0.0,False,False,False,False,False,0.4196948392680747,0.12,0.18,True,True,False,False,False,,,33.07558901530425,33.189628228596206,True,True,False,False,0.7751995649171591,0.7929017117985833,0.7751995649171591,False,missing,min,none,none,0,moving_average,4,2.0,peak,11,-1,-1,11,False,0.7066937882738684,False,False,False,False,False,False,False,,
frame_000065.jpg,33.83695291745558,33.1959429357537,65,True,,,,0.0,False,False,False,False,True,0.4196948392680747,0.12,0.18,False,False,True,True,True,33.83695291745558,33.1959429357537,33.83695291745558,33.1959429357537,False,False,True,True,0.9998228829343755,0.7943055530045036,0.7943055530045036,False,both,min,none,none,0,moving_average,4,2.0,peak,11,-1,-1,11,False,0.8442300815684648,False,False,False,False,False,False,False,,
frame_000066.jpg,33.73768667471403,33.95559085661597,66,True,0.765048579570898,0.010971257715848802,0.011650278389948303,1.822868684554477,True,False,False,True,True,0.4196948392680747,0.12,0.18,False,False,True,True,True,33.73768667471403,33.95559085661597,33.73768667471403,33.95559085661597,False,False,True,True,0.9705366076740105,0.9631851267837316,0.9631851267837316,False,both,min,none,none,0,moving_average,4,2.0,peak,11,-1,-1,11,False,0.906891935523989,False,False,False,False,False,False,False,,
frame_000067.jpg,33.73768667471403,33.95559085661597,67,True,0.0,0.0,0.0,0.0,False,False,False,False,True,0.4196948392680747,0.12,0.18,False,False,True,True,True,33.73768667471403,33.95559085661597,33.73768667471403,33.95559085661597,False,False,True,True,0.9705366076740105,0.9631851267837316,0.9631851267837316,False,both,min,none,none,0,moving_average,4,2.0,peak,11,-1,-1,11,False,0.963686375307026,True,False,False,False,False,False,False,4,
frame_000068.jpg,33.717865693430404,33.991145739908355,68,True,1.2917217053328627,0.08177866370917562,0.004041766353501645,3.0777640906558585,True,False,False,True,True,0.4196948392680747,0.12,0.18,False,False,True,True,True,33.717865693430404,33.991145739908355,33.717865693430404,33.991145739908355,False,False,True,True,0.964688872353615,0.9710894379406323,0.964688872353615,False,both,min,none,none,0,moving_average,4,2.0,peak,11,-1,-1,11,False,0.9413999618917516,False,False,False,False,False,False,False,,
frame_000069.jpg,33.48614838953334,33.88063540281695,69,True,0.47754797377130076,0.08449481272526362,0.009527172087336982,1.1378457133380977,True,False,False,True,True,0.4196948392680747,0.12,0.18,False,False,True,True,True,33.48614838953334,33.88063540281695,33.48614838953334,33.88063540281695,False,False,True,True,0.8963258865379082,0.9465215583826772,0.8963258865379082,False,both,min,none,none,0,moving_average,4,2.0,peak,11,-1,-1,11,False,0.8667430368742545,False,False,False,False,False,False,False,,
frame_000070.jpg,33.11253044609227,,70,True,0.44979452144686893,0.06550469563449057,0.0026063211127631564,1.0717180183375294,True,False,False,True,True,0.4196948392680747,0.12,0.18,False,True,True,False,True,33.11253044609227,,33.11253044609227,32.94813370951922,False,True,True,False,0.7860983043142615,0.7392143517312403,0.7392143517312403,False,left_only,min,none,none,0,moving_average,4,2.0,peak,11,-1,-1,11,False,0.7224824611163173,False,False,False,False,False,False,False,,
frame_000071.jpg,33.28577327131928,,71,True,0.1587058550451462,0.0,0.0,0.3781458340586715,False,False,False,False,True,0.4196948392680747,0.12,0.18,False,True,True,False,True,33.28577327131928,,33.28577327131928,32.01563201622149,False,True,True,False,0.8372097086180508,0.5319071450798035,0.5319071450798035,False,left_only,min,none,none,0,moving_average,4,2.0,peak,11,-1,-1,11,False,0.5319071450798035,False,False,False,False,False,False,False,,
frame_000072.jpg,32.91604031990044,,72,True,0.08614102072575729,0.0,0.0,0.20524679520954464,False,False,False,False,True,0.4196948392680747,0.12,0.18,False,True,True,False,True,32.91604031990044,,32.91604031990044,31.083130322923758,False,True,True,False,0.7281283060281347,0.3245999384283667,0.3245999384283667,False,left_only,min,none,none,0,moving_average,4,2.0,peak,11,-1,-1,11,False,0.3245999384283667,False,False,False,False,False,False,False,,
frame_000073.jpg,33.15277276184957,30.150628629626027,73,True,0.18972269252421223,0.1762302513485241,0.03746183504817975,1.4685854279043675,False,True,False,True,True,0.4196948392680747,0.12,0.18,False,False,True,True,True,33.15277276184957,30.150628629626027,33.15277276184957,30.150628629626027,False,False,True,True,0.7979708956789936,0.11729273177692989,0.11729273177692989,False,both,min,none,none,0,moving_average,4,2.0,peak,11,-1,-1,11,False,0.17457961022664553,False,False,False,False,False,False,False,,
frame_000074.jpg,33.10863820848759,29.991184159291908,74,True,0.12281909547446089,0.006535941379076732,0.016206924081436883,0.29263904147273007,False,False,False,False,True,0.4196948392680747,0.12,0.18,False,False,True,True,True,33.10863820848759,29.991184159291908,33.10863820848759,29.991184159291908,False,False,True,True,0.7849499870341744,0.08184616047464,0.08184616047464,False,both,min,none,none,0,moving_average,4,2.0,peak,11,-1,-1,11,False,0.18191637641363598,False,False,False,False,False,False,False,,
frame_000075.jpg,32.859140416916325,,75,True,0.08707483898008972,0.18276619272760078,0.021254910966742868,1.52305160606334,False,True,False,True,True,0.4196948392680747,0.12,0.18,False,True,True,False,True,32.859140416916325,,32.859140416916325,31.182136242735336,False,True,True,False,0.7113412677051527,0.34661023698933807,0.34661023698933807,False,left_only,min,none,none,0,moving_average,4,2.0,peak,11,-1,-1,11,False,0.3466102369893378,False,False,False,False,False,False,False,,
frame_000076.jpg,32.76714668182182,,76,True,0.07247316281425423,0.0,0.0,0.17268061465955487,False,False,False,False,True,0.4196948392680747,0.12,0.18,False,True,True,False,True,32.76714668182182,,32.76714668182182,32.37308832617876,False,True,True,False,0.6842005824752172,0.6113743135040354,0.6113743135040354,False,left_only,min,none,none,0,moving_average,4,2.0,peak,11,-1,-1,11,False,0.6063719590071681,False,False,False,False,False,False,False,,
frame_000077.jpg,33.36685593236516,33.56404040962219,77,True,0.23684795108940934,0.11957432351619329,0.03251353851887262,0.9964526959682775,False,False,False,False,True,0.4196948392680747,0.12,0.18,False,False,True,True,True,33.36685593236516,33.56404040962219,33.36685593236516,33.56404040962219,False,False,True,True,0.861131326528131,0.8761383900187334,0.861131326528131,False,both,min,none,none,0,moving_average,4,2.0,peak,11,-1,-1,11,False,0.786279900424574,False,False,False,False,False,False,False,,
frame_000078.jpg,33.45228095687142,33.95268343852948,78,True,0.20890391164597658,0.1549326421348096,0.0007294524111020746,1.2911053511234134,False,True,False,True,True,0.4196948392680747,0.12,0.18,False,False,True,True,True,33.45228095687142,33.95268343852948,33.45228095687142,33.95268343852948,False,False,True,True,0.8863340612415554,0.9625387700785272,0.8863340612415554,False,both,min,none,none,0,moving_average,4,2.0,peak,11,-1,-1,11,False,0.8962599617590054,False,False,False,False,False,False,False,,
frame_000079.jpg,33.63863792046183,33.98839077175344,79,True,0.22803207657974256,0.02405074063771811,0.003427326231934806,0.5433282834199683,False,False,False,False,True,0.4196948392680747,0.12,0.18,False,False,True,True,True,33.63863792046183,33.98839077175344,33.63863792046183,33.98839077175344,False,False,True,True,0.9413144975073299,0.970476972830151,0.9413144975073299,False,both,min,none,none,0,moving_average,4,2.0,peak,11,-1,-1,11,False,0.9207635071269827,False,False,False,False,False,False,False,,
frame_000080.jpg,33.61602126946265,33.97375223786815,80,True,0.2657854130336868,0.005509502527216512,0.04169124929393045,0.6332825380869641,False,False,False,False,False,0.4196948392680747,0.12,0.18,False,False,True,True,True,33.61602126946265,33.97375223786815,33.61602126946265,33.97375223786815,False,False,False,False,0.9346419626320632,0.9672226371103949,0.9346419626320632,False,both,min,none,none,0,moving_average,4,2.0,peak,11,-1,-1,11,False,0.9246235643828915,False,False,False,False,False,False,False,,
frame_000081.jpg,33.491532112283444,33.97335105091413,81,True,0.2430825850455171,0.027808928793770865,0.007826539449638749,0.5791888827354659,False,False,False,False,False,0.4196948392680747,0.12,0.18,False,False,True,True,True,33.491532112283444,33.97335105091413,33.491532112283444,33.97335105091413,False,False,False,False,0.8979142330092814,0.9671334480532816,0.8979142330092814,False,both,min,none,none,0,moving_average,4,2.0,peak,11,-1,-1,11,False,0.9029821336007344,False,False,False,False,False,False,False,,
frame_000082.jpg,33.41857611654202,33.967929459924605,82,True,0.23307776845639597,0.005889030135484029,0.0005002752758201771,0.5553505705785449,False,False,False,False,False,0.4196948392680747,0.12,0.18,False,False,True,True,True,33.41857611654202,33.967929459924605,33.41857611654202,33.967929459924605,False,False,False,False,0.8763902051608592,0.9659281581415058,0.8763902051608592,False,both,min,none,none,0,moving_average,4,2.0,peak,11,-1,-1,11,False,0.9056401723500268,False,False,False,False,False,False,False,,
frame_000083.jpg,33.64304964886815,34.12119017256466,83,True,0.16470981748332106,0.05176535006853903,0.01876995568138392,0.43137791723782526,False,False,False,False,False,0.4196948392680747,0.12,0.18,False,False,True,True,True,33.64304964886815,34.12119017256466,33.64304964886815,34.12119017256466,False,False,False,False,0.9426160788799399,1.0,0.9426160788799399,False,both,min,none,none,0,moving_average,4,2.0,peak,11,-1,-1,11,False,0.9117029725787665,False,False,False,False,False,False,False,,
frame_000084.jpg,33.55318195274787,34.06146511015505,84,True,0.13172912685268698,0.09985801490396905,0.03577907314829766,0.8321501241997421,False,False,False,False,False,0.4196948392680747,0.12,0.18,False,False,True,True,True,33.55318195274787,34.06146511015505,33.55318195274787,34.06146511015505,False,False,False,False,0.9161026336955004,0.986722344909173,0.9161026336955004,False,both,min,none,none,0,moving_average,4,2.0,peak,11,-1,-1,11,False,0.924940508357651,True,False,False,False,False,False,False,5,
frame_000085.jpg,33.55318255879981,33.98362128514647,85,True,0.1257129837248413,0.005925169836587349,0.002267472142126855,0.2995342614745466,False,False,False,False,False,0.4196948392680747,0.12,0.18,False,False,True,True,True,33.55318255879981,33.98362128514647,33.55318255879981,33.98362128514647,False,False,False,False,0.9161028124975128,0.9694166541704011,0.9161028124975128,False,both,min,none,none,0,moving_average,4,2.0,peak,11,-1,-1,11,False,0.9228670766289133,False,False,False,False,False,False,False,,
frame_000086.jpg,33.62196587066866,33.936983725251594,86,True,0.15584927750219413,0.017494051955087738,0.010262925247256055,0.3713395136666129,False,False,False,False,False,0.4196948392680747,0.12,0.18,False,False,True,True,True,33.62196587066866,33.936983725251594,33.62196587066866,33.936983725251594,False,False,False,False,0.9363957836937267,0.9590485204325905,0.9363957836937267,False,both,min,none,none,0,moving_average,4,2.0,peak,11,-1,-1,11,False,0.9107580819313738,False,False,False,False,False,False,False,,
frame_000087.jpg,33.43005112819107,33.62871746646208,87,True,0.18885467998243186,0.008023462696906862,0.019195847997625817,0.44998094403968436,False,False,False,False,False,0.4196948392680747,0.12,0.18,False,False,True,True,True,33.43005112819107,33.62871746646208,33.43005112819107,33.62871746646208,False,False,False,False,0.8797756496028821,0.8905169376227569,0.8797756496028821,False,both,min,none,none,0,moving_average,4,2.0,peak,11,-1,-1,11,False,0.8841403217562662,False,False,False,False,False,False,False,,
frame_000088.jpg,33.40730795103331,33.38461380756172,88,True,0.12413592517610299,0.07523501095125365,0.039916430839319346,0.6269584245937805,False,False,False,False,False,0.4196948392680747,0.12,0.18,False,False,True,True,True,33.40730795103331,33.38461380756172,33.40730795103331,33.38461380756172,False,False,False,False,0.873065786026485,0.8362495319721902,0.8362495319721902,False,both,min,none,none,0,moving_average,4,2.0,peak,11,-1,-1,11,False,0.8368726981442685,False,False,False,False,False,False,False,,
frame_000089.jpg,33.305500575052015,33.19723552733337,89,True,0.13034328161049888,0.024016974497629663,0.04762531060101085,0.31056679619365957,False,False,False,False,False,0.4196948392680747,0.12,0.18,False,False,True,True,True,33.305500575052015,33.19723552733337,33.305500575052015,33.19723552733337,False,False,False,False,0.843029806481188,0.7945929128577334,0.7945929128577334,False,both,min,none,none,0,moving_average,4,2.0,peak,11,-1,-1,11,False,0.7983567438170347,False,False,False,False,False,False,False,,
frame_000090.jpg,33.11397434606973,33.06064822730576,90,True,0.0819322956541519,0.01409059128521702,0.012875793675111795,0.19521873511010387,False,False,False,False,False,0.4196948392680747,0.12,0.18,False,False,True,True,True,33.11397434606973,33.06064822730576,33.11397434606973,33.06064822730576,False,False,False,False,0.7865242945705706,0.7642277866211805,0.7642277866211805,False,both,min,none,none,0,moving_average,4,2.0,peak,11,-1,-1,11,False,0.7555078608192782,False,False,False,False,False,False,False,,
frame_000091.jpg,33.01180709713552,32.806389973522414,91,True,0.034205656964427095,0.017180825043941576,0.011019007986299532,0.14317354203284646,False,False,False,False,False,0.4196948392680747,0.12,0.18,False,False,True,True,True,33.01180709713552,32.806389973522414,33.01180709713552,32.806389973522414,False,False,False,False,0.7563821425937711,0.707702882978921,0.707702882978921,False,both,min,none,none,0,moving_average,4,2.0,peak,11,-1,-1,11,False,0.7110048148536767,False,False,False,False,False,False,False,,
frame_000092.jpg,33.07047733421661,32.59668960724474,92,True,0.042993465701650316,0.009364142015808248,0.01040515163731337,0.10243982455592882,False,False,False,False,False,0.4196948392680747,0.12,0.18,False,False,True,True,True,33.07047733421661,32.59668960724474,33.07047733421661,32.59668960724474,False,False,False,False,0.7736914782278541,0.6610837749609288,0.6610837749609288,False,both,min,none,none,0,moving_average,4,2.0,peak,11,-1,-1,11,False,0.721655975888263,False,False,False,False,False,False,False,,
frame_000093.jpg,33.23555145894766,33.20438021608855,93,True,0.13262859566153573,0.009341598303697076,0.010375785494797778,0.31601197644658413,False,False,False,False,False,0.4196948392680747,0.12,0.18,False,False,True,True,True,33.23555145894766,33.20438021608855,33.23555145894766,33.20438021608855,False,False,False,False,0.8223928909309041,0.7961812697249395,0.7961812697249395,False,both,min,none,none,0,moving_average,4,2.0,peak,11,-1,-1,11,False,0.7693346139060009,False,False,False,False,False,False,False,,
frame_000094.jpg,33.33163030717122,33.69417992867358,94,True,0.1203052889208861,0.07697270991306206,0.029000987374213052,0.6414392492755172,False,False,False,False,False,0.4196948392680747,0.12,0.18,False,False,True,True,True,33.33163030717122,33.69417992867358,33.33163030717122,33.69417992867358,False,False,False,False,0.8507387970321342,0.9050700910155393,0.8507387970321342,False,both,min,none,none,0,moving_average,4,2.0,peak,11,-1,-1,11,False,0.8411654918957687,False,False,False,False,False,False,False,,
frame_000095.jpg,33.419207256842576,33.76398283834602,95,True,0.23667123773650908,0.00841841517999011,0.01611870548178947,0.5639126708092266,False,False,False,False,False,0.4196948392680747,0.12,0.18,False,False,True,True,True,33.419207256842576,33.76398283834602,33.419207256842576,33.76398283834602,False,False,False,False,0.8765764089302323,0.9205881821078584,0.8765764089302323,False,both,min,none,none,0,moving_average,4,2.0,peak,11,-1,-1,11,False,0.8743677733327766,False,False,False,False,False,False,False,,
frame_000096.jpg,33.484325602058895,33.81118868681726,96,True,0.28589080907173453,0.008021102262702596,0.013383862732011056,0.6811873349939512,False,False,False,False,False,0.4196948392680747,0.12,0.18,False,False,True,True,True,33.484325602058895,33.81118868681726,33.484325602058895,33.81118868681726,False,False,False,False,0.8957881140359637,0.9310826537581742,0.8957881140359637,False,both,min,none,none,0,moving_average,4,2.0,peak,11,-1,-1,11,False,0.880083571085952,False,False,False,False,False,False,False,,
frame_000097.jpg,33.389751638291415,33.7800326787845,97,True,0.30928221485618207,0.019468136865900522,0.0038397731159933385,0.7369216533506908,False,False,False,False,True,0.4196948392680747,0.12,0.18,False,False,True,True,True,33.389751638291415,33.7800326787845,33.389751638291415,33.7800326787845,False,False,True,True,0.8678861902916604,0.9241562695573694,0.8678861902916604,False,both,min,none,none,0,moving_average,4,2.0,peak,11,-1,-1,11,False,0.8818798284630868,False,False,False,False,False,False,False,,
frame_000098.jpg,33.43747257592871,33.98040580788453,98,True,0.43444757055788014,0.04598506496770291,0.019334398082314085,1.0351510905293317,True,False,False,True,True,0.4196948392680747,0.12,0.18,False,False,True,True,True,33.43747257592871,33.98040580788453,33.43747257592871,33.98040580788453,False,False,True,True,0.8819651810616367,0.9687018119196954,0.8819651810616367,False,both,min,none,none,0,moving_average,4,2.0,peak,11,-1,-1,11,False,0.8969911113467304,False,False,False,False,False,False,False,,
frame_000099.jpg,33.68350679448719,33.85634713898487,99,True,0.46777026076790573,0.0773068926069703,0.010707993654502389,1.1145485171646903,True,False,False,True,True,0.4196948392680747,0.12,0.18,False,False,True,True,True,33.68350679448719,33.85634713898487,33.68350679448719,33.85634713898487,False,False,True,True,0.9545520509699952,0.941121962686894,0.941121962686894,False,both,min,none,none,0,moving_average,4,2.0,peak,11,-1,-1,11,False,0.9247040786330196,False,False,False,False,False,False,False,,
frame_000100.jpg,33.67155211786136,33.93472982697555,100,True,0.35804433586222506,0.008793430904288956,0.016659108736410667,0.8531063581497337,False,False,False,False,True,0.4196948392680747,0.12,0.18,False,False,True,True,True,33.67155211786136,33.93472982697555,33.67155211786136,33.93472982697555,False,False,True,True,0.9510250921505286,0.9585474496473664,0.9510250921505286,False,both,min,none,none,0,moving_average,4,2.0,peak,11,-1,-1,11,False,0.9445507519331494,True,False,False,False,False,False,False,6,
frame_000101.jpg,33.676111738682096,33.85807100737454,101,True,0.2666760803371408,0.08732987622676328,0.002503200729185827,0.7277489685563606,False,False,False,False,False,0.4196948392680747,0.12,0.18,False,False,True,True,True,33.676111738682096,33.85807100737454,33.676111738682096,33.85807100737454,False,False,False,False,0.9523703058581394,0.9415052009620256,0.9415052009620256,False,both,min,none,none,0,moving_average,4,2.0,peak,11,-1,-1,11,False,0.8701406637329362,False,False,False,False,False,False,False,,
frame_000102.jpg,33.29308915357856,32.85222092891347,102,True,0.03813251832589467,0.0493053229317517,0.013990375728273214,0.4108776910979309,False,False,False,False,False,0.4196948392680747,0.12,0.18,False,False,True,True,True,33.29308915357856,32.85222092891347,33.29308915357856,32.85222092891347,False,False,False,False,0.8393680953535664,0.7178916980862545,0.7178916980862545,False,both,min,none,none,0,moving_average,4,2.0,peak,11,-1,-1,11,False,0.7063417957676315,False,False,False,False,False,False,False,,
frame_000103.jpg,33.181362552448256,31.69051080617065,103,True,0.016700491166187763,0.0670254970849225,0.008473808085719212,0.5585458090410209,False,False,False,False,False,0.4196948392680747,0.12,0.18,False,False,True,True,True,33.181362552448256,31.69051080617065,33.181362552448256,31.69051080617065,False,False,False,False,0.8064056712279113,0.4596284882546145,0.4596284882546145,False,both,min,none,none,0,moving_average,4,2.0,peak,11,-1,-1,11,False,0.45068236923211397,False,False,False,False,False,False,False,,
frame_000104.jpg,33.09090608959001,30.40807736746104,104,True,0.022714832662845744,0.0462159229288002,0.007455749922909165,0.38513269107333503,False,False,False,False,False,0.4196948392680747,0.12,0.18,False,False,True,True,True,33.09090608959001,30.40807736746104,33.09090608959001,30.40807736746104,False,False,False,False,0.7797185236419693,0.1745269213554728,0.1745269213554728,False,both,min,none,none,0,moving_average,4,2.0,peak,11,-1,-1,11,False,0.2504251716572745,False,False,False,False,False,False,False,,
frame_000105.jpg,32.91707804666165,30.14985212780018,105,True,0.08246529163038487,0.011062591161289723,0.024058068170702974,0.19648869586816914,False,False,False,False,False,0.4196948392680747,0.12,0.18,False,False,True,True,True,32.91707804666165,30.14985212780018,32.91707804666165,30.14985212780018,False,False,False,False,0.7284344640002159,0.1171201053617362,0.1171201053617362,False,both,min,none,none,0,moving_average,4,2.0,peak,11,-1,-1,11,False,0.11391188286359095,False,False,False,False,False,False,False,,
frame_000106.jpg,32.85153900294796,29.848333560903093,106,True,0.09914351774389926,0.011679925466101663,0.01239853462098003,0.23622763128753319,False,False,False,False,False,0.4196948392680747,0.12,0.18,False,False,True,True,True,32.85153900294796,29.848333560903093,32.85153900294796,29.848333560903093,False,False,False,False,0.7090986412523195,0.0500886218735639,0.0500886218735639,False,both,min,none,none,0,moving_average,4,2.0,peak,11,-1,-1,11,False,0.055736242411766695,False,False,False,False,False,False,False,,
frame_000107.jpg,32.76252359317737,29.6230267543212,107,True,0.1697072696436884,0.055749107738954876,0.008512274386471841,0.464575897824624,False,False,False,False,True,0.4196948392680747,0.12,0.18,False,False,True,True,True,32.76252359317737,29.6230267543212,32.76252359317737,29.6230267543212,False,False,True,True,0.6828366440117966,0.0,0.0,False,both,min,none,none,0,moving_average,4,2.0,peak,11,-1,-1,11,False,0.01704441409328227,False,False,False,False,False,False,False,,
frame_000108.jpg,33.2517627126656,,108,True,0.22478144300733155,0.34774289081988063,0.002808111867632316,2.8978574234990053,False,True,False,True,True,0.4196948392680747,0.12,0.18,False,True,True,False,True,33.2517627126656,,33.2517627126656,29.62772562761869,False,True,True,False,0.8271756572126434,0.001044620406282911,0.001044620406282911,False,left_only,min,none,none,0,moving_average,4,2.0,peak,11,-1,-1,11,False,0.0010446204062826477,False,False,False,False,False,False,False,,
frame_000109.jpg,,,109,True,0.2344755159502839,0.39098419797016015,0.009564273783425517,3.2582016497513346,False,True,False,True,True,0.4196948392680747,0.12,0.18,True,True,False,False,False,,,33.248007299444,29.63242450091618,True,True,False,False,0.8260677068935135,0.002089240812565032,0.002089240812565032,False,missing,min,none,none,0,moving_average,4,2.0,peak,11,-1,-1,11,False,0.0020892408125652955,False,False,False,False,False,False,False,,
frame_000110.jpg,,,110,True,0.06063317406511311,0.05960090960144653,0.04037542575047015,0.4966742466787211,False,False,False,False,True,0.4196948392680747,0.12,0.18,True,True,False,False,False,,,33.24425188622239,29.637123374213672,True,True,False,False,0.8249597565743837,0.003133861218847943,0.003133861218847943,False,missing,min,none,none,0,moving_average,4,2.0,peak,11,-1,-1,11,False,0.003133861218847943,False,False,False,False,False,False,False,,
frame_000111.jpg,,,111,True,0.0,0.0,0.0,0.0,False,False,False,False,False,0.4196948392680747,0.12,0.18,True,True,False,False,False,,,33.240496473000796,29.641822247511165,True,True,False,False,0.8238518062552559,0.004178481625130854,0.004178481625130854,False,missing,min,none,none,0,moving_average,4,2.0,peak,11,-1,-1,11,False,0.004178481625130854,False,False,False,False,False,False,False,,
frame_000112.jpg,,,112,True,0.0657100295333083,0.016854772279076564,0.021788359891645757,0.15656620807609423,False,False,False,False,False,0.4196948392680747,0.12,0.18,True,True,False,False,False,,,33.23674105977919,29.646521120808657,True,True,False,False,0.8227438559361261,0.005223102031413765,0.005223102031413765,False,missing,min,none,none,0,moving_average,4,2.0,peak,11,-1,-1,11,False,0.0052231020314135014,False,False,False,False,False,False,False,,
frame_000113.jpg,,,113,True,0.023418564259580704,0.023195514735282634,0.015264502627676911,0.19329595612735528,False,False,False,False,False,0.4196948392680747,0.12,0.18,True,True,False,False,False,,,33.23298564655759,29.651219994106146,True,True,False,False,0.8216359056169962,0.006267722437695886,0.006267722437695886,False,missing,min,none,none,0,moving_average,4,2.0,peak,11,-1,-1,11,False,0.006267722437696149,False,False,False,False,False,False,False,,
frame_000114.jpg,,,114,True,0.00951023889247571,0.027225609479127978,0.003322563231147482,0.22688007899273316,False,False,False,False,False,0.4196948392680747,0.12,0.18,True,True,False,False,False,,,33.22923023333598,29.65591886740364,True,True,False,False,0.8205279552978664,0.007312342843978797,0.007312342843978797,False,missing,min,none,none,0,moving_average,4,2.0,peak,11,-1,-1,11,False,0.007312342843978797,False,False,False,False,False,False,False,,
frame_000115.jpg,,,115,True,0.030173440859347776,0.022692333036927706,0.0,0.1891027753077309,False,False,False,False,False,0.4196948392680747,0.12,0.18,True,True,False,False,False,,,33.225474820114385,29.66061774070113,True,True,False,False,0.8194200049787386,0.008356963250261707,0.008356963250261707,False,missing,min,none,none,0,moving_average,4,2.0,peak,11,-1,-1,11,False,0.008356963250261445,False,False,False,False,False,False,False,,
frame_000116.jpg,,,116,True,0.016650456972728767,0.0008611513129220148,0.0,0.03967277034372467,False,False,False,False,False,0.4196948392680747,0.12,0.18,True,True,False,False,False,,,33.22171940689278,29.66531661399862,True,True,False,False,0.8183120546596087,0.00940158365654383,0.00940158365654383,False,missing,min,none,none,0,moving_average,4,2.0,peak,11,-1,-1,11,False,0.009401583656544091,False,False,False,False,False,False,False,,
frame_000117.jpg,,,117,True,0.04729719263085329,0.038375688891374875,0.015306656020523463,0.31979740742812396,False,False,False,False,False,0.4196948392680747,0.12,0.18,True,True,False,False,False,,,33.21796399367118,29.670015487296112,True,True,False,False,0.8172041043404789,0.010446204062826741,0.010446204062826741,False,missing,min,none,none,0,moving_average,4,2.0,peak,11,-1,-1,11,False,0.010446204062826741,False,False,False,False,False,False,False,,
frame_000118.jpg,,,118,True,0.0,0.0,0.0,0.0,False,False,False,False,False,0.4196948392680747,0.12,0.18,True,True,False,False,False,,,33.21420858044957,29.674714360593605,True,True,False,False,0.8160961540213489,0.01149082446910965,0.01149082446910965,False,missing,min,none,none,0,moving_average,4,2.0,peak,11,-1,-1,11,False,0.01149082446910965,False,False,False,False,False,False,False,,
frame_000119.jpg,,,119,True,0.025537652138395157,0.0016803893732620476,0.0027420653048366994,0.06084814429200858,False,False,False,False,False,0.4196948392680747,0.12,0.18,True,True,False,False,False,,,33.210453167227975,29.679413233891097,True,True,False,False,0.8149882037022212,0.012535444875392562,0.012535444875392562,False,missing,min,none,none,0,moving_average,4,2.0,peak,11,-1,-1,11,False,0.0125354448753923,False,False,False,False,False,False,False,,
frame_000120.jpg,,,120,True,0.026720631825197468,0.051395860556463384,0.009891069565111762,0.4282988379705282,False,False,False,False,False,0.4196948392680747,0.12,0.18,True,True,False,False,False,,,33.20669775400637,29.684112107188586,True,True,False,False,0.8138802533830913,0.013580065281674684,0.013580065281674684,False,missing,min,none,none,0,moving_average,4,2.0,peak,11,-1,-1,11,False,0.013580065281674946,False,False,False,False,False,False,False,,
frame_000121.jpg,,,121,True,0.017714403612116028,0.0295676439759049,0.013537936514748723,0.24639703313254083,False,False,False,False,False,0.4196948392680747,0.12,0.18,True,True,False,False,False,,,33.202942340784766,29.68881098048608,True,True,False,False,0.8127723030639615,0.014624685687957594,0.014624685687957594,False,missing,min,none,none,0,moving_average,4,2.0,peak,11,-1,-1,11,False,0.014624685687957592,False,False,False,False,False,False,False,,
frame_000122.jpg,,,122,True,0.0,0.0,0.0,0.0,False,False,False,False,False,0.4196948392680747,0.12,0.18,True,True,False,False,False,,,33.19918692756316,29.69350985378357,True,True,False,False,0.8116643527448316,0.015669306094240505,0.015669306094240505,False,missing,min,none,none,0,moving_average,4,2.0,peak,11,-1,-1,11,False,0.015669306094240505,False,False,False,False,False,False,False,,
frame_000123.jpg,,,123,True,0.005011820284416072,0.009229961148465046,0.002197438264512439,0.07691634290387539,False,False,False,False,False,0.4196948392680747,0.12,0.18,True,True,False,False,False,,,33.195431514341564,29.698208727081063,True,True,False,False,0.8105564024257039,0.016713926500523415,0.016713926500523415,False,missing,min,none,none,0,moving_average,4,2.0,peak,11,-1,-1,11,False,0.01671392650052315,False,False,False,False,False,False,False,,
frame_000124.jpg,,,124,True,0.008257411567660078,0.007861769452129543,0.004447738078524197,0.06551474543441287,False,False,False,False,False,0.4196948392680747,0.12,0.18,True,True,False,False,False,,,33.19167610111996,29.702907600378552,True,True,False,False,0.809448452106574,0.017758546906805537,0.017758546906805537,False,missing,min,none,none,0,moving_average,4,2.0,peak,11,-1,-1,11,False,0.017758546906805797,False,False,False,False,False,False,False,,
frame_000125.jpg,33.187920687898355,29.707606473676044,125,True,0.02691156709708963,0.02184939472564139,0.0012162526922467895,0.1820782893803449,False,False,False,False,False,0.4196948392680747,0.12,0.18,False,False,True,True,True,33.187920687898355,29.707606473676044,33.187920687898355,29.707606473676044,False,False,False,False,0.8083405017874442,0.018803167313088447,0.018803167313088447,False,both,min,none,none,0,moving_average,4,2.0,peak,11,-1,-1,11,False,0.01988779402487445,False,False,False,False,False,False,False,,
frame_000126.jpg,33.34449237539631,,126,True,0.029996481637803017,0.02249074308356961,0.026488854798468634,0.18742285902974676,False,False,False,False,False,0.4196948392680747,0.12,0.18,False,True,True,False,True,33.34449237539631,,33.34449237539631,29.726941831565753,False,True,False,False,0.8545334613616616,0.023101667854729363,0.023101667854729363,False,left_only,min,none,none,0,moving_average,4,2.0,peak,11,-1,-1,11,False,0.023101667854729363,False,False,False,False,False,False,False,,
frame_000127.jpg,33.345633197429585,,127,True,0.010785337946648448,0.0135331113485607,0.019454768462542946,0.1127759279046725,False,False,False,False,False,0.4196948392680747,0.12,0.18,False,True,True,False,True,33.345633197429585,,33.345633197429585,29.746277189455462,False,True,False,False,0.8548700352781003,0.027400168396370276,0.027400168396370276,False,left_only,min,none,none,0,moving_average,4,2.0,peak,11,-1,-1,11,False,0.027400168396370276,False,False,False,False,False,False,False,,
frame_000128.jpg,,,128,True,0.027848025017831943,0.0268721981498947,0.00043032717602088395,0.22393498458245584,False,False,False,False,False,0.4196948392680747,0.12,0.18,True,True,False,False,False,,,33.32086942520099,29.76561254734517,True,True,False,False,0.8475640405114818,0.03169866893801119,0.03169866893801119,False,missing,min,none,none,0,moving_average,4,2.0,peak,11,-1,-1,11,False,0.03169866893801119,False,False,False,False,False,False,False,,
frame_000129.jpg,33.29610565297239,29.78494790523488,129,True,0.027119310957429407,0.026169111077517165,0.0004080968327853218,0.2180759256459764,False,False,False,False,False,0.4196948392680747,0.12,0.18,False,False,True,True,True,33.29610565297239,29.78494790523488,33.29610565297239,29.78494790523488,False,False,False,False,0.8402580457448634,0.0359971694796521,0.0359971694796521,False,both,min,none,none,0,moving_average,4,2.0,peak,11,-1,-1,11,False,0.07526921334216902,False,False,False,False,False,False,False,,
frame_000130.jpg,33.23254859532934,30.334239476310668,130,True,0.16757735562948434,0.018521249036450242,0.0125451335513368,0.39928381278580943,False,False,False,False,True,0.4196948392680747,0.12,0.18,False,False,True,True,True,33.23254859532934,30.334239476310668,33.23254859532934,30.334239476310668,False,False,True,True,0.8215069634688922,0.1581118016088438,0.1581118016088438,False,both,min,none,none,0,moving_average,4,2.0,peak,11,-1,-1,11,False,0.09675381028482925,False,False,False,False,False,False,False,,
frame_000131.jpg,33.16388582814114,30.05553623141471,131,True,0.20823717595153823,0.12160946807887654,0.007095587202489551,1.013412233990638,False,True,False,True,True,0.4196948392680747,0.12,0.18,False,False,True,True,True,33.16388582814114,30.05553623141471,33.16388582814114,30.05553623141471,False,False,True,True,0.8012495562730991,0.09615245976599189,0.09615245976599189,False,both,min,none,none,0,moving_average,4,2.0,peak,11,-1,-1,11,False,0.1511397687967011,False,False,False,False,False,False,False,,
frame_000132.jpg,33.38107793697696,30.518858692367505,132,True,0.2616244472073953,0.142437142715985,0.011358833683798295,1.1869761892998751,False,True,False,True,True,0.4196948392680747,0.12,0.18,False,False,True,True,True,33.38107793697696,30.518858692367505,33.38107793697696,30.518858692367505,False,False,True,True,0.8653272095424569,0.19915504501526765,0.19915504501526765,False,both,min,none,none,0,moving_average,4,2.0,peak,11,-1,-1,11,False,0.16327980948282006,False,False,False,False,False,False,False,,
frame_000133.jpg,33.28592031017469,30.49806313704153,133,True,0.2134497149079826,0.06520690167943426,0.0055594157548514486,0.5433908473286189,False,False,False,False,True,0.4196948392680747,0.12,0.18,False,False,True,True,True,33.28592031017469,30.49806313704153,33.28592031017469,30.49806313704153,False,False,True,True,0.8372530891296383,0.1945319236672007,0.1945319236672007,False,both,min,none,none,0,moving_average,4,2.0,peak,11,-1,-1,11,False,0.23430369764694,False,False,False,False,False,False,False,,
frame_000134.jpg,33.251803915703604,31.013967398098487,134,True,0.29632266644941885,0.07463838338490768,0.04668173153484517,0.7060431502235998,False,False,False,False,True,0.4196948392680747,0.12,0.18,False,False,True,True,True,33.251803915703604,31.013967398098487,33.251803915703604,31.013967398098487,False,False,True,True,0.8271878132435272,0.30922412425835166,0.30922412425835166,False,both,min,none,none,0,moving_average,4,2.0,peak,11,-1,-1,11,False,0.2957126630175077,False,False,False,False,False,False,False,,
frame_000135.jpg,,31.347541377113707,135,True,0.30599233139258936,0.1971552875151679,0.037535178477549565,1.642960729293066,False,True,False,True,True,0.4196948392680747,0.12,0.18,True,False,False,True,True,,31.347541377113707,33.25768882697476,31.347541377113707,True,False,False,True,0.8289240241306314,0.3833819411269708,0.3833819411269708,False,right_only,min,none,none,0,moving_average,4,2.0,peak,11,-1,-1,11,False,0.3923823145455745,False,False,False,False,False,False,False,,
frame_000136.jpg,,31.80257080751521,136,True,0.5105524779102276,0.10193893766525669,0.04707865969731373,1.2164850032480832,True,False,False,True,True,0.4196948392680747,0.12,0.18,True,False,False,True,True,,31.80257080751521,33.26357373824591,31.80257080751521,True,False,False,True,0.8306602350177356,0.4845408782514011,0.4845408782514011,False,right_only,min,none,none,0,moving_average,4,2.0,peak,11,-1,-1,11,False,0.4506306836083615,False,False,False,False,False,False,False,,
frame_000137.jpg,,,137,False,,,,0.0,False,False,False,False,True,0.4196948392680747,0.12,0.18,True,True,False,False,False,,,33.26945864951706,31.799999446770205,True,True,False,False,0.8323964459048397,0.48396923144671267,0.48396923144671267,False,missing,min,none,none,0,moving_average,4,2.0,peak,11,-1,-1,11,False,0.4839692314467126,False,False,False,False,False,False,False,,
frame_000138.jpg,,,138,False,,,,0.0,False,False,False,False,False,0.4196948392680747,0.12,0.18,True,True,False,False,False,,,33.275343560788215,31.7974280860252,True,True,False,False,0.8341326567919439,0.48339758464202426,0.48339758464202426,False,missing,min,none,none,0,moving_average,4,2.0,peak,11,-1,-1,11,False,0.48339758464202426,False,False,False,False,False,False,False,,
frame_000139.jpg,,,139,False,,,,0.0,False,False,False,False,False,0.4196948392680747,0.12,0.18,True,True,False,False,False,,,33.28122847205937,31.794856725280194,True,True,False,False,0.8358688676790481,0.4828259378373359,0.4828259378373359,False,missing,min,none,none,0,moving_average,4,2.0,peak,11,-1,-1,11,False,0.48282593783733585,False,False,False,False,False,False,False,,
frame_000140.jpg,,,140,False,,,,0.0,False,False,False,False,False,0.4196948392680747,0.12,0.18,True,True,False,False,False,,,33.28711338333052,31.79228536453519,True,True,False,False,0.8376050785661523,0.4822542910326475,0.4822542910326475,False,missing,min,none,none,0,moving_average,4,2.0,peak,11,-1,-1,11,False,0.4822542910326475,False,False,False,False,False,False,False,,
frame_000141.jpg,,,141,False,,,,0.0,False,False,False,False,False,0.4196948392680747,0.12,0.18,True,True,False,False,False,,,33.292998294601674,31.789714003790184,True,True,False,False,0.8393412894532565,0.4816826442279591,0.4816826442279591,False,missing,min,none,none,0,moving_average,4,2.0,peak,11,-1,-1,11,False,0.48168264422795903,False,False,False,False,False,False,False,,
frame_000142.jpg,,,142,False,,,,0.0,False,False,False,False,False,0.4196948392680747,0.12,0.18,True,True,False,False,False,,,33.298883205872826,31.78714264304518,True,True,False,False,0.8410775003403607,0.48111099742327074,0.48111099742327074,False,missing,min,none,none,0,moving_average,4,2.0,peak,11,-1,-1,11,False,0.4811109974232707,False,False,False,False,False,False,False,,
frame_000143.jpg,,,143,False,,,,0.0,False,False,False,False,False,0.4196948392680747,0.12,0.18,True,True,False,False,False,,,33.30476811714398,31.784571282300174,True,True,False,False,0.8428137112274648,0.48053935061858233,0.48053935061858233,False,missing,min,none,none,0,moving_average,4,2.0,peak,11,-1,-1,11,False,0.48053935061858233,False,False,False,False,False,False,False,,
frame_000144.jpg,,,144,False,,,,0.0,False,False,False,False,False,0.4196948392680747,0.12,0.18,True,True,False,False,False,,,33.31065302841514,31.78199992155517,True,True,False,False,0.844549922114571,0.4799677038138939,0.4799677038138939,False,missing,min,none,none,0,moving_average,4,2.0,peak,11,-1,-1,11,False,0.479967703813894,False,False,False,False,False,False,False,,
frame_000145.jpg,,,145,False,,,,0.0,False,False,False,False,False,0.4196948392680747,0.12,0.18,True,True,False,False,False,,,33.31653793968629,31.779428560810164,True,True,False,False,0.8462861330016752,0.47939605700920557,0.47939605700920557,False,missing,min,none,none,0,moving_average,4,2.0,peak,11,-1,-1,11,False,0.4793960570092055,False,False,False,False,False,False,False,,
frame_000146.jpg,,,146,False,,,,0.0,False,False,False,False,False,0.4196948392680747,0.12,0.18,True,True,False,False,False,,,33.322422850957444,31.77685720006516,True,True,False,False,0.8480223438887794,0.47882441020451716,0.47882441020451716,False,missing,min,none,none,0,moving_average,4,2.0,peak,11,-1,-1,11,False,0.4788244102045171,False,False,False,False,False,False,False,,
frame_000147.jpg,,,147,False,,,,0.0,False,False,False,False,False,0.4196948392680747,0.12,0.18,True,True,False,False,False,,,33.3283077622286,31.774285839320154,True,True,False,False,0.8497585547758836,0.47825276339982875,0.47825276339982875,False,missing,min,none,none,0,moving_average,4,2.0,peak,11,-1,-1,11,False,0.47825276339982875,False,False,False,False,False,False,False,,
frame_000148.jpg,,,148,False,,,,0.0,False,False,False,False,False,0.4196948392680747,0.12,0.18,True,True,False,False,False,,,33.33419267349975,31.77171447857515,True,True,False,False,0.8514947656629878,0.4776811165951404,0.4776811165951404,False,missing,min,none,none,0,moving_average,4,2.0,peak,11,-1,-1,11,False,0.47768111659514034,False,False,False,False,False,False,False,,
frame_000149.jpg,,,149,False,,,,0.0,False,False,False,False,False,0.4196948392680747,0.12,0.18,True,True,False,False,False,,,33.3400775847709,31.769143117830144,True,True,False,False,0.853230976550092,0.477109469790452,0.477109469790452,False,missing,min,none,none,0,moving_average,4,2.0,peak,11,-1,-1,11,False,0.477109469790452,False,False,False,False,False,False,False,,
frame_000150.jpg,,31.76657175708514,150,True,,,,0.0,False,False,False,False,True,0.4196948392680747,0.12,0.18,True,False,False,True,True,,31.76657175708514,33.345962496042056,31.76657175708514,True,False,False,True,0.8549671874371961,0.4765378229857636,0.4765378229857636,False,right_only,min,none,none,0,moving_average,4,2.0,peak,11,-1,-1,11,False,0.48042928502018145,False,False,False,False,False,False,False,,
frame_000151.jpg,,,151,True,0.31439506588855615,0.3116731087096231,0.0032186082399530444,2.597275905913526,False,True,False,True,True,0.4196948392680747,0.12,0.18,True,True,False,False,False,,,33.35184740731321,31.81651369284024,True,True,False,False,0.8567033983243003,0.4876405622843289,0.4876405622843289,False,missing,min,none,none,0,moving_average,4,2.0,peak,11,-1,-1,11,False,0.4876405622843286,False,False,False,False,False,False,False,,
frame_000152.jpg,,,152,True,0.29447263434679766,0.030154634092267794,0.021092900441335948,0.7016351091196216,False,False,False,False,True,0.4196948392680747,0.12,0.18,True,True,False,False,False,,,33.35773231858436,31.866455628595336,True,True,False,False,0.8584396092114045,0.49874330158289343,0.49874330158289343,False,missing,min,none,none,0,moving_average,4,2.0,peak,11,-1,-1,11,False,0.4987433015828934,False,False,False,False,False,False,False,,
frame_000153.jpg,,,153,True,0.22243782042558952,0.00418147029242714,0.002784785642143524,0.5299989411676091,False,False,False,False,False,0.4196948392680747,0.12,0.18,True,True,False,False,False,,,33.363617229855514,31.916397564350433,True,True,False,False,0.8601758200985087,0.5098460408814579,0.5098460408814579,False,missing,min,none,none,0,moving_average,4,2.0,peak,11,-1,-1,11,False,0.5098460408814581,False,False,False,False,False,False,False,,
frame_000154.jpg,,,154,True,0.1570966859775261,0.07378425865229282,0.00045228629196879255,0.6148688221024402,False,False,False,False,False,0.4196948392680747,0.12,0.18,True,True,False,False,False,,,33.36950214112667,31.966339500105533,True,True,False,False,0.8619120309856129,0.5209487801800232,0.5209487801800232,False,missing,min,none,none,0,moving_average,4,2.0,peak,11,-1,-1,11,False,0.5209487801800232,False,False,False,False,False,False,False,,
frame_000155.jpg,,,155,True,0.12809492879973888,0.03698359855989383,0.006606150825605841,0.30819665466578194,False,False,False,False,False,0.4196948392680747,0.12,0.18,True,True,False,False,False,,,33.37538705239782,32.016281435860634,True,True,False,False,0.863648241872717,0.5320515194785885,0.5320515194785885,False,missing,min,none,none,0,moving_average,4,2.0,peak,11,-1,-1,11,False,0.5320515194785885,False,False,False,False,False,False,False,,
frame_000156.jpg,,,156,True,0.0330159258393985,0.00568885565556424,0.0003171188145283666,0.07866650420809677,False,False,False,False,False,0.4196948392680747,0.12,0.18,True,True,False,False,False,,,33.38127196366897,32.066223371615735,True,True,False,False,0.8653844527598212,0.5431542587771538,0.5431542587771538,False,missing,min,none,none,0,moving_average,4,2.0,peak,11,-1,-1,11,False,0.5431542587771533,False,False,False,False,False,False,False,,
frame_000157.jpg,,,157,True,0.009477339445794606,0.025322577237422005,0.0001757667101228745,0.21102147697851673,False,False,False,False,False,0.4196948392680747,0.12,0.18,True,True,False,False,False,,,33.387156874940125,32.11616530737083,True,True,False,False,0.8671206636469254,0.5542569980757176,0.5542569980757176,False,missing,min,none,none,0,moving_average,4,2.0,peak,11,-1,-1,11,False,0.5542569980757182,False,False,False,False,False,False,False,,
frame_000158.jpg,,,158,True,0.015870228160553692,0.008067368388841261,0.0017486668382470441,0.06722806990701051,False,False,False,False,False,0.4196948392680747,0.12,0.18,True,True,False,False,False,,,33.39304178621128,32.16610724312593,True,True,False,False,0.8688568745340296,0.5653597373742829,0.5653597373742829,False,missing,min,none,none,0,moving_average,4,2.0,peak,11,-1,-1,11,False,0.5653597373742829,False,False,False,False,False,False,False,,
frame_000159.jpg,,,159,False,,,,0.0,False,False,False,False,False,0.4196948392680747,0.12,0.18,True,True,False,False,False,,,33.39892669748243,32.21604917888103,True,True,False,False,0.8705930854211338,0.5764624766728482,0.5764624766728482,False,missing,min,none,none,0,moving_average,4,2.0,peak,11,-1,-1,11,False,0.5764624766728477,False,False,False,False,False,False,False,,
frame_000160.jpg,,,160,True,,,,0.0,False,False,False,False,False,0.4196948392680747,0.12,0.18,True,True,False,False,False,,,33.40481160875358,32.26599111463612,True,True,False,False,0.8723292963082379,0.587565215971412,0.587565215971412,False,missing,min,none,none,0,moving_average,4,2.0,peak,11,-1,-1,11,False,0.5875652159714124,False,False,False,False,False,False,False,,
frame_000161.jpg,,,161,False,,,,0.0,False,False,False,False,False,0.4196948392680747,0.12,0.18,True,True,False,False,False,,,33.410696520024736,32.31593305039122,True,True,False,False,0.874065507195342,0.5986679552699773,0.5986679552699773,False,missing,min,none,none,0,moving_average,4,2.0,peak,11,-1,-1,11,False,0.5986679552699772,False,False,False,False,False,False,False,,
frame_000162.jpg,,,162,True,,,,0.0,False,False,False,False,False,0.4196948392680747,0.12,0.18,True,True,False,False,False,,,33.41658143129589,32.36587498614632,True,True,False,False,0.8758017180824462,0.6097706945685425,0.6097706945685425,False,missing,min,none,none,0,moving_average,4,2.0,peak,11,-1,-1,11,False,0.6097706945685425,False,False,False,False,False,False,False,,
frame_000163.jpg,,,163,True,0.025060184419743906,0.004277299077542584,0.006017432342601211,0.05971048980122682,False,False,False,False,False,0.4196948392680747,0.12,0.18,True,True,False,False,False,,,33.42246634256704,32.415816921901424,True,True,False,False,0.8775379289695504,0.6208734338671078,0.6208734338671078,False,missing,min,none,none,0,moving_average,4,2.0,peak,11,-1,-1,11,False,0.6208734338671078,False,False,False,False,False,False,False,,
frame_000164.jpg,,,164,True,0.04283880637149476,0.011512887100076842,0.0012419130393073047,0.10207132031026005,False,False,False,False,False,0.4196948392680747,0.12,0.18,True,True,False,False,False,,,33.4283512538382,32.465758857656525,True,True,False,False,0.8792741398566567,0.6319761731656731,0.6319761731656731,False,missing,min,none,none,0,moving_average,4,2.0,peak,11,-1,-1,11,False,0.6319761731656726,False,False,False,False,False,False,False,,
frame_000165.jpg,,,165,True,0.039234038417691575,0.05348141223635657,0.0007510851905069005,0.44567843530297147,False,False,False,False,False,0.4196948392680747,0.12,0.18,True,True,False,False,False,,,33.434236165109354,32.51570079341162,True,True,False,False,0.8810103507437609,0.6430789124642369,0.6430789124642369,False,missing,min,none,none,0,moving_average,4,2.0,peak,11,-1,-1,11,False,0.6430789124642373,False,False,False,False,False,False,False,,
frame_000166.jpg,,,166,True,0.011292350815429545,0.00611251473860736,0.0032100207344602574,0.050937622821728,False,False,False,False,False,0.4196948392680747,0.12,0.18,True,True,False,False,False,,,33.44012107638051,32.56564272916672,True,True,False,False,0.8827465616308651,0.6541816517628022,0.6541816517628022,False,missing,min,none,none,0,moving_average,4,2.0,peak,11,-1,-1,11,False,0.6541816517628022,False,False,False,False,False,False,False,,
frame_000167.jpg,,,167,True,0.03191962650143263,0.0007668810220047194,0.011098240209979314,0.07605436978233697,False,False,False,False,False,0.4196948392680747,0.12,0.18,True,True,False,False,False,,,33.44600598765166,32.61558466492182,True,True,False,False,0.8844827725179693,0.6652843910613675,0.6652843910613675,False,missing,min,none,none,0,moving_average,4,2.0,peak,11,-1,-1,11,False,0.6652843910613669,False,False,False,False,False,False,False,,
frame_000168.jpg,,,168,True,0.008480607319099566,0.00664709957806632,0.003380706727905439,0.055392496483886,False,False,False,False,False,0.4196948392680747,0.12,0.18,True,True,False,False,False,,,33.45189089892281,32.66552660067691,True,True,False,False,0.8862189834050734,0.6763871303599313,0.6763871303599313,False,missing,min,none,none,0,moving_average,4,2.0,peak,11,-1,-1,11,False,0.6763871303599318,False,False,False,False,False,False,False,,
frame_000169.jpg,,,169,True,0.007318875752110965,0.011676362615733205,0.0033396214127062855,0.09730302179777671,False,False,False,False,False,0.4196948392680747,0.12,0.18,True,True,False,False,False,,,33.457775810193965,32.71546853643201,True,True,False,False,0.8879551942921776,0.6874898696584966,0.6874898696584966,False,missing,min,none,none,0,moving_average,4,2.0,peak,11,-1,-1,11,False,0.6874898696584966,False,False,False,False,False,False,False,,
frame_000170.jpg,,,170,True,0.018449974567834065,0.033935455159576154,0.013718038475107129,0.28279545966313463,False,False,False,False,False,0.4196948392680747,0.12,0.18,True,True,False,False,False,,,33.46366072146512,32.765410472187114,True,True,False,False,0.8896914051792818,0.6985926089570619,0.6985926089570619,False,missing,min,none,none,0,moving_average,4,2.0,peak,11,-1,-1,11,False,0.6985926089570619,False,False,False,False,False,False,False,,
frame_000171.jpg,,,171,True,0.0093419430514578,0.039761979939469026,0.013718038475107129,0.33134983282890856,False,False,False,False,False,0.4196948392680747,0.12,0.18,True,True,False,False,False,,,33.46954563273627,32.815352407942214,True,True,False,False,0.891427616066386,0.7096953482556272,0.7096953482556272,False,missing,min,none,none,0,moving_average,4,2.0,peak,11,-1,-1,11,False,0.7096953482556272,False,False,False,False,False,False,False,,
frame_000172.jpg,,,172,True,0.00853443300442183,0.006101384995351251,0.0,0.050844874961260424,False,False,False,False,False,0.4196948392680747,0.12,0.18,True,True,False,False,False,,,33.47543054400742,32.865294343697315,True,True,False,False,0.8931638269534902,0.7207980875541925,0.7207980875541925,False,missing,min,none,none,0,moving_average,4,2.0,peak,11,-1,-1,11,False,0.720798087554192,False,False,False,False,False,False,False,,
frame_000173.jpg,,,173,True,0.008426307629353397,0.006504837900056022,0.0,0.054206982500466856,False,False,False,False,False,0.4196948392680747,0.12,0.18,True,True,False,False,False,,,33.481315455278576,32.91523627945241,True,True,False,False,0.8949000378405944,0.7319008268527561,0.7319008268527561,False,missing,min,none,none,0,moving_average,4,2.0,peak,11,-1,-1,11,False,0.7319008268527567,False,False,False,False,False,False,False,,
frame_000174.jpg,,,174,True,0.0011464031906073036,0.023926961496959356,0.0010483513135484482,0.19939134580799464,False,False,False,False,False,0.4196948392680747,0.12,0.18,True,True,False,False,False,,,33.48720036654973,32.96517821520751,True,True,False,False,0.8966362487276985,0.7430035661513215,0.7430035661513215,False,missing,min,none,none,0,moving_average,4,2.0,peak,11,-1,-1,11,False,0.7430035661513215,False,False,False,False,False,False,False,,
frame_000175.jpg,,,175,True,0.009986251916442576,0.008617427018892478,0.0007022378271779512,0.07181189182410398,False,False,False,False,False,0.4196948392680747,0.12,0.18,True,True,False,False,False,,,33.49308527782088,33.01512015096261,True,True,False,False,0.8983724596148026,0.7541063054498868,0.7541063054498868,False,missing,min,none,none,0,moving_average,4,2.0,peak,11,-1,-1,11,False,0.7541063054498862,False,False,False,False,False,False,False,,
frame_000176.jpg,,,176,True,0.010561756155621785,0.007519842578947967,0.014617823235713031,0.08121012908729462,False,False,False,False,False,0.4196948392680747,0.12,0.18,True,True,False,False,False,,,33.498970189092034,33.0650620867177,True,True,False,False,0.9001086705019068,0.7652090447484505,0.7652090447484505,False,missing,min,none,none,0,moving_average,4,2.0,peak,11,-1,-1,11,False,0.765209044748451,False,False,False,False,False,False,False,,
frame_000177.jpg,,,177,True,0.00908485970230999,0.02300676010060864,0.009184804641515588,0.19172300083840535,False,False,False,False,False,0.4196948392680747,0.12,0.18,True,True,False,False,False,,,33.50485510036319,33.1150040224728,True,True,False,False,0.901844881389011,0.7763117840470158,0.7763117840470158,False,missing,min,none,none,0,moving_average,4,2.0,peak,11,-1,-1,11,False,0.7763117840470158,False,False,False,False,False,False,False,,
frame_000178.jpg,,,178,True,0.012071900837238926,0.003951086478425616,0.006676914911189578,0.03709397172883099,False,False,False,False,False,0.4196948392680747,0.12,0.18,True,True,False,False,False,,,33.51074001163434,33.164945958227904,True,True,False,False,0.9035810922761152,0.7874145233455812,0.7874145233455812,False,missing,min,none,none,0,moving_average,4,2.0,peak,11,-1,-1,11,False,0.787414523345581,False,False,False,False,False,False,False,,
frame_000179.jpg,,,179,True,0.012883423877666424,0.008097870507493079,0.0034435958388868183,0.06748225422910899,False,False,False,False,False,0.4196948392680747,0.12,0.18,True,True,False,False,False,,,33.51662492290549,33.214887893983004,True,True,False,False,0.9053173031632193,0.7985172626441465,0.7985172626441465,False,missing,min,none,none,0,moving_average,4,2.0,peak,11,-1,-1,11,False,0.7985172626441464,False,False,False,False,False,False,False,,
frame_000180.jpg,,,180,True,0.007993290204809832,0.015424560849912035,0.007519518869323741,0.1285380070826003,False,False,False,False,False,0.4196948392680747,0.12,0.18,True,True,False,False,False,,,33.522509834176645,33.264829829738105,True,True,False,False,0.9070535140503235,0.8096200019427118,0.8096200019427118,False,missing,min,none,none,0,moving_average,4,2.0,peak,11,-1,-1,11,False,0.8096200019427113,False,False,False,False,False,False,False,,
frame_000181.jpg,,,181,True,0.019055839847568413,0.006959283364079644,0.009873475604791534,0.05799402803399704,False,False,False,False,False,0.4196948392680747,0.12,0.18,True,True,False,False,False,,,33.5283947454478,33.3147717654932,True,True,False,False,0.9087897249374277,0.8207227412412755,0.8207227412412755,False,missing,min,none,none,0,moving_average,4,2.0,peak,11,-1,-1,11,False,0.820722741241276,False,False,False,False,False,False,False,,
frame_000182.jpg,,,182,True,0.012544537362404707,0.02062132099082178,0.002769783731605864,0.17184434159018153,False,False,False,False,False,0.4196948392680747,0.12,0.18,True,True,False,False,False,,,33.53427965671895,33.3647137012483,True,True,False,False,0.9105259358245319,0.8318254805398408,0.8318254805398408,False,missing,min,none,none,0,moving_average,4,2.0,peak,11,-1,-1,11,False,0.8318254805398407,False,False,False,False,False,False,False,,
frame_000183.jpg,,,183,True,0.00599254958213575,0.007521595782010857,0.009642266872519002,0.06267996485009047,False,False,False,False,False,0.4196948392680747,0.12,0.18,True,True,False,False,False,,,33.540164567990104,33.4146556370034,True,True,False,False,0.9122621467116361,0.8429282198384062,0.8429282198384062,False,missing,min,none,none,0,moving_average,4,2.0,peak,11,-1,-1,11,False,0.8429282198384056,False,False,False,False,False,False,False,,
frame_000184.jpg,,,184,True,0.023158984616598228,0.009940120114685898,0.0024851909116572445,0.08283433428904916,False,False,False,False,False,0.4196948392680747,0.12,0.18,True,True,False,False,False,,,33.546049479261264,33.46459757275849,True,True,False,False,0.9139983575987424,0.8540309591369698,0.8540309591369698,False,missing,min,none,none,0,moving_average,4,2.0,peak,11,-1,-1,11,False,0.8540309591369702,False,False,False,False,False,False,False,,
frame_000185.jpg,,,185,True,0.030122404345215556,0.05712125909137825,0.010616905574489004,0.47601049242815213,False,False,False,False,False,0.4196948392680747,0.12,0.18,True,True,False,False,False,,,33.551934390532416,33.51453950851359,True,True,False,False,0.9157345684858466,0.8651336984355351,0.8651336984355351,False,missing,min,none,none,0,moving_average,4,2.0,peak,11,-1,-1,11,False,0.865133698435535,False,False,False,False,False,False,False,,
frame_000186.jpg,,,186,True,0.011011054139134084,0.0004609041668056813,0.006198821791144407,0.03443789883969115,False,False,False,False,False,0.4196948392680747,0.12,0.18,True,True,False,False,False,,,33.55781930180357,33.564481444268694,True,True,False,False,0.9174707793729507,0.8762364377341004,0.8762364377341004,False,missing,min,none,none,0,moving_average,4,2.0,peak,11,-1,-1,11,False,0.8762364377341003,False,False,False,False,False,False,False,,
frame_000187.jpg,,,187,True,0.004010939563141657,9.005909735593462e-06,0.002019583621337289,0.011219909007429384,False,False,False,False,False,0.4196948392680747,0.12,0.18,True,True,False,False,False,,,33.56370421307472,33.614423380023794,True,True,False,False,0.9192069902600549,0.8873391770326657,0.8873391770326657,False,missing,min,none,none,0,moving_average,4,2.0,peak,11,-1,-1,11,False,0.8873391770326657,False,False,False,False,False,False,False,,
frame_000188.jpg,,,188,True,0.012827009075809009,0.014960210600430521,0.001199690364189123,0.12466842167025435,False,False,False,False,False,0.4196948392680747,0.12,0.18,True,True,False,False,False,,,33.569589124345875,33.664365315778895,True,True,False,False,0.9209432011471591,0.898441916331231,0.898441916331231,False,missing,min,none,none,0,moving_average,4,2.0,peak,11,-1,-1,11,False,0.8984419163312304,False,False,False,False,False,False,False,,
frame_000189.jpg,,,189,True,0.05639291038969515,0.058202511555456374,0.019803059085557257,0.4850209296288031,False,False,False,False,False,0.4196948392680747,0.12,0.18,True,True,False,False,False,,,33.57547403561703,33.71430725153399,True,True,False,False,0.9226794120342633,0.9095446556297948,0.9095446556297948,False,missing,min,none,none,0,moving_average,4,2.0,peak,11,-1,-1,11,False,0.9095446556297953,False,False,False,False,False,False,False,,
frame_000190.jpg,,,190,True,0.02071074441400467,0.03890141973656247,0.00824350042798135,0.32417849780468727,False,False,False,False,False,0.4196948392680747,0.12,0.18,True,True,False,False,False,,,33.58135894688818,33.76424918728909,True,True,False,False,0.9244156229213674,0.9206473949283601,0.9206473949283601,False,missing,min,none,none,0,moving_average,4,2.0,peak,11,-1,-1,11,False,0.9187812947888754,False,False,False,False,False,False,False,,
frame_000191.jpg,,,191,True,0.023509024571222163,0.039351084199457737,0.007100309759555692,0.3279257016621478,False,False,False,False,False,0.4196948392680747,0.12,0.18,True,True,False,False,False,,,33.58724385815933,33.81419112304419,True,True,False,False,0.9261518338084715,0.9317501342269254,0.9261518338084715,False,missing,min,none,none,0,moving_average,4,2.0,peak,11,-1,-1,11,False,0.9248957578108025,False,False,False,False,False,False,False,,
frame_000192.jpg,,,192,True,0.1860508076629983,0.013948258002736197,0.004196216222781368,0.44330020351801547,False,False,False,False,True,0.4196948392680747,0.12,0.18,True,True,False,False,False,,,33.593128769430486,33.86413305879928,True,True,False,False,0.9278880446955757,0.9428528735254891,0.9278880446955757,False,missing,min,none,none,0,moving_average,4,2.0,peak,11,-1,-1,11,False,0.9278880446955757,False,False,False,False,False,False,False,,
frame_000193.jpg,33.59901368070164,,193,True,0.08449737331522932,0.3677109591323356,0.012578916587198575,3.0642579927694635,False,True,False,True,True,0.4196948392680747,0.12,0.18,False,True,True,False,True,33.59901368070164,,33.59901368070164,33.91407499455438,False,True,True,False,0.9296242555826799,0.9539556128240544,0.9296242555826799,False,left_only,min,none,none,0,moving_average,4,2.0,peak,11,-1,-1,11,False,0.9408568841336251,True,False,False,False,False,False,False,7,
frame_000194.jpg,33.72889944941026,33.964016930309484,194,True,0.5974967178475428,0.17674288006590835,0.00011891950924785427,1.4728573338825697,True,True,False,True,True,0.4196948392680747,0.12,0.18,False,False,True,True,True,33.72889944941026,33.964016930309484,33.72889944941026,33.964016930309484,False,False,True,True,0.9679441342216699,0.9650583521226197,0.9650583521226197,False,both,min,none,none,0,moving_average,4,2.0,peak,11,-1,-1,11,False,0.9193325541216912,False,False,False,False,False,False,False,,
frame_000195.jpg,33.37425770964377,33.68449534082263,195,True,0.5080031185077706,0.06217142827900488,0.0030026941778135956,1.2104106864732975,True,False,False,True,True,0.4196948392680747,0.12,0.18,False,False,True,True,True,33.37425770964377,33.68449534082263,33.37425770964377,33.68449534082263,False,False,True,True,0.8633150546597743,0.9029170816758452,0.8633150546597743,False,both,min,none,none,0,moving_average,4,2.0,peak,11,-1,-1,11,False,0.894712253722432,False,False,False,False,False,False,False,,
frame_000196.jpg,33.348661115132096,33.51611657742447,196,True,0.7070666419991363,0.2374665094887505,0.05272488739776918,1.978887579072921,True,True,False,True,True,0.4196948392680747,0.12,0.18,False,False,True,True,True,33.348661115132096,33.51611657742447,33.348661115132096,33.51611657742447,False,False,True,True,0.8557633543849023,0.8654843012847958,0.8557633543849023,False,both,min,none,none,0,moving_average,4,2.0,peak,11,-1,-1,11,False,0.8617529821849637,False,False,False,False,False,False,False,,
frame_000197.jpg,33.51645255634689,,197,True,0.8399610049187777,0.12289505770184718,0.05560866206633509,2.0013612899878033,True,True,False,True,True,0.4196948392680747,0.12,0.18,False,True,True,False,True,33.51645255634689,,33.51645255634689,33.519248361744104,False,True,True,False,0.9052664502817013,0.8661805375102146,0.8661805375102146,False,left_only,min,none,none,0,moving_average,4,2.0,peak,11,-1,-1,11,False,0.8629402218769162,False,False,False,False,False,False,False,,
frame_000198.jpg,33.72968474515289,,198,True,0.7319834595227895,2.2204460492503136e-16,1.8041124150158794e-16,1.744084966113306,True,False,False,True,True,0.4196948392680747,0.12,0.18,False,True,True,False,True,33.72968474515289,,33.72968474515289,33.52238014606373,False,True,True,False,0.9681758180916776,0.8668767737356319,0.8668767737356319,False,left_only,min,none,none,0,moving_average,4,2.0,peak,11,-1,-1,11,False,0.8434507024142994,False,False,False,False,False,False,False,,
frame_000199.jpg,33.15048111244901,,199,True,0.4552165123115601,3.33066907387547e-16,3.469446951953614e-18,1.08463690691416,True,False,False,True,True,0.4196948392680747,0.12,0.18,False,True,True,False,True,33.15048111244901,,33.15048111244901,33.52551193038337,False,True,True,False,0.7972947959970521,0.8675730099610507,0.7972947959970521,False,left_only,min,none,none,0,moving_average,4,2.0,peak,11,-1,-1,11,False,0.697208311923594,False,False,False,False,False,False,False,,
frame_000200.jpg,31.89689837323761,,200,True,0.05680159336199004,4.440892098500625e-16,3.469446951953614e-18,0.13534022353252895,False,False,False,False,True,0.4196948392680747,0.12,0.18,False,True,True,False,True,31.89689837323761,,31.89689837323761,33.528643714702994,False,True,True,False,0.4274533660380981,0.8682692461864678,0.4274533660380981,False,left_only,min,none,none,0,moving_average,4,2.0,peak,11,-1,-1,11,False,0.5541823501209848,False,False,False,False,False,False,False,,
frame_000201.jpg,31.93196466684334,,201,True,0.32533408215120585,0.0,0.0,0.775168173901235,False,False,False,False,False,0.4196948392680747,0.12,0.18,False,True,True,False,True,31.93196466684334,,31.93196466684334,33.53177549902263,False,True,False,False,0.4377988883278044,0.8689654824118866,0.4377988883278044,False,left_only,min,none,none,0,moving_average,4,2.0,peak,11,-1,-1,11,False,0.43368176402616604,False,False,False,False,False,False,False,,
frame_000202.jpg,31.925165807913604,,202,True,0.13157694031337186,0.0,0.0,0.31350621452204414,False,False,False,False,False,0.4196948392680747,0.12,0.18,False,True,True,False,True,31.925165807913604,,31.925165807913604,33.53490728334226,False,True,False,False,0.4357930377125957,0.8696617186373039,0.4357930377125957,False,left_only,min,none,none,0,moving_average,4,2.0,peak,11,-1,-1,11,False,0.43517439752016096,False,False,False,False,False,False,False,,
frame_000203.jpg,31.912076280030654,,203,True,0.025740809919317306,0.0,0.0,0.061332204999727656,False,False,False,False,False,0.4196948392680747,0.12,0.18,False,True,True,False,True,31.912076280030654,,31.912076280030654,33.53803906766189,False,True,False,False,0.4319312665200828,0.8703579548627227,0.4319312665200828,False,left_only,min,none,none,0,moving_average,4,2.0,peak,11,-1,-1,11,False,0.41770365215261784,False,False,False,False,False,False,False,,
frame_000204.jpg,31.75431265390087,,204,True,0.05962510025759582,0.0,0.0,0.14206774703634384,False,False,False,False,False,0.4196948392680747,0.12,0.18,False,True,True,False,True,31.75431265390087,,31.75431265390087,33.54117085198152,False,True,False,False,0.38538665222517504,0.87105419108814,0.38538665222517504,False,left_only,min,none,none,0,moving_average,4,2.0,peak,11,-1,-1,11,False,0.398044158622172,False,False,False,False,False,False,False,,
frame_000205.jpg,31.7252574167352,,205,True,0.024366957828414092,0.0,0.0,0.058058750188372005,False,False,False,False,False,0.4196948392680747,0.12,0.18,False,True,True,False,True,31.7252574167352,,31.7252574167352,33.544302636301154,False,True,False,False,0.37681455712125833,0.8717504273135588,0.37681455712125833,False,left_only,min,none,none,0,moving_average,4,2.0,peak,11,-1,-1,11,False,0.39078928203172936,False,False,False,False,False,False,False,,
frame_000206.jpg,31.838304760680614,,206,True,0.07718189201748384,3.33066907387547e-16,3.469446951953614e-18,0.18390002639080555,False,False,False,False,False,0.4196948392680747,0.12,0.18,False,True,True,False,True,31.838304760680614,,31.838304760680614,33.54743442062078,False,True,False,False,0.41016663674875486,0.872446663538976,0.41016663674875486,False,left_only,min,none,none,0,moving_average,4,2.0,peak,11,-1,-1,11,False,0.40803063129324063,False,False,False,False,False,False,False,,
frame_000207.jpg,31.92963204284016,,207,True,0.03927723494554192,4.440892098500625e-16,3.469446951953614e-18,0.09358522257276097,False,False,False,False,False,0.4196948392680747,0.12,0.18,False,True,True,False,True,31.92963204284016,,31.92963204284016,33.55056620494042,False,True,False,False,0.43711070000970875,0.8731428997643947,0.43711070000970875,False,left_only,min,none,none,0,moving_average,4,2.0,peak,11,-1,-1,11,False,0.414533420738676,False,False,False,False,False,False,False,,
frame_000208.jpg,31.79138130615258,,208,True,0.03396061993570901,0.0,0.0,0.08091741131469357,False,False,False,False,False,0.4196948392680747,0.12,0.18,False,True,True,False,True,31.79138130615258,,31.79138130615258,33.55369798926005,False,True,False,False,0.3963229254575645,0.8738391359898136,0.3963229254575645,False,left_only,min,none,none,0,moving_average,4,2.0,peak,11,-1,-1,11,False,0.40351800226379203,False,False,False,False,False,False,False,,
frame_000209.jpg,31.72629401218088,,209,True,0.13525368650787767,2.2204460492503136e-16,1.734723475976807e-18,0.3222667372888188,False,False,False,False,False,0.4196948392680747,0.12,0.18,False,True,True,False,True,31.72629401218088,,31.72629401218088,33.55682977357968,False,True,False,False,0.37712038132410286,0.8745353722152308,0.37712038132410286,False,left_only,min,none,none,0,moving_average,4,2.0,peak,11,-1,-1,11,False,0.3850076028831629,False,False,False,False,False,False,False,,
frame_000210.jpg,31.741408264108493,,210,True,0.022745703250512384,4.440892098500625e-16,3.469446951953614e-18,0.0541958135348523,False,False,False,False,False,0.4196948392680747,0.12,0.18,False,True,True,False,True,31.741408264108493,,31.741408264108493,33.559961557899314,False,True,False,False,0.38157950186782136,0.8752316084406496,0.38157950186782136,False,left_only,min,none,none,0,moving_average,4,2.0,peak,11,-1,-1,11,False,0.3752483580869752,False,False,False,False,False,False,False,,
frame_000211.jpg,31.692144012816374,,211,True,0.017945007500236226,0.0,3.625572064791527e-16,0.04275727462251229,False,False,False,False,False,0.4196948392680747,0.12,0.18,False,True,True,False,True,31.692144012816374,,31.692144012816374,33.56309334221894,False,True,False,False,0.3670451910690015,0.8759278446660669,0.3670451910690015,False,left_only,min,none,none,0,moving_average,4,2.0,peak,11,-1,-1,11,False,0.3665573684492396,False,False,False,False,False,False,False,,
frame_000212.jpg,31.6379193165898,,212,True,0.00855025247279127,2.2204460492503136e-16,3.642919299551295e-16,0.020372546128283233,False,False,False,False,False,0.4196948392680747,0.12,0.18,False,True,True,False,True,31.6379193165898,,31.6379193165898,33.566225126538576,False,True,False,False,0.35104741241089593,0.8766240808914857,0.35104741241089593,False,left_only,min,none,none,0,moving_average,4,2.0,peak,11,-1,-1,11,False,0.3600216463734667,False,False,False,False,False,False,False,,
frame_000213.jpg,31.674949497847116,,213,True,0.03210719526780318,2.2204460492503136e-16,3.608224830031759e-16,0.07650128680113485,False,False,False,False,False,0.4196948392680747,0.12,0.18,False,True,True,False,True,31.674949497847116,,31.674949497847116,33.569356910858204,False,True,False,False,0.3619723356405025,0.877320317116903,0.3619723356405025,False,left_only,min,none,none,0,moving_average,4,2.0,peak,11,-1,-1,11,False,0.35131912574804236,False,False,False,False,False,False,False,,
frame_000214.jpg,31.60365206388945,,214,True,0.016366098333714895,2.2204460492503128e-16,3.608224830031759e-16,0.038995233685161564,False,False,False,False,False,0.4196948392680747,0.12,0.18,False,True,True,False,True,31.60365206388945,,31.60365206388945,33.57248869517784,False,True,False,False,0.3409376291927288,0.8780165533423218,0.3409376291927288,False,left_only,min,none,none,0,moving_average,4,2.0,peak,11,-1,-1,11,False,0.35115089640261865,False,False,False,False,False,False,False,,
frame_000215.jpg,31.636208669378032,,215,True,0.03711481425342551,0.0,0.0,0.08843285830760216,False,False,False,False,False,0.4196948392680747,0.12,0.18,False,True,True,False,True,31.636208669378032,,31.636208669378032,33.575620479497466,False,True,False,False,0.35054272437462464,0.8787127895677389,0.35054272437462464,False,left_only,min,none,none,0,moving_average,4,2.0,peak,11,-1,-1,11,False,0.33575633915206815,False,False,False,False,False,False,False,,
frame_000216.jpg,31.51840929155465,,216,True,0.015465116558357604,0.0,0.0,0.03684847920772135,False,False,False,False,False,0.4196948392680747,0.12,0.18,False,True,True,False,True,31.51840929155465,,31.51840929155465,33.5787522638171,False,True,False,False,0.3157886638888512,0.8794090257931577,0.3157886638888512,False,left_only,min,none,none,0,moving_average,4,2.0,peak,11,-1,-1,11,False,0.3262038753794043,False,False,False,False,False,False,False,,
frame_000217.jpg,31.50651743213376,,217,True,0.003244602948200643,2.2204460492503128e-16,1.734723475976807e-18,0.007730862151793566,False,False,False,False,False,0.4196948392680747,0.12,0.18,False,True,True,False,True,31.50651743213376,,31.50651743213376,33.58188404813673,False,True,False,False,0.31228023787473713,0.880105262018575,0.31228023787473713,False,left_only,min,none,none,0,moving_average,4,2.0,peak,11,-1,-1,11,False,0.3084335734496846,False,False,False,False,False,False,False,,
frame_000218.jpg,31.45551060286766,,218,True,0.018941528238056657,2.2204460492503136e-16,1.734723475976807e-18,0.04513166821657771,False,False,False,False,False,0.4196948392680747,0.12,0.18,False,True,True,False,True,31.45551060286766,,31.45551060286766,33.585015832456364,False,True,False,False,0.2972318185854655,0.8808014982439938,0.2972318185854655,False,left_only,min,none,none,0,moving_average,4,2.0,peak,11,-1,-1,11,False,0.34921314994859226,False,False,False,False,False,False,False,,
frame_000219.jpg,31.93307813936644,,219,True,0.13714078216222556,3.33066907387547e-16,3.469446951953614e-18,0.32676308910872415,False,False,False,False,False,0.4196948392680747,0.12,0.18,False,True,True,False,True,31.93307813936644,,31.93307813936644,33.588147616776,False,True,False,False,0.4381273933855742,0.8814977344694126,0.4381273933855742,False,left_only,min,none,none,0,moving_average,4,2.0,peak,11,-1,-1,11,False,0.3942552590826151,False,False,False,False,False,False,False,,
frame_000220.jpg,31.964530023267912,,220,True,0.03251835695360868,4.440892098500625e-16,3.660266534311063e-16,0.07748095499653737,False,False,False,False,False,0.4196948392680747,0.12,0.18,False,True,True,False,True,31.964530023267912,,31.964530023267912,33.591279401095626,False,True,False,False,0.44740656527680567,0.8821939706948299,0.44740656527680567,False,left_only,min,none,none,0,moving_average,4,2.0,peak,11,-1,-1,11,False,0.4623125675638936,True,False,False,False,False,False,False,8,
frame_000221.jpg,32.14755422165951,,221,True,0.053981544894082294,0.0,3.625572064791527e-16,0.1286209403675852,False,False,False,False,False,0.4196948392680747,0.12,0.18,False,True,True,False,True,32.14755422165951,,32.14755422165951,33.59441118541526,False,True,False,False,0.501403744029301,0.8828902069202487,0.501403744029301,False,left_only,min,none,none,0,moving_average,4,2.0,peak,11,-1,-1,11,False,0.44708171279519726,False,False,False,False,False,False,False,,
frame_000222.jpg,31.77820254868214,,222,True,0.12191171465315986,0.0,0.0,0.29047704009362457,False,False,False,False,False,0.4196948392680747,0.12,0.18,False,True,True,False,True,31.77820254868214,,31.77820254868214,33.59754296973489,False,True,False,False,0.39243482907948524,0.8835864431456658,0.39243482907948524,False,left_only,min,none,none,0,moving_average,4,2.0,peak,11,-1,-1,11,False,0.4266016364964343,False,False,False,False,False,False,False,,
frame_000223.jpg,31.75627750151519,,223,True,0.048876342835349106,0.0,0.0,0.11645685927562709,False,False,False,False,False,0.4196948392680747,0.12,0.18,False,True,True,False,True,31.75627750151519,,31.75627750151519,33.60067475405452,False,True,False,False,0.3859663363805167,0.8842826793710846,0.3859663363805167,False,left_only,min,none,none,0,moving_average,4,2.0,peak,11,-1,-1,11,False,0.38812250061350617,False,False,False,False,False,False,False,,
frame_000224.jpg,31.75627750151519,,224,True,0.0,0.0,0.0,0.0,False,False,False,False,False,0.4196948392680747,0.12,0.18,False,True,True,False,True,31.75627750151519,,31.75627750151519,33.60380653837415,False,True,False,False,0.3859663363805167,0.8849789155965019,0.3859663363805167,False,left_only,min,none,none,0,moving_average,4,2.0,peak,11,-1,-1,11,False,0.38572598923222334,False,False,False,False,False,False,False,,
frame_000225.jpg,31.75383352137576,,225,True,0.09934577146127387,0.0,0.0,0.23670953789788685,False,False,False,False,False,0.4196948392680747,0.12,0.18,False,True,True,False,True,31.75383352137576,,31.75383352137576,33.606938322693786,False,True,False,False,0.3852452949356367,0.8856751518219207,0.3852452949356367,False,left_only,min,none,none,0,moving_average,4,2.0,peak,11,-1,-1,11,False,0.39703178887754387,False,False,False,False,False,False,False,,
frame_000226.jpg,31.871241003223982,,226,True,0.015077129096062552,0.0,0.0,0.03592402785403856,False,False,False,False,False,0.4196948392680747,0.12,0.18,False,True,True,False,True,31.871241003223982,,31.871241003223982,33.610070107013414,False,True,False,False,0.4198837353164785,0.886371388047338,0.4198837353164785,False,left_only,min,none,none,0,moving_average,4,2.0,peak,11,-1,-1,11,False,0.47521664088371185,False,False,False,False,False,False,False,,
frame_000227.jpg,32.55130347483792,,227,True,0.061438119287815354,0.05236863205962048,0.047918817317915606,0.43640526716350403,False,False,False,False,False,0.4196948392680747,0.12,0.18,False,True,True,False,True,32.55130347483792,,32.55130347483792,33.61320189133305,False,True,False,False,0.6205208923990205,0.8870676242727568,0.6205208923990205,False,left_only,min,none,none,0,moving_average,4,2.0,peak,11,-1,-1,11,False,0.553112063507849,False,False,False,False,False,False,False,,
frame_000228.jpg,32.54591641979008,,228,True,0.0032364226639224904,0.0019395437184747278,0.0019698897674862085,0.016162864320622732,False,False,False,False,False,0.4196948392680747,0.12,0.18,False,True,True,False,True,32.54591641979008,,32.54591641979008,33.616333675652676,False,True,False,False,0.6189315628080481,0.887763860498174,0.6189315628080481,False,left_only,min,none,none,0,moving_average,4,2.0,peak,11,-1,-1,11,False,0.6364520945605185,True,False,False,False,False,False,False,9,
frame_000229.jpg,32.71868763264484,,229,True,0.00951799381282818,0.026865225839264324,0.0034353229581280957,0.22387688199386938,False,False,False,False,False,0.4196948392680747,0.12,0.18,False,True,True,False,True,32.71868763264484,,32.71868763264484,33.61946545997231,False,True,False,False,0.6699038284744869,0.8884600967235927,0.6699038284744869,False,left_only,min,none,none,0,moving_average,4,2.0,peak,11,-1,-1,11,False,0.5755304194648245,False,False,False,False,False,False,False,,
frame_000230.jpg,31.93181884582584,,230,True,0.09356637304049913,0.07729431418041026,0.0425136045923013,0.6441192848367522,False,False,False,False,False,0.4196948392680747,0.12,0.18,False,True,True,False,True,31.93181884582584,,31.93181884582584,33.622597244291946,False,True,False,False,0.43775586711193853,0.8891563329490115,0.43775586711193853,False,left_only,min,none,none,0,moving_average,4,2.0,peak,11,-1,-1,11,False,0.4587146663406932,False,False,False,False,False,False,False,,
frame_000231.jpg,31.358070495113854,,231,True,0.13508899918051703,2.2204460492503136e-16,1.734723475976807e-18,0.3218743394989202,False,False,False,False,False,0.4196948392680747,0.12,0.18,False,True,True,False,True,31.358070495113854,,31.358070495113854,33.62572902861157,False,True,False,False,0.2684843034356541,0.8898525691744288,0.2684843034356541,False,left_only,min,none,none,0,moving_average,4,2.0,peak,11,-1,-1,11,False,0.34152597348403557,False,False,False,False,False,False,False,,
frame_000232.jpg,31.52704945453032,,232,True,0.12200408447723948,2.2204460492503128e-16,3.642919299551295e-16,0.29069712815627674,False,False,False,False,False,0.4196948392680747,0.12,0.18,False,True,True,False,True,31.52704945453032,,31.52704945453032,33.62886081293121,False,True,False,False,0.31833774990451413,0.8905488053998476,0.31833774990451413,False,left_only,min,none,none,0,moving_average,4,2.0,peak,11,-1,-1,11,False,0.2886567995791008,False,False,False,False,False,False,False,,
frame_000233.jpg,31.39421641563612,,233,True,0.017671580792945188,0.0,3.625572064791527e-16,0.042105785298107254,False,False,False,False,True,0.4196948392680747,0.12,0.18,False,True,True,False,True,31.39421641563612,,31.39421641563612,33.631992597250836,False,True,True,False,0.2791483453971342,0.8912450416252649,0.2791483453971342,False,left_only,min,none,none,0,moving_average,4,2.0,peak,11,-1,-1,11,False,0.3905421430130729,False,False,False,False,False,False,False,,
frame_000234.jpg,32.394095917589866,,234,True,0.08573912305054125,0.12608290502232092,0.05476374822513824,1.0506908751860078,False,True,False,True,True,0.4196948392680747,0.12,0.18,False,True,True,False,True,32.394095917589866,,32.394095917589866,33.63512438157047,False,True,True,False,0.5741403337375703,0.8919412778506837,0.5741403337375703,False,left_only,min,none,none,0,moving_average,4,2.0,peak,11,-1,-1,11,False,0.5356018068618567,False,False,False,False,False,False,False,,
frame_000235.jpg,33.002094779578066,,235,True,0.06389019466264764,0.004682222295927381,0.01622922310550853,0.15223011742071624,False,False,False,False,True,0.4196948392680747,0.12,0.18,False,True,True,False,True,33.002094779578066,,33.002094779578066,33.6382561658901,False,True,True,False,0.7535167414508654,0.8926375140761009,0.7535167414508654,False,left_only,min,none,none,0,moving_average,4,2.0,peak,11,-1,-1,11,False,0.6763389013599261,True,False,False,False,False,False,False,10,
frame_000236.jpg,32.825307511480545,,236,True,0.008681938204900482,0.018424723679846208,0.001198464504812976,0.1535393639987184,False,False,False,False,False,0.4196948392680747,0.12,0.18,False,True,True,False,True,32.825307511480545,,32.825307511480545,33.64138795020973,False,True,False,False,0.7013596288913426,0.8933337503015197,0.7013596288913426,False,left_only,min,none,none,0,moving_average,4,2.0,peak,11,-1,-1,11,False,0.5821791751824625,False,False,False,False,False,False,False,,
frame_000237.jpg,31.436628760829954,,237,True,0.09332134317511222,0.10297595904654727,0.039732989624442314,0.8581329920545606,False,False,False,False,False,0.4196948392680747,0.12,0.18,False,True,True,False,True,31.436628760829954,,31.436628760829954,33.64451973452936,False,True,False,False,0.2916611552051795,0.8940299865269369,0.2916611552051795,False,left_only,min,none,none,0,moving_average,4,2.0,peak,11,-1,-1,11,False,0.44418158580695355,False,False,False,False,False,False,False,,
frame_000238.jpg,31.59886045740016,,238,True,0.028106885180552363,0.0,3.625572064791527e-16,0.06696981366168157,False,False,False,False,False,0.4196948392680747,0.12,0.18,False,True,True,False,True,31.59886045740016,,31.59886045740016,33.647651518848996,False,True,False,False,0.33952397332433853,0.8947262227523557,0.33952397332433853,False,left_only,min,none,none,0,moving_average,4,2.0,peak,11,-1,-1,11,False,0.2647023268915494,False,False,False,False,False,False,False,,
frame_000239.jpg,31.000265078718694,,239,True,0.07969501409975595,0.0,0.0,0.1898880010979877,False,False,False,False,False,0.4196948392680747,0.12,0.18,False,True,True,False,True,31.000265078718694,,31.000265078718694,33.65078330316862,False,True,False,False,0.16292185214513008,0.895422458977773,0.16292185214513008,False,left_only,min,none,none,0,moving_average,4,2.0,peak,11,-1,-1,11,False,0.22178922587153288,False,False,False,False,False,False,False,,
frame_000240.jpg,31.000265078718694,,240,True,0.0,0.0,0.0,0.0,False,False,False,False,False,0.4196948392680747,0.12,0.18,False,True,True,False,True,31.000265078718694,,31.000265078718694,33.65391508748826,False,True,False,False,0.16292185214513008,0.8961186952031918,0.16292185214513008,False,left_only,min,none,none,0,moving_average,4,2.0,peak,11,-1,-1,11,False,0.18843003457209692,False,False,False,False,False,False,False,,
frame_000241.jpg,31.259646110227116,,241,True,0.11089893223904063,0.0,0.0,0.26423706432140653,False,False,False,False,False,0.4196948392680747,0.12,0.18,False,True,True,False,True,31.259646110227116,,31.259646110227116,33.65704687180789,False,True,False,False,0.23944639942603063,0.8968149314286106,0.23944639942603063,False,left_only,min,none,none,0,moving_average,4,2.0,peak,11,-1,-1,11,False,0.25503688886090903,False,False,False,False,False,False,False,,
frame_000242.jpg,31.67755969272846,,242,True,0.09599404503572405,0.0,3.625572064791527e-16,0.2287234343961258,False,False,False,False,False,0.4196948392680747,0.12,0.18,False,True,True,False,True,31.67755969272846,,31.67755969272846,33.66017865612752,False,True,False,False,0.36274241501156634,0.8975111676540278,0.36274241501156634,False,left_only,min,none,none,0,moving_average,4,2.0,peak,11,-1,-1,11,False,0.31497369226334065,False,False,False,False,False,False,False,,
frame_000243.jpg,31.609734998276927,,243,True,0.15157721065912994,0.0,3.625572064791527e-16,0.3611605301687113,False,False,False,False,False,0.4196948392680747,0.12,0.18,False,True,True,False,True,31.609734998276927,,31.609734998276927,33.663310440447155,False,True,False,False,0.342732262352425,0.8982074038794466,0.342732262352425,False,left_only,min,none,none,0,moving_average,4,2.0,peak,11,-1,-1,11,False,0.45108648942157614,False,False,False,False,False,False,False,,
frame_000244.jpg,32.64371484305364,,244,True,0.10467224117432537,0.0,0.0,0.24940082979544886,False,False,False,False,False,0.4196948392680747,0.12,0.18,False,True,True,False,True,32.64371484305364,,32.64371484305364,33.66644222476678,False,True,False,False,0.647784790900737,0.8989036401048638,0.647784790900737,False,left_only,min,none,none,0,moving_average,4,2.0,peak,11,-1,-1,11,False,0.6300389765278149,False,False,False,False,False,False,False,,
frame_000245.jpg,33.83755325824571,,245,True,0.06825473828786773,0.0,0.0,0.1626294438285215,False,False,False,False,False,0.4196948392680747,0.12,0.18,False,True,True,False,True,33.83755325824571,,33.83755325824571,33.66957400908642,False,True,False,False,1.0,0.8995998763302826,0.8995998763302826,False,left_only,min,none,none,0,moving_average,4,2.0,peak,11,-1,-1,11,False,0.8158935932622398,False,False,False,False,False,False,False,,
frame_000246.jpg,33.650441576328234,,246,True,0.11951199974511945,0.0,0.0,0.28475927879776164,False,False,False,False,False,0.4196948392680747,0.12,0.18,False,True,True,False,True,33.650441576328234,,33.650441576328234,33.672705793406045,False,True,False,False,0.9447969010438684,0.9002961125556999,0.9002961125556999,False,left_only,min,none,none,0,moving_average,4,2.0,peak,11,-1,-1,11,False,0.9002961125557003,False,False,False,False,False,False,False,,
frame_000247.jpg,33.61443001148155,,247,True,0.06889590195024285,0.0,0.0,0.16415713395569412,False,False,False,False,False,0.4196948392680747,0.12,0.18,False,True,True,False,True,33.61443001148155,,33.61443001148155,33.67583757772568,False,True,False,False,0.9341724977066505,0.9009923487811187,0.9009923487811187,False,left_only,min,none,none,0,moving_average,4,2.0,peak,11,-1,-1,11,False,0.9009923487811181,False,False,False,False,False,False,False,,
frame_000248.jpg,33.60747979945597,,248,True,0.01631472399300529,0.0,0.0,0.03887282488738077,False,False,False,False,False,0.4196948392680747,0.12,0.18,False,True,True,False,True,33.60747979945597,,33.60747979945597,33.67896936204531,False,True,False,False,0.9321219937601178,0.9016885850065359,0.9016885850065359,False,left_only,min,none,none,0,moving_average,4,2.0,peak,11,-1,-1,11,False,0.9016885850065364,False,False,False,False,False,False,False,,
frame_000249.jpg,33.7140157502619,,249,True,0.09331993662941367,0.0,0.0,0.22235188021887195,False,False,False,False,False,0.4196948392680747,0.12,0.18,False,True,True,False,True,33.7140157502619,,33.7140157502619,33.68210114636494,False,True,False,False,0.9635530330969291,0.9023848212319547,0.9023848212319547,False,left_only,min,none,none,0,moving_average,4,2.0,peak,11,-1,-1,11,False,0.9023848212319542,False,False,False,False,False,False,False,,
frame_000250.jpg,33.58283485283136,,250,True,0.2609214511969693,0.0,0.0,0.6216932561096112,False,False,False,False,True,0.4196948392680747,0.12,0.18,False,True,True,False,True,33.58283485283136,,33.58283485283136,33.68523293068457,False,True,True,False,0.9248510558189633,0.903081057457372,0.903081057457372,False,left_only,min,none,none,0,moving_average,4,2.0,peak,11,-1,-1,11,False,0.9030810574573724,False,False,False,False,False,False,False,,
frame_000251.jpg,33.69015478683565,33.688364715004205,251,True,0.6918156487904262,0.010592280309492618,0.014523027763062794,1.6483777832410702,True,False,False,True,True,0.4196948392680747,0.12,0.18,False,False,True,True,True,33.69015478683565,33.688364715004205,33.69015478683565,33.688364715004205,False,False,True,True,0.9565133917890767,0.9037772936827907,0.9037772936827907,False,both,min,none,none,0,moving_average,4,2.0,peak,11,-1,-1,11,False,0.9075860122561642,False,False,False,False,False,False,False,,
frame_000252.jpg,33.552494057413945,33.855967333156386,252,True,0.8563409666617002,0.04204697363651248,0.009093363116953135,2.040389555790376,True,False,False,True,True,0.4196948392680747,0.12,0.18,False,False,True,True,True,33.552494057413945,33.855967333156386,33.552494057413945,33.855967333156386,False,False,True,True,0.91589968562833,0.9410375269309704,0.91589968562833,False,both,min,none,none,0,moving_average,4,2.0,peak,11,-1,-1,11,False,0.9118588883131502,False,False,False,False,False,False,False,,
frame_000253.jpg,33.552494057413945,33.855967333156386,253,True,0.0,0.0,0.0,0.0,False,False,False,False,True,0.4196948392680747,0.12,0.18,False,False,True,True,True,33.552494057413945,33.855967333156386,33.552494057413945,33.855967333156386,False,False,True,True,0.91589968562833,0.9410375269309704,0.91589968562833,False,both,min,none,none,0,moving_average,4,2.0,peak,11,-1,-1,11,False,0.91718492177192,True,False,False,False,False,False,False,11,
frame_000254.jpg,33.56556303548052,,254,True,0.9269959445060436,0.05263925394600527,0.023616390880015842,2.20873801098597,True,False,False,True,True,0.4196948392680747,0.12,0.18,False,True,True,False,True,33.56556303548052,,33.56556303548052,33.855967333156386,False,True,True,False,0.9197553940591001,0.9410375269309704,0.9197553940591001,False,left_only,min,none,none,0,moving_average,4,2.0,peak,11,-1,-1,11,False,0.8854748207464117,False,False,False,False,False,False,False,,
frame_000255.jpg,33.23004855441577,,255,True,0.716419401591546,0.0,9.020562075079397e-17,1.7070007409215302,True,False,False,True,True,0.4196948392680747,0.12,0.18,False,True,True,False,True,33.23004855441577,,33.23004855441577,33.855967333156386,False,True,True,False,0.8207693825518051,0.9410375269309704,0.8207693825518051,False,left_only,min,none,none,0,moving_average,4,2.0,peak,11,-1,-1,11,False,0.8537647197209034,False,False,False,False,False,False,False,,
frame_000256.jpg,,,256,True,0.78783990352514,0.10860327107482763,0.001352820396781423,1.8771731977907817,True,False,False,True,True,0.4196948392680747,0.12,0.18,True,True,False,False,False,,,33.23004855441577,33.855967333156386,True,True,False,False,0.8207693825518051,0.9410375269309704,0.8207693825518051,False,missing,min,none,none,0,moving_average,4,2.0,peak,11,-1,-1,11,False,0.8207693825518051,False,False,False,False,False,False,False,,
frame_000257.jpg,,,257,False,,,,0.0,False,False,False,False,True,0.4196948392680747,0.12,0.18,True,True,False,False,False,,,33.23004855441577,33.855967333156386,True,True,False,False,0.8207693825518051,0.9410375269309704,0.8207693825518051,False,missing,min,none,none,0,moving_average,4,2.0,peak,11,-1,-1,11,False,0.8207693825518051,False,False,False,False,False,False,False,,
frame_000258.jpg,,,258,False,,,,0.0,False,False,False,False,False,0.4196948392680747,0.12,0.18,True,True,False,False,False,,,33.23004855441577,33.855967333156386,True,True,False,False,0.8207693825518051,0.9410375269309704,0.8207693825518051,False,missing,min,none,none,0,moving_average,4,2.0,peak,11,-1,-1,11,False,0.8207693825518051,False,False,False,False,False,False,False,,
frame_000259.jpg,,,259,False,,,,0.0,False,False,False,False,False,0.4196948392680747,0.12,0.18,True,True,False,False,False,,,33.23004855441577,33.855967333156386,True,True,False,False,0.8207693825518051,0.9410375269309704,0.8207693825518051,False,missing,min,none,none,0,moving_average,4,2.0,peak,11,-1,-1,11,False,0.8207693825518051,False,False,False,False,False,False,False,,
frame_000260.jpg,,,260,False,,,,0.0,False,False,False,False,False,0.4196948392680747,0.12,0.18,True,True,False,False,False,,,33.23004855441577,33.855967333156386,True,True,False,False,0.8207693825518051,0.9410375269309704,0.8207693825518051,False,missing,min,none,none,0,moving_average,4,2.0,peak,11,-1,-1,11,False,,False,False,False,False,False,False,False,,
