frame_name,left_temp,right_temp,frame_index,motion_coordinate_valid,motion_center_step_norm,motion_scale_step_log,motion_angle_step_rad,motion_score,motion_center_flag,motion_scale_flag,motion_angle_flag,motion_artifact_raw,motion_artifact,motion_center_threshold,motion_scale_threshold,motion_angle_threshold,left_missing_raw,right_missing_raw,left_quality_valid,right_quality_valid,quality_any_valid,left_temp_motion_filtered,right_temp_motion_filtered,left_temp_used,right_temp_used,left_repaired,right_repaired,left_motion_interpolated,right_motion_interpolated,left_norm,right_norm,fused_norm,fused_repaired,fusion_source,selected_fusion_mode,peak_retune_rule,edge_peak_completion,edge_peak_added,smoothing_method,butterworth_order,butterworth_cutoff_hz,rr_estimator,time_peak_count,spectral_count,autocorr_count,joint_count,joint_adjusted,smoothed_norm,is_peak,source_peak_rejected,quality_peak_rejected,mad_ibi_peak_rejected,motion_peak_rejected,motion_interval_peak_rejected,motion_reconstructed_peak,peak_number,event_source
frame_000000.jpg,,,0,False,,,,0.0,False,False,False,False,False,1.1602686808009985,0.21646845063349857,0.18,True,True,False,False,False,,,32.62760571840071,33.469293179339886,True,True,False,False,0.5758737610907471,0.848643150260166,0.5758737610907471,False,missing,min,none,none,0,moving_average,4,2.0,peak,7,-1,-1,7,False,,False,False,False,False,False,False,False,,
frame_000001.jpg,,,1,False,,,,0.0,False,False,False,False,False,1.1602686808009985,0.21646845063349857,0.18,True,True,False,False,False,,,32.62760571840071,33.469293179339886,True,True,False,False,0.5758737610907471,0.848643150260166,0.5758737610907471,False,missing,min,none,none,0,moving_average,4,2.0,peak,7,-1,-1,7,False,0.575873761090747,False,False,False,False,False,False,False,,
frame_000002.jpg,,,2,False,,,,0.0,False,False,False,False,False,1.1602686808009985,0.21646845063349857,0.18,True,True,False,False,False,,,32.62760571840071,33.469293179339886,True,True,False,False,0.5758737610907471,0.848643150260166,0.5758737610907471,False,missing,min,none,none,0,moving_average,4,2.0,peak,7,-1,-1,7,False,0.575873761090747,False,False,False,False,False,False,False,,
frame_000003.jpg,,,3,True,,,,0.0,False,False,False,False,False,1.1602686808009985,0.21646845063349857,0.18,True,True,False,False,False,,,32.62760571840071,33.469293179339886,True,True,False,False,0.5758737610907471,0.848643150260166,0.5758737610907471,False,missing,min,none,none,0,moving_average,4,2.0,peak,7,-1,-1,7,False,0.575873761090747,False,False,False,False,False,False,False,,
frame_000004.jpg,,,4,False,,,,0.0,False,False,False,False,False,1.1602686808009985,0.21646845063349857,0.18,True,True,False,False,False,,,32.62760571840071,33.469293179339886,True,True,False,False,0.5758737610907471,0.848643150260166,0.5758737610907471,False,missing,min,none,none,0,moving_average,4,2.0,peak,7,-1,-1,7,False,0.575873761090747,False,False,False,False,False,False,False,,
frame_000005.jpg,,,5,False,,,,0.0,False,False,False,False,False,1.1602686808009985,0.21646845063349857,0.18,True,True,False,False,False,,,32.62760571840071,33.469293179339886,True,True,False,False,0.5758737610907471,0.848643150260166,0.5758737610907471,False,missing,min,none,none,0,moving_average,4,2.0,peak,7,-1,-1,7,False,0.575873761090747,False,False,False,False,False,False,False,,
frame_000006.jpg,,,6,False,,,,0.0,False,False,False,False,False,1.1602686808009985,0.21646845063349857,0.18,True,True,False,False,False,,,32.62760571840071,33.469293179339886,True,True,False,False,0.5758737610907471,0.848643150260166,0.5758737610907471,False,missing,min,none,none,0,moving_average,4,2.0,peak,7,-1,-1,7,False,0.575873761090747,False,False,False,False,False,False,False,,
frame_000007.jpg,,,7,False,,,,0.0,False,False,False,False,False,1.1602686808009985,0.21646845063349857,0.18,True,True,False,False,False,,,32.62760571840071,33.469293179339886,True,True,False,False,0.5758737610907471,0.848643150260166,0.5758737610907471,False,missing,min,none,none,0,moving_average,4,2.0,peak,7,-1,-1,7,False,0.575873761090747,False,False,False,False,False,False,False,,
frame_000008.jpg,,,8,False,,,,0.0,False,False,False,False,False,1.1602686808009985,0.21646845063349857,0.18,True,True,False,False,False,,,32.62760571840071,33.469293179339886,True,True,False,False,0.5758737610907471,0.848643150260166,0.5758737610907471,False,missing,min,none,none,0,moving_average,4,2.0,peak,7,-1,-1,7,False,0.575873761090747,False,False,False,False,False,False,False,,
frame_000009.jpg,,,9,False,,,,0.0,False,False,False,False,False,1.1602686808009985,0.21646845063349857,0.18,True,True,False,False,False,,,32.62760571840071,33.469293179339886,True,True,False,False,0.5758737610907471,0.848643150260166,0.5758737610907471,False,missing,min,none,none,0,moving_average,4,2.0,peak,7,-1,-1,7,False,0.575873761090747,False,False,False,False,False,False,False,,
frame_000010.jpg,,,10,False,,,,0.0,False,False,False,False,False,1.1602686808009985,0.21646845063349857,0.18,True,True,False,False,False,,,32.62760571840071,33.469293179339886,True,True,False,False,0.5758737610907471,0.848643150260166,0.5758737610907471,False,missing,min,none,none,0,moving_average,4,2.0,peak,7,-1,-1,7,False,0.575873761090747,False,False,False,False,False,False,False,,
frame_000011.jpg,,,11,False,,,,0.0,False,False,False,False,False,1.1602686808009985,0.21646845063349857,0.18,True,True,False,False,False,,,32.62760571840071,33.469293179339886,True,True,False,False,0.5758737610907471,0.848643150260166,0.5758737610907471,False,missing,min,none,none,0,moving_average,4,2.0,peak,7,-1,-1,7,False,0.575873761090747,False,False,False,False,False,False,False,,
frame_000012.jpg,,,12,False,,,,0.0,False,False,False,False,False,1.1602686808009985,0.21646845063349857,0.18,True,True,False,False,False,,,32.62760571840071,33.469293179339886,True,True,False,False,0.5758737610907471,0.848643150260166,0.5758737610907471,False,missing,min,none,none,0,moving_average,4,2.0,peak,7,-1,-1,7,False,0.575873761090747,False,False,False,False,False,False,False,,
frame_000013.jpg,,,13,False,,,,0.0,False,False,False,False,False,1.1602686808009985,0.21646845063349857,0.18,True,True,False,False,False,,,32.62760571840071,33.469293179339886,True,True,False,False,0.5758737610907471,0.848643150260166,0.5758737610907471,False,missing,min,none,none,0,moving_average,4,2.0,peak,7,-1,-1,7,False,0.575873761090747,False,False,False,False,False,False,False,,
frame_000014.jpg,,,14,True,,,,0.0,False,False,False,False,True,1.1602686808009985,0.21646845063349857,0.18,True,True,False,False,False,,,32.62760571840071,33.469293179339886,True,True,False,False,0.5758737610907471,0.848643150260166,0.5758737610907471,False,missing,min,none,none,0,moving_average,4,2.0,peak,7,-1,-1,7,False,0.575873761090747,False,False,False,False,False,False,False,,
frame_000015.jpg,32.62760571840071,,15,True,0.516684498380657,0.5328648495881254,0.035364519122107814,2.461628232791834,False,True,False,True,True,1.1602686808009985,0.21646845063349857,0.18,False,True,True,False,True,32.62760571840071,,32.62760571840071,33.469293179339886,False,True,True,False,0.5758737610907471,0.848643150260166,0.5758737610907471,False,left_only,min,none,none,0,moving_average,4,2.0,peak,7,-1,-1,7,False,0.575873761090747,False,False,False,False,False,False,False,,
frame_000016.jpg,32.62760571840071,,16,True,0.0,0.0,0.0,0.0,False,False,False,False,True,1.1602686808009985,0.21646845063349857,0.18,False,True,True,False,True,32.62760571840071,,32.62760571840071,33.469293179339886,False,True,True,False,0.5758737610907471,0.848643150260166,0.5758737610907471,False,left_only,min,none,none,0,moving_average,4,2.0,peak,7,-1,-1,7,False,0.6136886569784971,False,False,False,False,False,False,False,,
frame_000017.jpg,33.01824858051358,33.469293179339886,17,True,0.5279733110146243,0.09653864859868097,0.005406386214285469,0.4550440081258892,False,False,False,False,False,1.1602686808009985,0.21646845063349857,0.18,False,False,True,True,True,33.01824858051358,33.469293179339886,33.01824858051358,33.469293179339886,False,False,False,False,0.6893184487539973,0.848643150260166,0.6893184487539973,False,both,min,none,none,0,moving_average,4,2.0,peak,7,-1,-1,7,False,0.6623422539168693,False,False,False,False,False,False,False,,
frame_000018.jpg,33.13021665818776,33.72369954926296,18,True,0.642628712765852,0.07772754726278067,0.009980930463513334,0.5538619833487269,False,False,False,False,True,1.1602686808009985,0.21646845063349857,0.18,False,False,True,True,True,33.13021665818776,33.72369954926296,33.13021665818776,33.72369954926296,False,False,True,True,0.7218345519058638,0.8958499481600509,0.7218345519058638,False,both,min,none,none,0,moving_average,4,2.0,peak,7,-1,-1,7,False,0.7732027189746394,False,False,False,False,False,False,False,,
frame_000019.jpg,33.77283826099142,34.046124483511875,19,True,1.5577278289284189,0.012917414525946587,0.0013587987667287894,1.342557852938883,True,False,False,True,True,1.1602686808009985,0.21646845063349857,0.18,False,False,True,True,True,33.77283826099142,34.046124483511875,33.77283826099142,34.046124483511875,False,False,True,True,0.9084551562640573,0.9556780441058187,0.9084551562640573,False,both,min,none,none,0,moving_average,4,2.0,peak,7,-1,-1,7,False,0.8462482881446594,False,False,False,False,False,False,False,,
frame_000020.jpg,33.77283826099142,34.046124483511875,20,True,0.0,0.0,0.0,0.0,False,False,False,False,True,1.1602686808009985,0.21646845063349857,0.18,False,False,True,True,True,33.77283826099142,34.046124483511875,33.77283826099142,34.046124483511875,False,False,True,True,0.9084551562640573,0.9556780441058187,0.9084551562640573,False,both,min,none,none,0,moving_average,4,2.0,peak,7,-1,-1,7,False,0.8627238092388734,True,False,False,False,False,False,False,1,
frame_000021.jpg,33.30041532101496,33.21276719046492,21,True,0.7058419862250541,0.03484682976922227,0.016477087703563736,0.6083435655074063,False,False,False,False,False,1.1602686808009985,0.21646845063349857,0.18,False,False,True,True,True,33.30041532101496,33.21276719046492,33.30041532101496,33.21276719046492,False,False,False,False,0.7712611151885058,0.8010430429336469,0.7712611151885058,False,both,min,none,none,0,moving_average,4,2.0,peak,7,-1,-1,7,False,0.8112817854391348,False,False,False,False,False,False,False,,
frame_000022.jpg,33.24142176655865,33.45857840104863,22,True,0.5721099181419114,0.09393404079733267,0.028873343912293573,0.4930839964989418,False,False,False,False,False,1.1602686808009985,0.21646845063349857,0.18,False,False,True,True,True,33.24142176655865,33.45857840104863,33.24142176655865,33.45857840104863,False,False,False,False,0.7541290848648413,0.8466549517198131,0.7541290848648413,False,both,min,none,none,0,moving_average,4,2.0,peak,7,-1,-1,7,False,0.763230025041069,False,False,False,False,False,False,False,,
frame_000023.jpg,33.27644453119821,33.508796275820785,23,True,0.4824011745847163,0.04711815506264575,0.0008131378988488133,0.41576678106288945,False,False,False,False,False,1.1602686808009985,0.21646845063349857,0.18,False,False,True,True,True,33.27644453119821,33.508796275820785,33.27644453119821,33.508796275820785,False,False,False,False,0.76429987506986,0.8559732131534707,0.76429987506986,False,both,min,none,none,0,moving_average,4,2.0,peak,7,-1,-1,7,False,0.7899781392034197,False,False,False,False,False,False,False,,
frame_000024.jpg,33.57673394168548,33.732698454110775,24,True,0.45550277146358853,0.0398360498495778,0.02582848738168527,0.3925838721675478,False,False,False,False,False,1.1602686808009985,0.21646845063349857,0.18,False,False,True,True,True,33.57673394168548,33.732698454110775,33.57673394168548,33.732698454110775,False,False,False,False,0.8515054576755584,0.8975197549443682,0.8515054576755584,False,both,min,none,none,0,moving_average,4,2.0,peak,7,-1,-1,7,False,0.804424846751598,False,False,False,False,False,False,False,,
frame_000025.jpg,33.390661981353375,33.66906359941281,25,True,0.39354110435728223,0.0063372838943806615,0.018500025880389515,0.3391810111478651,False,False,False,False,False,1.1602686808009985,0.21646845063349857,0.18,False,False,True,True,True,33.390661981353375,33.66906359941281,33.390661981353375,33.66906359941281,False,False,False,False,0.7974692075093758,0.8857118834432586,0.7974692075093758,False,both,min,none,none,0,moving_average,4,2.0,peak,7,-1,-1,7,False,0.7910566225436161,False,False,False,False,False,False,False,,
frame_000026.jpg,33.13834547675484,33.559861514509016,26,True,0.3609950683566302,0.03893648721692149,0.030349725278710354,0.3111305806405246,False,False,False,False,False,1.1602686808009985,0.21646845063349857,0.18,False,False,True,True,True,33.13834547675484,33.559861514509016,33.13834547675484,33.559861514509016,False,False,False,False,0.7241952024459142,0.8654487086105759,0.7241952024459142,False,both,min,none,none,0,moving_average,4,2.0,peak,7,-1,-1,7,False,0.7709314202458047,False,False,False,False,False,False,False,,
frame_000027.jpg,33.36883262550695,33.84097648188617,27,True,0.40365395273566257,0.004104845374724416,0.025447722064006292,0.34789696508656737,False,False,False,False,False,1.1602686808009985,0.21646845063349857,0.18,False,False,True,True,True,33.36883262550695,33.84097648188617,33.36883262550695,33.84097648188617,False,False,False,False,0.7911298507821243,0.9176114648167936,0.7911298507821243,False,both,min,none,none,0,moving_average,4,2.0,peak,7,-1,-1,7,False,0.7715368566883922,False,False,False,False,False,False,False,,
frame_000028.jpg,33.39691637976457,34.200630055480275,28,True,0.22323552330532512,0.004314577638029309,0.020436780451394878,0.1923998527230892,False,False,False,False,False,1.1602686808009985,0.21646845063349857,0.18,False,False,True,True,True,33.39691637976457,34.200630055480275,33.39691637976457,34.200630055480275,False,False,False,False,0.7992855168371382,0.9843475829720184,0.7992855168371382,False,both,min,none,none,0,moving_average,4,2.0,peak,7,-1,-1,7,False,0.7875084559663799,False,False,False,False,False,False,False,,
frame_000029.jpg,33.30333842749556,33.916701816547885,29,True,0.22428511037927334,0.021678117753395395,0.01706669260098877,0.19330445963984544,False,False,False,False,False,1.1602686808009985,0.21646845063349857,0.18,False,False,True,True,True,33.30333842749556,33.916701816547885,33.30333842749556,33.916701816547885,False,False,False,False,0.7721100002798771,0.9316628054744882,0.7721100002798771,False,both,min,none,none,0,moving_average,4,2.0,peak,7,-1,-1,7,False,0.7568608807837296,False,False,False,False,False,False,False,,
frame_000030.jpg,33.05223102698058,,30,True,0.3081957679315173,0.06419311309498996,0.0315625585115934,0.29654720079128266,False,False,False,False,False,1.1602686808009985,0.21646845063349857,0.18,False,True,True,False,True,33.05223102698058,,33.05223102698058,33.9430076792072,False,True,False,False,0.6991871252341734,0.9365440336548826,0.6991871252341734,False,left_only,min,none,none,0,moving_average,4,2.0,peak,7,-1,-1,7,False,0.6655044057982387,False,False,False,False,False,False,False,,
frame_000031.jpg,32.45316778485079,,31,True,0.4010617283957073,2.2204460492503128e-16,3.469446951953614e-18,0.34566280641034963,False,False,False,False,False,1.1602686808009985,0.21646845063349857,0.18,False,True,True,False,True,32.45316778485079,,32.45316778485079,33.969313541866505,False,True,False,False,0.5252160918806656,0.9414252618352756,0.5252160918806656,False,left_only,min,none,none,0,moving_average,4,2.0,peak,7,-1,-1,7,False,0.5911189335967029,False,False,False,False,False,False,False,,
frame_000032.jpg,,,32,True,0.15167199044478183,0.0946267523888169,0.029067691185062215,0.4371387706240338,False,False,False,False,False,1.1602686808009985,0.21646845063349857,0.18,True,True,False,False,False,,,32.5349070176437,33.99561940452581,True,True,False,False,0.5489535836752697,0.9463064900156686,0.5489535836752697,False,missing,min,none,none,0,moving_average,4,2.0,peak,7,-1,-1,7,False,0.5489535836752697,False,False,False,False,False,False,False,,
frame_000033.jpg,,,33,False,,,,0.0,False,False,False,False,False,1.1602686808009985,0.21646845063349857,0.18,True,True,False,False,False,,,32.6166462504366,34.021925267185125,True,True,False,False,0.5726910754698737,0.951187718196063,0.5726910754698737,False,missing,min,none,none,0,moving_average,4,2.0,peak,7,-1,-1,7,False,0.5726910754698737,False,False,False,False,False,False,False,,
frame_000034.jpg,,,34,False,,,,0.0,False,False,False,False,False,1.1602686808009985,0.21646845063349857,0.18,True,True,False,False,False,,,32.69838548322951,34.04823112984444,True,True,False,False,0.5964285672644778,0.9560689463764573,0.5964285672644778,False,missing,min,none,none,0,moving_average,4,2.0,peak,7,-1,-1,7,False,0.5964285672644778,False,False,False,False,False,False,False,,
frame_000035.jpg,,,35,False,,,,0.0,False,False,False,False,False,1.1602686808009985,0.21646845063349857,0.18,True,True,False,False,False,,,32.780124716022414,34.074536992503745,True,True,False,False,0.6201660590590818,0.9609501745568504,0.6201660590590818,False,missing,min,none,none,0,moving_average,4,2.0,peak,7,-1,-1,7,False,0.6201660590590818,False,False,False,False,False,False,False,,
frame_000036.jpg,,,36,False,,,,0.0,False,False,False,False,False,1.1602686808009985,0.21646845063349857,0.18,True,True,False,False,False,,,32.86186394881532,34.10084285516305,True,True,False,False,0.6439035508536859,0.9658314027372434,0.6439035508536859,False,missing,min,none,none,0,moving_average,4,2.0,peak,7,-1,-1,7,False,0.6439035508536858,False,False,False,False,False,False,False,,
frame_000037.jpg,,,37,False,,,,0.0,False,False,False,False,False,1.1602686808009985,0.21646845063349857,0.18,True,True,False,False,False,,,32.943603181608225,34.127148717822365,True,True,False,False,0.6676410426482898,0.9707126309176378,0.6676410426482898,False,missing,min,none,none,0,moving_average,4,2.0,peak,7,-1,-1,7,False,0.6676410426482906,False,False,False,False,False,False,False,,
frame_000038.jpg,,,38,False,,,,0.0,False,False,False,False,False,1.1602686808009985,0.21646845063349857,0.18,True,True,False,False,False,,,33.02534241440114,34.15345458048168,True,True,False,False,0.691378534442896,0.9755938590980322,0.691378534442896,False,missing,min,none,none,0,moving_average,4,2.0,peak,7,-1,-1,7,False,0.6913785344428952,False,False,False,False,False,False,False,,
frame_000039.jpg,,,39,False,,,,0.0,False,False,False,False,False,1.1602686808009985,0.21646845063349857,0.18,True,True,False,False,False,,,33.10708164719404,34.179760443140985,True,True,False,False,0.7151160262375,0.9804750872784253,0.7151160262375,False,missing,min,none,none,0,moving_average,4,2.0,peak,7,-1,-1,7,False,0.7151160262374999,False,False,False,False,False,False,False,,
frame_000040.jpg,,,40,False,,,,0.0,False,False,False,False,False,1.1602686808009985,0.21646845063349857,0.18,True,True,False,False,False,,,33.18882087998695,34.20606630580029,True,True,False,False,0.738853518032104,0.9853563154588182,0.738853518032104,False,missing,min,none,none,0,moving_average,4,2.0,peak,7,-1,-1,7,False,0.738853518032104,False,False,False,False,False,False,False,,
frame_000041.jpg,,,41,False,,,,0.0,False,False,False,False,False,1.1602686808009985,0.21646845063349857,0.18,True,True,False,False,False,,,33.270560112779854,34.232372168459605,True,True,False,False,0.762591009826708,0.9902375436392126,0.762591009826708,False,missing,min,none,none,0,moving_average,4,2.0,peak,7,-1,-1,7,False,0.762591009826708,False,False,False,False,False,False,False,,
frame_000042.jpg,,,42,True,,,,0.0,False,False,False,False,False,1.1602686808009985,0.21646845063349857,0.18,True,True,False,False,False,,,33.35229934557276,34.25867803111892,True,True,False,False,0.7863285016213121,0.995118771819607,0.7863285016213121,False,missing,min,none,none,0,moving_average,4,2.0,peak,7,-1,-1,7,False,0.786328501621312,False,False,False,False,False,False,False,,
frame_000043.jpg,33.434038578365666,34.284983893778225,43,True,0.8734134449304101,0.022072327016704158,0.013788472063719364,0.7527682677148915,False,False,False,False,True,1.1602686808009985,0.21646845063349857,0.18,False,False,True,True,True,33.434038578365666,34.284983893778225,33.434038578365666,34.284983893778225,False,False,True,True,0.8100659934159161,1.0,0.8100659934159161,False,both,min,none,none,0,moving_average,4,2.0,peak,7,-1,-1,7,False,0.8085766310298961,True,False,False,False,False,False,False,2,
frame_000044.jpg,33.50039210741566,33.814950495570905,44,True,1.3737670569349427,0.004794542756538341,0.020855572586062562,1.1840077041350063,True,False,False,True,True,1.1602686808009985,0.21646845063349857,0.18,False,False,True,True,True,33.50039210741566,33.814950495570905,33.50039210741566,33.814950495570905,False,False,True,True,0.8293353980524603,0.9127821695577891,0.8293353980524603,False,both,min,none,none,0,moving_average,4,2.0,peak,7,-1,-1,7,False,0.7927449884879079,False,False,False,False,False,False,False,,
frame_000045.jpg,33.188752203385505,33.29655871944602,45,True,0.484260409440612,0.0013227638310111345,0.0011300767230254458,0.4173691985776087,False,False,False,False,True,1.1602686808009985,0.21646845063349857,0.18,False,False,True,True,True,33.188752203385505,33.29655871944602,33.188752203385505,33.29655871944602,False,False,True,True,0.7388335739953477,0.8165911197193381,0.7388335739953477,False,both,min,none,none,0,moving_average,4,2.0,peak,7,-1,-1,7,False,0.7537373371486624,False,False,False,False,False,False,False,,
frame_000046.jpg,33.031074079701,33.01713991762164,46,True,0.5861379696676643,0.02840210022007697,0.013886007329541395,0.5051743439829992,False,False,False,False,False,1.1602686808009985,0.21646845063349857,0.18,False,False,True,True,True,33.031074079701,33.01713991762164,33.031074079701,33.01713991762164,False,False,False,False,0.6930430393981799,0.7647430983386635,0.6930430393981799,False,both,min,none,none,0,moving_average,4,2.0,peak,7,-1,-1,7,False,0.7364482850585784,False,False,False,False,False,False,False,,
frame_000047.jpg,33.32178934696546,33.540552898306046,47,True,0.8417444291050062,0.01915485532087196,0.008323830912585064,0.7254737140055378,False,False,False,False,False,1.1602686808009985,0.21646845063349857,0.18,False,False,True,True,True,33.32178934696546,33.540552898306046,33.32178934696546,33.540552898306046,False,False,False,False,0.7774682417822079,0.8618658661562157,0.7774682417822079,False,both,min,none,none,0,moving_average,4,2.0,peak,7,-1,-1,7,False,0.772790150793867,False,False,False,False,False,False,False,,
frame_000048.jpg,33.56417808020125,33.96349048562326,48,True,0.8878355140479107,0.06736858593352271,0.01973130069010028,0.7651982068799686,False,False,False,False,False,1.1602686808009985,0.21646845063349857,0.18,False,False,True,True,True,33.56417808020125,33.96349048562326,33.56417808020125,33.96349048562326,False,False,False,False,0.8478591712012133,0.9403447549308391,0.8478591712012133,False,both,min,none,none,0,moving_average,4,2.0,peak,7,-1,-1,7,False,0.7610639373522575,False,False,False,False,False,False,False,,
frame_000049.jpg,32.9099376472704,33.592571910451184,49,True,0.8324318317354151,0.07648393293539496,0.004019525315212789,0.7174474718741358,False,False,False,False,False,1.1602686808009985,0.21646845063349857,0.18,False,False,True,True,True,32.9099376472704,33.592571910451184,32.9099376472704,33.592571910451184,False,False,False,False,0.6578643990733515,0.871518340636433,0.6578643990733515,False,both,min,none,none,0,moving_average,4,2.0,peak,7,-1,-1,7,False,0.7211959897826388,False,False,False,False,False,False,False,,
frame_000050.jpg,32.9099376472704,33.592571910451184,50,True,0.0,0.0,0.0,0.0,False,False,False,False,False,1.1602686808009985,0.21646845063349857,0.18,False,False,True,True,True,32.9099376472704,33.592571910451184,32.9099376472704,33.592571910451184,False,False,False,False,0.6578643990733515,0.871518340636433,0.6578643990733515,False,both,min,none,none,0,moving_average,4,2.0,peak,7,-1,-1,7,False,0.6727276723723672,False,False,False,False,False,False,False,,
frame_000051.jpg,33.063481151373345,33.69437482603262,51,True,0.5393863731016406,0.0949518442926239,0.037094782844307075,0.4648805763931092,False,False,False,False,False,1.1602686808009985,0.21646845063349857,0.18,False,False,True,True,True,33.063481151373345,33.69437482603262,33.063481151373345,33.69437482603262,False,False,False,False,0.7024542189703988,0.8904085502759365,0.7024542189703988,False,both,min,none,none,0,moving_average,4,2.0,peak,7,-1,-1,7,False,0.6504342341541464,False,False,False,False,False,False,False,,
frame_000052.jpg,32.67963759467331,33.06417112445228,52,True,0.20508901850178826,0.040673013617876785,0.02337270705516706,0.1878934944045958,False,False,False,False,False,1.1602686808009985,0.21646845063349857,0.18,False,False,True,True,True,32.67963759467331,33.06417112445228,32.67963759467331,33.06417112445228,False,False,False,False,0.5909840844186889,0.7734700522923439,0.5909840844186889,False,both,min,none,none,0,moving_average,4,2.0,peak,7,-1,-1,7,False,0.6288473767846066,False,False,False,False,False,False,False,,
frame_000053.jpg,,32.40701532199281,53,True,1.0591670365677586,0.024421356794502636,0.014737785196419578,0.9128635927986578,False,False,False,False,False,1.1602686808009985,0.21646845063349857,0.18,True,False,False,True,True,,32.40701532199281,32.68693685488712,32.40701532199281,True,False,False,False,0.5931038269647323,0.6515304123186232,0.5931038269647323,False,right_only,min,none,none,0,moving_average,4,2.0,peak,7,-1,-1,7,False,0.5931038269647322,False,False,False,False,False,False,False,,
frame_000054.jpg,,,54,False,,,,0.0,False,False,False,False,False,1.1602686808009985,0.21646845063349857,0.18,True,True,False,False,False,,,32.694236115100935,32.42807822961625,True,True,False,False,0.5952235695107756,0.6554387752407632,0.5952235695107756,False,missing,min,none,none,0,moving_average,4,2.0,peak,7,-1,-1,7,False,0.5952235695107756,False,False,False,False,False,False,False,,
frame_000055.jpg,,,55,False,,,,0.0,False,False,False,False,False,1.1602686808009985,0.21646845063349857,0.18,True,True,False,False,False,,,32.70153537531475,32.449141137239685,True,True,False,False,0.5973433120568189,0.6593471381629034,0.5973433120568189,False,missing,min,none,none,0,moving_average,4,2.0,peak,7,-1,-1,7,False,0.5973433120568196,False,False,False,False,False,False,False,,
frame_000056.jpg,,,56,False,,,,0.0,False,False,False,False,False,1.1602686808009985,0.21646845063349857,0.18,True,True,False,False,False,,,32.70883463552857,32.47020404486313,True,True,False,False,0.5994630546028643,0.6632555010850447,0.5994630546028643,False,missing,min,none,none,0,moving_average,4,2.0,peak,7,-1,-1,7,False,0.5994630546028636,False,False,False,False,False,False,False,,
frame_000057.jpg,,,57,False,,,,0.0,False,False,False,False,False,1.1602686808009985,0.21646845063349857,0.18,True,True,False,False,False,,,32.71613389574238,32.49126695248657,True,True,False,False,0.6015827971489077,0.6671638640071847,0.6015827971489077,False,missing,min,none,none,0,moving_average,4,2.0,peak,7,-1,-1,7,False,0.6015827971489076,False,False,False,False,False,False,False,,
frame_000058.jpg,,,58,False,,,,0.0,False,False,False,False,False,1.1602686808009985,0.21646845063349857,0.18,True,True,False,False,False,,,32.723433155956194,32.51232986011001,True,True,False,False,0.603702539694951,0.6710722269293249,0.603702539694951,False,missing,min,none,none,0,moving_average,4,2.0,peak,7,-1,-1,7,False,0.603702539694951,False,False,False,False,False,False,False,,
frame_000059.jpg,,,59,False,,,,0.0,False,False,False,False,False,1.1602686808009985,0.21646845063349857,0.18,True,True,False,False,False,,,32.73073241617001,32.533392767733446,True,True,False,False,0.6058222822409943,0.6749805898514649,0.6058222822409943,False,missing,min,none,none,0,moving_average,4,2.0,peak,7,-1,-1,7,False,0.6058222822409943,False,False,False,False,False,False,False,,
frame_000060.jpg,,,60,False,,,,0.0,False,False,False,False,False,1.1602686808009985,0.21646845063349857,0.18,True,True,False,False,False,,,32.73803167638382,32.55445567535689,True,True,False,False,0.6079420247870377,0.6788889527736064,0.6079420247870377,False,missing,min,none,none,0,moving_average,4,2.0,peak,7,-1,-1,7,False,0.6079420247870377,False,False,False,False,False,False,False,,
frame_000061.jpg,,,61,False,,,,0.0,False,False,False,False,False,1.1602686808009985,0.21646845063349857,0.18,True,True,False,False,False,,,32.74533093659763,32.57551858298033,True,True,False,False,0.610061767333081,0.6827973156957464,0.610061767333081,False,missing,min,none,none,0,moving_average,4,2.0,peak,7,-1,-1,7,False,0.6100617673330817,False,False,False,False,False,False,False,,
frame_000062.jpg,,,62,False,,,,0.0,False,False,False,False,False,1.1602686808009985,0.21646845063349857,0.18,True,True,False,False,False,,,32.75263019681145,32.59658149060377,True,True,False,False,0.6121815098791265,0.6867056786178865,0.6121815098791265,False,missing,min,none,none,0,moving_average,4,2.0,peak,7,-1,-1,7,False,0.6121815098791257,False,False,False,False,False,False,False,,
frame_000063.jpg,,,63,False,,,,0.0,False,False,False,False,False,1.1602686808009985,0.21646845063349857,0.18,True,True,False,False,False,,,32.759929457025265,32.617644398227206,True,True,False,False,0.6143012524251698,0.6906140415400266,0.6143012524251698,False,missing,min,none,none,0,moving_average,4,2.0,peak,7,-1,-1,7,False,0.6143012524251698,False,False,False,False,False,False,False,,
frame_000064.jpg,,,64,False,,,,0.0,False,False,False,False,False,1.1602686808009985,0.21646845063349857,0.18,True,True,False,False,False,,,32.76722871723908,32.63870730585065,True,True,False,False,0.6164209949712132,0.694522404462168,0.6164209949712132,False,missing,min,none,none,0,moving_average,4,2.0,peak,7,-1,-1,7,False,0.616420994971213,False,False,False,False,False,False,False,,
frame_000065.jpg,,,65,False,,,,0.0,False,False,False,False,False,1.1602686808009985,0.21646845063349857,0.18,True,True,False,False,False,,,32.77452797745289,32.65977021347409,True,True,False,False,0.6185407375172565,0.6984307673843081,0.6185407375172565,False,missing,min,none,none,0,moving_average,4,2.0,peak,7,-1,-1,7,False,0.6185407375172565,False,False,False,False,False,False,False,,
frame_000066.jpg,,,66,False,,,,0.0,False,False,False,False,False,1.1602686808009985,0.21646845063349857,0.18,True,True,False,False,False,,,32.781827237666704,32.68083312109753,True,True,False,False,0.6206604800632998,0.7023391303064481,0.6206604800632998,False,missing,min,none,none,0,moving_average,4,2.0,peak,7,-1,-1,7,False,0.6206604800632998,False,False,False,False,False,False,False,,
frame_000067.jpg,,,67,False,,,,0.0,False,False,False,False,False,1.1602686808009985,0.21646845063349857,0.18,True,True,False,False,False,,,32.78912649788052,32.70189602872097,True,True,False,False,0.6227802226093432,0.7062474932285883,0.6227802226093432,False,missing,min,none,none,0,moving_average,4,2.0,peak,7,-1,-1,7,False,0.6227802226093438,False,False,False,False,False,False,False,,
frame_000068.jpg,,,68,False,,,,0.0,False,False,False,False,False,1.1602686808009985,0.21646845063349857,0.18,True,True,False,False,False,,,32.79642575809434,32.72295893634441,True,True,False,False,0.6248999651553886,0.7101558561507296,0.6248999651553886,False,missing,min,none,none,0,moving_average,4,2.0,peak,7,-1,-1,7,False,0.6248999651553879,False,False,False,False,False,False,False,,
frame_000069.jpg,,,69,False,,,,0.0,False,False,False,False,False,1.1602686808009985,0.21646845063349857,0.18,True,True,False,False,False,,,32.80372501830815,32.74402184396785,True,True,False,False,0.6270197077014319,0.7140642190728697,0.6270197077014319,False,missing,min,none,none,0,moving_average,4,2.0,peak,7,-1,-1,7,False,0.6270197077014319,False,False,False,False,False,False,False,,
frame_000070.jpg,,,70,False,,,,0.0,False,False,False,False,False,1.1602686808009985,0.21646845063349857,0.18,True,True,False,False,False,,,32.81102427852196,32.76508475159129,True,True,False,False,0.6291394502474752,0.7179725819950098,0.6291394502474752,False,missing,min,none,none,0,moving_average,4,2.0,peak,7,-1,-1,7,False,0.6291394502474752,False,False,False,False,False,False,False,,
frame_000071.jpg,,,71,False,,,,0.0,False,False,False,False,False,1.1602686808009985,0.21646845063349857,0.18,True,True,False,False,False,,,32.818323538735775,32.78614765921473,True,True,False,False,0.6312591927935186,0.7218809449171498,0.6312591927935186,False,missing,min,none,none,0,moving_average,4,2.0,peak,7,-1,-1,7,False,0.6312591927935185,False,False,False,False,False,False,False,,
frame_000072.jpg,,,72,False,,,,0.0,False,False,False,False,False,1.1602686808009985,0.21646845063349857,0.18,True,True,False,False,False,,,32.82562279894959,32.80721056683817,True,True,False,False,0.6333789353395619,0.7257893078392913,0.6333789353395619,False,missing,min,none,none,0,moving_average,4,2.0,peak,7,-1,-1,7,False,0.6333789353395618,False,False,False,False,False,False,False,,
frame_000073.jpg,,,73,False,,,,0.0,False,False,False,False,False,1.1602686808009985,0.21646845063349857,0.18,True,True,False,False,False,,,32.8329220591634,32.82827347446161,True,True,False,False,0.6354986778856052,0.7296976707614313,0.6354986778856052,False,missing,min,none,none,0,moving_average,4,2.0,peak,7,-1,-1,7,False,0.6354986778856059,False,False,False,False,False,False,False,,
frame_000074.jpg,,,74,False,,,,0.0,False,False,False,False,False,1.1602686808009985,0.21646845063349857,0.18,True,True,False,False,False,,,32.84022131937722,32.84933638208505,True,True,False,False,0.6376184204316506,0.7336060336835714,0.6376184204316506,False,missing,min,none,none,0,moving_average,4,2.0,peak,7,-1,-1,7,False,0.63761842043165,False,False,False,False,False,False,False,,
frame_000075.jpg,,,75,False,,,,0.0,False,False,False,False,False,1.1602686808009985,0.21646845063349857,0.18,True,True,False,False,False,,,32.847520579591034,32.87039928970849,True,True,False,False,0.639738162977694,0.7375143966057115,0.639738162977694,False,missing,min,none,none,0,moving_average,4,2.0,peak,7,-1,-1,7,False,0.6397381629776939,False,False,False,False,False,False,False,,
frame_000076.jpg,,,76,False,,,,0.0,False,False,False,False,False,1.1602686808009985,0.21646845063349857,0.18,True,True,False,False,False,,,32.85481983980485,32.891462197331926,True,True,False,False,0.6418579055237373,0.7414227595278515,0.6418579055237373,False,missing,min,none,none,0,moving_average,4,2.0,peak,7,-1,-1,7,False,0.6418579055237373,False,False,False,False,False,False,False,,
frame_000077.jpg,,,77,False,,,,0.0,False,False,False,False,False,1.1602686808009985,0.21646845063349857,0.18,True,True,False,False,False,,,32.86211910001866,32.91252510495537,True,True,False,False,0.6439776480697806,0.745331122449993,0.6439776480697806,False,missing,min,none,none,0,moving_average,4,2.0,peak,7,-1,-1,7,False,0.6439776480697806,False,False,False,False,False,False,False,,
frame_000078.jpg,,,78,False,,,,0.0,False,False,False,False,False,1.1602686808009985,0.21646845063349857,0.18,True,True,False,False,False,,,32.86941836023247,32.93358801257881,True,True,False,False,0.646097390615824,0.749239485372133,0.646097390615824,False,missing,min,none,none,0,moving_average,4,2.0,peak,7,-1,-1,7,False,0.646097390615824,False,False,False,False,False,False,False,,
frame_000079.jpg,,,79,False,,,,0.0,False,False,False,False,False,1.1602686808009985,0.21646845063349857,0.18,True,True,False,False,False,,,32.876717620446286,32.95465092020225,True,True,False,False,0.6482171331618674,0.7531478482942732,0.6482171331618674,False,missing,min,none,none,0,moving_average,4,2.0,peak,7,-1,-1,7,False,0.648217133161868,False,False,False,False,False,False,False,,
frame_000080.jpg,,,80,False,,,,0.0,False,False,False,False,False,1.1602686808009985,0.21646845063349857,0.18,True,True,False,False,False,,,32.884016880660106,32.975713827825686,True,True,False,False,0.6503368757079128,0.7570562112164132,0.6503368757079128,False,missing,min,none,none,0,moving_average,4,2.0,peak,7,-1,-1,7,False,0.650336875707912,False,False,False,False,False,False,False,,
frame_000081.jpg,,,81,False,,,,0.0,False,False,False,False,False,1.1602686808009985,0.21646845063349857,0.18,True,True,False,False,False,,,32.89131614087392,32.99677673544913,True,True,False,False,0.6524566182539561,0.7609645741385546,0.6524566182539561,False,missing,min,none,none,0,moving_average,4,2.0,peak,7,-1,-1,7,False,0.6524566182539561,False,False,False,False,False,False,False,,
frame_000082.jpg,,,82,False,,,,0.0,False,False,False,False,False,1.1602686808009985,0.21646845063349857,0.18,True,True,False,False,False,,,32.89861540108773,33.01783964307257,True,True,False,False,0.6545763607999995,0.7648729370606947,0.6545763607999995,False,missing,min,none,none,0,moving_average,4,2.0,peak,7,-1,-1,7,False,0.6545763607999995,False,False,False,False,False,False,False,,
frame_000083.jpg,,,83,False,,,,0.0,False,False,False,False,False,1.1602686808009985,0.21646845063349857,0.18,True,True,False,False,False,,,32.905914661301544,33.03890255069601,True,True,False,False,0.6566961033460428,0.7687812999828347,0.6566961033460428,False,missing,min,none,none,0,moving_average,4,2.0,peak,7,-1,-1,7,False,0.6566961033460428,False,False,False,False,False,False,False,,
frame_000084.jpg,,,84,False,,,,0.0,False,False,False,False,False,1.1602686808009985,0.21646845063349857,0.18,True,True,False,False,False,,,32.91321392151536,33.059965458319446,True,True,False,False,0.6588158458920861,0.7726896629049749,0.6588158458920861,False,missing,min,none,none,0,moving_average,4,2.0,peak,7,-1,-1,7,False,0.6588158458920861,False,False,False,False,False,False,False,,
frame_000085.jpg,,,85,False,,,,0.0,False,False,False,False,False,1.1602686808009985,0.21646845063349857,0.18,True,True,False,False,False,,,32.92051318172917,33.08102836594289,True,True,False,False,0.6609355884381295,0.7765980258271162,0.6609355884381295,False,missing,min,none,none,0,moving_average,4,2.0,peak,7,-1,-1,7,False,0.66093558843813,False,False,False,False,False,False,False,,
frame_000086.jpg,,,86,False,,,,0.0,False,False,False,False,False,1.1602686808009985,0.21646845063349857,0.18,True,True,False,False,False,,,32.92781244194299,33.10209127356633,True,True,False,False,0.6630553309841749,0.7805063887492563,0.6630553309841749,False,missing,min,none,none,0,moving_average,4,2.0,peak,7,-1,-1,7,False,0.6630553309841741,False,False,False,False,False,False,False,,
frame_000087.jpg,,,87,False,,,,0.0,False,False,False,False,False,1.1602686808009985,0.21646845063349857,0.18,True,True,False,False,False,,,32.9351117021568,33.12315418118977,True,True,False,False,0.6651750735302182,0.7844147516713964,0.6651750735302182,False,missing,min,none,none,0,moving_average,4,2.0,peak,7,-1,-1,7,False,0.6651750735302182,False,False,False,False,False,False,False,,
frame_000088.jpg,,,88,False,,,,0.0,False,False,False,False,False,1.1602686808009985,0.21646845063349857,0.18,True,True,False,False,False,,,32.942410962370616,33.14421708881321,True,True,False,False,0.6672948160762615,0.7883231145935364,0.6672948160762615,False,missing,min,none,none,0,moving_average,4,2.0,peak,7,-1,-1,7,False,0.6672948160762615,False,False,False,False,False,False,False,,
frame_000089.jpg,,,89,False,,,,0.0,False,False,False,False,False,1.1602686808009985,0.21646845063349857,0.18,True,True,False,False,False,,,32.94971022258443,33.16527999643665,True,True,False,False,0.6694145586223049,0.7922314775156779,0.6694145586223049,False,missing,min,none,none,0,moving_average,4,2.0,peak,7,-1,-1,7,False,0.6694145586223048,False,False,False,False,False,False,False,,
frame_000090.jpg,,,90,False,,,,0.0,False,False,False,False,False,1.1602686808009985,0.21646845063349857,0.18,True,True,False,False,False,,,32.95700948279824,33.18634290406009,True,True,False,False,0.6715343011683482,0.7961398404378179,0.6715343011683482,False,missing,min,none,none,0,moving_average,4,2.0,peak,7,-1,-1,7,False,0.6715343011683482,False,False,False,False,False,False,False,,
frame_000091.jpg,,,91,False,,,,0.0,False,False,False,False,False,1.1602686808009985,0.21646845063349857,0.18,True,True,False,False,False,,,32.964308743012054,33.20740581168353,True,True,False,False,0.6736540437143915,0.800048203359958,0.6736540437143915,False,missing,min,none,none,0,moving_average,4,2.0,peak,7,-1,-1,7,False,0.6736540437143922,False,False,False,False,False,False,False,,
frame_000092.jpg,,,92,False,,,,0.0,False,False,False,False,False,1.1602686808009985,0.21646845063349857,0.18,True,True,False,False,False,,,32.971608003225874,33.22846871930697,True,True,False,False,0.6757737862604369,0.8039565662820981,0.6757737862604369,False,missing,min,none,none,0,moving_average,4,2.0,peak,7,-1,-1,7,False,0.6757737862604363,False,False,False,False,False,False,False,,
frame_000093.jpg,,,93,False,,,,0.0,False,False,False,False,False,1.1602686808009985,0.21646845063349857,0.18,True,True,False,False,False,,,32.97890726343969,33.24953162693041,True,True,False,False,0.6778935288064803,0.8078649292042395,0.6778935288064803,False,missing,min,none,none,0,moving_average,4,2.0,peak,7,-1,-1,7,False,0.6778935288064802,False,False,False,False,False,False,False,,
frame_000094.jpg,,,94,True,,,,0.0,False,False,False,False,False,1.1602686808009985,0.21646845063349857,0.18,True,True,False,False,False,,,32.9862065236535,33.27059453455385,True,True,False,False,0.6800132713525237,0.8117732921263796,0.6800132713525237,False,missing,min,none,none,0,moving_average,4,2.0,peak,7,-1,-1,7,False,0.6800132713525235,False,False,False,False,False,False,False,,
frame_000095.jpg,32.99350578386731,33.29165744217729,95,True,0.8707073041592197,0.21562829955855595,0.041945354899558134,0.996118828991089,False,False,False,False,False,1.1602686808009985,0.21646845063349857,0.18,False,False,True,True,True,32.99350578386731,33.29165744217729,32.99350578386731,33.29165744217729,False,False,False,False,0.682133013898567,0.8156816550485196,0.682133013898567,False,both,min,none,none,0,moving_average,4,2.0,peak,7,-1,-1,7,False,0.6959811939742444,False,False,False,False,False,False,False,,
frame_000096.jpg,33.14386223286396,33.21936323981055,96,True,0.8435316019121215,0.01862126447220002,0.003029702969535462,0.7270140234499688,False,False,False,False,False,1.1602686808009985,0.21646845063349857,0.18,False,False,True,True,True,33.14386223286396,33.21936323981055,33.14386223286396,33.21936323981055,False,False,False,False,0.7257972966716427,0.8022669838612688,0.7257972966716427,False,both,min,none,none,0,moving_average,4,2.0,peak,7,-1,-1,7,False,0.7267638752063048,False,False,False,False,False,False,False,,
frame_000097.jpg,33.30420382121834,33.676105544702665,97,True,0.8188203618219807,0.10263208891358178,0.006600352008947523,0.7057161633085736,False,False,False,False,False,1.1602686808009985,0.21646845063349857,0.18,False,False,True,True,True,33.30420382121834,33.676105544702665,33.30420382121834,33.676105544702665,False,False,False,False,0.7723613150487048,0.8870185633358288,0.7723613150487048,False,both,min,none,none,0,moving_average,4,2.0,peak,7,-1,-1,7,False,0.7741402329571891,False,False,False,False,False,False,False,,
frame_000098.jpg,33.5389278048212,33.33789901501705,98,True,0.9251682168835317,0.10069111199054452,0.004395843675296199,0.797374118764316,False,False,False,False,False,1.1602686808009985,0.21646845063349857,0.18,False,False,True,True,True,33.5389278048212,33.33789901501705,33.5389278048212,33.33789901501705,False,False,False,False,0.840526361922662,0.8242620871512201,0.8242620871512201,False,both,min,none,none,0,moving_average,4,2.0,peak,7,-1,-1,7,False,0.815125311956212,False,False,False,False,False,False,False,,
frame_000099.jpg,33.59283572731137,33.46988266723434,99,True,0.8624378909158555,0.0726012431326172,0.0360255130828277,0.7433087742405201,False,False,False,False,False,1.1602686808009985,0.21646845063349857,0.18,False,False,True,True,True,33.59283572731137,33.46988266723434,33.59283572731137,33.46988266723434,False,False,False,False,0.8561814986795314,0.8487525336687113,0.8487525336687113,False,both,min,none,none,0,moving_average,4,2.0,peak,7,-1,-1,7,False,0.8189363404194063,True,False,False,False,False,False,False,3,
frame_000100.jpg,33.34357325570984,,100,True,0.8745423154159672,0.06971186798044025,0.029890083436442057,0.7537412065731375,False,False,False,False,False,1.1602686808009985,0.21646845063349857,0.18,False,True,True,False,True,33.34357325570984,,33.34357325570984,33.465261034325536,False,True,False,False,0.7837944004382879,0.8478949588730833,0.7837944004382879,False,left_only,min,none,none,0,moving_average,4,2.0,peak,7,-1,-1,7,False,0.7824121582912554,False,False,False,False,False,False,False,,
frame_000101.jpg,,,101,False,,,,0.0,False,False,False,False,False,1.1602686808009985,0.21646845063349857,0.18,True,True,False,False,False,,,33.10561305921193,33.46063940141674,True,True,False,False,0.7146895407667675,0.8470373840774567,0.7146895407667675,False,missing,min,none,none,0,moving_average,4,2.0,peak,7,-1,-1,7,False,0.7146895407667682,False,False,False,False,False,False,False,,
frame_000102.jpg,,,102,False,,,,0.0,False,False,False,False,False,1.1602686808009985,0.21646845063349857,0.18,True,True,False,False,False,,,32.86765286271403,33.45601776850794,True,True,False,False,0.6455846810952492,0.8461798092818287,0.6455846810952492,False,missing,min,none,none,0,moving_average,4,2.0,peak,7,-1,-1,7,False,0.6455846810952486,False,False,False,False,False,False,False,,
frame_000103.jpg,,,103,False,,,,0.0,False,False,False,False,False,1.1602686808009985,0.21646845063349857,0.18,True,True,False,False,False,,,32.62969266621612,33.45139613559915,True,True,False,False,0.576479821423729,0.845322234486202,0.576479821423729,False,missing,min,none,none,0,moving_average,4,2.0,peak,7,-1,-1,7,False,0.5764798214237297,False,False,False,False,False,False,False,,
frame_000104.jpg,,,104,False,,,,0.0,False,False,False,False,False,1.1602686808009985,0.21646845063349857,0.18,True,True,False,False,False,,,32.39173246971822,33.446774502690346,True,True,False,False,0.5073749617522108,0.844464659690574,0.5073749617522108,False,missing,min,none,none,0,moving_average,4,2.0,peak,7,-1,-1,7,False,0.5073749617522101,False,False,False,False,False,False,False,,
frame_000105.jpg,,,105,True,,,,0.0,False,False,False,False,False,1.1602686808009985,0.21646845063349857,0.18,True,True,False,False,False,,,32.15377227322031,33.44215286978155,True,True,False,False,0.4382701020806905,0.8436070848949474,0.4382701020806905,False,missing,min,none,none,0,moving_average,4,2.0,peak,7,-1,-1,7,False,0.43827010208069084,False,False,False,False,False,False,False,,
frame_000106.jpg,,,106,False,,,,0.0,False,False,False,False,False,1.1602686808009985,0.21646845063349857,0.18,True,True,False,False,False,,,31.915812076722407,33.43753123687275,True,True,False,False,0.36916524240917126,0.8427495100993195,0.36916524240917126,False,missing,min,none,none,0,moving_average,4,2.0,peak,7,-1,-1,7,False,0.3691652424091712,False,False,False,False,False,False,False,,
frame_000107.jpg,31.6778518802245,,107,True,,,,0.0,False,False,False,False,False,1.1602686808009985,0.21646845063349857,0.18,False,True,True,False,True,31.6778518802245,,31.6778518802245,33.43290960396396,False,True,False,False,0.30006038273765195,0.8418919353036929,0.30006038273765195,False,left_only,min,none,none,0,moving_average,4,2.0,peak,7,-1,-1,7,False,0.336341032559494,False,False,False,False,False,False,False,,
frame_000108.jpg,,,108,False,,,,0.0,False,False,False,False,False,1.1602686808009985,0.21646845063349857,0.18,True,True,False,False,False,,,31.814685175894066,33.428287971055155,True,True,False,False,0.33979747253165876,0.8410343605080649,0.33979747253165876,False,missing,min,none,none,0,moving_average,4,2.0,peak,7,-1,-1,7,False,0.3397974725316591,False,False,False,False,False,False,False,,
frame_000109.jpg,,,109,False,,,,0.0,False,False,False,False,False,1.1602686808009985,0.21646845063349857,0.18,True,True,False,False,False,,,31.951518471563634,33.42366633814636,True,True,False,False,0.3795345623256666,0.8401767857124383,0.3795345623256666,False,missing,min,none,none,0,moving_average,4,2.0,peak,7,-1,-1,7,False,0.3795345623256663,False,False,False,False,False,False,False,,
frame_000110.jpg,,,110,False,,,,0.0,False,False,False,False,False,1.1602686808009985,0.21646845063349857,0.18,True,True,False,False,False,,,32.0883517672332,33.41904470523756,True,True,False,False,0.41927165211967343,0.8393192109168103,0.41927165211967343,False,missing,min,none,none,0,moving_average,4,2.0,peak,7,-1,-1,7,False,0.41927165211967377,False,False,False,False,False,False,False,,
frame_000111.jpg,,,111,False,,,,0.0,False,False,False,False,False,1.1602686808009985,0.21646845063349857,0.18,True,True,False,False,False,,,32.22518506290277,33.41442307232876,True,True,False,False,0.4590087419136813,0.8384616361211823,0.4590087419136813,False,missing,min,none,none,0,moving_average,4,2.0,peak,7,-1,-1,7,False,0.45900874191368124,False,False,False,False,False,False,False,,
frame_000112.jpg,,,112,False,,,,0.0,False,False,False,False,False,1.1602686808009985,0.21646845063349857,0.18,True,True,False,False,False,,,32.362018358572335,33.409801439419965,True,True,False,False,0.4987458317076891,0.8376040613255556,0.4987458317076891,False,missing,min,none,none,0,moving_average,4,2.0,peak,7,-1,-1,7,False,0.4987458317076884,False,False,False,False,False,False,False,,
frame_000113.jpg,,,113,False,,,,0.0,False,False,False,False,False,1.1602686808009985,0.21646845063349857,0.18,True,True,False,False,False,,,32.498851654241896,33.405179806511164,True,True,False,False,0.5384829215016949,0.8367464865299277,0.5384829215016949,False,missing,min,none,none,0,moving_average,4,2.0,peak,7,-1,-1,7,False,0.5384829215016955,False,False,False,False,False,False,False,,
frame_000114.jpg,,,114,False,,,,0.0,False,False,False,False,False,1.1602686808009985,0.21646845063349857,0.18,True,True,False,False,False,,,32.635684949911465,33.40055817360237,True,True,False,False,0.5782200112957028,0.835888911734301,0.5782200112957028,False,missing,min,none,none,0,moving_average,4,2.0,peak,7,-1,-1,7,False,0.5782200112957027,False,False,False,False,False,False,False,,
frame_000115.jpg,,,115,False,,,,0.0,False,False,False,False,False,1.1602686808009985,0.21646845063349857,0.18,True,True,False,False,False,,,32.77251824558103,33.39593654069357,True,True,False,False,0.6179571010897106,0.8350313369386732,0.6179571010897106,False,missing,min,none,none,0,moving_average,4,2.0,peak,7,-1,-1,7,False,0.6179571010897105,False,False,False,False,False,False,False,,
frame_000116.jpg,,,116,False,,,,0.0,False,False,False,False,False,1.1602686808009985,0.21646845063349857,0.18,True,True,False,False,False,,,32.9093515412506,33.391314907784775,True,True,False,False,0.6576941908837184,0.8341737621430465,0.6576941908837184,False,missing,min,none,none,0,moving_average,4,2.0,peak,7,-1,-1,7,False,0.6576941908837177,False,False,False,False,False,False,False,,
frame_000117.jpg,,,117,False,,,,0.0,False,False,False,False,False,1.1602686808009985,0.21646845063349857,0.18,True,True,False,False,False,,,33.04618483692016,33.386693274875974,True,True,False,False,0.6974312806777242,0.8333161873474185,0.6974312806777242,False,missing,min,none,none,0,moving_average,4,2.0,peak,7,-1,-1,7,False,0.6974312806777249,False,False,False,False,False,False,False,,
frame_000118.jpg,,,118,True,,,,0.0,False,False,False,False,False,1.1602686808009985,0.21646845063349857,0.18,True,True,False,False,False,,,33.18301813258973,33.38207164196718,True,True,False,False,0.737168370471732,0.8324586125517919,0.737168370471732,False,missing,min,none,none,0,moving_average,4,2.0,peak,7,-1,-1,7,False,0.737168370471732,False,False,False,False,False,False,False,,
frame_000119.jpg,,,119,True,0.2222555918961431,0.12870451930350102,0.04426023676481799,0.5945647918985195,False,False,False,False,False,1.1602686808009985,0.21646845063349857,0.18,True,True,False,False,False,,,33.3198514282593,33.37745000905838,True,True,False,False,0.7769054602657399,0.8316010377561639,0.7769054602657399,False,missing,min,none,none,0,moving_average,4,2.0,peak,7,-1,-1,7,False,0.7769054602657398,False,False,False,False,False,False,False,,
frame_000120.jpg,,,120,True,0.09567241120495443,0.06651596445571278,0.16741543147353238,0.9300857304085133,False,False,False,False,True,1.1602686808009985,0.21646845063349857,0.18,True,True,False,False,False,,,33.456684723928866,33.37282837614958,True,True,False,False,0.8166425500597477,0.8307434629605359,0.8166425500597477,False,missing,min,none,none,0,moving_average,4,2.0,peak,7,-1,-1,7,False,0.807811299496799,False,False,False,False,False,False,False,,
frame_000121.jpg,,,121,True,0.374016992386558,0.2881688022228774,0.07868574848366153,1.3312277210815089,False,True,False,True,True,1.1602686808009985,0.21646845063349857,0.18,True,True,False,False,False,,,33.59351801959843,33.36820674324078,True,True,False,False,0.8563796398537535,0.8298858881649093,0.8298858881649093,False,missing,min,none,none,0,moving_average,4,2.0,peak,7,-1,-1,7,False,0.825185583864646,True,False,False,False,False,False,False,4,
frame_000122.jpg,33.730351315267995,,122,True,0.15060195669900692,0.21236191663665874,0.09690721720506688,0.9810294110535647,False,False,False,False,True,1.1602686808009985,0.21646845063349857,0.18,False,True,True,False,True,33.730351315267995,,33.730351315267995,33.36358511033198,False,True,True,False,0.8961167296477613,0.8290283133692813,0.8290283133692813,False,left_only,min,none,none,0,moving_average,4,2.0,peak,7,-1,-1,7,False,0.8179085462148556,False,False,False,False,False,False,False,,
frame_000123.jpg,33.38151004081839,,123,True,0.31857772190501815,0.2796014173780603,0.1426616534626392,1.2916497372240716,False,True,False,True,True,1.1602686808009985,0.21646845063349857,0.18,False,True,True,False,True,33.38151004081839,,33.38151004081839,33.35896347742319,False,True,True,False,0.7948114371103765,0.8281707385736546,0.7948114371103765,False,left_only,min,none,none,0,moving_average,4,2.0,peak,7,-1,-1,7,False,0.8119499427731065,False,False,False,False,False,False,False,,
frame_000124.jpg,33.440732965904864,,124,True,0.1698890905799655,0.23482905294257456,0.16832016026253027,1.0848188373656455,False,True,False,True,True,1.1602686808009985,0.21646845063349857,0.18,False,True,True,False,True,33.440732965904864,,33.440732965904864,33.35434184451439,False,True,True,False,0.812010077839662,0.8273131637780268,0.812010077839662,False,left_only,min,none,none,0,moving_average,4,2.0,peak,7,-1,-1,7,False,0.8062771975965668,False,False,False,False,False,False,False,,
frame_000125.jpg,33.440732965904864,,125,True,0.0,0.0,0.0,0.0,False,False,False,False,True,1.1602686808009985,0.21646845063349857,0.18,False,True,True,False,True,33.440732965904864,,33.440732965904864,33.34972021160559,False,True,True,False,0.812010077839662,0.8264555889824001,0.812010077839662,False,left_only,min,none,none,0,moving_average,4,2.0,peak,7,-1,-1,7,False,0.8130443268839294,False,False,False,False,False,False,False,,
frame_000126.jpg,33.45141716844741,,126,True,0.11379351162082205,0.06036292636926212,0.01997492348379587,0.2788532286927217,False,False,False,False,True,1.1602686808009985,0.21646845063349857,0.18,False,True,True,False,True,33.45141716844741,,33.45141716844741,33.34509857869679,False,True,True,False,0.8151128249724643,0.8255980141867721,0.8151128249724643,False,left_only,min,none,none,0,moving_average,4,2.0,peak,7,-1,-1,7,False,0.7919542865105862,False,False,False,False,False,False,False,,
frame_000127.jpg,33.22286449000123,,127,True,0.23724824167570716,0.24251828587557978,0.26561236575411745,1.4756242541895415,False,True,True,True,True,1.1602686808009985,0.21646845063349857,0.18,False,True,True,False,True,33.22286449000123,,33.22286449000123,33.340476945788,False,True,True,False,0.7487399567196323,0.8247404393911455,0.7487399567196323,False,left_only,min,none,none,0,moving_average,4,2.0,peak,7,-1,-1,7,False,0.7771320907968039,False,False,False,False,False,False,False,,
frame_000128.jpg,33.28761380953811,,128,True,0.18529673027068516,0.07028326180614075,0.03578979358384922,0.3246813177645777,False,False,False,False,True,1.1602686808009985,0.21646845063349857,0.18,False,True,True,False,True,33.28761380953811,,33.28761380953811,33.3358553128792,False,True,True,False,0.7675434906983152,0.8238828645955175,0.7675434906983152,False,left_only,min,none,none,0,moving_average,4,2.0,peak,7,-1,-1,7,False,0.7252471201810882,False,False,False,False,False,False,False,,
frame_000129.jpg,,,129,False,,,,0.0,False,False,False,False,False,1.1602686808009985,0.21646845063349857,0.18,True,True,False,False,False,,,32.91542485784763,33.3312336799704,True,True,False,False,0.6594579131253173,0.8230252897998909,0.6594579131253173,False,missing,min,none,none,0,moving_average,4,2.0,peak,7,-1,-1,7,False,0.6594579131253173,False,False,False,False,False,False,False,,
frame_000130.jpg,,,130,False,,,,0.0,False,False,False,False,False,1.1602686808009985,0.21646845063349857,0.18,True,True,False,False,False,,,32.54323590615716,33.3266120470616,True,True,False,False,0.5513723355523195,0.8221677150042629,0.5513723355523195,False,missing,min,none,none,0,moving_average,4,2.0,peak,7,-1,-1,7,False,0.5513723355523195,False,False,False,False,False,False,False,,
frame_000131.jpg,,,131,False,,,,0.0,False,False,False,False,False,1.1602686808009985,0.21646845063349857,0.18,True,True,False,False,False,,,32.17104695446668,33.3219904141528,True,True,False,False,0.44328675797932154,0.8213101402086349,0.44328675797932154,False,missing,min,none,none,0,moving_average,4,2.0,peak,7,-1,-1,7,False,0.4432867579793219,False,False,False,False,False,False,False,,
frame_000132.jpg,,,132,False,,,,0.0,False,False,False,False,False,1.1602686808009985,0.21646845063349857,0.18,True,True,False,False,False,,,31.79885800277621,33.31736878124401,True,True,False,False,0.33520118040632474,0.8204525654130083,0.33520118040632474,False,missing,min,none,none,0,moving_average,4,2.0,peak,7,-1,-1,7,False,0.33520118040632435,False,False,False,False,False,False,False,,
frame_000133.jpg,,,133,False,,,,0.0,False,False,False,False,False,1.1602686808009985,0.21646845063349857,0.18,True,True,False,False,False,,,31.426669051085735,33.312747148335205,True,True,False,False,0.22711560283332682,0.8195949906173804,0.22711560283332682,False,missing,min,none,none,0,moving_average,4,2.0,peak,7,-1,-1,7,False,0.22711560283332682,False,False,False,False,False,False,False,,
frame_000134.jpg,,,134,False,,,,0.0,False,False,False,False,False,1.1602686808009985,0.21646845063349857,0.18,True,True,False,False,False,,,31.05448009939526,33.30812551542641,True,True,False,False,0.11903002526032895,0.8187374158217537,0.11903002526032895,False,missing,min,none,none,0,moving_average,4,2.0,peak,7,-1,-1,7,False,0.11903002526032895,False,False,False,False,False,False,False,,
frame_000135.jpg,30.682291147704785,,135,True,,,,0.0,False,False,False,False,False,1.1602686808009985,0.21646845063349857,0.18,False,True,True,False,True,30.682291147704785,,30.682291147704785,33.30350388251761,False,True,False,False,0.010944447687331072,0.8178798410261258,0.010944447687331072,False,left_only,min,none,none,0,moving_average,4,2.0,peak,7,-1,-1,7,False,0.043324824315886676,False,False,False,False,False,False,False,,
frame_000136.jpg,30.64460432025708,,136,True,0.2576110052605255,0.06658401236456109,0.08669435153758441,0.4816352863199134,False,False,False,False,False,1.1602686808009985,0.21646845063349857,0.18,False,True,True,False,True,30.64460432025708,,30.64460432025708,33.298882249608816,False,True,False,False,0.0,0.8170222662304991,0.0,False,left_only,min,none,none,0,moving_average,4,2.0,peak,7,-1,-1,7,False,0.004740124017383441,False,False,False,False,False,False,False,,
frame_000137.jpg,30.655884852614285,,137,True,0.04851699576531682,0.029793752800850434,0.04609612893483778,0.25608960519354323,False,False,False,False,False,1.1602686808009985,0.21646845063349857,0.18,False,True,True,False,True,30.655884852614285,,30.655884852614285,33.294260616700015,False,True,False,False,0.0032759243648192516,0.8161646914348711,0.0032759243648192516,False,left_only,min,none,none,0,moving_average,4,2.0,peak,7,-1,-1,7,False,0.003913679613588126,False,False,False,False,False,False,False,,
frame_000138.jpg,30.673753649459805,,138,True,0.14088912852132582,0.14898467061780107,0.05632664269474361,0.6882511986471698,False,False,False,False,False,1.1602686808009985,0.21646845063349857,0.18,False,True,True,False,True,30.673753649459805,,30.673753649459805,33.28963898379122,False,True,False,False,0.008465114475945128,0.8153071166392445,0.008465114475945128,False,left_only,min,none,none,0,moving_average,4,2.0,peak,7,-1,-1,7,False,0.010444216198427591,False,False,False,False,False,False,False,,
frame_000139.jpg,30.71206735149766,,139,True,0.20915085772849398,0.11119972772826817,0.0894860686570241,0.5136994670717155,False,False,False,False,False,1.1602686808009985,0.21646845063349857,0.18,False,True,True,False,True,30.71206735149766,,30.71206735149766,33.28501735088242,False,True,False,False,0.019591609754518395,0.8144495418436165,0.019591609754518395,False,left_only,min,none,none,0,moving_average,4,2.0,peak,7,-1,-1,7,False,0.020330795602215044,False,False,False,False,False,False,False,,
frame_000140.jpg,,,140,False,,,,0.0,False,False,False,False,False,1.1602686808009985,0.21646845063349857,0.18,True,True,False,False,False,,,30.758017136311853,33.280395717973626,True,True,False,False,0.03293566257618161,0.8135919670479899,0.03293566257618161,False,missing,min,none,none,0,moving_average,4,2.0,peak,7,-1,-1,7,False,0.03293566257618126,False,False,False,False,False,False,False,,
frame_000141.jpg,,,141,False,,,,0.0,False,False,False,False,False,1.1602686808009985,0.21646845063349857,0.18,True,True,False,False,False,,,30.803966921126044,33.275774085064825,True,True,False,False,0.04627971539784379,0.812734392252362,0.04627971539784379,False,missing,min,none,none,0,moving_average,4,2.0,peak,7,-1,-1,7,False,0.04627971539784413,False,False,False,False,False,False,False,,
frame_000142.jpg,,,142,False,,,,0.0,False,False,False,False,False,1.1602686808009985,0.21646845063349857,0.18,True,True,False,False,False,,,30.849916705940238,33.271152452156024,True,True,False,False,0.059623768219507,0.811876817456734,0.059623768219507,False,missing,min,none,none,0,moving_average,4,2.0,peak,7,-1,-1,7,False,0.059623768219507,False,False,False,False,False,False,False,,
frame_000143.jpg,,,143,False,,,,0.0,False,False,False,False,False,1.1602686808009985,0.21646845063349857,0.18,True,True,False,False,False,,,30.895866490754432,33.26653081924723,True,True,False,False,0.07296782104117022,0.8110192426611074,0.07296782104117022,False,missing,min,none,none,0,moving_average,4,2.0,peak,7,-1,-1,7,False,0.07296782104117021,False,False,False,False,False,False,False,,
frame_000144.jpg,,,144,False,,,,0.0,False,False,False,False,False,1.1602686808009985,0.21646845063349857,0.18,True,True,False,False,False,,,30.941816275568627,33.26190918633843,True,True,False,False,0.08631187386283343,0.8101616678654794,0.08631187386283343,False,missing,min,none,none,0,moving_average,4,2.0,peak,7,-1,-1,7,False,0.08631187386283308,False,False,False,False,False,False,False,,
frame_000145.jpg,,,145,False,,,,0.0,False,False,False,False,False,1.1602686808009985,0.21646845063349857,0.18,True,True,False,False,False,,,30.987766060382818,33.257287553429634,True,True,False,False,0.0996559266844956,0.8093040930698527,0.0996559266844956,False,missing,min,none,none,0,moving_average,4,2.0,peak,7,-1,-1,7,False,0.09965592668449594,False,False,False,False,False,False,False,,
frame_000146.jpg,,,146,False,,,,0.0,False,False,False,False,False,1.1602686808009985,0.21646845063349857,0.18,True,True,False,False,False,,,31.033715845197012,33.25266592052083,True,True,False,False,0.11299997950615882,0.8084465182742248,0.11299997950615882,False,missing,min,none,none,0,moving_average,4,2.0,peak,7,-1,-1,7,False,0.11299997950615882,False,False,False,False,False,False,False,,
frame_000147.jpg,,,147,False,,,,0.0,False,False,False,False,False,1.1602686808009985,0.21646845063349857,0.18,True,True,False,False,False,,,31.079665630011206,33.24804428761204,True,True,False,False,0.12634403232782204,0.8075889434785981,0.12634403232782204,False,missing,min,none,none,0,moving_average,4,2.0,peak,7,-1,-1,7,False,0.12634403232782168,False,False,False,False,False,False,False,,
frame_000148.jpg,,,148,False,,,,0.0,False,False,False,False,False,1.1602686808009985,0.21646845063349857,0.18,True,True,False,False,False,,,31.125615414825397,33.24342265470324,True,True,False,False,0.13968808514948422,0.8067313686829701,0.13968808514948422,False,missing,min,none,none,0,moving_average,4,2.0,peak,7,-1,-1,7,False,0.13968808514948455,False,False,False,False,False,False,False,,
frame_000149.jpg,,,149,False,,,,0.0,False,False,False,False,False,1.1602686808009985,0.21646845063349857,0.18,True,True,False,False,False,,,31.17156519963959,33.238801021794444,True,True,False,False,0.15303213797114743,0.8058737938873435,0.15303213797114743,False,missing,min,none,none,0,moving_average,4,2.0,peak,7,-1,-1,7,False,0.15303213797114743,False,False,False,False,False,False,False,,
frame_000150.jpg,,,150,False,,,,0.0,False,False,False,False,False,1.1602686808009985,0.21646845063349857,0.18,True,True,False,False,False,,,31.217514984453786,33.23417938888564,True,True,False,False,0.16637619079281063,0.8050162190917156,0.16637619079281063,False,missing,min,none,none,0,moving_average,4,2.0,peak,7,-1,-1,7,False,0.1663761907928103,False,False,False,False,False,False,False,,
frame_000151.jpg,,,151,False,,,,0.0,False,False,False,False,False,1.1602686808009985,0.21646845063349857,0.18,True,True,False,False,False,,,31.263464769267976,33.22955775597684,True,True,False,False,0.17972024361447284,0.8041586442960876,0.17972024361447284,False,missing,min,none,none,0,moving_average,4,2.0,peak,7,-1,-1,7,False,0.17972024361447314,False,False,False,False,False,False,False,,
frame_000152.jpg,,,152,False,,,,0.0,False,False,False,False,False,1.1602686808009985,0.21646845063349857,0.18,True,True,False,False,False,,,31.30941455408217,33.22493612306805,True,True,False,False,0.19306429643613604,0.803301069500461,0.19306429643613604,False,missing,min,none,none,0,moving_average,4,2.0,peak,7,-1,-1,7,False,0.19306429643613604,False,False,False,False,False,False,False,,
frame_000153.jpg,,,153,False,,,,0.0,False,False,False,False,False,1.1602686808009985,0.21646845063349857,0.18,True,True,False,False,False,,,31.355364338896365,33.22031449015925,True,True,False,False,0.20640834925779925,0.802443494704833,0.20640834925779925,False,missing,min,none,none,0,moving_average,4,2.0,peak,7,-1,-1,7,False,0.20640834925779922,False,False,False,False,False,False,False,,
frame_000154.jpg,,,154,False,,,,0.0,False,False,False,False,False,1.1602686808009985,0.21646845063349857,0.18,True,True,False,False,False,,,31.40131412371056,33.21569285725045,True,True,False,False,0.21975240207946245,0.8015859199092064,0.21975240207946245,False,missing,min,none,none,0,moving_average,4,2.0,peak,7,-1,-1,7,False,0.2197524020794621,False,False,False,False,False,False,False,,
frame_000155.jpg,,,155,False,,,,0.0,False,False,False,False,False,1.1602686808009985,0.21646845063349857,0.18,True,True,False,False,False,,,31.44726390852475,33.21107122434165,True,True,False,False,0.23309645490112463,0.8007283451135784,0.23309645490112463,False,missing,min,none,none,0,moving_average,4,2.0,peak,7,-1,-1,7,False,0.23309645490112496,False,False,False,False,False,False,False,,
frame_000156.jpg,31.493213693338944,,156,True,,,,0.0,False,False,False,False,False,1.1602686808009985,0.21646845063349857,0.18,False,True,True,False,True,31.493213693338944,,31.493213693338944,33.20644959143286,False,True,False,False,0.24644050772278786,0.7998707703179517,0.24644050772278786,False,left_only,min,none,none,0,moving_average,4,2.0,peak,7,-1,-1,7,False,0.29028198786455034,False,False,False,False,False,False,False,,
frame_000157.jpg,,,157,False,,,,0.0,False,False,False,False,False,1.1602686808009985,0.21646845063349857,0.18,True,True,False,False,False,,,31.99206334419219,33.201827958524056,True,True,False,False,0.39130900096973864,0.7990131955223237,0.39130900096973864,False,missing,min,none,none,0,moving_average,4,2.0,peak,7,-1,-1,7,False,0.39130900096973864,False,False,False,False,False,False,False,,
frame_000158.jpg,,,158,True,,,,0.0,False,False,False,False,False,1.1602686808009985,0.21646845063349857,0.18,True,True,False,False,False,,,32.490912995045434,33.19720632561526,True,True,False,False,0.5361774942166895,0.7981556207266971,0.5361774942166895,False,missing,min,none,none,0,moving_average,4,2.0,peak,7,-1,-1,7,False,0.5361774942166887,False,False,False,False,False,False,False,,
frame_000159.jpg,,,159,True,0.0,0.0,0.0,0.0,False,False,False,False,True,1.1602686808009985,0.21646845063349857,0.18,True,True,False,False,False,,,32.98976264589867,33.19258469270646,True,True,False,False,0.6810459874636382,0.7972980459310692,0.6810459874636382,False,missing,min,none,none,0,moving_average,4,2.0,peak,7,-1,-1,7,False,0.6712213176052567,False,False,False,False,False,False,False,,
frame_000160.jpg,33.48861229675192,,160,True,0.4417215725234701,0.37743896745908906,0.04937811374084505,1.7436211436563045,False,True,False,True,True,1.1602686808009985,0.21646845063349857,0.18,False,True,True,False,True,33.48861229675192,,33.48861229675192,33.18796305979767,False,True,True,False,0.825914480710589,0.7964404711354426,0.7964404711354426,False,left_only,min,none,none,0,moving_average,4,2.0,peak,7,-1,-1,7,False,0.7576897849796317,False,False,False,False,False,False,False,,
frame_000161.jpg,33.41545694394808,33.183341426888866,161,True,0.907832602355216,0.23979889123181883,0.035162640801098946,1.1077775561752456,False,True,False,True,True,1.1602686808009985,0.21646845063349857,0.18,False,False,True,True,True,33.41545694394808,33.183341426888866,33.41545694394808,33.183341426888866,False,False,True,True,0.8046697916233778,0.7955828963398146,0.7955828963398146,False,both,min,none,none,0,moving_average,4,2.0,peak,7,-1,-1,7,False,0.8249010582140408,False,False,False,False,False,False,False,,
frame_000162.jpg,33.68408173699116,33.68523713799746,162,True,0.3616037575781079,0.03186767271913868,0.007349383083585256,0.31165519121697965,False,False,False,False,True,1.1602686808009985,0.21646845063349857,0.18,False,False,True,True,True,33.68408173699116,33.68523713799746,33.68408173699116,33.68523713799746,False,False,True,True,0.8826798071668657,0.8887129913460305,0.8826798071668657,False,both,min,none,none,0,moving_average,4,2.0,peak,7,-1,-1,7,False,0.8535619578217015,False,False,False,False,False,False,False,,
frame_000163.jpg,33.68319801563148,33.672289098260485,163,True,0.20073980089288335,0.016180729069430723,0.0027447567130201795,0.17301147933623565,False,False,False,False,False,1.1602686808009985,0.21646845063349857,0.18,False,False,True,True,True,33.68319801563148,33.672289098260485,33.68319801563148,33.672289098260485,False,False,False,False,0.8824231699584248,0.8863103962567334,0.8824231699584248,False,both,min,none,none,0,moving_average,4,2.0,peak,7,-1,-1,7,False,0.8825087156945717,False,False,False,False,False,False,False,,
frame_000164.jpg,33.68319801563148,33.672289098260485,164,True,0.0,0.0,0.0,0.0,False,False,False,False,False,1.1602686808009985,0.21646845063349857,0.18,False,False,True,True,True,33.68319801563148,33.672289098260485,33.68319801563148,33.672289098260485,False,False,False,False,0.8824231699584248,0.8863103962567334,0.8824231699584248,False,both,min,none,none,0,moving_average,4,2.0,peak,7,-1,-1,7,False,0.8635470917293648,False,False,False,False,False,False,False,,
frame_000165.jpg,33.48820064616219,33.741391169744254,165,True,0.10400062255723529,0.048889335859532555,0.02134656639388865,0.22584970565667695,False,False,False,False,False,1.1602686808009985,0.21646845063349857,0.18,False,False,True,True,True,33.48820064616219,33.741391169744254,33.48820064616219,33.741391169744254,False,False,False,False,0.8257949352712451,0.8991327462788026,0.8257949352712451,False,both,min,none,none,0,moving_average,4,2.0,peak,7,-1,-1,7,False,0.8527206291150047,False,False,False,False,False,False,False,,
frame_000166.jpg,33.57135636585448,33.73518226346071,166,True,0.046997636726375025,0.003677381381668774,0.007057733106105635,0.04050582206005071,False,False,False,False,False,1.1602686808009985,0.21646845063349857,0.18,False,False,True,True,True,33.57135636585448,33.73518226346071,33.57135636585448,33.73518226346071,False,False,False,False,0.849943782115344,0.8979806423271784,0.849943782115344,False,both,min,none,none,0,moving_average,4,2.0,peak,7,-1,-1,7,False,0.8480589514321942,False,False,False,False,False,False,False,,
frame_000167.jpg,33.63504103755421,33.80698061524338,167,True,0.007066526983818578,0.002577943456078569,0.0008082348921358838,0.011909095521930212,False,False,False,False,False,1.1602686808009985,0.21646845063349857,0.18,False,False,True,True,True,33.63504103755421,33.80698061524338,33.63504103755421,33.80698061524338,False,False,False,False,0.8684381369099936,0.9113033051330447,0.8684381369099936,False,both,min,none,none,0,moving_average,4,2.0,peak,7,-1,-1,7,False,0.8680507580655412,False,False,False,False,False,False,False,,
frame_000168.jpg,33.69472393225664,33.83135602145969,168,True,0.015883100676463056,0.03637667691355807,0.03900951749398562,0.21671954163325344,False,False,False,False,False,1.1602686808009985,0.21646845063349857,0.18,False,False,True,True,True,33.69472393225664,33.83135602145969,33.69472393225664,33.83135602145969,False,False,False,False,0.8857703551712861,0.9158263242513505,0.8857703551712861,False,both,min,none,none,0,moving_average,4,2.0,peak,7,-1,-1,7,False,0.8979159146024109,False,False,False,False,False,False,False,,
frame_000169.jpg,33.87987526966537,34.13602526974734,169,True,0.055755125519207874,0.039385987729315286,0.0018823769274235044,0.1819479356647656,False,False,False,False,False,1.1602686808009985,0.21646845063349857,0.18,False,False,True,True,True,33.87987526966537,34.13602526974734,33.87987526966537,34.13602526974734,False,False,False,False,0.9395392517259532,0.9723597343014758,0.9395392517259532,False,both,min,none,none,0,moving_average,4,2.0,peak,7,-1,-1,7,False,0.9183676304114601,True,False,False,False,False,False,False,5,
frame_000170.jpg,33.89955210201843,33.90662661324654,170,True,0.11570834213247733,0.03669955462952531,0.012978645460740394,0.16953766020925196,False,False,False,False,False,1.1602686808009985,0.21646845063349857,0.18,False,False,True,True,True,33.89955210201843,33.90662661324654,33.89955210201843,33.90662661324654,False,False,False,False,0.9452535046075289,0.9297932843371409,0.9297932843371409,False,both,min,none,none,0,moving_average,4,2.0,peak,7,-1,-1,7,False,0.9073353916787752,False,False,False,False,False,False,False,,
frame_000171.jpg,33.77148874012257,33.4910142459685,171,True,0.21647816516521595,0.031055902562563856,0.01148234920674651,0.18657589293521992,False,False,False,False,True,1.1602686808009985,0.21646845063349857,0.18,False,False,True,True,True,33.77148874012257,33.4910142459685,33.77148874012257,33.4910142459685,False,False,True,True,0.9080632484927654,0.8526736389732317,0.8526736389732317,False,both,min,none,none,0,moving_average,4,2.0,peak,7,-1,-1,7,False,0.8789935573476753,False,False,False,False,False,False,False,,
frame_000172.jpg,33.60070283845406,,172,True,0.40426093308439176,0.23061041849450234,0.012429017054565306,1.0653303879600795,False,True,False,True,True,1.1602686808009985,0.21646845063349857,0.18,False,True,True,False,True,33.60070283845406,,33.60070283845406,33.50093094578676,False,True,True,False,0.8584661480433208,0.8545137487326535,0.8545137487326535,False,left_only,min,none,none,0,moving_average,4,2.0,peak,7,-1,-1,7,False,0.847259568903128,False,False,False,False,False,False,False,,
frame_000173.jpg,33.518490689602665,,173,True,0.21150759380876835,1.1102230246251565e-16,1.734723475976807e-18,0.18229190989000307,False,False,False,False,True,1.1602686808009985,0.21646845063349857,0.18,False,True,True,False,True,33.518490689602665,,33.518490689602665,33.51084764560502,False,True,True,False,0.834591319003499,0.8563538584920741,0.834591319003499,False,left_only,min,none,none,0,moving_average,4,2.0,peak,7,-1,-1,7,False,0.8326026049361812,False,False,False,False,False,False,False,,
frame_000174.jpg,33.429344286686,,174,True,0.0373090369869204,2.2204460492503128e-16,1.734723475976807e-18,0.03215551501499108,False,False,False,False,False,1.1602686808009985,0.21646845063349857,0.18,False,True,True,False,True,33.429344286686,,33.429344286686,33.52076434542328,False,True,False,False,0.8087027470723912,0.858193968251496,0.8087027470723912,False,left_only,min,none,none,0,moving_average,4,2.0,peak,7,-1,-1,7,False,0.8279531966245989,False,False,False,False,False,False,False,,
frame_000175.jpg,33.53906265738544,,175,True,0.08300718702283336,0.0,0.0,0.07154134934119642,False,False,False,False,False,1.1602686808009985,0.21646845063349857,0.18,False,True,True,False,True,33.53906265738544,,33.53906265738544,33.530681045241536,False,True,False,False,0.8405655237979066,0.8600340780109166,0.8405655237979066,False,left_only,min,none,none,0,moving_average,4,2.0,peak,7,-1,-1,7,False,0.8370474862135453,False,False,False,False,False,False,False,,
frame_000176.jpg,33.81707052782025,,176,True,0.035156754491327796,1.1102230246251565e-16,1.734723475976807e-18,0.030300528724999384,False,False,False,False,False,1.1602686808009985,0.21646845063349857,0.18,False,True,True,False,True,33.81707052782025,,33.81707052782025,33.5405977450598,False,True,False,False,0.921300433067257,0.8618741877703384,0.8618741877703384,False,left_only,min,none,none,0,moving_average,4,2.0,peak,7,-1,-1,7,False,0.855384669699335,False,False,False,False,False,False,False,,
frame_000177.jpg,33.910430714663,,177,True,0.01920151673516386,2.2204460492503128e-16,3.2439329000766293e-16,0.016549198520042767,False,False,False,False,False,1.1602686808009985,0.21646845063349857,0.18,False,True,True,False,True,33.910430714663,,33.910430714663,33.55051444487806,False,True,False,False,0.9484127094295433,0.8637142975297604,0.8637142975297604,False,left_only,min,none,none,0,moving_average,4,2.0,peak,7,-1,-1,7,False,0.8637142975297598,False,False,False,False,False,False,False,,
frame_000178.jpg,33.910430714663,,178,True,0.0,0.0,0.0,0.0,False,False,False,False,False,1.1602686808009985,0.21646845063349857,0.18,False,True,True,False,True,33.910430714663,,33.910430714663,33.56043114469632,False,True,False,False,0.9484127094295433,0.8655544072891809,0.8655544072891809,False,left_only,min,none,none,0,moving_average,4,2.0,peak,7,-1,-1,7,False,0.8655544072891812,False,False,False,False,False,False,False,,
frame_000179.jpg,33.933853100644455,,179,True,0.02285219051796473,1.1102230246251565e-16,3.2439329000766293e-16,0.019695602317032795,False,False,False,False,False,1.1602686808009985,0.21646845063349857,0.18,False,True,True,False,True,33.933853100644455,,33.933853100644455,33.57034784451458,False,True,False,False,0.9552146902660099,0.8673945170486027,0.8673945170486027,False,left_only,min,none,none,0,moving_average,4,2.0,peak,7,-1,-1,7,False,0.8673945170486022,False,False,False,False,False,False,False,,
frame_000180.jpg,33.92481403005643,,180,True,0.12071847469133473,2.2204460492503128e-16,3.2786273695961654e-16,0.10404355188489273,False,False,False,False,False,1.1602686808009985,0.21646845063349857,0.18,False,True,True,False,True,33.92481403005643,,33.92481403005643,33.580264544332834,False,True,False,False,0.9525896978776218,0.8692346268080233,0.8692346268080233,False,left_only,min,none,none,0,moving_average,4,2.0,peak,7,-1,-1,7,False,0.8692346268080237,False,False,False,False,False,False,False,,
frame_000181.jpg,34.00033080894996,,181,True,0.01386239601558272,1.1102230246251565e-16,1.734723475976807e-18,0.011947574079145816,False,False,False,False,False,1.1602686808009985,0.21646845063349857,0.18,False,True,True,False,True,34.00033080894996,,34.00033080894996,33.5901812441511,False,True,False,False,0.9745201571942851,0.8710747365674452,0.8710747365674452,False,left_only,min,none,none,0,moving_average,4,2.0,peak,7,-1,-1,7,False,0.8710747365674452,False,False,False,False,False,False,False,,
frame_000182.jpg,33.96760903741993,,182,True,0.016889320016897986,0.0,3.2612801348363973e-16,0.01455638706479463,False,False,False,False,False,1.1602686808009985,0.21646845063349857,0.18,False,True,True,False,True,33.96760903741993,,33.96760903741993,33.60009794396936,False,True,False,False,0.9650175871717982,0.8729148463268671,0.8729148463268671,False,left_only,min,none,none,0,moving_average,4,2.0,peak,7,-1,-1,7,False,0.8729148463268666,False,False,False,False,False,False,False,,
frame_000183.jpg,33.98653949588857,,183,True,0.012906284327888462,0.0,0.0,0.011123530731673744,False,False,False,False,False,1.1602686808009985,0.21646845063349857,0.18,False,True,True,False,True,33.98653949588857,,33.98653949588857,33.610014643787615,False,True,False,False,0.970515089255111,0.8747549560862876,0.8747549560862876,False,left_only,min,none,none,0,moving_average,4,2.0,peak,7,-1,-1,7,False,0.8747549560862881,False,False,False,False,False,False,False,,
frame_000184.jpg,33.91367214053288,,184,True,0.0230842621644111,1.1102230246251565e-16,1.734723475976807e-18,0.019895617753359282,False,False,False,False,False,1.1602686808009985,0.21646845063349857,0.18,False,True,True,False,True,33.91367214053288,,33.91367214053288,33.61993134360588,False,True,False,False,0.9493540361016941,0.8765950658457096,0.8765950658457096,False,left_only,min,none,none,0,moving_average,4,2.0,peak,7,-1,-1,7,False,0.8765950658457096,False,False,False,False,False,False,False,,
frame_000185.jpg,33.794325633944126,,185,True,0.014682422389598828,0.0,0.0,0.012654329667385944,False,False,False,False,False,1.1602686808009985,0.21646845063349857,0.18,False,True,True,False,True,33.794325633944126,,33.794325633944126,33.62984804342414,False,True,False,False,0.9146951994076566,0.8784351756051314,0.8784351756051314,False,left_only,min,none,none,0,moving_average,4,2.0,peak,7,-1,-1,7,False,0.8784351756051308,True,False,False,False,False,False,False,6,
frame_000186.jpg,33.7279572759664,,186,True,0.0073018946017487435,2.2204460492503128e-16,1.734723475976807e-18,0.006293279067662015,False,False,False,False,False,1.1602686808009985,0.21646845063349857,0.18,False,True,True,False,True,33.7279572759664,,33.7279572759664,33.639764743242395,False,True,False,False,0.8954214883745593,0.8802752853645519,0.8802752853645519,False,left_only,min,none,none,0,moving_average,4,2.0,peak,7,-1,-1,7,False,0.8760496176579458,False,False,False,False,False,False,False,,
frame_000187.jpg,33.638485381409126,,187,True,0.025088740032777657,0.0,0.0,0.02162321576710792,False,False,False,False,False,1.1602686808009985,0.21646845063349857,0.18,False,True,True,False,True,33.638485381409126,,33.638485381409126,33.64968144306066,False,True,False,False,0.8694383920041541,0.8821153951239739,0.8694383920041541,False,left_only,min,none,none,0,moving_average,4,2.0,peak,7,-1,-1,7,False,0.858705485339845,False,False,False,False,False,False,False,,
frame_000188.jpg,33.49029373383697,,188,True,0.053696832889468894,0.0,3.2612801348363973e-16,0.04627965382328424,False,False,False,False,False,1.1602686808009985,0.21646845063349857,0.18,False,True,True,False,True,33.49029373383697,,33.49029373383697,33.65959814287891,False,True,False,False,0.8264027786508295,0.8839555048833944,0.8264027786508295,False,left_only,min,none,none,0,moving_average,4,2.0,peak,7,-1,-1,7,False,0.8605455950992665,False,False,False,False,False,False,False,,
frame_000189.jpg,33.7541571880012,,189,True,0.10857482611858116,1.1102230246251565e-16,3.2786273695961654e-16,0.09357731352674785,False,False,False,False,False,1.1602686808009985,0.21646845063349857,0.18,False,True,True,False,True,33.7541571880012,,33.7541571880012,33.669514842697176,False,True,False,False,0.9030300770007954,0.8857956146428163,0.8857956146428163,False,left_only,min,none,none,0,moving_average,4,2.0,peak,7,-1,-1,7,False,0.8666113725652946,False,False,False,False,False,False,False,,
frame_000190.jpg,34.072352988778604,,190,True,0.14856038066656735,0.0,0.0,0.12803963696064585,False,False,False,False,False,1.1602686808009985,0.21646845063349857,0.18,False,True,True,False,True,34.072352988778604,,34.072352988778604,33.67943154251544,False,True,False,False,0.9954357670464526,0.8876357244022381,0.8876357244022381,False,left_only,min,none,none,0,moving_average,4,2.0,peak,7,-1,-1,7,False,0.8876357244022377,False,False,False,False,False,False,False,,
frame_000191.jpg,33.791808167088995,,191,True,0.08075108203824825,2.2204460492503128e-16,1.734723475976807e-18,0.0695968816313315,False,False,False,False,False,1.1602686808009985,0.21646845063349857,0.18,False,True,True,False,True,33.791808167088995,,33.791808167088995,33.68934824233369,False,True,False,False,0.9139641141408267,0.8894758341616588,0.8894758341616588,False,left_only,min,none,none,0,moving_average,4,2.0,peak,7,-1,-1,7,False,0.8894758341616591,False,False,False,False,False,False,False,,
frame_000192.jpg,33.96779775305902,,192,True,0.12894450389157333,0.0,3.2612801348363973e-16,0.1111333142273182,False,False,False,False,False,1.1602686808009985,0.21646845063349857,0.18,False,True,True,False,True,33.96779775305902,,33.96779775305902,33.699264942151956,False,True,False,False,0.9650723911598122,0.8913159439210806,0.8913159439210806,False,left_only,min,none,none,0,moving_average,4,2.0,peak,7,-1,-1,7,False,0.8913159439210802,False,False,False,False,False,False,False,,
frame_000193.jpg,33.97720753324549,,193,True,0.0858037250934097,0.0,0.0,0.07395159975719984,False,False,False,False,False,1.1602686808009985,0.21646845063349857,0.18,False,True,True,False,True,33.97720753324549,,33.97720753324549,33.70918164197021,False,True,False,False,0.9678050395140163,0.8931560536805011,0.8931560536805011,False,left_only,min,none,none,0,moving_average,4,2.0,peak,7,-1,-1,7,False,0.8931560536805015,True,False,False,False,False,False,False,7,
frame_000194.jpg,33.9443645930127,33.719098341788474,194,True,0.14967118915952382,0.18485971458298503,0.02397608934776561,0.8539799404577894,False,False,False,False,False,1.1602686808009985,0.21646845063349857,0.18,False,False,True,True,True,33.9443645930127,33.719098341788474,33.9443645930127,33.719098341788474,False,False,False,False,0.9582672814797351,0.894996163439923,0.894996163439923,False,both,min,none,none,0,moving_average,4,2.0,peak,7,-1,-1,7,False,0.8854457366025847,False,False,False,False,False,False,False,,
frame_000195.jpg,34.002178604550565,33.574607867365266,195,True,0.016925690628293244,0.027688966805025167,0.022495178299057887,0.12791225106472995,False,False,False,False,False,1.1602686808009985,0.21646845063349857,0.18,False,False,True,True,True,34.002178604550565,33.574607867365266,34.002178604550565,33.574607867365266,False,False,False,False,0.9750567664993732,0.8681849926873302,0.8681849926873302,False,both,min,none,none,0,moving_average,4,2.0,peak,7,-1,-1,7,False,0.8823823186175006,False,False,False,False,False,False,False,,
frame_000196.jpg,33.92702947840843,33.659653623730435,196,True,0.03693660149156899,0.005120592218674272,0.0011668696280883704,0.031834524281108396,False,False,False,False,False,1.1602686808009985,0.21646845063349857,0.18,False,False,True,True,True,33.92702947840843,33.659653623730435,33.92702947840843,33.659653623730435,False,False,False,False,0.9532330754244864,0.8839657997252488,0.8839657997252488,False,both,min,none,none,0,moving_average,4,2.0,peak,7,-1,-1,7,False,0.8662012237994041,False,False,False,False,False,False,False,,
frame_000197.jpg,33.85010012790171,33.45748939283265,197,True,0.003571848081516073,0.0057802060966326944,0.004835373468599401,0.026863185936663342,False,False,False,False,False,1.1602686808009985,0.21646845063349857,0.18,False,False,True,True,True,33.85010012790171,33.45748939283265,33.85010012790171,33.45748939283265,False,False,False,False,0.9308923980774891,0.8464528789856338,0.8464528789856338,False,both,min,none,none,0,moving_average,4,2.0,peak,7,-1,-1,7,False,0.8577617177602461,False,False,False,False,False,False,False,,
frame_000198.jpg,33.80304037180317,,198,True,0.07854267212563841,0.14626994946265293,0.0021875927918036317,0.67571024338462,False,False,False,False,False,1.1602686808009985,0.21646845063349857,0.18,False,True,True,False,True,33.80304037180317,,33.80304037180317,33.438161580545334,False,True,False,False,0.9172260039106217,0.8428664745698558,0.8428664745698558,False,left_only,min,none,none,0,moving_average,4,2.0,peak,7,-1,-1,7,False,0.8428664745698556,False,False,False,False,False,False,False,,
frame_000199.jpg,33.691949704511806,,199,True,0.010918982134949313,3.33066907387547e-16,3.469446951953614e-18,0.009410735905938035,False,False,False,False,False,1.1602686808009985,0.21646845063349857,0.18,False,True,True,False,True,33.691949704511806,,33.691949704511806,33.41883376825802,False,True,False,False,0.8849647052271977,0.8392800701540776,0.8392800701540776,False,left_only,min,none,none,0,moving_average,4,2.0,peak,7,-1,-1,7,False,0.8392800701540776,False,False,False,False,False,False,False,,
frame_000200.jpg,33.57387789622895,,200,True,0.014813979472786908,2.2204460492503128e-16,3.469446951953614e-18,0.012767714683602412,False,False,False,False,False,1.1602686808009985,0.21646845063349857,0.18,False,True,True,False,True,33.57387789622895,,33.57387789622895,33.3995059559707,False,True,False,False,0.8506760474490003,0.8356936657382994,0.8356936657382994,False,left_only,min,none,none,0,moving_average,4,2.0,peak,7,-1,-1,7,False,0.8356936657382994,False,False,False,False,False,False,False,,
frame_000201.jpg,33.54681068562838,,201,True,0.0019384101842229754,3.33066907387547e-16,3.469446951953614e-18,0.0016706563025425992,False,False,False,False,True,1.1602686808009985,0.21646845063349857,0.18,False,True,True,False,True,33.54681068562838,,33.54681068562838,33.38017814368339,False,True,True,False,0.8428155908777756,0.8321072613225212,0.8321072613225212,False,left_only,min,none,none,0,moving_average,4,2.0,peak,7,-1,-1,7,False,0.8321072613225212,False,False,False,False,False,False,False,,
frame_000202.jpg,33.742924536268674,33.36085033139607,202,True,0.04037297604849076,0.22294470671351552,0.006712834203488582,1.0299177827580144,False,True,False,True,True,1.1602686808009985,0.21646845063349857,0.18,False,False,True,True,True,33.742924536268674,33.36085033139607,33.742924536268674,33.36085033139607,False,False,True,True,0.899768057414582,0.8285208569067432,0.8285208569067432,False,both,min,none,none,0,moving_average,4,2.0,peak,7,-1,-1,7,False,0.8201930968050283,False,False,False,False,False,False,False,,
frame_000203.jpg,33.89288931089288,,203,True,0.31441904201050236,0.22294470671351588,0.006712834203488585,1.029917782758016,False,True,False,True,True,1.1602686808009985,0.21646845063349857,0.18,False,True,True,False,True,33.89288931089288,,33.89288931089288,33.206882892318525,False,True,True,False,0.9433185959441138,0.7999511721858206,0.7999511721858206,False,left_only,min,none,none,0,moving_average,4,2.0,peak,7,-1,-1,7,False,0.7999511721858206,False,False,False,False,False,False,False,,
frame_000204.jpg,33.84809351281172,,204,True,0.26240541901822384,2.2204460492503128e-16,1.734723475976807e-18,0.22615918481663286,False,False,False,False,True,1.1602686808009985,0.21646845063349857,0.18,False,True,True,False,True,33.84809351281172,,33.84809351281172,33.05291545324098,False,True,True,False,0.9303096667793592,0.7713814874648981,0.7713814874648981,False,left_only,min,none,none,0,moving_average,4,2.0,peak,7,-1,-1,7,False,0.7713814874648985,False,False,False,False,False,False,False,,
frame_000205.jpg,33.9344104666016,,205,True,0.20675028021170147,1.1102230246251565e-16,1.734723475976807e-18,0.17819172716871937,False,False,False,False,False,1.1602686808009985,0.21646845063349857,0.18,False,True,True,False,True,33.9344104666016,,33.9344104666016,32.89894801416344,False,True,False,False,0.9553765521942689,0.742811802743977,0.742811802743977,False,left_only,min,none,none,0,moving_average,4,2.0,peak,7,-1,-1,7,False,0.7428118027439765,False,False,False,False,False,False,False,,
frame_000206.jpg,33.96465080108938,,206,True,0.07928054058984803,0.13877417616482715,0.03081949701826294,0.6410826878406631,False,False,False,False,False,1.1602686808009985,0.21646845063349857,0.18,False,True,True,False,True,33.96465080108938,,33.96465080108938,32.74498057508589,False,True,False,False,0.9641585001920978,0.7142421180230545,0.7142421180230545,False,left_only,min,none,none,0,moving_average,4,2.0,peak,7,-1,-1,7,False,0.7142421180230545,False,False,False,False,False,False,False,,
frame_000207.jpg,34.018544655309995,,207,True,0.0769435676773384,0.0699136438533008,0.03995617256979603,0.32297382666479735,False,False,False,False,False,1.1602686808009985,0.21646845063349857,0.18,False,True,True,False,True,34.018544655309995,,34.018544655309995,32.59101313600834,False,True,False,False,0.9798095514514453,0.6856724333021319,0.6856724333021319,False,left_only,min,none,none,0,moving_average,4,2.0,peak,7,-1,-1,7,False,0.6856724333021319,False,False,False,False,False,False,False,,
frame_000208.jpg,34.088069767246154,,208,True,0.09464150654637311,0.11494963654997908,0.02602755782481558,0.5310225864950622,False,False,False,False,False,1.1602686808009985,0.21646845063349857,0.18,False,True,True,False,True,34.088069767246154,,34.088069767246154,32.437045696930795,False,True,False,False,1.0,0.6571027485812094,0.6571027485812094,False,left_only,min,none,none,0,moving_average,4,2.0,peak,7,-1,-1,7,False,0.6571027485812098,False,False,False,False,False,False,False,,
frame_000209.jpg,33.86054935601884,,209,True,0.024625764759762223,0.04869944528320258,0.005389972377994011,0.22497248509278295,False,False,False,False,False,1.1602686808009985,0.21646845063349857,0.18,False,True,True,False,True,33.86054935601884,,33.86054935601884,32.283078257853255,False,True,False,False,0.933926907433832,0.6285330638602883,0.6285330638602883,False,left_only,min,none,none,0,moving_average,4,2.0,peak,7,-1,-1,7,False,0.6285330638602877,False,False,False,False,False,False,False,,
frame_000210.jpg,33.44882654448947,,210,True,0.02604008814704297,0.05217926377205165,0.0033107220390641186,0.24104789228799003,False,False,False,False,False,1.1602686808009985,0.21646845063349857,0.18,False,True,True,False,True,33.44882654448947,,33.44882654448947,32.12911081877571,False,True,False,False,0.8143604945083361,0.5999633791393658,0.5999633791393658,False,left_only,min,none,none,0,moving_average,4,2.0,peak,7,-1,-1,7,False,0.5999633791393657,False,False,False,False,False,False,False,,
frame_000211.jpg,33.326194894852854,,211,True,0.0029329284008589194,0.00552650651543419,0.011233454408659969,0.062408080048110944,False,False,False,False,False,1.1602686808009985,0.21646845063349857,0.18,False,True,True,False,True,33.326194894852854,,33.326194894852854,31.97514337969816,False,True,False,False,0.7787476354497838,0.5713936944184433,0.5713936944184433,False,left_only,min,none,none,0,moving_average,4,2.0,peak,7,-1,-1,7,False,0.5713936944184435,False,False,False,False,False,False,False,,
frame_000212.jpg,33.25125008375506,,212,True,0.005021324342862643,0.0053631042582464655,0.0017032237762516916,0.024775454541071693,False,False,False,False,False,1.1602686808009985,0.21646845063349857,0.18,False,True,True,False,True,33.25125008375506,,33.25125008375506,31.821175940620616,False,True,False,False,0.7569832785100838,0.5428240096975214,0.5428240096975214,False,left_only,min,none,none,0,moving_average,4,2.0,peak,7,-1,-1,7,False,0.5428240096975212,False,False,False,False,False,False,False,,
frame_000213.jpg,33.27146101936661,,213,True,0.03964217551004708,0.06933027100089431,0.00671297011903374,0.3202788711149274,False,False,False,False,False,1.1602686808009985,0.21646845063349857,0.18,False,True,True,False,True,33.27146101936661,,33.27146101936661,31.66720850154307,False,True,False,False,0.7628526377130994,0.514254324976599,0.514254324976599,False,left_only,min,none,none,0,moving_average,4,2.0,peak,7,-1,-1,7,False,0.5142543249765992,False,False,False,False,False,False,False,,
frame_000214.jpg,33.32258389420154,,214,True,0.12125856980225912,0.18087731248985114,0.006881645803882231,0.8355827925986935,False,False,False,False,False,1.1602686808009985,0.21646845063349857,0.18,False,True,True,False,True,33.32258389420154,,33.32258389420154,31.513241062465525,False,True,False,False,0.7776989823684908,0.48568464025567715,0.48568464025567715,False,left_only,min,none,none,0,moving_average,4,2.0,peak,7,-1,-1,7,False,0.48568464025567687,False,False,False,False,False,False,False,,
frame_000215.jpg,33.636712581571395,,215,True,0.11270494181482124,0.16225826111375927,0.04334941757136131,0.7495700211227444,False,False,False,False,False,1.1602686808009985,0.21646845063349857,0.18,False,True,True,False,True,33.636712581571395,,33.636712581571395,31.359273623387978,False,True,False,False,0.868923561852662,0.4571149555347546,0.4571149555347546,False,left_only,min,none,none,0,moving_average,4,2.0,peak,7,-1,-1,7,False,0.4571149555347548,False,False,False,False,False,False,False,,
frame_000216.jpg,33.66320086613209,,216,True,0.13315241875866166,0.012213723276044324,0.019229293882651592,0.11475998702881395,False,False,False,False,False,1.1602686808009985,0.21646845063349857,0.18,False,True,True,False,True,33.66320086613209,,33.66320086613209,31.205306184310434,False,True,False,False,0.8766158953371908,0.4285452708138328,0.4285452708138328,False,left_only,min,none,none,0,moving_average,4,2.0,peak,7,-1,-1,7,False,0.42854527081383254,False,False,False,False,False,False,False,,
frame_000217.jpg,33.62182859388354,,217,True,0.14020237473678726,3.33066907387547e-16,3.469446951953614e-18,0.12083612792167905,False,False,False,False,False,1.1602686808009985,0.21646845063349857,0.18,False,True,True,False,True,33.62182859388354,,33.62182859388354,31.051338745232886,False,True,False,False,0.8646011756063103,0.3999755860929103,0.3999755860929103,False,left_only,min,none,none,0,moving_average,4,2.0,peak,7,-1,-1,7,False,0.3999755860929105,False,False,False,False,False,False,False,,
frame_000218.jpg,33.57303993539796,,218,True,0.07933416604381292,2.2204460492503128e-16,3.469446951953614e-18,0.06837568518099109,False,False,False,False,False,1.1602686808009985,0.21646845063349857,0.18,False,True,True,False,True,33.57303993539796,,33.57303993539796,30.897371306155343,False,True,False,False,0.850432699332432,0.3714059013719885,0.3714059013719885,False,left_only,min,none,none,0,moving_average,4,2.0,peak,7,-1,-1,7,False,0.37140590137198826,False,False,False,False,False,False,False,,
frame_000219.jpg,33.49978998601409,,219,True,0.030731639249394364,0.0,0.0,0.02648665758018961,False,False,False,False,False,1.1602686808009985,0.21646845063349857,0.18,False,True,True,False,True,33.49978998601409,,33.49978998601409,30.743403867077795,False,True,False,False,0.8291605389139463,0.34283621665106595,0.34283621665106595,False,left_only,min,none,none,0,moving_average,4,2.0,peak,7,-1,-1,7,False,0.3428362166510662,False,False,False,False,False,False,False,,
frame_000220.jpg,33.53621659669237,,220,True,0.011206046271991413,2.2204460492503128e-16,1.734723475976807e-18,0.009658147683737572,False,False,False,False,False,1.1602686808009985,0.21646845063349857,0.18,False,True,True,False,True,33.53621659669237,,33.53621659669237,30.58943642800025,False,True,False,False,0.8397390131977894,0.31426653193014414,0.31426653193014414,False,left_only,min,none,none,0,moving_average,4,2.0,peak,7,-1,-1,7,False,0.31426653193014387,False,False,False,False,False,False,False,,
frame_000221.jpg,33.55515772927204,,221,True,0.005957163209093617,1.1102230246251565e-16,1.734723475976807e-18,0.005134296312282646,False,False,False,False,False,1.1602686808009985,0.21646845063349857,0.18,False,True,True,False,True,33.55515772927204,,33.55515772927204,30.435468988922704,False,True,False,False,0.8452396150976086,0.28569684720922167,0.28569684720922167,False,left_only,min,none,none,0,moving_average,4,2.0,peak,7,-1,-1,7,False,0.28569684720922184,False,False,False,False,False,False,False,,
frame_000222.jpg,33.649461844447735,,222,True,0.04182170053270827,0.0,3.2612801348363973e-16,0.036044841358500175,False,False,False,False,False,1.1602686808009985,0.21646845063349857,0.18,False,True,True,False,True,33.649461844447735,,33.649461844447735,30.28150154984516,False,True,False,False,0.872626013081696,0.2571271624882998,0.2571271624882998,False,left_only,min,none,none,0,moving_average,4,2.0,peak,7,-1,-1,7,False,0.2571271624882996,False,False,False,False,False,False,False,,
frame_000223.jpg,33.463494188010834,,223,True,0.031075964152334087,0.0,0.0,0.026783420656395385,False,False,False,False,False,1.1602686808009985,0.21646845063349857,0.18,False,True,True,False,True,33.463494188010834,,33.463494188010834,30.127534110767613,False,True,False,False,0.8186200533008278,0.2285574777673773,0.2285574777673773,False,left_only,min,none,none,0,moving_average,4,2.0,peak,7,-1,-1,7,False,0.2285574777673775,False,False,False,False,False,False,False,,
frame_000224.jpg,33.472942655252446,,224,True,0.009646615359329539,0.0,3.2612801348363973e-16,0.00831412199514852,False,False,False,False,False,1.1602686808009985,0.21646845063349857,0.18,False,True,True,False,True,33.472942655252446,,33.472942655252446,29.97356667169007,False,True,False,False,0.8213639365739628,0.19998779304645548,0.19998779304645548,False,left_only,min,none,none,0,moving_average,4,2.0,peak,7,-1,-1,7,False,0.19998779304645525,False,False,False,False,False,False,False,,
frame_000225.jpg,33.385093725487835,,225,True,0.004278042645834,0.0,0.0,0.0036871137837493186,False,False,False,False,False,1.1602686808009985,0.21646845063349857,0.18,False,True,True,False,True,33.385093725487835,,33.385093725487835,29.81959923261252,False,True,False,False,0.7958521574906484,0.17141810832553298,0.17141810832553298,False,left_only,min,none,none,0,moving_average,4,2.0,peak,7,-1,-1,7,False,0.1714181083255332,False,False,False,False,False,False,False,,
frame_000226.jpg,33.38216377765523,,226,True,0.035036959003047735,0.0,0.0,0.0301972806668019,False,False,False,False,False,1.1602686808009985,0.21646845063349857,0.18,False,True,True,False,True,33.38216377765523,,33.38216377765523,29.665631793534978,False,True,False,False,0.7950012856356202,0.14284842360461114,0.14284842360461114,False,left_only,min,none,none,0,moving_average,4,2.0,peak,7,-1,-1,7,False,0.14284842360461092,False,False,False,False,False,False,False,,
frame_000227.jpg,33.481908296095604,,227,True,0.04755017555469794,2.2204460492503128e-16,1.734723475976807e-18,0.04098203833432045,False,False,False,False,False,1.1602686808009985,0.21646845063349857,0.18,False,True,True,False,True,33.481908296095604,,33.481908296095604,29.51166435445743,False,True,False,False,0.8239676045884037,0.11427873888368865,0.11427873888368865,False,left_only,min,none,none,0,moving_average,4,2.0,peak,7,-1,-1,7,False,0.11427873888368864,False,False,False,False,False,False,False,,
frame_000228.jpg,33.8279391679802,,228,True,0.1173026734162782,3.33066907387547e-16,3.469446951953614e-18,0.10109957750070232,False,False,False,False,False,1.1602686808009985,0.21646845063349857,0.18,False,True,True,False,True,33.8279391679802,,33.8279391679802,29.357696915379883,False,True,False,False,0.9244567418286681,0.08570905416276617,0.08570905416276617,False,left_only,min,none,none,0,moving_average,4,2.0,peak,7,-1,-1,7,False,0.08570905416276638,False,False,False,False,False,False,False,,
frame_000229.jpg,33.90190756432556,,229,True,0.15017956615858974,1.1102230246251565e-16,3.2439329000766293e-16,0.1294351632889999,False,False,False,False,True,1.1602686808009985,0.21646845063349857,0.18,False,True,True,False,True,33.90190756432556,,33.90190756432556,29.20372947630234,False,True,True,False,0.9459375429239838,0.05713936944184433,0.05713936944184433,False,left_only,min,none,none,0,moving_average,4,2.0,peak,7,-1,-1,7,False,0.05713936944184433,False,False,False,False,False,False,False,,
frame_000230.jpg,33.680351778016764,,230,True,0.1436813387542508,0.37805609091895276,0.14877498903791547,1.7464720138780743,False,True,False,True,True,1.1602686808009985,0.21646845063349857,0.18,False,True,True,False,True,33.680351778016764,,33.680351778016764,29.049762037224795,False,True,True,False,0.8815966079793559,0.028569684720922493,0.028569684720922493,False,left_only,min,none,none,0,moving_average,4,2.0,peak,7,-1,-1,7,False,0.02856968472092227,False,False,False,False,False,False,False,,
frame_000231.jpg,,28.895794598147248,231,True,2.7085558712279907,0.3780560909189531,0.14877498903791514,2.3344212560819297,True,True,False,True,True,1.1602686808009985,0.21646845063349857,0.18,True,False,False,True,True,,28.895794598147248,33.78357234306928,28.895794598147248,True,False,False,True,0.91157238866935,0.0,0.0,False,right_only,min,none,none,0,moving_average,4,2.0,peak,7,-1,-1,7,False,0.009523228240307498,False,False,False,False,False,False,False,,
frame_000232.jpg,33.886792908121805,,232,True,3.4636362816945763,0.844012190718553,0.10174851640375975,3.8990078611850234,True,True,False,True,True,1.1602686808009985,0.21646845063349857,0.18,False,True,True,False,True,33.886792908121805,,33.886792908121805,28.895794598147248,False,True,True,False,0.9415481693593462,0.0,0.0,False,left_only,min,none,none,0,moving_average,4,2.0,peak,7,-1,-1,7,False,0.0,False,False,False,False,False,False,False,,
frame_000233.jpg,33.846124185906184,,233,True,0.16561913913711862,0.2132591561869235,0.13668615555017866,0.9851743086016322,False,False,False,False,True,1.1602686808009985,0.21646845063349857,0.18,False,True,True,False,True,33.846124185906184,,33.846124185906184,28.895794598147248,False,True,True,False,0.929737764160949,0.0,0.0,False,left_only,min,none,none,0,moving_average,4,2.0,peak,7,-1,-1,7,False,0.0,False,False,False,False,False,False,False,,
frame_000234.jpg,33.51406845963886,,234,True,0.423607602802837,0.14309789264008915,0.35710467084847364,1.983914838047076,False,False,True,True,True,1.1602686808009985,0.21646845063349857,0.18,False,True,True,False,True,33.51406845963886,,33.51406845963886,28.895794598147248,False,True,True,False,0.8333070807755028,0.0,0.0,False,left_only,min,none,none,0,moving_average,4,2.0,peak,7,-1,-1,7,False,0.0,False,False,False,False,False,False,False,,
frame_000235.jpg,,,235,False,,,,0.0,False,False,False,False,True,1.1602686808009985,0.21646845063349857,0.18,True,True,False,False,False,,,33.3504154644921,28.895794598147248,True,True,False,False,0.7857814129080202,0.0,0.0,False,missing,min,none,none,0,moving_average,4,2.0,peak,7,-1,-1,7,False,0.0,False,False,False,False,False,False,False,,
frame_000236.jpg,,,236,False,,,,0.0,False,False,False,False,False,1.1602686808009985,0.21646845063349857,0.18,True,True,False,False,False,,,33.186762469345354,28.895794598147248,True,True,False,False,0.7382557450405396,0.0,0.0,False,missing,min,none,none,0,moving_average,4,2.0,peak,7,-1,-1,7,False,0.0,False,False,False,False,False,False,False,,
frame_000237.jpg,,,237,False,,,,0.0,False,False,False,False,False,1.1602686808009985,0.21646845063349857,0.18,True,True,False,False,False,,,33.0231094741986,28.895794598147248,True,True,False,False,0.690730077173057,0.0,0.0,False,missing,min,none,none,0,moving_average,4,2.0,peak,7,-1,-1,7,False,0.0,False,False,False,False,False,False,False,,
frame_000238.jpg,,,238,False,,,,0.0,False,False,False,False,False,1.1602686808009985,0.21646845063349857,0.18,True,True,False,False,False,,,32.85945647905184,28.895794598147248,True,True,False,False,0.6432044093055744,0.0,0.0,False,missing,min,none,none,0,moving_average,4,2.0,peak,7,-1,-1,7,False,0.0,False,False,False,False,False,False,False,,
frame_000239.jpg,,,239,False,,,,0.0,False,False,False,False,False,1.1602686808009985,0.21646845063349857,0.18,True,True,False,False,False,,,32.695803483905095,28.895794598147248,True,True,False,False,0.595678741438094,0.0,0.0,False,missing,min,none,none,0,moving_average,4,2.0,peak,7,-1,-1,7,False,0.0,False,False,False,False,False,False,False,,
frame_000240.jpg,,,240,False,,,,0.0,False,False,False,False,False,1.1602686808009985,0.21646845063349857,0.18,True,True,False,False,False,,,32.53215048875834,28.895794598147248,True,True,False,False,0.5481530735706114,0.0,0.0,False,missing,min,none,none,0,moving_average,4,2.0,peak,7,-1,-1,7,False,0.0,False,False,False,False,False,False,False,,
frame_000241.jpg,,,241,False,,,,0.0,False,False,False,False,False,1.1602686808009985,0.21646845063349857,0.18,True,True,False,False,False,,,32.368497493611585,28.895794598147248,True,True,False,False,0.5006274057031288,0.0,0.0,False,missing,min,none,none,0,moving_average,4,2.0,peak,7,-1,-1,7,False,0.0,False,False,False,False,False,False,False,,
frame_000242.jpg,,,242,False,,,,0.0,False,False,False,False,False,1.1602686808009985,0.21646845063349857,0.18,True,True,False,False,False,,,32.20484449846484,28.895794598147248,True,True,False,False,0.4531017378356483,0.0,0.0,False,missing,min,none,none,0,moving_average,4,2.0,peak,7,-1,-1,7,False,0.0,False,False,False,False,False,False,False,,
frame_000243.jpg,32.04119150331808,,243,True,,,,0.0,False,False,False,False,False,1.1602686808009985,0.21646845063349857,0.18,False,True,True,False,True,32.04119150331808,,32.04119150331808,28.895794598147248,False,True,False,False,0.4055760699681657,0.0,0.0,False,left_only,min,none,none,0,moving_average,4,2.0,peak,7,-1,-1,7,False,0.0,False,False,False,False,False,False,False,,
frame_000244.jpg,32.151360157977216,,244,True,0.5152370163657823,0.18287964517649824,0.009372216936582557,0.8448327903733679,False,False,False,False,False,1.1602686808009985,0.21646845063349857,0.18,False,True,True,False,True,32.151360157977216,,32.151360157977216,28.895794598147248,False,True,False,False,0.4375696114615075,0.0,0.0,False,left_only,min,none,none,0,moving_average,4,2.0,peak,7,-1,-1,7,False,0.0,False,False,False,False,False,False,False,,
frame_000245.jpg,32.151360157977216,,245,True,0.0,0.0,0.0,0.0,False,False,False,False,False,1.1602686808009985,0.21646845063349857,0.18,False,True,True,False,True,32.151360157977216,,32.151360157977216,28.895794598147248,False,True,False,False,0.4375696114615075,0.0,0.0,False,left_only,min,none,none,0,moving_average,4,2.0,peak,7,-1,-1,7,False,0.0,False,False,False,False,False,False,False,,
frame_000246.jpg,,,246,False,,,,0.0,False,False,False,False,False,1.1602686808009985,0.21646845063349857,0.18,True,True,False,False,False,,,32.11694835275201,28.895794598147248,True,True,False,False,0.42757624699917685,0.0,0.0,False,missing,min,none,none,0,moving_average,4,2.0,peak,7,-1,-1,7,False,0.0,False,False,False,False,False,False,False,,
frame_000247.jpg,,,247,False,,,,0.0,False,False,False,False,False,1.1602686808009985,0.21646845063349857,0.18,True,True,False,False,False,,,32.08253654752681,28.895794598147248,True,True,False,False,0.41758288253684617,0.0,0.0,False,missing,min,none,none,0,moving_average,4,2.0,peak,7,-1,-1,7,False,0.0,False,False,False,False,False,False,False,,
frame_000248.jpg,,,248,False,,,,0.0,False,False,False,False,False,1.1602686808009985,0.21646845063349857,0.18,True,True,False,False,False,,,32.04812474230161,28.895794598147248,True,True,False,False,0.40758951807451754,0.0,0.0,False,missing,min,none,none,0,moving_average,4,2.0,peak,7,-1,-1,7,False,0.0,False,False,False,False,False,False,False,,
frame_000249.jpg,,,249,False,,,,0.0,False,False,False,False,False,1.1602686808009985,0.21646845063349857,0.18,True,True,False,False,False,,,32.013712937076406,28.895794598147248,True,True,False,False,0.39759615361218686,0.0,0.0,False,missing,min,none,none,0,moving_average,4,2.0,peak,7,-1,-1,7,False,0.0,False,False,False,False,False,False,False,,
frame_000250.jpg,,,250,False,,,,0.0,False,False,False,False,False,1.1602686808009985,0.21646845063349857,0.18,True,True,False,False,False,,,31.9793011318512,28.895794598147248,True,True,False,False,0.3876027891498562,0.0,0.0,False,missing,min,none,none,0,moving_average,4,2.0,peak,7,-1,-1,7,False,0.0,False,False,False,False,False,False,False,,
frame_000251.jpg,31.944889326625997,,251,True,,,,0.0,False,False,False,False,True,1.1602686808009985,0.21646845063349857,0.18,False,True,True,False,True,31.944889326625997,,31.944889326625997,28.895794598147248,False,True,True,False,0.37760942468752545,0.0,0.0,False,left_only,min,none,none,0,moving_average,4,2.0,peak,7,-1,-1,7,False,0.0,False,False,False,False,False,False,False,,
frame_000252.jpg,31.821532795396365,,252,True,0.14016333208581755,0.2538881949314066,0.03653324268921944,1.172864656204627,False,True,False,True,True,1.1602686808009985,0.21646845063349857,0.18,False,True,True,False,True,31.821532795396365,,31.821532795396365,28.895794598147248,False,True,True,False,0.3417860563021991,0.0,0.0,False,left_only,min,none,none,0,moving_average,4,2.0,peak,7,-1,-1,7,False,0.0,False,False,False,False,False,False,False,,
frame_000253.jpg,,,253,False,,,,0.0,False,False,False,False,True,1.1602686808009985,0.21646845063349857,0.18,True,True,False,False,False,,,31.821532795396365,28.895794598147248,True,True,False,False,0.3417860563021991,0.0,0.0,False,missing,min,none,none,0,moving_average,4,2.0,peak,7,-1,-1,7,False,0.0,False,False,False,False,False,False,False,,
frame_000254.jpg,,,254,False,,,,0.0,False,False,False,False,False,1.1602686808009985,0.21646845063349857,0.18,True,True,False,False,False,,,31.821532795396365,28.895794598147248,True,True,False,False,0.3417860563021991,0.0,0.0,False,missing,min,none,none,0,moving_average,4,2.0,peak,7,-1,-1,7,False,0.0,False,False,False,False,False,False,False,,
frame_000255.jpg,,,255,False,,,,0.0,False,False,False,False,False,1.1602686808009985,0.21646845063349857,0.18,True,True,False,False,False,,,31.821532795396365,28.895794598147248,True,True,False,False,0.3417860563021991,0.0,0.0,False,missing,min,none,none,0,moving_average,4,2.0,peak,7,-1,-1,7,False,0.0,False,False,False,False,False,False,False,,
frame_000256.jpg,,,256,False,,,,0.0,False,False,False,False,False,1.1602686808009985,0.21646845063349857,0.18,True,True,False,False,False,,,31.821532795396365,28.895794598147248,True,True,False,False,0.3417860563021991,0.0,0.0,False,missing,min,none,none,0,moving_average,4,2.0,peak,7,-1,-1,7,False,0.0,False,False,False,False,False,False,False,,
frame_000257.jpg,,,257,False,,,,0.0,False,False,False,False,False,1.1602686808009985,0.21646845063349857,0.18,True,True,False,False,False,,,31.821532795396365,28.895794598147248,True,True,False,False,0.3417860563021991,0.0,0.0,False,missing,min,none,none,0,moving_average,4,2.0,peak,7,-1,-1,7,False,0.0,False,False,False,False,False,False,False,,
frame_000258.jpg,,,258,False,,,,0.0,False,False,False,False,False,1.1602686808009985,0.21646845063349857,0.18,True,True,False,False,False,,,31.821532795396365,28.895794598147248,True,True,False,False,0.3417860563021991,0.0,0.0,False,missing,min,none,none,0,moving_average,4,2.0,peak,7,-1,-1,7,False,0.0,False,False,False,False,False,False,False,,
frame_000259.jpg,,,259,False,,,,0.0,False,False,False,False,False,1.1602686808009985,0.21646845063349857,0.18,True,True,False,False,False,,,31.821532795396365,28.895794598147248,True,True,False,False,0.3417860563021991,0.0,0.0,False,missing,min,none,none,0,moving_average,4,2.0,peak,7,-1,-1,7,False,0.0,False,False,False,False,False,False,False,,
frame_000260.jpg,,,260,False,,,,0.0,False,False,False,False,False,1.1602686808009985,0.21646845063349857,0.18,True,True,False,False,False,,,31.821532795396365,28.895794598147248,True,True,False,False,0.3417860563021991,0.0,0.0,False,missing,min,none,none,0,moving_average,4,2.0,peak,7,-1,-1,7,False,,False,False,False,False,False,False,False,,
