frame_name,left_temp,right_temp,frame_index,motion_coordinate_valid,motion_center_step_norm,motion_scale_step_log,motion_angle_step_rad,motion_score,motion_center_flag,motion_scale_flag,motion_angle_flag,motion_artifact_raw,motion_artifact,motion_center_threshold,motion_scale_threshold,motion_angle_threshold,left_missing_raw,right_missing_raw,left_quality_valid,right_quality_valid,quality_any_valid,left_temp_motion_filtered,right_temp_motion_filtered,left_temp_used,right_temp_used,left_repaired,right_repaired,left_motion_interpolated,right_motion_interpolated,left_norm,right_norm,fused_norm,fused_repaired,fusion_source,selected_fusion_mode,peak_retune_rule,edge_peak_completion,edge_peak_added,smoothing_method,butterworth_order,butterworth_cutoff_hz,rr_estimator,time_peak_count,spectral_count,autocorr_count,joint_count,joint_adjusted,smoothed_norm,is_peak,source_peak_rejected,quality_peak_rejected,mad_ibi_peak_rejected,motion_peak_rejected,motion_interval_peak_rejected,motion_reconstructed_peak,peak_number,event_source,target_time_seconds
frame_000000.jpg,,,0,False,,,,0.0,False,False,False,False,False,0.5647667636337668,0.12,0.18,True,True,False,False,False,,,33.06861222958617,33.07332191747567,True,True,False,False,1.0,0.7827519905307159,0.7827519905307159,False,missing,min,none,none,0,moving_average,4,2.0,peak,15,-1,-1,15,False,,False,False,False,False,False,False,False,,,0.0
frame_000001.jpg,,,1,False,,,,0.0,False,False,False,False,False,0.5647667636337668,0.12,0.18,True,True,False,False,False,,,33.06861222958617,33.07332191747567,True,True,False,False,1.0,0.7827519905307159,0.7827519905307159,False,missing,min,none,none,0,moving_average,4,2.0,peak,15,-1,-1,15,False,0.7827519905307159,False,False,False,False,False,False,False,,,0.1149425287356322
frame_000002.jpg,,,2,False,,,,0.0,False,False,False,False,False,0.5647667636337668,0.12,0.18,True,True,False,False,False,,,33.06861222958617,33.07332191747567,True,True,False,False,1.0,0.7827519905307159,0.7827519905307159,False,missing,min,none,none,0,moving_average,4,2.0,peak,15,-1,-1,15,False,0.7827519905307159,False,False,False,False,False,False,False,,,0.2298850574712644
frame_000003.jpg,33.06861222958617,33.07332191747567,3,True,,,,0.0,False,False,False,False,False,0.5647667636337668,0.12,0.18,False,False,True,True,True,33.06861222958617,33.07332191747567,33.06861222958617,33.07332191747567,False,False,False,False,1.0,0.7827519905307159,0.7827519905307159,False,both,min,none,none,0,moving_average,4,2.0,peak,15,-1,-1,15,False,0.7785442651616845,False,False,False,False,False,False,False,,,0.3448275862068966
frame_000004.jpg,32.812698122349374,32.999213914529946,4,True,0.009141472122628936,0.029960673036944656,0.0026078860074482094,0.24967227530787214,False,False,False,False,False,0.5647667636337668,0.12,0.18,False,False,True,True,True,32.812698122349374,32.999213914529946,32.812698122349374,32.999213914529946,False,False,False,False,0.9669928317194492,0.7701288144236219,0.7701288144236219,False,both,min,none,none,0,moving_average,4,2.0,peak,15,-1,-1,15,False,0.7515896449287267,False,False,False,False,False,False,False,,,0.4597701149425288
frame_000005.jpg,32.64959791013351,32.59858725671887,5,True,0.017835754013987678,0.008574672132745017,0.006133493161244369,0.07145560110620848,False,False,False,False,False,0.5647667636337668,0.12,0.18,False,False,True,True,True,32.64959791013351,32.59858725671887,32.64959791013351,32.59858725671887,False,False,False,False,0.9459565699465828,0.7018881298318421,0.7018881298318421,False,both,min,none,none,0,moving_average,4,2.0,peak,15,-1,-1,15,False,0.7246350246957687,False,False,False,False,False,False,False,,,0.574712643678161
frame_000006.jpg,32.64959791013351,32.59858725671887,6,True,0.0,0.0,0.0,0.0,False,False,False,False,False,0.5647667636337668,0.12,0.18,False,False,True,True,True,32.64959791013351,32.59858725671887,32.64959791013351,32.59858725671887,False,False,False,False,0.9459565699465828,0.7018881298318421,0.7018881298318421,False,both,min,none,none,0,moving_average,4,2.0,peak,15,-1,-1,15,False,0.6934304791393877,False,False,False,False,False,False,False,,,0.6896551724137931
frame_000007.jpg,32.551601670276995,32.4496280097482,7,True,0.033578310442648196,0.014115748468062626,0.004348424354461075,0.11763123723385523,False,False,False,False,False,0.5647667636337668,0.12,0.18,False,False,True,True,True,32.551601670276995,32.4496280097482,32.551601670276995,32.4496280097482,False,False,False,False,0.933317257425948,0.6765151777544792,0.6765151777544792,False,both,min,none,none,0,moving_average,4,2.0,peak,15,-1,-1,15,False,0.6746446091663545,False,False,False,False,False,False,False,,,0.8045977011494253
frame_000008.jpg,32.34471745623058,32.26772362252214,8,True,0.021043000384764955,0.0023327994945616984,0.0032535764434960084,0.037259629531617884,False,False,False,False,False,0.5647667636337668,0.12,0.18,False,False,True,True,True,32.34471745623058,32.26772362252214,32.34471745623058,32.26772362252214,False,False,False,False,0.9066338434424397,0.6455305199127425,0.6455305199127425,False,both,min,none,none,0,moving_average,4,2.0,peak,15,-1,-1,15,False,0.6565114492568649,False,False,False,False,False,False,False,,,0.9195402298850576
frame_000009.jpg,32.25832023457463,32.27921939163003,9,True,0.007100736833787339,0.015787866067993872,0.0004074122178171421,0.13156555056661562,False,False,False,False,False,0.5647667636337668,0.12,0.18,False,False,True,True,True,32.25832023457463,32.27921939163003,32.25832023457463,32.27921939163003,False,False,False,False,0.8954905435870265,0.6474886501033731,0.6474886501033731,False,both,min,none,none,0,moving_average,4,2.0,peak,15,-1,-1,15,False,0.6404157231777792,False,False,False,False,False,False,False,,,1.0344827586206897
frame_000010.jpg,32.120070992379326,32.166144176781934,10,True,0.022022808694881876,0.02668635861963599,0.004414197492714822,0.2223863218302999,False,False,False,False,False,0.5647667636337668,0.12,0.18,False,False,True,True,True,32.120070992379326,32.166144176781934,32.120070992379326,32.166144176781934,False,False,False,False,0.8776594984325803,0.6282279995172221,0.6282279995172221,False,both,min,none,none,0,moving_average,4,2.0,peak,15,-1,-1,15,False,0.6351594991808709,False,False,False,False,False,False,False,,,1.149425287356322
frame_000011.jpg,32.068155536934114,32.17514907706507,11,True,0.003802848668362252,0.006554297761958996,0.0006695742276011246,0.05461914801632497,False,False,False,False,False,0.5647667636337668,0.12,0.18,False,False,True,True,True,32.068155536934114,32.17514907706507,32.068155536934114,32.17514907706507,False,False,False,False,0.8709635714563626,0.6297618479220175,0.6297618479220175,False,both,min,none,none,0,moving_average,4,2.0,peak,15,-1,-1,15,False,0.6251094992617556,False,False,False,False,False,False,False,,,1.264367816091954
frame_000012.jpg,32.16452053683316,32.10221510587225,12,True,0.04297937635985065,0.05004940717877507,0.01582707430436819,0.4170783931564589,False,False,False,False,False,0.5647667636337668,0.12,0.18,False,False,True,True,True,32.16452053683316,32.10221510587225,32.16452053683316,32.10221510587225,False,False,False,False,0.883392490683859,0.6173386503460275,0.6173386503460275,False,both,min,none,none,0,moving_average,4,2.0,peak,15,-1,-1,15,False,0.6273233746545744,False,False,False,False,False,False,False,,,1.3793103448275863
frame_000013.jpg,32.16695437429218,32.20513576243531,13,True,0.01651565727586385,0.012341031806576514,0.0015064919306893862,0.10284193172147096,False,False,False,False,False,0.5647667636337668,0.12,0.18,False,False,True,True,True,32.16695437429218,32.20513576243531,32.16695437429218,32.20513576243531,False,False,False,False,0.8837064010166847,0.6348696256956784,0.6348696256956784,False,both,min,none,none,0,moving_average,4,2.0,peak,15,-1,-1,15,False,0.6300009268495415,False,False,False,False,False,False,False,,,1.4942528735632186
frame_000014.jpg,32.07441221500265,32.2223071086734,14,True,0.01617855818831113,0.02893722064298928,0.00621309746958557,0.241143505358244,False,False,False,False,False,0.5647667636337668,0.12,0.18,False,False,True,True,True,32.07441221500265,32.2223071086734,32.07441221500265,32.2223071086734,False,False,False,False,0.8717705423112143,0.6377945045069184,0.6377945045069184,False,both,min,none,none,0,moving_average,4,2.0,peak,15,-1,-1,15,False,0.6414058967632345,False,False,False,False,False,False,False,,,1.6091954022988506
frame_000015.jpg,32.002881803991194,32.3030836202911,15,True,0.01941333615038952,0.019512417682609765,0.0016367496783322823,0.1626034806884147,False,False,False,False,True,0.5647667636337668,0.12,0.18,False,False,True,True,True,32.002881803991194,32.3030836202911,32.002881803991194,32.3030836202911,False,False,True,True,0.8625447269041429,0.6515535600871067,0.6515535600871067,False,both,min,none,none,0,moving_average,4,2.0,peak,15,-1,-1,15,False,0.64088768387648,False,False,False,False,False,False,False,,,1.7241379310344829
frame_000016.jpg,32.51747110129722,32.19600880694987,16,True,0.11120807012881337,0.1642465843952989,0.0064601724437429045,1.368721536627491,False,True,False,True,True,0.5647667636337668,0.12,0.18,False,False,True,True,True,32.51747110129722,32.19600880694987,32.51747110129722,32.19600880694987,False,False,True,True,0.9289151810965488,0.6333149870354149,0.6333149870354149,False,both,min,none,none,0,moving_average,4,2.0,peak,15,-1,-1,15,False,0.6416059806499257,False,False,False,False,False,False,False,,,1.8390804597701151
frame_000017.jpg,32.439660694473325,32.23495801497879,17,True,0.017038518224512758,0.0,0.0,0.030169123471227664,False,False,False,False,True,0.5647667636337668,0.12,0.18,False,False,True,True,True,32.439660694473325,32.23495801497879,32.439660694473325,32.23495801497879,False,False,True,True,0.9188793873697187,0.6399493948272558,0.6399493948272558,False,both,min,none,none,0,moving_average,4,2.0,peak,15,-1,-1,15,False,0.6406628655146405,False,False,False,False,False,False,False,,,1.9540229885057472
frame_000018.jpg,32.51261395212808,32.28647313051477,18,True,0.04791010194427557,0.0,0.0,0.08483165977405806,False,False,False,False,False,0.5647667636337668,0.12,0.18,False,False,True,True,True,32.51261395212808,32.28647313051477,32.51261395212808,32.28647313051477,False,False,False,False,0.9282887180159449,0.6487242146812506,0.6487242146812506,False,both,min,none,none,0,moving_average,4,2.0,peak,15,-1,-1,15,False,0.6477875926391178,False,False,False,False,False,False,False,,,2.0689655172413794
frame_000019.jpg,32.550961564414024,32.32149211501324,19,True,0.006891677943563806,0.0,0.0,0.012202697444909911,False,False,False,False,False,0.5647667636337668,0.12,0.18,False,False,True,True,True,32.550961564414024,32.32149211501324,32.550961564414024,32.32149211501324,False,False,False,False,0.9332346981557125,0.6546891684088469,0.6546891684088469,False,both,min,none,none,0,moving_average,4,2.0,peak,15,-1,-1,15,False,0.6527008504996481,False,False,False,False,False,False,False,,,2.1839080459770117
frame_000020.jpg,32.550961564414024,32.32149211501324,20,True,0.0,0.0,0.0,0.0,False,False,False,False,False,0.5647667636337668,0.12,0.18,False,False,True,True,True,32.550961564414024,32.32149211501324,32.550961564414024,32.32149211501324,False,False,False,False,0.9332346981557125,0.6546891684088469,0.6546891684088469,False,both,min,none,none,0,moving_average,4,2.0,peak,15,-1,-1,15,False,0.6444713226073246,False,False,False,False,False,False,False,,,2.298850574712644
frame_000021.jpg,32.385134983411476,32.14153166599457,21,True,0.01660369969436928,0.0,0.0,0.02939921532835854,False,False,False,False,False,0.5647667636337668,0.12,0.18,False,False,True,True,True,32.385134983411476,32.14153166599457,32.385134983411476,32.14153166599457,False,False,False,False,0.9118467960832609,0.6240356310042803,0.6240356310042803,False,both,min,none,none,0,moving_average,4,2.0,peak,15,-1,-1,15,False,0.6236501570202332,False,False,False,False,False,False,False,,,2.4137931034482762
frame_000022.jpg,32.34709539414453,31.954782107744695,22,True,0.017701961347668015,0.0,0.0,0.03134384402115273,False,False,False,False,False,0.5647667636337668,0.12,0.18,False,False,True,True,True,32.34709539414453,31.954782107744695,32.34709539414453,31.954782107744695,False,False,False,False,0.9069405439902676,0.5922256716475724,0.5922256716475724,False,both,min,none,none,0,moving_average,4,2.0,peak,15,-1,-1,15,False,0.5953222821868016,False,False,False,False,False,False,False,,,2.528735632183908
frame_000023.jpg,32.29453988526605,31.822571190408016,23,True,0.02005186505422769,0.0,0.0,0.03550468325227206,False,False,False,False,False,0.5647667636337668,0.12,0.18,False,False,True,True,True,32.29453988526605,31.822571190408016,32.29453988526605,31.822571190408016,False,False,False,False,0.9001620645060671,0.5697055439085521,0.5697055439085521,False,both,min,none,none,0,moving_average,4,2.0,peak,15,-1,-1,15,False,0.5595475506487724,False,False,False,False,False,False,False,,,2.6436781609195403
frame_000024.jpg,32.212295983303925,31.511453968976763,24,True,0.009687152709504671,0.0,0.0,0.01715248370349655,False,False,False,False,False,0.5647667636337668,0.12,0.18,False,False,True,True,True,32.212295983303925,31.511453968976763,32.212295983303925,31.511453968976763,False,False,False,False,0.8895544495471893,0.5167114363901927,0.5167114363901927,False,both,min,none,none,0,moving_average,4,2.0,peak,15,-1,-1,15,False,0.5419103927045472,False,False,False,False,False,False,False,,,2.7586206896551726
frame_000025.jpg,32.163360533942054,31.644150011243184,25,True,0.03385900253872607,0.0,0.0,0.05995218684767108,False,False,False,False,False,0.5647667636337668,0.12,0.18,False,False,True,True,True,32.163360533942054,31.644150011243184,32.163360533942054,31.644150011243184,False,False,False,False,0.8832428763814432,0.5393141978148969,0.5393141978148969,False,both,min,none,none,0,moving_average,4,2.0,peak,15,-1,-1,15,False,0.5210623892961752,False,False,False,False,False,False,False,,,2.873563218390805
frame_000026.jpg,32.161026709345855,31.455388505584715,26,True,0.038195819254928105,0.0,0.0,0.06763113857687432,False,False,False,False,False,0.5647667636337668,0.12,0.18,False,False,True,True,True,32.161026709345855,31.455388505584715,32.161026709345855,31.455388505584715,False,False,False,False,0.8829418654601783,0.5071615336834362,0.5071615336834362,False,both,min,none,none,0,moving_average,4,2.0,peak,15,-1,-1,15,False,0.5159643168297479,False,False,False,False,False,False,False,,,2.988505747126437
frame_000027.jpg,32.14642937471543,31.421664846297762,27,True,0.007246689746284044,0.0,0.0,0.012831296409261242,False,False,False,False,False,0.5647667636337668,0.12,0.18,False,False,True,True,True,32.14642937471543,31.421664846297762,32.14642937471543,31.421664846297762,False,False,False,False,0.8810591373613007,0.5014172189909106,0.5014172189909106,False,both,min,none,none,0,moving_average,4,2.0,peak,15,-1,-1,15,False,0.5033319905550858,False,False,False,False,False,False,False,,,3.1034482758620694
frame_000028.jpg,32.14642937471543,31.421664846297762,28,True,0.0,0.0,0.0,0.0,False,False,False,False,False,0.5647667636337668,0.12,0.18,False,False,True,True,True,32.14642937471543,31.421664846297762,32.14642937471543,31.421664846297762,False,False,False,False,0.8810591373613007,0.5014172189909106,0.5014172189909106,False,both,min,none,none,0,moving_average,4,2.0,peak,15,-1,-1,15,False,0.514552105103274,False,False,False,False,False,False,False,,,3.218390804597701
frame_000029.jpg,32.231807104396026,31.65300127948585,29,True,0.01133208597960512,0.0,0.0,0.02006507236136441,False,False,False,False,False,0.5647667636337668,0.12,0.18,False,False,True,True,True,32.231807104396026,31.65300127948585,32.231807104396026,31.65300127948585,False,False,False,False,0.8920709456645107,0.5408218773280006,0.5408218773280006,False,both,min,none,none,0,moving_average,4,2.0,peak,15,-1,-1,15,False,0.5338361646621832,False,False,False,False,False,False,False,,,3.3333333333333335
frame_000030.jpg,32.27347087817507,31.76130277825864,30,True,0.013880078425185039,0.0,0.0,0.024576655920541788,False,False,False,False,False,0.5647667636337668,0.12,0.18,False,False,True,True,True,32.27347087817507,31.76130277825864,32.27347087817507,31.76130277825864,False,False,False,False,0.8974446361076686,0.5592693976676384,0.5592693976676384,False,both,min,none,none,0,moving_average,4,2.0,peak,15,-1,-1,15,False,0.5607786549799588,False,False,False,False,False,False,False,,,3.4482758620689657
frame_000031.jpg,32.3456042639305,31.896185870538098,31,True,0.01827764157705106,0.0,0.0,0.03236316786676832,False,False,False,False,False,0.5647667636337668,0.12,0.18,False,False,True,True,True,32.3456042639305,31.896185870538098,32.3456042639305,31.896185870538098,False,False,False,False,0.9067482217051295,0.5822446899442376,0.5822446899442376,False,both,min,none,none,0,moving_average,4,2.0,peak,15,-1,-1,15,False,0.5805851819099683,False,False,False,False,False,False,False,,,3.563218390804598
frame_000032.jpg,32.42532289438695,32.00184109847137,32,True,0.013278716957098296,0.0,0.0,0.023511859783783454,False,False,False,False,False,0.5647667636337668,0.12,0.18,False,False,True,True,True,32.42532289438695,32.00184109847137,32.42532289438695,32.00184109847137,False,False,False,False,0.9170301333941029,0.6002414581180292,0.6002414581180292,False,both,min,none,none,0,moving_average,4,2.0,peak,15,-1,-1,15,False,0.5989068099220969,False,False,False,False,False,False,False,,,3.6781609195402303
frame_000033.jpg,32.425527247329406,32.08399001271705,33,True,0.002210161731366279,0.0,0.0,0.003913406159289322,False,False,False,False,False,0.5647667636337668,0.12,0.18,False,False,True,True,True,32.425527247329406,32.08399001271705,32.425527247329406,32.08399001271705,False,False,False,False,0.9170564903309402,0.6142342817040238,0.6142342817040238,False,both,min,none,none,0,moving_average,4,2.0,peak,15,-1,-1,15,False,0.6140979587409812,False,False,False,False,False,False,False,,,3.7931034482758625
frame_000034.jpg,32.42101968903895,32.163737956922944,34,True,0.0030296637090280526,0.0,0.0,0.005364451140033256,False,False,False,False,False,0.5647667636337668,0.12,0.18,False,False,True,True,True,32.42101968903895,32.163737956922944,32.42101968903895,32.163737956922944,False,False,False,False,0.9164751166167908,0.6278181364008908,0.6278181364008908,False,both,min,none,none,0,moving_average,4,2.0,peak,15,-1,-1,15,False,0.635312461799941,False,False,False,False,False,False,False,,,3.9080459770114944
frame_000035.jpg,32.45069300958069,32.37547870960361,35,True,0.07017317634976417,0.0,0.0,0.12425160414586513,False,False,False,False,False,0.5647667636337668,0.12,0.18,False,False,True,True,True,32.45069300958069,32.37547870960361,32.45069300958069,32.37547870960361,False,False,False,False,0.9203023080723117,0.6638849672949086,0.6638849672949086,False,both,min,none,none,0,moving_average,4,2.0,peak,15,-1,-1,15,False,0.6408938344317987,True,False,False,False,False,False,False,1,,4.022988505747127
frame_000036.jpg,32.421687102400966,32.18229119522462,36,True,0.07179982090299858,0.0,0.0,0.1271318100254895,False,False,False,False,False,0.5647667636337668,0.12,0.18,False,False,True,True,True,32.421687102400966,32.18229119522462,32.421687102400966,32.18229119522462,False,False,False,False,0.9165611979406797,0.6309783995995968,0.6309783995995968,False,both,min,none,none,0,moving_average,4,2.0,peak,15,-1,-1,15,False,0.6377140789373319,False,False,False,False,False,False,False,,,4.137931034482759
frame_000037.jpg,32.35703414662028,32.10773493655356,37,True,0.12595080651023785,0.0,0.0,0.2230138432719687,False,False,False,False,False,0.5647667636337668,0.12,0.18,False,False,True,True,True,32.35703414662028,32.10773493655356,32.35703414662028,32.10773493655356,False,False,False,False,0.9082224196907039,0.6182788699174903,0.6182788699174903,False,both,min,none,none,0,moving_average,4,2.0,peak,15,-1,-1,15,False,0.6045053547804214,False,False,False,False,False,False,False,,,4.252873563218391
frame_000038.jpg,32.19203451799026,31.79059447600865,38,True,0.045916303144019566,0.0,0.0,0.08130135500288545,False,False,False,False,False,0.5647667636337668,0.12,0.18,False,False,True,True,True,32.19203451799026,31.79059447600865,32.19203451799026,31.79059447600865,False,False,False,False,0.8869411758889305,0.5642587948241774,0.5642587948241774,False,both,min,none,none,0,moving_average,4,2.0,peak,15,-1,-1,15,False,0.5770373797068028,False,False,False,False,False,False,False,,,4.367816091954023
frame_000039.jpg,32.16357703828019,31.698515140672527,39,True,0.0480167915482694,0.0,0.0,0.08502056891472239,False,False,False,False,False,0.5647667636337668,0.12,0.18,False,False,True,True,True,32.16357703828019,31.698515140672527,32.16357703828019,31.698515140672527,False,False,False,False,0.8832708005752261,0.5485744743787409,0.5485744743787409,False,both,min,none,none,0,moving_average,4,2.0,peak,15,-1,-1,15,False,0.5462107142889872,False,False,False,False,False,False,False,,,4.482758620689656
frame_000040.jpg,32.067877970499346,31.564804395410338,40,True,0.0026329917222515523,0.0,0.0,0.0046620868857625685,False,False,False,False,False,0.5647667636337668,0.12,0.18,False,False,True,True,True,32.067877970499346,31.564804395410338,32.067877970499346,31.564804395410338,False,False,False,False,0.8709277716244568,0.5257988736640432,0.5257988736640432,False,both,min,none,none,0,moving_average,4,2.0,peak,15,-1,-1,15,False,0.5273705396547803,False,False,False,False,False,False,False,,,4.597701149425288
frame_000041.jpg,31.968492176029,31.45877440819583,41,True,0.0178394556132661,0.0,0.0,0.03158729720298204,False,False,False,False,False,0.5647667636337668,0.12,0.18,False,False,True,True,True,31.968492176029,31.45877440819583,31.968492176029,31.45877440819583,False,False,False,False,0.8581092377882443,0.5077382709215571,0.5077382709215571,False,both,min,none,none,0,moving_average,4,2.0,peak,15,-1,-1,15,False,0.5118242755195884,False,False,False,False,False,False,False,,,4.71264367816092
frame_000042.jpg,31.964728764016222,31.42470863305081,42,True,0.014288539111105884,0.0,0.0,0.025299893745821676,False,False,False,False,False,0.5647667636337668,0.12,0.18,False,False,True,True,True,31.964728764016222,31.42470863305081,31.964728764016222,31.42470863305081,False,False,False,False,0.8576238422195669,0.501935681973165,0.501935681973165,False,both,min,none,none,0,moving_average,4,2.0,peak,15,-1,-1,15,False,0.5038698782892956,False,False,False,False,False,False,False,,,4.8275862068965525
frame_000043.jpg,31.964728764016222,31.42470863305081,43,True,0.0,0.0,0.0,0.0,False,False,False,False,False,0.5647667636337668,0.12,0.18,False,False,True,True,True,31.964728764016222,31.42470863305081,31.964728764016222,31.42470863305081,False,False,False,False,0.8576238422195669,0.501935681973165,0.501935681973165,False,both,min,none,none,0,moving_average,4,2.0,peak,15,-1,-1,15,False,0.4977605276429746,False,False,False,False,False,False,False,,,4.942528735632185
frame_000044.jpg,31.928661325575746,31.351174283190943,44,True,0.005164018065479571,0.0,0.0,0.009143629544086046,False,False,False,False,False,0.5647667636337668,0.12,0.18,False,False,True,True,True,31.928661325575746,31.351174283190943,31.928661325575746,31.351174283190943,False,False,False,False,0.8529719532599964,0.4894102189825941,0.4894102189825941,False,both,min,none,none,0,moving_average,4,2.0,peak,15,-1,-1,15,False,0.5165037030426962,False,False,False,False,False,False,False,,,5.057471264367816
frame_000045.jpg,32.02893316874951,31.754820314758426,45,True,0.004689894158347415,0.0,0.0,0.008304125632627812,False,False,False,False,False,0.5647667636337668,0.12,0.18,False,False,True,True,True,32.02893316874951,31.754820314758426,32.02893316874951,31.754820314758426,False,False,False,False,0.8659047674654087,0.5581652081723295,0.5581652081723295,False,both,min,none,none,0,moving_average,4,2.0,peak,15,-1,-1,15,False,0.5425450189596379,False,False,False,False,False,False,False,,,5.172413793103448
frame_000046.jpg,32.14279209149779,31.883357843117356,46,True,0.026548210281272782,0.0,0.0,0.04700738781166742,False,False,False,False,False,0.5647667636337668,0.12,0.18,False,False,True,True,True,32.14279209149779,31.883357843117356,32.14279209149779,31.883357843117356,False,False,False,False,0.8805900095725084,0.5800596297239904,0.5800596297239904,False,both,min,none,none,0,moving_average,4,2.0,peak,15,-1,-1,15,False,0.5762682694176425,False,False,False,False,False,False,False,,,5.287356321839081
frame_000047.jpg,32.13868079684598,31.94512054277215,47,True,0.03314005444260968,0.0,0.0,0.05867918683702844,False,False,False,False,False,0.5647667636337668,0.12,0.18,False,False,True,True,True,32.13868079684598,31.94512054277215,32.13868079684598,31.94512054277215,False,False,False,False,0.8800597449619,0.5905799703566078,0.5905799703566078,False,both,min,none,none,0,moving_average,4,2.0,peak,15,-1,-1,15,False,0.5911727299876772,False,False,False,False,False,False,False,,,5.402298850574713
frame_000048.jpg,32.17047335194712,32.01732314252325,48,True,0.012817446843053887,0.0,0.0,0.022695115343872453,False,False,False,False,False,0.5647667636337668,0.12,0.18,False,False,True,True,True,32.17047335194712,32.01732314252325,32.17047335194712,32.01732314252325,False,False,False,False,0.8841602700467522,0.6028785898824337,0.6028785898824337,False,both,min,none,none,0,moving_average,4,2.0,peak,15,-1,-1,15,False,0.5994286122735643,False,False,False,False,False,False,False,,,5.517241379310345
frame_000049.jpg,32.21979989967927,32.028763470886,49,True,0.015391455388193318,0.0,0.0,0.02725276411303514,False,False,False,False,False,0.5647667636337668,0.12,0.18,False,False,True,True,True,32.21979989967927,32.028763470886,32.21979989967927,32.028763470886,False,False,False,False,0.8905222861125066,0.6048272765816515,0.6048272765816515,False,both,min,none,none,0,moving_average,4,2.0,peak,15,-1,-1,15,False,0.606861940382464,False,False,False,False,False,False,False,,,5.6321839080459775
frame_000050.jpg,32.21077318287211,32.07603904459388,50,True,0.01742657301038798,0.0,0.0,0.03085622974387451,False,False,False,False,False,0.5647667636337668,0.12,0.18,False,False,True,True,True,32.21077318287211,32.07603904459388,32.21077318287211,32.07603904459388,False,False,False,False,0.8893580425157313,0.6128799546833071,0.6128799546833071,False,both,min,none,none,0,moving_average,4,2.0,peak,15,-1,-1,15,False,0.6085982052334911,False,False,False,False,False,False,False,,,5.74712643678161
frame_000051.jpg,32.1934576731773,32.047902876087015,51,True,0.007878912925705962,0.0,0.0,0.013950737601859279,False,False,False,False,False,0.5647667636337668,0.12,0.18,False,False,True,True,True,32.1934576731773,32.047902876087015,32.1934576731773,32.047902876087015,False,False,False,False,0.8871247309232942,0.6080873844355147,0.6080873844355147,False,both,min,none,none,0,moving_average,4,2.0,peak,15,-1,-1,15,False,0.6092770683040929,True,False,False,False,False,False,False,2,,5.862068965517242
frame_000052.jpg,32.149191969983356,32.04071985634931,52,True,0.007780935342973827,0.0,0.0,0.013777254335773051,False,False,False,False,False,0.5647667636337668,0.12,0.18,False,False,True,True,True,32.149191969983356,32.04071985634931,32.149191969983356,32.04071985634931,False,False,False,False,0.8814154500627926,0.6068638657934571,0.6068638657934571,False,both,min,none,none,0,moving_average,4,2.0,peak,15,-1,-1,15,False,0.6064567183981978,False,False,False,False,False,False,False,,,5.977011494252874
frame_000053.jpg,32.15357716284987,32.026366007310514,53,True,0.017828847757961692,0.0,0.0,0.03156851448419003,False,False,False,False,False,0.5647667636337668,0.12,0.18,False,False,True,True,True,32.15357716284987,32.026366007310514,32.15357716284987,32.026366007310514,False,False,False,False,0.8819810413873608,0.6044189049656218,0.6044189049656218,False,both,min,none,none,0,moving_average,4,2.0,peak,15,-1,-1,15,False,0.5989128583703577,False,False,False,False,False,False,False,,,6.0919540229885065
frame_000054.jpg,32.00543773409441,31.915037645556538,54,True,0.021691348923472572,0.0,0.0,0.038407622969716254,False,False,False,False,False,0.5647667636337668,0.12,0.18,False,False,True,True,True,32.00543773409441,31.915037645556538,32.00543773409441,31.915037645556538,False,False,False,False,0.8628743844440925,0.5854558043519943,0.5854558043519943,False,both,min,none,none,0,moving_average,4,2.0,peak,15,-1,-1,15,False,0.5907203435811492,False,False,False,False,False,False,False,,,6.206896551724139
frame_000055.jpg,31.984805662293976,31.89643028018068,55,True,0.010782892847219767,0.0,0.0,0.01909264769378697,False,False,False,False,False,0.5647667636337668,0.12,0.18,False,False,True,True,True,31.984805662293976,31.89643028018068,31.984805662293976,31.89643028018068,False,False,False,False,0.860213310878253,0.5822863214258316,0.5822863214258316,False,both,min,none,none,0,moving_average,4,2.0,peak,15,-1,-1,15,False,0.5710599274533324,False,False,False,False,False,False,False,,,6.321839080459771
frame_000056.jpg,31.63996293581191,31.680099545378905,56,True,0.10165809549859413,0.06825752675418297,0.01876032613932053,0.5688127229515247,False,False,False,False,True,0.5647667636337668,0.12,0.18,False,False,True,True,True,31.63996293581191,31.680099545378905,31.63996293581191,31.680099545378905,False,False,True,True,0.8157363493452746,0.5454376565821715,0.5454376565821715,False,both,min,none,none,0,moving_average,4,2.0,peak,15,-1,-1,15,False,0.5278234739540374,False,False,False,False,False,False,False,,,6.436781609195402
frame_000057.jpg,30.383185774438044,31.153541363771886,57,True,0.6324297112513326,0.06825752675418287,0.01876032613932053,1.119806886620267,True,False,False,True,True,0.5647667636337668,0.12,0.18,False,False,True,True,True,30.383185774438044,31.153541363771886,30.383185774438044,31.153541363771886,False,False,True,True,0.6536403410223095,0.4557464438541091,0.4557464438541091,False,both,min,none,none,0,moving_average,4,2.0,peak,15,-1,-1,15,False,0.4929664251786513,False,False,False,False,False,False,False,,,6.551724137931035
frame_000058.jpg,,,58,False,,,,0.0,False,False,False,False,True,0.5647667636337668,0.12,0.18,True,True,False,False,False,,,31.332902337401194,31.2825151486615,True,True,False,False,0.7761324331973813,0.47771517509967343,0.47771517509967343,False,missing,min,none,none,0,moving_average,4,2.0,peak,15,-1,-1,15,False,0.47771517509967343,False,False,False,False,False,False,False,,,6.666666666666667
frame_000059.jpg,32.28261890036435,31.411488933551112,59,True,,,,0.0,False,False,False,False,False,0.5647667636337668,0.12,0.18,False,False,True,True,True,32.28261890036435,31.411488933551112,32.28261890036435,31.411488933551112,False,False,False,False,0.8986245253724537,0.49968390634523774,0.49968390634523774,False,both,min,none,none,0,moving_average,4,2.0,peak,15,-1,-1,15,False,0.4923609959300496,False,False,False,False,False,False,False,,,6.781609195402299
frame_000060.jpg,32.28261890036435,31.411488933551112,60,True,0.0,0.0,0.0,0.0,False,False,False,False,False,0.5647667636337668,0.12,0.18,False,False,True,True,True,32.28261890036435,31.411488933551112,32.28261890036435,31.411488933551112,False,False,False,False,0.8986245253724537,0.49968390634523774,0.49968390634523774,False,both,min,none,none,0,moving_average,4,2.0,peak,15,-1,-1,15,False,0.49967792932296107,False,False,False,False,False,False,False,,,6.8965517241379315
frame_000061.jpg,,,61,False,,,,0.0,False,False,False,False,False,0.5647667636337668,0.12,0.18,True,True,False,False,False,,,31.9340221472255,31.411383664041903,True,True,False,False,0.8536633787707901,0.4996659752784078,0.4996659752784078,False,missing,min,none,none,0,moving_average,4,2.0,peak,15,-1,-1,15,False,0.49966597527840795,False,False,False,False,False,False,False,,,7.011494252873564
frame_000062.jpg,,,62,False,,,,0.0,False,False,False,False,False,0.5647667636337668,0.12,0.18,True,True,False,False,False,,,31.585425394086656,31.411278394532697,True,True,False,False,0.8087022321691265,0.49964804421157843,0.49964804421157843,False,missing,min,none,none,0,moving_average,4,2.0,peak,15,-1,-1,15,False,0.49964804421157816,False,False,False,False,False,False,False,,,7.126436781609196
frame_000063.jpg,,,63,False,,,,0.0,False,False,False,False,False,0.5647667636337668,0.12,0.18,True,True,False,False,False,,,31.23682864094781,31.41117312502349,True,True,False,False,0.7637410855674628,0.4996301131447485,0.4996301131447485,False,missing,min,none,none,0,moving_average,4,2.0,peak,15,-1,-1,15,False,0.4996301131447486,False,False,False,False,False,False,False,,,7.241379310344828
frame_000064.jpg,,,64,False,,,,0.0,False,False,False,False,False,0.5647667636337668,0.12,0.18,True,True,False,False,False,,,30.888231887808963,31.411067855514283,True,True,False,False,0.7187799389657992,0.4996121820779191,0.4996121820779191,False,missing,min,none,none,0,moving_average,4,2.0,peak,15,-1,-1,15,False,0.4996121820779188,False,False,False,False,False,False,False,,,7.356321839080461
frame_000065.jpg,,,65,False,,,,0.0,False,False,False,False,False,0.5647667636337668,0.12,0.18,True,True,False,False,False,,,30.539635134670117,31.410962586005073,True,True,False,False,0.6738187923641356,0.4995942510110891,0.4995942510110891,False,missing,min,none,none,0,moving_average,4,2.0,peak,15,-1,-1,15,False,0.49959425101108923,False,False,False,False,False,False,False,,,7.471264367816093
frame_000066.jpg,,,66,False,,,,0.0,False,False,False,False,False,0.5647667636337668,0.12,0.18,True,True,False,False,False,,,30.19103838153127,31.410857316495868,True,True,False,False,0.6288576457624719,0.4995763199442598,0.4995763199442598,False,missing,min,none,none,0,moving_average,4,2.0,peak,15,-1,-1,15,False,0.49957631994425955,False,False,False,False,False,False,False,,,7.586206896551725
frame_000067.jpg,,,67,False,,,,0.0,False,False,False,False,False,0.5647667636337668,0.12,0.18,True,True,False,False,False,,,29.842441628392425,31.41075204698666,True,True,False,False,0.5838964991608083,0.4995583888774298,0.4995583888774298,False,missing,min,none,none,0,moving_average,4,2.0,peak,15,-1,-1,15,False,0.49955838887743,False,False,False,False,False,False,False,,,7.701149425287357
frame_000068.jpg,,,68,False,,,,0.0,False,False,False,False,False,0.5647667636337668,0.12,0.18,True,True,False,False,False,,,29.49384487525358,31.410646777477453,True,True,False,False,0.5389353525591447,0.4995404578106004,0.4995404578106004,False,missing,min,none,none,0,moving_average,4,2.0,peak,15,-1,-1,15,False,0.49769101754850376,False,False,False,False,False,False,False,,,7.816091954022989
frame_000069.jpg,,,69,False,,,,0.0,False,False,False,False,False,0.5647667636337668,0.12,0.18,True,True,False,False,False,,,29.145248122114733,31.410541507968244,True,True,False,False,0.4939742059574811,0.49952252674377046,0.4939742059574811,False,missing,min,none,none,0,moving_average,4,2.0,peak,15,-1,-1,15,False,0.48084257437463296,False,False,False,False,False,False,False,,,7.931034482758621
frame_000070.jpg,,,70,False,,,,0.0,False,False,False,False,False,0.5647667636337668,0.12,0.18,True,True,False,False,False,,,28.796651368975887,31.410436238459035,True,True,False,False,0.4490130593558175,0.4995045956769405,0.4490130593558175,False,missing,min,none,none,0,moving_average,4,2.0,peak,15,-1,-1,15,False,0.4490130593558175,False,False,False,False,False,False,False,,,8.045977011494253
frame_000071.jpg,,,71,False,,,,0.0,False,False,False,False,False,0.5647667636337668,0.12,0.18,True,True,False,False,False,,,28.44805461583704,31.41033096894983,True,True,False,False,0.40405191275415386,0.49948666461011115,0.40405191275415386,False,missing,min,none,none,0,moving_average,4,2.0,peak,15,-1,-1,15,False,0.4040519127541538,False,False,False,False,False,False,False,,,8.160919540229886
frame_000072.jpg,,,72,False,,,,0.0,False,False,False,False,False,0.5647667636337668,0.12,0.18,True,True,False,False,False,,,28.099457862698195,31.41022569944062,True,True,False,False,0.3590907661524902,0.4994687335432812,0.3590907661524902,False,missing,min,none,none,0,moving_average,4,2.0,peak,15,-1,-1,15,False,0.3590907661524902,False,False,False,False,False,False,False,,,8.275862068965518
frame_000073.jpg,,,73,False,,,,0.0,False,False,False,False,False,0.5647667636337668,0.12,0.18,True,True,False,False,False,,,27.75086110955935,31.410120429931414,True,True,False,False,0.3141296195508266,0.49945080247645185,0.3141296195508266,False,missing,min,none,none,0,moving_average,4,2.0,peak,15,-1,-1,15,False,0.3141296195508265,False,False,False,False,False,False,False,,,8.39080459770115
frame_000074.jpg,,,74,False,,,,0.0,False,False,False,False,False,0.5647667636337668,0.12,0.18,True,True,False,False,False,,,27.402264356420503,31.410015160422205,True,True,False,False,0.26916847294916296,0.49943287140962184,0.26916847294916296,False,missing,min,none,none,0,moving_average,4,2.0,peak,15,-1,-1,15,False,0.26916847294916296,False,False,False,False,False,False,False,,,8.505747126436782
frame_000075.jpg,,,75,False,,,,0.0,False,False,False,False,False,0.5647667636337668,0.12,0.18,True,True,False,False,False,,,27.053667603281657,31.409909890913,True,True,False,False,0.22420732634749935,0.4994149403427925,0.22420732634749935,False,missing,min,none,none,0,moving_average,4,2.0,peak,15,-1,-1,15,False,0.22420732634749935,False,False,False,False,False,False,False,,,8.620689655172415
frame_000076.jpg,,,76,False,,,,0.0,False,False,False,False,False,0.5647667636337668,0.12,0.18,True,True,False,False,False,,,26.70507085014281,31.40980462140379,True,True,False,False,0.17924617974583573,0.49939700927596253,0.17924617974583573,False,missing,min,none,none,0,moving_average,4,2.0,peak,15,-1,-1,15,False,0.1792461797458357,False,False,False,False,False,False,False,,,8.735632183908047
frame_000077.jpg,,,77,False,,,,0.0,False,False,False,False,False,0.5647667636337668,0.12,0.18,True,True,False,False,False,,,26.356474097003964,31.409699351894584,True,True,False,False,0.1342850331441721,0.4993790782091332,0.1342850331441721,False,missing,min,none,none,0,moving_average,4,2.0,peak,15,-1,-1,15,False,0.1342850331441721,False,False,False,False,False,False,False,,,8.85057471264368
frame_000078.jpg,26.00787734386512,31.409594082385375,78,True,,,,0.0,False,False,False,False,False,0.5647667636337668,0.12,0.18,False,False,True,True,True,26.00787734386512,31.409594082385375,26.00787734386512,31.409594082385375,False,False,False,False,0.08932388654250847,0.49936114714230323,0.08932388654250847,False,both,min,none,none,0,moving_average,4,2.0,peak,15,-1,-1,15,False,0.1289365474112202,False,False,False,False,False,False,False,,,8.965517241379311
frame_000079.jpg,,,79,False,,,,0.0,False,False,False,False,False,0.5647667636337668,0.12,0.18,True,True,False,False,False,,,26.580665786995635,31.550308465672295,True,True,False,False,0.16320072254698012,0.523329711540576,0.16320072254698012,False,missing,min,none,none,0,moving_average,4,2.0,peak,15,-1,-1,15,False,0.16320072254697993,False,False,False,False,False,False,False,,,9.080459770114944
frame_000080.jpg,,,80,False,,,,0.0,False,False,False,False,False,0.5647667636337668,0.12,0.18,True,True,False,False,False,,,27.153454230126147,31.69102284895921,True,True,False,False,0.23707755855145127,0.5472982759388481,0.23707755855145127,False,missing,min,none,none,0,moving_average,4,2.0,peak,15,-1,-1,15,False,0.2370775585514514,False,False,False,False,False,False,False,,,9.195402298850576
frame_000081.jpg,,,81,False,,,,0.0,False,False,False,False,False,0.5647667636337668,0.12,0.18,True,True,False,False,False,,,27.726242673256664,31.83173723224613,True,True,False,False,0.3109543945559229,0.5712668403371207,0.3109543945559229,False,missing,min,none,none,0,moving_average,4,2.0,peak,15,-1,-1,15,False,0.3109543945559227,False,False,False,False,False,False,False,,,9.310344827586208
frame_000082.jpg,,,82,False,,,,0.0,False,False,False,False,False,0.5647667636337668,0.12,0.18,True,True,False,False,False,,,28.299031116387177,31.972451615533046,True,True,False,False,0.3848312305603941,0.5952354047353928,0.3848312305603941,False,missing,min,none,none,0,moving_average,4,2.0,peak,15,-1,-1,15,False,0.3848312305603942,False,False,False,False,False,False,False,,,9.42528735632184
frame_000083.jpg,,,83,False,,,,0.0,False,False,False,False,False,0.5647667636337668,0.12,0.18,True,True,False,False,False,,,28.871819559517693,32.113165998819966,True,True,False,False,0.45870806656486574,0.6192039691336655,0.45870806656486574,False,missing,min,none,none,0,moving_average,4,2.0,peak,15,-1,-1,15,False,0.4587080665648657,False,False,False,False,False,False,False,,,9.540229885057473
frame_000084.jpg,,,84,False,,,,0.0,False,False,False,False,False,0.5647667636337668,0.12,0.18,True,True,False,False,False,,,29.44460800264821,32.253880382106885,True,True,False,False,0.5325849025693373,0.6431725335319383,0.5325849025693373,False,missing,min,none,none,0,moving_average,4,2.0,peak,15,-1,-1,15,False,0.5325849025693372,False,False,False,False,False,False,False,,,9.655172413793105
frame_000085.jpg,,,85,False,,,,0.0,False,False,False,False,False,0.5647667636337668,0.12,0.18,True,True,False,False,False,,,30.017396445778722,32.394594765393805,True,True,False,False,0.6064617385738085,0.6671410979302109,0.6064617385738085,False,missing,min,none,none,0,moving_average,4,2.0,peak,15,-1,-1,15,False,0.6064617385738087,False,False,False,False,False,False,False,,,9.770114942528737
frame_000086.jpg,,,86,False,,,,0.0,False,False,False,False,False,0.5647667636337668,0.12,0.18,True,True,False,False,False,,,30.59018488890924,32.53530914868072,True,True,False,False,0.6803385745782802,0.6911096623284824,0.6803385745782802,False,missing,min,none,none,0,moving_average,4,2.0,peak,15,-1,-1,15,False,0.6672928466262813,False,False,False,False,False,False,False,,,9.88505747126437
frame_000087.jpg,,,87,False,,,,0.0,False,False,False,False,False,0.5647667636337668,0.12,0.18,True,True,False,False,False,,,31.16297333203975,32.67602353196764,True,True,False,False,0.7542154105827513,0.7150782267267551,0.7150782267267551,False,missing,min,none,none,0,moving_average,4,2.0,peak,15,-1,-1,15,False,0.7114878641433544,False,False,False,False,False,False,False,,,10.0
frame_000088.jpg,31.735761775170268,32.816737915254556,88,True,,,,0.0,False,False,False,False,False,0.5647667636337668,0.12,0.18,False,False,True,True,True,31.735761775170268,32.816737915254556,31.735761775170268,32.816737915254556,False,False,False,False,0.8280922465872229,0.7390467911250278,0.7390467911250278,False,both,min,none,none,0,moving_average,4,2.0,peak,15,-1,-1,15,False,0.7317199724186607,True,False,False,False,False,False,False,3,,10.114942528735632
frame_000089.jpg,32.3830339071115,32.82840967939373,89,True,0.24009880645080062,0.0,0.0,0.4251291363287395,False,False,False,False,False,0.5647667636337668,0.12,0.18,False,False,True,True,True,32.3830339071115,32.82840967939373,32.3830339071115,32.82840967939373,False,False,False,False,0.9115758044612973,0.7410348994041992,0.7410348994041992,False,both,min,none,none,0,moving_average,4,2.0,peak,15,-1,-1,15,False,0.7306750663975561,False,False,False,False,False,False,False,,,10.229885057471265
frame_000090.jpg,32.44790044956941,32.657620263764834,90,True,0.10017381728311661,0.0,0.0,0.17737201218886905,False,False,False,False,False,0.5647667636337668,0.12,0.18,False,False,True,True,True,32.44790044956941,32.657620263764834,32.44790044956941,32.657620263764834,False,False,False,False,0.919942130592371,0.7119435086634412,0.7119435086634412,False,both,min,none,none,0,moving_average,4,2.0,peak,15,-1,-1,15,False,0.716056440666297,False,False,False,False,False,False,False,,,10.344827586206897
frame_000091.jpg,32.099988880545425,32.55926931553842,91,True,0.11057734097829743,0.03593583431619257,0.013682806494255089,0.29946528596827143,False,False,False,False,False,0.5647667636337668,0.12,0.18,False,False,True,True,True,32.099988880545425,32.55926931553842,32.099988880545425,32.55926931553842,False,False,False,False,0.8750693573423235,0.6951909139312505,0.6951909139312505,False,both,min,none,none,0,moving_average,4,2.0,peak,15,-1,-1,15,False,0.68821960413015,False,False,False,False,False,False,False,,,10.459770114942529
frame_000092.jpg,31.80399151402954,32.338137101434285,92,True,0.05596880984209996,0.035935834316192565,0.013682806494255089,0.2994652859682714,False,False,False,False,False,0.5647667636337668,0.12,0.18,False,False,True,True,True,31.80399151402954,32.338137101434285,31.80399151402954,32.338137101434285,False,False,False,False,0.8368923494677657,0.6575243897957583,0.6575243897957583,False,both,min,none,none,0,moving_average,4,2.0,peak,15,-1,-1,15,False,0.6637832793091246,False,False,False,False,False,False,False,,,10.574712643678161
frame_000093.jpg,31.78706258557902,32.227238745724826,93,True,0.1786440432374339,0.0,0.0,0.3163147244855911,False,False,False,False,False,0.5647667636337668,0.12,0.18,False,False,True,True,True,31.78706258557902,32.227238745724826,31.78706258557902,32.227238745724826,False,False,False,False,0.8347088981676045,0.6386345342003651,0.6386345342003651,False,both,min,none,none,0,moving_average,4,2.0,peak,15,-1,-1,15,False,0.6349545202885141,False,False,False,False,False,False,False,,,10.689655172413794
frame_000094.jpg,31.75153876012559,32.0515266348623,94,True,0.14331281833204543,0.005074117194951635,0.022197494189486158,0.25375575823541063,False,False,False,False,False,0.5647667636337668,0.12,0.18,False,False,True,True,True,31.75153876012559,32.0515266348623,31.75153876012559,32.0515266348623,False,False,False,False,0.830127123065909,0.6087046368694189,0.6087046368694189,False,both,min,none,none,0,moving_average,4,2.0,peak,15,-1,-1,15,False,0.614559845403069,False,False,False,False,False,False,False,,,10.804597701149426
frame_000095.jpg,31.77475431544612,31.97893860487567,95,True,0.03544062550112879,0.005074117194951699,0.022197494189486158,0.123319412163812,False,False,False,False,False,0.5647667636337668,0.12,0.18,False,False,True,True,True,31.77475431544612,31.97893860487567,31.77475431544612,31.97893860487567,False,False,False,False,0.8331214079432256,0.5963403651394229,0.5963403651394229,False,both,min,none,none,0,moving_average,4,2.0,peak,15,-1,-1,15,False,0.5902056496239266,False,False,False,False,False,False,False,,,10.919540229885058
frame_000096.jpg,31.84276207026746,31.79830371450228,96,True,0.06765827213024948,0.0,0.0,0.11979860800400025,False,False,False,False,False,0.5647667636337668,0.12,0.18,False,False,True,True,True,31.84276207026746,31.79830371450228,31.84276207026746,31.79830371450228,False,False,False,False,0.8418928798718653,0.5655719468629381,0.5655719468629381,False,both,min,none,none,0,moving_average,4,2.0,peak,15,-1,-1,15,False,0.577718097641568,False,False,False,False,False,False,False,,,11.03448275862069
frame_000097.jpg,31.9265417777959,31.83159128786827,97,True,0.07103307738069224,0.0,0.0,0.1257741814048302,False,False,False,False,False,0.5647667636337668,0.12,0.18,False,False,True,True,True,31.9265417777959,31.83159128786827,31.9265417777959,31.83159128786827,False,False,False,False,0.8526985792322673,0.5712419809223432,0.5712419809223432,False,both,min,none,none,0,moving_average,4,2.0,peak,15,-1,-1,15,False,0.5814289272779976,False,False,False,False,False,False,False,,,11.149425287356323
frame_000098.jpg,32.26174860380169,32.0442950978758,98,True,0.09524970780421703,0.0,0.0,0.1686531749697357,False,False,False,False,False,0.5647667636337668,0.12,0.18,False,False,True,True,True,32.26174860380169,32.0442950978758,32.26174860380169,32.0442950978758,False,False,False,False,0.8959327261662804,0.6074728540487112,0.6074728540487112,False,both,min,none,none,0,moving_average,4,2.0,peak,15,-1,-1,15,False,0.6201471606238154,False,False,False,False,False,False,False,,,11.264367816091955
frame_000099.jpg,32.505654240597394,32.480223445282036,99,True,0.07514071887022217,0.0,0.0,0.13304734575165,False,False,False,False,False,0.5647667636337668,0.12,0.18,False,False,True,True,True,32.505654240597394,32.480223445282036,32.505654240597394,32.480223445282036,False,False,False,False,0.9273910716448334,0.6817266469003916,0.6817266469003916,False,both,min,none,none,0,moving_average,4,2.0,peak,15,-1,-1,15,False,0.664963338545992,False,False,False,False,False,False,False,,,11.379310344827587
frame_000100.jpg,32.522848548210455,32.62091025576404,100,True,0.017272751014345892,0.0,0.0,0.03058386598958348,False,False,False,False,False,0.5647667636337668,0.12,0.18,False,False,True,True,True,32.522848548210455,32.62091025576404,32.522848548210455,32.62091025576404,False,False,False,False,0.9296087508926862,0.7056905146888731,0.7056905146888731,False,both,min,none,none,0,moving_average,4,2.0,peak,15,-1,-1,15,False,0.6950968988234186,False,False,False,False,False,False,False,,,11.49425287356322
frame_000101.jpg,31.52602405202735,32.57501841699744,101,True,0.10355161864759505,0.0,0.0,0.1833528906363636,False,False,False,False,False,0.5647667636337668,0.12,0.18,False,False,True,True,True,31.52602405202735,32.57501841699744,31.52602405202735,32.57501841699744,False,False,False,False,0.8010407940615825,0.6978735348809912,0.6978735348809912,False,both,min,none,none,0,moving_average,4,2.0,peak,15,-1,-1,15,False,0.7067465469658486,True,False,False,False,False,False,False,4,,11.609195402298852
frame_000102.jpg,31.64221611558673,32.68540132243388,102,True,0.03109466564794102,0.0,0.0,0.055057534632305165,False,False,False,False,False,0.5647667636337668,0.12,0.18,False,False,True,True,True,31.64221611558673,32.68540132243388,31.64221611558673,32.68540132243388,False,False,False,False,0.8160269588970376,0.7166755913276815,0.7166755913276815,False,both,min,none,none,0,moving_average,4,2.0,peak,15,-1,-1,15,False,0.6999368474460123,False,False,False,False,False,False,False,,,11.724137931034484
frame_000103.jpg,31.795625408896388,32.50097532945213,103,True,0.0957400339278871,0.0,0.0,0.1695213672134068,False,False,False,False,False,0.5647667636337668,0.12,0.18,False,False,True,True,True,31.795625408896388,32.50097532945213,31.795625408896388,32.50097532945213,False,False,False,False,0.8358133099299913,0.6852614161293641,0.6852614161293641,False,both,min,none,none,0,moving_average,4,2.0,peak,15,-1,-1,15,False,0.6925592239502267,False,False,False,False,False,False,False,,,11.839080459770116
frame_000104.jpg,31.846188058874617,32.445081005259,104,True,0.028440581686702174,0.0,0.0,0.05035810093305169,False,False,False,False,False,0.5647667636337668,0.12,0.18,False,False,True,True,True,31.846188058874617,32.445081005259,31.846188058874617,32.445081005259,False,False,False,False,0.8423347554046549,0.6757406643936346,0.6757406643936346,False,both,min,none,none,0,moving_average,4,2.0,peak,15,-1,-1,15,False,0.6734228341753866,False,False,False,False,False,False,False,,,11.954022988505749
frame_000105.jpg,31.70518412850545,32.34836420488769,105,True,0.022754821596858557,0.0,0.0,0.04029065281825673,False,False,False,False,False,0.5647667636337668,0.12,0.18,False,False,True,True,True,31.70518412850545,32.34836420488769,31.70518412850545,32.34836420488769,False,False,False,False,0.8241484173861429,0.6592664220031614,0.6592664220031614,False,both,min,none,none,0,moving_average,4,2.0,peak,15,-1,-1,15,False,0.647348589938636,False,False,False,False,False,False,False,,,12.06896551724138
frame_000106.jpg,31.045128695934338,32.04174617373624,106,True,0.06314290271331574,0.0,0.0,0.11180350328522855,False,False,False,False,False,0.5647667636337668,0.12,0.18,False,False,True,True,True,31.045128695934338,32.04174617373624,31.045128695934338,32.04174617373624,False,False,False,False,0.7390161010296734,0.6070386834191119,0.6070386834191119,False,both,min,none,none,0,moving_average,4,2.0,peak,15,-1,-1,15,False,0.6246625973665227,False,False,False,False,False,False,False,,,12.183908045977013
frame_000107.jpg,31.227254671611895,32.04552698095541,107,True,0.08730097596707466,0.0,0.0,0.1545788130402209,False,False,False,False,False,0.5647667636337668,0.12,0.18,False,False,True,True,True,31.227254671611895,32.04552698095541,31.227254671611895,32.04552698095541,False,False,False,False,0.76250625869373,0.6076826866772951,0.6076826866772951,False,both,min,none,none,0,moving_average,4,2.0,peak,15,-1,-1,15,False,0.603991858736631,False,False,False,False,False,False,False,,,12.298850574712645
frame_000108.jpg,31.10330424214652,31.984303572378558,108,True,0.039393983790033164,0.0,0.0,0.06975265955200385,False,False,False,False,False,0.5647667636337668,0.12,0.18,False,False,True,True,True,31.10330424214652,31.984303572378558,31.10330424214652,31.984303572378558,False,False,False,False,0.7465194390221418,0.5972542061134861,0.5972542061134861,False,both,min,none,none,0,moving_average,4,2.0,peak,15,-1,-1,15,False,0.6013676657006995,False,False,False,False,False,False,False,,,12.413793103448278
frame_000109.jpg,31.066504037797568,31.995527923213462,109,True,0.015989193655714558,0.0,0.0,0.028311144857106074,False,False,False,False,False,0.5647667636337668,0.12,0.18,False,False,True,True,True,31.066504037797568,31.995527923213462,31.066504037797568,31.995527923213462,False,False,False,False,0.7417730397289578,0.5991661043113176,0.5991661043113176,False,both,min,none,none,0,moving_average,4,2.0,peak,15,-1,-1,15,False,0.6114847493365722,False,False,False,False,False,False,False,,,12.52873563218391
frame_000110.jpg,30.877606302711627,32.22371276974465,110,True,0.022255290654132308,0.0,0.0,0.03940616213131861,False,False,False,False,False,0.5647667636337668,0.12,0.18,False,False,True,True,True,30.877606302711627,32.22371276974465,30.877606302711627,32.22371276974465,False,False,False,False,0.7174094772934281,0.6380339375849128,0.6380339375849128,False,both,min,none,none,0,moving_average,4,2.0,peak,15,-1,-1,15,False,0.6447720977155272,False,False,False,False,False,False,False,,,12.643678160919542
frame_000111.jpg,31.380964334883057,32.570572564618125,111,True,0.016277600317573006,0.0,0.0,0.0288218099323715,False,False,False,False,False,0.5647667636337668,0.12,0.18,False,False,True,True,True,31.380964334883057,32.570572564618125,31.380964334883057,32.570572564618125,False,False,False,False,0.7823313507010397,0.6971162512503514,0.6971162512503514,False,both,min,none,none,0,moving_average,4,2.0,peak,15,-1,-1,15,False,0.6703527752442717,False,False,False,False,False,False,False,,,12.758620689655173
frame_000112.jpg,30.555834426182628,32.63540767982023,112,True,0.0793527661992406,0.0,0.0,0.14050537550877965,False,False,False,False,False,0.5647667636337668,0.12,0.18,False,False,True,True,True,30.555834426182628,32.63540767982023,30.555834426182628,32.63540767982023,False,False,False,False,0.6759081368975511,0.7081599313468095,0.6759081368975511,False,both,min,none,none,0,moving_average,4,2.0,peak,15,-1,-1,15,False,0.6952159549907337,True,False,False,False,False,False,False,5,,12.873563218390805
frame_000113.jpg,31.411187319252747,32.66161221333761,113,True,0.3340993468373443,0.0,0.0,0.5915704824549433,False,False,False,False,True,0.5647667636337668,0.12,0.18,False,False,True,True,True,31.411187319252747,32.66161221333761,31.411187319252747,32.66161221333761,False,False,True,True,0.786229436436922,0.7126234768242987,0.7126234768242987,False,both,min,none,none,0,moving_average,4,2.0,peak,15,-1,-1,15,False,0.6925446410026486,False,False,False,False,False,False,False,,,12.988505747126437
frame_000114.jpg,32.30815535045255,32.5235244025981,114,True,0.9192374073466385,0.0,0.0,1.6276407652464737,True,False,False,True,True,0.5647667636337668,0.12,0.18,False,False,True,True,True,32.30815535045255,32.5235244025981,32.30815535045255,32.5235244025981,False,False,True,True,0.9019181535137476,0.689102309286096,0.689102309286096,False,both,min,none,none,0,moving_average,4,2.0,peak,15,-1,-1,15,False,0.6851987040748817,False,False,False,False,False,False,False,,,13.10344827586207
frame_000115.jpg,30.8842241036195,32.3166848647091,115,True,0.6756917074899034,0.0,0.0,1.1964084131694193,True,False,False,True,True,0.5647667636337668,0.12,0.18,False,False,True,True,True,30.8842241036195,32.3166848647091,30.8842241036195,32.3166848647091,False,False,True,True,0.7182630248784824,0.6538703261142504,0.6538703261142504,False,both,min,none,none,0,moving_average,4,2.0,peak,15,-1,-1,15,False,0.5655739284916577,False,False,False,False,False,False,False,,,13.218390804597702
frame_000116.jpg,28.05804277073547,31.52055365595926,116,True,0.31208372819065056,0.0,0.0,0.5525886937515092,False,False,False,False,True,0.5647667636337668,0.12,0.18,False,False,True,True,True,28.05804277073547,31.52055365595926,28.05804277073547,31.52055365595926,False,False,True,True,0.3537491500746266,0.5182614302738984,0.3537491500746266,False,both,min,none,none,0,moving_average,4,2.0,peak,15,-1,-1,15,False,0.4344115597739915,False,False,False,False,False,False,False,,,13.333333333333334
frame_000117.jpg,27.60731349262108,31.205534146641607,117,True,0.0263947815340415,0.0,0.0,0.04673572036041001,False,False,False,False,False,0.5647667636337668,0.12,0.18,False,False,True,True,True,27.60731349262108,31.205534146641607,27.60731349262108,31.205534146641607,False,False,False,False,0.2956152031330975,0.4646026271052364,0.2956152031330975,False,both,min,none,none,0,moving_average,4,2.0,peak,15,-1,-1,15,False,0.25887194034634436,False,False,False,False,False,False,False,,,13.448275862068966
frame_000118.jpg,26.301940834034124,30.476574324488308,118,True,0.20768818411954434,0.0,0.0,0.36774151294466667,False,False,False,False,False,0.5647667636337668,0.12,0.18,False,False,True,True,True,26.301940834034124,30.476574324488308,26.301940834034124,30.476574324488308,False,False,False,False,0.127251467831309,0.3404353598159447,0.127251467831309,False,both,min,none,none,0,moving_average,4,2.0,peak,15,-1,-1,15,False,0.18303679351039737,False,False,False,False,False,False,False,,,13.563218390804598
frame_000119.jpg,26.294127393196547,30.195702246918568,119,True,0.0990381299160465,0.0,0.0,0.17536111593894993,False,False,False,False,False,0.5647667636337668,0.12,0.18,False,False,True,True,True,26.294127393196547,30.195702246918568,26.294127393196547,30.195702246918568,False,False,False,False,0.12624370956678557,0.29259305456147716,0.12624370956678557,False,both,min,none,none,0,moving_average,4,2.0,peak,15,-1,-1,15,False,0.23108456624088025,False,False,False,False,False,False,False,,,13.67816091954023
frame_000120.jpg,,,120,False,,,,0.0,False,False,False,False,False,0.5647667636337668,0.12,0.18,True,True,False,False,False,,,29.41866819934925,31.059679644671654,True,True,False,False,0.5292392509290355,0.4397585213245462,0.4397585213245462,False,missing,min,none,none,0,moving_average,4,2.0,peak,15,-1,-1,15,False,0.38430873965964896,False,False,False,False,False,False,False,,,13.793103448275863
frame_000121.jpg,32.54320900550195,31.92365704242474,121,True,,,,0.0,False,False,False,False,False,0.5647667636337668,0.12,0.18,False,False,True,True,True,32.54320900550195,31.92365704242474,32.54320900550195,31.92365704242474,False,False,False,False,0.9322347922912854,0.5869239880876151,0.5869239880876151,False,both,min,none,none,0,moving_average,4,2.0,peak,15,-1,-1,15,False,0.49759996851926797,True,False,False,False,False,False,False,6,,13.908045977011495
frame_000122.jpg,,,122,False,,,,0.0,False,False,False,False,False,0.5647667636337668,0.12,0.18,True,True,False,False,False,,,28.929266231367002,31.44957085936131,True,True,False,False,0.4661173961456427,0.5061705857441076,0.4661173961456427,False,missing,min,none,none,0,moving_average,4,2.0,peak,15,-1,-1,15,False,0.35101379474441924,False,False,False,False,False,False,False,,,14.022988505747128
frame_000123.jpg,25.315323457232054,30.975484676297878,123,True,,,,0.0,False,False,False,False,False,0.5647667636337668,0.12,0.18,False,False,True,True,True,25.315323457232054,30.975484676297878,25.315323457232054,30.975484676297878,False,False,False,False,0.0,0.4254171834006001,0.0,False,both,min,none,none,0,moving_average,4,2.0,peak,15,-1,-1,15,False,0.18972752523095132,False,False,False,False,False,False,False,,,14.13793103448276
frame_000124.jpg,26.11441755663611,31.2307307217837,124,True,0.15688477118283636,0.0,0.0,0.2777868339372944,False,False,False,False,False,0.5647667636337668,0.12,0.18,False,False,True,True,True,26.11441755663611,31.2307307217837,26.11441755663611,31.2307307217837,False,False,False,False,0.10306517954721134,0.46889448213669943,0.10306517954721134,False,both,min,none,none,0,moving_average,4,2.0,peak,15,-1,-1,15,False,0.06277645765973325,False,False,False,False,False,False,False,,,14.252873563218392
frame_000125.jpg,,,125,False,,,,0.0,False,False,False,False,False,0.5647667636337668,0.12,0.18,True,True,False,False,False,,,25.97640137085212,31.22007547024999,True,True,False,False,0.08526419343198842,0.4670795213871309,0.08526419343198842,False,missing,min,none,none,0,moving_average,4,2.0,peak,15,-1,-1,15,False,0.0852641934319884,False,False,False,False,False,False,False,,,14.367816091954024
frame_000126.jpg,,,126,False,,,,0.0,False,False,False,False,False,0.5647667636337668,0.12,0.18,True,True,False,False,False,,,25.83838518506813,31.209420218716282,True,True,False,False,0.06746320731676549,0.46526456063756233,0.06746320731676549,False,missing,min,none,none,0,moving_average,4,2.0,peak,15,-1,-1,15,False,0.06746320731676564,False,False,False,False,False,False,False,,,14.482758620689657
frame_000127.jpg,,,127,False,,,,0.0,False,False,False,False,False,0.5647667636337668,0.12,0.18,True,True,False,False,False,,,25.700368999284144,31.198764967182573,True,True,False,False,0.049662221201543025,0.4634495998879938,0.049662221201543025,False,missing,min,none,none,0,moving_average,4,2.0,peak,15,-1,-1,15,False,0.04966222120154287,False,False,False,False,False,False,False,,,14.597701149425289
frame_000128.jpg,,,128,False,,,,0.0,False,False,False,False,False,0.5647667636337668,0.12,0.18,True,True,False,False,False,,,25.562352813500155,31.188109715648864,True,True,False,False,0.031861235086320105,0.46163463913842523,0.031861235086320105,False,missing,min,none,none,0,moving_average,4,2.0,peak,15,-1,-1,15,False,0.0318612350863201,False,False,False,False,False,False,False,,,14.712643678160921
frame_000129.jpg,25.424336627716166,31.177454464115154,129,True,,,,0.0,False,False,False,False,False,0.5647667636337668,0.12,0.18,False,False,True,True,True,25.424336627716166,31.177454464115154,25.424336627716166,31.177454464115154,False,False,False,False,0.01406024897109718,0.4598196783888566,0.01406024897109718,False,both,min,none,none,0,moving_average,4,2.0,peak,15,-1,-1,15,False,0.11769946481613063,False,False,False,False,False,False,False,,,14.827586206896553
frame_000130.jpg,27.696954747692825,31.994591074938675,130,True,0.32425579919571385,0.0,0.0,0.5741410792473323,False,False,False,False,False,0.5647667636337668,0.12,0.18,False,False,True,True,True,27.696954747692825,31.994591074938675,27.696954747692825,31.994591074938675,False,False,False,False,0.3071769103909746,0.5990065263941131,0.3071769103909746,False,both,min,none,none,0,moving_average,4,2.0,peak,15,-1,-1,15,False,0.23498698564536763,False,False,False,False,False,False,False,,,14.942528735632186
frame_000131.jpg,,,131,False,,,,0.0,False,False,False,False,False,0.5647667636337668,0.12,0.18,True,True,False,False,False,,,28.290444868647874,31.954359589929847,True,True,False,False,0.3837237975740312,0.5921537021358706,0.3837237975740312,False,missing,min,none,none,0,moving_average,4,2.0,peak,15,-1,-1,15,False,0.383723797574031,False,False,False,False,False,False,False,,,15.057471264367818
frame_000132.jpg,,,132,False,,,,0.0,False,False,False,False,False,0.5647667636337668,0.12,0.18,True,True,False,False,False,,,28.88393498960292,31.91412810492102,True,True,False,False,0.46027068475708727,0.585300877877628,0.46027068475708727,False,missing,min,none,none,0,moving_average,4,2.0,peak,15,-1,-1,15,False,0.46027068475708743,False,False,False,False,False,False,False,,,15.17241379310345
frame_000133.jpg,,,133,False,,,,0.0,False,False,False,False,False,0.5647667636337668,0.12,0.18,True,True,False,False,False,,,29.47742511055797,31.87389661991219,True,True,False,False,0.5368175719401438,0.5784480536193854,0.5368175719401438,False,missing,min,none,none,0,moving_average,4,2.0,peak,15,-1,-1,15,False,0.5228944953527912,False,False,False,False,False,False,False,,,15.287356321839082
frame_000134.jpg,,,134,False,,,,0.0,False,False,False,False,False,0.5647667636337668,0.12,0.18,True,True,False,False,False,,,30.070915231513016,31.83366513490336,True,True,False,False,0.6133644591231999,0.5715952293611424,0.5715952293611424,False,missing,min,none,none,0,moving_average,4,2.0,peak,15,-1,-1,15,False,0.5577184021347287,False,False,False,False,False,False,False,,,15.402298850574715
frame_000135.jpg,,,135,False,,,,0.0,False,False,False,False,False,0.5647667636337668,0.12,0.18,True,True,False,False,False,,,30.664405352468066,31.79343364989453,True,True,False,False,0.6899113463062564,0.5647424051028999,0.5647424051028999,False,missing,min,none,none,0,moving_average,4,2.0,peak,15,-1,-1,15,False,0.5647424051028999,False,False,False,False,False,False,False,,,15.517241379310347
frame_000136.jpg,,,136,False,,,,0.0,False,False,False,False,False,0.5647667636337668,0.12,0.18,True,True,False,False,False,,,31.257895473423112,31.753202164885703,True,True,False,False,0.7664582334893125,0.5578895808446573,0.5578895808446573,False,missing,min,none,none,0,moving_average,4,2.0,peak,15,-1,-1,15,False,0.5578895808446573,False,False,False,False,False,False,False,,,15.632183908045977
frame_000137.jpg,31.85138559437816,31.712970679876875,137,True,,,,0.0,False,False,False,False,False,0.5647667636337668,0.12,0.18,False,False,True,True,True,31.85138559437816,31.712970679876875,31.85138559437816,31.712970679876875,False,False,False,False,0.843005120672369,0.5510367565864147,0.5510367565864147,False,both,min,none,none,0,moving_average,4,2.0,peak,15,-1,-1,15,False,0.5775945647169564,False,False,False,False,False,False,False,,,15.74712643678161
frame_000138.jpg,32.42626540138213,32.14048505529315,138,True,0.39504720276842564,0.0,0.0,0.6994873427512833,False,False,False,False,False,0.5647667636337668,0.12,0.18,False,False,True,True,True,32.42626540138213,32.14048505529315,32.42626540138213,32.14048505529315,False,False,False,False,0.9171516956140657,0.623857356719797,0.623857356719797,False,both,min,none,none,0,moving_average,4,2.0,peak,15,-1,-1,15,False,0.6239588752722584,False,False,False,False,False,False,False,,,15.862068965517242
frame_000139.jpg,32.69697464964683,32.56978741270088,139,True,0.18614646193527323,0.0,0.0,0.32959882542943564,False,False,False,False,False,0.5647667636337668,0.12,0.18,False,False,True,True,True,32.69697464964683,32.56978741270088,32.69697464964683,32.56978741270088,False,False,False,False,0.9520671045731605,0.6969825125105633,0.6969825125105633,False,both,min,none,none,0,moving_average,4,2.0,peak,15,-1,-1,15,False,0.6680911129646967,False,False,False,False,False,False,False,,,15.977011494252874
frame_000140.jpg,32.700014844252664,32.49024384151989,140,True,0.04621367434251864,0.0,0.0,0.08182789306717549,False,False,False,False,False,0.5647667636337668,0.12,0.18,False,False,True,True,True,32.700014844252664,32.49024384151989,32.700014844252664,32.49024384151989,False,False,False,False,0.9524592213503236,0.6834334696637301,0.6834334696637301,False,both,min,none,none,0,moving_average,4,2.0,peak,15,-1,-1,15,False,0.6879498172793411,True,False,False,False,False,False,False,7,,16.091954022988507
frame_000141.jpg,32.700014844252664,32.49024384151989,141,True,0.0,0.0,0.0,0.0,False,False,False,False,False,0.5647667636337668,0.12,0.18,False,False,True,True,True,32.700014844252664,32.49024384151989,32.700014844252664,32.49024384151989,False,False,False,False,0.9524592213503236,0.6834334696637301,0.6834334696637301,False,both,min,none,none,0,moving_average,4,2.0,peak,15,-1,-1,15,False,0.6845820898668382,False,False,False,False,False,False,False,,,16.20689655172414
frame_000142.jpg,32.792950579978765,32.510473761947196,142,True,0.26912612070078645,0.0,0.0,0.4765261308388646,False,False,False,False,False,0.5647667636337668,0.12,0.18,False,False,True,True,True,32.792950579978765,32.510473761947196,32.792950579978765,32.510473761947196,False,False,False,False,0.9644458425706607,0.6868793302730546,0.6868793302730546,False,both,min,none,none,0,moving_average,4,2.0,peak,15,-1,-1,15,False,0.6641075405284957,False,False,False,False,False,False,False,,,16.32183908045977
frame_000143.jpg,32.622039353517394,32.1296385667922,143,True,0.11273277550725176,0.0,0.0,0.19960943661400615,False,False,False,False,False,0.5647667636337668,0.12,0.18,False,False,True,True,True,32.622039353517394,32.1296385667922,32.622039353517394,32.1296385667922,False,False,False,False,0.9424021355091117,0.6220098216487024,0.6220098216487024,False,both,min,none,none,0,moving_average,4,2.0,peak,15,-1,-1,15,False,0.6229315896663872,False,False,False,False,False,False,False,,,16.436781609195403
frame_000144.jpg,32.43248904529229,31.76503788814644,144,True,0.07950297088640924,0.019821502672196404,0.015956317232998923,0.16517918893497005,False,False,False,False,False,0.5647667636337668,0.12,0.18,False,False,True,True,True,32.43248904529229,31.76503788814644,32.43248904529229,31.76503788814644,False,False,False,False,0.9179544058049144,0.5599056170774047,0.5599056170774047,False,both,min,none,none,0,moving_average,4,2.0,peak,15,-1,-1,15,False,0.5829580680369932,False,False,False,False,False,False,False,,,16.551724137931036
frame_000145.jpg,32.34012474461245,31.80644543337214,145,True,0.09029191102427532,0.019522874341512956,0.006440903277494765,0.16269061951260796,False,False,False,False,False,0.5647667636337668,0.12,0.18,False,False,True,True,True,32.34012474461245,31.80644543337214,32.34012474461245,31.80644543337214,False,False,False,False,0.9060414868628026,0.5669587653848728,0.5669587653848728,False,both,min,none,none,0,moving_average,4,2.0,peak,15,-1,-1,15,False,0.563828328734942,False,False,False,False,False,False,False,,,16.666666666666668
frame_000146.jpg,32.03152909989804,31.792718579812714,146,True,0.08224262733321368,0.026432485252775587,0.004601413273251766,0.22027071043979657,False,False,False,False,False,0.5647667636337668,0.12,0.18,False,False,True,True,True,32.03152909989804,31.792718579812714,32.03152909989804,31.792718579812714,False,False,False,False,0.8662395842411984,0.5646206037425487,0.5646206037425487,False,both,min,none,none,0,moving_average,4,2.0,peak,15,-1,-1,15,False,0.554269452270157,False,False,False,False,False,False,False,,,16.7816091954023
frame_000147.jpg,32.13438358591216,31.596683448851568,147,True,0.08788882642798007,0.03493997863973447,0.007957898674380508,0.29116648866445394,False,False,False,False,False,0.5647667636337668,0.12,0.18,False,False,True,True,True,32.13438358591216,31.596683448851568,32.13438358591216,31.596683448851568,False,False,False,False,0.8795055013292955,0.5312289876830494,0.5312289876830494,False,both,min,none,none,0,moving_average,4,2.0,peak,15,-1,-1,15,False,0.5462942318372892,False,False,False,False,False,False,False,,,16.896551724137932
frame_000148.jpg,31.95396776390863,31.665982925129164,148,True,0.16143979562398092,0.016026298927836167,0.001050854296650184,0.2858521535248655,False,False,False,False,False,0.5647667636337668,0.12,0.18,False,False,True,True,True,31.95396776390863,31.665982925129164,31.95396776390863,31.665982925129164,False,False,False,False,0.8562359150542634,0.5430331040862695,0.5430331040862695,False,both,min,none,none,0,moving_average,4,2.0,peak,15,-1,-1,15,False,0.5567428335858187,False,False,False,False,False,False,False,,,17.011494252873565
frame_000149.jpg,32.45874481948217,31.976743187230703,149,True,0.12718880817192416,0.007091101664169067,0.014869824157661173,0.22520590155408302,False,False,False,False,False,0.5647667636337668,0.12,0.18,False,False,True,True,True,32.45874481948217,31.976743187230703,32.45874481948217,31.976743187230703,False,False,False,False,0.9213408105888427,0.5959664089881375,0.5959664089881375,False,both,min,none,none,0,moving_average,4,2.0,peak,15,-1,-1,15,False,0.5830686172616438,False,False,False,False,False,False,False,,,17.126436781609197
frame_000150.jpg,32.54182613787345,32.060342809454184,150,True,0.20576302932483959,0.011630834107484061,0.007983401813061852,0.3643327521629271,False,False,False,False,False,0.5647667636337668,0.12,0.18,False,False,True,True,True,32.54182613787345,32.060342809454184,32.54182613787345,32.060342809454184,False,False,False,False,0.9320564334465289,0.6102063387105247,0.6102063387105247,False,both,min,none,none,0,moving_average,4,2.0,peak,15,-1,-1,15,False,0.5892958586351092,True,False,False,False,False,False,False,8,,17.24137931034483
frame_000151.jpg,32.77115410828844,31.775659384872718,151,True,0.3005344511115353,0.10198385224937206,0.03604587763509368,0.8498654354114339,False,False,False,False,False,0.5647667636337668,0.12,0.18,False,False,True,True,True,32.77115410828844,31.775659384872718,32.77115410828844,31.775659384872718,False,False,False,False,0.9616345875883824,0.5617148282066657,0.5617148282066657,False,both,min,none,none,0,moving_average,4,2.0,peak,15,-1,-1,15,False,0.5481915622934723,False,False,False,False,False,False,False,,,17.35632183908046
frame_000152.jpg,32.37458604278395,31.25279923956068,152,True,0.4571657400365906,0.060878791397329796,0.021979705930581885,0.8094770611059684,False,False,False,False,False,0.5647667636337668,0.12,0.18,False,False,True,True,True,32.37458604278395,31.25279923956068,32.37458604278395,31.25279923956068,False,False,False,False,0.9104862198249463,0.4726535199632265,0.4726535199632265,False,both,min,none,none,0,moving_average,4,2.0,peak,15,-1,-1,15,False,0.5023406227110395,False,False,False,False,False,False,False,,,17.471264367816094
frame_000153.jpg,32.37458604278395,31.25279923956068,153,True,0.0,0.0,0.0,0.0,False,False,False,False,True,0.5647667636337668,0.12,0.18,False,False,True,True,True,32.37458604278395,31.25279923956068,32.37458604278395,31.25279923956068,False,False,True,True,0.9104862198249463,0.4726535199632265,0.4726535199632265,False,both,min,none,none,0,moving_average,4,2.0,peak,15,-1,-1,15,False,0.3493182640414527,False,False,False,False,False,False,False,,,17.586206896551726
frame_000154.jpg,32.01939814537933,29.080573462557012,154,True,0.6885980359681426,0.0,0.0,1.219260906108626,True,False,False,True,True,0.5647667636337668,0.12,0.18,False,False,True,True,True,32.01939814537933,29.080573462557012,32.01939814537933,29.080573462557012,False,False,True,True,0.8646749637459622,0.10264775219790516,0.10264775219790516,False,both,min,none,none,0,moving_average,4,2.0,peak,15,-1,-1,15,False,0.2746736989671128,False,False,False,False,False,False,False,,,17.70114942528736
frame_000155.jpg,31.726563777520592,29.9381317735885,155,True,0.2751302953679009,0.0,0.0,0.4871573773174693,False,False,False,False,True,0.5647667636337668,0.12,0.18,False,False,True,True,True,31.726563777520592,29.9381317735885,31.726563777520592,29.9381317735885,False,False,True,True,0.8269059116112225,0.24871982474020676,0.24871982474020676,False,both,min,none,none,0,moving_average,4,2.0,peak,15,-1,-1,15,False,0.25461832522611905,False,False,False,False,False,False,False,,,17.81609195402299
frame_000156.jpg,31.682755063261347,30.89957663924224,156,True,0.32593054286101986,0.0,0.0,0.5771064514560836,False,False,False,False,False,0.5647667636337668,0.12,0.18,False,False,True,True,True,31.682755063261347,30.89957663924224,31.682755063261347,30.89957663924224,False,False,False,False,0.8212555720526787,0.41248739874024526,0.41248739874024526,False,both,min,none,none,0,moving_average,4,2.0,peak,15,-1,-1,15,False,0.35789820740689904,False,False,False,False,False,False,False,,,17.931034482758623
frame_000157.jpg,31.682755063261347,30.89957663924224,157,True,0.0,0.0,0.0,0.0,False,False,False,False,False,0.5647667636337668,0.12,0.18,False,False,True,True,True,31.682755063261347,30.89957663924224,31.682755063261347,30.89957663924224,False,False,False,False,0.8212555720526787,0.41248739874024526,0.41248739874024526,False,both,min,none,none,0,moving_average,4,2.0,peak,15,-1,-1,15,False,0.4112579297993577,False,False,False,False,False,False,False,,,18.045977011494255
frame_000158.jpg,31.696818337026933,30.877922781183074,158,True,0.12092824707334869,0.0,0.0,0.214120686379071,False,False,False,False,True,0.5647667636337668,0.12,0.18,False,False,True,True,True,31.696818337026933,30.877922781183074,31.696818337026933,30.877922781183074,False,False,True,True,0.823069418302767,0.40879899191758284,0.40879899191758284,False,both,min,none,none,0,moving_average,4,2.0,peak,15,-1,-1,15,False,0.40622561975478066,False,False,False,False,False,False,False,,,18.160919540229887
frame_000159.jpg,32.22532912284834,30.810945748464036,159,True,0.12787880013123873,0.1452651002116868,2.853430185350528e-05,1.2105425017640565,False,True,False,True,True,0.5647667636337668,0.12,0.18,False,False,True,True,True,32.22532912284834,30.810945748464036,32.22532912284834,30.810945748464036,False,False,True,True,0.8912354316345444,0.39739046860651417,0.39739046860651417,False,both,min,none,none,0,moving_average,4,2.0,peak,15,-1,-1,15,False,0.43345222177997034,False,False,False,False,False,False,False,,,18.27586206896552
frame_000160.jpg,32.0039667105568,31.379101543109538,160,True,0.14457107533459634,0.14526510021168673,2.853430185350528e-05,1.210542501764056,False,True,False,True,True,0.5647667636337668,0.12,0.18,False,False,True,True,True,32.0039667105568,31.379101543109538,32.0039667105568,31.379101543109538,False,False,True,True,0.8626846554683255,0.494167204815814,0.494167204815814,False,both,min,none,none,0,moving_average,4,2.0,peak,15,-1,-1,15,False,0.5138518899319444,False,False,False,False,False,False,False,,,18.390804597701152
frame_000161.jpg,32.36362581630826,32.29395123401273,161,True,0.08339843748846142,0.0,0.0,0.1476688127889598,False,False,False,False,True,0.5647667636337668,0.12,0.18,False,False,True,True,True,32.36362581630826,32.29395123401273,32.36362581630826,32.29395123401273,False,False,True,True,0.9090725969356793,0.6499979963735053,0.6499979963735053,False,both,min,none,none,0,moving_average,4,2.0,peak,15,-1,-1,15,False,0.6050059750784182,False,False,False,False,False,False,False,,,18.505747126436784
frame_000162.jpg,32.291977275745275,32.41638493902237,162,True,0.045607196743288274,0.008729127074377353,0.00847366789219926,0.08075403809148919,False,False,False,False,False,0.5647667636337668,0.12,0.18,False,False,True,True,True,32.291977275745275,32.41638493902237,32.291977275745275,32.41638493902237,False,False,False,False,0.8998315454713691,0.6708527240459358,0.6708527240459358,False,both,min,none,none,0,moving_average,4,2.0,peak,15,-1,-1,15,False,0.6640743198315562,False,False,False,False,False,False,False,,,18.620689655172416
frame_000163.jpg,32.4100555040822,32.41943490212155,163,True,0.03905357537473158,0.008386142611949008,0.005432764524010313,0.06988452176624174,False,False,False,False,False,0.5647667636337668,0.12,0.18,False,False,True,True,True,32.4100555040822,32.41943490212155,32.4100555040822,32.41943490212155,False,False,False,False,0.9150609831724332,0.6713722390752274,0.6713722390752274,False,both,min,none,none,0,moving_average,4,2.0,peak,15,-1,-1,15,False,0.6655146551178404,False,False,False,False,False,False,False,,,18.73563218390805
frame_000164.jpg,32.308229808189715,32.319318947510475,164,True,0.04982123661515646,0.0003441760504378404,0.009662139220578393,0.08821559592955074,False,False,False,False,False,0.5647667636337668,0.12,0.18,False,False,True,True,True,32.308229808189715,32.319318947510475,32.308229808189715,32.319318947510475,False,False,False,False,0.901927756888438,0.6543190022323578,0.6543190022323578,False,both,min,none,none,0,moving_average,4,2.0,peak,15,-1,-1,15,False,0.6557685372666593,False,False,False,False,False,False,False,,,18.85057471264368
frame_000165.jpg,32.09482808463889,32.24473273573446,165,True,0.010799659676851087,0.010966256466710437,0.008447112493896168,0.0913854705559203,False,False,False,False,False,0.5647667636337668,0.12,0.18,False,False,True,True,True,32.09482808463889,32.24473273573446,32.09482808463889,32.24473273573446,False,False,False,False,0.874403730656918,0.6416143704923927,0.6416143704923927,False,both,min,none,none,0,moving_average,4,2.0,peak,15,-1,-1,15,False,0.6338381244940625,False,False,False,False,False,False,False,,,18.965517241379313
frame_000166.jpg,32.015700432606636,32.033188426457045,166,True,0.02941462095614576,0.004435307089992653,0.003903145164583238,0.05208277620108007,False,False,False,False,False,0.5647667636337668,0.12,0.18,False,False,True,True,True,32.015700432606636,32.033188426457045,32.015700432606636,32.033188426457045,False,False,False,False,0.8641980419026953,0.6055810007574371,0.6055810007574371,False,both,min,none,none,0,moving_average,4,2.0,peak,15,-1,-1,15,False,0.6048760495309936,False,False,False,False,False,False,False,,,19.080459770114945
frame_000167.jpg,32.264803983813415,31.809228257544312,167,True,0.03921423293724129,0.08287091469312935,0.04024628264909012,0.690590955776078,False,False,False,False,False,0.5647667636337668,0.12,0.18,False,False,True,True,True,32.264803983813415,31.809228257544312,32.264803983813415,31.809228257544312,False,False,False,False,0.8963268015195185,0.5674327773431512,0.5674327773431512,False,both,min,none,none,0,moving_average,4,2.0,peak,15,-1,-1,15,False,0.6454527421570448,False,False,False,False,False,False,False,,,19.195402298850578
frame_000168.jpg,31.909293375534048,32.95938433319632,168,True,0.07361192843553784,0.03681760265404834,0.025003013315939487,0.30681335545040284,False,False,False,False,False,0.5647667636337668,0.12,0.18,False,False,True,True,True,31.909293375534048,32.95938433319632,31.909293375534048,32.95938433319632,False,False,False,False,0.8504739229904729,0.763344448370546,0.763344448370546,False,both,min,none,none,0,moving_average,4,2.0,peak,15,-1,-1,15,False,0.7177459349163108,False,False,False,False,False,False,False,,,19.31034482758621
frame_000169.jpg,31.69209783036981,34.279422631532846,169,True,0.0443811850532986,0.024637826001484293,0.03227906159805252,0.2053152166790358,False,False,False,False,False,0.5647667636337668,0.12,0.18,False,False,True,True,True,31.69209783036981,34.279422631532846,31.69209783036981,34.279422631532846,False,False,False,False,0.8224605790352353,0.9881929835579684,0.8224605790352353,False,both,min,none,none,0,moving_average,4,2.0,peak,15,-1,-1,15,False,0.7870716431720683,True,False,False,False,False,False,False,9,,19.425287356321842
frame_000170.jpg,31.32730034523701,34.17982130875982,170,True,0.05758315290101881,0.017602421803691183,0.0038021648080626066,0.1466868483640932,False,False,False,False,False,0.5647667636337668,0.12,0.18,False,False,True,True,True,31.32730034523701,34.17982130875982,31.32730034523701,34.17982130875982,False,False,False,False,0.7754099021104239,0.9712274064557992,0.7754099021104239,False,both,min,none,none,0,moving_average,4,2.0,peak,15,-1,-1,15,False,0.77942285091675,False,False,False,False,False,False,False,,,19.540229885057474
frame_000171.jpg,31.05584351287657,33.177103047821184,171,True,0.09043351980050358,0.08176141887952917,0.0401061817609572,0.6813451573294098,False,False,False,False,False,0.5647667636337668,0.12,0.18,False,False,True,True,True,31.05584351287657,33.177103047821184,31.05584351287657,33.177103047821184,False,False,False,False,0.7403980716045911,0.8004295345593175,0.7403980716045911,False,both,min,none,none,0,moving_average,4,2.0,peak,15,-1,-1,15,False,0.7515034973491985,False,False,False,False,False,False,False,,,19.655172413793107
frame_000172.jpg,32.0169786518649,32.81471676234499,172,True,0.118801056835388,0.0649709001130036,0.029321223327556056,0.5414241676083634,False,False,False,False,False,0.5647667636337668,0.12,0.18,False,False,True,True,True,32.0169786518649,32.81471676234499,32.0169786518649,32.81471676234499,False,False,False,False,0.8643629034596163,0.7387025183325809,0.7387025183325809,False,both,min,none,none,0,moving_average,4,2.0,peak,15,-1,-1,15,False,0.739140166867936,False,False,False,False,False,False,False,,,19.77011494252874
frame_000173.jpg,31.904648996150463,32.812470553483266,173,True,0.3675371498675768,0.032781932198473175,0.03339889764182088,0.6507768755774603,False,False,False,False,True,0.5647667636337668,0.12,0.18,False,False,True,True,True,31.904648996150463,32.812470553483266,31.904648996150463,32.812470553483266,False,False,True,True,0.8498749024303016,0.738319910666636,0.738319910666636,False,both,min,none,none,0,moving_average,4,2.0,peak,15,-1,-1,15,False,0.7035287788746862,False,False,False,False,False,False,False,,,19.885057471264368
frame_000174.jpg,32.28626864526458,32.19747016719851,174,True,0.687193605407188,0.03218896791453027,0.004077674314264824,1.21677416175434,True,False,False,True,True,0.5647667636337668,0.12,0.18,False,False,True,True,True,32.28626864526458,32.19747016719851,32.28626864526458,32.19747016719851,False,False,True,True,0.8990952604382291,0.6335639076248417,0.6335639076248417,False,both,min,none,none,0,moving_average,4,2.0,peak,15,-1,-1,15,False,0.6684825753054398,False,False,False,False,False,False,False,,,20.0
frame_000175.jpg,32.28626864526458,32.19747016719851,175,True,0.0,0.0,0.0,0.0,False,False,False,False,True,0.5647667636337668,0.12,0.18,False,False,True,True,True,32.28626864526458,32.19747016719851,32.28626864526458,32.19747016719851,False,False,True,True,0.8990952604382291,0.6335639076248417,0.6335639076248417,False,both,min,none,none,0,moving_average,4,2.0,peak,15,-1,-1,15,False,0.656080243487863,False,False,False,False,False,False,False,,,20.114942528735632
frame_000176.jpg,31.324277892371896,32.59403613529727,176,True,0.6355866418244018,0.0,0.0,1.1253966818708891,True,False,False,True,True,0.5647667636337668,0.12,0.18,False,False,True,True,True,31.324277892371896,32.59403613529727,31.324277892371896,32.59403613529727,False,False,True,True,0.7750200736190757,0.7011129152139055,0.7011129152139055,False,both,min,none,none,0,moving_average,4,2.0,peak,15,-1,-1,15,False,0.69710789178003,False,False,False,False,False,False,False,,,20.229885057471265
frame_000177.jpg,31.45005228248966,32.92006416130034,177,True,0.41138623149080333,0.4415315678909627,0.0456570531389046,3.679429732424689,False,True,False,True,True,0.5647667636337668,0.12,0.18,False,False,True,True,True,31.45005228248966,32.92006416130034,31.45005228248966,32.92006416130034,False,False,True,True,0.7912421432221375,0.7566468525013428,0.7566468525013428,False,both,min,none,none,0,moving_average,4,2.0,peak,15,-1,-1,15,False,0.7347982517576801,False,False,False,False,False,False,False,,,20.344827586206897
frame_000178.jpg,,,178,False,,,,0.0,False,False,False,False,True,0.5647667636337668,0.12,0.18,True,True,False,False,False,,,31.160051212729662,32.86128661510799,True,True,False,False,0.7538385228650504,0.746634987557792,0.746634987557792,False,missing,min,none,none,0,moving_average,4,2.0,peak,15,-1,-1,15,False,0.7399055808556994,True,False,False,False,False,False,False,10,,20.45977011494253
frame_000179.jpg,,,179,False,,,,0.0,False,False,False,False,False,0.5647667636337668,0.12,0.18,True,True,False,False,False,,,30.870050142969664,32.80250906891565,True,True,False,False,0.7164349025079634,0.7366231226142411,0.7164349025079634,False,missing,min,none,none,0,moving_average,4,2.0,peak,15,-1,-1,15,False,0.7140337240722106,False,False,False,False,False,False,False,,,20.57471264367816
frame_000180.jpg,,,180,False,,,,0.0,False,False,False,False,False,0.5647667636337668,0.12,0.18,True,True,False,False,False,,,30.580049073209665,32.7437315227233,True,True,False,False,0.6790312821508763,0.7266112576706902,0.6790312821508763,False,missing,min,none,none,0,moving_average,4,2.0,peak,15,-1,-1,15,False,0.6790312821508762,False,False,False,False,False,False,False,,,20.689655172413794
frame_000181.jpg,,,181,False,,,,0.0,False,False,False,False,False,0.5647667636337668,0.12,0.18,True,True,False,False,False,,,30.290048003449662,32.68495397653096,True,True,False,False,0.6416276617937888,0.7165993927271407,0.6416276617937888,False,missing,min,none,none,0,moving_average,4,2.0,peak,15,-1,-1,15,False,0.6416276617937889,False,False,False,False,False,False,False,,,20.804597701149426
frame_000182.jpg,,,182,False,,,,0.0,False,False,False,False,False,0.5647667636337668,0.12,0.18,True,True,False,False,False,,,30.000046933689664,32.62617643033862,True,True,False,False,0.6042240414367018,0.7065875277835898,0.6042240414367018,False,missing,min,none,none,0,moving_average,4,2.0,peak,15,-1,-1,15,False,0.6042240414367017,False,False,False,False,False,False,False,,,20.919540229885058
frame_000183.jpg,,,183,False,,,,0.0,False,False,False,False,False,0.5647667636337668,0.12,0.18,True,True,False,False,False,,,29.710045863929665,32.56739888414627,True,True,False,False,0.5668204210796147,0.696575662840039,0.5668204210796147,False,missing,min,none,none,0,moving_average,4,2.0,peak,15,-1,-1,15,False,0.5668204210796147,False,False,False,False,False,False,False,,,21.03448275862069
frame_000184.jpg,29.420044794169666,32.508621337953926,184,True,,,,0.0,False,False,False,False,True,0.5647667636337668,0.12,0.18,False,False,True,True,True,29.420044794169666,32.508621337953926,29.420044794169666,32.508621337953926,False,False,True,True,0.5294168007225277,0.6865637978964881,0.5294168007225277,False,both,min,none,none,0,moving_average,4,2.0,peak,15,-1,-1,15,False,0.598120220413828,False,False,False,False,False,False,False,,,21.149425287356323
frame_000185.jpg,31.379561301148783,32.57648555391997,185,True,0.588833394807965,0.0,0.0,1.0426133985281838,True,False,False,True,True,0.5647667636337668,0.12,0.18,False,False,True,True,True,31.379561301148783,32.57648555391997,31.379561301148783,32.57648555391997,False,False,True,True,0.7821503908818624,0.6981234394393416,0.6981234394393416,False,both,min,none,none,0,moving_average,4,2.0,peak,15,-1,-1,15,False,0.6492676800944395,False,False,False,False,False,False,False,,,21.264367816091955
frame_000186.jpg,32.61603922955864,32.70646106822211,186,True,0.5196069141524592,0.0,0.0,0.9200380539556816,False,False,False,False,True,0.5647667636337668,0.12,0.18,False,False,True,True,True,32.61603922955864,32.70646106822211,32.61603922955864,32.70646106822211,False,False,True,True,0.9416282543684852,0.720262800121449,0.720262800121449,False,both,min,none,none,0,moving_average,4,2.0,peak,15,-1,-1,15,False,0.7274234822567455,False,False,False,False,False,False,False,,,21.379310344827587
frame_000187.jpg,32.29316096681089,32.96255314342948,187,True,0.37420004400829543,0.0,0.0,0.6625744787116266,False,False,False,False,False,0.5647667636337668,0.12,0.18,False,False,True,True,True,32.29316096681089,32.96255314342948,32.29316096681089,32.96255314342948,False,False,False,False,0.8999842150159156,0.7638842072094459,0.7638842072094459,False,both,min,none,none,0,moving_average,4,2.0,peak,15,-1,-1,15,False,0.7381741995667721,False,False,False,False,False,False,False,,,21.49425287356322
frame_000188.jpg,32.83431838017015,32.76583113144836,188,True,0.28933795730328726,0.07134418097561686,0.021617769846576713,0.5945348414634738,False,False,False,False,False,0.5647667636337668,0.12,0.18,False,False,True,True,True,32.83431838017015,32.76583113144836,32.83431838017015,32.76583113144836,False,False,False,False,0.9697813590728827,0.7303755913694217,0.7303755913694217,False,both,min,none,none,0,moving_average,4,2.0,peak,15,-1,-1,15,False,0.750979250374952,True,False,False,False,False,False,False,11,,21.60919540229885
frame_000189.jpg,32.446528162841346,32.931988321021684,189,True,0.3185967574322343,0.02494450875956884,0.011719105362583132,0.5641209397351048,False,False,False,False,False,0.5647667636337668,0.12,0.18,False,False,True,True,True,32.446528162841346,32.931988321021684,32.446528162841346,32.931988321021684,False,False,False,False,0.9197651364459699,0.7586779525459886,0.7586779525459886,False,both,min,none,none,0,moving_average,4,2.0,peak,15,-1,-1,15,False,0.7403362785154761,False,False,False,False,False,False,False,,,21.724137931034484
frame_000190.jpg,32.06042971951143,32.77510521830626,190,True,0.17304591737378014,0.050061533564103804,0.026651716833584065,0.41717944636753174,False,False,False,False,False,0.5647667636337668,0.12,0.18,False,False,True,True,True,32.06042971951143,32.77510521830626,32.06042971951143,32.77510521830626,False,False,False,False,0.8699671146430643,0.7319552916310182,0.7319552916310182,False,both,min,none,none,0,moving_average,4,2.0,peak,15,-1,-1,15,False,0.7215616226964021,False,False,False,False,False,False,False,,,21.839080459770116
frame_000191.jpg,32.50737613622523,32.43516500504545,191,True,0.16706711816155587,0.07818435222414001,0.008657351756929166,0.6515362685345001,False,False,False,False,False,0.5647667636337668,0.12,0.18,False,False,True,True,True,32.50737613622523,32.43516500504545,32.50737613622523,32.43516500504545,False,False,False,False,0.9276131574820046,0.6740516239121995,0.6740516239121995,False,both,min,none,none,0,moving_average,4,2.0,peak,15,-1,-1,15,False,0.6835684505886875,False,False,False,False,False,False,False,,,21.95402298850575
frame_000192.jpg,32.09831167937069,32.262838634780636,192,True,0.028918905471019673,0.008641763258904533,0.005941127164779856,0.07201469382420445,False,False,False,False,False,0.5647667636337668,0.12,0.18,False,False,True,True,True,32.09831167937069,32.262838634780636,32.09831167937069,32.262838634780636,False,False,False,False,0.874853036085115,0.6446984362228448,0.6446984362228448,False,both,min,none,none,0,moving_average,4,2.0,peak,15,-1,-1,15,False,0.6443115853116199,False,False,False,False,False,False,False,,,22.06896551724138
frame_000193.jpg,32.31865088335933,32.08369890433799,193,True,0.011775758134170828,0.058489278265365735,0.013949442678361172,0.48741065221138113,False,False,False,False,False,0.5647667636337668,0.12,0.18,False,False,True,True,True,32.31865088335933,32.08369890433799,32.31865088335933,32.08369890433799,False,False,False,False,0.9032718413764008,0.6141846957998157,0.6141846957998157,False,both,min,none,none,0,moving_average,4,2.0,peak,15,-1,-1,15,False,0.6215386151342376,False,False,False,False,False,False,False,,,22.183908045977013
frame_000194.jpg,32.32318126673403,32.03407909924718,194,True,0.014237709025009364,0.0029339874972563462,0.002010425053890194,0.02520989183818555,False,False,False,False,False,0.5647667636337668,0.12,0.18,False,False,True,True,True,32.32318126673403,32.03407909924718,32.32318126673403,32.03407909924718,False,False,False,False,0.9038561590134342,0.6057327133800523,0.6057327133800523,False,both,min,none,none,0,moving_average,4,2.0,peak,15,-1,-1,15,False,0.5873828496913851,False,False,False,False,False,False,False,,,22.298850574712645
frame_000195.jpg,32.32338505899932,31.66127476260354,195,True,0.017009244985899744,0.00862836680978646,0.0007499423550021909,0.0719030567482205,False,False,False,False,True,0.5647667636337668,0.12,0.18,False,False,True,True,True,32.32338505899932,31.66127476260354,32.32338505899932,31.66127476260354,False,False,True,True,0.9038824436355182,0.5422311398942874,0.5422311398942874,False,both,min,none,none,0,moving_average,4,2.0,peak,15,-1,-1,15,False,0.5832049244592601,False,False,False,False,False,False,False,,,22.413793103448278
frame_000196.jpg,31.74842632606495,32.01011575233665,196,True,0.08415610679698622,0.1779099275287689,0.019958932515939137,1.4825827294064076,False,True,False,True,True,0.5647667636337668,0.12,0.18,False,False,True,True,True,31.74842632606495,32.01011575233665,31.74842632606495,32.01011575233665,False,False,True,True,0.8297256890226242,0.6016509201034405,0.6016509201034405,False,both,min,none,none,0,moving_average,4,2.0,peak,15,-1,-1,15,False,0.562956275802869,False,False,False,False,False,False,False,,,22.52873563218391
frame_000197.jpg,,,197,False,,,,0.0,False,False,False,False,True,0.5647667636337668,0.12,0.18,True,True,False,False,False,,,31.80837718198807,31.677452470209325,True,True,False,False,0.8374580020685263,0.5449867674108791,0.5449867674108791,False,missing,min,none,none,0,moving_average,4,2.0,peak,15,-1,-1,15,False,0.544986767410879,False,False,False,False,False,False,False,,,22.643678160919542
frame_000198.jpg,31.868328037911187,31.344789188081997,198,True,,,,0.0,False,False,False,False,False,0.5647667636337668,0.12,0.18,False,False,True,True,True,31.868328037911187,31.344789188081997,31.868328037911187,31.344789188081997,False,False,False,False,0.8451903151144279,0.4883226147183177,0.4883226147183177,False,both,min,none,none,0,moving_average,4,2.0,peak,15,-1,-1,15,False,0.5408642676299954,False,False,False,False,False,False,False,,,22.758620689655174
frame_000199.jpg,31.83466218710393,31.937508773717276,199,True,0.1916078359893785,0.0,0.0,0.33926896610656443,False,False,False,False,False,0.5647667636337668,0.12,0.18,False,False,True,True,True,31.83466218710393,31.937508773717276,31.83466218710393,31.937508773717276,False,False,False,False,0.8408481769849545,0.5892834207607894,0.5892834207607894,False,both,min,none,none,0,moving_average,4,2.0,peak,15,-1,-1,15,False,0.5556298187466322,False,False,False,False,False,False,False,,,22.873563218390807
frame_000200.jpg,31.83466218710393,31.937508773717276,200,True,0.0,0.0,0.0,0.0,False,False,False,False,False,0.5647667636337668,0.12,0.18,False,False,True,True,True,31.83466218710393,31.937508773717276,31.83466218710393,31.937508773717276,False,False,False,False,0.8408481769849545,0.5892834207607894,0.5892834207607894,False,both,min,none,none,0,moving_average,4,2.0,peak,15,-1,-1,15,False,0.5952000341168562,False,False,False,False,False,False,False,,,22.98850574712644
frame_000201.jpg,32.10789414157356,32.041714338854014,201,True,0.08572403590363006,0.0,0.0,0.15178661603964247,False,False,False,False,False,0.5647667636337668,0.12,0.18,False,False,True,True,True,32.10789414157356,32.041714338854014,32.10789414157356,32.041714338854014,False,False,False,False,0.8760889583478121,0.60703326082899,0.60703326082899,False,both,min,none,none,0,moving_average,4,2.0,peak,15,-1,-1,15,False,0.6217870359871538,False,False,False,False,False,False,False,,,23.10344827586207
frame_000202.jpg,32.500050487248366,32.40576880499767,202,True,0.11213218156442675,0.0,0.0,0.19854599949004947,False,False,False,False,False,0.5647667636337668,0.12,0.18,False,False,True,True,True,32.500050487248366,32.40576880499767,32.500050487248366,32.40576880499767,False,False,False,False,0.9266683134046129,0.6690444263716823,0.6690444263716823,False,both,min,none,none,0,moving_average,4,2.0,peak,15,-1,-1,15,False,0.648254701506374,False,False,False,False,False,False,False,,,23.218390804597703
frame_000203.jpg,32.55526903793104,32.40366700939992,203,True,0.12194521812549951,0.0,0.0,0.2159213784835559,False,False,False,False,False,0.5647667636337668,0.12,0.18,False,False,True,True,True,32.55526903793104,32.40366700939992,32.55526903793104,32.40366700939992,False,False,False,False,0.9337902654309023,0.6686864173184498,0.6686864173184498,False,both,min,none,none,0,moving_average,4,2.0,peak,15,-1,-1,15,False,0.6532261521117365,True,False,False,False,False,False,False,12,,23.333333333333336
frame_000204.jpg,32.67330908170885,32.12927335086043,204,True,0.108769401124088,0.0,0.0,0.1925917177283143,False,False,False,False,False,0.5647667636337668,0.12,0.18,False,False,True,True,True,32.67330908170885,32.12927335086043,32.67330908170885,32.12927335086043,False,False,False,False,0.949014778182021,0.6219476126450776,0.6219476126450776,False,both,min,none,none,0,moving_average,4,2.0,peak,15,-1,-1,15,False,0.6292547008715221,False,False,False,False,False,False,False,,,23.448275862068968
frame_000205.jpg,32.55006479454708,31.983574811017498,205,True,0.008066802247769714,0.0,0.0,0.014283422409397976,False,False,False,False,False,0.5647667636337668,0.12,0.18,False,False,True,True,True,32.55006479454708,31.983574811017498,32.55006479454708,31.983574811017498,False,False,False,False,0.9331190349973714,0.5971300726510389,0.5971300726510389,False,both,min,none,none,0,moving_average,4,2.0,peak,15,-1,-1,15,False,0.6073479931572672,False,False,False,False,False,False,False,,,23.5632183908046
frame_000206.jpg,32.575471237785045,32.01783803591993,206,True,0.03091250003278234,0.0,0.0,0.05473498446312274,False,False,False,False,False,0.5647667636337668,0.12,0.18,False,False,True,True,True,32.575471237785045,32.01783803591993,32.575471237785045,32.01783803591993,False,False,False,False,0.9363958951768289,0.602966294175685,0.602966294175685,False,both,min,none,none,0,moving_average,4,2.0,peak,15,-1,-1,15,False,0.598092417341279,False,False,False,False,False,False,False,,,23.678160919540232
frame_000207.jpg,32.572087162715995,31.96626075386827,207,True,0.008929706937852475,0.0,0.0,0.01581131807473555,False,False,False,False,False,0.5647667636337668,0.12,0.18,False,False,True,True,True,32.572087162715995,31.96626075386827,32.572087162715995,31.96626075386827,False,False,False,False,0.9359594255484672,0.5941808851971133,0.5941808851971133,False,both,min,none,none,0,moving_average,4,2.0,peak,15,-1,-1,15,False,0.5988834710713365,False,False,False,False,False,False,False,,,23.793103448275865
frame_000208.jpg,32.51267947502251,31.997507139536083,208,True,0.003389229683202825,0.0,0.0,0.006001113913637865,False,False,False,False,False,0.5647667636337668,0.12,0.18,False,False,True,True,True,32.51267947502251,31.997507139536083,32.51267947502251,31.997507139536083,False,False,False,False,0.9282971689967293,0.5995032338412115,0.5995032338412115,False,both,min,none,none,0,moving_average,4,2.0,peak,15,-1,-1,15,False,0.6032092179063834,False,False,False,False,False,False,False,,,23.908045977011497
frame_000209.jpg,32.51634381165108,32.09402467622528,209,True,0.01762977946974913,0.0,0.0,0.03121603572476067,False,False,False,False,False,0.5647667636337668,0.12,0.18,False,False,True,True,True,32.51634381165108,32.09402467622528,32.51634381165108,32.09402467622528,False,False,False,False,0.9287697860675187,0.6159435346808255,0.6159435346808255,False,both,min,none,none,0,moving_average,4,2.0,peak,15,-1,-1,15,False,0.6179960687681704,False,False,False,False,False,False,False,,,24.02298850574713
frame_000210.jpg,32.79733647671057,32.22669219630234,210,True,0.21319527854457376,0.02084086542902423,0.0043517060931726505,0.37749260805089463,False,False,False,False,False,0.5647667636337668,0.12,0.18,False,False,True,True,True,32.79733647671057,32.22669219630234,32.79733647671057,32.22669219630234,False,False,False,False,0.9650115246780321,0.6385414377824742,0.6385414377824742,False,both,min,none,none,0,moving_average,4,2.0,peak,15,-1,-1,15,False,0.6197838421377992,False,False,False,False,False,False,False,,,24.13793103448276
frame_000211.jpg,32.355995908132876,32.0289940600271,211,True,0.3568438561863068,0.007763938695395535,0.005200351265468911,0.6318428759694306,False,False,False,False,True,0.5647667636337668,0.12,0.18,False,False,True,True,True,32.355995908132876,32.0289940600271,32.355995908132876,32.0289940600271,False,False,True,True,0.908088510259766,0.604866553950098,0.604866553950098,False,both,min,none,none,0,moving_average,4,2.0,peak,15,-1,-1,15,False,0.5879933458385755,False,False,False,False,False,False,False,,,24.252873563218394
frame_000212.jpg,32.82376987488634,31.534118791984746,212,True,0.30342715106693896,0.12034771578526314,0.006063321129679675,1.0028976315438596,False,True,False,True,True,0.5647667636337668,0.12,0.18,False,False,True,True,True,32.82376987488634,31.534118791984746,32.82376987488634,31.534118791984746,False,False,True,True,0.9684208389641221,0.5205720457831543,0.5205720457831543,False,both,min,none,none,0,moving_average,4,2.0,peak,15,-1,-1,15,False,0.5931968961975923,False,False,False,False,False,False,False,,,24.367816091954026
frame_000213.jpg,32.78216480640404,32.318339034323756,213,True,0.1744958298554437,0.0670388122831979,0.005769944963009742,0.5586567690266492,False,False,False,False,True,0.5647667636337668,0.12,0.18,False,False,True,True,True,32.78216480640404,32.318339034323756,32.78216480640404,32.318339034323756,False,False,True,True,0.9630547201848696,0.6541520888595246,0.6541520888595246,False,both,min,none,none,0,moving_average,4,2.0,peak,15,-1,-1,15,False,0.6014038291709338,False,False,False,False,False,False,False,,,24.48275862068966
frame_000214.jpg,32.11536587620469,32.17353757454448,214,True,0.06251266980411985,0.04569878604178415,0.02520139542218212,0.38082321701486793,False,False,False,False,False,0.5647667636337668,0.12,0.18,False,False,True,True,True,32.11536587620469,32.17353757454448,32.11536587620469,32.17353757454448,False,False,False,False,0.8770526441913954,0.6294873528701225,0.6294873528701225,False,both,min,none,none,0,moving_average,4,2.0,peak,15,-1,-1,15,False,0.6377089315332565,False,False,False,False,False,False,False,,,24.59770114942529
frame_000215.jpg,32.11536587620469,32.17353757454448,215,True,0.0,0.0,0.0,0.0,False,False,False,False,False,0.5647667636337668,0.12,0.18,False,False,True,True,True,32.11536587620469,32.17353757454448,32.11536587620469,32.17353757454448,False,False,False,False,0.8770526441913954,0.6294873528701225,0.6294873528701225,False,both,min,none,none,0,moving_average,4,2.0,peak,15,-1,-1,15,False,0.6480046469495231,False,False,False,False,False,False,False,,,24.712643678160923
frame_000216.jpg,32.64326391871865,32.49967095156641,216,True,0.2363158494012102,0.06830547617989538,0.006580340690421476,0.5692123014991282,False,False,False,False,False,0.5647667636337668,0.12,0.18,False,False,True,True,True,32.64326391871865,32.49967095156641,32.64326391871865,32.49967095156641,False,False,False,False,0.9451396274076386,0.6850392351083244,0.6850392351083244,False,both,min,none,none,0,moving_average,4,2.0,peak,15,-1,-1,15,False,0.649980977491772,False,False,False,False,False,False,False,,,24.827586206896555
frame_000217.jpg,32.519632367388034,32.20834543313826,217,True,0.25294743498363276,0.06146539255056431,0.02596531721402298,0.5122116045880359,False,False,False,False,False,0.5647667636337668,0.12,0.18,False,False,True,True,True,32.519632367388034,32.20834543313826,32.519632367388034,32.20834543313826,False,False,False,False,0.9291939358487931,0.6354163444968692,0.6354163444968692,False,both,min,none,none,0,moving_average,4,2.0,peak,15,-1,-1,15,False,0.6608675458365443,False,False,False,False,False,False,False,,,24.942528735632187
frame_000218.jpg,32.40457404672719,32.36527581033835,218,True,0.179847281272121,0.010193808004377568,0.01803382865928214,0.3184452288143964,False,False,False,False,False,0.5647667636337668,0.12,0.18,False,False,True,True,True,32.40457404672719,32.36527581033835,32.40457404672719,32.36527581033835,False,False,False,False,0.9143539983668942,0.6621470579044393,0.6621470579044393,False,both,min,none,none,0,moving_average,4,2.0,peak,15,-1,-1,15,False,0.6350460426377297,False,False,False,False,False,False,False,,,25.05747126436782
frame_000219.jpg,30.026025754909455,33.6311406482636,219,True,0.06913717471583757,0.11896999007069874,0.00840835744297195,0.9914165839224895,False,False,False,False,False,0.5647667636337668,0.12,0.18,False,False,True,True,True,30.026025754909455,33.6311406482636,30.026025754909455,33.6311406482636,False,False,False,False,0.6075747255118807,0.8777679644428599,0.6075747255118807,False,both,min,none,none,0,moving_average,4,2.0,peak,15,-1,-1,15,False,0.6378486073329328,False,False,False,False,False,False,False,,,25.172413793103452
frame_000220.jpg,30.307077146945268,34.34873913332628,220,True,0.11697311066535669,0.0,0.0,0.2071175540018322,False,False,False,False,False,0.5647667636337668,0.12,0.18,False,False,True,True,True,30.307077146945268,34.34873913332628,30.307077146945268,34.34873913332628,False,False,False,False,0.6438240385824784,1.0,0.6438240385824784,False,both,min,none,none,0,moving_average,4,2.0,peak,15,-1,-1,15,False,0.6600558596119912,False,False,False,False,False,False,False,,,25.287356321839084
frame_000221.jpg,31.99222799330499,32.7563980849586,221,True,0.19122119730937304,0.03896352571852771,0.022512271231979387,0.3385843672510691,False,False,False,False,True,0.5647667636337668,0.12,0.18,False,False,True,True,True,31.99222799330499,32.7563980849586,31.99222799330499,32.7563980849586,False,False,True,True,0.8611706247651651,0.7287688147416144,0.7287688147416144,False,both,min,none,none,0,moving_average,4,2.0,peak,15,-1,-1,15,False,0.6983719977081475,False,False,False,False,False,False,False,,,25.402298850574716
frame_000222.jpg,31.878577888344168,32.71973104545773,222,True,0.623919724896161,0.04308734579357893,0.052937250836628286,1.104738743621877,True,False,False,True,True,0.5647667636337668,0.12,0.18,False,False,True,True,True,31.878577888344168,32.71973104545773,31.878577888344168,32.71973104545773,False,False,True,True,0.8465123154595626,0.7225231398003499,0.7225231398003499,False,both,min,none,none,0,moving_average,4,2.0,peak,15,-1,-1,15,False,0.724605031447438,True,False,False,False,False,False,False,13,,25.517241379310345
frame_000223.jpg,31.878577888344168,32.71973104545773,223,True,0.0,0.0,0.0,0.0,False,False,False,False,True,0.5647667636337668,0.12,0.18,False,False,True,True,True,31.878577888344168,32.71973104545773,31.878577888344168,32.71973104545773,False,False,True,True,0.8465123154595626,0.7225231398003499,0.7225231398003499,False,both,min,none,none,0,moving_average,4,2.0,peak,15,-1,-1,15,False,0.669233093101897,False,False,False,False,False,False,False,,,25.632183908045977
frame_000224.jpg,31.964204995646533,31.781167191748867,224,True,0.49570360587175955,0.02180311211351064,0.054428560192219755,0.8777138418740369,False,False,False,False,False,0.5647667636337668,0.12,0.18,False,False,True,True,True,31.964204995646533,31.781167191748867,31.964204995646533,31.781167191748867,False,False,False,False,0.8575562878713325,0.5626529997049913,0.5626529997049913,False,both,min,none,none,0,moving_average,4,2.0,peak,15,-1,-1,15,False,0.45794145943089987,False,False,False,False,False,False,False,,,25.74712643678161
frame_000225.jpg,31.429889871256393,28.998385273763194,225,True,0.40838391189206297,0.017679292038459225,0.02400358058757086,0.7231018859262882,False,False,False,False,False,0.5647667636337668,0.12,0.18,False,False,True,True,True,31.429889871256393,28.998385273763194,31.429889871256393,28.998385273763194,False,False,False,False,0.7886416453140547,0.08864823878735853,0.08864823878735853,False,both,min,none,none,0,moving_average,4,2.0,peak,15,-1,-1,15,False,0.21710041283078324,False,False,False,False,False,False,False,,,25.862068965517242
frame_000226.jpg,32.07414642394228,28.477950172054154,226,True,0.1842093901061274,0.0,0.0,0.32616896384076405,False,False,False,False,False,0.5647667636337668,0.12,0.18,False,False,True,True,True,32.07414642394228,28.477950172054154,32.07414642394228,28.477950172054154,False,False,False,False,0.8717362612379594,0.0,0.0,False,both,min,none,none,0,moving_average,4,2.0,peak,15,-1,-1,15,False,0.032649042649393556,False,False,False,False,False,False,False,,,25.977011494252874
frame_000227.jpg,,,227,False,,,,0.0,False,False,False,False,False,0.5647667636337668,0.12,0.18,True,True,False,False,False,,,31.535763075852078,28.5325419878916,True,True,False,False,0.802296909254848,0.009298889160822136,0.009298889160822136,False,missing,min,none,none,0,moving_average,4,2.0,peak,15,-1,-1,15,False,0.009298889160822136,False,False,False,False,False,False,False,,,26.091954022988507
frame_000228.jpg,30.997379727761874,28.58713380372905,228,True,,,,0.0,False,False,False,False,False,0.5647667636337668,0.12,0.18,False,False,True,True,True,30.997379727761874,28.58713380372905,30.997379727761874,28.58713380372905,False,False,False,False,0.7328575572717365,0.018597778321644273,0.018597778321644273,False,both,min,none,none,0,moving_average,4,2.0,peak,15,-1,-1,15,False,0.036762229960416885,False,False,False,False,False,False,False,,,26.20689655172414
frame_000229.jpg,31.354846769163505,28.9616446060719,229,True,0.22498157226552495,0.0,0.0,0.39836191991534814,False,False,False,False,False,0.5647667636337668,0.12,0.18,False,False,True,True,True,31.354846769163505,28.9616446060719,31.354846769163505,28.9616446060719,False,False,False,False,0.778962771703611,0.08239002239878425,0.08239002239878425,False,both,min,none,none,0,moving_average,4,2.0,peak,15,-1,-1,15,False,0.12709626257729978,False,False,False,False,False,False,False,,,26.32183908045977
frame_000230.jpg,32.16540154310144,30.12353811243478,230,True,0.24795339433354704,0.06491776292466583,0.021906374962429614,0.5409813577055487,False,False,False,False,False,0.5647667636337668,0.12,0.18,False,False,True,True,True,32.16540154310144,30.12353811243478,32.16540154310144,30.12353811243478,False,False,False,False,0.8835061206922526,0.2803009870114709,0.2803009870114709,False,both,min,none,none,0,moving_average,4,2.0,peak,15,-1,-1,15,False,0.23690898404696598,False,False,False,False,False,False,False,,,26.436781609195403
frame_000231.jpg,32.348859634265146,30.52119574276315,231,True,0.12626116994348885,0.005676255519419852,0.021751101929463123,0.22356338593849193,False,False,False,False,False,0.5647667636337668,0.12,0.18,False,False,True,True,True,32.348859634265146,30.52119574276315,32.348859634265146,30.52119574276315,False,False,False,False,0.9071680913153337,0.34803594273064287,0.34803594273064287,False,both,min,none,none,0,moving_average,4,2.0,peak,15,-1,-1,15,False,0.3372060070718924,False,False,False,False,False,False,False,,,26.551724137931036
frame_000232.jpg,31.154625356963603,30.728112572941484,232,True,0.027781073966377533,0.06856617064029973,0.02516284234148142,0.5713847553358311,False,False,False,False,False,0.5647667636337668,0.12,0.18,False,False,True,True,True,31.154625356963603,30.728112572941484,31.154625356963603,30.728112572941484,False,False,False,False,0.7531387094148657,0.3832810914735635,0.3832810914735635,False,both,min,none,none,0,moving_average,4,2.0,peak,15,-1,-1,15,False,0.3891490316618803,False,False,False,False,False,False,False,,,26.666666666666668
frame_000233.jpg,31.42053218752473,31.038377718568743,233,True,0.12023825303728276,0.0020278478037857946,0.02500756930851493,0.21289895365594394,False,False,False,False,False,0.5647667636337668,0.12,0.18,False,False,True,True,True,31.42053218752473,31.038377718568743,31.42053218752473,31.038377718568743,False,False,False,False,0.7874347144223499,0.43613006078143457,0.43613006078143457,False,both,min,none,none,0,moving_average,4,2.0,peak,15,-1,-1,15,False,0.46729109375655037,False,False,False,False,False,False,False,,,26.7816091954023
frame_000234.jpg,32.697200039527395,31.897462409432443,234,True,0.20729218890745524,0.04598904478947026,0.022514753176308567,0.3832420399122522,False,False,False,False,False,0.5647667636337668,0.12,0.18,False,False,True,True,True,32.697200039527395,31.897462409432443,32.697200039527395,31.897462409432443,False,False,False,False,0.9520961748022181,0.5824621290146531,0.5824621290146531,False,both,min,none,none,0,moving_average,4,2.0,peak,15,-1,-1,15,False,0.5548277918468594,False,False,False,False,False,False,False,,,26.896551724137932
frame_000235.jpg,,,235,False,,,,0.0,False,False,False,False,False,0.5647667636337668,0.12,0.18,True,True,False,False,False,,,32.53859691678044,32.269841015505875,True,True,False,False,0.9316399365008041,0.6458911857444904,0.6458911857444904,False,missing,min,none,none,0,moving_average,4,2.0,peak,15,-1,-1,15,False,0.6458911857444904,False,False,False,False,False,False,False,,,27.011494252873565
frame_000236.jpg,32.37999379403349,32.64221962157931,236,True,,,,0.0,False,False,False,False,True,0.5647667636337668,0.12,0.18,False,False,True,True,True,32.37999379403349,32.64221962157931,32.37999379403349,32.64221962157931,False,False,True,True,0.91118369819939,0.7093202424743278,0.7093202424743278,False,both,min,none,none,0,moving_average,4,2.0,peak,15,-1,-1,15,False,0.6908928307360677,False,False,False,False,False,False,False,,,27.126436781609197
frame_000237.jpg,32.64216290297063,32.69004789139936,237,True,1.0047687720837377,0.1338791278884819,0.025569328332909307,1.779086229541826,True,True,False,True,True,0.5647667636337668,0.12,0.18,False,False,True,True,True,32.64216290297063,32.69004789139936,32.64216290297063,32.69004789139936,False,False,True,True,0.9449976211209714,0.7174670639893849,0.7174670639893849,False,both,min,none,none,0,moving_average,4,2.0,peak,15,-1,-1,15,False,0.7148121860594684,False,False,False,False,False,False,False,,,27.24137931034483
frame_000238.jpg,,,238,False,,,,0.0,False,False,False,False,True,0.5647667636337668,0.12,0.18,True,True,False,False,False,,,31.999788484210153,32.691117477085974,True,True,False,False,0.8621457581733417,0.7176492517146925,0.7176492517146925,False,missing,min,none,none,0,moving_average,4,2.0,peak,15,-1,-1,15,False,0.7176492517146928,True,False,False,False,False,False,False,14,,27.35632183908046
frame_000239.jpg,,,239,False,,,,0.0,False,False,False,False,False,0.5647667636337668,0.12,0.18,True,True,False,False,False,,,31.357414065449674,32.6921870627726,True,True,False,False,0.7792938952257121,0.7178314394400013,0.7178314394400013,False,missing,min,none,none,0,moving_average,4,2.0,peak,15,-1,-1,15,False,0.7106409078109256,False,False,False,False,False,False,False,,,27.471264367816094
frame_000240.jpg,,,240,False,,,,0.0,False,False,False,False,False,0.5647667636337668,0.12,0.18,True,True,False,False,False,,,30.7150396466892,32.69325664845921,True,True,False,False,0.696442032278083,0.7180136271653088,0.696442032278083,False,missing,min,none,none,0,moving_average,4,2.0,peak,15,-1,-1,15,False,0.6759545470161792,False,False,False,False,False,False,False,,,27.586206896551726
frame_000241.jpg,,,241,False,,,,0.0,False,False,False,False,False,0.5647667636337668,0.12,0.18,True,True,False,False,False,,,30.07266522792872,32.694326234145834,True,True,False,False,0.6135901693304533,0.7181958148906177,0.6135901693304533,False,missing,min,none,none,0,moving_average,4,2.0,peak,15,-1,-1,15,False,0.6135901693304533,False,False,False,False,False,False,False,,,27.70114942528736
frame_000242.jpg,29.43029080916824,32.69539581983245,242,True,,,,0.0,False,False,False,False,False,0.5647667636337668,0.12,0.18,False,False,True,True,True,29.43029080916824,32.69539581983245,29.43029080916824,32.69539581983245,False,False,False,False,0.5307383063828237,0.7183780026159252,0.5307383063828237,False,both,min,none,none,0,moving_average,4,2.0,peak,15,-1,-1,15,False,0.556560341159569,False,False,False,False,False,False,False,,,27.81609195402299
frame_000243.jpg,,,243,False,,,,0.0,False,False,False,False,False,0.5647667636337668,0.12,0.18,True,True,False,False,False,,,29.388533467349394,32.65191841085009,True,True,False,False,0.5253525477654301,0.7109722843608202,0.5253525477654301,False,missing,min,none,none,0,moving_average,4,2.0,peak,15,-1,-1,15,False,0.5253525477654302,False,False,False,False,False,False,False,,,27.931034482758623
frame_000244.jpg,,,244,False,,,,0.0,False,False,False,False,False,0.5647667636337668,0.12,0.18,True,True,False,False,False,,,29.34677612553055,32.608441001867725,True,True,False,False,0.5199667891480368,0.7035665661057152,0.5199667891480368,False,missing,min,none,none,0,moving_average,4,2.0,peak,15,-1,-1,15,False,0.5199667891480367,False,False,False,False,False,False,False,,,28.045977011494255
frame_000245.jpg,,,245,False,,,,0.0,False,False,False,False,False,0.5647667636337668,0.12,0.18,True,True,False,False,False,,,29.305018783711702,32.56496359288536,True,True,False,False,0.5145810305306433,0.6961608478506102,0.5145810305306433,False,missing,min,none,none,0,moving_average,4,2.0,peak,15,-1,-1,15,False,0.5145810305306434,False,False,False,False,False,False,False,,,28.160919540229887
frame_000246.jpg,,,246,False,,,,0.0,False,False,False,False,False,0.5647667636337668,0.12,0.18,True,True,False,False,False,,,29.26326144189286,32.521486183903,True,True,False,False,0.5091952719132501,0.6887551295955052,0.5091952719132501,False,missing,min,none,none,0,moving_average,4,2.0,peak,15,-1,-1,15,False,0.50919527191325,False,False,False,False,False,False,False,,,28.27586206896552
frame_000247.jpg,,,247,False,,,,0.0,False,False,False,False,False,0.5647667636337668,0.12,0.18,True,True,False,False,False,,,29.22150410007401,32.47800877492064,True,True,False,False,0.5038095132958564,0.6813494113404002,0.5038095132958564,False,missing,min,none,none,0,moving_average,4,2.0,peak,15,-1,-1,15,False,0.5038095132958564,False,False,False,False,False,False,False,,,28.390804597701152
frame_000248.jpg,,,248,False,,,,0.0,False,False,False,False,False,0.5647667636337668,0.12,0.18,True,True,False,False,False,,,29.179746758255163,32.434531365938284,True,True,False,False,0.49842375467846284,0.6739436930852963,0.49842375467846284,False,missing,min,none,none,0,moving_average,4,2.0,peak,15,-1,-1,15,False,0.49842375467846295,False,False,False,False,False,False,False,,,28.505747126436784
frame_000249.jpg,,,249,False,,,,0.0,False,False,False,False,False,0.5647667636337668,0.12,0.18,True,True,False,False,False,,,29.13798941643632,32.39105395695592,True,True,False,False,0.4930379960610696,0.6665379748301914,0.4930379960610696,False,missing,min,none,none,0,moving_average,4,2.0,peak,15,-1,-1,15,False,0.49303799606106946,False,False,False,False,False,False,False,,,28.620689655172416
frame_000250.jpg,,,250,False,,,,0.0,False,False,False,False,False,0.5647667636337668,0.12,0.18,True,True,False,False,False,,,29.096232074617472,32.34757654797356,True,True,False,False,0.48765223744367603,0.6591322565750863,0.48765223744367603,False,missing,min,none,none,0,moving_average,4,2.0,peak,15,-1,-1,15,False,0.48765223744367614,False,False,False,False,False,False,False,,,28.73563218390805
frame_000251.jpg,,,251,False,,,,0.0,False,False,False,False,False,0.5647667636337668,0.12,0.18,True,True,False,False,False,,,29.054474732798628,32.3040991389912,True,True,False,False,0.4822664788262828,0.6517265383199814,0.4822664788262828,False,missing,min,none,none,0,moving_average,4,2.0,peak,15,-1,-1,15,False,0.48226647882628265,False,False,False,False,False,False,False,,,28.85057471264368
frame_000252.jpg,29.01271739097978,32.260621730008836,252,True,,,,0.0,False,False,False,False,False,0.5647667636337668,0.12,0.18,False,False,True,True,True,29.01271739097978,32.260621730008836,29.01271739097978,32.260621730008836,False,False,False,False,0.4768807202088892,0.6443208200648763,0.4768807202088892,False,both,min,none,none,0,moving_average,4,2.0,peak,15,-1,-1,15,False,0.564128044503202,False,False,False,False,False,False,False,,,28.965517241379313
frame_000253.jpg,31.41786926116661,32.78262947296368,253,True,0.26013172709419075,0.0,0.0,0.4606002758031949,False,False,False,False,False,0.5647667636337668,0.12,0.18,False,False,True,True,True,31.41786926116661,32.78262947296368,31.41786926116661,32.78262947296368,False,False,False,False,0.7870912567702095,0.733236934474434,0.733236934474434,False,both,min,none,none,0,moving_average,4,2.0,peak,15,-1,-1,15,False,0.6501144394010909,False,False,False,False,False,False,False,,,29.080459770114945
frame_000254.jpg,31.87496440556602,32.82365882629741,254,True,0.17447499083970447,0.0,0.0,0.3089328233784769,False,False,False,False,False,0.5647667636337668,0.12,0.18,False,False,True,True,True,31.87496440556602,32.82365882629741,31.87496440556602,32.82365882629741,False,False,False,False,0.8460462573925609,0.7402256635199495,0.7402256635199495,False,both,min,none,none,0,moving_average,4,2.0,peak,15,-1,-1,15,False,0.7340352456604127,True,False,False,False,False,False,False,15,,29.195402298850578
frame_000255.jpg,31.986860371482532,32.75566026912485,255,True,0.18006240531133058,0.0,0.0,0.31882613656793607,False,False,False,False,False,0.5647667636337668,0.12,0.18,False,False,True,True,True,31.986860371482532,32.75566026912485,31.986860371482532,32.75566026912485,False,False,False,False,0.8604783221849236,0.7286431389868544,0.7286431389868544,False,both,min,none,none,0,moving_average,4,2.0,peak,15,-1,-1,15,False,0.7118326480592898,False,False,False,False,False,False,False,,,29.31034482758621
frame_000256.jpg,31.726990623276915,32.39158917823896,256,True,0.35473565570445065,0.0,0.0,0.6281100067256886,False,False,False,False,False,0.5647667636337668,0.12,0.18,False,False,True,True,True,31.726990623276915,32.39158917823896,31.726990623276915,32.39158917823896,False,False,False,False,0.8269609651206242,0.6666291416710655,0.6666291416710655,False,both,min,none,none,0,moving_average,4,2.0,peak,15,-1,-1,15,False,0.6873004741096618,False,False,False,False,False,False,False,,,29.425287356321842
frame_000257.jpg,31.726990623276915,32.39158917823896,257,True,0.0,0.0,0.0,0.0,False,False,False,False,False,0.5647667636337668,0.12,0.18,False,False,True,True,True,31.726990623276915,32.39158917823896,31.726990623276915,32.39158917823896,False,False,False,False,0.8269609651206242,0.6666291416710655,0.6666291416710655,False,both,min,none,none,0,moving_average,4,2.0,peak,15,-1,-1,15,False,0.6621562837764474,False,False,False,False,False,False,False,,,29.540229885057474
frame_000258.jpg,31.50171219540287,32.31281156397977,258,True,0.09747037535041031,0.0,0.0,0.17258518317061722,False,False,False,False,False,0.5647667636337668,0.12,0.18,False,False,True,True,True,31.50171219540287,32.31281156397977,31.50171219540287,32.31281156397977,False,False,False,False,0.7979051109549288,0.6532105679872112,0.6532105679872112,False,both,min,none,none,0,moving_average,4,2.0,peak,15,-1,-1,15,False,0.6572765527672163,False,False,False,False,False,False,False,,,29.655172413793107
frame_000259.jpg,31.218011795673558,32.305645565410046,259,True,0.00879729168041741,0.0,0.0,0.015576858000309264,False,False,False,False,False,0.5647667636337668,0.12,0.18,False,False,True,True,True,31.218011795673558,32.305645565410046,31.218011795673558,32.305645565410046,False,False,False,False,0.7613141354271112,0.6519899486433722,0.6519899486433722,False,both,min,none,none,0,moving_average,4,2.0,peak,15,-1,-1,15,False,0.6445341834056738,False,False,False,False,False,False,False,,,29.77011494252874
frame_000260.jpg,31.075635294971157,32.16716589407437,260,True,0.03141728712808799,0.0,0.0,0.05562878191688542,False,False,False,False,False,0.5647667636337668,0.12,0.18,False,False,True,True,True,31.075635294971157,32.16716589407437,31.075635294971157,32.16716589407437,False,False,False,False,0.7429507666835049,0.6284020335864381,0.6284020335864381,False,both,min,none,none,0,moving_average,4,2.0,peak,15,-1,-1,15,False,,False,False,False,False,False,False,False,,,29.88505747126437
