frame_name,left_temp,right_temp,left_x,left_y,right_x,right_y,left_conf,right_conf,nostril_spacing,roi_radius,left_source,right_source,status,left_temp_r16,left_temp_r17,left_temp_r18,left_temp_r19,left_temp_r20,left_temp_r21,left_temp_r22,left_temp_r23,left_temp_r24,right_temp_r16,right_temp_r17,right_temp_r18,right_temp_r19,right_temp_r20,right_temp_r21,right_temp_r22,right_temp_r23,right_temp_r24
frame_000000.jpg,30.011020783535223,31.143408105313814,409.8052062988281,842.127197265625,291.3298645019531,848.972900390625,0.4583442509174347,0.06813500076532364,118.67295507048769,20,low_conf_inferred,low_conf_inferred,low_conf_inferred_repair,29.92474650598615,29.945818253132504,29.96632281846748,29.989189933473416,30.011020783535223,30.029798134168377,30.052331302723907,30.072191238569758,30.09179229799912,31.213816979947648,31.196165045439095,31.178986800829158,31.16050815629569,31.143408105313814,31.128091481238794,31.1096841943816,31.092964634260376,31.07585230784909
frame_000001.jpg,29.41070484668672,31.636833747080825,400.9273681640625,837.0732421875,281.04986572265625,839.2738037109375,0.9250417351722717,0.00042603377369232476,119.89769832072588,20,detected,opposite_inferred,opposite_inferred_repair,29.32004723589159,29.337733590621863,29.356957879030542,29.379909678342454,29.41070484668672,29.438088057012365,29.476638758421736,29.514251699065756,29.554736448539416,31.80907483151025,31.766294150851078,31.724532587077693,31.682077064002755,31.636833747080825,31.599692598711847,31.554176062401893,31.514740346398106,31.47588951635578
frame_000002.jpg,29.57520535718632,31.46412264638231,405.2090759277344,834.8375244140625,285.3315734863281,837.0380859375,0.967316210269928,0.00014210736844688654,119.89769832072588,20,detected,opposite_inferred,opposite_inferred_repair,29.499968072768745,29.513816809937754,29.529583626214514,29.549746608827423,29.57520535718632,29.600361238576564,29.63559680271447,29.670418432485487,29.707335770127287,31.574394962841215,31.54752432687691,31.520583974792547,31.491647039197396,31.46412264638231,31.44187695872559,31.415019621306797,31.392260403103954,31.37024422353164
frame_000003.jpg,29.752593613678428,31.49805898900813,406.0628662109375,835.6283569335938,286.18536376953125,837.8289184570312,0.9683475494384766,0.0001149561649071984,119.89769832072588,20,detected,opposite_inferred,opposite_inferred_repair,29.673542566177776,29.687689425136742,29.705072415212502,29.726835094013758,29.752593613678428,29.776565128379765,29.808588779835006,29.840724909801814,29.87509003778822,31.597269832788154,31.57463756018259,31.55108278567025,31.524368968854773,31.49805898900813,31.47618472369856,31.45010290010562,31.42709961419088,31.406031691056832
frame_000004.jpg,29.660094638088466,31.73005458482294,402.99322509765625,837.726318359375,283.11572265625,839.9268798828125,0.9665664434432983,0.0001369669771520421,119.89769832072588,20,detected,opposite_inferred,opposite_inferred_repair,29.57628904596718,29.590114704578003,29.607709458225106,29.63133995966621,29.660094638088466,29.68739520271744,29.723980497843232,29.759100102648286,29.796343034919524,31.866622154029553,31.83285553759597,31.800280612984277,31.76670989529165,31.73005458482294,31.699721495771684,31.661000570844944,31.62553321182724,31.590450666941962
frame_000005.jpg,29.68009085749174,31.456834811759826,403.73822021484375,836.1412963867188,283.8607177734375,838.3418579101562,0.9655799269676208,0.00026237513520754874,119.89769832072588,20,detected,opposite_inferred,opposite_inferred_repair,29.606703431640653,29.61719415584721,29.631306290727586,29.652642104693935,29.68009085749174,29.704622104875313,29.73934873071531,29.77196332802104,29.807548801583074,31.544025298708025,31.524352269070203,31.504107049561902,31.480325161691898,31.456834811759826,31.436921478441764,31.413666442422162,31.3910521589349,31.367613079255772
frame_000006.jpg,29.68009085749174,31.456834811759826,403.73822021484375,836.1412963867188,283.8607177734375,838.3418579101562,0.9655799269676208,0.00026237513520754874,119.89769832072588,20,detected,opposite_inferred,opposite_inferred_repair,29.606703431640653,29.61719415584721,29.631306290727586,29.652642104693935,29.68009085749174,29.704622104875313,29.73934873071531,29.77196332802104,29.807548801583074,31.544025298708025,31.524352269070203,31.504107049561902,31.480325161691898,31.456834811759826,31.436921478441764,31.413666442422162,31.3910521589349,31.367613079255772
frame_000007.jpg,29.81999769567359,30.614614770745117,409.34893798828125,836.4517822265625,298.956787109375,841.661865234375,0.010682131163775921,0.08575347810983658,110.51503038328994,20,low_conf_inferred,low_conf_inferred,low_conf_inferred_repair,29.77300579502237,29.777999290592557,29.78678547112227,29.799131899751867,29.81999769567359,29.83878925743157,29.866550189914886,29.894237143946974,29.922732475651898,30.53576930753846,30.556119812803892,30.5751520610072,30.594502732686443,30.614614770745117,30.631239297068184,30.651609190440258,30.669782025805127,30.68700405719972
frame_000008.jpg,29.60114728925269,31.0782613139308,398.23333740234375,836.853271484375,292.3096923828125,847.2432861328125,0.1310291737318039,0.010455712676048279,106.43200166593887,20,low_conf_inferred,low_conf_inferred,low_conf_inferred_repair,29.459750072569094,29.49252993464552,29.526600929376293,29.56256712209224,29.60114728925269,29.633208208673558,29.673793064562716,29.709544668864236,29.745149516897026,31.12446817755976,31.114162655297665,31.103069259994516,31.09098892465756,31.0782613139308,31.066967974905072,31.052473664777082,31.038563244551632,31.02357882468963
frame_000009.jpg,30.345167008840036,30.579378731523942,426.03826904296875,842.4557495117188,306.1607666015625,844.6563110351562,0.06818412989377975,0.7223625183105469,119.89769832072588,20,opposite_inferred,detected,opposite_inferred_repair,30.301265434616095,30.31268192146337,30.323639593270265,30.334613092415935,30.345167008840036,30.353086061305486,30.36010052124638,30.36668778733636,30.371580524148257,30.51505296725991,30.529438747098027,30.54470493803956,30.561529384206473,30.579378731523942,30.59442634723757,30.612503891354773,30.628608234252493,30.64462293914911
frame_000010.jpg,29.925908207726753,30.591023550859003,454.1358947753906,830.1390380859375,334.2583923339844,832.339599609375,0.06307366490364075,0.9999129772186279,119.89769832072588,20,opposite_inferred,detected,opposite_inferred_repair,29.830716954827704,29.856821138817132,29.88026961960282,29.902933227339883,29.925908207726753,29.94344224442967,29.964681210043565,29.98399982638549,30.00306173492928,30.54199070381621,30.555052058401497,30.56763221542573,30.57917847681284,30.591023550859003,30.60108761160487,30.612975084331413,30.622538124091655,30.631366884667898
frame_000011.jpg,31.106441703546082,30.5335497456709,503.33758544921875,817.7706909179688,383.4600830078125,819.9712524414062,0.0035193723160773516,0.9910270571708679,119.89769832072588,20,opposite_inferred,detected,opposite_inferred_repair,31.307243364870146,31.275339642168184,31.233275188670518,31.17505490794811,31.106441703546082,31.035602179434953,30.951895071740715,30.875494169983508,30.80442975175716,30.504178707730663,30.509983675052027,30.515566252325048,30.5238778664404,30.5335497456709,30.544460927264954,30.559764386797774,30.574845613351716,30.590330087004478
frame_000012.jpg,31.298248789234744,31.702935906133902,509.31170654296875,809.042724609375,389.4342041015625,811.2432861328125,0.001162554370239377,0.8701199293136597,119.89769832072588,20,opposite_inferred,detected,opposite_inferred_repair,31.533978928599478,31.470959895507644,31.412152526268653,31.35383477216124,31.298248789234744,31.262131298026034,31.22243006545083,31.19082186449751,31.1634234555256,31.710295094199022,31.70920040176602,31.707406304780584,31.705307936638107,31.702935906133902,31.700859863828892,31.697906052259885,31.694367340819383,31.689872794704865
frame_000013.jpg,30.47338828038788,30.873714486618955,603.4048156738281,812.1597900390625,483.5273132324219,814.3603515625,0.0009115595603361726,0.9203160405158997,119.89769832072588,20,opposite_inferred,detected,opposite_inferred_repair,30.818570368910503,30.72827449541732,30.641816183364067,30.553902772454652,30.47338828038788,30.40896972467366,30.339231500421594,30.2795478776933,30.224303185697178,30.918813506699017,30.907192349596187,30.895487664027847,30.884621552363264,30.873714486618955,30.865507637823928,30.856644657440235,30.850847485668123,30.84749065488499
frame_000014.jpg,,,,,,,,,,20,missing,missing,no_detection,,,,,,,,,,,,,,,,,,
frame_000015.jpg,,,,,,,,,,20,missing,missing,no_detection,,,,,,,,,,,,,,,,,,
frame_000016.jpg,,,,,,,,,,20,missing,missing,no_detection,,,,,,,,,,,,,,,,,,
frame_000017.jpg,,,,,,,,,,20,missing,missing,no_detection,,,,,,,,,,,,,,,,,,
frame_000018.jpg,,,,,,,,,,20,missing,missing,no_detection,,,,,,,,,,,,,,,,,,
frame_000019.jpg,,,,,,,,,,20,missing,missing,no_detection,,,,,,,,,,,,,,,,,,
frame_000020.jpg,,,,,,,,,,20,missing,missing,no_detection,,,,,,,,,,,,,,,,,,
frame_000021.jpg,,,,,,,,,,20,missing,missing,no_detection,,,,,,,,,,,,,,,,,,
frame_000022.jpg,,,,,,,,,,20,missing,missing,no_detection,,,,,,,,,,,,,,,,,,
frame_000023.jpg,,,,,,,,,,20,missing,missing,no_detection,,,,,,,,,,,,,,,,,,
frame_000024.jpg,,,,,,,,,,20,missing,missing,no_detection,,,,,,,,,,,,,,,,,,
frame_000025.jpg,,,,,,,,,,20,missing,missing,no_detection,,,,,,,,,,,,,,,,,,
frame_000026.jpg,,,,,,,,,,20,missing,missing,no_detection,,,,,,,,,,,,,,,,,,
frame_000027.jpg,,,,,,,,,,20,missing,missing,no_detection,,,,,,,,,,,,,,,,,,
frame_000028.jpg,,,,,,,,,,20,missing,missing,no_detection,,,,,,,,,,,,,,,,,,
frame_000029.jpg,,,,,,,,,,20,missing,missing,no_detection,,,,,,,,,,,,,,,,,,
frame_000030.jpg,,,,,,,,,,20,missing,missing,no_detection,,,,,,,,,,,,,,,,,,
frame_000031.jpg,,,,,,,,,,20,missing,missing,no_detection,,,,,,,,,,,,,,,,,,
frame_000032.jpg,,,,,,,,,,20,missing,missing,no_detection,,,,,,,,,,,,,,,,,,
frame_000033.jpg,,,,,,,,,,20,missing,missing,no_detection,,,,,,,,,,,,,,,,,,
frame_000034.jpg,,,,,,,,,,20,missing,missing,no_detection,,,,,,,,,,,,,,,,,,
frame_000035.jpg,,,,,,,,,,20,missing,missing,no_detection,,,,,,,,,,,,,,,,,,
frame_000036.jpg,,,,,,,,,,20,missing,missing,no_detection,,,,,,,,,,,,,,,,,,
frame_000037.jpg,32.333508194208726,31.774450359758422,717.2628173828125,573.8723754882812,525.9754638671875,579.9808349609375,0.11420813947916031,0.366640567779541,191.38486066599097,20,low_conf_inferred,low_conf_inferred,low_conf_inferred_repair,32.338999536657525,32.33787389982053,32.33683401539783,32.33526190199407,32.333508194208726,32.330827790475574,32.32786387334693,32.32520555519385,32.32264609133399,31.78189654776047,31.780937472938295,31.77941082882295,31.777393519470372,31.774450359758422,31.771993742793782,31.767874835159265,31.763337192190892,31.758833809020008
frame_000038.jpg,,,,,,,,,,20,missing,missing,no_detection,,,,,,,,,,,,,,,,,,
frame_000039.jpg,,,,,,,,,,20,missing,missing,no_detection,,,,,,,,,,,,,,,,,,
frame_000040.jpg,,,,,,,,,,20,missing,missing,no_detection,,,,,,,,,,,,,,,,,,
frame_000041.jpg,,,,,,,,,,20,missing,missing,no_detection,,,,,,,,,,,,,,,,,,
frame_000042.jpg,,,,,,,,,,20,missing,missing,no_detection,,,,,,,,,,,,,,,,,,
frame_000043.jpg,32.13705117021556,32.15164947794438,591.5873413085938,732.2990112304688,471.7098388671875,734.4995727539062,0.987413763999939,0.01944415271282196,119.89769832072588,20,detected,opposite_inferred,opposite_inferred_repair,32.183195933627196,32.17072606535493,32.159414719725426,32.148297882939524,32.13705117021556,32.127191233201955,32.11518734604903,32.10396492137616,32.09304448226521,32.20647593342982,32.19300443374728,32.17976627866742,32.16571016834266,32.15164947794438,32.138035124685004,32.12127401830064,32.106064849519434,32.09139297398548
frame_000044.jpg,,,,,,,,,,20,missing,missing,no_detection,,,,,,,,,,,,,,,,,,
frame_000045.jpg,,,,,,,,,,20,missing,missing,no_detection,,,,,,,,,,,,,,,,,,
frame_000046.jpg,,,,,,,,,,20,missing,missing,no_detection,,,,,,,,,,,,,,,,,,
frame_000047.jpg,,,,,,,,,,20,missing,missing,no_detection,,,,,,,,,,,,,,,,,,
frame_000048.jpg,,,,,,,,,,20,missing,missing,no_detection,,,,,,,,,,,,,,,,,,
frame_000049.jpg,,,,,,,,,,20,missing,missing,no_detection,,,,,,,,,,,,,,,,,,
frame_000050.jpg,,,,,,,,,,20,missing,missing,no_detection,,,,,,,,,,,,,,,,,,
frame_000051.jpg,,,,,,,,,,20,missing,missing,no_detection,,,,,,,,,,,,,,,,,,
frame_000052.jpg,,,,,,,,,,20,missing,missing,no_detection,,,,,,,,,,,,,,,,,,
frame_000053.jpg,,,,,,,,,,20,missing,missing,no_detection,,,,,,,,,,,,,,,,,,
frame_000054.jpg,,,,,,,,,,20,missing,missing,no_detection,,,,,,,,,,,,,,,,,,
frame_000055.jpg,,,,,,,,,,20,missing,missing,no_detection,,,,,,,,,,,,,,,,,,
frame_000056.jpg,30.94500875163336,30.72666118037954,720.973388671875,632.447265625,601.0958862304688,634.6478271484375,0.36351123452186584,0.5648102164268494,119.89769832072588,20,opposite_inferred,detected,opposite_inferred_repair,31.24952237317622,31.17585146524646,31.103800813480294,31.02664783135369,30.94500875163336,30.874146667031102,30.788483089931415,30.70876902088949,30.628594178515637,30.738356556041595,30.73701541337085,30.733433653702107,30.73063793068119,30.72666118037954,30.723678272035826,30.72142543531196,30.719864108861632,30.71742449617372
frame_000057.jpg,,,,,,,,,,20,missing,missing,no_detection,,,,,,,,,,,,,,,,,,
frame_000058.jpg,,,,,,,,,,20,missing,missing,no_detection,,,,,,,,,,,,,,,,,,
frame_000059.jpg,30.369654242135894,30.073845109176325,461.06781005859375,793.6707763671875,341.1903076171875,795.871337890625,0.2791772186756134,0.9498823881149292,119.89769832072588,20,opposite_inferred,detected,opposite_inferred_repair,30.403812928704838,30.395551055106793,30.387179707204357,30.378973091270012,30.369654242135894,30.36078396790191,30.34789127268994,30.33359427728154,30.317293010277798,29.991203098776428,30.009883640766237,30.02894462397594,30.051679068588214,30.073845109176325,30.093337758123653,30.117773956292336,30.13896178323442,30.159806837906345
frame_000060.jpg,30.342735037729998,30.463481336404254,424.637939453125,793.064453125,296.7005310058594,794.20556640625,0.9952523708343506,0.9909622073173523,127.94249731704912,20,detected,detected,ok,30.327094360030703,30.333341882643953,30.338187930440288,30.341388450204168,30.342735037729998,30.34219749955319,30.33806381630713,30.33206133956646,30.32271868536827,30.464326745895058,30.463541461264846,30.46315077595351,30.462497577258443,30.463481336404254,30.463706309158013,30.46324802013271,30.46209034967755,30.46060292641358
frame_000061.jpg,29.922491251028777,30.148165555877142,420.2724609375,792.570556640625,298.3993835449219,794.918212890625,0.9913057684898376,0.9442837834358215,121.89568689254556,20,detected,detected,ok,29.93293082607699,29.931608082483656,29.92870357935823,29.924843728278226,29.922491251028777,29.919369593670794,29.916809798951128,29.915413109404206,29.91779869952585,30.088694327572334,30.1027959516321,30.116443036459323,30.131899871664455,30.148165555877142,30.161424874150583,30.177935640626917,30.193675897337975,30.208696067486578
frame_000062.jpg,30.105043909805538,30.134553211852122,422.1182556152344,796.9400024414062,300.5661315917969,800.3794555664062,0.9890871047973633,0.9781538248062134,121.60077587091376,20,detected,detected,ok,30.088669553862996,30.092216329889947,30.096570482704866,30.101215303090722,30.105043909805538,30.108086976788464,30.109914350552728,30.108585499127358,30.10619266854421,30.08377431256115,30.0958431566667,30.10731435623174,30.120095823474287,30.134553211852122,30.148769760201912,30.166543460298527,30.182838458493418,30.198898989395175
frame_000063.jpg,29.345229926007462,29.992203378658612,423.42523193359375,799.9325561523438,304.5447998046875,803.1380004882812,0.9918225407600403,0.9901335835456848,118.923639435338,20,detected,detected,ok,29.31767562170928,29.319439599789657,29.323225537598564,29.33093011024127,29.345229926007462,29.36182127943127,29.386763380791926,29.41182361320253,29.438588166302022,29.92425232890976,29.940455302933003,29.955477754415774,29.972942301705135,29.992203378658612,30.010455882160294,30.032804034623926,30.05363151050686,30.074252290834234
frame_000064.jpg,29.62564477125591,30.16209155896563,428.44537353515625,798.530029296875,304.6446533203125,803.1005249023438,0.9931373596191406,0.9857091903686523,123.88505864628563,20,detected,detected,ok,29.550461799171163,29.571625468481685,29.59141813228867,29.607429551624417,29.62564477125591,29.637864303487017,29.653822922939888,29.668539390589565,29.684222616492228,30.12635813635836,30.13382698532521,30.141934372481753,30.150687567712747,30.16209155896563,30.17249210146804,30.18565957882209,30.198354234856456,30.21156847283048
frame_000065.jpg,29.377922963999573,31.27380962760533,421.51519775390625,800.7254638671875,301.6376953125,802.926025390625,0.8449693322181702,0.17193064093589783,119.89769832072588,20,detected,opposite_inferred,opposite_inferred_repair,29.256865604787205,29.27441479667451,29.29890580342677,29.33418610208556,29.377922963999573,29.42020277490458,29.472838777372374,29.52195857720603,29.571833310348612,31.36426570472677,31.341956236851274,31.320591826088066,31.2975102547973,31.27380962760533,31.251954301521923,31.226390052679708,31.205155447217923,31.18653396318875
frame_000066.jpg,29.499760214861166,31.300970026946697,424.1055603027344,802.1765747070312,304.2280578613281,804.3771362304688,0.9223257303237915,0.051159024238586426,119.89769832072588,20,detected,opposite_inferred,opposite_inferred_repair,29.39732280912826,29.413313817812156,29.43367887971952,29.46506691519331,29.499760214861166,29.53564917365878,29.580111398205208,29.622117693915335,29.66460290047984,31.37346860480517,31.35606471398895,31.33973993754839,31.32032945144238,31.300970026946697,31.28237896383335,31.261399912856156,31.242924719608048,31.225201386699755
frame_000067.jpg,29.85041447661993,31.116405754157825,427.94036865234375,802.4490356445312,308.0628662109375,804.6495971679688,0.7560210227966309,0.15413373708724976,119.89769832072588,20,detected,opposite_inferred,opposite_inferred_repair,29.801154752435266,29.810142105203663,29.821085473176687,29.833557345648625,29.85041447661993,29.866120194895192,29.888650871011617,29.912256045517516,29.93883228565786,31.132424140256962,31.127355284951815,31.12282340659029,31.11908858050557,31.116405754157825,31.113258302658718,31.109837245459545,31.107094507050135,31.104144042320254
frame_000068.jpg,30.105504907120892,31.021357304254476,431.033447265625,802.7197875976562,311.15594482421875,804.9203491210938,0.3008033037185669,0.4342631697654724,119.89769832072588,20,tracked,opposite_inferred,opposite_inferred_repair,30.08381571307465,30.08341325841345,30.08760804174458,30.094859350012474,30.105504907120892,30.117090317163612,30.13698330527936,30.158492064445074,30.183232676562955,31.000081953926987,31.00364493716135,31.007487067470752,31.013320638367684,31.021357304254476,31.026482561707013,31.032435477883407,31.037803680302932,31.043303532336296
frame_000069.jpg,30.43128138832955,30.9170280405599,434.12652587890625,802.9905395507812,314.2490234375,805.1911010742188,0.5011759400367737,0.24879509210586548,119.89769832072588,20,detected,opposite_inferred,opposite_inferred_repair,30.408665090234745,30.412233722911584,30.417002472918284,30.423813255293705,30.43128138832955,30.437390477457292,30.446094712398228,30.456574325724358,30.46848108451818,30.865124835989967,30.87795573450767,30.890023753996296,30.902014875514578,30.9170280405599,30.928755900429934,30.94396671197183,30.95790918960601,30.97108200959528
frame_000070.jpg,30.63690490555378,31.41888081292149,436.0187072753906,804.4261169433594,309.0291442871094,811.0014038085938,0.11894354969263077,0.7644108533859253,125.75034927032064,20,tracked,detected,tracked_repair,30.61979564103094,30.624576775711223,30.62878317181531,30.632565045022282,30.63690490555378,30.638160700698286,30.640071150888943,30.644547648546343,30.651688513167873,31.45819821448885,31.447824462695724,31.438295495804514,31.42836750615284,31.41888081292149,31.41063520890418,31.401415074439537,31.39181225442581,31.381394540093858
frame_000071.jpg,30.80621127815,31.550088169716737,437.910888671875,805.8616943359375,307.63897705078125,811.727783203125,0.5388938188552856,0.8956943154335022,130.40391848411537,20,detected,detected,ok,30.795033961576067,30.798353653771862,30.80251488530433,30.80398758740514,30.80621127815,30.807365439989738,30.811253588126466,30.815684909206393,30.82119207972688,31.60784021240474,31.594339745640184,31.580701767348177,31.56547826534548,31.550088169716737,31.53779265416453,31.523143232555164,31.510501684899275,31.497392213204925
frame_000072.jpg,30.50511904246553,31.307936237344247,436.4111328125,804.1346435546875,308.62908935546875,807.1826171875,0.9970747232437134,0.9884383082389832,127.8183898088258,20,detected,detected,ok,30.494194462091613,30.494352394845063,30.497013702066575,30.499896408200676,30.50511904246553,30.510893968955564,30.518701584954144,30.528579282665735,30.540297727117235,31.319286044917433,31.317811270163922,31.314805072219933,31.311340557104465,31.307936237344247,31.30466491549247,31.29974812170796,31.294981571574326,31.28897028296961
frame_000073.jpg,30.6327565352288,31.09291389288373,439.9416809082031,801.861572265625,314.1164245605469,805.7533569335938,0.9987200498580933,0.9963141083717346,125.88542855650628,20,detected,detected,ok,30.615384477428552,30.618354584995345,30.622051432850167,30.626963082503494,30.6327565352288,30.636949103523833,30.6420388783138,30.6461997801767,30.650800156351657,31.073298577067376,31.079875119161912,31.085115826378125,31.08936064979849,31.09291389288373,31.09383600582249,31.09483756323949,31.09468669091691,31.094577116421252
frame_000074.jpg,30.4432450308731,30.869226280435115,440.3643798828125,801.4093627929688,318.8712463378906,806.0648193359375,0.998601496219635,0.9970613121986389,121.58229630249501,20,detected,detected,ok,30.38863140838776,30.401854527013537,30.41512953098163,30.42857844305781,30.4432450308731,30.45251712159123,30.46363441693463,30.47324138815925,30.4815184049079,30.827119517258943,30.836406127027566,30.845951640690163,30.856744644627057,30.869226280435115,30.879305001451772,30.891531879336952,30.902064026248365,30.911694613029418
frame_000075.jpg,30.370424097735416,30.889166468021518,440.0725402832031,803.4935302734375,318.9713439941406,808.0266723632812,0.9960954785346985,0.998195469379425,121.1860104131197,20,detected,detected,ok,30.295682212050842,30.31449928956442,30.333372183641483,30.350849337030066,30.370424097735416,30.384350602274118,30.402298044658856,30.418252872185164,30.434581351042162,30.856196290123265,30.86371509301851,30.871729069731416,30.880208405878886,30.889166468021518,30.895756762454212,30.904339219314604,30.911753727810478,30.918747011178013
frame_000076.jpg,30.357739879866028,30.93791130548843,439.7266845703125,803.1386108398438,317.3634948730469,807.347900390625,0.995814859867096,0.9965864419937134,122.43556799970885,20,detected,detected,ok,30.27572416634254,30.295861051719424,30.316845723397936,30.336364079136874,30.357739879866028,30.372774981317733,30.390989951407796,30.406632606898576,30.422155898528164,30.908140850098444,30.916381213152626,30.923909585712774,30.931053107229786,30.93791130548843,30.94137447079073,30.945057310872798,30.94805642504857,30.951039767783623
frame_000077.jpg,30.376636134038055,31.206907052820355,440.1669616699219,804.6456909179688,314.1863708496094,809.1764526367188,0.989569365978241,0.9976351261138916,126.06203657401025,20,detected,detected,ok,30.271906057290234,30.298151056283704,30.32389359359027,30.349398417528597,30.376636134038055,30.39771858296248,30.42360064018737,30.446111150644068,30.467913229906383,31.210236958267362,31.209463888235423,31.208468528208016,31.207601987039812,31.206907052820355,31.20591008297832,31.203771352449827,31.200904438913494,31.197793061759064
frame_000078.jpg,30.474327702756785,31.196899590398864,437.6329650878906,805.237548828125,315.7362060546875,809.9986572265625,0.9619168043136597,0.9962074756622314,121.98970454911537,20,detected,detected,ok,30.40575345862821,30.424929952700566,30.441804623058903,30.455918385208825,30.474327702756785,30.487263466419567,30.505407787436226,30.522623179250612,30.54194578765847,31.167078783560466,31.177432967424664,31.185395958007824,31.19097765114265,31.196899590398864,31.200141393848334,31.20380148836764,31.20565045833242,31.206464421300414
frame_000079.jpg,30.70657770361041,31.205451583101144,440.20269775390625,803.8604125976562,315.6430358886719,808.9796142578125,0.9872398972511292,0.9964300990104675,124.66481295706046,20,detected,detected,ok,30.65247976083417,30.667626507377847,30.681599795156014,30.694392151679217,30.70657770361041,30.7152174475035,30.725567739712073,30.733803916306105,30.741070645052638,31.17042506902342,31.181438050997265,31.190969062931902,31.198715073105433,31.205451583101144,31.20873650607891,31.21284832720843,31.21630849700613,31.219201658893482
frame_000080.jpg,30.68256315847779,31.17171911094003,440.1130676269531,804.5718994140625,316.60577392578125,809.6061401367188,0.9797618389129639,0.9958304762840271,123.60985064727318,20,detected,detected,ok,30.619555893958022,30.635934630675592,30.650841363988498,30.666685700970046,30.68256315847779,30.69501881312981,30.710067832142233,30.722195713344483,30.734107893535434,31.124197658304748,31.138456042229585,31.15088887536555,31.162192517654532,31.17171911094003,31.178178908818122,31.185631392685828,31.192488429675123,31.199174288600158
frame_000081.jpg,30.79083968282143,31.151605458250188,440.5902099609375,804.0801391601562,316.8824462890625,809.190673828125,0.9784371256828308,0.9962678551673889,123.81328021375165,20,detected,detected,ok,30.743428353310005,30.75473798817032,30.767056877055758,30.778749820737577,30.79083968282143,30.79926265058556,30.808064226650906,30.81328754678978,30.817358062429502,31.10565869579863,31.118619793728122,31.130390999615656,31.14203161023593,31.151605458250188,31.15840263423476,31.16690668356418,31.174616085600665,31.18229571726546
frame_000082.jpg,30.918366259805737,31.281554622239256,442.7419128417969,802.1001586914062,315.4174499511719,807.70751953125,0.9847537279129028,0.9962134957313538,127.44787697711702,20,detected,detected,ok,30.879972799226614,30.890143909440514,30.89982935497124,30.90992008606216,30.918366259805737,30.923533728624783,30.926473676144337,30.926241697373506,30.923756992861613,31.25952990219364,31.26630727832006,31.271692454806683,31.276305553968108,31.281554622239256,31.284396124537754,31.286788810772922,31.288640477021133,31.29038335536923
frame_000083.jpg,30.78602574668982,31.17018149026158,442.0313415527344,802.6198120117188,317.3926086425781,808.25,0.9680114388465881,0.9969774484634399,124.765831693748,20,detected,detected,ok,30.735080649149495,30.748755928373807,30.762027007946052,30.774360232123744,30.78602574668982,30.793324410811465,30.801519977330567,30.80648705539693,30.809729819778205,31.135075467966473,31.145521305305238,31.154831389718446,31.162800692616837,31.17018149026158,31.174899772270322,31.18126090384473,31.18718606278838,31.1931116198404
frame_000084.jpg,30.613896282356546,31.04029309198426,441.22149658203125,800.890625,319.1494445800781,805.7435302734375,0.9765102863311768,0.9981812238693237,122.16847616942967,20,detected,detected,ok,30.544408920188598,30.562377701058622,30.58047981773455,30.596470565418223,30.613896282356546,30.625781409458597,30.63902960981225,30.648856142543544,30.65633275433042,30.993874086623457,31.005844341814083,31.016751482208775,31.028161850903455,31.04029309198426,31.049785965313195,31.060876076030375,31.070071731142548,31.0780704201106
frame_000085.jpg,30.390099098776414,30.883645901998793,441.3255310058594,800.2642822265625,320.9035339355469,803.97314453125,0.9541738629341125,0.9987640380859375,120.47909792987946,20,detected,detected,ok,30.263914764786076,30.29621100487448,30.327358298849518,30.358018019678195,30.390099098776414,30.412551509009944,30.43666581546978,30.455029404815964,30.471539695253313,30.838169027654434,30.848028508013854,30.85814943650114,30.870607084378566,30.883645901998793,30.894411344122478,30.906740098407674,30.91795349423462,30.92777593274129
frame_000086.jpg,30.19281966447941,30.885972629444314,439.4885559082031,800.3961181640625,319.8668518066406,803.5970458984375,0.9112384915351868,0.999201238155365,119.6645228567033,20,detected,detected,ok,30.07184511013103,30.10333453623804,30.134538915899693,30.16323837826801,30.19281966447941,30.215431063486776,30.24067183846198,30.261846102040245,30.283068272564684,30.843083584551582,30.852814408452762,30.863179687067678,30.874347284644863,30.885972629444314,30.89622168977717,30.908921551963008,30.919624114785158,30.928496092175568
frame_000087.jpg,30.180007909855718,30.919109795455693,439.20806884765625,800.755859375,319.0520324707031,804.140869140625,0.8446925282478333,0.999197781085968,120.20370780027153,20,detected,detected,ok,30.051404724790657,30.08423104700738,30.116948480582593,30.147953203639492,30.180007909855718,30.20372262052658,30.23121774191419,30.254065459834752,30.27680284490153,30.87442575794879,30.885039812256835,30.895245270943438,30.907317162028683,30.919109795455693,30.92887346921093,30.93992529052285,30.947966118970484,30.954015688974817
frame_000088.jpg,30.101578957252894,31.189667213629193,438.43853759765625,802.017333984375,318.56103515625,806.037841796875,0.6983429193496704,0.998042106628418,119.9449043296952,20,detected,detected,ok,29.964072983519962,29.997722937980797,30.03074150523171,30.064980934047604,30.101578957252894,30.129727512887243,30.162578865238817,30.193406588256504,30.224739819483393,31.138327693312235,31.15137810969465,31.164550029738404,31.1776817243009,31.189667213629193,31.19906232117717,31.21017200820621,31.219052413778616,31.22698926856663
frame_000089.jpg,30.15767523363324,31.24842459545539,438.2492370605469,803.1627807617188,318.3717346191406,805.3633422851562,0.2939411997795105,0.9975420236587524,119.89769832072588,20,opposite_inferred,detected,opposite_inferred_repair,30.02369704875385,30.05838089640402,30.09149545675559,30.123524164128007,30.15767523363324,30.185001557995285,30.2179274363076,30.24777165330302,30.279340168837898,31.208978770850095,31.219244610376187,31.22907399897919,31.23857658721413,31.24842459545539,31.254905804779135,31.261583423867098,31.267133946306046,31.271465286541673
frame_000090.jpg,30.307174469575834,31.322713085401368,437.5447692871094,803.432373046875,317.6672668457031,805.6329345703125,0.0805039331316948,0.9966444969177246,119.89769832072588,20,opposite_inferred,detected,opposite_inferred_repair,30.199496767385092,30.226032258188955,30.252124726360638,30.27818621650124,30.307174469575834,30.330938582085658,30.362773459270393,30.39272279393496,30.424932513967967,31.2915755090042,31.300092380577695,31.30807567048593,31.31557934925069,31.322713085401368,31.327916218142253,31.33382140543825,31.339049733064375,31.344161375173243
frame_000091.jpg,30.412916885194925,31.31146779820283,438.641845703125,802.8016357421875,318.76434326171875,805.002197265625,0.044108856469392776,0.9970147609710693,119.89769832072588,20,opposite_inferred,detected,opposite_inferred_repair,30.308705183054773,30.335900665365497,30.361494954924744,30.385588392292856,30.412916885194925,30.435501441954607,30.46570439168676,30.492928880074388,30.521559507079797,31.273522505471757,31.282515258797897,31.291548228436678,31.301766550377227,31.31146779820283,31.31816680870338,31.32555671534977,31.331612821923677,31.33819844233176
frame_000092.jpg,30.363535891811498,31.40985622977704,438.3287658691406,802.3369140625,318.4512634277344,804.5374755859375,0.02197360433638096,0.9954688549041748,119.89769832072588,20,opposite_inferred,detected,opposite_inferred_repair,30.259450026447055,30.285007991633158,30.31014601766605,30.335725333711665,30.363535891811498,30.386777819531012,30.416958682443855,30.44590402470127,30.477916214325997,31.390581047601092,31.39543813337681,31.400105868773,31.405091936932767,31.40985622977704,31.413003590602298,31.41628445860089,31.418212475290126,31.419865925883272
frame_000093.jpg,30.323063705954144,31.431001837739686,436.76837158203125,801.044189453125,316.890869140625,803.2447509765625,0.002622199011966586,0.9959599375724792,119.89769832072588,20,opposite_inferred,detected,opposite_inferred_repair,30.222423054962896,30.24624404413534,30.269982480255162,30.29486116477276,30.323063705954144,30.347239929562242,30.378162388070447,30.410312324916394,30.444963223817584,31.414121905603967,31.41883082104655,31.423256903509696,31.42723657626152,31.431001837739686,31.434064944389633,31.438191084381597,31.440874717693166,31.44323612133494
frame_000094.jpg,30.36679757800893,31.341142169101342,437.26385498046875,800.3154907226562,317.3863525390625,802.5160522460938,0.0011351326247677207,0.9968366622924805,119.89769832072588,20,opposite_inferred,detected,opposite_inferred_repair,30.293861496948224,30.310523761681097,30.32672336997061,30.345498319028287,30.36679757800893,30.383735262122137,30.40720153373805,30.434464179892913,30.46414575191112,31.301587747547764,31.312494591478053,31.322201016380262,31.33174490040786,31.341142169101342,31.34949515727172,31.35852452847884,31.365602296522777,31.371227814742017
frame_000095.jpg,30.364454579369077,31.18801093426391,436.80511474609375,802.3679809570312,316.9276123046875,804.5685424804688,0.003263614373281598,0.9979446530342102,119.89769832072588,20,opposite_inferred,detected,opposite_inferred_repair,30.27020529734179,30.29286931731107,30.314696558349127,30.338062880514702,30.364454579369077,30.386723773906404,30.414869167335315,30.4444523320848,30.47738010345025,31.135293150942484,31.148772036830945,31.16145018006207,31.17471938233225,31.18801093426391,31.199515532697554,31.21248182020933,31.223081859255405,31.232802864038263
frame_000096.jpg,30.498425284245073,30.8762663878483,439.40582275390625,802.1787109375,319.5283203125,804.3792724609375,0.0008559658890590072,0.998856782913208,119.89769832072588,20,opposite_inferred,detected,opposite_inferred_repair,30.43167564072705,30.44785835930325,30.464172381373054,30.48092367367684,30.498425284245073,30.51412965019239,30.533598593814734,30.551235304085935,30.56977107878901,30.80395904301953,30.822081914836417,30.83972343933526,30.85857854073395,30.8762663878483,30.892156767392873,30.91136954232269,30.928731381715366,30.946079804578922
frame_000097.jpg,30.389092103456438,30.753734191631263,438.24652099609375,801.84619140625,318.3690185546875,804.0467529296875,0.004782937932759523,0.9978799819946289,119.89769832072588,20,opposite_inferred,detected,opposite_inferred_repair,30.30965338642764,30.3292875065784,30.34847935123448,30.368591466621595,30.389092103456438,30.40607614790001,30.427694006558617,30.447295153424744,30.46816011649058,30.67053191047303,30.690319563821475,30.710124630451542,30.731418620133436,30.753734191631263,30.773523509446896,30.796422802755853,30.816780098946232,30.83661733457001
frame_000098.jpg,30.357944868732126,30.749802556291783,437.66241455078125,802.5210571289062,317.784912109375,804.7216186523438,0.013258826918900013,0.9977328777313232,119.89769832072588,20,opposite_inferred,detected,opposite_inferred_repair,30.267387695744073,30.29038158303923,30.31288431409823,30.335482710079503,30.357944868732126,30.375908846726947,30.3974291814195,30.41726233531713,30.436621970581932,30.67480946927832,30.692608053566406,30.710602274714155,30.73032730918649,30.749802556291783,30.766797879606735,30.786276113325044,30.803814619049877,30.82136460667326
frame_000099.jpg,30.353031538740478,30.694627227645007,437.61669921875,803.5645751953125,317.73919677734375,805.76513671875,0.33818066120147705,0.9989129304885864,119.89769832072588,20,opposite_inferred,detected,opposite_inferred_repair,30.25732950591189,30.28206158400042,30.305562328423736,30.32944947458778,30.353031538740478,30.372010058645216,30.394584650507316,30.41502530550558,30.43473371341466,30.639242920455736,30.65131570785857,30.664905049659847,30.679288526272256,30.694627227645007,30.709431471189514,30.72727899542217,30.742908726959367,30.75876561011355
frame_000100.jpg,30.222230099874068,31.021831910233065,428.1788024902344,805.569091796875,308.3013000488281,807.7696533203125,0.09938804805278778,0.9886888861656189,119.89769832072588,20,opposite_inferred,detected,opposite_inferred_repair,30.12045029749783,30.14665467677498,30.171073862963254,30.19526685863077,30.222230099874068,30.243369919283367,30.27129734464285,30.29860220281273,30.326827230462587,30.998075241157924,31.004145581813763,31.01044016219668,31.015911545310786,31.021831910233065,31.025706240292166,31.0307296822054,31.034993136481344,31.03964893454458
frame_000101.jpg,31.284122465464726,31.441170802935236,422.4069519042969,797.4202880859375,287.70782470703125,803.7513427734375,0.9804943799972534,0.9683073163032532,134.84782950111307,20,detected,detected,ok,31.322584638607992,31.318926249686314,31.310866520275955,31.298438218655413,31.284122465464726,31.269017057043555,31.249444056328382,31.229477104333952,31.208411402602767,31.48857180758373,31.475133111564855,31.463767185930408,31.452273661705085,31.441170802935236,31.43200981175619,31.422093936635534,31.413951847225814,31.406550892324585
frame_000102.jpg,30.82658470435914,31.467782674708687,375.4815673828125,783.1646118164062,249.6499786376953,786.7470703125,0.9997368454933167,0.9977020621299744,125.88257518416334,20,detected,detected,ok,30.86318975342662,30.854532698059526,30.844254644058243,30.83454978093964,30.82658470435914,30.821780797726017,30.817171337843547,30.81432916368513,30.81363993304184,31.495777598484636,31.488883486613943,31.48201418687248,31.47456458076119,31.467782674708687,31.462429514496787,31.45688669330501,31.452891412355783,31.448481067011713
frame_000103.jpg,30.25559042113666,31.953682359757956,305.49237060546875,710.6400146484375,185.6148681640625,712.840576171875,0.9932762384414673,0.0007400992326438427,119.89769832072588,20,detected,opposite_inferred,opposite_inferred_repair,30.22778653994137,30.231052573069142,30.236449612697367,30.24514819394317,30.25559042113666,30.266055026119734,30.282116159946472,30.29778245044663,30.314806503809614,31.99378090227199,31.983301165513485,31.97372346488195,31.96319357243206,31.953682359757956,31.94531611469324,31.93553197849762,31.92606764540407,31.916949858038716
frame_000104.jpg,30.84517254764655,31.12419714749947,254.7236785888672,622.0057983398438,134.84617614746094,624.2063598632812,0.9993898868560791,0.04633529484272003,119.89769832072588,20,detected,opposite_inferred,opposite_inferred_repair,30.84722702167679,30.846840643748735,30.846976726096802,30.8458605809819,30.84517254764655,30.8430916214183,30.840532039115462,30.8373221970545,30.83434921038106,31.006399254026366,31.03388477910013,31.06090821036696,31.09185601920787,31.12419714749947,31.153083011418765,31.18721830905807,31.21787957562841,31.24733945059202
frame_000105.jpg,30.229152270643425,31.28551003605376,204.76878356933594,558.2583618164062,87.19312286376953,558.0991821289062,0.9983969330787659,0.8643357753753662,117.57576845814526,20,detected,detected,ok,30.385185766111903,30.341726799877147,30.303238857639574,30.26609825542497,30.229152270643425,30.19794245647817,30.165926990636464,30.14035653628478,30.11786012756836,31.28241801000325,31.284238107969728,31.28541829242062,31.284924337899465,31.28551003605376,31.285638947652867,31.286331399739357,31.285936526722445,31.2864849502386
frame_000106.jpg,30.4314908674901,31.20347092331884,205.26939392089844,551.0498657226562,85.39189147949219,553.2504272460938,0.9982668161392212,0.21976271271705627,119.89769832072588,20,detected,opposite_inferred,opposite_inferred_repair,30.559782909584275,30.523301289796333,30.489789257978547,30.458848697392334,30.4314908674901,30.41146330373861,30.39212487610696,30.375441020006765,30.360461940080306,31.177431780722774,31.182317202079908,31.188509170569375,31.195313058198185,31.20347092331884,31.21106123606213,31.220747419727896,31.22982303432296,31.238979386898052
frame_000107.jpg,30.031813754496543,31.06780441962168,212.49594116210938,563.5858764648438,92.61843872070312,565.7864379882812,0.9980389475822449,0.38398855924606323,119.89769832072588,20,detected,opposite_inferred,opposite_inferred_repair,30.205925759273168,30.15890055313828,30.115028735090437,30.071092714858942,30.031813754496543,29.998798596760682,29.965492605008762,29.939557643520477,29.917556122576478,31.040974417766883,31.04664795519109,31.052197114124546,31.059180642424646,31.06780441962168,31.075226991871506,31.083976297147682,31.091281345842457,31.097933369913534
frame_000108.jpg,29.880389939451696,30.762502871503717,238.02171325683594,594.9141845703125,115.35702514648438,593.53173828125,0.999625563621521,0.98897784948349,122.6724780337952,20,detected,detected,ok,29.92735400020525,29.914283447776985,29.901926592051847,29.890076204905633,29.880389939451696,29.872548037955596,29.86626380307928,29.863692789518215,29.864327700274128,30.7647009152373,30.760858013398334,30.758655161724988,30.759609501751036,30.762502871503717,30.768813766953297,30.776212286867874,30.78169496256285,30.786939181541168
frame_000109.jpg,30.161184781927105,30.704207528858955,259.5296630859375,593.3734130859375,137.7703857421875,591.19091796875,0.9985241293907166,0.991904616355896,121.77883602748378,20,detected,detected,ok,30.190322255076566,30.183069184376023,30.175237283755635,30.167751728666286,30.161184781927105,30.155253076256486,30.14972828353413,30.14719265819435,30.147553061129674,30.651679625110223,30.664260016180155,30.677074723639727,30.690134699249278,30.704207528858955,30.71618971718735,30.730414307113442,30.742086361455407,30.752907480609306
frame_000110.jpg,30.26451053979795,31.02713080363012,276.8348693847656,574.1277465820312,159.40968322753906,576.586669921875,0.996647298336029,0.7867597341537476,117.45092868109022,20,detected,detected,ok,30.30491746378736,30.290730160079814,30.27958298779024,30.270466174879925,30.26451053979795,30.2612436950207,30.261328953731983,30.264571419365527,30.270714196035783,30.94074156688558,30.962294266891366,30.9825780031436,31.00359975470919,31.02713080363012,31.047468022670827,31.074353723867894,31.09805832607406,31.120209145613725
frame_000111.jpg,30.364706911459873,31.28418588239022,289.3331298828125,569.76708984375,170.80712890625,571.3451538085938,0.9990310668945312,0.9871166348457336,118.53650574136742,20,detected,detected,ok,30.43792378874061,30.416668846289095,30.398230589936635,30.380184341609073,30.364706911459873,30.35185327703962,30.341359041797556,30.335303405653082,30.332372734759677,31.2015589819747,31.22508076618215,31.24591025939786,31.264760006986442,31.28418588239022,31.298780634549527,31.316651645205692,31.332766157215975,31.34973901222664
frame_000112.jpg,30.264577837765295,31.73127026195814,293.6099548339844,583.7865600585938,168.94168090820312,582.9086303710938,0.9945875406265259,0.9553824067115784,124.67136513317652,20,detected,detected,ok,30.252645795242596,30.2545078023775,30.255812777831835,30.258089860407374,30.264577837765295,30.268534189265782,30.276073686411532,30.285735461917493,30.29682027155199,31.73890525426934,31.736641739154358,31.734795302338238,31.7329554285097,31.73127026195814,31.729456419191305,31.72685192354795,31.724041259725233,31.720377045702897
frame_000113.jpg,30.423353661196355,31.61571683074474,295.588623046875,596.701171875,175.55343627929688,596.735107421875,0.9977869987487793,0.9867134094238281,120.03519156459369,20,detected,detected,ok,30.416296094060083,30.413842200983698,30.414411990465663,30.417074338502875,30.423353661196355,30.429722936548835,30.44119586863931,30.45320872143071,30.46729719238767,31.588141700631482,31.5983206472311,31.606277690641633,31.61120390207777,31.61571683074474,31.617236742109863,31.618986007083713,31.619198210673517,31.619127449227687
frame_000114.jpg,30.922829113338718,31.65461735113313,302.6243591308594,598.0582275390625,176.03060913085938,600.8743896484375,0.9993191957473755,0.8922958374023438,126.62506982461561,20,detected,detected,ok,30.917872269831477,30.91587271570863,30.916545428237463,30.919631081738164,30.922829113338718,30.926003230779227,30.931949205091176,30.938398091621984,30.94413296054617,31.633203535351107,31.640784205017365,31.64776196088894,31.651577332488667,31.65461735113313,31.654537901881838,31.65430551175689,31.653251067610018,31.651638662486214
frame_000115.jpg,30.997389260807985,31.94826083730272,302.6659851074219,599.5936279296875,171.1917724609375,601.794189453125,0.9994301199913025,0.66664057970047,131.49262740561323,20,detected,detected,ok,30.987341083332748,30.98725080800981,30.98921971409747,30.99293059829837,30.997389260807985,31.00047757216989,31.005382896640427,31.009538391917882,31.013407375363723,31.986913650287555,31.977692026272738,31.9682329109229,31.95834123934177,31.94826083730272,31.939068393814065,31.927136403951287,31.916736447546416,31.906112907138173
frame_000116.jpg,30.688218854834528,31.5585118709211,299.4963684082031,606.6099243164062,179.61886596679688,608.8104858398438,0.9985557198524475,0.05701851099729538,119.89769832072588,20,detected,opposite_inferred,opposite_inferred_repair,30.73736716839657,30.720547593186467,30.706954798413452,30.69522294360141,30.688218854834528,30.684742006694403,30.68517399326981,30.688040691253764,30.693791810733376,31.516131893967742,31.52999930050407,31.541546485441053,31.550150080089374,31.5585118709211,31.561837795271906,31.566149490407085,31.56964505376931,31.573927129882122
frame_000117.jpg,30.604062722547013,31.487139750655775,299.4136657714844,607.6533813476562,179.53616333007812,609.8539428710938,0.9991681575775146,0.004994430113583803,119.89769832072588,20,detected,opposite_inferred,opposite_inferred_repair,30.69375588854807,30.669442728530168,30.646113880120947,30.62227913289444,30.604062722547013,30.59021670509619,30.58031536726599,30.57466570420609,30.57220055777329,31.418513630731976,31.438485099499424,31.455833108181807,31.4714142034703,31.487139750655775,31.498731734977586,31.51344688764977,31.52716807032622,31.539847264280137
frame_000118.jpg,30.604062722547013,31.487139750655775,299.4136657714844,607.6533813476562,179.53616333007812,609.8539428710938,0.9991681575775146,0.004994430113583803,119.89769832072588,20,detected,opposite_inferred,opposite_inferred_repair,30.69375588854807,30.669442728530168,30.646113880120947,30.62227913289444,30.604062722547013,30.59021670509619,30.58031536726599,30.57466570420609,30.57220055777329,31.418513630731976,31.438485099499424,31.455833108181807,31.4714142034703,31.487139750655775,31.498731734977586,31.51344688764977,31.52716807032622,31.539847264280137
frame_000119.jpg,30.51963274999372,31.143971828650066,300.4617614746094,607.905517578125,180.58425903320312,610.1060791015625,0.9989591836929321,0.005449321120977402,119.89769832072588,20,detected,opposite_inferred,opposite_inferred_repair,30.600050241402766,30.576449303744607,30.556353826377855,30.536079946011636,30.51963274999372,30.506993284277815,30.496177279806478,30.489792642597926,30.487186617492245,30.999751063789194,31.03924704367435,31.0748492403087,31.109660137861855,31.143971828650066,31.17079568259115,31.202228315854327,31.22907278408878,31.25438215898313
frame_000120.jpg,30.544854900337665,31.150675957201766,302.5227355957031,614.1460571289062,182.64523315429688,616.3466186523438,0.9983306527137756,0.012395395897328854,119.89769832072588,20,detected,opposite_inferred,opposite_inferred_repair,30.50647005217412,30.515659248543354,30.52474192358208,30.534413696782465,30.544854900337665,30.55342059559012,30.56461449366187,30.576498844935898,30.58893445896822,31.04080809322596,31.070076908346287,31.097014232640323,31.123572132525137,31.150675957201766,31.173612484999452,31.20199358835344,31.226341959589096,31.24872378375686
frame_000121.jpg,30.241982504536978,31.25272667856552,298.41058349609375,611.9164428710938,178.5330810546875,614.1170043945312,0.9988848567008972,0.014340413734316826,119.89769832072588,20,detected,opposite_inferred,opposite_inferred_repair,30.27228458978505,30.261660607504897,30.253473935227554,30.24529189632443,30.241982504536978,30.23962897041503,30.241310555090955,30.24577150467392,30.25299358614617,31.166777375980033,31.190820423402464,31.212661242387792,31.23290741574651,31.25272667856552,31.26655543305185,31.28211047027928,31.294404173462695,31.305519418046345
frame_000122.jpg,30.168384738449905,31.192617906863717,300.2660217285156,616.8350830078125,180.38851928710938,619.03564453125,0.9991156458854675,0.23040831089019775,119.89769832072588,20,detected,opposite_inferred,opposite_inferred_repair,30.13949004655147,30.14576936773822,30.152390497373094,30.157793575169045,30.168384738449905,30.17691796734831,30.19023547337357,30.203744522424113,30.21879489932433,31.114472570277965,31.136601562383127,31.156938006359628,31.175248039189707,31.192617906863717,31.204893185350496,31.217956922964706,31.228224909841416,31.237138370308813
frame_000123.jpg,30.13070773805462,31.234073224432056,298.6448974609375,618.8612060546875,178.76739501953125,621.061767578125,0.998872697353363,0.18009749054908752,119.89769832072588,20,detected,opposite_inferred,opposite_inferred_repair,30.08882095512866,30.096984126832652,30.107491510232105,30.117588081304902,30.13070773805462,30.14142369910209,30.15844704329817,30.174832336699833,30.193577199528963,31.19883949623664,31.20875254663755,31.218391903735338,31.22613400911316,31.234073224432056,31.239292180094797,31.245835311895554,31.25064523619115,31.255227282576076
frame_000124.jpg,30.02003505966358,31.412145048959093,293.82928466796875,618.0892944335938,173.9517822265625,620.2898559570312,0.9987210631370544,0.06440415978431702,119.89769832072588,20,detected,opposite_inferred,opposite_inferred_repair,29.964506144216486,29.975898121244445,29.98865820011998,30.00272461287582,30.02003505966358,30.035366081147753,30.056791390626028,30.076678980995258,30.096603231239065,31.441823621800054,31.43550590204651,31.428869567575532,31.42049841722832,31.412145048959093,31.40273991554441,31.391578677495183,31.38106035967079,31.36974049190383
frame_000125.jpg,30.0350960917546,31.730502993194158,294.88787841796875,618.8567504882812,175.0103759765625,621.0573120117188,0.9984452128410339,0.012393977493047714,119.89769832072588,20,detected,opposite_inferred,opposite_inferred_repair,29.972000314503624,29.98326496049071,29.997458938190945,30.014233089276516,30.0350960917546,30.05226599209073,30.075956151023195,30.09791664350769,30.12046139101325,31.802911466035045,31.78684412517719,31.76938245766974,31.749781090096924,31.730502993194158,31.71307950196585,31.691742804407212,31.672342366934195,31.65209972846751
frame_000126.jpg,30.104577729157455,31.666032599740557,296.1731872558594,618.8349609375,176.29568481445312,621.0355224609375,0.9977620840072632,0.015197275206446648,119.89769832072588,20,detected,opposite_inferred,opposite_inferred_repair,30.052373732231516,30.060922551796146,30.073019374647153,30.08687481999422,30.104577729157455,30.119761844655503,30.140287963800304,30.160671351456582,30.183348814111316,31.71727771294558,31.704908240913557,31.69280798020468,31.679256744132072,31.666032599740557,31.653730391038753,31.640555856580495,31.62769709418037,31.613346922283938
frame_000127.jpg,30.16153200349263,31.642187413358062,296.5836181640625,619.2030639648438,176.70611572265625,621.4036254882812,0.9970079064369202,0.03739884868264198,119.89769832072588,20,detected,opposite_inferred,opposite_inferred_repair,30.129241248203844,30.132948729179205,30.139588482079613,30.148097672240766,30.16153200349263,30.17281608493416,30.189741481977038,30.208372823656333,30.22837347745698,31.6787764392856,31.669299394512247,31.660537519369516,31.65113557023008,31.642187413358062,31.634291502451028,31.624855150947024,31.615288115835764,31.60510032863275
frame_000128.jpg,30.184805369494338,31.630513919173946,299.4029846191406,621.6744995117188,179.52548217773438,623.8750610351562,0.9942452311515808,0.01670905202627182,119.89769832072588,20,detected,opposite_inferred,opposite_inferred_repair,30.127223907804325,30.137957543669216,30.1506787722419,30.166020003927905,30.184805369494338,30.202835220685156,30.22913556130517,30.256257132670314,30.28555681273816,31.650540140386344,31.645273400542777,31.64105905824888,31.636190010285922,31.630513919173946,31.624839837229917,31.61848570840876,31.612641745066,31.606916511856586
frame_000129.jpg,30.13510980779203,31.730799487888735,298.9299621582031,621.8822631835938,179.05245971679688,624.0828247070312,0.9944224953651428,0.04966789484024048,119.89769832072588,20,detected,opposite_inferred,opposite_inferred_repair,30.06413454549108,30.07900482092906,30.09453767661584,30.112560338940145,30.13510980779203,30.15548504840094,30.183701112977296,30.21221181649988,30.242781107357214,31.789331416301327,31.774695761718785,31.760507509605688,31.745821755140703,31.730799487888735,31.7176266933322,31.702824282713898,31.688928474937004,31.67541801995328
frame_000130.jpg,30.163906104928433,31.657784028082546,300.86431884765625,623.1476440429688,180.98681640625,625.3482055664062,0.9967173933982849,0.05910472571849823,119.89769832072588,20,detected,opposite_inferred,opposite_inferred_repair,30.11308245411704,30.123716628102844,30.13442931404896,30.147056751119905,30.163906104928433,30.181466975368817,30.207874264981132,30.23331542088432,30.26004024791844,31.690774032072248,31.681835975176064,31.67413640874232,31.665714393619297,31.657784028082546,31.65042068712744,31.642088268810518,31.634560201455635,31.626634306383824
frame_000131.jpg,29.99912876788358,31.285161042302594,301.2056884765625,627.389892578125,185.66616821289062,626.2277221679688,0.9972975850105286,0.5202884674072266,115.54536504257402,20,detected,detected,ok,29.974965834873327,29.97715010034893,29.981252753416783,29.986160150770882,29.99912876788358,30.009729990472984,30.027466404769115,30.044934272643403,30.06326947359467,31.234623147907506,31.247617159987442,31.25944068153614,31.27183096274111,31.285161042302594,31.29636760682705,31.309997976239337,31.322809841822764,31.33575133307086
frame_000132.jpg,29.96568157344523,31.10417867093323,300.8812561035156,629.1123046875,186.41903686523438,627.340576171875,0.9982275366783142,0.8241345286369324,114.47593046088528,20,detected,detected,ok,29.90766152512345,29.91806126606035,29.93155166427363,29.946947870092767,29.96568157344523,29.981291295850813,30.004513540388135,30.02676769323458,30.04969319150618,31.020330993848603,31.041362177918465,31.06212652074519,31.082371643815783,31.10417867093323,31.122269508240773,31.143346253639578,31.161560024380737,31.179670951317547
frame_000133.jpg,29.917371600201665,31.080777700265134,300.7408142089844,630.0252685546875,185.0017547607422,628.2861328125,0.9984703660011292,0.610031247138977,115.75212514288233,20,detected,detected,ok,29.840523455692868,29.857332725171382,29.875071264243147,29.89460293796782,29.917371600201665,29.937134484464476,29.963416882320523,29.989114818367813,30.01603608982701,31.01114668107768,31.029875378082664,31.048052619916056,31.0642241304335,31.080777700265134,31.093133755681578,31.109278458145603,31.123239880402753,31.13680887990322
frame_000134.jpg,29.858649117120454,31.1131740036344,301.66668701171875,628.7398071289062,181.7891845703125,630.9403686523438,0.9987587928771973,0.10154275596141815,119.89769832072588,20,detected,opposite_inferred,opposite_inferred_repair,29.809996484588748,29.819007569355435,29.8302285617101,29.842893829276488,29.858649117120454,29.873028225009655,29.894172180553884,29.915439416673756,29.93692092240808,31.078245781893287,31.088324676132476,31.09724863435797,31.10489638532892,31.1131740036344,31.118178599283514,31.12426749469111,31.12885257001919,31.13319297666648
frame_000135.jpg,29.813936150634113,31.106650606371968,300.9056396484375,629.2783203125,181.02813720703125,631.4788818359375,0.9984853863716125,0.2196195423603058,119.89769832072588,20,detected,opposite_inferred,opposite_inferred_repair,29.75422145461366,29.767658241568434,29.78066428831433,29.795388920348284,29.813936150634113,29.83056220001225,29.853024433202442,29.874352106328708,29.897113013148843,31.07575244198225,31.08456402148537,31.09273761581728,31.10019209317205,31.106650606371968,31.110588591522777,31.114741939770038,31.117464166182494,31.1188992355052
frame_000136.jpg,29.825347334643546,31.064620151728928,301.9948425292969,629.7979736328125,182.11734008789062,631.99853515625,0.9988370537757874,0.13857625424861908,119.89769832072588,20,detected,opposite_inferred,opposite_inferred_repair,29.779381614119245,29.787999765240126,29.797813455938574,29.80936945775066,29.825347334643546,29.84010332172358,29.861072698508465,29.881856690291553,29.90451701993688,31.031264071794336,31.04166612621609,31.049476740926718,31.056929613215605,31.064620151728928,31.069160089908326,31.074214105178072,31.078222509443716,31.080379137995134
frame_000137.jpg,29.747774764363108,31.081328723121427,301.56085205078125,630.0247192382812,181.683349609375,632.2252807617188,0.998920202255249,0.04727361351251602,119.89769832072588,20,detected,opposite_inferred,opposite_inferred_repair,29.71108728406151,29.717274859897927,29.725305371529917,29.734562329268222,29.747774764363108,29.760830624159013,29.780656131534826,29.800695308520872,29.82279458300231,31.061734990784558,31.06897687288807,31.07367024124274,31.0774094049575,31.081328723121427,31.082976129545738,31.083970123544137,31.08466086203009,31.08434405930318
frame_000138.jpg,29.716949663241948,31.509912963241298,301.04248046875,628.0429077148438,181.16497802734375,630.2434692382812,0.9992921352386475,0.007480775471776724,119.89769832072588,20,detected,opposite_inferred,opposite_inferred_repair,29.690719246473883,29.69362463223193,29.69976390972749,29.706344310763466,29.716949663241948,29.72679828186816,29.743083550274847,29.759048954156547,29.77751262254233,31.52729431094835,31.525270096612577,31.521835719084084,31.515804227512543,31.509912963241298,31.503671605594057,31.494854241384022,31.484994530457858,31.474087680263025
frame_000139.jpg,29.77058107866456,31.493978420533733,303.4007263183594,629.793212890625,183.52322387695312,631.9937744140625,0.9992011189460754,0.02506530098617077,119.89769832072588,20,detected,opposite_inferred,opposite_inferred_repair,29.727126333144085,29.733363446044216,29.7424420237693,29.754561073949326,29.77058107866456,29.78611408701465,29.806938475013247,29.82786454927459,29.850041573302445,31.501718131432966,31.50096480783437,31.500107778076575,31.497556505615744,31.493978420533733,31.48925402795299,31.482608850609186,31.475896974022838,31.467862734283823
frame_000140.jpg,29.8227510563607,31.52187260955976,303.92803955078125,630.1506958007812,184.050537109375,632.3512573242188,0.9991832375526428,0.02288970723748207,119.89769832072588,20,detected,opposite_inferred,opposite_inferred_repair,29.800226372357056,29.80113718589015,29.805424859994385,29.81228768540012,29.8227510563607,29.833865990827572,29.850271566282125,29.86733978982038,29.887749568869253,31.531001653034135,31.532025975496442,31.53052331589453,31.526314132182343,31.52187260955976,31.516384768793287,31.50940703663477,31.50290092484433,31.49550368625924
frame_000141.jpg,29.916730042006876,31.49444986581207,305.9180908203125,630.9674682617188,186.04058837890625,633.1680297851562,0.999078631401062,0.06523016095161438,119.89769832072588,20,detected,opposite_inferred,opposite_inferred_repair,29.900720996451547,29.898102361587704,29.89961135694476,29.905717100174737,29.916730042006876,29.93047699616309,29.950947144538937,29.971911189235456,29.994150854132826,31.486832378823724,31.49139094936305,31.49413167075885,31.494009439403918,31.49444986581207,31.49260861316223,31.48967484452537,31.48599809954824,31.480713038818706
frame_000142.jpg,29.99162457128044,31.47264504878827,306.6440124511719,629.9807739257812,186.76651000976562,632.1813354492188,0.9990693926811218,0.0390680693089962,119.89769832072588,20,detected,opposite_inferred,opposite_inferred_repair,29.98729988496578,29.980665710441336,29.978420576994267,29.983050031157592,29.99162457128044,30.001661683336724,30.017863304600862,30.0361980748434,30.057252028030387,31.45363822499823,31.461137018469557,31.46666785816662,31.4703556159412,31.47264504878827,31.47298492006192,31.472496666790896,31.47089470180766,31.46971980302186
frame_000143.jpg,30.04315629903213,31.494737247457742,307.9062194824219,631.427978515625,188.02871704101562,633.6285400390625,0.998824417591095,0.08149386942386627,119.89769832072588,20,detected,opposite_inferred,opposite_inferred_repair,30.026168494076153,30.022606728243844,30.024475368578436,30.031665809603336,30.04315629903213,30.056343365663285,30.07659099459972,30.09739090934526,30.119940210148734,31.483230845924325,31.488446908230635,31.492377464925923,31.494066449508612,31.494737247457742,31.494521231683944,31.493850154892787,31.492430291758744,31.49141098743089
frame_000144.jpg,30.046388801344264,31.475230761693915,307.730712890625,630.565185546875,187.85321044921875,632.7657470703125,0.998703122138977,0.0529073104262352,119.89769832072588,20,detected,opposite_inferred,opposite_inferred_repair,30.03678530412823,30.03121617911827,30.030868289084367,30.035637629777874,30.046388801344264,30.059174924226536,30.078437285486682,30.09869583220607,30.12193493440504,31.45986912882277,31.46568021574845,31.470448491847797,31.47335251526226,31.475230761693915,31.475963862501082,31.47634262071301,31.47645712455989,31.47674677544443
frame_000145.jpg,29.857076128630784,30.975551699380837,285.0372009277344,653.42822265625,165.15969848632812,655.6287841796875,0.999512791633606,0.000820182089228183,119.89769832072588,20,detected,opposite_inferred,opposite_inferred_repair,29.93167135428177,29.90882193076205,29.88917099595512,29.8711179400168,29.857076128630784,29.847220047353623,29.840473054358746,29.839099930007485,29.842088348582138,30.92596446648379,30.94001998891462,30.952520087914646,30.964126863731693,30.975551699380837,30.984038731556925,30.9950372433845,31.004491548994267,31.01240750181604
frame_000146.jpg,30.099010612383907,31.094567338994516,256.44927978515625,731.91748046875,136.57177734375,734.1180419921875,0.9997832179069519,0.0003241501981392503,119.89769832072588,20,detected,opposite_inferred,opposite_inferred_repair,30.042890538254635,30.059689794931902,30.072994858104877,30.084552504463144,30.099010612383907,30.11054729050599,30.126199041982257,30.14035252435735,30.155973952920093,31.02795895629595,31.0441320607326,31.059794661204133,31.077235546776063,31.094567338994516,31.107695328376582,31.12292298703597,31.13609476291743,31.148934149048106
frame_000147.jpg,30.099010612383907,31.094567338994516,256.44927978515625,731.91748046875,136.57177734375,734.1180419921875,0.9997832179069519,0.0003241501981392503,119.89769832072588,20,detected,opposite_inferred,opposite_inferred_repair,30.042890538254635,30.059689794931902,30.072994858104877,30.084552504463144,30.099010612383907,30.11054729050599,30.126199041982257,30.14035252435735,30.155973952920093,31.02795895629595,31.0441320607326,31.059794661204133,31.077235546776063,31.094567338994516,31.107695328376582,31.12292298703597,31.13609476291743,31.148934149048106
frame_000148.jpg,,,,,,,,,,20,missing,missing,no_detection,,,,,,,,,,,,,,,,,,
frame_000149.jpg,,,,,,,,,,20,missing,missing,no_detection,,,,,,,,,,,,,,,,,,
frame_000150.jpg,,,,,,,,,,20,missing,missing,no_detection,,,,,,,,,,,,,,,,,,
frame_000151.jpg,,,,,,,,,,20,missing,missing,no_detection,,,,,,,,,,,,,,,,,,
frame_000152.jpg,,,,,,,,,,20,missing,missing,no_detection,,,,,,,,,,,,,,,,,,
frame_000153.jpg,,,,,,,,,,20,missing,missing,no_detection,,,,,,,,,,,,,,,,,,
frame_000154.jpg,,,,,,,,,,20,missing,missing,no_detection,,,,,,,,,,,,,,,,,,
frame_000155.jpg,,,,,,,,,,20,missing,missing,no_detection,,,,,,,,,,,,,,,,,,
frame_000156.jpg,,,,,,,,,,20,missing,missing,no_detection,,,,,,,,,,,,,,,,,,
frame_000157.jpg,,,,,,,,,,20,missing,missing,no_detection,,,,,,,,,,,,,,,,,,
frame_000158.jpg,,,,,,,,,,20,missing,missing,no_detection,,,,,,,,,,,,,,,,,,
frame_000159.jpg,,,,,,,,,,20,missing,missing,no_detection,,,,,,,,,,,,,,,,,,
frame_000160.jpg,,,,,,,,,,20,missing,missing,no_detection,,,,,,,,,,,,,,,,,,
frame_000161.jpg,,,,,,,,,,20,missing,missing,no_detection,,,,,,,,,,,,,,,,,,
frame_000162.jpg,,,,,,,,,,20,missing,missing,no_detection,,,,,,,,,,,,,,,,,,
frame_000163.jpg,30.755348579386222,31.244199220315895,915.058837890625,1110.6522216796875,795.1813354492188,1112.852783203125,0.9942317605018616,0.0011812864104285836,119.89769832072588,20,detected,opposite_inferred,opposite_inferred_repair,30.737414400355725,30.74261677807347,30.74675267431506,30.75145894505859,30.755348579386222,30.758409910233574,30.761464980472102,30.765802019960898,30.771172307485674,31.3287773291198,31.309109473176708,31.28920966286057,31.26740462586902,31.244199220315895,31.22390309781263,31.198950617508608,31.175554355470602,31.151667384859824
frame_000164.jpg,,,,,,,,,,20,missing,missing,no_detection,,,,,,,,,,,,,,,,,,
frame_000165.jpg,,,,,,,,,,20,missing,missing,no_detection,,,,,,,,,,,,,,,,,,
frame_000166.jpg,,,,,,,,,,20,missing,missing,no_detection,,,,,,,,,,,,,,,,,,
frame_000167.jpg,30.028554582040886,31.471038590468222,661.9647827148438,1230.3780517578125,542.0872802734375,1232.57861328125,0.0003521432226989418,0.9963605999946594,119.89769832072588,20,opposite_inferred,detected,opposite_inferred_repair,30.134431388175823,30.107835532732725,30.082460839346993,30.055813817213842,30.028554582040886,30.004601937920295,29.97463973616596,29.94773807667746,29.920687877188264,31.527202123157046,31.514646769540867,31.501224598165162,31.485719735365638,31.471038590468222,31.458060500224917,31.44383173609744,31.43101216868092,31.418305114914478
frame_000168.jpg,29.82913252069391,31.33985203166737,563.9086608886719,1231.2652587890625,444.0311584472656,1233.4658203125,0.0003239379439037293,0.9970827698707581,119.89769832072588,20,opposite_inferred,detected,opposite_inferred_repair,29.68670725148664,29.726382957150236,29.76220990961216,29.79598236716998,29.82913252069391,29.854113298832974,29.881272194720385,29.901436006409593,29.9190823168061,31.36494795084695,31.36008179578443,31.35457229685232,31.347690939020772,31.33985203166737,31.333066514007285,31.32530795345174,31.318625560913713,31.312488981350487
frame_000169.jpg,29.82913252069391,31.33985203166737,563.9086608886719,1231.2652587890625,444.0311584472656,1233.4658203125,0.0003239379439037293,0.9970827698707581,119.89769832072588,20,opposite_inferred,detected,opposite_inferred_repair,29.68670725148664,29.726382957150236,29.76220990961216,29.79598236716998,29.82913252069391,29.854113298832974,29.881272194720385,29.901436006409593,29.9190823168061,31.36494795084695,31.36008179578443,31.35457229685232,31.347690939020772,31.33985203166737,31.333066514007285,31.32530795345174,31.318625560913713,31.312488981350487
frame_000170.jpg,,,,,,,,,,20,missing,missing,no_detection,,,,,,,,,,,,,,,,,,
frame_000171.jpg,,,,,,,,,,20,missing,missing,no_detection,,,,,,,,,,,,,,,,,,
frame_000172.jpg,30.21401283505073,30.89185929225911,443.01971435546875,1179.0750732421875,296.4132385253906,1183.247314453125,0.810234010219574,0.9985421895980835,146.66583225836047,20,detected,detected,ok,30.222054885231106,30.221228711491268,30.219524340551715,30.216831924470743,30.21401283505073,30.211003205438807,30.206807566445043,30.202841880594754,30.19867399005342,30.928792248269474,30.920279250147313,30.91096548146388,30.90107750457859,30.89185929225911,30.88475719159141,30.87705484578019,30.870442117774502,30.863326406237263
frame_000173.jpg,,,,,,,,,,20,missing,missing,no_detection,,,,,,,,,,,,,,,,,,
frame_000174.jpg,,,,,,,,,,20,missing,missing,no_detection,,,,,,,,,,,,,,,,,,
frame_000175.jpg,,,,,,,,,,20,missing,missing,no_detection,,,,,,,,,,,,,,,,,,
frame_000176.jpg,,,,,,,,,,20,missing,missing,no_detection,,,,,,,,,,,,,,,,,,
frame_000177.jpg,,,,,,,,,,20,missing,missing,no_detection,,,,,,,,,,,,,,,,,,
frame_000178.jpg,,,,,,,,,,20,missing,missing,no_detection,,,,,,,,,,,,,,,,,,
frame_000179.jpg,,,,,,,,,,20,missing,missing,no_detection,,,,,,,,,,,,,,,,,,
frame_000180.jpg,,,,,,,,,,20,missing,missing,no_detection,,,,,,,,,,,,,,,,,,
frame_000181.jpg,,,,,,,,,,20,missing,missing,no_detection,,,,,,,,,,,,,,,,,,
frame_000182.jpg,,,,,,,,,,20,missing,missing,no_detection,,,,,,,,,,,,,,,,,,
frame_000183.jpg,,,,,,,,,,20,missing,missing,no_detection,,,,,,,,,,,,,,,,,,
frame_000184.jpg,,,,,,,,,,20,missing,missing,no_detection,,,,,,,,,,,,,,,,,,
frame_000185.jpg,,,,,,,,,,20,missing,missing,no_detection,,,,,,,,,,,,,,,,,,
frame_000186.jpg,,,,,,,,,,20,missing,missing,no_detection,,,,,,,,,,,,,,,,,,
frame_000187.jpg,,,,,,,,,,20,missing,missing,no_detection,,,,,,,,,,,,,,,,,,
frame_000188.jpg,31.44776703108545,31.47522680410485,422.0527038574219,1073.481201171875,302.1752014160156,1075.6817626953125,0.998087465763092,0.08149358630180359,119.89769832072588,20,detected,opposite_inferred,opposite_inferred_repair,31.391380150479662,31.407140764607497,31.420569560463317,31.43261147735794,31.44776703108545,31.458107608862207,31.46771000056975,31.475126521870962,31.481188780162853,31.450046864748778,31.4560035460011,31.46152000409513,31.469050018946717,31.47522680410485,31.481705764848073,31.488759612680504,31.495381342885185,31.501369734034053
frame_000189.jpg,30.782394959819182,31.790826122508683,401.9459228515625,1016.0942993164062,254.89939880371094,1017.3676147460938,0.9992371797561646,0.9683367013931274,147.0520369350213,20,detected,detected,ok,30.86939388623288,30.84746036162676,30.82562288336796,30.80397779091507,30.782394959819182,30.76573568221076,30.750192561901006,30.73812129894282,30.729770845874526,31.81591152887493,31.811724936513173,31.805961738585406,31.798556481881768,31.790826122508683,31.783167894273888,31.774859873235062,31.767809205653702,31.760070554047033
frame_000190.jpg,30.87044141438129,31.305508404128,405.9267578125,985.553466796875,252.34860229492188,985.01171875,0.9998958110809326,0.8687531352043152,153.57911102466932,20,detected,detected,ok,30.867307465043954,30.867519282428397,30.868675436124192,30.869851650870352,30.87044141438129,30.87069981559585,30.869698389007233,30.86789019699966,30.866656861418104,31.250483467069117,31.268346640792267,31.283499340500626,31.295941182466414,31.305508404128,31.31245008475083,31.31988745998407,31.325553718310868,31.32996385243765
frame_000191.jpg,30.271433964975547,30.93617356878963,409.020751953125,942.45703125,266.961181640625,947.6314697265625,0.9997991919517517,0.9975147247314453,142.15377705470883,20,detected,detected,ok,30.27659562806492,30.27483416352385,30.273296605823962,30.27128179888668,30.271433964975547,30.27257919358223,30.276714096055752,30.28346738511082,30.291268760950995,30.87848596905438,30.894062899121153,30.9083789052569,30.922035454462094,30.93617356878963,30.946104199396473,30.956317281605394,30.964018680147888,30.970591686362276
frame_000192.jpg,30.011916869289113,30.903130416148965,433.2137756347656,924.5423583984375,295.01519775390625,927.561767578125,0.9990403056144714,0.9986918568611145,138.23155848100077,20,detected,detected,ok,29.93732356883478,29.952821152337755,29.969146940405473,29.989839969944605,30.011916869289113,30.032098063147345,30.0575821814492,30.083458396214787,30.109726592582202,30.876736454175646,30.88458515180524,30.891441991540418,30.89729154132917,30.903130416148965,30.905988059669316,30.910099364350025,30.9137992417495,30.917372743591926
frame_000193.jpg,29.77659288511484,30.432628268179467,455.64166259765625,889.1917114257812,325.6494140625,892.7371215820312,0.7157049775123596,0.9997132420539856,130.04058832688304,20,detected,detected,ok,29.694644226057267,29.71281922378612,29.73254561727887,29.753928332015004,29.77659288511484,29.79939502173566,29.827820856123118,29.85693725238483,29.888158144026974,30.364234466877317,30.379675636468914,30.395091011469642,30.413392489998586,30.432628268179467,30.448839355996558,30.469338058893044,30.488577173521673,30.508183223999726
frame_000194.jpg,29.556274829465583,30.67616752371738,447.96539306640625,828.5735473632812,328.087890625,830.7741088867188,0.341322124004364,0.9602006673812866,119.89769832072588,20,opposite_inferred,detected,opposite_inferred_repair,29.409197966545594,29.441121066462042,29.47491665067439,29.51309038483966,29.556274829465583,29.593122405269735,29.639860440820982,29.68251768087871,29.727429621732508,30.639916962517667,30.64845503422364,30.65749911334091,30.666901024164837,30.67616752371738,30.68399775975359,30.694784322207155,30.705022811039083,30.715878519435204
frame_000195.jpg,30.240771642527612,31.156331152628933,438.1043701171875,774.4117431640625,321.1929626464844,777.0228271484375,0.6434519290924072,0.9992827773094177,116.94056163861296,20,detected,detected,ok,30.176288153917465,30.18742150455157,30.20072438807028,30.218931514468753,30.240771642527612,30.264958606546777,30.297816682022177,30.33097777778892,30.366077027364394,31.113032982868123,31.120888460390788,31.131003589084596,31.14305534700854,31.156331152628933,31.167618667282166,31.182689444671567,31.196312140647702,31.210147291583237
frame_000196.jpg,31.625787591541577,31.4744420593939,430.1630554199219,725.8490600585938,300.4964294433594,728.9329223632812,0.8395498991012573,0.8939936757087708,129.70329255211692,20,detected,detected,ok,31.5836681741804,31.600916210198694,31.61366680772206,31.62117737069405,31.625787591541577,31.625507588596417,31.62178111353603,31.61404437095042,31.60375224896294,31.444312568534944,31.451438525177174,31.459096863571734,31.466521321810703,31.4744420593939,31.481405664765497,31.489522921159033,31.497267537755015,31.50487111766864
frame_000197.jpg,30.854861532561046,31.502219090050716,403.78704833984375,678.0763549804688,287.8460998535156,683.9219360351562,0.4711082875728607,0.1681121587753296,116.0882179800186,20,low_conf_inferred,low_conf_inferred,low_conf_inferred_repair,30.85674916918919,30.850905536501813,30.84848081160073,30.851174095521802,30.854861532561046,30.862742708329243,30.874427992275248,30.888466003356722,30.903688154345584,31.43706746534261,31.452678893918854,31.46816462595478,31.48454457694489,31.502219090050716,31.51775126352686,31.536413880313916,31.55300757097551,31.568261947984546
frame_000198.jpg,31.423531107479103,31.37329655998001,381.8172302246094,630.044189453125,261.9397277832031,632.2447509765625,0.9950996041297913,0.15530650317668915,119.89769832072588,20,detected,opposite_inferred,opposite_inferred_repair,31.443362083755737,31.443694756013603,31.44044360365844,31.4330432135777,31.423531107479103,31.413766073764215,31.402582783071228,31.3938886417826,31.386177391999503,31.300750046796896,31.318616570608732,31.336262528474006,31.354226606974546,31.37329655998001,31.38942148977373,31.409104863262005,31.42709270814758,31.44556193209659
frame_000199.jpg,30.931933886627682,31.846101172461587,343.0679016113281,561.175048828125,223.19039916992188,563.3756103515625,0.9994902610778809,0.018268289044499397,119.89769832072588,20,detected,opposite_inferred,opposite_inferred_repair,31.028503171280118,31.001496890282667,30.97709792239513,30.953774586502153,30.931933886627682,30.91492748956406,30.89708602859669,30.884012503858568,30.872843320039436,31.81345008060662,31.823788279948264,31.83171914905463,31.83830901404191,31.846101172461587,31.8511290752816,31.857859440388943,31.862988360470393,31.867171962807888
frame_000200.jpg,30.741542033449182,31.823811361625605,318.152587890625,493.1553649902344,198.27508544921875,495.3559265136719,0.9989778995513916,0.0038256628904491663,119.89769832072588,20,detected,opposite_inferred,opposite_inferred_repair,30.861252787108914,30.831292406946734,30.801855819529358,30.77062257026294,30.741542033449182,30.71736779274886,30.69561711765374,30.681694830284076,30.674781987177095,31.81264158375686,31.819107593289132,31.822782810344393,31.82439991935151,31.823811361625605,31.821688425965874,31.817288692919373,31.813175267896842,31.807816048674592
frame_000201.jpg,30.096725444571916,31.344641027820924,295.394775390625,442.2467346191406,179.34548950195312,444.7283020019531,0.9996606111526489,0.9919669032096863,116.07581544812052,20,detected,detected,ok,30.172356938562096,30.148800430430367,30.12797324462363,30.11066471511591,30.096725444571916,30.085939442229435,30.07597526716199,30.06900900057232,30.066002680809977,31.33243337883387,31.337057221536686,31.34001837620217,31.342641747209274,31.344641027820924,31.34605299931662,31.347564232513864,31.348557586729203,31.34958342192878
frame_000202.jpg,30.12172742379672,31.01717306869033,283.1860656738281,425.1728820800781,169.9077911376953,426.9358825683594,0.9994359612464905,0.96211838722229,113.2919928883112,20,detected,detected,ok,30.21355992823128,30.185616377213478,30.162019585173866,30.14092356198405,30.12172742379672,30.106617288916667,30.095210143027384,30.087297352122967,30.08269282206195,30.928252005212432,30.948628287945215,30.968644055863205,30.991959947126777,31.01717306869033,31.039877848740545,31.06715647867414,31.091394077791072,31.114878698441117
frame_000203.jpg,29.931764374896478,31.004196795674893,281.56787109375,441.33392333984375,168.534423828125,440.8597106933594,0.9948037266731262,0.9562821984291077,113.03444200059074,20,detected,detected,ok,29.938694530765463,29.932826549325153,29.93158223802154,29.92914750143646,29.931764374896478,29.93344475544288,29.940879393120245,29.949700951130712,29.96111941282336,30.947547272464327,30.96108958560921,30.974686702417564,30.988371356217314,31.004196795674893,31.017629621763643,31.03385649853239,31.04920465399864,31.06445283242954
frame_000204.jpg,29.78612333073503,30.61359720234075,294.632080078125,448.2879638671875,181.02471923828125,446.4936828613281,0.9982596039772034,0.9987789988517761,113.62152912772495,20,detected,detected,ok,29.834014391098407,29.81774054165444,29.80455714279578,29.792860888749725,29.78612333073503,29.78241538040868,29.78367028105979,29.78847996996243,29.79523980284506,30.554198482849284,30.569341992199924,30.584520787879203,30.59955773410217,30.61359720234075,30.624735280207492,30.637164820863866,30.648535271897398,30.657437016750993
frame_000205.jpg,30.013686443644083,30.80101953738434,310.8188171386719,450.58184814453125,193.46347045898438,450.19427490234375,0.99854975938797,0.9984928369522095,117.35598667016396,20,detected,detected,ok,30.04456499917774,30.033864797413262,30.02617823690282,30.018262797269216,30.013686443644083,30.009843087715517,30.00938612264047,30.01051858878561,30.013041115314678,30.789634006874913,30.793866827792172,30.796724065664076,30.79913974261405,30.80101953738434,30.80043860254678,30.800231225839156,30.799354223873603,30.797885579300363
frame_000206.jpg,30.308426516554274,31.043221843306146,321.8038330078125,457.32220458984375,201.1474609375,459.79248046875,0.9988641738891602,0.9927862286567688,120.68165719813261,20,detected,detected,ok,30.32797172607654,30.322898600713042,30.317402785286216,30.31194658737891,30.308426516554274,30.305676041241675,30.3064211076197,30.308982329171094,30.313895992736366,30.988242934622452,31.003797759693644,31.017029267216536,31.030348942063007,31.043221843306146,31.053109671270757,31.065049056508382,31.074776812076802,31.083971812741567
frame_000207.jpg,30.686608616350878,31.822449494569234,327.1588134765625,461.1299133300781,201.48165893554688,463.258056640625,0.9980292916297913,0.5217195153236389,125.69517161560563,20,detected,detected,ok,30.6752014781353,30.678852436763847,30.680960974673045,30.6830207952605,30.686608616350878,30.690082455020423,30.693979826286817,30.698215687369988,30.701839312617345,31.87004092370978,31.85840342622261,31.846618296939095,31.83495433589024,31.822449494569234,31.813020849058276,31.80242813757857,31.792234725734033,31.780207579832883
frame_000208.jpg,30.853472198070204,31.67153250756431,328.9951171875,464.6695861816406,208.06112670898438,465.80853271484375,0.9987297654151917,0.8289330005645752,120.93935361272278,20,detected,detected,ok,30.824312718695825,30.832305441167684,30.839443531247262,30.846311046528573,30.853472198070204,30.859347883148153,30.86612143522723,30.87161642119369,30.877917209711303,31.62494880592599,31.63798874209595,31.649955374768865,31.661051380731337,31.67153250756431,31.678563800368646,31.68630239239083,31.69289080705912,31.69765804341085
frame_000209.jpg,31.157529393403088,31.78905325924828,332.28582763671875,467.88287353515625,208.62069702148438,468.54278564453125,0.9991222023963928,0.9004508256912231,123.66689134151905,20,detected,detected,ok,31.17972527394306,31.175900781573066,31.171203201696667,31.164525804706866,31.157529393403088,31.15029871750196,31.141444526090275,31.133284677675952,31.125180295114383,31.768018541180123,31.77175806351166,31.776436971759896,31.782253307236253,31.78905325924828,31.794084529990634,31.798374028083643,31.800051993773888,31.800719152389313
frame_000210.jpg,30.918530161017316,31.844496230914228,328.5094299316406,468.6737365722656,208.05491638183594,467.151123046875,0.9986032843589783,0.8538593649864197,120.4641365156775,20,detected,detected,ok,30.9511554850866,30.942581443844926,30.935143876256955,30.926166201027456,30.918530161017316,30.9116706398431,30.906786635242995,30.90482140428243,30.904982080087557,31.84809027597722,31.8480518564551,31.848180457675227,31.847147551830677,31.844496230914228,31.84071583355027,31.836213039096158,31.831265928022358,31.825972980238394
frame_000211.jpg,31.357701868333905,32.05227221832125,334.6672058105469,469.61126708984375,206.22776794433594,472.6567687988281,0.9985092282295227,0.8897958993911743,128.4755396176552,20,detected,detected,ok,31.382058364315064,31.37895458068202,31.373615254866145,31.366546591901972,31.357701868333905,31.349044966331693,31.33828570664422,31.32581691079358,31.311175497287167,32.1028752704837,32.09380751757164,32.08327272227838,32.0681528419365,32.05227221832125,32.03824166001344,32.022708895095406,32.009824709059444,31.998057139254392
frame_000212.jpg,30.86514235341357,32.078572227499144,328.70477294921875,474.01922607421875,206.96351623535156,471.5961608886719,0.9948663711547852,0.9443746209144592,121.76536794657635,20,detected,detected,ok,30.858351517951228,30.856613872671904,30.857306256779527,30.859383721394106,30.86514235341357,30.869920195615837,30.880364414876418,30.890697197972848,30.90158155329754,32.12560736595715,32.1175354234792,32.10676595941615,32.09348608775686,32.078572227499144,32.06344393332222,32.04693753078658,32.03206843194057,32.0182728258977
frame_000213.jpg,30.894108401798064,32.01602040127478,330.68487548828125,474.4622802734375,209.54458618164062,472.78302001953125,0.9956614375114441,0.9836443066596985,121.15192779438938,20,detected,detected,ok,30.90421437809798,30.89845409355542,30.895331750355105,30.892392566987915,30.894108401798064,30.893889955788275,30.896349336405407,30.899765283225204,30.903437526584902,32.03500370073016,32.032271629980734,32.02820346422783,32.02315077385908,32.01602040127478,32.008432710267535,31.99874952054436,31.988936836093213,31.978793245770614
frame_000214.jpg,31.216050561918355,31.997088148043577,336.74713134765625,477.2532043457031,212.63438415527344,476.21746826171875,0.9903123378753662,0.9972777962684631,124.11706878941347,20,detected,detected,ok,31.20375320370233,31.20550449168629,31.207460522380998,31.210212793149246,31.216050561918355,31.219724642815958,31.227353398007295,31.23425766366845,31.24042285442545,32.004177183380726,32.0045687352458,32.00316827821539,32.00083444028585,31.997088148043577,31.99289089273148,31.987393588162867,31.98173843803772,31.975394951270307
frame_000215.jpg,30.829591535612224,31.94288298824976,334.062255859375,477.5094909667969,214.0759735107422,476.3056640625,0.9888073205947876,0.996775209903717,119.99232121707348,20,detected,detected,ok,30.798078072196546,30.802993069329702,30.810212327877753,30.818546735409424,30.829591535612224,30.83772193686348,30.850092492865873,30.861876634727466,30.874559226298597,31.945091201045827,31.94797659891148,31.948787079406625,31.94659933595061,31.94288298824976,31.937725342032987,31.931540906046145,31.92568757513877,31.919073224404173
frame_000216.jpg,30.762314929717302,31.67433615247247,335.21856689453125,478.4679870605469,216.63462829589844,478.0777282714844,0.9854615926742554,0.9984049201011658,118.58458076616351,20,detected,detected,ok,30.74247547649759,30.745218930565905,30.749542111342652,30.7539973946279,30.762314929717302,30.76804851449289,30.778284866261785,30.788990899009494,30.8009342055775,31.65524818811857,31.661238918973673,31.66665894798724,31.671410295285966,31.67433615247247,31.675408489373126,31.67627794661992,31.677471779135804,31.67777138806875
frame_000217.jpg,30.758061490892636,31.57791306421792,337.9974060058594,477.66094970703125,218.72344970703125,476.7622375488281,0.986706554889679,0.9989622831344604,119.27734208439617,20,detected,detected,ok,30.73820342086713,30.742901591848927,30.747350594691195,30.751204593818613,30.758061490892636,30.762868160983444,30.77243518465659,30.781892986138068,30.79298585912769,31.569124640741176,31.573124642089915,31.57575029230038,31.57711066759871,31.57791306421792,31.576789215669535,31.574635962978423,31.57193122539989,31.568358929832872
frame_000218.jpg,30.65242152261154,31.50972486823171,338.7200012207031,478.9011535644531,220.4284210205078,478.046142578125,0.9822884798049927,0.9993956089019775,118.29467016753536,20,detected,detected,ok,30.620782574909068,30.629351790139985,30.63679389337289,30.643015039763043,30.65242152261154,30.66041049498003,30.673701953090557,30.687522936251828,30.702095027328205,31.495591625348283,31.50102314209076,31.50568807881432,31.508029809355104,31.50972486823171,31.508276738721147,31.50555841638562,31.50189602715221,31.497785156790457
frame_000219.jpg,30.571313207775958,31.488240553442516,338.16461181640625,479.5798034667969,221.26768493652344,478.9862060546875,0.9852334856987,0.999419093132019,116.89843400083824,20,detected,detected,ok,30.521416722908093,30.532287357323078,30.543560942491382,30.556120161014285,30.571313207775958,30.583552892227278,30.60154226732908,30.619660326594833,30.64080009817408,31.47084012555913,31.477238690916312,31.482838328045677,31.485894260710776,31.488240553442516,31.487622009686493,31.486741603437135,31.485111292565342,31.482799192872516
frame_000220.jpg,30.587764498084283,31.585204516003003,337.962890625,479.6822509765625,221.64764404296875,478.9037170410156,0.9902791380882263,0.9991657733917236,116.31785203711222,20,detected,detected,ok,30.551330862587914,30.55849559977701,30.56644958695757,30.575730251168245,30.587764498084283,30.597243144965905,30.612115607485784,30.627318382301556,30.64472451387168,31.566328030438708,31.57382245723918,31.57955535732007,31.58198226044198,31.585204516003003,31.585573968937993,31.585043897530383,31.583247281845825,31.58100164880561
frame_000221.jpg,30.91146919075,31.816252208676225,343.2040710449219,481.18701171875,223.87551879882812,479.76165771484375,0.9750358462333679,0.999053418636322,119.33706471664694,20,detected,detected,ok,30.8426673517147,30.860689168833762,30.8775586408624,30.894575429398017,30.91146919075,30.923764962536183,30.939781033612693,30.954722807324742,30.969320007903086,31.7875634212441,31.79429794160318,31.800918146034093,31.80747495159254,31.816252208676225,31.82191888618572,31.82920199507384,31.83540700371058,31.840739347512788
frame_000222.jpg,30.88491273509478,31.834749575140098,342.9206237792969,481.1956481933594,223.3845672607422,479.6156005859375,0.988050639629364,0.999218225479126,119.54649872935978,20,detected,detected,ok,30.84271628795186,30.853739631101366,30.8641342622646,30.874471649147395,30.88491273509478,30.892182016057607,30.903143152894387,30.913204858253348,30.925023194096685,31.827448017086272,31.83179874413732,31.833606875325213,31.83395375706775,31.834749575140098,31.833938299908713,31.832271182330473,31.830105520982194,31.828067920811357
frame_000223.jpg,30.962126199067992,31.894927382001043,342.8813781738281,480.0589599609375,223.4406280517578,479.5101013183594,0.991263747215271,0.999067485332489,119.44201118338711,20,detected,detected,ok,30.955730737739408,30.955866339446644,30.957880059031364,30.96030320790708,30.962126199067992,30.962729792453075,30.96664989950193,30.97195715416034,30.97794899805026,31.88623116595401,31.890939924653587,31.89364615603592,31.894423085569912,31.894927382001043,31.894016875647605,31.893275534208325,31.89190411269938,31.890671802659163
frame_000224.jpg,30.914152842130562,31.891492672435806,342.42352294921875,479.3730163574219,222.60162353515625,479.07550048828125,0.9900122284889221,0.9991617202758789,119.82226877707708,20,detected,detected,ok,30.937163177816043,30.93049753394897,30.92421980321279,30.917698366811923,30.914152842130562,30.912035356599155,30.913997059891564,30.917448838078073,30.921878983277495,31.894643689459482,31.897125416248073,31.89713625540604,31.89386502414667,31.891492672435806,31.888014988137975,31.88437946222802,31.880553259779823,31.877535761368843
frame_000225.jpg,30.979269682267287,31.91372357751242,343.0569152832031,479.90380859375,222.5341796875,480.0253601074219,0.9909170269966125,0.9990047812461853,120.52279689022421,20,detected,detected,ok,30.987693220665278,30.98481084919003,30.982799858803443,30.98029628334545,30.979269682267287,30.978634570155883,30.98033351523469,30.983535489696447,30.988355441233587,31.913400376708708,31.916237928347186,31.9174100834217,31.915638730595653,31.91372357751242,31.910830886616612,31.907554467238203,31.90519795699533,31.90213177506348
frame_000226.jpg,30.863092427578152,31.8677074368468,342.34271240234375,480.7557678222656,223.47657775878906,480.0098876953125,0.9840593338012695,0.9987743496894836,118.86847480414416,20,detected,detected,ok,30.857756819981397,30.855840845916777,30.856531024430623,30.85873717775196,30.863092427578152,30.86796365290862,30.877933623950163,30.887523539218886,30.898247866290752,31.868372692317564,31.870342998038215,31.87078426499113,31.86961164387376,31.8677074368468,31.86298201260266,31.85805905056957,31.85262717086864,31.84634829144656
frame_000227.jpg,30.883330673798465,31.832513840103374,342.4559326171875,479.8638000488281,223.260009765625,479.4251708984375,0.9894517064094543,0.9987325072288513,119.19672990467151,20,detected,detected,ok,30.903638793926252,30.896388533657476,30.89023626715859,30.884475403837584,30.883330673798465,30.883960155612872,30.888396949386042,30.89401240072734,30.900834696996288,31.8157905969938,31.823622334040436,31.829008101219234,31.831090443295036,31.832513840103374,31.83070196663357,31.827498153124267,31.823283347870372,31.817698205116766
frame_000228.jpg,30.749631055380316,31.592932674566953,343.11102294921875,481.3541564941406,224.97557067871094,480.9939880371094,0.9813441038131714,0.9988749623298645,118.13600130559215,20,detected,detected,ok,30.741756446601812,30.744113124282503,30.7458676681881,30.746953761402242,30.749631055380316,30.753154431697276,30.7607996599324,30.76988703930285,30.780136754259583,31.559646287670443,31.569272565486752,31.57828892923671,31.58593618560372,31.592932674566953,31.59643579671718,31.60095039090755,31.604296742238166,31.607437904682385
frame_000229.jpg,30.7008010255641,31.526729509082,343.0970458984375,481.01031494140625,225.89480590820312,480.3687744140625,0.9855335354804993,0.9987448453903198,117.20399580635772,20,detected,detected,ok,30.688716897183976,30.690681698506907,30.6921637022596,30.695445602008736,30.7008010255641,30.706075824613144,30.71575372205352,30.72617383508625,30.73834369691813,31.49481384127448,31.504944404665345,31.51284532969814,31.51977813579601,31.526729509082,31.531705509092827,31.53705792503789,31.54216338078473,31.546211827834828
frame_000230.jpg,30.538977732858907,31.296414153578603,342.2834167480469,478.5419921875,228.2583770751953,482.3251953125,0.9988341927528381,0.9986693859100342,114.08778329988002,20,detected,detected,ok,30.54603741918619,30.544050323617604,30.540783710061767,30.536686524418652,30.538977732858907,30.539902029691664,30.54566278349508,30.55151305475353,30.559170464647725,31.227709156597285,31.243962917186952,31.26077555805491,31.278771746434522,31.296414153578603,31.311513088565512,31.328896911384078,31.34291343973491,31.354311643165506
frame_000231.jpg,30.538977732858907,31.296414153578603,342.2834167480469,478.5419921875,228.2583770751953,482.3251953125,0.9988341927528381,0.9986693859100342,114.08778329988002,20,detected,detected,ok,30.54603741918619,30.544050323617604,30.540783710061767,30.536686524418652,30.538977732858907,30.539902029691664,30.54566278349508,30.55151305475353,30.559170464647725,31.227709156597285,31.243962917186952,31.26077555805491,31.278771746434522,31.296414153578603,31.311513088565512,31.328896911384078,31.34291343973491,31.354311643165506
frame_000232.jpg,30.478697270056234,31.33719696731472,342.1940002441406,481.2603759765625,226.44314575195312,480.4556884765625,0.985852837562561,0.9990092515945435,115.75365150890153,20,detected,detected,ok,30.425601029890338,30.437893843351603,30.450747523871,30.46414199302486,30.478697270056234,30.489706871348734,30.507418069632916,30.524208614135052,30.541283095151243,31.2855241136342,31.301276261522435,31.314338332687633,31.326106032710506,31.33719696731472,31.343621825984503,31.350471551290994,31.354815057609805,31.357397552647853
frame_000233.jpg,30.336329252956507,31.475504669519793,338.26507568359375,483.52850341796875,229.1688232421875,482.77569580078125,0.9980941414833069,0.9989532232284546,109.0988497467665,20,detected,detected,ok,30.211018361384195,30.238546074041142,30.268018873141685,30.30019343696232,30.336329252956507,30.366860744649806,30.404097950331913,30.437365254005975,30.470114441038955,31.40885039637814,31.425747535748627,31.441373696207695,31.458007221699493,31.475504669519793,31.489686324947524,31.507439219711454,31.52314847532503,31.5371629847701
frame_000234.jpg,30.387512209716363,31.55196608917668,338.98370361328125,484.2825012207031,229.27867126464844,483.00164794921875,0.9983657002449036,0.9987338185310364,109.71250934928817,20,detected,detected,ok,30.27944376275039,30.301559907066594,30.32693903905416,30.35595132850143,30.387512209716363,30.41355764594689,30.446387032853696,30.47546527452315,30.504288064604594,31.49887809172336,31.511817824857975,31.52412764993791,31.53810810660745,31.55196608917668,31.563017341683253,31.576319152725947,31.586678245471813,31.595106277756877
frame_000235.jpg,30.432394812310367,31.598408427871963,340.3037414550781,484.64996337890625,230.18653869628906,484.0135498046875,0.9984602928161621,0.9992794394493103,110.11904179413165,20,detected,detected,ok,30.325201900802195,30.34843982351606,30.372960067823325,30.401181884132544,30.432394812310367,30.460155041784496,30.493443851293176,30.52353100196821,30.55418708689051,31.546307839644832,31.55803313825597,31.571038288272977,31.584390432303408,31.598408427871963,31.610740041948628,31.624833361966285,31.636681646644256,31.646663808433658
frame_000236.jpg,30.55130006213786,31.576715452120684,340.5918273925781,484.256103515625,230.71946716308594,483.7137451171875,0.9985180497169495,0.9987911581993103,109.8736988320301,20,detected,detected,ok,30.489114571761203,30.49980929420356,30.514306890045123,30.531464363194377,30.55130006213786,30.56847082159065,30.590944866797226,30.612197337998072,30.635082116057546,31.50911345683796,31.524136929938052,31.54033376945557,31.55778984967902,31.576715452120684,31.592447493316875,31.60961504986997,31.623560093580743,31.636096484039083
frame_000237.jpg,30.64305901495004,31.769735174768776,342.1993103027344,485.02703857421875,230.42449951171875,484.6546325683594,0.9987025260925293,0.9991868138313293,111.77543117161545,20,detected,detected,ok,30.56816735846094,30.582688482307603,30.599719779511833,30.62028074069903,30.64305901495004,30.66325859652374,30.689357302934354,30.714363795505907,30.74013077753003,31.733033409688936,31.7440586835707,31.75374469294471,31.76225512676868,31.769735174768776,31.776448320272472,31.784105229649718,31.78943871649852,31.793472679007163
frame_000238.jpg,30.812364124896693,31.602761296851185,348.7240905761719,485.65240478515625,234.8777618408203,488.8858642578125,0.9994151592254639,0.9990721940994263,113.89223778062772,20,detected,detected,ok,30.784242233719368,30.785492585912234,30.790625574308194,30.800134836945094,30.812364124896693,30.825671758055567,30.84328439478892,30.86100907583571,30.88066045887453,31.536919734993972,31.554137242026933,31.570031849477807,31.586676526411853,31.602761296851185,31.615921613195518,31.632532273576818,31.64740854201127,31.66222292831457
frame_000239.jpg,30.671061602151497,31.57253070992955,350.12548828125,488.4146728515625,236.93695068359375,492.1150817871094,0.9995852112770081,0.9990707039833069,113.24900913379471,20,detected,detected,ok,30.63863275969871,30.640739692625484,30.64694468526319,30.657372665628117,30.671061602151497,30.684676215436042,30.70396183552712,30.722093292833666,30.741111089197627,31.495908197485274,31.515294074746848,31.534137207021722,31.553245484578646,31.57253070992955,31.58936144509921,31.610054532531247,31.629583694089035,31.64798472486645
frame_000240.jpg,30.648492219175605,31.482911023590464,349.54974365234375,488.44049072265625,236.83473205566406,492.1294860839844,0.9994762539863586,0.9992712140083313,112.77536311630983,20,detected,detected,ok,30.63947582421363,30.63610745732757,30.635802104212495,30.639920942150717,30.648492219175605,30.657309677046918,30.671000648789565,30.684262724960266,30.698610492862187,31.415203113284942,31.431358088692843,31.448281475297144,31.465772456968427,31.482911023590464,31.497689902370457,31.514552370782376,31.529181043398232,31.54345785690116
frame_000241.jpg,30.645128800605384,31.47321010564093,349.5929260253906,489.14898681640625,237.46058654785156,492.8516540527344,0.9993425011634827,0.9993553757667542,112.19345480628111,20,detected,detected,ok,30.621376722630185,30.622738083882464,30.627373598847623,30.634228884226935,30.645128800605384,30.656219220647394,30.673337323622775,30.68864114646166,30.70514253312225,31.402416020156416,31.41946561565695,31.43682019953287,31.454889748391423,31.47321010564093,31.48783376907355,31.50506480643445,31.520780145034855,31.536720763038282
frame_000242.jpg,30.3746408398018,31.281278245154564,347.3427734375,487.0765380859375,239.1354522705078,487.496826171875,0.9965008497238159,0.9995846152305603,108.20813738444895,20,detected,detected,ok,30.327097112310348,30.335869814287197,30.34688419386497,30.358112831640174,30.3746408398018,30.38629112529039,30.405532413139515,30.42431324066221,30.44375389476253,31.222918711500306,31.233860840958922,31.247083745771818,31.263381493773046,31.281278245154564,31.29683707128252,31.31632577850883,31.333231792107267,31.350032996269675
frame_000243.jpg,30.333570951628325,31.132422091611218,349.3695373535156,488.2481384277344,241.7744140625,488.34503173828125,0.9958518743515015,0.9996838569641113,107.59516691897682,20,detected,detected,ok,30.298650179974253,30.301600319581873,30.308868274393152,30.3184386833832,30.333570951628325,30.346632597303454,30.366396766536532,30.386362545724896,30.407539031760937,31.07106967264478,31.08170823878017,31.0958590459932,31.112935575262686,31.132422091611218,31.14993999346733,31.1718194168514,31.191091019813268,31.210759151202872
frame_000244.jpg,30.375235873219147,31.177303353878823,352.08978271484375,489.0840759277344,242.05691528320312,492.378662109375,0.9992783665657043,0.9996205568313599,110.08217936313424,20,detected,detected,ok,30.348588523433133,30.351167481330666,30.3561745513549,30.362968272266965,30.375235873219147,30.38693969768709,30.404971028039462,30.4230933893242,30.442587490823968,31.11031286766049,31.12404962484771,31.140154595543038,31.158475246480382,31.177303353878823,31.19385854439022,31.214053326528212,31.231857715630696,31.248659978211904
frame_000245.jpg,30.45198484988416,31.27007557441075,352.30133056640625,489.2337951660156,243.3046112060547,489.77215576171875,0.9965498447418213,0.9995962977409363,108.99804889744698,20,detected,detected,ok,30.418445118819573,30.421612984323342,30.42787762405535,30.436962148758454,30.45198484988416,30.465664105876858,30.484746402119267,30.5032651912375,30.52382664476539,31.194081641265218,31.209141491660844,31.22641031801372,31.247110261910333,31.27007557441075,31.289679260794884,31.313902120257726,31.335806810253963,31.358880875327234
frame_000246.jpg,30.608290108140746,31.54077768542746,355.1097106933594,491.30255126953125,242.68234252929688,495.1890869140625,0.9988740086555481,0.9994909763336182,112.4945255184174,20,detected,detected,ok,30.57011351275799,30.576653523546025,30.584119760678348,30.594031506632998,30.608290108140746,30.621832028880192,30.64107748384115,30.660646338482874,30.680839372108366,31.48985282151582,31.499793561454407,31.510524873469876,31.524731041180885,31.54077768542746,31.5558203216166,31.573712216744937,31.589671730661237,31.605302862970746
frame_000247.jpg,30.77100022421641,31.588488235629335,357.034423828125,492.3372802734375,242.70896911621094,495.7027893066406,0.9992713332176208,0.9996805191040039,114.3749808574344,20,detected,detected,ok,30.745751810552434,30.747487032966614,30.752003304781155,30.76062997299434,30.77100022421641,30.780298289156207,30.79353335520395,30.808053254518946,30.823754573124713,31.543981468658135,31.554425382885277,31.565191176072457,31.576155530354743,31.588488235629335,31.600154649047592,31.613756127741752,31.627016565263002,31.640382610854413
frame_000248.jpg,30.8550686099781,31.605856596703354,357.5027160644531,493.31109619140625,242.5924072265625,496.11016845703125,0.9992077946662903,0.9997273087501526,114.94439474270851,20,detected,detected,ok,30.83363619707011,30.835641651424606,30.839600444635803,30.846221371190325,30.8550686099781,30.863933261055543,30.87528564643027,30.888670425821473,30.90340280833175,31.571575949349544,31.579927975528562,31.58764336037633,31.596473517705068,31.605856596703354,31.614588081665627,31.625595997770493,31.636441012058057,31.6479139166634
frame_000249.jpg,30.854067266035074,31.648575438989475,357.99237060546875,494.9014892578125,242.2074432373047,497.93988037109375,0.9986483454704285,0.9997503161430359,115.82478675226773,20,detected,detected,ok,30.814136845383082,30.81989971334504,30.82853093061488,30.840121175208456,30.854067266035074,30.867635424185178,30.885605608415563,30.904119405862108,30.924840496988953,31.595966910548654,31.609681090196034,31.622968537759977,31.636029676120906,31.648575438989475,31.659398132563965,31.672739254862634,31.684545899077182,31.696342463992682
frame_000250.jpg,30.861070311310034,31.657643552207233,358.3165283203125,496.1909484863281,242.49571228027344,499.1504211425781,0.998257577419281,0.9997041821479797,115.85862033782234,20,detected,detected,ok,30.81570898778791,30.82232901828441,30.832548834513034,30.846272998485464,30.861070311310034,30.876339306070207,30.897165005565764,30.91901310417774,30.942655728112737,31.604376069164893,31.618110638105684,31.631349765404405,31.644040873258632,31.657643552207233,31.669336478256497,31.683380844967438,31.69611415093331,31.7088795756118
frame_000251.jpg,30.88309615915713,31.53611394991023,362.2586669921875,496.20367431640625,245.33828735351562,498.65606689453125,0.9993282556533813,0.9998370409011841,116.9460961477911,20,detected,detected,ok,30.866374295433328,30.865036355530332,30.866916065822757,30.873417177792128,30.88309615915713,30.894417072935052,30.91032630976314,30.926923331016095,30.945777493783627,31.478224298003703,31.49160835419517,31.50552609384316,31.520547795882855,31.53611394991023,31.549760544263215,31.565613883345932,31.580155895972098,31.593414893418444
frame_000252.jpg,30.88309615915713,31.53611394991023,362.2586669921875,496.20367431640625,245.33828735351562,498.65606689453125,0.9993282556533813,0.9998370409011841,116.9460961477911,20,detected,detected,ok,30.866374295433328,30.865036355530332,30.866916065822757,30.873417177792128,30.88309615915713,30.894417072935052,30.91032630976314,30.926923331016095,30.945777493783627,31.478224298003703,31.49160835419517,31.50552609384316,31.520547795882855,31.53611394991023,31.549760544263215,31.565613883345932,31.580155895972098,31.593414893418444
frame_000253.jpg,30.83819535117476,31.541482694977798,385.9434814453125,481.54315185546875,265.05853271484375,479.50579833984375,0.9937042593955994,0.9992885589599609,120.9021159406058,20,detected,detected,ok,30.822504466506746,30.820922576445174,30.82381808045893,30.829985635273616,30.83819535117476,30.845300456412037,30.857441719884466,30.87018839699673,30.883172296367036,31.5093343217703,31.517877975781282,31.525824520865413,31.533948445169706,31.541482694977798,31.547837868501073,31.554775013828163,31.560023698711444,31.563641042309463
frame_000254.jpg,31.017421235333412,31.081463507818853,438.423828125,456.5853271484375,307.74334716796875,452.47998046875,0.6317272782325745,0.9558005928993225,130.74495009185412,20,detected,detected,ok,31.111661528990595,31.08816741678294,31.06623954440422,31.04152947628706,31.017421235333412,30.99652038604035,30.972150555695535,30.95046867360296,30.929355643269886,31.029220712545136,31.04525555501333,31.05856340851792,31.07120908959708,31.081463507818853,31.09000263345067,31.098173760228327,31.104001573452205,31.108665384182945
frame_000255.jpg,30.317988362361714,31.779318098289618,493.5732421875,467.7549133300781,356.8873596191406,468.247314453125,0.5545515418052673,0.8388040065765381,136.6867694854089,20,detected,detected,ok,30.176587642743517,30.21266996420496,30.24713607079308,30.280849292887797,30.317988362361714,30.348688064231517,30.38925816847502,30.42658262665155,30.46511306210939,31.83833661152882,31.826406735894142,31.812456041977928,31.79679652147314,31.779318098289618,31.763110821580177,31.74190408631706,31.721825790126246,31.701700691531364
frame_000256.jpg,,,,,,,,,,20,missing,missing,no_detection,,,,,,,,,,,,,,,,,,
frame_000257.jpg,,,,,,,,,,20,missing,missing,no_detection,,,,,,,,,,,,,,,,,,
frame_000258.jpg,,,,,,,,,,20,missing,missing,no_detection,,,,,,,,,,,,,,,,,,
frame_000259.jpg,,,,,,,,,,20,missing,missing,no_detection,,,,,,,,,,,,,,,,,,
frame_000260.jpg,32.236625645677705,31.8980267228263,584.1334228515625,430.9635009765625,464.25592041015625,433.1640625,0.9987500905990601,0.003148022573441267,119.89769832072588,20,detected,opposite_inferred,opposite_inferred_repair,32.252569286500595,32.24983630276443,32.24624583624201,32.241378652030406,32.236625645677705,32.232053062529694,32.2269014836393,32.22223717375697,32.2177092215767,31.863732913866205,31.871924975500022,31.87984368318201,31.88886724397366,31.8980267228263,31.90600590654292,31.91518539805333,31.92296151587547,31.930386879047227
