frame_name,left_temp,right_temp,left_x,left_y,right_x,right_y,left_conf,right_conf,nostril_spacing,roi_radius,left_source,right_source,status,left_temp_r16,left_temp_r17,left_temp_r18,left_temp_r19,left_temp_r20,left_temp_r21,left_temp_r22,left_temp_r23,left_temp_r24,right_temp_r16,right_temp_r17,right_temp_r18,right_temp_r19,right_temp_r20,right_temp_r21,right_temp_r22,right_temp_r23,right_temp_r24
frame_000000.jpg,33.14417810126446,33.58134280414791,858.9057006835938,881.884765625,720.6658325195312,875.545166015625,0.9982859492301941,0.9971193075180054,138.38515698305426,20,detected,detected,ok,33.21163901323052,33.1938799384685,33.17745830598145,33.1607001315244,33.14417810126446,33.13060158024816,33.11379379307265,33.09928963864701,33.084730739159944,33.635767635674014,33.622538748963706,33.60905761941252,33.5950298610836,33.58134280414791,33.56963136269729,33.55554397013591,33.542088334790265,33.52653230846706
frame_000001.jpg,33.01701004962429,33.50199913331315,848.5730590820312,885.8814086914062,712.5758666992188,880.9364013671875,0.9978030323982239,0.9875679016113281,136.08706563610036,20,detected,detected,ok,33.08320313403963,33.069108208699554,33.05219587670717,33.03429452734829,33.01701004962429,33.00335417487742,32.98827154243516,32.97624159904877,32.965089067106625,33.5359362756466,33.52886747852348,33.52064444136139,33.51147582820287,33.50199913331315,33.49377410182059,33.48421824126119,33.47616268608988,33.46751892685006
frame_000002.jpg,32.8203161885666,33.42540824214112,841.772705078125,890.89892578125,708.0728149414062,888.3015747070312,0.97854083776474,0.954835057258606,133.72511677008703,20,detected,detected,ok,32.84751009326054,32.84003754869502,32.83313752857948,32.82629168526823,32.8203161885666,32.815621535655076,32.81037459919475,32.80505559065913,32.7996402015848,33.45055754612268,33.44365203464411,33.43746108151777,33.4308372816649,33.42540824214112,33.42094036752386,33.41535850420519,33.41024310162652,33.40510447044386
frame_000003.jpg,32.6944840398446,33.34993019615324,837.245849609375,891.6909790039062,700.0877075195312,889.5789794921875,0.9291309714317322,0.941311776638031,137.1744017062778,20,detected,detected,ok,32.69651348824869,32.695281166316754,32.69477301352103,32.694317085411384,32.6944840398446,32.69388530043459,32.693331221199415,32.693224820835795,32.692806172020425,33.35771399173462,33.355501537518315,33.35338477069819,33.35143653154556,33.34993019615324,33.34882941228571,33.34557735723825,33.34095353523747,33.33464690529048
frame_000004.jpg,32.75934267946937,33.351549567645314,838.9265747070312,892.8689575195312,700.18896484375,890.5902099609375,0.9601463079452515,0.9802286028862,138.75632267039882,20,detected,detected,ok,32.775542257339666,32.77054503542484,32.7666975617489,32.7626399494035,32.75934267946937,32.75660611769691,32.75343005331546,32.75095705898001,32.74874184010426,33.359542192969634,33.35756383154577,33.35534976482116,33.35324726611098,33.351549567645314,33.34995908408575,33.34597901234727,33.34102107965678,33.33547982678221
frame_000005.jpg,32.75934267946937,33.351549567645314,838.9265747070312,892.8689575195312,700.18896484375,890.5902099609375,0.9601463079452515,0.9802286028862,138.75632267039882,20,detected,detected,ok,32.775542257339666,32.77054503542484,32.7666975617489,32.7626399494035,32.75934267946937,32.75660611769691,32.75343005331546,32.75095705898001,32.74874184010426,33.359542192969634,33.35756383154577,33.35534976482116,33.35324726611098,33.351549567645314,33.34995908408575,33.34597901234727,33.34102107965678,33.33547982678221
frame_000006.jpg,32.80885883556374,33.346596218184125,841.0022583007812,894.0042114257812,701.0123291015625,894.2992553710938,0.9897360801696777,0.9848004579544067,139.99024011741656,20,detected,detected,ok,32.8321995670535,32.825716926023055,32.819641219190885,32.81398761908366,32.80885883556374,32.80440900479422,32.799385948784156,32.793922744694015,32.78792143032702,33.35012998724325,33.349578654307614,33.34907280697512,33.347878230372686,33.346596218184125,33.34461571419142,33.340834727525255,33.33595775955917,33.32998529628379
frame_000007.jpg,32.979938751684806,33.37391521032445,834.5407104492188,885.241943359375,694.9813842773438,881.8258056640625,0.9992664456367493,0.9970543384552002,139.60113007530106,20,detected,detected,ok,33.006885263310316,33.001381036921074,32.99509271908727,32.98791032051153,32.979938751684806,32.972746415504425,32.963035743730714,32.95349345204705,32.943313731229516,33.38361771945846,33.38044126786166,33.37800196190978,33.375702275388356,33.37391521032445,33.37233058671564,33.3707860564116,33.368716207799295,33.36519964831733
frame_000008.jpg,32.916938761416205,33.34475917922609,830.35791015625,885.3832397460938,692.679443359375,883.7569580078125,0.9990066885948181,0.9913259148597717,137.68807142171204,20,detected,detected,ok,32.940373538482376,32.935588839164545,32.93033437642101,32.923583961780416,32.916938761416205,32.91050214959056,32.90246924572256,32.893781769655334,32.88443483066012,33.346434713176926,33.34610621758722,33.34543497918487,33.344919691673724,33.34475917922609,33.34500428614284,33.345406851183306,33.34594615489812,33.34568009317378
frame_000009.jpg,32.88653368739463,33.33573892335813,828.4761962890625,885.7673950195312,692.97216796875,884.5399169921875,0.9977174997329712,0.9842183589935303,135.50958782809306,20,detected,detected,ok,32.90445779145665,32.901640760029636,32.89773327605702,32.89271507112813,32.88653368739463,32.88048025465309,32.872370642936765,32.8642339466117,32.85590041343655,33.33680904242731,33.33665647109179,33.33617909167146,33.335843598403095,33.33573892335813,33.33611302874999,33.33622645469032,33.335008988236574,33.332982178680204
frame_000010.jpg,32.77592976700778,33.32116157033795,823.7669067382812,886.486083984375,685.8280029296875,883.6835327148438,0.9941145777702332,0.854641318321228,137.96737106118545,20,detected,detected,ok,32.798314270256114,32.79199538934308,32.78605192573131,32.780698851530026,32.77592976700778,32.77255159540826,32.76954764729707,32.76644045959279,32.76311770849543,33.33401321124744,33.33227554004555,33.32958543695747,33.32536918627835,33.32116157033795,33.31662404735629,33.30951685239615,33.30306204288001,33.29564933265323
frame_000011.jpg,32.65484647342284,33.15598709915702,819.4220581054688,885.4133911132812,679.4659423828125,882.2525634765625,0.9916008710861206,0.6452983617782593,139.99180390123772,20,detected,detected,ok,32.66517652392884,32.66181792559552,32.659014275423935,32.65640341439475,32.65484647342284,32.65385992797753,32.65306350649693,32.65292803988346,32.653150282105386,33.13876598917614,33.146532878081814,33.15089644712877,33.154537630875055,33.15598709915702,33.15711922838855,33.15755624297799,33.15741170551871,33.15649066203718
frame_000012.jpg,32.6245818571312,33.15043111973062,816.5902709960938,883.8683471679688,678.4688110351562,880.2224731445312,0.9916689395904541,0.7091416716575623,138.16957009101404,20,detected,detected,ok,32.634639102032885,32.63149241369702,32.62896254984955,32.626259082143086,32.6245818571312,32.62303109837097,32.62134311405104,32.620239432819204,32.61939854754436,33.14217020839347,33.14552114251552,33.14852849398154,33.15010322513049,33.15043111973062,33.14974587822009,33.14824161229761,33.146102252577734,33.142491705463385
frame_000013.jpg,32.514541972831346,32.97013532796141,806.7041625976562,881.5651245117188,663.9236755371094,878.7374267578125,0.988290548324585,0.30089399218559265,142.80848490140366,20,detected,opposite_inferred,opposite_inferred_repair,32.506602410664634,32.50981673473152,32.51194882774616,32.51294457815828,32.514541972831346,32.515784538139386,32.517542765035685,32.51925730728429,32.5210839571285,32.94423892129655,32.95130134582296,32.958017539593385,32.96464140351252,32.97013532796141,32.974165982687055,32.97795891413832,32.98034697851823,32.98188729116563
frame_000014.jpg,32.58743968921474,32.980138266025605,795.3019409179688,879.5628051757812,652.5214538574219,876.735107421875,0.998593270778656,0.1553891897201538,142.80848490140366,20,detected,opposite_inferred,opposite_inferred_repair,32.592776652005696,32.59019627404861,32.58857324420637,32.58737121528502,32.58743968921474,32.587665973660904,32.5897865460858,32.591736167619224,32.59299245346475,32.93487822141002,32.949409023019015,32.96069919784362,32.97132689296857,32.980138266025605,32.98639651949708,32.993507094007086,32.997560124648636,32.99979083687175
frame_000015.jpg,32.58743968921474,32.980138266025605,795.3019409179688,879.5628051757812,652.5214538574219,876.735107421875,0.998593270778656,0.1553891897201538,142.80848490140366,20,detected,opposite_inferred,opposite_inferred_repair,32.592776652005696,32.59019627404861,32.58857324420637,32.58737121528502,32.58743968921474,32.587665973660904,32.5897865460858,32.591736167619224,32.59299245346475,32.93487822141002,32.949409023019015,32.96069919784362,32.97132689296857,32.980138266025605,32.98639651949708,32.993507094007086,32.997560124648636,32.99979083687175
frame_000016.jpg,33.120847678527724,33.421183112674875,764.367919921875,863.3523559570312,621.5874328613281,860.524658203125,0.9982563853263855,0.385121613740921,142.80848490140366,20,detected,opposite_inferred,opposite_inferred_repair,33.1852089615109,33.16853855004111,33.15240231821188,33.13662992959748,33.120847678527724,33.10639295873567,33.09018252085808,33.07583471219854,33.06230786617463,33.42536593700502,33.4251502499689,33.42391535256465,33.422835293445985,33.421183112674875,33.42026969608079,33.41934012922345,33.41890593260894,33.41861478024355
frame_000017.jpg,33.205415831112205,33.334245151749954,760.0678100585938,864.652099609375,617.85205078125,859.1340942382812,0.993613064289093,0.9722880721092224,142.3227689799029,20,detected,detected,ok,33.2700243014907,33.25406117591442,33.240678994514795,33.22388996050338,33.205415831112205,33.19075255564519,33.170993309418456,33.153127576873594,33.13526976167825,33.34622935490241,33.344471589702714,33.34206928926993,33.33838875239202,33.334245151749954,33.3306076968195,33.32511340134946,33.31867116029385,33.31224809311562
frame_000018.jpg,32.80351872720188,33.09205319754919,741.0999755859375,861.2298583984375,597.610595703125,858.1126708984375,0.9980946183204651,0.9472492337226868,143.52323504249838,20,detected,detected,ok,32.82809691744589,32.82052089551538,32.81435320255318,32.80832282677796,32.80351872720188,32.79911182220008,32.79468321488594,32.79031658463243,32.786508406555605,33.093757620441956,33.093858096174635,33.09378152511443,33.09342049319013,33.09205319754919,33.09057469656497,33.08828508510445,33.08588994021414,33.08435058319477
frame_000019.jpg,32.92935576932946,33.13860809288166,726.5219116210938,857.9505615234375,581.7738647460938,853.1846923828125,0.9992600083351135,0.7459307909011841,144.82648439699403,20,detected,detected,ok,32.95171503150556,32.94862470914869,32.94441922209655,32.93728944992479,32.92935576932946,32.92110712152038,32.91188215248516,32.903318488149296,32.89470618363054,33.16217074882709,33.157212527415105,33.15107146473151,33.14493348490575,33.13860809288166,33.132617052134336,33.12530618064769,33.11840958703492,33.111298098044536
frame_000020.jpg,32.92935576932946,33.13860809288166,726.5219116210938,857.9505615234375,581.7738647460938,853.1846923828125,0.9992600083351135,0.7459307909011841,144.82648439699403,20,detected,detected,ok,32.95171503150556,32.94862470914869,32.94441922209655,32.93728944992479,32.92935576932946,32.92110712152038,32.91188215248516,32.903318488149296,32.89470618363054,33.16217074882709,33.157212527415105,33.15107146473151,33.14493348490575,33.13860809288166,33.132617052134336,33.12530618064769,33.11840958703492,33.111298098044536
frame_000021.jpg,33.33021643373397,33.39609299596583,701.6084594726562,854.9808349609375,564.5057983398438,849.1284790039062,0.9994009733200073,0.8820889592170715,137.22751094422216,20,detected,detected,ok,33.3772042111277,33.36901235985929,33.35797412210608,33.34518685307999,33.33021643373397,33.316917069775,33.298861727361604,33.28239940830079,33.26576035124922,33.39085606975855,33.39207914904225,33.39329649847073,33.39454624653739,33.39609299596583,33.39674387694914,33.397497843999034,33.39745775855144,33.396357859098146
frame_000022.jpg,33.38144341721675,33.42006772149913,694.6214599609375,854.6774291992188,552.004638671875,849.5006713867188,0.9997019171714783,0.9210936427116394,142.71074429084052,20,detected,detected,ok,33.40714815827396,33.400155999139514,33.39503169001452,33.38802633348737,33.38144341721675,33.37458676740086,33.36311878546862,33.35199998990075,33.33926539226592,33.415081143680005,33.416410796046485,33.41755977001197,33.418771688128,33.42006772149913,33.42125290835987,33.422884016792494,33.4247667984316,33.42636422204152
frame_000023.jpg,33.39055068824862,33.474255641786456,691.3493041992188,853.1962890625,545.87451171875,848.045654296875,0.9996702671051025,0.8107151985168457,145.5659448007133,20,detected,detected,ok,33.42930151902308,33.42133586635837,33.4128097063353,33.40268668964975,33.39055068824862,33.379077277003546,33.36476419780184,33.349165014047216,33.33286985386103,33.45525591621563,33.46093944707746,33.465901132633896,33.470407051809225,33.474255641786456,33.47690637934566,33.479072831764164,33.480370770522995,33.48115738756053
frame_000024.jpg,33.24964598578855,33.088167231016904,690.9769897460938,858.9630126953125,548.1965026855469,856.1353149414062,0.9992478489875793,0.4230847954750061,142.80848490140366,20,detected,opposite_inferred,opposite_inferred_repair,33.254686955317545,33.25510718274666,33.25501290871565,33.25345261582401,33.24964598578855,33.239338428054054,33.22595998264493,33.2127115213105,33.19835508430837,33.081952425754174,33.08248553303047,33.08369679276643,33.085715166233555,33.088167231016904,33.089794100830474,33.09075866847189,33.09169503251525,33.09200670642895
frame_000025.jpg,33.24964598578855,33.088167231016904,690.9769897460938,858.9630126953125,548.1965026855469,856.1353149414062,0.9992478489875793,0.4230847954750061,142.80848490140366,20,detected,opposite_inferred,opposite_inferred_repair,33.254686955317545,33.25510718274666,33.25501290871565,33.25345261582401,33.24964598578855,33.239338428054054,33.22595998264493,33.2127115213105,33.19835508430837,33.081952425754174,33.08248553303047,33.08369679276643,33.085715166233555,33.088167231016904,33.089794100830474,33.09075866847189,33.09169503251525,33.09200670642895
frame_000026.jpg,33.17272599733156,33.04586947310562,687.411865234375,856.5372314453125,544.6313781738281,853.7095336914062,0.9991070628166199,0.23757201433181763,142.80848490140366,20,detected,opposite_inferred,opposite_inferred_repair,33.23580503389418,33.22090116304686,33.2055459858939,33.19048282511698,33.17272599733156,33.15762690013255,33.1393518942312,33.12373842218694,33.10828687980997,33.040245491519215,33.04153039407212,33.04339684508093,33.04500182037823,33.04586947310562,33.046940479433175,33.04745339093561,33.04814279628392,33.04832482335924
frame_000027.jpg,33.20283362308153,33.0718385387014,687.1722412109375,856.4080200195312,544.3917541503906,853.580322265625,0.9990192651748657,0.34498703479766846,142.80848490140366,20,detected,opposite_inferred,opposite_inferred_repair,33.23861635944945,33.2330047530817,33.225101638617346,33.21595322469355,33.20283362308153,33.191615471602695,33.17560379953174,33.160767598606306,33.14547818533463,33.07128540241981,33.07178371904629,33.07180123623064,33.07225752884788,33.0718385387014,33.070963718457556,33.06955810607778,33.06837346322297,33.06738849120344
frame_000028.jpg,33.330966923530205,33.35448342485673,690.182373046875,856.4632568359375,542.99755859375,853.6104125976562,0.9995986819267273,0.8169701099395752,147.21245981861972,20,detected,detected,ok,33.3267931114929,33.32912253173647,33.33109631853255,33.331644467797275,33.330966923530205,33.33070587777789,33.32857528905487,33.324755066829375,33.31895453471021,33.37732169646464,33.370959254891844,33.36494277515481,33.35906875757515,33.35448342485673,33.352548918916796,33.347926034128356,33.342668516601684,33.33719726799439
frame_000029.jpg,33.33893870897368,33.410413778912,691.9571533203125,854.967529296875,542.956298828125,850.0742797851562,0.9995593428611755,0.7314724922180176,149.08118100614163,20,detected,detected,ok,33.33650369356293,33.33832139468786,33.339275354084826,33.33962697634108,33.33893870897368,33.338273449102175,33.336714802228705,33.3336816138451,33.329007136336294,33.410083753545436,33.412229372072495,33.41265876453641,33.41227920313607,33.410413778912,33.409059434867885,33.406460199447494,33.40341836834384,33.398618103925536
frame_000030.jpg,33.32658142023171,33.41585138440652,695.07421875,854.5510864257812,543.99072265625,849.5255126953125,0.9996442794799805,0.8310300707817078,151.16705720238966,20,detected,detected,ok,33.311337558789816,33.31531417757629,33.31965159415105,33.324125129894504,33.32658142023171,33.32759102627153,33.328471819873215,33.328655802053035,33.32781736358086,33.41392078725421,33.41485344816493,33.415398249943074,33.41604966781799,33.41585138440652,33.41609120170079,33.415428491163375,33.41284749213923,33.40983171884322
frame_000031.jpg,33.31073456894277,33.37051647752037,695.0477294921875,855.00341796875,542.4661254882812,849.4698486328125,0.9995636343955994,0.6435983180999756,152.6819120590271,20,detected,detected,ok,33.30001960501698,33.30320444772431,33.3061848718441,33.30903041301652,33.31073456894277,33.31193170625696,33.31206948846192,33.31160617809761,33.31065705873832,33.38590747954147,33.38229625415897,33.378073965821706,33.37484662342126,33.37051647752037,33.36608253852094,33.36024360760959,33.35453575563061,33.3479102112205
frame_000032.jpg,33.238071014166536,33.27814528138221,695.510986328125,855.7085571289062,544.3902587890625,849.8060913085938,0.999524712562561,0.7080811858177185,151.23595271857656,20,detected,detected,ok,33.226989250351416,33.231016814307246,33.23437973385754,33.237290555170226,33.238071014166536,33.238494821980794,33.23842060538298,33.237134668286686,33.23487879633722,33.27961173212185,33.27863107199506,33.278586579114,33.27857308837918,33.27814528138221,33.27808926090809,33.27551417812971,33.2715413221711,33.26705326186868
frame_000033.jpg,33.116136214366655,33.19637925321875,690.9842529296875,852.3560180664062,544.6422729492188,850.666748046875,0.9994718432426453,0.44173693656921387,152.23374027503627,20,detected,tracked,tracked_repair,33.13104794590141,33.131757325746534,33.12913321304104,33.12361261842722,33.116136214366655,33.11143218974325,33.10465652516681,33.09821840856074,33.090876399031316,33.21414365322478,33.21042914385461,33.20581327839605,33.20155999615195,33.19637925321875,33.19316698896349,33.18868711605873,33.184149853232654,33.17952264655627
frame_000034.jpg,33.116136214366655,33.18794240458049,690.9842529296875,852.3560180664062,544.894287109375,851.5274047851562,0.9994718432426453,0.44173693656921387,152.23374027503627,20,detected,tracked,tracked_repair,33.13104794590141,33.131757325746534,33.12913321304104,33.12361261842722,33.116136214366655,33.11143218974325,33.10465652516681,33.09821840856074,33.090876399031316,33.20534280715788,33.20179073427468,33.19742868666248,33.192708303257334,33.18794240458049,33.18532855806318,33.18062001957312,33.17646563509056,33.17128381655385
frame_000035.jpg,33.05020079327984,33.18851036023581,690.215087890625,855.2857055664062,545.1463012695312,852.3880615234375,0.9994181394577026,0.49763745069503784,147.31358501044514,20,detected,tracked,tracked_repair,33.06116529238358,33.06103994462703,33.059655136272276,33.05562568642399,33.05020079327984,33.045122472895315,33.03923825968945,33.033496853686245,33.027028724745286,33.20590428360759,33.203672164327564,33.199810057185076,33.19536343534127,33.18851036023581,33.18406276686108,33.17605576225364,33.16942521834253,33.16263603781005
frame_000036.jpg,33.313695835502095,33.42313738990502,691.64208984375,855.78564453125,545.3983154296875,853.2487182617188,0.9996556043624878,0.8892815709114075,146.26577709692805,20,detected,detected,ok,33.333286437142284,33.328489695035216,33.323565230432095,33.31868686470751,33.313695835502095,33.31000913953396,33.306072459804284,33.302053897410104,33.29715472872867,33.444850938411626,33.44005325882693,33.4353777694962,33.43000204619987,33.42313738990502,33.41761514058731,33.410013364201696,33.403156086153565,33.396961990064995
frame_000037.jpg,33.28786993943259,33.408136062478704,692.6890258789062,856.6529541015625,546.759521484375,853.4815673828125,0.9996453523635864,0.8240479826927185,145.9639611224407,20,detected,detected,ok,33.29522577610365,33.29269906230277,33.29072742278385,33.289224925099816,33.28786993943259,33.28737260496474,33.287266114106444,33.28714093088136,33.2862299275053,33.427290626952335,33.42294059946948,33.4188624795662,33.414466208598554,33.408136062478704,33.40252945994758,33.39417306019408,33.38591348831008,33.37701432072461
frame_000038.jpg,33.2996530849716,33.3881544134014,692.3859252929688,856.4269409179688,546.2127075195312,853.2415771484375,0.9996886253356934,0.8065804243087769,146.20792090917996,20,detected,detected,ok,33.31494057508169,33.31040648337286,33.305820433732045,33.30287990130399,33.2996530849716,33.29793044058315,33.29530610594368,33.292523092536705,33.289507040500325,33.40925621786765,33.403345601148224,33.39845986275549,33.39382097954489,33.3881544134014,33.38353018103017,33.377764262080866,33.371925476187954,33.36524990657905
frame_000039.jpg,33.2996530849716,33.3881544134014,692.3859252929688,856.4269409179688,546.2127075195312,853.2415771484375,0.9996886253356934,0.8065804243087769,146.20792090917996,20,detected,detected,ok,33.31494057508169,33.31040648337286,33.305820433732045,33.30287990130399,33.2996530849716,33.29793044058315,33.29530610594368,33.292523092536705,33.289507040500325,33.40925621786765,33.403345601148224,33.39845986275549,33.39382097954489,33.3881544134014,33.38353018103017,33.377764262080866,33.371925476187954,33.36524990657905
frame_000040.jpg,33.12280704302558,33.20808852864258,688.5208740234375,856.9404296875,538.5352783203125,852.075439453125,0.9995113611221313,0.6115662455558777,150.06447630402684,20,detected,detected,ok,33.15946484814626,33.15182902745062,33.14282941481661,33.13371605647764,33.12280704302558,33.112647390844494,33.10063081566671,33.08999301375156,33.07934122061993,33.22833687699761,33.225878268483946,33.22317903200446,33.216498236321776,33.20808852864258,33.201507804137634,33.193773545476944,33.18630502953866,33.178259305698894
frame_000041.jpg,33.02665860530671,33.01178943611213,696.2976684570312,864.78076171875,543.8321533203125,862.1661376953125,0.998489260673523,0.6186544299125671,152.4879325215243,20,detected,detected,ok,33.021954087746145,33.02451648130234,33.025395655613025,33.026285573636805,33.02665860530671,33.02512513035591,33.02221625377336,33.01860680202633,33.014357931688885,33.01404062020399,33.01326564298661,33.01289269760327,33.012410551315014,33.01178943611213,33.01155392866913,33.010402335516,33.007463620649126,33.004445955517575
frame_000042.jpg,33.20205365035593,33.4077849847235,725.5325927734375,873.5347900390625,585.27685546875,866.666259765625,0.9966842532157898,0.9770433306694031,140.4238176200841,20,detected,detected,ok,33.26191040604316,33.2459497954022,33.23067203351758,33.21604938930237,33.20205365035593,33.1902333311238,33.17758454342886,33.16661966527192,33.15533827722034,33.44056911822355,33.435838375711484,33.42962496413448,33.41901087802828,33.4077849847235,33.39843497885391,33.38691787934656,33.376197408889084,33.365496748752705
frame_000043.jpg,32.75425904096666,33.156153246033796,779.0230712890625,899.1278686523438,636.2425842285156,896.3001708984375,0.9961926937103271,0.09138265997171402,142.80848490140366,20,detected,opposite_inferred,opposite_inferred_repair,32.75651517345533,32.75671795352366,32.755574953472255,32.754644961740304,32.75425904096666,32.75311820463269,32.75218120355335,32.75067422501988,32.74926680424347,33.15512165302561,33.15654371348057,33.15751126843084,33.15739467928011,33.156153246033796,33.15311322105791,33.148231191549755,33.14290721912333,33.13715096893165
frame_000044.jpg,32.75425904096666,33.156153246033796,779.0230712890625,899.1278686523438,636.2425842285156,896.3001708984375,0.9961926937103271,0.09138265997171402,142.80848490140366,20,detected,opposite_inferred,opposite_inferred_repair,32.75651517345533,32.75671795352366,32.755574953472255,32.754644961740304,32.75425904096666,32.75311820463269,32.75218120355335,32.75067422501988,32.74926680424347,33.15512165302561,33.15654371348057,33.15751126843084,33.15739467928011,33.156153246033796,33.15311322105791,33.148231191549755,33.14290721912333,33.13715096893165
frame_000045.jpg,32.612350073832665,32.85276983666508,849.988037109375,920.0735473632812,701.025146484375,917.9918823242188,0.9993377327919006,0.8144809603691101,148.9774349110984,20,detected,detected,ok,32.597534288077945,32.60159074359262,32.60568814616736,32.60879682068486,32.612350073832665,32.61435746249945,32.61681474662043,32.61836686520165,32.61917578584875,32.82245366616394,32.82984865766177,32.83734639172691,32.845257009169856,32.85276983666508,32.85970454766514,32.86785555197503,32.8754420124616,32.882716118290645
frame_000046.jpg,32.42247441174485,33.009383614228135,924.0157470703125,939.862060546875,781.2352600097656,937.0343627929688,0.9933781027793884,0.14159955084323883,142.80848490140366,20,detected,opposite_inferred,opposite_inferred_repair,32.44181926152626,32.43817298979961,32.43360428348614,32.42812698043675,32.42247441174485,32.417272393848855,32.41070664274081,32.40421548236033,32.39736323325313,33.03658906080618,33.03239380061219,33.02662038385458,33.018915375126944,33.009383614228135,33.0014186008349,32.992070179803626,32.98319571751791,32.974544912599164
frame_000047.jpg,29.10250355720571,32.86251245603047,1060.8921813964844,975.583740234375,918.1116943359375,972.7560424804688,0.030933182686567307,0.9909980297088623,142.80848490140366,20,opposite_inferred,detected,opposite_inferred_repair,29.05785625523248,29.064390832920125,29.0689569292331,29.07735208136921,29.10250355720571,29.13176073987363,29.169244314416108,29.203124043000923,29.24140860043913,32.92816722462193,32.91140728438294,32.895319244268705,32.8786217558058,32.86251245603047,32.8490305021195,32.83465695199978,32.82197115787596,32.81008633155209
frame_000048.jpg,,,,,,,,,,20,missing,missing,no_detection,,,,,,,,,,,,,,,,,,
frame_000049.jpg,,,,,,,,,,20,missing,missing,no_detection,,,,,,,,,,,,,,,,,,
frame_000050.jpg,,,,,,,,,,20,missing,missing,no_detection,,,,,,,,,,,,,,,,,,
frame_000051.jpg,,,,,,,,,,20,missing,missing,no_detection,,,,,,,,,,,,,,,,,,
frame_000052.jpg,,,,,,,,,,20,missing,missing,no_detection,,,,,,,,,,,,,,,,,,
frame_000053.jpg,,,,,,,,,,20,missing,missing,no_detection,,,,,,,,,,,,,,,,,,
frame_000054.jpg,,,,,,,,,,20,missing,missing,no_detection,,,,,,,,,,,,,,,,,,
frame_000055.jpg,,,,,,,,,,20,missing,missing,no_detection,,,,,,,,,,,,,,,,,,
frame_000056.jpg,,,,,,,,,,20,missing,missing,no_detection,,,,,,,,,,,,,,,,,,
frame_000057.jpg,,,,,,,,,,20,missing,missing,no_detection,,,,,,,,,,,,,,,,,,
frame_000058.jpg,,,,,,,,,,20,missing,missing,no_detection,,,,,,,,,,,,,,,,,,
frame_000059.jpg,,,,,,,,,,20,missing,missing,no_detection,,,,,,,,,,,,,,,,,,
frame_000060.jpg,,,,,,,,,,20,missing,missing,no_detection,,,,,,,,,,,,,,,,,,
frame_000061.jpg,,,,,,,,,,20,missing,missing,no_detection,,,,,,,,,,,,,,,,,,
frame_000062.jpg,,,,,,,,,,20,missing,missing,no_detection,,,,,,,,,,,,,,,,,,
frame_000063.jpg,,,,,,,,,,20,missing,missing,no_detection,,,,,,,,,,,,,,,,,,
frame_000064.jpg,,,,,,,,,,20,missing,missing,no_detection,,,,,,,,,,,,,,,,,,
frame_000065.jpg,,,,,,,,,,20,missing,missing,no_detection,,,,,,,,,,,,,,,,,,
frame_000066.jpg,,,,,,,,,,20,missing,missing,no_detection,,,,,,,,,,,,,,,,,,
frame_000067.jpg,,,,,,,,,,20,missing,missing,no_detection,,,,,,,,,,,,,,,,,,
frame_000068.jpg,,,,,,,,,,20,missing,missing,no_detection,,,,,,,,,,,,,,,,,,
frame_000069.jpg,,,,,,,,,,20,missing,missing,no_detection,,,,,,,,,,,,,,,,,,
frame_000070.jpg,,,,,,,,,,20,missing,missing,no_detection,,,,,,,,,,,,,,,,,,
frame_000071.jpg,,,,,,,,,,20,missing,missing,no_detection,,,,,,,,,,,,,,,,,,
frame_000072.jpg,,,,,,,,,,20,missing,missing,no_detection,,,,,,,,,,,,,,,,,,
frame_000073.jpg,,,,,,,,,,20,missing,missing,no_detection,,,,,,,,,,,,,,,,,,
frame_000074.jpg,,,,,,,,,,20,missing,missing,no_detection,,,,,,,,,,,,,,,,,,
frame_000075.jpg,,,,,,,,,,20,missing,missing,no_detection,,,,,,,,,,,,,,,,,,
frame_000076.jpg,,,,,,,,,,20,missing,missing,no_detection,,,,,,,,,,,,,,,,,,
frame_000077.jpg,,,,,,,,,,20,missing,missing,no_detection,,,,,,,,,,,,,,,,,,
frame_000078.jpg,,,,,,,,,,20,missing,missing,no_detection,,,,,,,,,,,,,,,,,,
frame_000079.jpg,,,,,,,,,,20,missing,missing,no_detection,,,,,,,,,,,,,,,,,,
frame_000080.jpg,,,,,,,,,,20,missing,missing,no_detection,,,,,,,,,,,,,,,,,,
frame_000081.jpg,,,,,,,,,,20,missing,missing,no_detection,,,,,,,,,,,,,,,,,,
frame_000082.jpg,,,,,,,,,,20,missing,missing,no_detection,,,,,,,,,,,,,,,,,,
frame_000083.jpg,,,,,,,,,,20,missing,missing,no_detection,,,,,,,,,,,,,,,,,,
frame_000084.jpg,,,,,,,,,,20,missing,missing,no_detection,,,,,,,,,,,,,,,,,,
frame_000085.jpg,,,,,,,,,,20,missing,missing,no_detection,,,,,,,,,,,,,,,,,,
frame_000086.jpg,,,,,,,,,,20,missing,missing,no_detection,,,,,,,,,,,,,,,,,,
frame_000087.jpg,,,,,,,,,,20,missing,missing,no_detection,,,,,,,,,,,,,,,,,,
frame_000088.jpg,,,,,,,,,,20,missing,missing,no_detection,,,,,,,,,,,,,,,,,,
frame_000089.jpg,,,,,,,,,,20,missing,missing,no_detection,,,,,,,,,,,,,,,,,,
frame_000090.jpg,,,,,,,,,,20,missing,missing,no_detection,,,,,,,,,,,,,,,,,,
frame_000091.jpg,,,,,,,,,,20,missing,missing,no_detection,,,,,,,,,,,,,,,,,,
frame_000092.jpg,,,,,,,,,,20,missing,missing,no_detection,,,,,,,,,,,,,,,,,,
frame_000093.jpg,,,,,,,,,,20,missing,missing,no_detection,,,,,,,,,,,,,,,,,,
frame_000094.jpg,,,,,,,,,,20,missing,missing,no_detection,,,,,,,,,,,,,,,,,,
frame_000095.jpg,,,,,,,,,,20,missing,missing,no_detection,,,,,,,,,,,,,,,,,,
frame_000096.jpg,,,,,,,,,,20,missing,missing,no_detection,,,,,,,,,,,,,,,,,,
frame_000097.jpg,,,,,,,,,,20,missing,missing,no_detection,,,,,,,,,,,,,,,,,,
frame_000098.jpg,,,,,,,,,,20,missing,missing,no_detection,,,,,,,,,,,,,,,,,,
frame_000099.jpg,,,,,,,,,,20,missing,missing,no_detection,,,,,,,,,,,,,,,,,,
frame_000100.jpg,,33.35453779727054,1080.0,929.89501953125,986.2578125,912.80224609375,0.0018299573566764593,0.9452996253967285,95.28777792073264,20,missing,detected,ok,,,,,,,,,,33.39304319169215,33.38409624293707,33.375418015110434,33.36530440199878,33.35453779727054,33.34552045928429,33.334695743819125,33.325358222658956,33.31596424053855
frame_000101.jpg,32.475497473532265,33.33858262670968,1043.0787353515625,905.1685791015625,905.5617065429688,906.0130004882812,0.8345285058021545,0.9883367419242859,137.5196213629966,20,detected,detected,ok,32.49583496126334,32.49359423929256,32.48890646339861,32.48260089849996,32.475497473532265,32.46846035528645,32.45911836593897,32.450437685858,32.44116102723061,33.34257708112312,33.34290492623049,33.3431711811495,33.34107520304509,33.33858262670968,33.33554451072459,33.332113051973174,33.328286351708016,33.32302842858578
frame_000102.jpg,32.81340003592878,33.304987529551,982.7314453125,898.3851318359375,839.2811889648438,898.9683227539062,0.9953719973564148,0.9916144609451294,143.4514418116984,20,detected,detected,ok,32.84729774075034,32.83967254568661,32.83170680452361,32.82269707831001,32.81340003592878,32.80491429614481,32.79476642259338,32.78569823160647,32.77643180328935,33.32236506660239,33.32101716318723,33.31573604327876,33.310365886284536,33.304987529551,33.300565039871536,33.29328340758887,33.285054267363364,33.27699966481038
frame_000103.jpg,32.56774296849666,33.23189150096275,931.97509765625,906.5935668945312,777.0943603515625,900.6837768554688,0.9790698885917664,0.9422179460525513,154.99344633354477,20,detected,detected,ok,32.555006120849626,32.559644618292396,32.56346829305288,32.56624094802909,32.56774296849666,32.56693473413897,32.56495678010661,32.56209570218679,32.558273804693805,33.23393300793963,33.232791157697065,33.232530237885534,33.232447516146394,33.23189150096275,33.23104898402433,33.22873384205502,33.22525927603172,33.220205553965556
frame_000104.jpg,32.572565700003835,33.19102026853788,891.5405883789062,908.6343383789062,740.5736083984375,904.2095947265625,0.9978446960449219,0.9640907049179077,151.0318092350489,20,detected,detected,ok,32.547007772919386,32.55495509424657,32.5622793713298,32.56847114268706,32.572565700003835,32.57532946102189,32.57825575745954,32.57922129221667,32.579367659710776,33.19907838653189,33.19844946257316,33.19799251098614,33.19628373760793,33.19102026853788,33.18583528054141,33.178753273400076,33.170971894396104,33.16308444891737
frame_000105.jpg,32.616524763240996,33.06918451691581,865.8231201171875,907.2227783203125,712.9598388671875,904.9761962890625,0.9915189146995544,0.9438839554786682,152.8797890021429,20,detected,detected,ok,32.60649341547134,32.609515427130596,32.612405880966364,32.61519240118129,32.616524763240996,32.616800426006954,32.61665457119328,32.61539640017355,32.6138269370165,33.080009976549974,33.07849367604879,33.076011138528514,33.07398284660129,33.06918451691581,33.06394961390797,33.05645425162573,33.04985102829846,33.04366910180037
frame_000106.jpg,32.58986312468295,32.925152451320905,844.6182861328125,904.3703002929688,697.0302124023438,902.0702514648438,0.9978904128074646,0.9917278289794922,147.60599490563396,20,detected,detected,ok,32.57542579447598,32.579055250137536,32.582927846473495,32.586137038969085,32.58986312468295,32.592217903821194,32.594645559283315,32.59633483730743,32.59814742794262,32.91501187966411,32.91735108541343,32.91956092171096,32.92263469090495,32.925152451320905,32.92691070172371,32.92865032014683,32.930027263139046,32.93076377882608
frame_000107.jpg,32.78439212406236,33.24851757456774,841.6983032226562,908.1353149414062,689.8573608398438,905.459716796875,0.9978410005569458,0.9942843317985535,151.86451398905407,20,detected,detected,ok,32.78437384080834,32.78587046879772,32.78619539392916,32.78521091049967,32.78439212406236,32.78308643934823,32.780846122064574,32.77761928580477,32.77366680157933,33.23609355462609,33.23999356671109,33.24354017008741,33.24651484490184,33.24851757456774,33.25005259149773,33.25098101891632,33.24921339679936,33.245605055695705
frame_000108.jpg,33.035534702674944,33.366201201202166,838.712158203125,909.7694702148438,686.75830078125,905.7848510742188,0.998751163482666,0.9873939752578735,152.00609190122398,20,detected,detected,ok,33.059309451875215,33.05511721359069,33.0497204887268,33.04318619794558,33.035534702674944,33.02848770046252,33.01958577466196,33.01111934960118,33.002502225607515,33.368559886360096,33.36848928910318,33.36792052057467,33.367200935139856,33.366201201202166,33.36586199492568,33.364145781735544,33.36330260892889,33.36188142305091
frame_000109.jpg,33.080371444525184,33.41560674769257,833.6416015625,902.8449096679688,690.4428100585938,904.0662841796875,0.9940452575683594,0.9919443130493164,143.20400009733348,20,detected,detected,ok,33.13716431136111,33.12386652489319,33.11119098079464,33.095768457107056,33.080371444525184,33.066708274784894,33.05032542848641,33.035357681320846,33.02077410928587,33.40838282718368,33.410852254113,33.41230439926705,33.414015985357985,33.41560674769257,33.41545682657306,33.41313243479332,33.409519176022826,33.404076164616015
frame_000110.jpg,33.08662861146317,33.42484916493713,833.7525634765625,903.8160400390625,689.9468383789062,905.149658203125,0.9951209425926208,0.9941866397857666,143.8119087846003,20,detected,detected,ok,33.14510521357608,33.131058664971995,33.11709381188604,33.10266577646884,33.08662861146317,33.072955701226654,33.05675736633341,33.042585651056314,33.02848951083778,33.420509756144355,33.42139115972223,33.422439786048145,33.42356384606727,33.42484916493713,33.424381581814835,33.42247389074921,33.41943077326265,33.41406480253534
frame_000111.jpg,33.112285569575356,33.46650468409743,834.5377807617188,902.9036254882812,690.6473999023438,903.800048828125,0.9966410398483276,0.9937803149223328,143.89317314820815,20,detected,detected,ok,33.1640610114134,33.152056083781446,33.14030879252278,33.12690890090547,33.112285569575356,33.09935892395601,33.084590606285055,33.07130846048531,33.05759635365899,33.46627148105271,33.466536159967845,33.466836821013224,33.46643469981951,33.46650468409743,33.46590758042813,33.46472225687456,33.46184796061019,33.45638623451186
frame_000112.jpg,33.113506054758005,33.5146776353921,833.8350830078125,902.2077026367188,690.0204467773438,902.8753662109375,0.997515082359314,0.9956942796707153,143.81618604576605,20,detected,detected,ok,33.16814204734024,33.15503354288285,33.14200067195893,33.12832099368071,33.113506054758005,33.10032490900259,33.08328029117828,33.06832789508047,33.05456294234449,33.52219004310477,33.5213723067763,33.52020026427001,33.5178098539823,33.5146776353921,33.51189904649965,33.50766259943555,33.50388326250998,33.498801288171585
frame_000113.jpg,33.199071812460936,33.527344500684016,836.9331665039062,902.9072265625,690.9473266601562,903.578369140625,0.9983310103416443,0.9971852898597717,145.98738256179948,20,detected,detected,ok,33.26167838297099,33.24713485957077,33.23219612887933,33.215631980735324,33.199071812460936,33.18523704387722,33.168206336171046,33.15369957221365,33.139420306702604,33.53174320060389,33.531491315040796,33.53085239503694,33.52911985764619,33.527344500684016,33.52492122225255,33.52125464614583,33.51627405414211,33.51160668689389
frame_000114.jpg,33.20918578942144,33.561392953595394,838.467529296875,903.7088623046875,693.2686767578125,904.9104614257812,0.9979698061943054,0.9972660541534424,145.20382439559995,20,detected,detected,ok,33.26403910360195,33.250696225381446,33.23745371876597,33.224098347176096,33.20918578942144,33.19668770202945,33.18071989889261,33.166558407146944,33.15289930219301,33.56697760481277,33.566113938240335,33.56541027527159,33.56378712817207,33.561392953595394,33.55900799240216,33.55538852772604,33.55131397096609,33.547004749227064
frame_000115.jpg,33.18220930866418,33.56559077100179,840.1749267578125,902.4298095703125,694.8408813476562,904.2510986328125,0.9954639077186584,0.9980210065841675,145.3454569263537,20,detected,detected,ok,33.23923343607238,33.225666228976024,33.212904746820755,33.19866206727404,33.18220930866418,33.16775542877589,33.15015299307886,33.135096559221374,33.12019886318064,33.58040005735607,33.57712086458093,33.57365089970455,33.569836069480736,33.56559077100179,33.56091851042821,33.55519521668872,33.55008829290612,33.54471904676973
frame_000116.jpg,33.0852721146304,33.48309995188112,841.47119140625,900.974365234375,695.7192993164062,903.3836059570312,0.9888179898262024,0.9987554550170898,145.77180278994,20,detected,detected,ok,33.15848998092923,33.13896735135569,33.120863784218045,33.102503036111486,33.0852721146304,33.07094802774375,33.054174727640884,33.03936475510675,33.02505613863803,33.49113294052635,33.49028473810064,33.48855140556444,33.48590353085312,33.48309995188112,33.480172125317544,33.4773544362133,33.474797014430216,33.47213292278099
frame_000117.jpg,32.92448799624068,33.29041749348369,840.2738037109375,901.3317260742188,694.5951538085938,903.3185424804688,0.9902472496032715,0.9987519979476929,145.69219772109207,20,detected,detected,ok,32.97516362939442,32.96198404360516,32.949830769211815,32.9374350404451,32.92448799624068,32.91455763196057,32.90305233298008,32.89318507298912,32.883631161349506,33.296222701714754,33.29421420384324,33.29309649072803,33.29184923402621,33.29041749348369,33.289332461707176,33.28705935560897,33.28464012763917,33.28186476192209
frame_000118.jpg,32.858428109748644,33.29114606574045,839.9183959960938,900.7029418945312,695.0650024414062,902.6787109375,0.9925549626350403,0.9991200566291809,144.8668674598175,20,detected,detected,ok,32.89275106582089,32.88486328887448,32.87657603005246,32.86799400430682,32.858428109748644,32.85068425767523,32.84193530050609,32.834357418032646,32.8278345536207,33.29675176519402,33.29515293615325,33.29405983255334,33.29273197503163,33.29114606574045,33.288753244748385,33.28507602163844,33.28125932955628,33.27751759534991
frame_000119.jpg,32.746857010710144,33.23177037430103,839.2565307617188,904.0343017578125,696.6629638671875,904.809814453125,0.9939218759536743,0.9848635792732239,142.59567573964418,20,detected,detected,ok,32.75881629996009,32.75552874621932,32.7528714587123,32.7497549266074,32.746857010710144,32.74388207583652,32.74049421790373,32.736920371684114,32.73383963957944,33.25183332877558,33.24625556794992,33.24073857266688,33.23567382598501,33.23177037430103,33.22806894703561,33.2242229432369,33.21991415351159,33.215368124422284
frame_000120.jpg,32.79009985070836,33.25185813523729,844.8751831054688,906.5076293945312,701.8426513671875,907.5665283203125,0.9962628483772278,0.9874629378318787,143.0364513066423,20,detected,detected,ok,32.785921327588625,32.78805352737193,32.78951651967173,32.790594630407334,32.79009985070836,32.789167082645996,32.78734924972984,32.78517469334523,32.782632394306155,33.274200320578935,33.267565569581315,33.262131630917104,33.257120019481434,33.25185813523729,33.24824477538465,33.24379913986891,33.240125656527866,33.23681306619968
frame_000121.jpg,32.802765616646724,33.39237782069391,847.0636596679688,905.8871459960938,706.7554321289062,907.331298828125,0.9960262775421143,0.9916184544563293,140.31565947019456,20,detected,detected,ok,32.8094884500288,32.80762631320633,32.805911035065364,32.80472011881777,32.802765616646724,32.80092672059905,32.79789574688523,32.794236015838116,32.790227689945624,33.3937821517668,33.39558814355606,33.39604659828379,33.395517857593084,33.39237782069391,33.38851426714617,33.382019739298286,33.37548384640365,33.367227442203486
frame_000122.jpg,32.823740150935876,33.45897100333165,846.3179931640625,906.6961669921875,706.1010131835938,908.8294677734375,0.9944829344749451,0.9914692044258118,140.23320736211681,20,detected,detected,ok,32.835478518318716,32.83265528295688,32.83046897030111,32.827361435194234,32.823740150935876,32.82094601568094,32.81633567198218,32.81101041162421,32.805624334010865,33.46462878554447,33.46472731106596,33.463910498324495,33.462697496625744,33.45897100333165,33.456011542084724,33.45182614894978,33.447712319245895,33.44306626508234
frame_000123.jpg,32.823740150935876,33.45897100333165,846.3179931640625,906.6961669921875,706.1010131835938,908.8294677734375,0.9944829344749451,0.9914692044258118,140.23320736211681,20,detected,detected,ok,32.835478518318716,32.83265528295688,32.83046897030111,32.827361435194234,32.823740150935876,32.82094601568094,32.81633567198218,32.81101041162421,32.805624334010865,33.46462878554447,33.46472731106596,33.463910498324495,33.462697496625744,33.45897100333165,33.456011542084724,33.45182614894978,33.447712319245895,33.44306626508234
frame_000124.jpg,32.861328007517464,33.487151344340546,845.962646484375,906.3284912109375,705.5978393554688,908.3522338867188,0.9948474168777466,0.9941680431365967,140.3793952642368,20,detected,detected,ok,32.87411732411433,32.87289880404958,32.87005005038076,32.865880046814176,32.861328007517464,32.856879919575455,32.85065273576834,32.84446688124607,32.83796787867971,33.494452810025535,33.49378635143549,33.492029668322026,33.49019377638288,33.487151344340546,33.48466632190898,33.48025138806824,33.47630897303644,33.471746366924364
frame_000125.jpg,32.88812471526155,33.474594976254,846.6644897460938,907.0827026367188,705.4400024414062,908.6973266601562,0.9967421889305115,0.9944437146186829,141.2337170268095,20,detected,detected,ok,32.90016839431146,32.898467407080204,32.895983375811724,32.892851831266064,32.88812471526155,32.88404925455841,32.87805299508148,32.87167415423434,32.8647075214841,33.47607407028167,33.476584079652916,33.47615005487698,33.47642177418899,33.474594976254,33.47258310500588,33.468815166770035,33.46507743748863,33.46099147381053
frame_000126.jpg,32.93926391589196,33.52677156674326,846.2528076171875,906.944580078125,704.4663696289062,908.2700805664062,0.9967999458312988,0.9916176199913025,141.792633620189,20,detected,detected,ok,32.966802980559734,32.960637877703384,32.954160226906595,32.94811354052664,32.93926391589196,32.931355653208605,32.92055809446276,32.910462105480725,32.90078998251919,33.53715061606515,33.53582894397921,33.533618077175944,33.53069510421554,33.52677156674326,33.52305198571311,33.51857548000579,33.513395733201385,33.5082320224638
frame_000127.jpg,33.024977041401065,33.6316740308422,846.222900390625,906.9808349609375,702.0181884765625,908.3424072265625,0.9971765279769897,0.996183454990387,144.21113971275685,20,detected,detected,ok,33.06477025294356,33.05563567473252,33.04593067736166,33.036448541282674,33.024977041401065,33.01579652614713,33.00370390124106,32.99237488040662,32.981031509105456,33.63135087126646,33.63205503308875,33.63276358143431,33.63245089064982,33.6316740308422,33.630493959688664,33.628644299875916,33.62604183925663,33.62245070334098
frame_000128.jpg,33.02535168151129,33.59103900680156,844.3593139648438,905.9932250976562,700.3637084960938,907.5958251953125,0.9956445693969727,0.9957190155982971,144.00452326710058,20,detected,detected,ok,33.070994038372945,33.060118501964276,33.049152927170454,33.038159302122374,33.02535168151129,33.014970431094476,33.002197998712255,32.99052521576871,32.9789648559514,33.585099455088816,33.58735665092985,33.589165394637725,33.590406612106484,33.59103900680156,33.59047650287534,33.58906673861272,33.58657245938931,33.582993866085324
frame_000129.jpg,32.89028921303454,33.394236144556494,842.2276611328125,909.66796875,696.8518676757812,911.7927856445312,0.99277663230896,0.9898473620414734,145.3913208210748,20,detected,detected,ok,32.938620651990114,32.92618431031215,32.914318518761156,32.9024059518503,32.89028921303454,32.87989926284638,32.86769927236944,32.85703018075816,32.84716580816894,33.39572619614894,33.39533577568573,33.39535868194522,33.39524156729468,33.394236144556494,33.39388032544682,33.392847841767114,33.391272541895525,33.38830691464811
frame_000130.jpg,32.758053694567415,33.283918273248965,840.231201171875,907.846435546875,696.6305541992188,910.9052124023438,0.990672767162323,0.9846166372299194,143.63322013662787,20,detected,detected,ok,32.79188643576395,32.78237017188812,32.7740126470075,32.765396464260085,32.758053694567415,32.75204342991777,32.74534555737906,32.739606150031236,32.73370600778715,33.28329429256464,33.282794870203674,33.282929171156155,33.28352459506419,33.283918273248965,33.28282529824605,33.27950833223829,33.275437355108735,33.27103532512575
frame_000131.jpg,32.7296494155389,33.27871625769413,840.8114013671875,907.7462768554688,698.3475952148438,911.3680419921875,0.9898279905319214,0.9872997403144836,142.50983561185566,20,detected,detected,ok,32.741543098571455,32.73871903989222,32.73603688849843,32.73257688562707,32.7296494155389,32.72659342528223,32.722399212071416,32.71858392307814,32.7149450930806,33.28014180236388,33.28064665099028,33.281625224671444,33.281454175804136,33.27871625769413,33.27568919612924,33.269335170460806,33.262553179916985,33.25618257729436
frame_000132.jpg,32.75335354649706,33.30102686444914,840.831787109375,908.3043823242188,698.1705932617188,912.0487060546875,0.9909629225730896,0.9875249862670898,142.71032264779274,20,detected,detected,ok,32.77099182786006,32.76624820451223,32.761844066753,32.75782246034365,32.75335354649706,32.74962657720377,32.74507585222396,32.74020351226608,32.7354235968655,33.30915836755694,33.30712484479513,33.30591239437373,33.30357271320038,33.30102686444914,33.29587029257168,33.28796894199859,33.27955119924421,33.27142954017933
frame_000133.jpg,32.684122761657285,33.25887585136055,844.4965209960938,914.8097534179688,698.8429565429688,913.0306396484375,0.9969722032546997,0.9811314344406128,145.664429713316,20,detected,detected,ok,32.67760295575861,32.67939988699575,32.68062632446451,32.68218974270786,32.684122761657285,32.68563792880238,32.686554629441304,32.68662432063424,32.68585901417611,33.273579496918536,33.2733593596342,33.27180614305801,33.26796318215323,33.25887585136055,33.25022947656916,33.23915852836328,33.22867440070513,33.218979067894885
frame_000134.jpg,32.68085610106922,33.35296300607323,842.677978515625,915.9988403320312,696.30712890625,913.8524780273438,0.9977008700370789,0.9715223908424377,146.38658574648585,20,detected,detected,ok,32.67981583202367,32.67945315912758,32.67977563987769,32.67981913871063,32.68085610106922,32.6828327065875,32.68486594252413,32.68609667469476,32.686899147774696,33.357204972545205,33.35662863413081,33.35568311974162,33.354454154701884,33.35296300607323,33.35115723362224,33.3459153338712,33.33966548931625,33.332991512385675
frame_000135.jpg,32.8218044478733,33.36502810430396,841.9849243164062,916.9652099609375,696.4824829101562,914.6882934570312,0.9985175728797913,0.9660621881484985,145.52025564829447,20,detected,detected,ok,32.828920354314164,32.826556418957466,32.824739345031794,32.823076073882795,32.8218044478733,32.819908742487186,32.81779701893321,32.81565849102245,32.81232505098271,33.37223586387991,33.36958042624568,33.367627910243705,33.3664213911427,33.36502810430396,33.36345190854454,33.361609856204495,33.35876836376722,33.352626421839425
frame_000136.jpg,32.87046934860001,33.38254833224038,840.4173583984375,917.0333251953125,693.9336547851562,915.2277221679688,0.999201238155365,0.9625996947288513,146.4948313987766,20,detected,detected,ok,32.883446876782614,32.87937527351916,32.87650405544766,32.8734835746564,32.87046934860001,32.868205802555266,32.86368065389676,32.85874436976321,32.852584366364795,33.389452046143106,33.3859810410806,33.3843267008731,33.38308116843119,33.38254833224038,33.38164644077939,33.37996740425644,33.37810157635101,33.3755625506033
frame_000137.jpg,32.88751206516196,33.39702768561944,839.2737426757812,917.808349609375,692.175537109375,915.8547973632812,0.9991247057914734,0.8889890909194946,147.11117716623346,20,detected,detected,ok,32.90955823405533,32.90265001067399,32.89673439312177,32.89180844513351,32.88751206516196,32.88298419989131,32.87779659288754,32.87230929770473,32.86649353206847,33.405238341097416,33.40347178048995,33.40188095507005,33.399904593752865,33.39702768561944,33.39351884715468,33.38958301162852,33.386314014933056,33.38277529860206
frame_000138.jpg,33.04130541633057,33.481489242679736,839.75341796875,919.784423828125,691.510009765625,917.1881713867188,0.9992890357971191,0.834521472454071,148.26614111933262,20,detected,detected,ok,33.07827276258334,33.07292531791939,33.062914922344575,33.05241840664941,33.04130541633057,33.03354078301066,33.024708593250224,33.017559359809965,33.00961263384031,33.49080666235126,33.490414315756325,33.48897708309001,33.48631453085734,33.481489242679736,33.47650851870255,33.470050537210376,33.463963387261295,33.45763561565152
frame_000139.jpg,33.05871449589943,33.54423725505121,834.771240234375,917.6951293945312,687.46923828125,914.3850708007812,0.9991521835327148,0.8526923060417175,147.33918781944095,20,detected,detected,ok,33.11347312585834,33.09980973778897,33.087307647094896,33.07308569006738,33.05871449589943,33.04591734557641,33.031734269956,33.01883129702384,33.00625270589086,33.55323261887826,33.552840702733846,33.551206625134725,33.548734845980015,33.54423725505121,33.539449389426586,33.531215004650186,33.523381584309895,33.51486443047339
frame_000140.jpg,32.97243867310612,33.407101631230745,839.3190307617188,920.313720703125,693.7832641601562,918.2753295898438,0.9988045692443848,0.9453400373458862,145.55004087472864,20,detected,detected,ok,32.997813372969475,32.99316969358067,32.98705403861957,32.98009052251929,32.97243867310612,32.96638740144413,32.959889215638526,32.95314597984771,32.94602890679376,33.41234774944731,33.412229825053295,33.41154536791224,33.40935775831805,33.407101631230745,33.40569292296493,33.40298081145013,33.40032344602532,33.3971292940657
frame_000141.jpg,32.88843256667558,33.40528886917026,832.5493774414062,917.2398681640625,685.25634765625,912.45751953125,0.990946888923645,0.9570971131324768,147.37064660826013,20,detected,detected,ok,32.92691757849825,32.916630310679906,32.90704182209591,32.898109495499554,32.88843256667558,32.880636825850736,32.87162098930489,32.864088039572486,32.856881431934106,33.39799854966319,33.40196468237997,33.40400571748222,33.405838677943024,33.40528886917026,33.40463075332925,33.40114032563958,33.39753467824694,33.393695008761476
frame_000142.jpg,32.797779180161946,33.27287869398407,837.7364501953125,921.9972534179688,688.6016845703125,919.4445190429688,0.9987673759460449,0.8947828412055969,149.15661155581736,20,detected,detected,ok,32.803801865822756,32.80292499151901,32.8010293023192,32.79977887754676,32.797779180161946,32.79676301066653,32.79528487243063,32.79455283701999,32.79324858246081,33.27893172797871,33.27727671489771,33.275822964542456,33.27467544217753,33.27287869398407,33.27095096636558,33.26862408962295,33.26682642339809,33.265004216749006
frame_000143.jpg,32.74573512929411,33.27197113572456,836.3780517578125,921.774169921875,689.7939453125,919.1944580078125,0.9992294311523438,0.9656418561935425,146.6068046713053,20,detected,detected,ok,32.76342012618415,32.758710843489624,32.753451822153615,32.748695877022364,32.74573512929411,32.74340380537843,32.74069902579628,32.73915659739733,32.737080597765136,33.29363296938779,33.28811124190618,33.28274563580722,33.27729350911618,33.27197113572456,33.26813745440123,33.26322254165447,33.25856042523373,33.25404386427971
frame_000144.jpg,32.74573512929411,33.27197113572456,836.3780517578125,921.774169921875,689.7939453125,919.1944580078125,0.9992294311523438,0.9656418561935425,146.6068046713053,20,detected,detected,ok,32.76342012618415,32.758710843489624,32.753451822153615,32.748695877022364,32.74573512929411,32.74340380537843,32.74069902579628,32.73915659739733,32.737080597765136,33.29363296938779,33.28811124190618,33.28274563580722,33.27729350911618,33.27197113572456,33.26813745440123,33.26322254165447,33.25856042523373,33.25404386427971
frame_000145.jpg,32.77602355984548,33.27711331045678,837.390380859375,920.4605102539062,690.1774291992188,918.2474365234375,0.998469889163971,0.9756585955619812,147.22958545018048,20,detected,detected,ok,32.773073665277316,32.773906918998925,32.774746115416626,32.77554906685502,32.77602355984548,32.77585431858416,32.77513415121773,32.774841610550254,32.77425183291554,33.29427632373795,33.290602118135794,33.28653822735232,33.2812728646475,33.27711331045678,33.27374248629587,33.26824673780709,33.26290748099977,33.25735181060131
frame_000146.jpg,32.77880375294695,33.28013199152673,833.8468017578125,919.2115478515625,685.6995239257812,915.383056640625,0.9967635869979858,0.9726171493530273,148.1967384053822,20,detected,detected,ok,32.79041472397216,32.787294045155875,32.78404020479086,32.78128705031032,32.77880375294695,32.77688540678183,32.77471872667104,32.77267173848067,32.76984576784258,33.28300380448528,33.28290478435452,33.282943352088935,33.28234289294643,33.28013199152673,33.27915926517032,33.277196317354345,33.27592721376145,33.273501212509224
frame_000147.jpg,33.007066830948006,33.446406471069224,828.6629028320312,919.2958984375,683.3218994140625,915.5000610351562,0.9977172613143921,0.9907925128936768,145.39056247269642,20,detected,detected,ok,33.032570608972456,33.02598937193115,33.020744165697835,33.01392900120555,33.007066830948006,33.00006350970073,32.99205654539366,32.984307556815835,32.97607237401875,33.4414307175027,33.44240384058307,33.4434114167244,33.44484562716387,33.446406471069224,33.44728193327047,33.447234132138846,33.446397547576176,33.444763252408144
frame_000148.jpg,33.00136131067163,33.43175326182752,827.728759765625,917.9765014648438,686.967529296875,914.4237060546875,0.9959225654602051,0.9963681697845459,140.80605938063525,20,detected,detected,ok,33.014464423867416,33.014221964619,33.011702894280404,33.00745574433174,33.00136131067163,32.99556265427134,32.987500958668946,32.97971602210854,32.97183414379532,33.43960245002231,33.43762865825948,33.43509563319459,33.43274144618348,33.43175326182752,33.43042752465147,33.428134057679806,33.42523163996374,33.42096712361492
frame_000149.jpg,33.00136131067163,33.43175326182752,827.728759765625,917.9765014648438,686.967529296875,914.4237060546875,0.9959225654602051,0.9963681697845459,140.80605938063525,20,detected,detected,ok,33.014464423867416,33.014221964619,33.011702894280404,33.00745574433174,33.00136131067163,32.99556265427134,32.987500958668946,32.97971602210854,32.97183414379532,33.43960245002231,33.43762865825948,33.43509563319459,33.43274144618348,33.43175326182752,33.43042752465147,33.428134057679806,33.42523163996374,33.42096712361492
frame_000150.jpg,33.03201980182006,33.45234539432947,825.9589233398438,917.0259399414062,686.3257446289062,914.016357421875,0.9967712759971619,0.9980095028877258,139.66560845055048,20,detected,detected,ok,33.05233615389536,33.049487518131116,33.04552359216035,33.03940440191768,33.03201980182006,33.02387792572959,33.01364960449436,33.00372999642985,32.9932824158658,33.458608918239804,33.4572728641434,33.45576461042259,33.45450952493852,33.45234539432947,33.44979171178982,33.444791521162585,33.43729662702652,33.429254668900455
frame_000151.jpg,33.04948344238756,33.452344775157876,825.0651245117188,916.7218017578125,685.8367309570312,913.92724609375,0.9981129169464111,0.9971446394920349,139.2564365233381,20,detected,detected,ok,33.07008928918259,33.06692227239883,33.06248009594659,33.056873130508585,33.04948344238756,33.04262480124316,33.033931980876744,33.025607787206596,33.017032386048996,33.46098131428079,33.45966278911359,33.457765528558106,33.45609002443191,33.452344775157876,33.44804174444056,33.44304979917374,33.43554295687062,33.42759211616436
frame_000152.jpg,33.03639525721355,33.4253347948352,826.039794921875,918.3515625,686.5805053710938,915.1876831054688,0.9978235960006714,0.9966081380844116,139.49517401986273,20,detected,detected,ok,33.03720103412089,33.03810713071501,33.0386545291083,33.03893983179031,33.03639525721355,33.0338633511691,33.029514127318095,33.02394439592904,33.01715880426059,33.43493932674059,33.433145303451575,33.431166824555774,33.42930928667716,33.4253347948352,33.42116490501682,33.414941068292315,33.40879413930586,33.40237032795693
frame_000153.jpg,33.054417948264636,33.4382837751765,824.0021362304688,917.8088989257812,684.7861938476562,914.1376953125,0.9977001547813416,0.9930757284164429,139.2643398343766,20,detected,detected,ok,33.07431094447915,33.07083335258033,33.067110079111124,33.06163833069811,33.054417948264636,33.04827981110173,33.03946791537418,33.03053580667289,33.02078146915017,33.44506835631375,33.44367674383374,33.44224798439672,33.440651338549785,33.4382837751765,33.43444326538198,33.428335179632704,33.42272098570077,33.4168241471799
frame_000154.jpg,33.03657229478562,33.41829185661797,822.2424926757812,918.4646606445312,684.2026977539062,914.5074462890625,0.9977860450744629,0.9867339134216309,138.09650440010577,20,detected,detected,ok,33.075772374881424,33.06621197806387,33.056498108993225,33.04663678806071,33.03657229478562,33.0276534935167,33.016758654419625,33.007437065824774,32.99793527958943,33.42143894576966,33.420316632354336,33.41921429784521,33.418601356088004,33.41829185661797,33.41794181788494,33.416445280225695,33.41352635040692,33.409969534521345
frame_000155.jpg,32.8866466137178,33.318322018458446,822.6459350585938,915.6778564453125,685.0283203125,911.96533203125,0.9967818260192871,0.9925864338874817,137.66768221310798,20,detected,detected,ok,32.898000773558174,32.895935220849566,32.893901450761646,32.89084998244461,32.8866466137178,32.88231744369819,32.87680636778784,32.87110489316987,32.86505143884647,33.332799599642584,33.32730634123929,33.322495777951296,33.32015653828903,33.318322018458446,33.316235722476684,33.31303471454006,33.31003764454247,33.306036887257235
frame_000156.jpg,32.83715363848411,33.337791320268664,820.0247802734375,915.4214477539062,681.3738403320312,910.71484375,0.9980605244636536,0.98189777135849,138.73080143891994,20,detected,detected,ok,32.863277708504135,32.85776369501762,32.85149715180355,32.84421552424379,32.83715363848411,32.83110909003987,32.82344178302964,32.81610411468932,32.808875462319556,33.348842713742556,33.34794237907743,33.34503181574705,33.34127840459561,33.337791320268664,33.334821721798306,33.331985933254444,33.32713663565112,33.321664527024346
frame_000157.jpg,32.81548980842922,33.28078480711546,821.12158203125,915.176025390625,682.5850830078125,911.200927734375,0.9976086616516113,0.9795347452163696,138.59351703109212,20,detected,detected,ok,32.82904365393104,32.826661579319534,32.82364070957161,32.81978614332617,32.81548980842922,32.811877794722186,32.80695302509526,32.802094445673156,32.79660943359253,33.31130960639086,33.30524254931439,33.29778686169686,33.28946128402337,33.28078480711546,33.27421934870788,33.26625650794713,33.25862878408929,33.250149929736004
frame_000158.jpg,32.83086145387457,33.31731884948249,821.624755859375,917.0802001953125,682.29345703125,913.2356567382812,0.9971504807472229,0.9642489552497864,139.38432963402045,20,detected,detected,ok,32.835444270590244,32.83591477182535,32.83532910916933,32.833465988301846,32.83086145387457,32.828199784850845,32.82438489928291,32.82054591177619,32.81648616090995,33.342319904609674,33.33561205124462,33.32951724875798,33.32267231618029,33.31731884948249,33.31223225300293,33.305974338215094,33.299740960845426,33.29274958056274
frame_000159.jpg,32.83086145387457,33.31731884948249,821.624755859375,917.0802001953125,682.29345703125,913.2356567382812,0.9971504807472229,0.9642489552497864,139.38432963402045,20,detected,detected,ok,32.835444270590244,32.83591477182535,32.83532910916933,32.833465988301846,32.83086145387457,32.828199784850845,32.82438489928291,32.82054591177619,32.81648616090995,33.342319904609674,33.33561205124462,33.32951724875798,33.32267231618029,33.31731884948249,33.31223225300293,33.305974338215094,33.299740960845426,33.29274958056274
frame_000160.jpg,32.99227891015613,33.374834517831644,821.9232177734375,918.3356323242188,682.8949584960938,914.40380859375,0.997144877910614,0.9747574925422668,139.0838456311005,20,detected,detected,ok,33.0117173214505,33.00721870436353,33.002549170775694,32.99784226797685,32.99227891015613,32.987367949345774,32.98070164329276,32.973906783381615,32.96650461006599,33.38669471419225,33.38395171248383,33.38127021013196,33.377873571611154,33.374834517831644,33.36904432154869,33.36117840011354,33.35334381379723,33.34524288625057
frame_000161.jpg,32.99415525317256,33.39834293521972,822.1875,919.2286987304688,682.1473388671875,914.82958984375,0.9966036081314087,0.9565187096595764,140.10923912826482,20,detected,detected,ok,33.01385139558426,33.0091689842131,33.00546989743846,33.00098878295889,32.99415525317256,32.988512303367806,32.98098339031646,32.97432843459547,32.96797522528219,33.415368982672874,33.4125225375905,33.40842358925305,33.40380469910191,33.39834293521972,33.39106047272699,33.380568780978585,33.37085060504893,33.36195618058743
frame_000162.jpg,33.061576279468085,33.46343698210752,824.6029052734375,918.7831420898438,681.508056640625,914.0975952148438,0.9977577328681946,0.9535238742828369,143.17154065932706,20,detected,detected,ok,33.068703774191974,33.06890973924628,33.067077808447344,33.06497790122245,33.061576279468085,33.058334022066724,33.052900466475485,33.04748915231854,33.042273919958774,33.475824664110284,33.47272136867049,33.47026441558059,33.46709278459856,33.46343698210752,33.45913459772877,33.451554496179085,33.44249402243223,33.43373580449611
frame_000163.jpg,33.05131285994218,33.48622066893929,823.3175048828125,918.8834228515625,680.609619140625,915.0489501953125,0.9980886578559875,0.9656208157539368,142.7593914023059,20,detected,detected,ok,33.08124210116586,33.074841528257274,33.0682282823531,33.0599088491117,33.05131285994218,33.04439740293079,33.03501369044903,33.02653872677066,33.0179981585538,33.504599295722926,33.50034671588375,33.496085411787796,33.49112212874247,33.48622066893929,33.481058059477526,33.47368249879016,33.465234335383926,33.456740573981264
frame_000164.jpg,33.05198210006458,33.49083688904181,825.2933349609375,918.8240356445312,682.98583984375,915.5120849609375,0.9973451495170593,0.9807689189910889,142.34602974392683,20,detected,detected,ok,33.079889515747084,33.07386856965059,33.06754928471012,33.06032243734757,33.05198210006458,33.045377580705,33.036425144791366,33.02845705391897,33.02048496441644,33.51017483568236,33.50511311432953,33.50064869355574,33.49615390094538,33.49083688904181,33.48504497214662,33.47804085174947,33.47094916690095,33.46341150157997
frame_000165.jpg,33.0538887109315,33.47207485906315,826.7677612304688,919.1408081054688,685.2280883789062,916.7296142578125,0.997833788394928,0.9937607645988464,141.56020926340253,20,detected,detected,ok,33.073495296258834,33.07010669727203,33.065441476675865,33.0608061475409,33.0538887109315,33.047491029138854,33.03975268360913,33.03239446959394,33.0250701081528,33.48768361913731,33.48432276546133,33.48115257235909,33.47712330998492,33.47207485906315,33.46696677181243,33.46013817071238,33.45335823722872,33.445387891881154
frame_000166.jpg,32.889187088235545,33.4198615523026,827.0291748046875,919.26025390625,681.5072021484375,914.7774658203125,0.9955110549926758,0.845469057559967,145.5910021766105,20,detected,detected,ok,32.89677030495249,32.897314556176326,32.89554479811217,32.89251841040023,32.889187088235545,32.886171934201194,32.882137135781,32.878321368217364,32.874089049523334,33.44214450385151,33.438388305075215,33.43334622125898,33.42679247173746,33.4198615523026,33.414610321578245,33.40786144538542,33.40028866974518,33.39190000495036
frame_000167.jpg,32.889187088235545,33.4198615523026,827.0291748046875,919.26025390625,681.5072021484375,914.7774658203125,0.9955110549926758,0.845469057559967,145.5910021766105,20,detected,detected,ok,32.89677030495249,32.897314556176326,32.89554479811217,32.89251841040023,32.889187088235545,32.886171934201194,32.882137135781,32.878321368217364,32.874089049523334,33.44214450385151,33.438388305075215,33.43334622125898,33.42679247173746,33.4198615523026,33.414610321578245,33.40786144538542,33.40028866974518,33.39190000495036
frame_000168.jpg,32.81220751064823,33.34052011763537,824.7156372070312,917.5181884765625,683.7083740234375,913.3670043945312,0.9955123066902161,0.8931458592414856,141.06835435281076,20,detected,detected,ok,32.815761565212966,32.81592322602023,32.81560377021689,32.81447547725701,32.81220751064823,32.809214856319464,32.80526661079629,32.80175881324826,32.79856065364058,33.36704993240636,33.362271912343786,33.35659423911864,33.348909540707965,33.34052011763537,33.33357111877657,33.32401644727351,33.31548541771004,33.30724232962859
frame_000169.jpg,32.7130196779779,33.279365937040446,825.9334106445312,919.169189453125,680.2445068359375,915.368408203125,0.9908692836761475,0.885414183139801,145.7384734071962,20,detected,detected,ok,32.70925531654004,32.71140327442549,32.712333155440525,32.71293446817953,32.7130196779779,32.71127604013779,32.708714158712375,32.70594656775978,32.70335704409792,33.305801084229486,33.29966990613265,33.29392612565591,33.287081924482116,33.279365937040446,33.27320169527197,33.26453580235515,33.255958085619504,33.247795857628034
frame_000170.jpg,32.647267571670724,33.21929424055408,820.405517578125,920.6038208007812,676.7364196777344,915.7345275878906,0.9912103414535522,0.43544018268585205,146.3536064050484,20,detected,tracked,tracked_repair,32.66641661638801,32.66123128427511,32.656148310248604,32.65133986786559,32.647267571670724,32.64360889287901,32.63874078473402,32.634281204746344,32.630802951877506,33.259075180226574,33.249054499835644,33.23967560626456,33.22966140836203,33.21929424055408,33.211205059852304,33.19927647326258,33.18951063477346,33.17984675474285
frame_000171.jpg,32.846530657347984,33.49309114203619,817.9376831054688,919.83447265625,673.2283325195312,916.1006469726562,0.9970963001251221,0.8991771340370178,144.75751310809133,20,detected,detected,ok,32.86313949448259,32.86088088853262,32.85728380548888,32.85310001759204,32.846530657347984,32.840374726027356,32.83246525384051,32.824660194792614,32.816959347171476,33.50259667904553,33.50005555785813,33.497615455450756,33.4952363375092,33.49309114203619,33.48931207919282,33.481172355682226,33.472170359658826,33.46311663621385
frame_000172.jpg,32.846530657347984,33.49309114203619,817.9376831054688,919.83447265625,673.2283325195312,916.1006469726562,0.9970963001251221,0.8991771340370178,144.75751310809133,20,detected,detected,ok,32.86313949448259,32.86088088853262,32.85728380548888,32.85310001759204,32.846530657347984,32.840374726027356,32.83246525384051,32.824660194792614,32.816959347171476,33.50259667904553,33.50005555785813,33.497615455450756,33.4952363375092,33.49309114203619,33.48931207919282,33.481172355682226,33.472170359658826,33.46311663621385
frame_000173.jpg,32.99353203293102,33.49183672469841,817.3108520507812,920.5479736328125,672.8096923828125,917.3525390625,0.9975443482398987,0.9610148072242737,144.53648656128647,20,detected,detected,ok,33.02287059625073,33.01713241136005,33.0105872137002,33.00281616082113,32.99353203293102,32.98594855145017,32.97496552320528,32.96394368693056,32.952411969175174,33.50008586585791,33.49729378033841,33.495437077313845,33.4934133766919,33.49183672469841,33.49034147690438,33.48734537437083,33.48318248479945,33.47827575481736
frame_000174.jpg,32.98808158404663,33.47692176402938,816.5462036132812,920.4005737304688,672.8121337890625,916.8448486328125,0.9972875118255615,0.9525640606880188,143.77804425295085,20,detected,detected,ok,33.01778576784499,33.01188445201261,33.00447257440597,32.99734493187497,32.98808158404663,32.97958907374092,32.96881658090841,32.95832713975348,32.948279495887114,33.494320846230174,33.49040346079418,33.486103865456826,33.48190108424509,33.47692176402938,33.4713593552109,33.46376222098103,33.456851370004365,33.45033827252645
frame_000175.jpg,32.999174836459495,33.47825487870471,816.50732421875,921.5465087890625,669.674560546875,917.8787841796875,0.9977333545684814,0.9415492415428162,146.8785644378747,20,detected,detected,ok,33.02946699932489,33.021409608766916,33.014659367615664,33.007241966510776,32.999174836459495,32.99211818986922,32.98309247639529,32.973865143219875,32.9649415629314,33.48423502504624,33.48375431956613,33.48235205931792,33.48083400386274,33.47825487870471,33.47623854870037,33.473293301716254,33.469995947401515,33.46505859928751
frame_000176.jpg,33.02550629681946,33.477488276368426,817.2794189453125,921.193359375,670.541748046875,917.6248779296875,0.997316300868988,0.9254130125045776,146.78105504636383,20,detected,detected,ok,33.05531895467798,33.04883947551898,33.04227562579025,33.03431114130345,33.02550629681946,33.017024014699,33.006638387461805,32.99677451628151,32.98714403448342,33.48766758687207,33.48544879488155,33.483093538918304,33.48031509179278,33.477488276368426,33.47543483450655,33.47232340278037,33.46878819017375,33.46418364404148
frame_000177.jpg,33.038880756979495,33.49537005376559,816.0051879882812,920.374755859375,670.168701171875,916.8009033203125,0.9971199035644531,0.9295982122421265,145.8802704580808,20,detected,detected,ok,33.0734094981061,33.06532477204149,33.05829705908398,33.04942157173211,33.038880756979495,33.029876301710196,33.018435074404564,33.008042201422924,32.99805490557544,33.50556036625764,33.503996357052515,33.50109812178355,33.4986313608944,33.49537005376559,33.49307135469442,33.49004594952084,33.48633927166212,33.482678589281896
frame_000178.jpg,33.02736800359372,33.47775961333104,814.1275024414062,921.287109375,664.458740234375,917.2923583984375,0.9972932934761047,0.7670224905014038,149.72206389156415,20,detected,detected,ok,33.079382269010424,33.06618851261528,33.05413487828867,33.041177942569604,33.02736800359372,33.0169689815436,33.00489076623423,32.99418529934776,32.983372760061144,33.4639491156841,33.468335783540105,33.47206357658622,33.47572007228338,33.47775961333104,33.47914987672368,33.47896142937231,33.47716476742216,33.474034194046354
frame_000179.jpg,32.93977491166854,33.423758641636,815.36572265625,921.0327758789062,668.8002319335938,917.2830200195312,0.9954676628112793,0.9006029963493347,146.61345006437148,20,detected,detected,ok,32.97816780772627,32.969455125651834,32.96014152090181,32.950079478392965,32.93977491166854,32.931437867633925,32.921507485933056,32.91268367691652,32.904323997159324,33.42547656195693,33.42644174695637,33.426181153203046,33.426107973819256,33.423758641636,33.422438691691276,33.42014984014506,33.417148981311705,33.41245017211997
frame_000180.jpg,32.79351170218338,33.29559896398192,816.3994140625,921.6722412109375,668.7330322265625,918.2325439453125,0.9963384866714478,0.7270463109016418,147.70643805127804,20,detected,detected,ok,32.79261910913733,32.793375643056784,32.79425531928535,32.79440547622277,32.79351170218338,32.792163693275555,32.7899922563762,32.787637171339014,32.78504591615858,33.30632498400374,33.303608943851714,33.30106353591637,33.29843949611842,33.29559896398192,33.29403870302432,33.292265972850714,33.290490873533024,33.28840328665166
frame_000181.jpg,32.75277965310734,33.30053088404895,814.5936279296875,921.9061889648438,673.5301513671875,918.39453125,0.9960864782333374,0.8179033398628235,141.1071796890761,20,detected,detected,ok,32.7615007959611,32.757526273312514,32.755389070797854,32.753848160025065,32.75277965310734,32.751137196210436,32.74958688354594,32.747549500879664,32.745413834990785,33.31387738477173,33.310480671528644,33.30788163088617,33.305671071423966,33.30053088404895,33.2965407542795,33.29038886640301,33.28442718590737,33.27874129534985
frame_000182.jpg,32.69866082476185,33.262602898533665,815.5767822265625,922.7908935546875,676.6929931640625,919.6513671875,0.9970995187759399,0.8809381723403931,138.91926968627232,20,detected,detected,ok,32.69998105993279,32.69935082067095,32.698571226460714,32.69795690862531,32.69866082476185,32.69956814373486,32.70106280024815,32.70152457947488,32.70105272090719,33.27761615959627,33.27428196336961,33.27201477623693,33.26937202247975,33.262602898533665,33.256109493953275,33.248270019824716,33.241167405031334,33.23450304189881
frame_000183.jpg,32.67553924929462,33.25004717735573,813.823486328125,925.4190673828125,677.9505004882812,922.150146484375,0.9970012307167053,0.3615228533744812,141.34236418841763,20,detected,tracked,tracked_repair,32.68455671568818,32.68124348331216,32.67881009615981,32.67720802591581,32.67553924929462,32.67446284800774,32.6741637426785,32.67492318182861,32.675004636453366,33.26986782444999,33.26555232931872,33.26166172565677,33.2568515305132,33.25004717735573,33.244435450410435,33.23672910541941,33.22846197295998,33.2198947307535
frame_000184.jpg,32.70682419310547,33.365747718481686,815.4668579101562,924.0809936523438,679.2080078125,924.64892578125,0.9967312812805176,0.8033837080001831,136.26003367399628,20,detected,detected,ok,32.70952731418031,32.70833523873417,32.70783859091371,32.707109576398054,32.70682419310547,32.707753610989364,32.70930512878887,32.71034666082769,32.71090524658106,33.36627817177711,33.367051645680895,33.367200473445884,33.366843197531296,33.365747718481686,33.36289272545179,33.35709273869365,33.35165940704283,33.34508037258699
frame_000185.jpg,32.868354814213845,33.47119248838711,815.4761962890625,925.2383422851562,678.684326171875,925.7882080078125,0.9961162805557251,0.9324311017990112,136.79297526726452,20,detected,detected,ok,32.89750312900038,32.88904719686398,32.88090738056,32.87383483006555,32.868354814213845,32.863145054598874,32.85719883939375,32.851891997893254,32.84735112678996,33.49031899623532,33.48455587979869,33.47990052812838,33.47558700416743,33.47119248838711,33.46788129229184,33.463942222511065,33.458757300012486,33.451257989141396
frame_000186.jpg,32.8959075554073,33.48820966441473,816.6005249023438,924.5234375,679.2376098632812,926.2384643554688,0.9934611320495605,0.9836577773094177,137.37362099451147,20,detected,detected,ok,32.910045439675336,32.90669102884385,32.902774396453424,32.89938218291764,32.8959075554073,32.89260012889209,32.888432120009895,32.88447859655488,32.880610613110136,33.50594050687394,33.50049950699958,33.49583719558229,33.49183311131187,33.48820966441473,33.48528577427504,33.482498587653424,33.47897513238452,33.47486823256443
frame_000187.jpg,32.92025406619585,33.51618189299913,816.48681640625,924.666748046875,679.2770385742188,926.1470336914062,0.9954590797424316,0.9851292371749878,137.21776261951211,20,detected,detected,ok,32.95362250484532,32.94398845687455,32.93556771812896,32.927370046501856,32.92025406619585,32.91473235918832,32.90774991025816,32.90167979634172,32.89597986803298,33.53409468106287,33.529963359984414,33.5255990853259,33.52099843897008,33.51618189299913,33.51139044736779,33.506296325406005,33.501822012624416,33.49756426068334
frame_000188.jpg,32.95554595002579,33.505349744205816,818.351318359375,925.9169311523438,678.7738647460938,926.83984375,0.9952200055122375,0.9718347191810608,139.58050481650577,20,detected,detected,ok,32.97734196053502,32.971541546387186,32.96595146981609,32.96152457448455,32.95554595002579,32.94993802352084,32.942765601293395,32.93621837395926,32.92999486962413,33.52357824905482,33.52068987245854,33.51708680371608,33.511662672117346,33.505349744205816,33.500840652820365,33.49527147058778,33.490429982400904,33.48542296954094
frame_000189.jpg,32.97407498806077,33.507932278678595,817.6474609375,925.2796020507812,679.7196044921875,926.5286254882812,0.9940640330314636,0.9769203662872314,137.93351167553936,20,detected,detected,ok,32.99368165646407,32.9891603218232,32.98433321522668,32.979903052130396,32.97407498806077,32.96894216369944,32.96258435952435,32.95614282593507,32.95023094414115,33.53027251210848,33.52605672375211,33.52060193811303,33.51443910548428,33.507932278678595,33.50260746257154,33.49608573078647,33.49076494076645,33.48557764166687
frame_000190.jpg,33.021163091408845,33.5184146247907,819.461669921875,923.4677124023438,679.7514038085938,925.904541015625,0.9895813465118408,0.9705633521080017,139.7315160983175,20,detected,detected,ok,33.048853723786934,33.0427687306501,33.03572936002854,33.0286882804014,33.021163091408845,33.01532067742676,33.00758584361198,33.00110038890793,32.99492514017809,33.53221522611072,33.52989860973798,33.52710114801908,33.52267905869484,33.5184146247907,33.51501921717654,33.5103976303154,33.50585810642328,33.501534622030675
frame_000191.jpg,33.02795992686039,33.51128631089561,824.5158081054688,923.9537353515625,682.1624145507812,922.64599609375,0.9873461127281189,0.9917135238647461,142.35940024635593,20,detected,detected,ok,33.03435426039901,33.033095363584565,33.031646595093164,33.02973545388278,33.02795992686039,33.025467176408654,33.022233584812014,33.01877471033905,33.01540952396911,33.529192097988535,33.52488685258295,33.52028880385808,33.51543565901771,33.51128631089561,33.50693256800665,33.50073901755581,33.49347387712258,33.48526669255691
frame_000192.jpg,32.99756533930042,33.47322762454172,823.7818603515625,923.2222900390625,680.5322875976562,922.64404296875,0.9742017984390259,0.9641775488853455,143.25073983701097,20,detected,detected,ok,33.006397197748505,33.00466200635166,33.002780782716954,33.0003379217618,32.99756533930042,32.99467617893978,32.99111415108467,32.987497796000625,32.983578891797144,33.48913312997342,33.485212113224314,33.48147444378352,33.47753801546338,33.47322762454172,33.468889074628926,33.46399164211159,33.45810900253303,33.45057112087548
frame_000193.jpg,32.90593005768867,33.312070424909045,827.1256103515625,926.2266235351562,683.4979858398438,925.7601318359375,0.9816485643386841,0.9464038014411926,143.6283820746607,20,detected,detected,ok,32.89681979600896,32.90030049893744,32.903117975283706,32.905109053219476,32.90593005768867,32.90597938366702,32.90494612805737,32.9040341467726,32.90295884704929,33.32421817138814,33.320353450772764,33.31745336052846,33.31451779151319,33.312070424909045,33.310675975459816,33.30736263208917,33.30434599243386,33.29940212063579
frame_000194.jpg,32.84104575472577,33.298197474904406,826.9118041992188,926.2904663085938,686.8090209960938,926.4005737304688,0.9531258940696716,0.9734314680099487,140.10282647008302,20,detected,detected,ok,32.81601088551662,32.82363017114823,32.83047658967983,32.83647402503241,32.84104575472577,32.84329757720229,32.84425967113986,32.84420629215536,32.844070148479425,33.31290266345863,33.31071562878165,33.30844868032188,33.30556868580546,33.298197474904406,33.290450970217805,33.280313515549125,33.27134620033332,33.26245444411511
frame_000195.jpg,32.8284273984063,33.29748942374048,826.0236206054688,924.8975830078125,685.2059326171875,924.9891357421875,0.9851197600364685,0.9854347705841064,140.81771774982047,20,detected,detected,ok,32.81989594471514,32.8230480065146,32.825474738306355,32.827108864053145,32.8284273984063,32.82973076198028,32.830429165161796,32.831271545868454,32.831577024309716,33.31335657504395,33.30976932644412,33.306896968820226,33.3031694120559,33.29748942374048,33.29257008225616,33.284402468759325,33.27704611343596,33.26834199527637
frame_000196.jpg,32.8322176346999,33.29494797516636,828.8685913085938,925.9061279296875,686.9906005859375,925.6795654296875,0.9925323128700256,0.9876282215118408,141.8781716194022,20,detected,detected,ok,32.81351135090793,32.818917274595776,32.824384149597165,32.828536020929555,32.8322176346999,32.83527393516809,32.83790823443032,32.8393651223465,32.84062666796951,33.31443833393059,33.311575976477776,33.308045007978436,33.30383644252945,33.29494797516636,33.286462852412605,33.27574637519729,33.26613968376412,33.25547969521438
frame_000197.jpg,32.861207980210075,33.40116561732332,828.278564453125,926.3052978515625,685.80322265625,925.8657836914062,0.9886550903320312,0.9931550025939941,142.47601971150561,20,detected,detected,ok,32.84885796186486,32.85402224144025,32.857374154998524,32.859750295229226,32.861207980210075,32.8626141341457,32.86334800815347,32.86350842005724,32.86324261522849,33.40730348056987,33.40724987786384,33.40626007887216,33.404711556316556,33.40116561732332,33.39818511872895,33.39359767431541,33.38824616738001,33.381637520344455
frame_000198.jpg,32.89580127366983,33.42607876665493,828.4803466796875,925.2197265625,686.4487915039062,925.2808227539062,0.9804398417472839,0.9960610270500183,142.03156831632748,20,detected,detected,ok,32.888363648325914,32.89157839545461,32.89336998667702,32.894915791626815,32.89580127366983,32.896637819630364,32.896764347936156,32.89702854847999,32.8964769815378,33.43299531728477,33.43189590874,33.430400799191716,33.4275636310671,33.42607876665493,33.42336151996836,33.417598798998704,33.41187830873226,33.40475859458066
frame_000199.jpg,33.021037612160725,33.493124171807,828.18017578125,926.571533203125,685.41748046875,926.2587890625,0.9869757294654846,0.9963472485542297,142.76303786970632,20,detected,detected,ok,33.03200757776388,33.03031355148869,33.02818257614788,33.02538542903927,33.021037612160725,33.01732457698733,33.01158506957778,33.00619145803478,33.00083552206496,33.50177268648584,33.50006685829776,33.498270804063736,33.49553483987935,33.493124171807,33.48915268907875,33.48292005832811,33.47691194634459,33.471725010270404
frame_000200.jpg,33.08982121087381,33.553987548881494,828.9026489257812,926.3276977539062,684.5027465820312,925.8538818359375,0.993526816368103,0.9941149950027466,144.40067970203137,20,detected,detected,ok,33.09969237295004,33.097969002112514,33.09538700700457,33.093483954903,33.08982121087381,33.0854946828941,33.079435526517905,33.07332264399274,33.067322597586156,33.575353338951615,33.568934738556585,33.563656573093795,33.558404195154225,33.553987548881494,33.54995738954948,33.54457454192815,33.539116579203245,33.53188970705001
frame_000201.jpg,33.12093858066384,33.60114187388575,828.283447265625,927.5690307617188,683.255126953125,926.2893676757812,0.9951369166374207,0.9931007623672485,145.03396578139416,20,detected,detected,ok,33.142350343784265,33.137853535248674,33.13366059185598,33.128122241275456,33.12093858066384,33.11471396464905,33.106649534379734,33.09952382668894,33.09148984442201,33.62449988089657,33.61899244785587,33.613542802767846,33.60734334695958,33.60114187388575,33.59545118616859,33.58843888348462,33.58257362129289,33.57564078686536
frame_000202.jpg,33.165804078034505,33.63878042043336,831.0948486328125,928.8555908203125,684.45947265625,926.5538940429688,0.9974550604820251,0.9852485060691833,146.653439427252,20,detected,detected,ok,33.17727771321983,33.176342781426825,33.173694985637454,33.170011395442636,33.165804078034505,33.16091429730273,33.15378146904548,33.146514655376905,33.13863998420108,33.640694848019024,33.64288233125337,33.64398973454062,33.64255570273418,33.63878042043336,33.6335525883236,33.62686891660655,33.61980500908113,33.6124457422802
frame_000203.jpg,33.12935929560544,33.58104083740175,840.0028076171875,932.4773559570312,686.9052124023438,929.6068115234375,0.9990968704223633,0.7022361755371094,153.1245038715665,20,detected,detected,ok,33.1600754505689,33.15387329524781,33.146878396153774,33.13892737675589,33.12935929560544,33.12218098210618,33.11255057540871,33.1043997792767,33.096400065730776,33.590130627756906,33.588514431975696,33.58647769366852,33.5842532863552,33.58104083740175,33.57890309342804,33.57550692251811,33.571477862416735,33.56690928977333
frame_000204.jpg,32.644603902133994,33.3984242988001,900.850341796875,935.7914428710938,753.114013671875,931.0311279296875,0.8310351967811584,0.903117299079895,147.813000937668,20,detected,detected,ok,32.64345663746262,32.644174423398965,32.64484898431848,32.64532800371325,32.644603902133994,32.6440441251518,32.641539205475404,32.63908765344337,32.63592322377392,33.399326941976206,33.39946425790268,33.39956527360991,33.3994816410414,33.3984242988001,33.39659961057382,33.39444475552812,33.39291703684784,33.39097779760934
frame_000205.jpg,32.644603902133994,33.3984242988001,900.850341796875,935.7914428710938,753.114013671875,931.0311279296875,0.8310351967811584,0.903117299079895,147.813000937668,20,detected,detected,ok,32.64345663746262,32.644174423398965,32.64484898431848,32.64532800371325,32.644603902133994,32.6440441251518,32.641539205475404,32.63908765344337,32.63592322377392,33.399326941976206,33.39946425790268,33.39956527360991,33.3994816410414,33.3984242988001,33.39659961057382,33.39444475552812,33.39291703684784,33.39097779760934
frame_000206.jpg,32.60291299779298,33.34062395969677,932.5618286132812,932.3446044921875,779.6867065429688,929.5455932617188,0.966412365436554,0.5519767999649048,152.9007436603277,20,detected,detected,ok,32.59350956658237,32.59678314673498,32.600048006970866,32.60207874782351,32.60291299779298,32.60355986421714,32.60086782161441,32.597507733820606,32.5928714624182,33.34695957043857,33.34530874944378,33.34407070708337,33.34249091317532,33.34062395969677,33.33903484723346,33.33687559370552,33.33434856624172,33.33105704723347
frame_000207.jpg,32.31189940148968,33.313400182641125,968.187255859375,935.5350952148438,825.4067687988281,932.7073974609375,0.8111481666564941,0.4769536852836609,142.80848490140366,20,detected,opposite_inferred,opposite_inferred_repair,32.324486696092634,32.32239628981833,32.319951269409806,32.317156525488926,32.31189940148968,32.30766296165887,32.30136698849558,32.294428661649896,32.286841939533325,33.331965808832386,33.32763415726532,33.32383513015641,33.31903063017403,33.313400182641125,33.30790849788622,33.30062461036462,33.293008461724135,33.283754840217405
frame_000208.jpg,32.402740733455865,33.30307519285294,998.382568359375,930.087890625,855.6020812988281,927.2601928710938,0.8868661522865295,0.403810054063797,142.80848490140366,20,detected,opposite_inferred,opposite_inferred_repair,32.39429444102712,32.39698983175664,32.39900073567645,32.401064223651616,32.402740733455865,32.40432528462568,32.40619236533987,32.407133675169575,32.40696574220252,33.32515333807414,33.31928918181868,33.314265866453816,33.30835199381484,33.30307519285294,33.299461773315926,33.294320934677515,33.28958220563975,33.283793066948036
frame_000209.jpg,31.712057921264194,33.32817528839396,1053.0793151855469,929.4650268554688,910.298828125,926.6373291015625,0.2670157253742218,0.795510470867157,142.80848490140366,20,opposite_inferred,detected,opposite_inferred_repair,31.852269433216346,31.821875956935447,31.78809459403619,31.750193287959437,31.712057921264194,31.676819233010256,31.632962766126553,31.594518587748908,31.556540650938345,33.35326937868856,33.34888264010585,33.34259814630736,33.33572848611953,33.32817528839396,33.32034799563966,33.310117286185466,33.29938349160382,33.28703756038501
frame_000210.jpg,32.30580249603967,33.41001869942961,1078.28515625,928.857666015625,964.0667114257812,918.7579345703125,0.007202259264886379,0.761172354221344,114.6641082175697,20,low_conf_inferred,detected,low_conf_inferred_repair,32.292090105096,32.29500702060471,32.29768483048114,32.30164827548109,32.30580249603967,32.309343177618125,32.314248535163166,32.31893463352788,32.323587467452064,33.45407578842208,33.44483945156113,33.43477405721974,33.422456475511986,33.41001869942961,33.40036964081901,33.38803910329848,33.377027448587945,33.365796919211036
frame_000211.jpg,,33.28348106818098,1080.0,931.2042846679688,1036.142822265625,919.885009765625,0.0030237582977861166,0.44750040769577026,45.29434868876456,20,missing,low_conf_inferred,low_conf_inferred_repair,,,,,,,,,,33.31286747124583,33.306442155257756,33.29960578953257,33.29144120086591,33.28348106818098,33.27719806741548,33.270680937515046,33.264735504554906,33.25939138672523
frame_000212.jpg,,,,,,,,,,20,missing,missing,no_detection,,,,,,,,,,,,,,,,,,
frame_000213.jpg,,,,,,,,,,20,missing,missing,no_detection,,,,,,,,,,,,,,,,,,
frame_000214.jpg,,,,,,,,,,20,missing,missing,no_detection,,,,,,,,,,,,,,,,,,
frame_000215.jpg,,,,,,,,,,20,missing,missing,no_detection,,,,,,,,,,,,,,,,,,
frame_000216.jpg,,,,,,,,,,20,missing,missing,no_detection,,,,,,,,,,,,,,,,,,
frame_000217.jpg,,,,,,,,,,20,missing,missing,no_detection,,,,,,,,,,,,,,,,,,
frame_000218.jpg,,,,,,,,,,20,missing,missing,no_detection,,,,,,,,,,,,,,,,,,
frame_000219.jpg,,,,,,,,,,20,missing,missing,no_detection,,,,,,,,,,,,,,,,,,
frame_000220.jpg,,,,,,,,,,20,missing,missing,no_detection,,,,,,,,,,,,,,,,,,
frame_000221.jpg,,,,,,,,,,20,missing,missing,no_detection,,,,,,,,,,,,,,,,,,
frame_000222.jpg,,,,,,,,,,20,missing,missing,no_detection,,,,,,,,,,,,,,,,,,
frame_000223.jpg,,,,,,,,,,20,missing,missing,no_detection,,,,,,,,,,,,,,,,,,
frame_000224.jpg,,,,,,,,,,20,missing,missing,no_detection,,,,,,,,,,,,,,,,,,
frame_000225.jpg,,,,,,,,,,20,missing,missing,no_detection,,,,,,,,,,,,,,,,,,
frame_000226.jpg,,,,,,,,,,20,missing,missing,no_detection,,,,,,,,,,,,,,,,,,
frame_000227.jpg,,,,,,,,,,20,missing,missing,no_detection,,,,,,,,,,,,,,,,,,
frame_000228.jpg,,,,,,,,,,20,missing,missing,no_detection,,,,,,,,,,,,,,,,,,
frame_000229.jpg,,,,,,,,,,20,missing,missing,no_detection,,,,,,,,,,,,,,,,,,
frame_000230.jpg,,,,,,,,,,20,missing,missing,no_detection,,,,,,,,,,,,,,,,,,
frame_000231.jpg,,,,,,,,,,20,missing,missing,no_detection,,,,,,,,,,,,,,,,,,
frame_000232.jpg,32.646051389838206,32.312963685235516,1063.3452453613281,838.7677612304688,920.5647583007812,835.9400634765625,0.0002376695047132671,0.6757918000221252,142.80848490140366,20,opposite_inferred,detected,opposite_inferred_repair,32.62799625262406,32.63151469687577,32.63599491069133,32.641067664766254,32.646051389838206,32.65036533749287,32.655250062581445,32.660307511516706,32.665351544952316,32.330953445110154,32.326504590010536,32.32263512410628,32.317815260188304,32.312963685235516,32.307856551206314,32.30045431413132,32.293847182769966,32.287883653306075
frame_000233.jpg,32.54733119646493,32.730306262837324,1058.5790710449219,818.1124877929688,915.798583984375,815.2847900390625,0.0011775330640375614,0.6033279299736023,142.80848490140366,20,opposite_inferred,detected,opposite_inferred_repair,32.551445938855494,32.550306754265435,32.54928257749141,32.54826959049162,32.54733119646493,32.547909181157564,32.55026656310175,32.55365330651788,32.55728786106638,32.70392753079479,32.711817569697295,32.71811309845353,32.72402377874495,32.730306262837324,32.735181815997564,32.7401672368556,32.74466294223101,32.74886199918999
frame_000234.jpg,32.48392331467524,33.25863567120438,1042.44580078125,798.9376220703125,899.6653137207031,796.1099243164062,0.9847984910011292,0.1473488062620163,142.80848490140366,20,detected,opposite_inferred,opposite_inferred_repair,32.48263050475625,32.48229096988496,32.48253032825693,32.482776718150085,32.48392331467524,32.48501762542207,32.48565733332233,32.48548023409087,32.48646109808177,33.29038716940549,33.28160985478971,33.27356820980834,33.26563151459362,33.25863567120438,33.2520552132357,33.24337711785582,33.23628272509368,33.2298243456255
frame_000235.jpg,32.48392331467524,33.25863567120438,1042.44580078125,798.9376220703125,899.6653137207031,796.1099243164062,0.9847984910011292,0.1473488062620163,142.80848490140366,20,detected,opposite_inferred,opposite_inferred_repair,32.48263050475625,32.48229096988496,32.48253032825693,32.482776718150085,32.48392331467524,32.48501762542207,32.48565733332233,32.48548023409087,32.48646109808177,33.29038716940549,33.28160985478971,33.27356820980834,33.26563151459362,33.25863567120438,33.2520552132357,33.24337711785582,33.23628272509368,33.2298243456255
frame_000236.jpg,32.53023059095328,33.30805238266905,1013.8887939453125,797.0233764648438,879.911865234375,788.8426513671875,0.997248113155365,0.8743875026702881,134.2264567435908,20,detected,detected,ok,32.51425607139299,32.519499404101204,32.523707752931244,32.52729346019426,32.53023059095328,32.53058002087914,32.530254208949465,32.52888969181179,32.52596668386893,33.3370259888647,33.33124201875857,33.32421318759382,33.31744395818335,33.30805238266905,33.30088011603812,33.29047171998528,33.28067523672875,33.26998145213379
frame_000237.jpg,32.701937611501876,33.387200570419274,993.8881225585938,793.7869262695312,854.8760375976562,786.763671875,0.9960082769393921,0.9637681245803833,139.1893884873312,20,detected,detected,ok,32.71593363659685,32.71280695435241,32.70944243266285,32.70594754803031,32.701937611501876,32.69884127616914,32.69466552990374,32.692153327461675,32.68944166252539,33.411658312171504,33.40656819439614,33.40100221420652,33.3948082492599,33.387200570419274,33.38025645190337,33.37132336293373,33.36325673219104,33.354620476846
frame_000238.jpg,32.86042304709832,33.5327618484695,978.2359008789062,788.6076049804688,841.0958251953125,788.1931762695312,0.9583556652069092,0.8154119253158569,137.1407018709554,20,detected,detected,ok,32.898769260078595,32.890457433448354,32.881142041070916,32.87083921975748,32.86042304709832,32.85139543631512,32.8407271618351,32.83186083010771,32.8233423299415,33.562836613834854,33.55603842346335,33.549187301761194,33.54183011517131,33.5327618484695,33.52351492483086,33.51140991648804,33.499845133338276,33.4884492325821
frame_000239.jpg,32.92965210061513,33.61581205268833,953.7990112304688,789.677978515625,811.69189453125,788.9201049804688,0.9980302453041077,0.9294286966323853,142.10913759804703,20,detected,detected,ok,32.94547288980972,32.94203363455327,32.938508478240045,32.93460105443299,32.92965210061513,32.92564120035931,32.91979907674362,32.91375670489334,32.907244412926595,33.64902013555598,33.641279849962565,33.63343899604422,33.6247423719985,33.61581205268833,33.607450849060484,33.59699623667994,33.58788730045223,33.57933320873749
frame_000240.jpg,32.92965210061513,33.61581205268833,953.7990112304688,789.677978515625,811.69189453125,788.9201049804688,0.9980302453041077,0.9294286966323853,142.10913759804703,20,detected,detected,ok,32.94547288980972,32.94203363455327,32.938508478240045,32.93460105443299,32.92965210061513,32.92564120035931,32.91979907674362,32.91375670489334,32.907244412926595,33.64902013555598,33.641279849962565,33.63343899604422,33.6247423719985,33.61581205268833,33.607450849060484,33.59699623667994,33.58788730045223,33.57933320873749
frame_000241.jpg,32.96269877246519,33.66463061368549,943.3001708984375,784.882080078125,806.1526489257812,781.2254638671875,0.9997127652168274,0.9782199859619141,137.1962595166294,20,detected,detected,ok,32.9817529654159,32.977152000717524,32.971835296454024,32.96743873485175,32.96269877246519,32.959647863004705,32.95542966152794,32.952165442793465,32.94903047439152,33.701995104008795,33.6937938713076,33.684977040064396,33.67482433305795,33.66463061368549,33.65591064523848,33.64644179502249,33.63862339838398,33.63144630534544
frame_000242.jpg,32.936923406438716,33.63995996653128,941.4024047851562,784.0889282226562,803.9474487304688,780.1898803710938,0.9997499585151672,0.9626674652099609,137.51024513884354,20,detected,detected,ok,32.95741223372265,32.95115435942511,32.94582578961015,32.94119153419391,32.936923406438716,32.934400117943675,32.93102261550019,32.928414012062426,32.925847419905246,33.68428523333507,33.673165121266756,33.66251197232805,33.651018787754104,33.63995996653128,33.63081872501297,33.62040073904001,33.61108820117631,33.602453012074406
frame_000243.jpg,32.9959541349736,33.61519081988819,942.7345581054688,782.45361328125,810.3433227539062,780.4989624023438,0.9994843006134033,0.9913730621337891,132.4056639950543,20,detected,detected,ok,33.02543867442201,33.017183227864905,33.00946005455715,33.00310544225711,32.9959541349736,32.99123715876566,32.985008517763376,32.97994585253282,32.97503676751906,33.65926293484666,33.648158196387804,33.637005745579096,33.62587279254387,33.61519081988819,33.60564019215002,33.59254570481041,33.57981841150838,33.56745457281963
frame_000244.jpg,32.99426242033973,33.61919385628797,943.081787109375,782.3285522460938,810.0609130859375,779.9935302734375,0.9995384216308594,0.9888395667076111,133.04136670063193,20,detected,detected,ok,33.02131648898256,33.01353181772076,33.006630885378954,33.00073117998667,32.99426242033973,32.99020484511857,32.98492085892887,32.980639987958945,32.976653505667564,33.661396966876666,33.65026434540342,33.63957825436048,33.62899193470151,33.61919385628797,33.610212957368326,33.5988539253452,33.58803092332209,33.57744870113027
frame_000245.jpg,32.99426242033973,33.61919385628797,943.081787109375,782.3285522460938,810.0609130859375,779.9935302734375,0.9995384216308594,0.9888395667076111,133.04136670063193,20,detected,detected,ok,33.02131648898256,33.01353181772076,33.006630885378954,33.00073117998667,32.99426242033973,32.99020484511857,32.98492085892887,32.980639987958945,32.976653505667564,33.661396966876666,33.65026434540342,33.63957825436048,33.62899193470151,33.61919385628797,33.610212957368326,33.5988539253452,33.58803092332209,33.57744870113027
frame_000246.jpg,32.964899425151536,33.63667246326804,943.7520751953125,784.812744140625,809.27392578125,781.572509765625,0.9996174573898315,0.9759387373924255,134.5171802731378,20,detected,detected,ok,32.97390569743121,32.971756331210344,32.969010723552955,32.966957166162615,32.964899425151536,32.9638471844425,32.96131075368595,32.95938826535374,32.9573783590249,33.68415294776073,33.67196676345435,33.660232333604235,33.64799796775773,33.63667246326804,33.62710318985487,33.615897272495914,33.60454110109804,33.592810251536406
frame_000247.jpg,32.888444297938825,33.55863699484651,943.1942138671875,786.262451171875,810.7600708007812,782.1316528320312,0.9994995594024658,0.9720109701156616,132.49854997190653,20,detected,detected,ok,32.8852778039502,32.88585892182222,32.886844735542944,32.888049015549115,32.888444297938825,32.88970169480044,32.89081657133476,32.89155040229478,32.892106796604075,33.60594056946834,33.59288470867449,33.580890083583725,33.56969081392393,33.55863699484651,33.54888531665043,33.53594317111362,33.52501335547237,33.51370453628608
frame_000248.jpg,32.8720355156833,33.54302463788381,944.083740234375,785.7125244140625,812.935546875,782.2133178710938,0.999277651309967,0.9784020781517029,131.194866774041,20,detected,detected,ok,32.86869677352312,32.87000610928978,32.87129434959471,32.87221579878753,32.8720355156833,32.87238321874707,32.87156711243266,32.87105442091134,32.87052367439808,33.591032505409544,33.57825521831719,33.5666714078048,33.555258216402216,33.54302463788381,33.5321482223733,33.518651428830005,33.50654041946711,33.49462043583955
frame_000249.jpg,32.76287074334372,33.38297947207929,941.2536010742188,784.1583862304688,812.9136962890625,780.4235229492188,0.9980220794677734,0.8980230093002319,128.39423804825745,20,detected,detected,ok,32.76286694797176,32.76305644261478,32.76316092689997,32.76317041329828,32.76287074334372,32.76317328951811,32.763010460506784,32.76304267600332,32.76312507753524,33.418664574845494,33.41010400290526,33.4023549388601,33.39447601266727,33.38297947207929,33.372847279614625,33.36041428608784,33.3490194308472,33.33839677683626
frame_000250.jpg,32.81728580688906,33.348131430713714,941.05029296875,783.402099609375,818.8775634765625,781.7169799804688,0.9938992261886597,0.9962725639343262,122.18435030614577,20,detected,detected,ok,32.821014153353275,32.82078924374778,32.82010361161262,32.81899436262057,32.81728580688906,32.81635906096346,32.81448034849938,32.81278861580793,32.811089702649156,33.39577652024162,33.383699770063224,33.371994502905864,33.35988937045614,33.348131430713714,33.338217054369714,33.32519483661057,33.31354985705635,33.301909213609676
frame_000251.jpg,32.81164680521277,33.50343988646372,935.2042236328125,788.8826293945312,810.0476684570312,783.638671875,0.9980303645133972,0.9556741714477539,125.26636577284033,20,detected,detected,ok,32.810929177911426,32.81181604989032,32.81189614369984,32.81183232109284,32.81164680521277,32.81184170671719,32.81116177350438,32.80987467308505,32.80871652949111,33.526916685638234,33.52033143864223,33.51469251614544,33.509553698193145,33.50343988646372,33.498386990492776,33.491339191974916,33.483390965928145,33.47495640061075
frame_000252.jpg,32.813930339457876,33.5939402131004,931.0996704101562,793.6525268554688,798.846923828125,785.7261352539062,0.9992272853851318,0.5917490720748901,132.49006250399424,20,detected,detected,ok,32.81989852879257,32.81906576760002,32.81753101588676,32.81587635907448,32.813930339457876,32.81146347253834,32.80897076983955,32.80666382253564,32.80414986436699,33.61283015080864,33.60808596561852,33.60346789950654,33.59857799196247,33.5939402131004,33.5894777014207,33.5833164146392,33.57706207599611,33.57022517063244
frame_000253.jpg,32.816047263198044,33.623632903184784,921.6875,799.6903076171875,778.9070129394531,796.8626098632812,0.9993083477020264,0.033617470413446426,142.80848490140366,20,detected,opposite_inferred,opposite_inferred_repair,32.83573855782766,32.82906141681899,32.82284590357796,32.81982307060903,32.816047263198044,32.812465987293486,32.80857510293797,32.805188035372595,32.80153248071184,33.62473519773079,33.62486876100431,33.62522591834407,33.6253487072381,33.623632903184784,33.62101386827149,33.61646523373273,33.611600592065855,33.60615559590741
frame_000254.jpg,32.88642519854517,33.66987971282006,916.8004150390625,797.946533203125,774.0199279785156,795.1188354492188,0.9994568228721619,0.019303834065794945,142.80848490140366,20,detected,opposite_inferred,opposite_inferred_repair,32.909306111852246,32.90310207811206,32.89785852509231,32.891989431185536,32.88642519854517,32.88189868119205,32.876574948990964,32.87165060966549,32.8663389915372,33.677381498189426,33.675131049907165,33.673388130782506,33.67168329396674,33.66987971282006,33.667977128669136,33.664633146799254,33.6608058302595,33.65576780857274
frame_000255.jpg,32.93595492997257,33.7406282616787,916.918212890625,793.4267578125,774.1377258300781,790.5990600585938,0.9984809756278992,0.14984017610549927,142.80848490140366,20,detected,opposite_inferred,opposite_inferred_repair,32.960468162251324,32.95519021160271,32.94965992489299,32.94286836617137,32.93595492997257,32.93121815861248,32.92494888206966,32.91903544917587,32.913140440596266,33.761511431485886,33.7572826625193,33.75310952658678,33.74746510397871,33.7406282616787,33.734390636245,33.72646358423339,33.718973820991955,33.711824609068586
frame_000256.jpg,32.97796468210592,33.77913425546374,917.9788818359375,794.19091796875,773.0617065429688,788.3426513671875,0.9990206956863403,0.6343135833740234,145.03513338889988,20,detected,detected,ok,32.98237971723934,32.983182333496885,32.98207955518269,32.98149100363875,32.97796468210592,32.97478676809008,32.97023830905739,32.96620290552986,32.96155405423246,33.81330236918801,33.805694751090826,33.79778729102213,33.78914677890367,33.77913425546374,33.769520166368274,33.75736073136867,33.74592746868661,33.734515543359606
frame_000257.jpg,33.0500398428545,33.79795482029461,909.8978271484375,790.1124267578125,771.9412841796875,786.19970703125,0.9986404776573181,0.8099609613418579,138.01201804026778,20,detected,detected,ok,33.07040127046385,33.06659340116466,33.06241884658611,33.057029223527955,33.0500398428545,33.044226830211436,33.036998711865806,33.03022331441361,33.02383296978883,33.83333170918295,33.82593402519398,33.81808175519445,33.808375235114745,33.79795482029461,33.78872640142836,33.77713389910005,33.76690954852939,33.756835409289046
frame_000258.jpg,33.064977576298325,33.810011097684516,912.0208129882812,792.7875366210938,769.2225341796875,787.9319458007812,0.9992786049842834,0.8863241672515869,142.8808076436831,20,detected,detected,ok,33.072058275442366,33.07292490562493,33.0710380860115,33.06817589639433,33.064977576298325,33.0616967440815,33.05733743886761,33.05358887879168,33.048563463803426,33.84015094185689,33.83337840852583,33.82638136897929,33.81837387926556,33.810011097684516,33.801625450056086,33.790636052080295,33.780264879723184,33.76976038490584
frame_000259.jpg,33.00540354743032,33.765130572129195,902.576416015625,792.170166015625,763.2350463867188,787.5609130859375,0.9989839196205139,0.7999841570854187,139.41758319031825,20,detected,detected,ok,33.0263244760529,33.022531808094115,33.01803748823871,33.01236646907748,33.00540354743032,32.999975314771554,32.993702968052276,32.98822052874769,32.982791118009445,33.806486303380886,33.79748714679307,33.78781123596323,33.77683744972093,33.765130572129195,33.755080479236554,33.742389571908106,33.73085728149523,33.7197964107419
frame_000260.jpg,32.818578547948135,33.52046921519286,887.8648681640625,789.0404663085938,756.5293579101562,785.0532836914062,0.9804893732070923,0.9501091837882996,131.39601926571717,20,detected,detected,ok,32.81295191239272,32.81455024293735,32.81647567950181,32.817937982974094,32.818578547948135,32.81928497079316,32.81996836646772,32.82072650547923,32.82118398959657,33.555383645603655,33.54731916144558,33.53938586390845,33.52975720160989,33.52046921519286,33.51210022326167,33.501416303282724,33.491148004200134,33.48100281947135
