frame_name,left_temp,right_temp,left_x,left_y,right_x,right_y,left_conf,right_conf,nostril_spacing,roi_radius,left_source,right_source,status,left_temp_r16,left_temp_r17,left_temp_r18,left_temp_r19,left_temp_r20,left_temp_r21,left_temp_r22,left_temp_r23,left_temp_r24,right_temp_r16,right_temp_r17,right_temp_r18,right_temp_r19,right_temp_r20,right_temp_r21,right_temp_r22,right_temp_r23,right_temp_r24
frame_000000.jpg,,,,,,,,,,20,missing,missing,no_detection,,,,,,,,,,,,,,,,,,
frame_000001.jpg,,,,,,,,,,20,missing,missing,no_detection,,,,,,,,,,,,,,,,,,
frame_000002.jpg,,,,,,,,,,20,missing,missing,no_detection,,,,,,,,,,,,,,,,,,
frame_000003.jpg,,,,,,,,,,20,missing,missing,no_detection,,,,,,,,,,,,,,,,,,
frame_000004.jpg,,,,,,,,,,20,missing,missing,no_detection,,,,,,,,,,,,,,,,,,
frame_000005.jpg,33.42263934716411,33.13096391346166,517.2850341796875,913.0381469726562,424.3599853515625,909.8452758789062,0.971048891544342,0.6482372879981995,92.97988559645962,20,detected,detected,ok,33.59264044451986,33.55160831079778,33.51015146355651,33.466528722462684,33.42263934716411,33.38525633810128,33.33749162726789,33.295279555871446,33.253760462379596,33.351729901930085,33.29925621684072,33.246520286869284,33.189426389797454,33.13096391346166,33.07952479272474,33.017649624432906,32.96242403564043,32.908464251972696
frame_000006.jpg,33.07748631401469,32.930211986031416,510.8359680175781,912.2617797851562,422.5362243652344,908.9458312988281,0.9885876178741455,0.17993685603141785,83.90381873034696,20,detected,tracked,tracked_repair,33.14219082671368,33.12721945073151,33.112391865486515,33.09455823068538,33.07748631401469,33.05982428624026,33.04009305993243,33.02188132360439,33.00291189479669,33.13699937948517,33.086011956433005,33.036768034804446,32.98453419456961,32.930211986031416,32.88331044757675,32.82749234748388,32.77767761726752,32.72871159592009
frame_000007.jpg,33.059677915878375,32.63261863010825,511.84519958496094,912.6640319824219,420.71246337890625,908.04638671875,,,,20,tracked,tracked,tracked_repair,33.12885793467269,33.1124360423088,33.095860383274825,33.07824141470036,33.059677915878375,33.04173783956128,33.01974475701765,32.99833058836267,32.97668675206061,32.85732193703766,32.80241565335504,32.74838479809831,32.6907123617658,32.63261863010825,32.58331004972364,32.52657631484773,32.47722160746612,32.42925657786958
frame_000008.jpg,33.08436102032825,32.3020869265305,512.8544311523438,913.0662841796875,418.8887023925781,907.1469421386719,0.985857367515564,0.36844515800476074,83.74080573363055,20,detected,tracked,tracked_repair,33.17026056985648,33.14970531997917,33.129783080016345,33.108596512250124,33.08436102032825,33.06156863850044,33.0348422745176,33.01061194417817,32.984577744594034,32.520339752797426,32.4684463942265,32.41547506695494,32.35871372175749,32.3020869265305,32.25485439516781,32.19864868674937,32.14987652092811,32.10229580248859
frame_000009.jpg,32.975100419122086,32.15553772855059,515.5289916992188,906.9371337890625,417.06494140625,906.2474975585938,0.9991251826286316,0.546739399433136,98.46646534849646,20,detected,detected,ok,33.16168760991585,33.11535695136674,33.06993922664714,33.02138769893863,32.975100419122086,32.93658719778604,32.89418874876552,32.857000130241,32.82166392817959,32.37745205972769,32.3244697923776,32.27195157777863,32.215254821761555,32.15553772855059,32.10568188937339,32.04428761808241,31.990815940415107,31.93987085421086
frame_000010.jpg,32.98557487459579,32.26751099110827,511.6253356933594,912.7727661132812,419.1981658935547,906.9284362792969,0.9845415353775024,0.4055144786834717,82.06173872615581,20,detected,tracked,tracked_repair,33.05286717642258,33.03650769905992,33.02056317604525,33.004335369585206,32.98557487459579,32.9690443337082,32.9494988513177,32.93036303986591,32.909269693582004,32.49118448835226,32.43824482101166,32.38452625611291,32.32651375791635,32.26751099110827,32.21767904377185,32.15916919730836,32.10729254811187,32.05721102508214
frame_000011.jpg,32.98066315867461,32.36527629220969,513.4293619791666,912.4553833007812,421.3313903808594,907.609375,,,,20,tracked,tracked,tracked_repair,33.07211159329258,33.0502273154652,33.029256112328845,33.00579465641114,32.98066315867461,32.95860257692171,32.93208846869599,32.906997481136514,32.881923395552,32.58809087757358,32.53294057835214,32.478767335539885,32.42214432523718,32.36527629220969,32.318047567501395,32.26247636867275,32.21383608648301,32.16652163028826
frame_000012.jpg,33.02560423846145,32.420689521130384,515.233388264974,912.1380004882812,423.46461486816406,908.2903137207031,,,,20,tracked,tracked,tracked_repair,33.15595038328904,33.12568556977769,33.09447532188997,33.06078139383226,33.02560423846145,32.9952130682473,32.95897752774539,32.925517730866495,32.89184401583738,32.62745532765356,32.5762065512899,32.5253607905822,32.47377857461557,32.420689521130384,32.3760734952276,32.325404747372346,32.28184453642871,32.23926796119139
frame_000013.jpg,33.06691925658305,32.7408057562842,517.0374145507812,911.8206176757812,425.59783935546875,908.9712524414062,0.9862574934959412,0.8839045763015747,91.4839592176578,20,detected,detected,ok,33.22324406750172,33.18736643961172,33.151147192480806,33.109914803057066,33.06691925658305,33.03012324328868,32.98532301162919,32.945293147365454,32.90636069381402,32.91446704156307,32.8741070942389,32.832770368963175,32.786585189317734,32.7408057562842,32.70041915130835,32.65233019049132,32.60937632666751,32.56672956120381
frame_000014.jpg,33.10371484079291,32.9947918240465,515.9979858398438,910.9911499023438,426.04840087890625,909.1580810546875,0.9898701310157776,0.9526862502098083,89.96826093709471,20,detected,detected,ok,33.23153464471158,33.200386320931614,33.17042429138091,33.13854783240487,33.10371484079291,33.07373455107265,33.036457859613265,33.00218810897176,32.96842257863579,33.183585177603355,33.13893759844469,33.09313963327146,33.04375134060677,32.9947918240465,32.951202894165455,32.8987099258999,32.85073450898052,32.802363113922524
frame_000015.jpg,33.23873709496835,33.08808335396896,516.9808349609375,911.1249389648438,427.0240478515625,909.52392578125,0.9842223525047302,0.9401413798332214,89.97103306206647,20,detected,detected,ok,33.391184812457574,33.35492492659098,33.317410615970765,33.279134032599735,33.23873709496835,33.20224719048025,33.158751073031155,33.118640159288304,33.07925242255817,33.27617481433881,33.232151392353224,33.18700948837245,33.13777930672886,33.08808335396896,33.043804451933795,32.99002552460408,32.94184036642342,32.89290325661387
frame_000016.jpg,33.238396344998144,33.05319538077942,516.8338012695312,911.5285034179688,425.94879150390625,910.0540771484375,0.9806872010231018,0.9372170567512512,90.89696877741324,20,detected,detected,ok,33.389779801120326,33.354368477116914,33.31864999237623,33.28001991035154,33.238396344998144,33.20229686613538,33.15765693045353,33.11767351972677,33.07698633421599,33.25987307120936,33.211320686271115,33.162703979817806,33.109442121640974,33.05319538077942,33.00386222170451,32.94459234727387,32.88995227976491,32.83491743105997
frame_000017.jpg,33.343538841109385,33.11413550515014,516.6292724609375,911.873779296875,424.60247802734375,909.6472778320312,0.9789886474609375,0.9029027223587036,92.05372454439784,20,detected,detected,ok,33.503665522708815,33.46633740130856,33.42767955034396,33.38621285823115,33.343538841109385,33.307657855708186,33.26073009012607,33.21788843141081,33.17424762033573,33.343756425778366,33.290874191217824,33.235974021243464,33.17676495766752,33.11413550515014,33.06045047150866,32.993456575563485,32.93165642637206,32.87104568079268
frame_000018.jpg,,,,,,,,,,20,missing,missing,no_detection,,,,,,,,,,,,,,,,,,
frame_000019.jpg,,,,,,,,,,20,missing,missing,no_detection,,,,,,,,,,,,,,,,,,
frame_000020.jpg,,,,,,,,,,20,missing,missing,no_detection,,,,,,,,,,,,,,,,,,
frame_000021.jpg,,,,,,,,,,20,missing,missing,no_detection,,,,,,,,,,,,,,,,,,
frame_000022.jpg,,,,,,,,,,20,missing,missing,no_detection,,,,,,,,,,,,,,,,,,
frame_000023.jpg,,,,,,,,,,20,missing,missing,no_detection,,,,,,,,,,,,,,,,,,
frame_000024.jpg,,,,,,,,,,20,missing,missing,no_detection,,,,,,,,,,,,,,,,,,
frame_000025.jpg,,,,,,,,,,20,missing,missing,no_detection,,,,,,,,,,,,,,,,,,
frame_000026.jpg,,,,,,,,,,20,missing,missing,no_detection,,,,,,,,,,,,,,,,,,
frame_000027.jpg,,,,,,,,,,20,missing,missing,no_detection,,,,,,,,,,,,,,,,,,
frame_000028.jpg,,,,,,,,,,20,missing,missing,no_detection,,,,,,,,,,,,,,,,,,
frame_000029.jpg,32.83677280552303,32.64066988124468,526.1461181640625,758.9750366210938,438.588623046875,760.3834838867188,0.9900413155555725,0.9550461769104004,87.56882250490959,20,detected,detected,ok,32.93231653131249,32.905515681218496,32.880457941416225,32.85704193316104,32.83677280552303,32.81830736464594,32.79859048024089,32.78192544934606,32.7662315286231,32.81121187736384,32.77080567472933,32.729888813495606,32.684988450245555,32.64066988124468,32.60119573568638,32.554501425680606,32.51329478587469,32.473584143979004
frame_000030.jpg,33.27335067366497,33.03029814232784,548.7264404296875,751.8344116210938,463.72003173828125,748.294921875,0.9213330149650574,0.9714595675468445,85.08006526956295,20,detected,detected,ok,33.346335370694824,33.329037868647234,33.31179691869081,33.29262686080378,33.27335067366497,33.25676553233129,33.237428075841244,33.21988718519215,33.20169006114736,33.19331829631729,33.155603795063975,33.11571853154942,33.07302308243776,33.03029814232784,32.99221081553941,32.948575071881415,32.908082088013124,32.86739635681565
frame_000031.jpg,33.15447200964992,32.99595261699718,545.3849487304688,739.6251220703125,463.96893310546875,739.8359375,0.9834460616111755,0.9935941100120544,81.41628856313483,20,detected,detected,ok,33.245930174296014,33.22303458408357,33.20120018527822,33.177958106022096,33.15447200964992,33.13307290843371,33.10942386062222,33.08916838599035,33.06993785161938,33.0657321534583,33.04895935560476,33.03229098360686,33.013905175681224,32.99595261699718,32.97767323231268,32.95664992864513,32.93682272838931,32.91723564235319
frame_000032.jpg,33.15084291918538,33.001628336907935,535.8995361328125,742.7361450195312,458.8575439453125,744.3018188476562,0.9976564645767212,0.9901624917984009,77.05789962589745,20,detected,detected,ok,33.23593086123529,33.21635485746016,33.19589089808425,33.172613199460606,33.15084291918538,33.13195381277692,33.113421557260054,33.09755878789075,33.083066076446144,33.03724696362068,33.02963992454616,33.02195590753516,33.01109331282714,33.001628336907935,32.99109982179728,32.980296149863726,32.96952752923352,32.95710166066185
frame_000033.jpg,33.11695960011411,32.965153402954165,535.4337158203125,746.1192626953125,451.91693115234375,748.8275146484375,0.9991016387939453,0.9923375248908997,83.56068423557495,20,detected,detected,ok,33.23887998645947,33.210895920211016,33.18129255357222,33.148746109350014,33.11695960011411,33.08973675907366,33.05781343655641,33.02894085233879,33.0008351432783,33.010269417258975,33.00029320547856,32.99000368260318,32.97758078120939,32.965153402954165,32.950732106834295,32.93365821454643,32.91490487217503,32.89374298398834
frame_000034.jpg,32.95404138925995,32.9890029435317,532.9293823242188,748.057373046875,449.1853942871094,750.5340576171875,0.998469889163971,0.9684211015701294,83.78060335674566,20,detected,detected,ok,33.06028278174394,33.03496987388066,33.01021906883941,32.98199664043659,32.95404138925995,32.92969558157614,32.903581598483235,32.88016331680242,32.85814551966209,33.06058195591933,33.0460398445889,33.03116565586961,33.0108272448558,32.9890029435317,32.96515995414495,32.93728307736468,32.909607604730084,32.880745952797824
frame_000035.jpg,32.88340052439618,32.8725272031861,531.7802734375,748.5039672851562,448.0198059082031,750.791748046875,0.9985067248344421,0.9547321796417236,83.79170520725835,20,detected,detected,ok,32.96598662149996,32.945649113159185,32.92572772808005,32.90354275100075,32.88340052439618,32.865953645288066,32.847790384966174,32.83063771039909,32.81351485842095,32.9400693585204,32.92741295230398,32.91266701049847,32.892683276804746,32.8725272031861,32.85060194169068,32.825931266156225,32.80091987687607,32.77347966964483
frame_000036.jpg,32.670159210545485,32.77662214113179,527.843505859375,749.6631469726562,442.04730224609375,751.825439453125,0.9992353916168213,0.8275644779205322,85.82344704812728,20,detected,detected,ok,32.72634400694166,32.71131526252872,32.69661776738781,32.680936011487894,32.670159210545485,32.65744183548013,32.64577335697804,32.634492399290714,32.62323068551605,32.94557083151448,32.906699561501235,32.8664985672434,32.82265485512564,32.77662214113179,32.7339866153688,32.68199363540543,32.633751733123006,32.58553273910901
frame_000037.jpg,32.71515098370622,32.70020805963341,529.5704345703125,749.5707397460938,442.44781494140625,752.367431640625,0.9993820190429688,0.9065903425216675,87.1674958717756,20,detected,detected,ok,32.81234613699187,32.787203978875,32.76463964982352,32.73902859938652,32.71515098370622,32.69191774766801,32.66668302644048,32.64422025163949,32.62277271922115,32.844056033502504,32.81345730048628,32.77980860888904,32.74103689469758,32.70020805963341,32.66159141035526,32.61546300937294,32.57225770940088,32.52800137813227
frame_000038.jpg,32.51005141007165,32.70901252452805,514.8612060546875,759.9830322265625,423.7284698486328,761.5487060546875,0.9976060390472412,0.3129713833332062,91.14618446725252,20,detected,opposite_inferred,opposite_inferred_repair,32.615102648689394,32.58770136910455,32.56236290387914,32.535650423871566,32.51005141007165,32.48834858976738,32.4646711748055,32.44462454243466,32.42499822397054,32.93286407157681,32.88028603269571,32.82700820681532,32.76939456801627,32.70901252452805,32.65776467825131,32.59515252550323,32.5396108358809,32.48572513428245
frame_000039.jpg,32.09510042191103,31.68899375833784,478.8529052734375,795.4732666015625,387.7201690673828,797.0389404296875,0.9995514750480652,0.4486667811870575,91.14618446725252,20,detected,opposite_inferred,opposite_inferred_repair,32.1261597477645,32.113137364748475,32.10417452192909,32.097373066213926,32.09510042191103,32.09244103612647,32.090665835279985,32.0897089115203,32.089252523280024,31.94013045592247,31.8752666234442,31.812931310848978,31.751469818939484,31.68899375833784,31.641281846966315,31.58582652372698,31.539005152187567,31.495842042137536
frame_000040.jpg,25.287929004259087,25.26084832500876,182.8260955810547,639.2862548828125,51.74470520019531,643.1427001953125,0.6030056476593018,0.9993700385093689,131.13810687449913,20,detected,detected,ok,25.29695682940555,25.294043780539187,25.291484933910564,25.28951056846192,25.287929004259087,25.286885684595145,25.28588707020808,25.285015149739728,25.284281700317486,25.246312940626474,25.24996385433159,25.25390525817986,25.258037875899632,25.26084832500876,25.263589814689357,25.26691283563593,25.270231346466264,25.273480331205977
frame_000041.jpg,,,,,,,,,,20,missing,missing,no_detection,,,,,,,,,,,,,,,,,,
frame_000042.jpg,,,,,,,,,,20,missing,missing,no_detection,,,,,,,,,,,,,,,,,,
frame_000043.jpg,,,,,,,,,,20,missing,missing,no_detection,,,,,,,,,,,,,,,,,,
frame_000044.jpg,,,,,,,,,,20,missing,missing,no_detection,,,,,,,,,,,,,,,,,,
frame_000045.jpg,,,,,,,,,,20,missing,missing,no_detection,,,,,,,,,,,,,,,,,,
frame_000046.jpg,,,,,,,,,,20,missing,missing,no_detection,,,,,,,,,,,,,,,,,,
frame_000047.jpg,31.693853414352592,30.470315095491422,408.6903076171875,797.1798706054688,317.5575714111328,798.7455444335938,0.9342713952064514,0.0700501874089241,91.14618446725252,20,detected,opposite_inferred,opposite_inferred_repair,31.71368376338649,31.706405090081525,31.69990721399515,31.695173413261152,31.693853414352592,31.694595131342627,31.699030377534054,31.706224920204562,31.71400229625258,30.5045119926039,30.494681409787145,30.4851494392019,30.47756303935615,30.470315095491422,30.46594565032779,30.463960207688295,30.463242858135047,30.463883589195095
frame_000048.jpg,,,,,,,,,,20,missing,missing,no_detection,,,,,,,,,,,,,,,,,,
frame_000049.jpg,,,,,,,,,,20,missing,missing,no_detection,,,,,,,,,,,,,,,,,,
frame_000050.jpg,,,,,,,,,,20,missing,missing,no_detection,,,,,,,,,,,,,,,,,,
frame_000051.jpg,,,,,,,,,,20,missing,missing,no_detection,,,,,,,,,,,,,,,,,,
frame_000052.jpg,,,,,,,,,,20,missing,missing,no_detection,,,,,,,,,,,,,,,,,,
frame_000053.jpg,,,,,,,,,,20,missing,missing,no_detection,,,,,,,,,,,,,,,,,,
frame_000054.jpg,,,,,,,,,,20,missing,missing,no_detection,,,,,,,,,,,,,,,,,,
frame_000055.jpg,32.60847556208342,32.7630786176139,482.6283874511719,762.3264770507812,401.8460388183594,759.338623046875,0.9518046975135803,0.7068779468536377,80.83758483639849,20,detected,detected,ok,32.65083164397626,32.64081057831754,32.6303375969568,32.618422602957494,32.60847556208342,32.59895453660839,32.589652622764035,32.58114061450384,32.57319996315072,33.03136761628708,32.964143743789634,32.89996999765013,32.831904747163655,32.7630786176139,32.7025994041786,32.62769354093198,32.560899004863515,32.495108950973254
frame_000056.jpg,32.55061115347264,32.80250065999748,482.03955078125,762.3832397460938,402.52838134765625,760.0441284179688,0.9726821184158325,0.6801717281341553,79.54556874209283,20,detected,detected,ok,32.561188940354015,32.55527705043775,32.55240827293677,32.55089364115634,32.55061115347264,32.548773940102045,32.54943797977128,32.5505780538586,32.550870555353924,33.030586483652584,32.97862769688599,32.925112972430725,32.86436334014018,32.80250065999748,32.74755923677125,32.680284798530984,32.617434895955526,32.55445903560903
frame_000057.jpg,32.543275509081326,31.713317016234868,481.3090515136719,762.8395385742188,390.1763153076172,764.4052124023438,0.9731504917144775,0.43310821056365967,91.14618446725252,20,detected,opposite_inferred,opposite_inferred_repair,32.52778087756373,32.527504632557424,32.53013366509884,32.535928453067115,32.543275509081326,32.54835823482862,32.55457172042248,32.55977931309412,32.564891811001715,31.9305848053096,31.875849389752915,31.823069357629056,31.76918726074296,31.713317016234868,31.666747434030267,31.60903452318316,31.558056312307155,31.50897432405447
frame_000058.jpg,,,,,,,,,,20,missing,missing,no_detection,,,,,,,,,,,,,,,,,,
frame_000059.jpg,33.074138578585064,32.007820376481824,455.8686218261719,736.87744140625,364.7358856201172,738.443115234375,0.9965624213218689,0.004293160513043404,91.14618446725252,20,detected,opposite_inferred,opposite_inferred_repair,33.17473746394293,33.150735693112324,33.12745626285492,33.10134339644687,33.074138578585064,33.050693778631995,33.02209170526153,32.99707968074846,32.973800647456265,32.309843425269015,32.23912502482335,32.167552802785735,32.091060683010944,32.007820376481824,31.935636361296613,31.844102121024708,31.761261746428524,31.678696009028982
frame_000060.jpg,32.40976385384518,28.82920701694103,432.283447265625,734.7432861328125,341.1507110595703,736.3089599609375,0.9862411022186279,0.0029994952492415905,91.14618446725252,20,detected,opposite_inferred,opposite_inferred_repair,32.36034721891085,32.37145773885622,32.38317717702291,32.39512180187209,32.40976385384518,32.42269814414721,32.43870141232879,32.453601621982436,32.46868601601664,28.713836283100505,28.742630494803652,28.772043468126686,28.79954629192752,28.82920701694103,28.849432472999208,28.877113468905307,28.899888446708182,28.920468014355485
frame_000061.jpg,32.40976385384518,28.82920701694103,432.283447265625,734.7432861328125,341.1507110595703,736.3089599609375,0.9862411022186279,0.0029994952492415905,91.14618446725252,20,detected,opposite_inferred,opposite_inferred_repair,32.36034721891085,32.37145773885622,32.38317717702291,32.39512180187209,32.40976385384518,32.42269814414721,32.43870141232879,32.453601621982436,32.46868601601664,28.713836283100505,28.742630494803652,28.772043468126686,28.79954629192752,28.82920701694103,28.849432472999208,28.877113468905307,28.899888446708182,28.920468014355485
frame_000062.jpg,32.45113338919792,29.049812795710455,432.9656677246094,736.6015625,341.8329315185547,738.167236328125,0.9929077625274658,0.0025073657743632793,91.14618446725252,20,detected,opposite_inferred,opposite_inferred_repair,32.3972993786279,32.41098662684831,32.4233411099153,32.435856618396194,32.45113338919792,32.46337757698261,32.47984065440344,32.494217203230335,32.50792594471792,28.960660265958893,28.985361627363364,29.008471045392767,29.027149120533693,29.049812795710455,29.06548911799283,29.084931462469303,29.099734219406944,29.112241175729512
frame_000063.jpg,32.35673035621077,28.88402870633927,431.9429931640625,735.8442993164062,340.8102569580078,737.4099731445312,0.9939903020858765,0.0019172773463651538,91.14618446725252,20,detected,opposite_inferred,opposite_inferred_repair,32.2933498848179,32.30860185594243,32.32293113983932,32.33893382180304,32.35673035621077,32.37299845748905,32.39293592196191,32.41124903261683,32.428214712337315,28.791878352714683,28.81502507960546,28.837490338640567,28.859310138691498,28.88402870633927,28.899680426111424,28.92142527236292,28.938958359777242,28.954393917333356
frame_000064.jpg,32.3485902186497,29.184428034438948,433.03118896484375,732.0767211914062,341.89845275878906,733.6423950195312,0.998105525970459,0.0022016107104718685,91.14618446725252,20,detected,opposite_inferred,opposite_inferred_repair,32.305682790592215,32.31516453337768,32.32607041905565,32.33565209346719,32.3485902186497,32.35816708565016,32.37324833187233,32.386729118167914,32.40038388377329,29.160053146623326,29.167905571927236,29.176154053832498,29.178642690497874,29.184428034438948,29.185138078291203,29.18804439086989,29.18962882978127,29.18970497427697
frame_000065.jpg,32.327716710927014,29.43636584718407,433.7272644042969,730.9550170898438,342.5945281982422,732.5206909179688,0.9978888630867004,0.0022864986676722765,91.14618446725252,20,detected,opposite_inferred,opposite_inferred_repair,32.28531683854874,32.29422981282273,32.30413112311096,32.314688665745386,32.327716710927014,32.33667499800379,32.34946386175794,32.36105894466083,32.37249706469707,29.46640661785228,29.462811025206026,29.45665851784172,29.444298564481034,29.43636584718407,29.425936340746205,29.415483038676292,29.405021874977628,29.393757119199755
frame_000066.jpg,32.49789513925838,29.91077063918547,439.2286376953125,731.096435546875,348.0959014892578,732.662109375,0.9978533387184143,0.000613632146269083,91.14618446725252,20,detected,opposite_inferred,opposite_inferred_repair,32.55616184255482,32.536401010971964,32.52083644032479,32.50688957389242,32.49789513925838,32.4906208891492,32.48513832112637,32.47982155908373,32.47542284059005,29.985800043783318,29.973496598977373,29.95757930303873,29.93465196025863,29.91077063918547,29.884633203329557,29.85381260067431,29.825343071530423,29.796900173412478
frame_000067.jpg,32.46293554678671,29.6928041420097,437.70709228515625,730.7281494140625,346.57435607910156,732.2938232421875,0.9963490962982178,0.001244605635292828,91.14618446725252,20,detected,opposite_inferred,opposite_inferred_repair,32.48125511730947,32.47287251821034,32.46732481062367,32.46335413775783,32.46293554678671,32.46297214818419,32.466541516620026,32.468163470611046,32.46914322084443,29.73461976088306,29.729970167036612,29.72162207925201,29.707785616990993,29.6928041420097,29.676018716803476,29.655106819612847,29.634419269928834,29.613366826606494
frame_000068.jpg,32.364203008890904,29.017450457391668,436.3321838378906,731.0650634765625,345.19944763183594,732.6307373046875,0.9952774047851562,0.0015481860609725118,91.14618446725252,20,detected,opposite_inferred,opposite_inferred_repair,32.308079484671474,32.321550856663,32.33599806667342,32.34848414967664,32.364203008890904,32.374345666188184,32.3889665505971,32.40009795519665,32.41037843915674,28.975132253471454,28.986850753617286,28.997992400509407,29.007109209501923,29.017450457391668,29.020749847649423,29.02504332609615,29.02793080462126,29.029186077637064
frame_000069.jpg,32.55174719953324,28.97182625798904,439.2955627441406,733.135009765625,348.16282653808594,734.70068359375,0.9948691129684448,0.0023579492699354887,91.14618446725252,20,detected,opposite_inferred,opposite_inferred_repair,32.49601885442277,32.51016545215285,32.52378646052929,32.53590735907568,32.55174719953324,32.56249993786291,32.57806335155301,32.590996286154095,32.603373248221395,28.892478754228307,28.914805210376556,28.934758627449717,28.95195651570383,28.97182625798904,28.98321784280006,28.99858006794041,29.00943846448652,29.01810266792535
frame_000070.jpg,32.8448300690874,30.38026353944963,447.3648376464844,734.3656616210938,356.2321014404297,735.9313354492188,0.9957583546638489,0.0021979722660034895,91.14618446725252,20,detected,opposite_inferred,opposite_inferred_repair,32.90419940274681,32.88742260482773,32.87215406216655,32.85811134768886,32.8448300690874,32.83584278801484,32.82755984863369,32.82145916119317,32.8170351496398,30.487192745704693,30.46120142236019,30.435680166871197,30.40923896420717,30.38026353944963,30.35337009718953,30.319846195410083,30.288475361668628,30.25694121820488
frame_000071.jpg,32.62196151543312,30.000787927658173,445.0124206542969,730.8200073242188,353.8796844482422,732.3856811523438,0.9950291514396667,0.0073668817058205605,91.14618446725252,20,detected,opposite_inferred,opposite_inferred_repair,32.62692662849835,32.62249885485692,32.62002503597157,32.61994386014773,32.62196151543312,32.62274643227773,32.625249948710156,32.625916987023004,32.627198816453514,30.086335850288517,30.06583521206045,30.044370578187298,30.021432809425058,30.000787927658173,29.980656537113767,29.95621342197095,29.933183369090802,29.910301492818952
frame_000072.jpg,32.72738147526374,30.471549939395615,454.5080261230469,731.51513671875,363.3752899169922,733.080810546875,0.99470055103302,0.005942936521023512,91.14618446725252,20,detected,opposite_inferred,opposite_inferred_repair,32.73804919318225,32.73737635635273,32.73455319219436,32.731415853867325,32.72738147526374,32.722978005599614,32.720911591591,32.71900584832239,32.717904818443074,30.63190182713623,30.590560554990297,30.550399853163327,30.510853750645836,30.471549939395615,30.43720898693586,30.395729882929555,30.359247515161275,30.322516061761622
frame_000073.jpg,32.54956309366085,31.415303453117552,475.0383605957031,725.01708984375,383.90562438964844,726.582763671875,0.9935147762298584,0.154437854886055,91.14618446725252,20,detected,opposite_inferred,opposite_inferred_repair,32.5315003931799,32.535655138057734,32.540106511885924,32.543028613673066,32.54956309366085,32.550087781771516,32.55427455857639,32.55767183311847,32.56161641854121,31.718982786103098,31.643223943829774,31.56952638238924,31.493778595708736,31.415303453117552,31.350541100738713,31.27278412291983,31.20628646623578,31.142730091070415
frame_000074.jpg,32.61105755339638,30.94778299599668,475.1210021972656,726.0123901367188,383.98826599121094,727.5780639648438,0.9915711879730225,0.18336011469364166,91.14618446725252,20,detected,opposite_inferred,opposite_inferred_repair,32.54271218706844,32.56232258328421,32.58041425465839,32.59488462712061,32.61105755339638,32.6196730332046,32.63025943517599,32.636933148426415,32.64190069049029,31.1708382474522,31.11549267665737,31.06193634168927,31.005599419562902,30.94778299599668,30.90041187139366,30.844303012769245,30.79605319349256,30.749455126150654
frame_000075.jpg,32.61105755339638,30.94778299599668,475.1210021972656,726.0123901367188,383.98826599121094,727.5780639648438,0.9915711879730225,0.18336011469364166,91.14618446725252,20,detected,opposite_inferred,opposite_inferred_repair,32.54271218706844,32.56232258328421,32.58041425465839,32.59488462712061,32.61105755339638,32.6196730332046,32.63025943517599,32.636933148426415,32.64190069049029,31.1708382474522,31.11549267665737,31.06193634168927,31.005599419562902,30.94778299599668,30.90041187139366,30.844303012769245,30.79605319349256,30.749455126150654
frame_000076.jpg,32.47411088670928,30.06771009286197,472.6417236328125,726.3924560546875,381.5089874267578,727.9581298828125,0.9914602041244507,0.014826619066298008,91.14618446725252,20,detected,opposite_inferred,opposite_inferred_repair,32.37051824753366,32.39952907981881,32.42630144134501,32.4506924383371,32.47411088670928,32.49048131156991,32.509181912318496,32.52381731258386,32.536446485033636,30.097039135681626,30.09486292915043,30.088033155670733,30.078068200703488,30.06771009286197,30.055174867812912,30.040585435572364,30.025193621592244,30.008108534219105
frame_000077.jpg,32.561342648240746,30.39884025868638,476.7752990722656,725.58203125,385.64256286621094,727.147705078125,0.9950619339942932,0.007170660421252251,91.14618446725252,20,detected,opposite_inferred,opposite_inferred_repair,32.469415108897735,32.49518641633247,32.518218617999906,32.5395051477631,32.561342648240746,32.57463561103973,32.59103197797355,32.60429015892617,32.61511696451068,30.440188806126276,30.436678701671987,30.427842547303506,30.414183280187103,30.39884025868638,30.382005544325697,30.358106768214974,30.33510072274611,30.311519974270297
frame_000078.jpg,32.5050797979129,30.008155340587738,477.0476989746094,724.815185546875,385.9149627685547,726.380859375,0.9923725128173828,0.005632804241031408,91.14618446725252,20,detected,opposite_inferred,opposite_inferred_repair,32.41308881256994,32.43948246747427,32.462363071542256,32.48348150071102,32.5050797979129,32.520222964125026,32.53827531095895,32.553528892736054,32.56776022529554,29.976986825072856,29.991538406810186,30.000990543125265,30.005566055271064,30.008155340587738,30.005192458902858,29.99884430432354,29.990789166693595,29.98055816036481
frame_000079.jpg,32.4689460854868,30.124477236480974,478.3726501464844,724.0572509765625,387.2399139404297,725.6229248046875,0.9896442890167236,0.006425636820495129,91.14618446725252,20,detected,opposite_inferred,opposite_inferred_repair,32.36809872455569,32.39728169569875,32.42270224894241,32.44534489903779,32.4689460854868,32.48498862890206,32.505643776679385,32.52217119099505,32.53789231224696,30.096001480682986,30.11246133407245,30.121679930063596,30.124926054831757,30.124477236480974,30.1200744980275,30.110939765183716,30.098586016366905,30.083755226213004
frame_000080.jpg,32.4689460854868,30.124477236480974,478.3726501464844,724.0572509765625,387.2399139404297,725.6229248046875,0.9896442890167236,0.006425636820495129,91.14618446725252,20,detected,opposite_inferred,opposite_inferred_repair,32.36809872455569,32.39728169569875,32.42270224894241,32.44534489903779,32.4689460854868,32.48498862890206,32.505643776679385,32.52217119099505,32.53789231224696,30.096001480682986,30.11246133407245,30.121679930063596,30.124926054831757,30.124477236480974,30.1200744980275,30.110939765183716,30.098586016366905,30.083755226213004
frame_000081.jpg,32.51959096084684,30.160511909189665,478.9375305175781,726.0314331054688,387.80479431152344,727.5971069335938,0.9862745404243469,0.007166553288698196,91.14618446725252,20,detected,opposite_inferred,opposite_inferred_repair,32.400034334476516,32.43335522012588,32.463839238364926,32.49097417609084,32.51959096084684,32.540246226489224,32.56612136474122,32.586974213642414,32.60713034881528,30.10047374306483,30.123707721915775,30.14170711032819,30.153488072724734,30.160511909189665,30.16202498025068,30.15990905923636,30.15398243846832,30.14590537005091
frame_000082.jpg,32.6562207388452,30.263810654942144,458.86895751953125,719.947021484375,367.73622131347656,721.5126953125,0.9680489897727966,0.02087145298719406,91.14618446725252,20,detected,opposite_inferred,opposite_inferred_repair,32.595028086334786,32.610528506364695,32.6263134658223,32.640051564506365,32.6562207388452,32.666181132875224,32.67978290402369,32.68939329564576,32.69560678205686,30.29287816353369,30.292628002749474,30.288845360341703,30.279916771832273,30.263810654942144,30.247320211333957,30.22350334662234,30.1972681029867,30.168498402528527
frame_000083.jpg,32.759666546563786,30.679338430968745,404.6262512207031,686.7225341796875,313.49351501464844,688.2882080078125,0.9944631457328796,0.013021924532949924,91.14618446725252,20,detected,opposite_inferred,opposite_inferred_repair,32.85598783188985,32.83081539189162,32.80762353973892,32.783458714761544,32.759666546563786,32.7379151236447,32.711557569716796,32.687733691427084,32.6644545941965,30.852467494360944,30.813931629012444,30.77349831791041,30.72814209352439,30.679338430968745,30.63832335721822,30.58857935852853,30.542936668821493,30.49833895686229
frame_000084.jpg,,,,,,,,,,20,missing,missing,no_detection,,,,,,,,,,,,,,,,,,
frame_000085.jpg,,,,,,,,,,20,missing,missing,no_detection,,,,,,,,,,,,,,,,,,
frame_000086.jpg,,,,,,,,,,20,missing,missing,no_detection,,,,,,,,,,,,,,,,,,
frame_000087.jpg,,,,,,,,,,20,missing,missing,no_detection,,,,,,,,,,,,,,,,,,
frame_000088.jpg,,,,,,,,,,20,missing,missing,no_detection,,,,,,,,,,,,,,,,,,
frame_000089.jpg,,,,,,,,,,20,missing,missing,no_detection,,,,,,,,,,,,,,,,,,
frame_000090.jpg,,,,,,,,,,20,missing,missing,no_detection,,,,,,,,,,,,,,,,,,
frame_000091.jpg,32.000395344249085,30.80398631541565,441.8065185546875,799.796875,350.6737823486328,801.362548828125,0.9774291515350342,0.019294479861855507,91.14618446725252,20,detected,opposite_inferred,opposite_inferred_repair,31.98130314237222,31.98643045114025,31.991661538255848,31.995645095992323,32.000395344249085,32.00094873094226,32.00466257340135,32.00665481287132,32.0085454905057,31.007126659593858,30.95651554081812,30.907475390241714,30.857070668724216,30.80398631541565,30.763000834723115,30.713609013785135,30.67243659890467,30.6341836709365
frame_000092.jpg,32.000395344249085,30.80398631541565,441.8065185546875,799.796875,350.6737823486328,801.362548828125,0.9774291515350342,0.019294479861855507,91.14618446725252,20,detected,opposite_inferred,opposite_inferred_repair,31.98130314237222,31.98643045114025,31.991661538255848,31.995645095992323,32.000395344249085,32.00094873094226,32.00466257340135,32.00665481287132,32.0085454905057,31.007126659593858,30.95651554081812,30.907475390241714,30.857070668724216,30.80398631541565,30.763000834723115,30.713609013785135,30.67243659890467,30.6341836709365
frame_000093.jpg,32.26006193452032,31.388796967402236,448.0514831542969,798.60400390625,356.9187469482422,800.169677734375,0.9589072465896606,0.018480217084288597,91.14618446725252,20,detected,opposite_inferred,opposite_inferred_repair,32.40781975935637,32.3682282434907,32.33197184623105,32.29470515396521,32.26006193452032,32.23011954193898,32.19901551314228,32.17239986402354,32.148157630105594,31.649135382154952,31.58584423317748,31.5223587098447,31.456530955446375,31.388796967402236,31.33637784656288,31.27381309573302,31.22194836698611,31.17360414683776
frame_000094.jpg,32.32896298828468,31.48448523367867,449.08148193359375,799.0685424804688,357.94874572753906,800.6342163085938,0.9423943161964417,0.018033282831311226,91.14618446725252,20,detected,opposite_inferred,opposite_inferred_repair,32.51001129389857,32.46229258145143,32.41780087116588,32.371942957286855,32.32896298828468,32.292910409016464,32.253358590519355,32.220147149656306,32.189013194280264,31.74490438855828,31.68235350523093,31.619096283716782,31.55260635135334,31.48448523367867,31.430892880416994,31.367929107201814,31.31528632280541,31.265958325501224
frame_000095.jpg,32.32896298828468,31.48448523367867,449.08148193359375,799.0685424804688,357.94874572753906,800.6342163085938,0.9423943161964417,0.018033282831311226,91.14618446725252,20,detected,opposite_inferred,opposite_inferred_repair,32.51001129389857,32.46229258145143,32.41780087116588,32.371942957286855,32.32896298828468,32.292910409016464,32.253358590519355,32.220147149656306,32.189013194280264,31.74490438855828,31.68235350523093,31.619096283716782,31.55260635135334,31.48448523367867,31.430892880416994,31.367929107201814,31.31528632280541,31.265958325501224
frame_000096.jpg,32.33014455541664,31.456435518715235,448.9053955078125,799.1036987304688,357.7726593017578,800.6693725585938,0.9376127123832703,0.04805554077029228,91.14618446725252,20,detected,opposite_inferred,opposite_inferred_repair,32.51336732266059,32.465507139748915,32.42047254436452,32.373332552537704,32.33014455541664,32.29354803020592,32.25245493583619,32.21792606636321,32.18545938778888,31.71387069919996,31.651542833006765,31.589374973172347,31.523963991058086,31.456435518715235,31.404064025050005,31.34226160458289,31.290502362471265,31.241881066219857
frame_000097.jpg,32.52429321829027,31.41055013103026,425.6547546386719,799.7095947265625,334.5220184326172,801.2752685546875,0.9899439811706543,0.027407949790358543,91.14618446725252,20,detected,opposite_inferred,opposite_inferred_repair,32.65212495760907,32.61877960836828,32.586630104683245,32.5532055740481,32.52429321829027,32.499430198450504,32.47522916327319,32.45500719326264,32.43688963606605,31.693611386232636,31.62570661401862,31.55744108666627,31.483663003857526,31.41055013103026,31.352033883261086,31.282317229904706,31.224301020773975,31.170793037614455
frame_000098.jpg,32.39074752346376,31.09185179634831,424.4271240234375,799.7109375,333.2943878173828,801.276611328125,0.9905458688735962,0.05532921850681305,91.14618446725252,20,detected,opposite_inferred,opposite_inferred_repair,32.43208360563121,32.42046446292037,32.409638041235645,32.39868767651307,32.39074752346376,32.382223329291655,32.37284463521843,32.36319582151715,32.35484282129669,31.30064770599089,31.246080271187985,31.19432749642312,31.142751879631213,31.09185179634831,31.052962825202766,31.00780688482971,30.970297834917933,30.93672820951723
frame_000099.jpg,32.39074752346376,31.09185179634831,424.4271240234375,799.7109375,333.2943878173828,801.276611328125,0.9905458688735962,0.05532921850681305,91.14618446725252,20,detected,opposite_inferred,opposite_inferred_repair,32.43208360563121,32.42046446292037,32.409638041235645,32.39868767651307,32.39074752346376,32.382223329291655,32.37284463521843,32.36319582151715,32.35484282129669,31.30064770599089,31.246080271187985,31.19432749642312,31.142751879631213,31.09185179634831,31.052962825202766,31.00780688482971,30.970297834917933,30.93672820951723
frame_000100.jpg,32.5117487903056,31.525301653205634,429.28553771972656,793.5615539550781,338.1528015136719,795.1272277832031,,,91.14618446725252,20,tracked,opposite_inferred,opposite_inferred_repair,32.65414390621848,32.617636152171755,32.581678267705016,32.54489586422587,32.5117487903056,32.484907529949844,32.45752484409256,32.43328537119527,32.41119271656361,31.8240251140975,31.74701695405829,31.67508156197282,31.60047486432801,31.525301653205634,31.462062830336215,31.386638219245285,31.32101694922072,31.259111576587646
frame_000101.jpg,32.62066149214288,32.00726923397662,434.1439514160156,787.4121704101562,343.01121520996094,788.9778442382812,0.9952391386032104,0.017231807112693787,91.14618446725252,20,detected,opposite_inferred,opposite_inferred_repair,32.77965474769177,32.73716801374615,32.69769786061713,32.65745879016349,32.62066149214288,32.58950494728801,32.55681184422379,32.52958395324544,32.504501076404345,32.37106117460739,32.279989858542514,32.190817776043474,32.09964027471645,32.00726923397662,31.931564603327082,31.84075166442733,31.761796229920137,31.685614577791597
frame_000102.jpg,32.55765557220013,31.866045024718666,433.2876892089844,787.38916015625,342.1549530029297,788.954833984375,0.9956359267234802,0.01857377402484417,91.14618446725252,20,detected,opposite_inferred,opposite_inferred_repair,32.679587697610614,32.64611129760885,32.61644490685271,32.58566121567374,32.55765557220013,32.53234703025586,32.50558058648853,32.483343725529565,32.4628161680123,32.217096952669365,32.12759057343652,32.0417633669532,31.954198079229855,31.866045024718666,31.794189950399502,31.708451830233873,31.633294372577396,31.560727116923804
frame_000103.jpg,32.1073137719581,31.587501295204422,430.4817199707031,781.579345703125,339.34898376464844,783.14501953125,0.9883749485015869,0.006910945754498243,91.14618446725252,20,detected,opposite_inferred,opposite_inferred_repair,32.10972920399236,32.107291142784845,32.1064357864436,32.10562721805935,32.1073137719581,32.1091858178535,32.11415008974101,32.119867502004276,32.12590798269665,31.93440984805991,31.84458959609332,31.75933834834593,31.674047905460654,31.587501295204422,31.516181932064967,31.433192545933473,31.36357386410607,31.298918146892724
frame_000104.jpg,32.0096339517317,31.141024692480883,432.5455322265625,775.0765380859375,341.4127960205078,776.6422119140625,0.9967896342277527,0.0016967308474704623,91.14618446725252,20,detected,opposite_inferred,opposite_inferred_repair,31.99803770930577,32.00010654722953,32.00241596950227,32.00511717862898,32.0096339517317,32.01323113494194,32.01987108134813,32.02561826739136,32.03256890707037,31.44404736710983,31.363998548455033,31.28804986314574,31.214210065295973,31.141024692480883,31.084094429601983,31.019073035636744,30.964981494555328,30.917628581818107
frame_000105.jpg,31.87994574138019,30.643366968241473,436.79144287109375,771.7977905273438,345.65870666503906,773.3634643554688,0.9962330460548401,0.002049277536571026,91.14618446725252,20,detected,opposite_inferred,opposite_inferred_repair,31.816279862988132,31.83094113065909,31.84621135608188,31.86161111014524,31.87994574138019,31.8939067437373,31.912083246916858,31.92846537969651,31.9446879947502,30.793179590502827,30.749268042941637,30.71112640027849,30.675958696856764,30.643366968241473,30.61895314291067,30.592199600457274,30.571322656185064,30.551939841087442
frame_000106.jpg,32.08625590979341,30.313133497513185,442.759521484375,778.3900756835938,351.6267852783203,779.9557495117188,0.9807312488555908,0.0016325387405231595,91.14618446725252,20,detected,opposite_inferred,opposite_inferred_repair,32.020226172208304,32.035404498226804,32.0511049123062,32.06823415892198,32.08625590979341,32.101025853512745,32.118937479188276,32.1341744535908,32.14852961010508,30.36753727557275,30.35476702464324,30.34126560375861,30.3257469487556,30.313133497513185,30.30228686087514,30.291508491498426,30.283876345961605,30.278504768529043
frame_000107.jpg,32.49321596989961,31.082167358182815,457.71295166015625,779.1092529296875,366.58021545410156,780.6749267578125,0.9958723187446594,0.001076958142220974,91.14618446725252,20,detected,opposite_inferred,opposite_inferred_repair,32.56225984388245,32.542863327733365,32.5257426100646,32.50796213947829,32.49321596989961,32.47902475064825,32.46182632063158,32.44500811146717,32.42797710774248,31.313246256989387,31.249661563972513,31.19168116308818,31.136177893772086,31.082167358182815,31.042592239813626,30.997929570941075,30.96018850392552,30.92584468915912
frame_000108.jpg,32.31709007599546,31.222341540925537,461.0997009277344,769.7318725585938,369.9669647216797,771.2975463867188,0.9868148565292358,0.0014270799001678824,91.14618446725252,20,detected,opposite_inferred,opposite_inferred_repair,32.397726123951685,32.377008161986744,32.35707916204005,32.33619425655343,32.31709007599546,32.301036420610075,32.286869242641046,32.27406876109483,32.26318159265893,31.433287745651082,31.37604354670211,31.32344075777057,31.27241813416499,31.222341540925537,31.183790652005346,31.137112085410255,31.096843673252817,31.05880452880124
frame_000109.jpg,32.62337557822138,31.54800927613914,467.409912109375,768.1430053710938,376.2771759033203,769.7086791992188,,,91.14618446725252,20,tracked,opposite_inferred,opposite_inferred_repair,32.75220274408985,32.72055137249809,32.69098216094727,32.65767716301621,32.62337557822138,32.59335880275905,32.5599871332215,32.53116279237566,32.50363146768893,31.75528965743885,31.701941372841503,31.65157687783868,31.599916305918647,31.54800927613914,31.503765942184817,31.452423256120387,31.407617873304186,31.36354707996624
frame_000110.jpg,32.96088740229252,31.9219804645988,473.7201232910156,766.5541381835938,382.58738708496094,768.1198120117188,0.9889776110649109,0.001551607740111649,91.14618446725252,20,detected,opposite_inferred,opposite_inferred_repair,33.119085936198246,33.08660290154232,33.048769935631796,33.006452700097554,32.96088740229252,32.921492102443366,32.872441219198926,32.82674564029057,32.781589929169364,32.11552588351557,32.06914278663589,32.02312124365674,31.97377752388952,31.9219804645988,31.879360423744817,31.82869279014323,31.783759967390797,31.73969018594673
frame_000111.jpg,32.833381172167506,32.449040767975895,475.021484375,760.19482421875,383.8887481689453,761.760498046875,0.8576491475105286,0.02363961935043335,91.14618446725252,20,detected,opposite_inferred,opposite_inferred_repair,33.01369025005878,32.971185171360425,32.92768747831315,32.88148645374736,32.833381172167506,32.79278189357068,32.74748605136887,32.71086534223648,32.67765508772629,32.7156487973574,32.6552901256863,32.592283899122016,32.52273343589362,32.449040767975895,32.38543607899214,32.306014676695696,32.23442836797334,32.16522451140645
frame_000112.jpg,32.80979153202107,32.68380072246509,477.0186767578125,753.7606506347656,385.8859405517578,755.3263244628906,,,91.14618446725252,20,tracked,opposite_inferred,opposite_inferred_repair,32.92339114304808,32.89014013924687,32.86015592712558,32.833095731753595,32.80979153202107,32.79247875453148,32.777305862622335,32.76785068518973,32.760593879632076,32.92445410365998,32.87001191959304,32.813253441704404,32.75156640829559,32.68380072246509,32.62228295320858,32.54566997997217,32.47541044533372,32.403835447115746
frame_000113.jpg,32.49535255064411,32.15585938207178,479.015869140625,747.3264770507812,387.8831329345703,748.8921508789062,0.9936284422874451,0.01714531145989895,91.14618446725252,20,detected,opposite_inferred,opposite_inferred_repair,32.51763819293219,32.505749124690816,32.498901654141115,32.49386854068294,32.49535255064411,32.49628247070615,32.50277988045376,32.509694514680646,32.51661484552121,32.38674335979382,32.332509109022226,32.278740464062366,32.22038770123765,32.15585938207178,32.10136978014875,32.03541820123694,31.976510017142253,31.919339570031855
frame_000114.jpg,32.47719928124565,31.694392405062604,478.76947021484375,743.2395629882812,387.63673400878906,744.8052368164062,0.9965049028396606,0.010361465625464916,91.14618446725252,20,detected,opposite_inferred,opposite_inferred_repair,32.38283392309322,32.40786873194978,32.431272304478966,32.45305314084173,32.47719928124565,32.49280023040014,32.51371279847797,32.52988128355978,32.54564758002416,31.852545347403964,31.810030637809124,31.770619558140687,31.73127750348621,31.694392405062604,31.665053597018588,31.631570871184547,31.600495148398434,31.57013480388522
frame_000115.jpg,32.756295972948415,32.03654493872209,486.537109375,738.990478515625,395.4043731689453,740.55615234375,0.9895983934402466,0.13289430737495422,91.14618446725252,20,detected,opposite_inferred,opposite_inferred_repair,32.70454212572908,32.71824833640445,32.73170453701117,32.743182421582205,32.756295972948415,32.7636510564803,32.777416466621226,32.78945191371375,32.80042271382382,32.189504544476065,32.15059821549066,32.11359637598141,32.074366061614704,32.03654493872209,32.00454798911019,31.965874571493288,31.932481573188134,31.900077105769846
frame_000116.jpg,33.140410782053955,33.08920408932957,503.28497314453125,727.4404296875,412.15223693847656,729.006103515625,0.9158605933189392,0.3602835536003113,91.14618446725252,20,detected,opposite_inferred,opposite_inferred_repair,33.20760603007817,33.188202569536024,33.170697954542,33.154360628695,33.140410782053955,33.1296504207013,33.117748495871105,33.10751541856529,33.09895881279632,33.31620615083272,33.26518962040571,33.21313118014505,33.15407189720403,33.08920408932957,33.029785815473716,32.95854110249302,32.89196409012807,32.82430578489129
frame_000117.jpg,33.13976194500301,32.950412370166006,504.07017008463544,721.5674235026041,432.66656494140625,715.9407958984375,0.3368164002895355,0.7972816228866577,76.34598731856953,20,tracked,detected,tracked_repair,33.15316911433882,33.146723653175336,33.14278024532205,33.14000700485659,33.13976194500301,33.14002209924565,33.143282859411656,33.14635913134815,33.14942009002471,32.97225004733631,32.96759720924591,32.96256836890031,32.955670425742305,32.950412370166006,32.94291474219607,32.935896861756355,32.92797933935109,32.91927667993782
frame_000118.jpg,33.00374060670733,32.950412370166006,504.85536702473956,715.6944173177084,432.66656494140625,715.9407958984375,0.3368164002895355,0.7972816228866577,76.34598731856953,20,tracked,detected,tracked_repair,33.041977897334114,33.02733331824192,33.016750855252255,33.00832452845905,33.00374060670733,33.00052725124817,32.99932515441529,32.999250591262715,32.99909190757066,32.97225004733631,32.96759720924591,32.96256836890031,32.955670425742305,32.950412370166006,32.94291474219607,32.935896861756355,32.92797933935109,32.91927667993782
frame_000119.jpg,32.84430276688751,33.101223773396384,505.64056396484375,709.8214111328125,414.50782775878906,711.3870849609375,0.8999254107475281,0.257741779088974,91.14618446725252,20,detected,opposite_inferred,opposite_inferred_repair,32.86942539353087,32.85682086576855,32.84913255676308,32.84514399892809,32.84430276688751,32.845702422878354,32.84963922296984,32.85366726093891,32.8571941331421,33.38056503929948,33.32037368600502,33.25360714935548,33.18008037124796,33.101223773396384,33.0314832712836,32.94697796958342,32.8689543784251,32.79114743726422
frame_000120.jpg,32.82156553566642,33.06454223037728,505.2180480957031,709.7484741210938,414.08531188964844,711.3141479492188,0.8671563863754272,0.18868684768676758,91.14618446725252,20,detected,opposite_inferred,opposite_inferred_repair,32.83697437570674,32.826834448869754,32.821542591245056,32.82055173941179,32.82156553566642,32.82401772519584,32.8291909116122,32.835005922025786,32.842545291353936,33.355650324246206,33.29292350464782,33.22404314695242,33.14805201780397,33.06454223037728,32.99282153392532,32.903512008287855,32.82272858982107,32.74446254027911
frame_000121.jpg,33.12726427003506,33.14780521641865,509.7840270996094,709.325927734375,418.6512908935547,710.8916015625,0.5756174325942993,0.424531489610672,91.14618446725252,20,detected,opposite_inferred,opposite_inferred_repair,33.24614893767784,33.216446726101985,33.18766791524811,33.15757681743209,33.12726427003506,33.09978820723729,33.069180150330446,33.04308327189445,33.01651237015781,33.36588786035513,33.316571862768946,33.26458362051182,33.20770418336098,33.14780521641865,33.09558293544281,33.032711955176154,32.975301886638306,32.91797396200716
frame_000122.jpg,32.98082741855607,33.100491275723925,506.3678283691406,710.6490478515625,415.23509216308594,712.2147216796875,0.7488500475883484,0.3686920702457428,91.14618446725252,20,detected,opposite_inferred,opposite_inferred_repair,33.042984670613365,33.02249401313621,33.00614587906713,32.991809293739685,32.98082741855607,32.972639790565445,32.965166341698634,32.95975779508009,32.954972520227045,33.377372994903766,33.31564417984731,33.24994694634449,33.17784277514038,33.100491275723925,33.03181840672623,32.94836785248425,32.872543363389646,32.797177248932314
frame_000123.jpg,32.999499889314585,33.08946810437471,505.8272399902344,711.3986206054688,414.6945037841797,712.9642944335938,0.9268250465393066,0.29304593801498413,91.14618446725252,20,detected,opposite_inferred,opposite_inferred_repair,33.0719839538986,33.04903979157289,33.03037438193727,33.01258224868107,32.999499889314585,32.989003790941055,32.97935276207893,32.97094064123697,32.962766418940504,33.367218274609776,33.30514759243743,33.23978718937387,33.16713312762556,33.08946810437471,33.021398900671755,32.938327520173225,32.86330754950667,32.78804784057274
frame_000124.jpg,33.14976139159426,32.95686314049758,506.3706359863281,715.09130859375,431.7939758300781,715.7228393554688,0.7644683718681335,0.7343831658363342,74.57933407562582,20,detected,detected,ok,33.21834881813428,33.1978810337147,33.18066859885921,33.16368119518844,33.14976139159426,33.13920300678378,33.127961044677456,33.11802451928366,33.10751776878413,32.98106888509047,32.97549988814195,32.969970120708474,32.96256243052614,32.95686314049758,32.94923270371548,32.941961059037254,32.93572343361605,32.93038585172309
frame_000125.jpg,33.19843896545915,32.941624807963365,506.6102294921875,715.3638916015625,432.4743957519531,715.8634643554688,0.6640408039093018,0.7719265222549438,74.13751693505873,20,detected,detected,ok,33.2712357958159,33.25070109274197,33.23259013437246,33.21422646538842,33.19843896545915,33.18425456800647,33.16830902276844,33.15314245925203,33.13713528832002,32.96668913096398,32.96019191170489,32.95509016833496,32.947312565524236,32.941624807963365,32.934367023221476,32.92776261024769,32.92251439043777,32.916963075700934
frame_000126.jpg,33.080150578719966,32.91131830738212,506.1087951660156,715.9141845703125,430.0860595703125,716.050048828125,0.9135099053382874,0.7283306121826172,76.02285700071221,20,detected,detected,ok,33.123322138918994,33.109627231369785,33.098334802418655,33.08780106892931,33.080150578719966,33.073121473246964,33.06734151876887,33.06267380038269,33.056811621623616,32.94676169742308,32.936911950972785,32.92824742123457,32.91799632487523,32.91131830738212,32.9033062898806,32.89449397707528,32.88502674939374,32.87441147401099
frame_000127.jpg,32.999468716815045,32.84644473315131,506.3488464355469,715.352783203125,430.4609375,715.5797729492188,0.9194689989089966,0.6982223391532898,75.88824841142855,20,detected,detected,ok,33.041361806897804,33.02943283272821,33.018287395519906,33.00765903823617,32.999468716815045,32.991954470806704,32.98434586806909,32.977350251819196,32.970191632387554,32.880776851764736,32.873376170806075,32.86662336143923,32.85669105174061,32.84644473315131,32.834752894178216,32.82164271594817,32.81105067325548,32.79959644397376
frame_000128.jpg,32.92583449323776,32.6765911591428,504.9719543457031,714.334716796875,413.83921813964844,715.900390625,0.9768573045730591,0.30383267998695374,91.14618446725252,20,detected,opposite_inferred,opposite_inferred_repair,32.96562955996557,32.9534570032653,32.94414567206478,32.93404896840804,32.92583449323776,32.918116451431125,32.91184455701569,32.90695646831263,32.902557481478,32.91528228017913,32.86117590346342,32.80395623914628,32.7418717169448,32.6765911591428,32.62111035559178,32.55383685557849,32.49492116216728,32.43836215556961
frame_000129.jpg,32.90369329977146,32.5492239701363,504.7649230957031,714.0762329101562,413.63218688964844,715.6419067382812,0.9836820960044861,0.19481241703033447,91.14618446725252,20,detected,opposite_inferred,opposite_inferred_repair,32.945197427036796,32.93233354571493,32.92259278747989,32.912013325820475,32.90369329977146,32.89498772732202,32.8877167832124,32.88184045699365,32.877130302934454,32.77949148508325,32.72380380760649,32.66858940415757,32.609667212951585,32.5492239701363,32.49937683351194,32.43860935527812,32.38607481510519,32.334913620415065
frame_000130.jpg,32.962058087449726,32.58301964254302,505.8155822753906,715.0609130859375,414.68284606933594,716.6265869140625,0.9678914546966553,0.11845459043979645,91.14618446725252,20,detected,opposite_inferred,opposite_inferred_repair,33.01375649859641,32.99868923039259,32.98508800198574,32.97248250133477,32.962058087449726,32.9522980557956,32.94205423266435,32.9326646536613,32.92367934594888,32.802063129333725,32.74938376573349,32.69762435011272,32.641702278188646,32.58301964254302,32.53396617851311,32.474639340160124,32.42304585261006,32.3731469614882
frame_000131.jpg,32.99412509110674,32.55745848755404,505.7757263183594,715.9755859375,414.6429901123047,717.541259765625,0.9343609809875488,0.11315795034170151,91.14618446725252,20,detected,opposite_inferred,opposite_inferred_repair,33.05184886513514,33.03622851748964,33.021843531601505,33.0072604618043,32.99412509110674,32.98215744849784,32.96983928681864,32.95794273259746,32.94621892178711,32.75955869924971,32.71076178689458,32.66290036875121,32.611065066042734,32.55745848755404,32.51115442383137,32.45503560933735,32.405510710602655,32.356907148718015
frame_000132.jpg,33.044226464500476,32.59611069467063,507.4005126953125,716.5581665039062,416.2677764892578,718.1238403320312,0.8424834609031677,0.12289070338010788,91.14618446725252,20,detected,opposite_inferred,opposite_inferred_repair,33.119318488570784,33.09859471748324,33.07996909073795,33.06103646151878,33.044226464500476,33.02915989142489,33.01238626388793,32.99662641108218,32.98045317420943,32.80490440702329,32.755686170246605,32.706372343901194,32.6527680944908,32.59611069467063,32.54845703495892,32.49144697941911,32.440479537068846,32.39212634647757
frame_000133.jpg,33.09400602141811,32.615999350801836,508.5656433105469,716.898193359375,417.4329071044922,718.4638671875,0.7637954354286194,0.16102837026119232,91.14618446725252,20,detected,opposite_inferred,opposite_inferred_repair,33.19050602951969,33.16701359106327,33.14344722568111,33.11896022181356,33.09400602141811,33.07174152436618,33.04396528413488,33.018545808547756,32.992961589143235,32.82667936821581,32.777383565022454,32.7272619171746,32.67201467702678,32.615999350801836,32.567810825543944,32.50958403011281,32.459041987823404,32.41052344380444
frame_000134.jpg,33.0358304282948,32.64236650682421,508.7933654785156,716.16064453125,417.66062927246094,717.726318359375,0.9049463272094727,0.12211839854717255,91.14618446725252,20,detected,opposite_inferred,opposite_inferred_repair,33.146413610061956,33.11818007618811,33.090812251402404,33.063397342769804,33.0358304282948,33.01050851230033,32.9800083358908,32.95219169334571,32.92575204271774,32.855933940369695,32.80486717635176,32.75443423161515,32.69860404936271,32.64236650682421,32.59411179888348,32.53745859606889,32.48775325941355,32.44045180818327
frame_000135.jpg,32.903161497868595,32.48810698399879,505.6435546875,716.3273315429688,414.5108184814453,717.8930053710938,0.783838152885437,0.06664543598890305,91.14618446725252,20,detected,opposite_inferred,opposite_inferred_repair,32.991405935271196,32.9673874110039,32.94579751270812,32.92276764686879,32.903161497868595,32.886578160411986,32.871079724953624,32.85782214251572,32.845305444094194,32.68971891414073,32.6395516209263,32.59148716102185,32.54089142664365,32.48810698399879,32.44429020095893,32.39112587639765,32.34449124894015,32.298524779109094
frame_000136.jpg,32.800629165880196,32.22734300306858,503.62994384765625,715.5078125,412.49720764160156,717.073486328125,0.9435186386108398,0.019623132422566414,91.14618446725252,20,detected,opposite_inferred,opposite_inferred_repair,32.86235603321815,32.844755246591845,32.82933776499271,32.812875783331414,32.800629165880196,32.789929220567416,32.78098311046858,32.77351537575518,32.76603403569976,32.38701221406553,32.35095480280472,32.312464007412494,32.27286298312289,32.22734300306858,32.190089847153345,32.14313988357499,32.09936490088867,32.05543856083427
frame_000137.jpg,32.8845030739171,32.68988788388662,503.72552490234375,716.0504760742188,412.59278869628906,717.6161499023438,0.9634078741073608,0.1949024200439453,91.14618446725252,20,detected,opposite_inferred,opposite_inferred_repair,32.95004830887917,32.93248497242273,32.91549663842378,32.897921574757284,32.8845030739171,32.87198388651844,32.86066350059122,32.85116891324453,32.84381590885431,32.917490557249636,32.86487487740068,32.810885781166164,32.75172936348264,32.68988788388662,32.63657902889333,32.571295393248946,32.51355045440059,32.45690313318537
frame_000138.jpg,33.15449217799465,32.934493115630424,507.62103271484375,716.4178466796875,427.98577880859375,718.0626831054688,0.9582482576370239,0.5843926072120667,79.65223883595792,20,detected,detected,ok,33.29262919644543,33.256953184112945,33.22250197236668,33.18808395743781,33.15449217799465,33.12590333712803,33.09333779130431,33.064918836342166,33.03711266871277,32.98653059303515,32.97269919611139,32.95963244958612,32.946022394237005,32.934493115630424,32.92235491431563,32.90927259862985,32.89479208526712,32.879021937628835
frame_000139.jpg,33.118101613405585,32.9771731130645,506.01275634765625,715.7457275390625,427.6690979003906,717.572265625,0.953296959400177,0.6702961921691895,78.36494790581561,20,detected,detected,ok,33.24736178984219,33.211980794332014,33.17932000735363,33.14676236886833,33.118101613405585,33.09467655481777,33.070425190679174,33.04876556395194,33.02709772276786,33.02800099442333,33.01542730061838,33.003092185816335,32.989347978332724,32.9771731130645,32.96575158412907,32.95398632237844,32.94018096764519,32.92414265629071
frame_000140.jpg,33.05875293026612,32.94070153807917,504.7759704589844,715.4053344726562,427.93210856119794,716.3235473632812,0.9853024482727051,0.3220990300178528,79.78878532841328,20,detected,tracked,tracked_repair,33.17097726519366,33.14078798381076,33.11199813979192,33.083463817132866,33.05875293026612,33.03814472642971,33.016623807501375,32.998238829055865,32.980637837484934,32.99319353894696,32.980276581567914,32.96714972039477,32.952725869421656,32.94070153807917,32.92835785594005,32.915935045377424,32.903501653515576,32.88831160490477
frame_000141.jpg,32.94862563739449,32.88570673525513,503.09521484375,714.68798828125,428.1951192220052,715.0748291015625,0.9831017851829529,0.23259589076042175,75.43012786869541,20,detected,tracked,tracked_repair,33.02476543931645,33.00499268315049,32.98693044244458,32.9655610233546,32.94862563739449,32.93218763198094,32.917548745686595,32.90657529049603,32.89758637615879,32.92988249805842,32.91950921407088,32.909082595500365,32.89646001779529,32.88570673525513,32.87424113485075,32.8630670129007,32.85127315110899,32.83884326192224
frame_000142.jpg,32.99690316029997,32.857720998598325,504.1934814453125,715.0390014648438,428.4581298828125,713.8261108398438,0.9701805710792542,0.5840884447097778,75.74506307320421,20,detected,detected,ok,33.09343659894483,33.06768645145476,33.04317882600933,33.01793369084311,32.99690316029997,32.9771539983155,32.95840344697251,32.9429776490485,32.92935953606249,32.89944015328308,32.89018177332414,32.880244096747845,32.868222108366545,32.857720998598325,32.846720679158416,32.83579527163101,32.82587951691442,32.815962068439376
frame_000143.jpg,32.75896149300458,32.626930237802725,498.08465576171875,715.364013671875,406.95191955566406,716.9296875,0.994946300983429,0.11525867134332657,91.14618446725252,20,detected,opposite_inferred,opposite_inferred_repair,32.76756246834668,32.76774762836461,32.765655873307296,32.76134192649019,32.75896149300458,32.75356652239852,32.75054381153153,32.74888352124599,32.74816853226809,32.915091597399176,32.846610424607185,32.776985205923566,32.703458318707526,32.626930237802725,32.56403578588615,32.48673087913892,32.418924139054425,32.352658246000736
frame_000144.jpg,33.08253604730994,32.79137464309922,507.94525146484375,719.630859375,416.81251525878906,721.196533203125,0.9830887913703918,0.303677499294281,91.14618446725252,20,detected,opposite_inferred,opposite_inferred_repair,33.31861072869439,33.25829124120997,33.20064611439612,33.142163514401275,33.08253604730994,33.034900148117174,32.97916738888457,32.93109463862179,32.885998081156366,32.921717989282136,32.891071989412254,32.85942769428542,32.825693572287804,32.79137464309922,32.758225212581706,32.719277715948216,32.6828365234539,32.64534158818288
frame_000145.jpg,32.49277443049321,32.24041722983152,490.806884765625,718.5106811523438,399.6741485595703,720.0763549804688,0.9946257472038269,0.07054358720779419,91.14618446725252,20,detected,opposite_inferred,opposite_inferred_repair,32.481963710834584,32.48486877780335,32.48706343895175,32.48862855247058,32.49277443049321,32.49203310683059,32.49429360389349,32.49562444681879,32.49674573454142,32.49282964892176,32.43099088575709,32.37018878053031,32.307529732484845,32.24041722983152,32.185939627493084,32.12000786792563,32.06255856649095,32.00756474050977
frame_000146.jpg,32.609056851891474,32.205835429978514,489.29266357421875,720.6055297851562,398.15992736816406,722.1712036132812,0.9934199452400208,0.35013672709465027,91.14618446725252,20,detected,opposite_inferred,opposite_inferred_repair,32.60427671928245,32.6065955212569,32.60860828044389,32.60885240803656,32.609056851891474,32.60530927148396,32.602713094714254,32.6009125806468,32.597467713277105,32.470265242122615,32.405700226507065,32.3418188142666,32.274949918179324,32.205835429978514,32.15110525606662,32.083408072287654,32.02470926430899,31.969612553410464
frame_000147.jpg,32.43003357470526,32.622929801457246,488.3968505859375,719.3231201171875,405.8874206542969,725.115966796875,0.9942317605018616,0.5826554894447327,82.71253290946107,20,detected,detected,ok,32.42205075509532,32.42605111854252,32.42845705624373,32.4287739265177,32.43003357470526,32.42856030887815,32.42811264826582,32.427105332392415,32.426576661606624,32.80871738439594,32.76574585181843,32.721755199842676,32.6731023527541,32.622929801457246,32.578309536970444,32.5248428386591,32.47545697253453,32.423925041078896
frame_000148.jpg,32.542316936442326,32.066306427618684,488.5167541503906,720.3472290039062,397.38401794433594,721.9129028320312,0.9930276274681091,0.2915904223918915,91.14618446725252,20,detected,opposite_inferred,opposite_inferred_repair,32.55746293631976,32.5565963823884,32.552435204630285,32.54749749050513,32.542316936442326,32.53453764747428,32.526257049688624,32.518295558541446,32.50919109085732,32.341319175165275,32.2724180597461,32.20612798218922,32.1377164330024,32.066306427618684,32.01160594138822,31.94751731325802,31.89338796357412,31.84446857889472
frame_000149.jpg,32.63064099623323,32.18591322315873,490.17889404296875,722.4395751953125,399.04615783691406,724.0052490234375,0.9973701238632202,0.18650615215301514,91.14618446725252,20,detected,opposite_inferred,opposite_inferred_repair,32.653613083578236,32.65048109328929,32.64723578405593,32.64006850888885,32.63064099623323,32.61953406362285,32.60545474310587,32.590051826668656,32.57323760928937,32.4696277757951,32.402434494480694,32.334965513652186,32.260388326849956,32.18591322315873,32.125966759950586,32.0548631764645,31.996128650052,31.94235638215477
frame_000150.jpg,32.90612937305992,32.67445568570937,491.0980224609375,724.1029663085938,399.9652862548828,725.6686401367188,0.9972211122512817,0.08171900361776352,91.14618446725252,20,detected,opposite_inferred,opposite_inferred_repair,32.964025029001974,32.94996426990464,32.9359444640598,32.92179461634718,32.90612937305992,32.892061897133445,32.87653351691378,32.861434375289626,32.84403197746722,32.948194075756874,32.88937913660087,32.82830670845665,32.754945160365985,32.67445568570937,32.60492434004846,32.52157606381348,32.448241717765306,32.37872649313643
frame_000151.jpg,32.90612937305992,32.67445568570937,491.0980224609375,724.1029663085938,399.9652862548828,725.6686401367188,0.9972211122512817,0.08171900361776352,91.14618446725252,20,detected,opposite_inferred,opposite_inferred_repair,32.964025029001974,32.94996426990464,32.9359444640598,32.92179461634718,32.90612937305992,32.892061897133445,32.87653351691378,32.861434375289626,32.84403197746722,32.948194075756874,32.88937913660087,32.82830670845665,32.754945160365985,32.67445568570937,32.60492434004846,32.52157606381348,32.448241717765306,32.37872649313643
frame_000152.jpg,32.96356604612753,32.71375419093121,490.6463623046875,724.0939331054688,399.5136260986328,725.6596069335938,0.9961268305778503,0.051057249307632446,91.14618446725252,20,detected,opposite_inferred,opposite_inferred_repair,33.030337544534405,33.01151824385467,32.99451507344891,32.97899287554331,32.96356604612753,32.94999197884873,32.93310939267647,32.91687484529155,32.89991729321475,32.998339162113446,32.93666513731457,32.872450843707185,32.797280349614354,32.71375419093121,32.64009686961949,32.55217092760174,32.47555376384443,32.40324633416399
frame_000153.jpg,32.94737129636042,32.64888553097081,489.1923522949219,726.97998046875,398.0596160888672,728.545654296875,0.9952220320701599,0.09731444716453552,91.14618446725252,20,detected,opposite_inferred,opposite_inferred_repair,32.99372959887964,32.978365536862164,32.96555646073267,32.95580266698277,32.94737129636042,32.94085859749288,32.93461830933558,32.928824658020034,32.92262287825377,32.94790417582393,32.88060244554848,32.80887713904156,32.73050848012094,32.64888553097081,32.58034381379148,32.4987849964121,32.42865751145765,32.3638056929014
frame_000154.jpg,32.85653776884421,32.68753844765897,484.2017822265625,734.361328125,393.0690460205078,735.927001953125,0.9945084452629089,0.4418245553970337,91.14618446725252,20,detected,opposite_inferred,opposite_inferred_repair,32.88912576277382,32.87956163154651,32.87001938194509,32.86131289328527,32.85653776884421,32.85205498257404,32.85084219064357,32.85127850252123,32.852952123912615,32.995386651728296,32.92509826788234,32.85245245912749,32.771096186048915,32.68753844765897,32.61669964991652,32.529900192170494,32.45444891753761,32.382848677382526
frame_000155.jpg,32.64326254313243,32.397528194124654,467.2026672363281,749.6663208007812,376.06993103027344,751.2319946289062,0.9980060458183289,0.01618562638759613,91.14618446725252,20,detected,opposite_inferred,opposite_inferred_repair,32.699648393194956,32.68559515503798,32.67113379665023,32.65667870437516,32.64326254313243,32.63174083673145,32.62153748222826,32.61247004471535,32.60374328826359,32.74033055616973,32.65857387306648,32.57554854248599,32.48659980541026,32.397528194124654,32.32369850785103,32.23748509370125,32.16284597698923,32.09283918223372
frame_000156.jpg,,,,,,,,,,20,missing,missing,no_detection,,,,,,,,,,,,,,,,,,
frame_000157.jpg,,,,,,,,,,20,missing,missing,no_detection,,,,,,,,,,,,,,,,,,
frame_000158.jpg,,,,,,,,,,20,missing,missing,no_detection,,,,,,,,,,,,,,,,,,
frame_000159.jpg,,,,,,,,,,20,missing,missing,no_detection,,,,,,,,,,,,,,,,,,
frame_000160.jpg,,,,,,,,,,20,missing,missing,no_detection,,,,,,,,,,,,,,,,,,
frame_000161.jpg,,,,,,,,,,20,missing,missing,no_detection,,,,,,,,,,,,,,,,,,
frame_000162.jpg,,,,,,,,,,20,missing,missing,no_detection,,,,,,,,,,,,,,,,,,
frame_000163.jpg,,,,,,,,,,20,missing,missing,no_detection,,,,,,,,,,,,,,,,,,
frame_000164.jpg,,,,,,,,,,20,missing,missing,no_detection,,,,,,,,,,,,,,,,,,
frame_000165.jpg,32.2975153572128,31.815289978345547,473.22705078125,939.5609130859375,391.1595458984375,938.0921630859375,0.9868305325508118,0.8722269535064697,82.08064683135089,20,detected,detected,ok,32.29938283392168,32.29871335655919,32.297492803354906,32.296932443270464,32.2975153572128,32.29601037046887,32.29621161647324,32.29539760400347,32.293510490824794,31.899504416917885,31.878617436327687,31.857394390499667,31.835593985359814,31.815289978345547,31.796899278446325,31.776255467385152,31.756824079278466,31.7365133630787
frame_000166.jpg,32.483381486845744,31.85397570748008,475.94879150390625,942.4578857421875,388.1960754394531,943.7128295898438,0.9995318651199341,0.9713649749755859,87.7616890263018,20,detected,detected,ok,32.55075119759292,32.534208962284445,32.518193420378836,32.50086281982399,32.483381486845744,32.46586030455444,32.44586110598952,32.42734899006893,32.4101490995864,32.055125589031476,32.007839029077225,31.960118911983358,31.908303377151103,31.85397570748008,31.80622380382538,31.7524693371254,31.705698660817337,31.65992402127023
frame_000167.jpg,32.483381486845744,31.85397570748008,475.94879150390625,942.4578857421875,388.1960754394531,943.7128295898438,0.9995318651199341,0.9713649749755859,87.7616890263018,20,detected,detected,ok,32.55075119759292,32.534208962284445,32.518193420378836,32.50086281982399,32.483381486845744,32.46586030455444,32.44586110598952,32.42734899006893,32.4101490995864,32.055125589031476,32.007839029077225,31.960118911983358,31.908303377151103,31.85397570748008,31.80622380382538,31.7524693371254,31.705698660817337,31.65992402127023
frame_000168.jpg,,,,,,,,,,20,missing,missing,no_detection,,,,,,,,,,,,,,,,,,
frame_000169.jpg,32.61382095574583,31.736247699958962,448.3658447265625,984.852783203125,357.2331085205078,986.41845703125,0.9765817523002625,0.04661351442337036,91.14618446725252,20,detected,opposite_inferred,opposite_inferred_repair,32.62998298032184,32.623809351648276,32.61801939622373,32.613820859002836,32.61382095574583,32.61315771655713,32.615673234439754,32.61884136112263,32.622938333637286,32.07539971715068,31.989675487968487,31.906243505900168,31.82179816815363,31.736247699958962,31.66682740898806,31.584264833198972,31.511958728761822,31.4422844896279
frame_000170.jpg,32.61382095574583,31.736247699958962,448.3658447265625,984.852783203125,357.2331085205078,986.41845703125,0.9765817523002625,0.04661351442337036,91.14618446725252,20,detected,opposite_inferred,opposite_inferred_repair,32.62998298032184,32.623809351648276,32.61801939622373,32.613820859002836,32.61382095574583,32.61315771655713,32.615673234439754,32.61884136112263,32.622938333637286,32.07539971715068,31.989675487968487,31.906243505900168,31.82179816815363,31.736247699958962,31.66682740898806,31.584264833198972,31.511958728761822,31.4422844896279
frame_000171.jpg,,,,,,,,,,20,missing,missing,no_detection,,,,,,,,,,,,,,,,,,
frame_000172.jpg,,,,,,,,,,20,missing,missing,no_detection,,,,,,,,,,,,,,,,,,
frame_000173.jpg,,,,,,,,,,20,missing,missing,no_detection,,,,,,,,,,,,,,,,,,
frame_000174.jpg,,,,,,,,,,20,missing,missing,no_detection,,,,,,,,,,,,,,,,,,
frame_000175.jpg,,,,,,,,,,20,missing,missing,no_detection,,,,,,,,,,,,,,,,,,
frame_000176.jpg,,,,,,,,,,20,missing,missing,no_detection,,,,,,,,,,,,,,,,,,
frame_000177.jpg,,,,,,,,,,20,missing,missing,no_detection,,,,,,,,,,,,,,,,,,
frame_000178.jpg,,,,,,,,,,20,missing,missing,no_detection,,,,,,,,,,,,,,,,,,
frame_000179.jpg,,,,,,,,,,20,missing,missing,no_detection,,,,,,,,,,,,,,,,,,
frame_000180.jpg,,,,,,,,,,20,missing,missing,no_detection,,,,,,,,,,,,,,,,,,
frame_000181.jpg,,,,,,,,,,20,missing,missing,no_detection,,,,,,,,,,,,,,,,,,
frame_000182.jpg,,,,,,,,,,20,missing,missing,no_detection,,,,,,,,,,,,,,,,,,
frame_000183.jpg,31.6701327510482,30.516607751604298,426.0064392089844,941.6627807617188,334.8737030029297,943.2284545898438,0.9969348907470703,0.003248840570449829,91.14618446725252,20,detected,opposite_inferred,opposite_inferred_repair,31.616849439944126,31.627469189635793,31.640099503893286,31.653143344294136,31.6701327510482,31.683660592101,31.7019849848296,31.718726843745095,31.735999863754735,30.74805458021376,30.69363885977806,30.637577303533224,30.578837364156037,30.516607751604298,30.46749699585691,30.41190144074818,30.365922150706233,30.323243092521725
frame_000184.jpg,32.143285308444824,31.150596627514865,436.8461608886719,929.8392944335938,345.7134246826172,931.4049682617188,0.9980632662773132,0.00385054643265903,91.14618446725252,20,detected,opposite_inferred,opposite_inferred_repair,32.169906112917765,32.15938598315879,32.1518644887148,32.146328148253836,32.143285308444824,32.14046997837937,32.14212496342706,32.142962487451356,32.14200000607282,31.392046898104493,31.33456130390426,31.276994650455187,31.214679250507952,31.150596627514865,31.097256327181075,31.033377660293308,30.97773901488395,30.924708610172132
frame_000185.jpg,32.143285308444824,31.150596627514865,436.8461608886719,929.8392944335938,345.7134246826172,931.4049682617188,0.9980632662773132,0.00385054643265903,91.14618446725252,20,detected,opposite_inferred,opposite_inferred_repair,32.169906112917765,32.15938598315879,32.1518644887148,32.146328148253836,32.143285308444824,32.14046997837937,32.14212496342706,32.142962487451356,32.14200000607282,31.392046898104493,31.33456130390426,31.276994650455187,31.214679250507952,31.150596627514865,31.097256327181075,31.033377660293308,30.97773901488395,30.924708610172132
frame_000186.jpg,32.51295463022476,32.04417438631656,442.5548095703125,915.8539428710938,351.4220733642578,917.4196166992188,0.9825166463851929,0.00762824947014451,91.14618446725252,20,detected,opposite_inferred,opposite_inferred_repair,32.62331598828038,32.59160518567446,32.562810511445505,32.536117593079865,32.51295463022476,32.49558087935867,32.47778597637762,32.463934284959336,32.45187402343398,32.41186648065535,32.31968526251728,32.23032822912797,32.137915757322965,32.04417438631656,31.965487977140256,31.87133449878204,31.79086490660116,31.7136158511824
frame_000187.jpg,32.54645277929898,31.68524430225796,438.6994323730469,913.6470947265625,347.5666961669922,915.2127685546875,0.9903708100318909,0.010513845831155777,91.14618446725252,20,detected,opposite_inferred,opposite_inferred_repair,32.64178453105072,32.61536454607635,32.592007574830006,32.56748994218762,32.54645277929898,32.53000437871505,32.5149821081238,32.50382600224472,32.49452680277788,32.046073248529765,31.95578700860579,31.867472573521322,31.77719326504475,31.68524430225796,31.610654223017498,31.523251205058642,31.446278073179112,31.37150944492435
frame_000188.jpg,32.54645277929898,31.68524430225796,438.6994323730469,913.6470947265625,347.5666961669922,915.2127685546875,0.9903708100318909,0.010513845831155777,91.14618446725252,20,detected,opposite_inferred,opposite_inferred_repair,32.64178453105072,32.61536454607635,32.592007574830006,32.56748994218762,32.54645277929898,32.53000437871505,32.5149821081238,32.50382600224472,32.49452680277788,32.046073248529765,31.95578700860579,31.867472573521322,31.77719326504475,31.68524430225796,31.610654223017498,31.523251205058642,31.446278073179112,31.37150944492435
frame_000189.jpg,,,,,,,,,,20,missing,missing,no_detection,,,,,,,,,,,,,,,,,,
frame_000190.jpg,32.567113898607445,31.003122870423656,401.73699951171875,890.6549682617188,310.60426330566406,892.2206420898438,0.9930446743965149,0.15723781287670135,91.14618446725252,20,detected,opposite_inferred,opposite_inferred_repair,32.70895210979404,32.6719548673642,32.63676749900608,32.60040162765169,32.567113898607445,32.53882807237545,32.50735371449774,32.48008284732566,32.453761333573986,31.3170180764489,31.236800386715032,31.16023328886562,31.082059778615644,31.003122870423656,30.939144518855063,30.86495245922243,30.80170799557409,30.743014111492833
frame_000191.jpg,,,,,,,,,,20,missing,missing,no_detection,,,,,,,,,,,,,,,,,,
frame_000192.jpg,,,,,,,,,,20,missing,missing,no_detection,,,,,,,,,,,,,,,,,,
frame_000193.jpg,,,,,,,,,,20,missing,missing,no_detection,,,,,,,,,,,,,,,,,,
frame_000194.jpg,,,,,,,,,,20,missing,missing,no_detection,,,,,,,,,,,,,,,,,,
frame_000195.jpg,,,,,,,,,,20,missing,missing,no_detection,,,,,,,,,,,,,,,,,,
frame_000196.jpg,,,,,,,,,,20,missing,missing,no_detection,,,,,,,,,,,,,,,,,,
frame_000197.jpg,,,,,,,,,,20,missing,missing,no_detection,,,,,,,,,,,,,,,,,,
frame_000198.jpg,,,,,,,,,,20,missing,missing,no_detection,,,,,,,,,,,,,,,,,,
frame_000199.jpg,,,,,,,,,,20,missing,missing,no_detection,,,,,,,,,,,,,,,,,,
frame_000200.jpg,,,,,,,,,,20,missing,missing,no_detection,,,,,,,,,,,,,,,,,,
frame_000201.jpg,,,,,,,,,,20,missing,missing,no_detection,,,,,,,,,,,,,,,,,,
frame_000202.jpg,,,,,,,,,,20,missing,missing,no_detection,,,,,,,,,,,,,,,,,,
frame_000203.jpg,,,,,,,,,,20,missing,missing,no_detection,,,,,,,,,,,,,,,,,,
frame_000204.jpg,,,,,,,,,,20,missing,missing,no_detection,,,,,,,,,,,,,,,,,,
frame_000205.jpg,,,,,,,,,,20,missing,missing,no_detection,,,,,,,,,,,,,,,,,,
frame_000206.jpg,32.384832833135306,28.504181464364482,329.0476379394531,1018.5397338867188,237.91490173339844,1020.1054077148438,0.9931192398071289,0.000318746839184314,91.14618446725252,20,detected,opposite_inferred,opposite_inferred_repair,32.47643211388396,32.45087628374624,32.42673407593243,32.40399094535797,32.384832833135306,32.37040915636422,32.35620955398425,32.34449753939158,32.33490350761826,28.52068878957058,28.516009446578863,28.511427208414993,28.506925568239332,28.504181464364482,28.499292076464595,28.496223376466272,28.491934620274634,28.48719138515121
frame_000207.jpg,31.686471162545388,28.570446199242806,356.8887634277344,1016.6781005859375,265.7560272216797,1018.2437744140625,0.9988105297088623,0.00023683342442382127,91.14618446725252,20,detected,opposite_inferred,opposite_inferred_repair,31.553693782403375,31.5831029523131,31.61465647204324,31.649472594629465,31.686471162545388,31.718559026758186,31.758132652442594,31.794111803856577,31.829550653693072,28.585342138542497,28.58330954091953,28.579658067591176,28.57401718946211,28.570446199242806,28.565487373553935,28.561648657577233,28.558653185112213,28.556403253004834
frame_000208.jpg,32.29150481212051,31.143054574468774,400.43927001953125,1020.1060791015625,309.30653381347656,1021.6717529296875,0.9969879984855652,0.00034822177258320153,91.14618446725252,20,detected,opposite_inferred,opposite_inferred_repair,32.33686292920002,32.32444865380632,32.31314343596185,32.30100186767225,32.29150481212051,32.28400040293183,32.27738846596618,32.27217257960324,32.2690674917167,31.42608007985665,31.354757076970813,31.285587759381894,31.21460252267562,31.143054574468774,31.086327120852633,31.01856508367816,30.957779309865046,30.898958939154056
frame_000209.jpg,32.8541747351349,32.117779213530994,435.5289001464844,1017.0118408203125,344.3961639404297,1018.5775146484375,0.9982370138168335,0.0006811052444390953,91.14618446725252,20,detected,opposite_inferred,opposite_inferred_repair,33.010381052842774,32.972526443502574,32.93494344024491,32.89507398991904,32.8541747351349,32.82079908959153,32.781616767367844,32.74762873365149,32.7154688131288,32.150428019063476,32.1443173745798,32.13814593160596,32.12902319767658,32.117779213530994,32.105507566248974,32.08756111273378,32.068580951286705,32.04795100936172
frame_000210.jpg,32.58489175171419,31.828481387935728,440.0643310546875,1017.2009887695312,348.9315948486328,1018.7666625976562,0.9993780851364136,0.0005807802081108093,91.14618446725252,20,detected,opposite_inferred,opposite_inferred_repair,32.683515114323015,32.65757361835057,32.63302970319078,32.60878640809568,32.58489175171419,32.56510391932945,32.54219933456899,32.5221313806895,32.50358555152856,31.99282986129256,31.954472701043688,31.916845068810076,31.874490033298944,31.828481387935728,31.785313843892837,31.73149684761437,31.680562579512646,31.62940136901941
frame_000211.jpg,32.2995409842561,31.41246091863356,439.45465087890625,1014.5521240234375,348.32191467285156,1016.1177978515625,0.9984326958656311,0.0010207190643996,91.14618446725252,20,detected,opposite_inferred,opposite_inferred_repair,32.32623087305573,32.31852316166131,32.311253674338985,32.304624966573634,32.2995409842561,32.29631684243185,32.294903674194956,32.295433894192506,32.29724797937826,31.656040487885303,31.598807697764876,31.54114077543861,31.477789474379428,31.41246091863356,31.356255040301573,31.28760043753339,31.22904253732828,31.173206724172353
frame_000212.jpg,32.29533753601747,31.508226123329354,440.4418640136719,1013.9239501953125,349.3091278076172,1015.4896240234375,0.9988773465156555,0.0008333216537721455,91.14618446725252,20,detected,opposite_inferred,opposite_inferred_repair,32.33044483585473,32.319895631574525,32.31061364032093,32.30220915894381,32.29533753601747,32.29119742394867,32.288826727124274,32.288319491216235,32.28983500003986,31.734878667369102,31.684787578707198,31.630773454988283,31.572219867381403,31.508226123329354,31.453720401077103,31.38714378974489,31.32808079239307,31.27072652733636
frame_000213.jpg,32.29533753601747,31.508226123329354,440.4418640136719,1013.9239501953125,349.3091278076172,1015.4896240234375,0.9988773465156555,0.0008333216537721455,91.14618446725252,20,detected,opposite_inferred,opposite_inferred_repair,32.33044483585473,32.319895631574525,32.31061364032093,32.30220915894381,32.29533753601747,32.29119742394867,32.288826727124274,32.288319491216235,32.28983500003986,31.734878667369102,31.684787578707198,31.630773454988283,31.572219867381403,31.508226123329354,31.453720401077103,31.38714378974489,31.32808079239307,31.27072652733636
frame_000214.jpg,32.70175040422617,31.944269793055575,449.3875732421875,1013.8563842773438,358.2548370361328,1015.4220581054688,0.9879288077354431,0.01586686633527279,91.14618446725252,20,detected,opposite_inferred,opposite_inferred_repair,32.85928982833771,32.82293208344436,32.784790966558745,32.74366453978042,32.70175040422617,32.665872548462126,32.6250588477251,32.59039166401516,32.55851609320384,32.03733631527988,32.01914143757897,31.99839973108669,31.972916769617417,31.944269793055575,31.91714333696523,31.882366821921945,31.8490460413138,31.814947020477373
frame_000215.jpg,32.312206371999956,31.50401258148198,442.05047607421875,1012.7037353515625,350.91773986816406,1014.2694091796875,0.9978985786437988,0.004111700225621462,91.14618446725252,20,detected,opposite_inferred,opposite_inferred_repair,32.33542956643936,32.3289548513196,32.32269852559292,32.316842272637246,32.312206371999956,32.30917572735116,32.30853607245998,32.309687976475786,32.312536263611605,31.72335964135097,31.67058795644111,31.617984118590698,31.562770887620363,31.50401258148198,31.454923383981246,31.393445516510102,31.338725523627176,31.284708417217242
frame_000216.jpg,,,,,,,,,,20,missing,missing,no_detection,,,,,,,,,,,,,,,,,,
frame_000217.jpg,,,,,,,,,,20,missing,missing,no_detection,,,,,,,,,,,,,,,,,,
frame_000218.jpg,,,,,,,,,,20,missing,missing,no_detection,,,,,,,,,,,,,,,,,,
frame_000219.jpg,,,,,,,,,,20,missing,missing,no_detection,,,,,,,,,,,,,,,,,,
frame_000220.jpg,,,,,,,,,,20,missing,missing,no_detection,,,,,,,,,,,,,,,,,,
frame_000221.jpg,,,,,,,,,,20,missing,missing,no_detection,,,,,,,,,,,,,,,,,,
frame_000222.jpg,33.14995745084079,32.806930389178795,510.5491638183594,999.7830810546875,419.4164276123047,1001.3487548828125,0.9978035092353821,0.39251649379730225,91.14618446725252,20,detected,opposite_inferred,opposite_inferred_repair,33.317977838152366,33.278334158057326,33.238317968077354,33.19553501586671,33.14995745084079,33.11087758316378,33.06395393452643,33.02174538060297,32.98083905857302,32.873889295475955,32.85909120339129,32.8442721663648,32.826977378913504,32.806930389178795,32.788036353550964,32.76530037559024,32.74378177877361,32.72101732820022
frame_000223.jpg,32.98567862484211,32.732073705032235,512.1144409179688,999.076171875,420.98170471191406,1000.641845703125,0.99735426902771,0.21096813678741455,91.14618446725252,20,detected,opposite_inferred,opposite_inferred_repair,33.13325937234107,33.09856430983574,33.063095569857566,33.02513152445912,32.98567862484211,32.952120030950255,32.91291568329144,32.878150429984466,32.84505049407568,32.82276776712134,32.803678941208176,32.783092332215396,32.75805765151466,32.732073705032235,32.707084402972576,32.67745563663207,32.64960684295635,32.6211564062109
frame_000224.jpg,32.945140121164066,32.62245789873012,516.0065307617188,998.9160766601562,424.87379455566406,1000.4817504882812,0.9969865679740906,0.19822923839092255,91.14618446725252,20,detected,opposite_inferred,opposite_inferred_repair,33.09867859991029,33.05902270882773,33.02178068678311,32.98300027733353,32.945140121164066,32.914509240368204,32.877365744083136,32.845936527028954,32.815564393249716,32.68718136879472,32.67422026245229,32.65868981720006,32.6410414762196,32.62245789873012,32.60368649443015,32.58197525040223,32.56083452444266,32.538952909461806
frame_000225.jpg,32.96597766435896,32.6173760365978,519.2924194335938,999.0691528320312,428.15968322753906,1000.6348266601562,0.998005211353302,0.3283800780773163,91.14618446725252,20,detected,opposite_inferred,opposite_inferred_repair,33.12333415031474,33.083377448817735,33.04540369988816,33.006035640999144,32.96597766435896,32.93317161050327,32.894637938781486,32.86117432724652,32.82895023275437,32.65573469212553,32.649078127400536,32.64108105107532,32.629368484491906,32.6173760365978,32.603380895466884,32.588264147915375,32.572651079380705,32.55588899011199
frame_000226.jpg,32.916165170652306,32.56687017061339,524.4063720703125,996.9699096679688,426.30694580078125,999.4575805664062,0.9904850721359253,0.6363889575004578,98.13096321197571,20,detected,detected,ok,33.066071799635374,33.029023495529465,32.99351085880967,32.95558840486446,32.916165170652306,32.882256124988196,32.84261004954854,32.80915746313008,32.77668484883937,32.64870930318342,32.630189160266625,32.61113714198956,32.58980112991441,32.56687017061339,32.54437188454376,32.516944983281675,32.49225041636312,32.467152287662344
frame_000227.jpg,32.833390136676,32.5069717181871,526.627685546875,994.7439575195312,427.1854248046875,998.046142578125,0.9924873113632202,0.6524421572685242,99.49707356338881,20,detected,detected,ok,32.971419791980594,32.938357726030105,32.90478977950649,32.86923722305735,32.833390136676,32.804450774504176,32.76963108776964,32.73829110913741,32.70755416094351,32.59689336672358,32.576338706566304,32.55645795609225,32.53207172915854,32.5069717181871,32.48291261403411,32.454064581374475,32.42578059484499,32.39694817874171
frame_000228.jpg,32.86009814030305,32.539103889497,528.2305297851562,994.711669921875,430.8154602050781,997.6097412109375,0.9868365526199341,0.6873757839202881,97.45816845440895,20,detected,detected,ok,32.99045206103237,32.95897305784946,32.92797665395904,32.894646535655795,32.86009814030305,32.83083314514328,32.79543966501929,32.76343665549887,32.732310413995826,32.59693385512428,32.58631879554183,32.573003572574784,32.556735734169415,32.539103889497,32.521634671096535,32.50057633997528,32.48105047779802,32.46081930353567
frame_000229.jpg,32.873669474080785,32.54257500783414,528.3657836914062,994.63671875,431.5013427734375,997.01318359375,0.9805530905723572,0.788862407207489,96.89358853662216,20,detected,detected,ok,33.00798950649717,32.97549846536283,32.94285904851541,32.90931238985319,32.873669474080785,32.843368437857386,32.806665041352716,32.77378745086493,32.741368935591716,32.60572777951125,32.593287065942086,32.57870496142947,32.56080883708897,32.54257500783414,32.524781061796325,32.503988683963144,32.48442567866104,32.464245185293386
frame_000230.jpg,32.90811269698022,32.49181308071698,527.93505859375,993.0321655273438,431.0071105957031,995.0660400390625,0.9844990372657776,0.8126680254936218,96.94928441531427,20,detected,detected,ok,33.038763090321815,33.00774089196614,32.97734043301105,32.94422815370789,32.90811269698022,32.87687385652712,32.83769154360011,32.802314203188146,32.76777476647625,32.56476201849963,32.54956769013326,32.53276418916543,32.513000540498936,32.49181308071698,32.47242969501636,32.449801971092086,32.428639853029935,32.406851945203435
frame_000231.jpg,32.9802022442534,32.889504731321935,527.5061645507812,993.300048828125,431.5291748046875,996.862060546875,0.9896435737609863,0.9310436248779297,96.04306579970412,20,detected,detected,ok,33.11253187247143,33.08104892944333,33.04969676962387,33.01629369766376,32.9802022442534,32.948089288117515,32.907863806209726,32.87120261191302,32.83419106884984,33.03674127712447,32.99872056327569,32.96178906370706,32.92524621028779,32.889504731321935,32.85997812962869,32.82456724612016,32.7911119001677,32.75758162131159
frame_000232.jpg,33.07953514200431,32.971220788141686,527.9874267578125,993.4488525390625,431.8017272949219,997.921630859375,0.989730954170227,0.915901780128479,96.28963873163184,20,detected,detected,ok,33.218760743499175,33.18495244815812,33.15248786079185,33.11727401891569,33.07953514200431,33.04729657348703,33.005472433563185,32.96590752905809,32.925574358673046,33.10491164775913,33.072096547987414,33.040264999789926,33.00612248983653,32.971220788141686,32.940535849933106,32.90376859969438,32.86889197905398,32.83413803411424
frame_000233.jpg,33.11461462241259,32.954349267502565,527.1343994140625,992.74560546875,433.23065185546875,997.1121215820312,0.9930196404457092,0.9564421772956848,94.00521404962412,20,detected,detected,ok,33.258182026692985,33.22360847004141,33.18965648712768,33.15321165200695,33.11461462241259,33.08194462490464,33.042395932321604,33.00458144999022,32.966213020025506,33.06631517546316,33.03695461172961,33.010604830710136,32.98240843595091,32.954349267502565,32.92767864272432,32.89625326439772,32.86822831655575,32.84008147237316
frame_000234.jpg,33.14560286978737,32.93459004289718,527.9857788085938,992.6705322265625,434.1656188964844,996.7181396484375,0.9917986392974854,0.961806058883667,93.90743065261339,20,detected,detected,ok,33.30007326419361,33.26206378951868,33.22430015716771,33.18637118597663,33.14560286978737,33.111111307998506,33.06778582763339,33.02756055905173,32.987362923275676,33.02655553152364,33.00601263725284,32.98419526040652,32.95904244366916,32.93459004289718,32.912355862810784,32.88619462994121,32.86213604265487,32.83813435921969
frame_000235.jpg,33.156480054856125,32.87934341611307,528.1646118164062,992.5079345703125,435.41412353515625,996.1644897460938,0.9911330342292786,0.98311448097229,92.82253752275805,20,detected,detected,ok,33.3169525309902,33.27814714501354,33.239681740524794,33.199454260867704,33.156480054856125,33.12063742358961,33.075537966448316,33.03426601017301,32.9927511045391,32.96323848956831,32.94145707220652,32.92123730303163,32.89991468070514,32.87934341611307,32.85976147745304,32.837338239841685,32.81702287232211,32.79638369068503
frame_000236.jpg,33.14889640163352,32.911227689585075,526.8594970703125,992.790283203125,433.9139099121094,996.1402587890625,0.9897228479385376,0.9750135540962219,93.00593802875981,20,detected,detected,ok,33.30923951937476,33.27099188535455,33.23278000066533,33.192330995669884,33.14889640163352,33.11233453234875,33.06801988577222,33.02659016514642,32.98582763338136,33.00097493812004,32.97917779970517,32.958178312706345,32.934637652816185,32.911227689585075,32.889136451323246,32.86276620155031,32.838279563978304,32.814008811666746
frame_000237.jpg,33.13933188326394,32.907119204273975,526.8087768554688,992.826416015625,434.4378967285156,996.0855102539062,0.9841467142105103,0.981555163860321,92.42835707012183,20,detected,detected,ok,33.29847490560121,33.26065245230588,33.222186885521786,33.182793575439504,33.13933188326394,33.10272833980325,33.060349729197156,33.01983528664739,32.97915001424438,32.995623394971915,32.973083736105494,32.95188975165306,32.928889720145776,32.907119204273975,32.88583150144499,32.86012550132836,32.835524058251025,32.81140780877654
frame_000238.jpg,33.11497122888242,32.84799867920404,526.3334350585938,992.1458740234375,433.8410949707031,996.2537841796875,0.9673818349838257,0.9561434388160706,92.58351851590996,20,detected,detected,ok,33.28650561412866,33.2443194034691,33.20211539787235,33.15904664188434,33.11497122888242,33.07765179615535,33.03272553471487,32.99218575024219,32.951749690955154,32.92610125065918,32.907110351799034,32.88888357790869,32.86813513804383,32.84799867920404,32.82827929536627,32.80713956149357,32.78715590218233,32.76669129524186
frame_000239.jpg,33.09779293273118,32.816904789475004,526.6649169921875,992.15673828125,434.18212890625,995.946533203125,0.9701765179634094,0.9641517400741577,92.5604053453651,20,detected,detected,ok,33.26366752008296,33.22410720319004,33.18425677064538,33.14210686160178,33.09779293273118,33.05943390467753,33.01418653423842,32.972503047587296,32.9307927270065,32.892565399906076,32.87573666186726,32.85802765689029,32.83740372392413,32.816904789475004,32.79764059478979,32.77645818475073,32.7558966590132,32.73564035521926
frame_000240.jpg,,,,,,,,,,20,missing,missing,no_detection,,,,,,,,,,,,,,,,,,
frame_000241.jpg,,,,,,,,,,20,missing,missing,no_detection,,,,,,,,,,,,,,,,,,
frame_000242.jpg,,,,,,,,,,20,missing,missing,no_detection,,,,,,,,,,,,,,,,,,
frame_000243.jpg,,,,,,,,,,20,missing,missing,no_detection,,,,,,,,,,,,,,,,,,
frame_000244.jpg,,,,,,,,,,20,missing,missing,no_detection,,,,,,,,,,,,,,,,,,
frame_000245.jpg,,,,,,,,,,20,missing,missing,no_detection,,,,,,,,,,,,,,,,,,
frame_000246.jpg,33.038893490788915,32.87425218286026,525.8797607421875,992.3929443359375,428.4272155761719,996.3424682617188,0.995093822479248,0.8917405605316162,97.53254481748456,20,detected,detected,ok,33.20920812385122,33.16860892396221,33.12728118207812,33.08461378440743,33.038893490788915,32.99992443023838,32.95141963819427,32.9089528844304,32.86723575822784,32.98060780098022,32.957447655059276,32.93270478373706,32.903961702425725,32.87425218286026,32.8480877694155,32.81722089473078,32.78830103498582,32.75918968571309
frame_000247.jpg,33.038893490788915,32.87425218286026,525.8797607421875,992.3929443359375,428.4272155761719,996.3424682617188,0.995093822479248,0.8917405605316162,97.53254481748456,20,detected,detected,ok,33.20920812385122,33.16860892396221,33.12728118207812,33.08461378440743,33.038893490788915,32.99992443023838,32.95141963819427,32.9089528844304,32.86723575822784,32.98060780098022,32.957447655059276,32.93270478373706,32.903961702425725,32.87425218286026,32.8480877694155,32.81722089473078,32.78830103498582,32.75918968571309
frame_000248.jpg,33.183273191940444,32.94273445778264,525.4434814453125,993.1529541015625,426.6438903808594,997.6082763671875,0.9960839748382568,0.7516878843307495,98.89999540441718,20,detected,detected,ok,33.355366359636875,33.31588850417617,33.275628723996995,33.23022289921896,33.183273191940444,33.14188745875768,33.09165593168582,33.046955780470746,33.003769614339326,33.06412530989461,33.03659828359071,33.00718996669486,32.97549793357085,32.94273445778264,32.91474024215202,32.87928387287646,32.845316604009724,32.80990514436329
frame_000249.jpg,33.22863984727313,32.94051107827297,525.9354248046875,992.7156982421875,426.6519775390625,996.9778442382812,0.9967202544212341,0.7997885942459106,99.37489013547717,20,detected,detected,ok,33.40720585345671,33.36540441526395,33.32269647448724,33.27724520320173,33.22863984727313,33.18680679550872,33.13600749645533,33.08998875948067,33.045443462244286,33.07160739848804,33.04100079130882,33.009927721352035,32.9757032695899,32.94051107827297,32.910107512663764,32.87235564312658,32.837629993780105,32.80140820886986
frame_000250.jpg,33.2510132081605,32.91331164407029,527.432861328125,993.0550537109375,428.96014404296875,996.9215698242188,0.995408833026886,0.8445221185684204,98.54859713043395,20,detected,detected,ok,33.43822712430687,33.392793516876715,33.348228057652825,33.30127718374227,33.2510132081605,33.20672696200331,33.15305915875436,33.1041764767159,33.05723091891954,33.02396566979367,32.998776843262554,32.97286030317683,32.94356378228161,32.91331164407029,32.88713872070763,32.85777219038908,32.83052711806173,32.80235706596866
frame_000251.jpg,33.2510132081605,32.91331164407029,527.432861328125,993.0550537109375,428.96014404296875,996.9215698242188,0.995408833026886,0.8445221185684204,98.54859713043395,20,detected,detected,ok,33.43822712430687,33.392793516876715,33.348228057652825,33.30127718374227,33.2510132081605,33.20672696200331,33.15305915875436,33.1041764767159,33.05723091891954,33.02396566979367,32.998776843262554,32.97286030317683,32.94356378228161,32.91331164407029,32.88713872070763,32.85777219038908,32.83052711806173,32.80235706596866
frame_000252.jpg,33.25595111642519,32.92165964230211,527.7084350585938,993.258544921875,428.4800720214844,997.127197265625,0.9958919286727905,0.9435038566589355,99.3037486804057,20,detected,detected,ok,33.44753272114574,33.40197754418612,33.3566420417838,33.30779149187977,33.25595111642519,33.21082698343681,33.156036970863816,33.107068860365324,33.05883272291677,33.048947509180394,33.018485709217124,32.98829781321864,32.95498931377536,32.92165964230211,32.893281874602714,32.861359453999306,32.83143526814227,32.80047475985318
frame_000253.jpg,33.23121347382488,32.70302462533495,524.4609985351562,993.5343017578125,433.32826232910156,995.0999755859375,0.9988498687744141,0.4533862769603729,91.14618446725252,20,detected,opposite_inferred,opposite_inferred_repair,33.43762947108343,33.389407237667,33.33970261951511,33.28531699443001,33.23121347382488,33.18569734692461,33.13256360523436,33.08675016056253,33.04366407368712,32.747771098098674,32.73743552427389,32.727039423393805,32.71468399017754,32.70302462533495,32.69115628571344,32.67755698424128,32.664183274545856,32.64935862271103
frame_000254.jpg,33.119275139870616,32.62587037440017,525.0929565429688,993.2633056640625,433.96022033691406,994.8289794921875,0.9988190531730652,0.3827599287033081,91.14618446725252,20,detected,opposite_inferred,opposite_inferred_repair,33.30641945827722,33.2643058893319,33.21911131502669,33.1695012720422,33.119275139870616,33.07659601453474,33.02559913414114,32.98137612538865,32.93913868962034,32.649537417295726,32.6445275635025,32.63923958881605,32.632795626778915,32.62587037440017,32.6157463427793,32.6039352480485,32.59199213481008,32.579767909596804
frame_000255.jpg,33.119275139870616,32.62587037440017,525.0929565429688,993.2633056640625,433.96022033691406,994.8289794921875,0.9988190531730652,0.3827599287033081,91.14618446725252,20,detected,opposite_inferred,opposite_inferred_repair,33.30641945827722,33.2643058893319,33.21911131502669,33.1695012720422,33.119275139870616,33.07659601453474,33.02559913414114,32.98137612538865,32.93913868962034,32.649537417295726,32.6445275635025,32.63923958881605,32.632795626778915,32.62587037440017,32.6157463427793,32.6039352480485,32.59199213481008,32.579767909596804
frame_000256.jpg,,,,,,,,,,20,missing,missing,no_detection,,,,,,,,,,,,,,,,,,
frame_000257.jpg,,,,,,,,,,20,missing,missing,no_detection,,,,,,,,,,,,,,,,,,
frame_000258.jpg,,,,,,,,,,20,missing,missing,no_detection,,,,,,,,,,,,,,,,,,
frame_000259.jpg,,,,,,,,,,20,missing,missing,no_detection,,,,,,,,,,,,,,,,,,
frame_000260.jpg,,,,,,,,,,20,missing,missing,no_detection,,,,,,,,,,,,,,,,,,
