frame_name,left_temp,right_temp,frame_index,motion_coordinate_valid,motion_center_step_norm,motion_scale_step_log,motion_angle_step_rad,motion_score,motion_center_flag,motion_scale_flag,motion_angle_flag,motion_artifact_raw,motion_artifact,motion_center_threshold,motion_scale_threshold,motion_angle_threshold,left_missing_raw,right_missing_raw,left_quality_valid,right_quality_valid,quality_any_valid,left_temp_motion_filtered,right_temp_motion_filtered,left_temp_used,right_temp_used,left_repaired,right_repaired,left_motion_interpolated,right_motion_interpolated,left_norm,right_norm,fused_norm,fused_repaired,fusion_source,selected_fusion_mode,peak_retune_rule,edge_peak_completion,edge_peak_added,smoothing_method,butterworth_order,butterworth_cutoff_hz,rr_estimator,time_peak_count,spectral_count,autocorr_count,joint_count,joint_adjusted,smoothed_norm,is_peak,source_peak_rejected,quality_peak_rejected,mad_ibi_peak_rejected,motion_peak_rejected,motion_interval_peak_rejected,motion_reconstructed_peak,peak_number,event_source,target_time_seconds
frame_000000.jpg,33.075530843108275,33.52218146464536,0,True,,,,0.0,False,False,False,False,False,0.3753668954884438,0.12,0.18,False,False,True,True,True,33.075530843108275,33.52218146464536,33.075530843108275,33.52218146464536,False,False,False,False,0.9553534377228449,0.9442124703508246,0.9442124703508246,False,both,right,none,none,0,moving_average,4,2.0,peak,14,-1,-1,14,False,,False,False,False,False,False,False,False,,,0.0
frame_000001.jpg,33.14243434369832,33.637231141029254,1,True,0.004986040517662984,0.004660922979127743,0.0015948720105424326,0.038841024826064524,False,False,False,False,False,0.3753668954884438,0.12,0.18,False,False,True,True,True,33.14243434369832,33.637231141029254,33.14243434369832,33.637231141029254,False,False,False,False,0.9658647720289351,0.9563995653983595,0.9563995653983595,False,both,right,none,none,0,moving_average,4,2.0,peak,14,-1,-1,14,False,0.9523372003825143,False,False,False,False,False,False,False,,,0.1149425287356322
frame_000002.jpg,33.14243434369832,33.637231141029254,2,True,0.0,0.0,0.0,0.0,False,False,False,False,False,0.3753668954884438,0.12,0.18,False,False,True,True,True,33.14243434369832,33.637231141029254,33.14243434369832,33.637231141029254,False,False,False,False,0.9658647720289351,0.9563995653983595,0.9563995653983595,False,both,right,none,none,0,moving_average,4,2.0,peak,14,-1,-1,14,False,0.9555051955637153,False,False,False,False,False,False,False,,,0.2298850574712644
frame_000003.jpg,33.21254076560064,33.61190181694292,3,True,0.006967522001662009,0.006846916822261917,0.0020814049800856353,0.05705764018551598,False,False,False,False,False,0.3753668954884438,0.12,0.18,False,False,True,True,True,33.21254076560064,33.61190181694292,33.21254076560064,33.61190181694292,False,False,False,False,0.9768793233023371,0.953716455894427,0.953716455894427,False,both,right,none,none,0,moving_average,4,2.0,peak,14,-1,-1,14,False,0.9405378740311054,False,False,False,False,False,False,False,,,0.3448275862068966
frame_000004.jpg,33.0910506940489,33.21334370306048,4,True,0.023659002609437402,0.02859484606643323,0.0046841516984611475,0.2382903838869436,False,False,False,False,False,0.3753668954884438,0.12,0.18,False,False,True,True,True,33.0910506940489,33.21334370306048,33.0910506940489,33.21334370306048,False,False,False,False,0.9577917905770138,0.9114976008005299,0.9114976008005299,False,both,right,none,none,0,moving_average,4,2.0,peak,14,-1,-1,14,False,0.9237528902800549,False,False,False,False,False,False,False,,,0.4597701149425288
frame_000005.jpg,33.09181454921793,33.161865943383255,5,True,0.01352872426614609,0.02055822865457205,0.002088614037495799,0.17131857212143375,False,False,False,False,False,0.3753668954884438,0.12,0.18,False,False,True,True,True,33.09181454921793,33.161865943383255,33.09181454921793,33.161865943383255,False,False,False,False,0.9579118012935273,0.9060446141452079,0.9060446141452079,False,both,right,none,none,0,moving_average,4,2.0,peak,14,-1,-1,14,False,0.9063927142726291,False,False,False,False,False,False,False,,,0.574712643678161
frame_000006.jpg,33.04881087212988,33.12024667915211,6,True,0.007512528925882733,0.008379809876201046,0.003101020257587354,0.06983174896834206,False,False,False,False,False,0.3753668954884438,0.12,0.18,False,False,True,True,True,33.04881087212988,33.12024667915211,33.04881087212988,33.12024667915211,False,False,False,False,0.9511554130286817,0.9016359278721501,0.9016359278721501,False,both,right,none,none,0,moving_average,4,2.0,peak,14,-1,-1,14,False,0.9031054899631692,False,False,False,False,False,False,False,,,0.6896551724137931
frame_000007.jpg,33.04881087212988,33.12024667915211,7,True,0.0,0.0,0.0,0.0,False,False,False,False,False,0.3753668954884438,0.12,0.18,False,False,True,True,True,33.04881087212988,33.12024667915211,33.04881087212988,33.12024667915211,False,False,False,False,0.9511554130286817,0.9016359278721501,0.9016359278721501,False,both,right,none,none,0,moving_average,4,2.0,peak,14,-1,-1,14,False,0.8976854806511613,False,False,False,False,False,False,False,,,0.8045977011494253
frame_000008.jpg,32.81855397689878,33.008366611119406,8,True,0.017854940599306725,0.025073105404733703,0.008067409265545961,0.20894254503944754,False,False,False,False,False,0.3753668954884438,0.12,0.18,False,False,True,True,True,32.81855397689878,33.008366611119406,32.81855397689878,33.008366611119406,False,False,False,False,0.9149793208853562,0.889784586209184,0.889784586209184,False,both,right,none,none,0,moving_average,4,2.0,peak,14,-1,-1,14,False,0.8906772592856433,False,False,False,False,False,False,False,,,0.9195402298850576
frame_000009.jpg,32.82711359142996,32.921767813519736,9,True,0.02426854954228057,0.0034647845241242915,0.008363642729399134,0.06465287651619164,False,False,False,False,False,0.3753668954884438,0.12,0.18,False,False,True,True,True,32.82711359142996,32.921767813519736,32.82711359142996,32.921767813519736,False,False,False,False,0.9163241379588287,0.8806112637755963,0.8806112637755963,False,both,right,none,none,0,moving_average,4,2.0,peak,14,-1,-1,14,False,0.8867655864683983,False,False,False,False,False,False,False,,,1.0344827586206897
frame_000010.jpg,32.92257242946272,33.00946473563192,10,True,0.027041108926494736,0.02167809696922009,0.007853423927936034,0.1806508080768341,False,False,False,False,False,0.3753668954884438,0.12,0.18,False,False,True,True,True,32.92257242946272,33.00946473563192,32.92257242946272,33.00946473563192,False,False,False,False,0.931321854822429,0.8899009094204151,0.8899009094204151,False,both,right,none,none,0,moving_average,4,2.0,peak,14,-1,-1,14,False,0.8864660843491188,False,False,False,False,False,False,False,,,1.149425287356322
frame_000011.jpg,32.91261366950998,32.999884453124,11,True,0.005395508473435957,0.0007794474457129459,0.0023299622583580655,0.014373959286993292,False,False,False,False,False,0.3753668954884438,0.12,0.18,False,False,True,True,True,32.91261366950998,32.999884453124,32.91261366950998,32.999884453124,False,False,False,False,0.929757215390798,0.8888860798513449,0.8888860798513449,False,both,right,none,none,0,moving_average,4,2.0,peak,14,-1,-1,14,False,0.8892243563743683,False,False,False,False,False,False,False,,,1.264367816091954
frame_000012.jpg,32.91261366950998,32.999884453124,12,True,0.0,0.0,0.0,0.0,False,False,False,False,False,0.3753668954884438,0.12,0.18,False,False,True,True,True,32.91261366950998,32.999884453124,32.91261366950998,32.999884453124,False,False,False,False,0.929757215390798,0.8888860798513449,0.8888860798513449,False,both,right,none,none,0,moving_average,4,2.0,peak,14,-1,-1,14,False,0.8987759653732518,False,False,False,False,False,False,False,,,1.3793103448275863
frame_000013.jpg,33.18985441351125,33.27997452979883,13,True,0.006270718660166868,0.02005840980661114,0.0006205498085461898,0.16715341505509285,False,False,False,False,False,0.3753668954884438,0.12,0.18,False,False,True,True,True,33.18985441351125,33.27997452979883,33.18985441351125,33.27997452979883,False,False,False,False,0.9733150280278866,0.9185557364170654,0.9185557364170654,False,both,right,none,none,0,moving_average,4,2.0,peak,14,-1,-1,14,False,0.9168759213041175,False,False,False,False,False,False,False,,,1.4942528735632186
frame_000014.jpg,33.260089055671976,33.512490795559174,14,True,0.01618416527142786,0.0001074082189611405,0.0023530943230107727,0.043115590282324485,False,False,False,False,False,0.3753668954884438,0.12,0.18,False,False,True,True,True,33.260089055671976,33.512490795559174,33.260089055671976,33.512490795559174,False,False,False,False,0.9843497242262778,0.9431859476439424,0.9431859476439424,False,both,right,none,none,0,moving_average,4,2.0,peak,14,-1,-1,14,False,0.9340255232894047,False,False,False,False,False,False,False,,,1.6091954022988506
frame_000015.jpg,33.28485075585478,33.485575953229024,15,True,0.007363320980083983,0.0019333049169200406,0.0009847988987232627,0.01961633023205871,False,False,False,False,False,0.3753668954884438,0.12,0.18,False,False,True,True,True,33.28485075585478,33.485575953229024,33.28485075585478,33.485575953229024,False,False,False,False,0.9882400813273727,0.9403348858072064,0.9403348858072064,False,both,right,none,none,0,moving_average,4,2.0,peak,14,-1,-1,14,False,0.9392779396800474,True,False,False,False,False,False,False,1,,1.7241379310344829
frame_000016.jpg,33.25342175989641,33.42872748617275,16,True,0.009305174921339865,0.013187902241273287,0.0021945514590274127,0.10989918534394406,False,False,False,False,False,0.3753668954884438,0.12,0.18,False,False,True,True,True,33.25342175989641,33.42872748617275,33.25342175989641,33.42872748617275,False,False,False,False,0.9833022128973269,0.9343129855889936,0.9343129855889936,False,both,right,none,none,0,moving_average,4,2.0,peak,14,-1,-1,14,False,0.9262227244401096,False,False,False,False,False,False,False,,,1.8390804597701151
frame_000017.jpg,33.16673289722381,33.14275585479966,17,True,0.05946519995553509,0.036818900142541654,0.029697356539576926,0.3068241678545138,False,False,False,False,True,0.3753668954884438,0.12,0.18,False,False,True,True,True,33.16673289722381,33.14275585479966,33.16673289722381,33.14275585479966,False,False,True,True,0.9696823632911008,0.9040203019241291,0.9040203019241291,False,both,right,none,none,0,moving_average,4,2.0,peak,14,-1,-1,14,False,0.8986913484310161,False,False,False,False,False,False,False,,,1.9540229885057472
frame_000018.jpg,32.78581102072123,32.70586367038514,18,True,0.49471739316551483,0.03261617445877128,0.0040973066650281395,1.317956908591438,True,False,False,True,True,0.3753668954884438,0.12,0.18,False,False,True,True,True,32.78581102072123,32.70586367038514,32.78581102072123,32.70586367038514,False,False,True,True,0.9098350137038717,0.8577407577799256,0.8577407577799256,False,both,right,none,none,0,moving_average,4,2.0,peak,14,-1,-1,14,False,0.8713496905408418,False,False,False,False,False,False,False,,,2.0689655172413794
frame_000019.jpg,32.78512633193719,32.654388183871156,19,True,0.5395468620048004,0.017343729084632546,0.05119334704833613,1.4373853115169317,True,False,False,True,True,0.3753668954884438,0.12,0.18,False,False,True,True,True,32.78512633193719,32.654388183871156,32.78512633193719,32.654388183871156,False,False,True,True,0.9097274409664033,0.8522880119184705,0.8522880119184705,False,both,right,none,none,0,moving_average,4,2.0,peak,14,-1,-1,14,False,0.8601096208353141,False,False,False,False,False,False,False,,,2.1839080459770117
frame_000020.jpg,32.64856552378458,32.824427399057875,20,True,0.43849508632072093,0.059286408053338284,0.05050780148128038,1.168177299572814,True,False,False,True,True,0.3753668954884438,0.12,0.18,False,False,True,True,True,32.64856552378458,32.824427399057875,32.64856552378458,32.824427399057875,False,False,True,True,0.8882721165821434,0.8703000928075466,0.8703000928075466,False,both,right,none,none,0,moving_average,4,2.0,peak,14,-1,-1,14,False,0.8607503868952242,False,False,False,False,False,False,False,,,2.298850574712644
frame_000021.jpg,32.604017154267645,32.72401071712833,21,True,0.26927964939875665,0.023202164824148604,0.024780646298212552,0.7173771918494789,False,False,False,False,True,0.3753668954884438,0.12,0.18,False,False,True,True,True,32.604017154267645,32.72401071712833,32.604017154267645,32.72401071712833,False,False,True,True,0.8812730387961679,0.8596630559596556,0.8596630559596556,False,both,right,none,none,0,moving_average,4,2.0,peak,14,-1,-1,14,False,0.862049033256741,False,False,False,False,False,False,False,,,2.4137931034482762
frame_000022.jpg,32.6278101577371,32.69116696742381,22,True,0.09667546556470852,0.05827045134373002,0.014888621183862675,0.4855870945310835,False,False,False,False,False,0.3753668954884438,0.12,0.18,False,False,True,True,True,32.6278101577371,32.69116696742381,32.6278101577371,32.69116696742381,False,False,False,False,0.8850112021419981,0.8561839510030211,0.8561839510030211,False,both,right,none,none,0,moving_average,4,2.0,peak,14,-1,-1,14,False,0.8517890656066187,False,False,False,False,False,False,False,,,2.528735632183908
frame_000023.jpg,32.59771714849937,32.533856277740185,23,True,0.18735488594104288,0.062459416026863564,0.02607335524489079,0.5204951335571963,False,False,False,False,False,0.3753668954884438,0.12,0.18,False,False,True,True,True,32.59771714849937,32.533856277740185,32.59771714849937,32.533856277740185,False,False,False,False,0.8802832330882963,0.8395201898571796,0.8395201898571796,False,both,right,none,none,0,moving_average,4,2.0,peak,14,-1,-1,14,False,0.8432245631519077,False,False,False,False,False,False,False,,,2.6436781609195403
frame_000024.jpg,32.656518217396965,32.481456630540755,24,True,0.25944672315838146,0.005506519442320505,0.022279302368632747,0.6911816845776398,False,False,False,False,True,0.3753668954884438,0.12,0.18,False,False,True,True,True,32.656518217396965,32.481456630540755,32.656518217396965,32.481456630540755,False,False,True,True,0.8895215791731351,0.8339695485955226,0.8339695485955226,False,both,right,none,none,0,moving_average,4,2.0,peak,14,-1,-1,14,False,0.8336061078354973,False,False,False,False,False,False,False,,,2.7586206896551726
frame_000025.jpg,32.66375439966199,32.41876402796618,25,True,0.38202502208329353,0.049023553993399485,0.01985026215535997,1.0177376499496202,True,False,False,True,True,0.3753668954884438,0.12,0.18,False,False,True,True,True,32.66375439966199,32.41876402796618,32.66375439966199,32.41876402796618,False,False,True,True,0.8906584693241237,0.8273285850537896,0.8273285850537896,False,both,right,none,none,0,moving_average,4,2.0,peak,14,-1,-1,14,False,0.8378667801074395,False,False,False,False,False,False,False,,,2.873563218390805
frame_000026.jpg,32.958911253006306,32.654522186429546,26,True,0.4457382575637171,0.08657419076909126,0.009478228874065043,1.1874735436743908,True,False,False,True,True,0.3753668954884438,0.12,0.18,False,False,True,True,True,32.958911253006306,32.654522186429546,32.958911253006306,32.654522186429546,False,False,True,True,0.9370311154618268,0.8523022066730065,0.8523022066730065,False,both,right,none,none,0,moving_average,4,2.0,peak,14,-1,-1,14,False,0.8594925030357654,False,False,False,False,False,False,False,,,2.988505747126437
frame_000027.jpg,33.131335864690705,33.093915731278216,27,True,0.31676802393789344,0.03194401794606429,0.029967394772590895,0.8438890795782644,False,False,False,False,True,0.3753668954884438,0.12,0.18,False,False,True,True,True,33.131335864690705,33.093915731278216,33.131335864690705,33.093915731278216,False,False,True,True,0.9641210692015897,0.8988467173805006,0.8988467173805006,False,both,right,none,none,0,moving_average,4,2.0,peak,14,-1,-1,14,False,0.8940140869356025,False,False,False,False,False,False,False,,,3.1034482758620694
frame_000028.jpg,33.16320610179311,33.39644501932084,28,True,0.19780568325543246,0.023875306059873036,0.0016345984465303692,0.526966244580623,False,False,False,False,False,0.3753668954884438,0.12,0.18,False,False,True,True,True,33.16320610179311,33.39644501932084,33.16320610179311,33.39644501932084,False,False,False,False,0.9691282618543396,0.9308933367533007,0.9308933367533007,False,both,right,none,none,0,moving_average,4,2.0,peak,14,-1,-1,14,False,0.9227621310102854,False,False,False,False,False,False,False,,,3.218390804597701
frame_000029.jpg,33.22627525737575,33.46869155687306,29,True,0.027793880365514622,0.0411482326895304,0.009983200763881261,0.34290193907942,False,False,False,False,False,0.3753668954884438,0.12,0.18,False,False,True,True,True,33.22627525737575,33.46869155687306,33.22627525737575,33.46869155687306,False,False,False,False,0.9790371750335489,0.9385463388970547,0.9385463388970547,False,both,right,none,none,0,moving_average,4,2.0,peak,14,-1,-1,14,False,0.9355722205061564,True,False,False,False,False,False,False,2,,3.3333333333333335
frame_000030.jpg,33.30452043702526,33.45670849982567,30,True,0.07274283530988301,0.009871524216930978,0.012750928303813178,0.19379129109195112,False,False,False,False,False,0.3753668954884438,0.12,0.18,False,False,True,True,True,33.30452043702526,33.45670849982567,33.30452043702526,33.45670849982567,False,False,False,False,0.991330421782711,0.9372769858681139,0.9372769858681139,False,both,right,none,none,0,moving_average,4,2.0,peak,14,-1,-1,14,False,0.9344027207138259,False,False,False,False,False,False,False,,,3.4482758620689657
frame_000031.jpg,33.157958446597874,33.363323777848485,31,True,0.10733107451470632,0.038242193984381334,0.008309918103526095,0.31868494986984447,False,False,False,False,False,0.3753668954884438,0.12,0.18,False,False,True,True,True,33.157958446597874,33.363323777848485,33.157958446597874,33.363323777848485,False,False,False,False,0.9683037929163361,0.9273848373763091,0.9273848373763091,False,both,right,none,none,0,moving_average,4,2.0,peak,14,-1,-1,14,False,0.9231938936920016,False,False,False,False,False,False,False,,,3.563218390804598
frame_000032.jpg,33.086925436532745,33.15124792084477,32,True,0.023989797262554974,0.013147206641577447,0.0049148801881781935,0.10956005534647874,False,False,False,False,False,0.3753668954884438,0.12,0.18,False,False,True,True,True,33.086925436532745,33.15124792084477,33.086925436532745,33.15124792084477,False,False,False,False,0.957143663640925,0.9049198578315818,0.9049198578315818,False,both,right,none,none,0,moving_average,4,2.0,peak,14,-1,-1,14,False,0.907709281073333,False,False,False,False,False,False,False,,,3.6781609195402303
frame_000033.jpg,33.09336329896741,33.01817093272887,33,True,0.018724683092408115,0.008342308516148377,0.003472866975849869,0.06951923763456981,False,False,False,False,False,0.3753668954884438,0.12,0.18,False,False,True,True,True,33.09336329896741,33.01817093272887,33.09336329896741,33.01817093272887,False,False,False,False,0.9581551282678964,0.8908231480121086,0.8908231480121086,False,both,right,none,none,0,moving_average,4,2.0,peak,14,-1,-1,14,False,0.8950413138569235,False,False,False,False,False,False,False,,,3.7931034482758625
frame_000034.jpg,33.10870700055742,33.004556034673,34,True,0.042130058341567383,0.04540316423655119,0.03473447363293716,0.37835970197125995,False,False,False,False,False,0.3753668954884438,0.12,0.18,False,False,True,True,True,33.10870700055742,33.004556034673,33.10870700055742,33.004556034673,False,False,False,False,0.9605658059676146,0.8893809357270803,0.8893809357270803,False,both,right,none,none,0,moving_average,4,2.0,peak,14,-1,-1,14,False,0.878321466532143,False,False,False,False,False,False,False,,,3.9080459770114944
frame_000035.jpg,32.90846229437152,32.67772744289627,35,True,0.05640956965497514,0.028281028691690416,0.0391445672317802,0.23567523909742014,False,False,False,False,False,0.3753668954884438,0.12,0.18,False,False,True,True,True,32.90846229437152,32.67772744289627,32.90846229437152,32.67772744289627,False,False,False,False,0.9291049850661434,0.8547603158572403,0.8547603158572403,False,both,right,none,none,0,moving_average,4,2.0,peak,14,-1,-1,14,False,0.8573749908878467,False,False,False,False,False,False,False,,,4.022988505747127
frame_000036.jpg,32.781377606102474,32.42494870014763,36,True,0.005475525102883532,0.0,0.0,0.014587128403421242,False,False,False,False,False,0.3753668954884438,0.12,0.18,False,False,True,True,True,32.781377606102474,32.42494870014763,32.781377606102474,32.42494870014763,False,False,False,False,0.9091384716281312,0.8279837210792196,0.8279837210792196,False,both,right,none,none,0,moving_average,4,2.0,peak,14,-1,-1,14,False,0.8369092526718931,False,False,False,False,False,False,False,,,4.137931034482759
frame_000037.jpg,32.781377606102474,32.42494870014763,37,True,0.0,0.0,0.0,0.0,False,False,False,False,False,0.3753668954884438,0.12,0.18,False,False,True,True,True,32.781377606102474,32.42494870014763,32.781377606102474,32.42494870014763,False,False,False,False,0.9091384716281312,0.8279837210792196,0.8279837210792196,False,both,right,none,none,0,moving_average,4,2.0,peak,14,-1,-1,14,False,0.8266809923787872,False,False,False,False,False,False,False,,,4.252873563218391
frame_000038.jpg,32.750451733577776,32.38805430124055,38,True,0.0060065721583291995,0.0,0.0,0.016001869718727288,False,False,False,False,False,0.3753668954884438,0.12,0.18,False,False,True,True,True,32.750451733577776,32.38805430124055,32.750451733577776,32.38805430124055,False,False,False,False,0.9042796498632354,0.8240755349779226,0.8240755349779226,False,both,right,none,none,0,moving_average,4,2.0,peak,14,-1,-1,14,False,0.8254805292011849,False,False,False,False,False,False,False,,,4.367816091954023
frame_000039.jpg,32.718671061645836,32.39095054893393,39,True,0.01097514609146106,0.0,0.0,0.029238449696475554,False,False,False,False,False,0.3753668954884438,0.12,0.18,False,False,True,True,True,32.718671061645836,32.39095054893393,32.718671061645836,32.39095054893393,False,False,False,False,0.8992865289621967,0.8243823315464122,0.8243823315464122,False,both,right,none,none,0,moving_average,4,2.0,peak,14,-1,-1,14,False,0.8349187670043479,False,False,False,False,False,False,False,,,4.482758620689656
frame_000040.jpg,33.06991853120122,32.69224772439898,40,True,0.06033573349683052,0.023590007019519826,0.01705454137254692,0.1965833918293319,False,False,False,False,False,0.3753668954884438,0.12,0.18,False,False,True,True,True,33.06991853120122,32.69224772439898,33.06991853120122,32.69224772439898,False,False,False,False,0.9544716768857459,0.856298434488709,0.856298434488709,False,both,right,none,none,0,moving_average,4,2.0,peak,14,-1,-1,14,False,0.8508407877293678,False,False,False,False,False,False,False,,,4.597701149425288
frame_000041.jpg,33.18574874333867,32.838979642672534,41,True,0.021696686416745204,2.1972197220302263e-05,0.01253492368708212,0.069638464928234,False,False,False,False,False,0.3753668954884438,0.12,0.18,False,False,True,True,True,33.18574874333867,32.838979642672534,33.18574874333867,32.838979642672534,False,False,False,False,0.97266997849604,0.8718415971529822,0.8718415971529822,False,both,right,none,none,0,moving_average,4,2.0,peak,14,-1,-1,14,False,0.8685369566821948,False,False,False,False,False,False,False,,,4.71264367816092
frame_000042.jpg,33.334904384883224,32.89212129634744,42,True,0.024985043117268024,0.006948175433206738,5.35936487392908e-05,0.06656165852014305,False,False,False,False,False,0.3753668954884438,0.12,0.18,False,False,True,True,True,33.334904384883224,32.89212129634744,33.334904384883224,32.89212129634744,False,False,False,False,0.9961041007480443,0.8774708384048934,0.8774708384048934,False,both,right,none,none,0,moving_average,4,2.0,peak,14,-1,-1,14,False,0.8802619057135572,False,False,False,False,False,False,False,,,4.8275862068965525
frame_000043.jpg,33.25122492229995,33.02430838030126,43,True,0.04144581275810591,0.009299137760414914,0.0002786304983562054,0.11041413948924507,False,False,False,False,False,0.3753668954884438,0.12,0.18,False,False,True,True,True,33.25122492229995,33.02430838030126,33.25122492229995,33.02430838030126,False,False,False,False,0.9829570636272742,0.8914732815827963,0.8914732815827963,False,both,right,none,none,0,moving_average,4,2.0,peak,14,-1,-1,14,False,0.8915164036024072,False,False,False,False,False,False,False,,,4.942528735632185
frame_000044.jpg,33.359701360253986,33.15771671699379,44,True,0.019574776080646297,0.016781156285585675,0.0020794280211860637,0.1398429690465473,False,False,False,False,False,0.3753668954884438,0.12,0.18,False,False,True,True,True,33.359701360253986,33.15771671699379,33.359701360253986,33.15771671699379,False,False,False,False,1.0,0.9056050908195322,0.9056050908195322,False,both,right,none,none,0,moving_average,4,2.0,peak,14,-1,-1,14,False,0.9078816806213337,False,False,False,False,False,False,False,,,5.057471264367816
frame_000045.jpg,33.309032843153396,33.35560003782353,45,True,0.04396699779292593,0.002715141770866364,0.006595597011693357,0.1171307281525563,False,False,False,False,False,0.3753668954884438,0.12,0.18,False,False,True,True,True,33.309032843153396,33.35560003782353,33.309032843153396,33.35560003782353,False,False,False,False,0.992039374362462,0.9265666694616727,0.9265666694616727,False,both,right,none,none,0,moving_average,4,2.0,peak,14,-1,-1,14,False,0.9093892396196321,True,False,False,False,False,False,False,3,,5.172413793103448
frame_000046.jpg,33.10675391692718,33.067003749675344,46,True,0.023600765849037905,0.006622074012387395,0.007222998487669011,0.0628738605686779,False,False,False,False,False,0.3753668954884438,0.12,0.18,False,False,True,True,True,33.10675391692718,33.067003749675344,33.10675391692718,33.067003749675344,False,False,False,False,0.9602589533398126,0.8959959585776917,0.8959959585776917,False,both,right,none,none,0,moving_average,4,2.0,peak,14,-1,-1,14,False,0.9023127296482151,False,False,False,False,False,False,False,,,5.287356321839081
frame_000047.jpg,32.91459785449652,32.957303859221675,47,True,0.005584901711243185,0.018526248041160483,0.0017305788401414945,0.15438540034300402,False,False,False,False,False,0.3753668954884438,0.12,0.18,False,False,True,True,True,32.91459785449652,32.957303859221675,32.91459785449652,32.957303859221675,False,False,False,False,0.9300689544109495,0.884375560905281,0.884375560905281,False,both,right,none,none,0,moving_average,4,2.0,peak,14,-1,-1,14,False,0.8873547496193451,False,False,False,False,False,False,False,,,5.402298850574713
frame_000048.jpg,32.91206241806397,32.931977159287015,48,True,0.05389278321547994,0.008050076131719992,0.026905462500681702,0.1494747916704539,False,False,False,False,False,0.3753668954884438,0.12,0.18,False,False,True,True,True,32.91206241806397,32.931977159287015,32.91206241806397,32.931977159287015,False,False,False,False,0.9296706072434716,0.8816927293750632,0.8816927293750632,False,both,right,none,none,0,moving_average,4,2.0,peak,14,-1,-1,14,False,0.8780374808897635,False,False,False,False,False,False,False,,,5.517241379310345
frame_000049.jpg,32.93519737528498,32.80313067378504,49,True,0.19704561127355,0.03825909107019123,0.0050209940477569,0.5249413670780574,False,False,False,False,True,0.3753668954884438,0.12,0.18,False,False,True,True,True,32.93519737528498,32.80313067378504,32.93519737528498,32.80313067378504,False,False,True,True,0.9333053837105094,0.8680441523889468,0.8680441523889468,False,both,right,none,none,0,moving_average,4,2.0,peak,14,-1,-1,14,False,0.8866684881223803,False,False,False,False,False,False,False,,,5.6321839080459775
frame_000050.jpg,33.11378114614789,33.20174141840371,50,True,0.4181227121007472,0.11652360737269846,0.0009251369096891575,1.113904068595787,True,False,False,True,True,0.3753668954884438,0.12,0.18,False,False,True,True,True,33.11378114614789,33.20174141840371,33.11378114614789,33.20174141840371,False,False,True,True,0.9613630144865832,0.910268582603131,0.910268582603131,False,both,right,none,none,0,moving_average,4,2.0,peak,14,-1,-1,14,False,0.8853971209455391,False,False,False,False,False,False,False,,,5.74712643678161
frame_000051.jpg,32.9095233529208,32.89597094574142,51,True,0.4950288109893199,0.03541693687947765,0.017560110816428824,1.3187865444158755,True,False,False,True,True,0.3753668954884438,0.12,0.18,False,False,True,True,True,32.9095233529208,32.89597094574142,32.9095233529208,32.89597094574142,False,False,True,True,0.9292716899624714,0.8778786278445397,0.8778786278445397,False,both,right,none,none,0,moving_average,4,2.0,peak,14,-1,-1,14,False,0.8888328162924855,False,False,False,False,False,False,False,,,5.862068965517242
frame_000052.jpg,32.49474729828234,32.900432525361175,52,True,0.6103448673701711,0.0,0.0,1.6259954585924892,True,False,False,True,True,0.3753668954884438,0.12,0.18,False,False,True,True,True,32.49474729828234,32.900432525361175,32.49474729828234,32.900432525361175,False,False,True,True,0.8641054470302632,0.8783512384297856,0.8783512384297856,False,both,right,none,none,0,moving_average,4,2.0,peak,14,-1,-1,14,False,0.8917359363741321,False,False,False,False,False,False,False,,,5.977011494252874
frame_000053.jpg,,33.283960279730614,53,True,0.5555296296821612,0.4771873282328515,0.18238461835258815,3.976561068607096,True,True,True,True,True,0.3753668954884438,0.12,0.18,True,False,False,True,True,,33.283960279730614,32.36054201962938,33.283960279730614,True,False,False,True,0.8430202042982378,0.9189779428480709,0.9189779428480709,False,right_only,right,none,none,0,moving_average,4,2.0,peak,14,-1,-1,14,False,0.8915215921664327,False,False,False,False,False,False,False,,,6.0919540229885065
frame_000054.jpg,,32.88990053315309,54,True,0.9330531606928599,1.1205056609873187,1.2951128169017583,9.337547174894324,True,True,True,True,True,0.3753668954884438,0.12,0.18,True,False,False,True,True,,32.88990053315309,32.226336740976414,32.88990053315309,True,False,False,True,0.8219349615662124,0.8772355952214418,0.8772355952214418,False,right_only,right,none,none,0,moving_average,4,2.0,peak,14,-1,-1,14,False,0.8922528995717998,False,False,False,False,False,False,False,,,6.206896551724139
frame_000055.jpg,,32.92114378099588,55,True,2.0317638960881594,0.32914264609863264,1.8170051296735177,10.094472942630654,True,True,True,True,True,0.3753668954884438,0.12,0.18,True,False,False,True,True,,32.92114378099588,32.09213146232345,32.92114378099588,True,False,False,True,0.8008497188341871,0.8805451606458868,0.8805451606458868,False,right_only,right,none,none,0,moving_average,4,2.0,peak,14,-1,-1,14,False,0.8749441056294058,False,False,False,False,False,False,False,,,6.321839080459771
frame_000056.jpg,,32.79376032627966,56,True,1.811961100892206,0.850217278489949,0.6115427794905299,7.085143987416242,True,True,True,True,True,0.3753668954884438,0.12,0.18,True,False,False,True,True,,32.79376032627966,31.957926183670484,32.79376032627966,True,False,False,True,0.7797644761021612,0.8670515610208889,0.8670515610208889,False,right_only,right,none,none,0,moving_average,4,2.0,peak,14,-1,-1,14,False,0.8752558623191518,False,False,False,False,False,False,False,,,6.436781609195402
frame_000057.jpg,,32.898729751139626,57,True,0.910453201052221,0.851802215485418,0.06523331547603953,7.098351795711817,True,True,False,True,True,0.3753668954884438,0.12,0.18,True,False,False,True,True,,32.898729751139626,31.82372090501752,32.898729751139626,True,False,False,True,0.7586792333701358,0.8781708652906794,0.8781708652906794,False,right_only,right,none,none,0,moving_average,4,2.0,peak,14,-1,-1,14,False,0.8781601051722603,False,False,False,False,False,False,False,,,6.551724137931035
frame_000058.jpg,31.689515626364557,33.00339444017769,58,True,0.423554190150383,0.22481614134343594,0.027500836157777948,1.873467844528633,True,True,False,True,True,0.3753668954884438,0.12,0.18,False,False,True,True,True,31.689515626364557,33.00339444017769,31.689515626364557,33.00339444017769,False,False,True,True,0.7375939906381104,0.889257889205213,0.889257889205213,False,both,right,none,none,0,moving_average,4,2.0,peak,14,-1,-1,14,False,0.878756275188997,False,False,False,False,False,False,False,,,6.666666666666667
frame_000059.jpg,31.434861753143544,32.81064437466719,59,True,0.18788654468500923,0.0,0.0,0.5005410624730853,False,False,False,False,True,0.3753668954884438,0.12,0.18,False,False,True,True,True,31.434861753143544,32.81064437466719,31.434861753143544,32.81064437466719,False,False,True,True,0.697584843580638,0.8688400710710991,0.8688400710710991,False,both,right,none,none,0,moving_average,4,2.0,peak,14,-1,-1,14,False,0.8748328656668658,False,False,False,False,False,False,False,,,6.781609195402299
frame_000060.jpg,30.85106698401845,32.7876154140276,60,True,0.02438847754772854,0.0,0.0,0.06497237194024046,False,False,False,False,False,0.3753668954884438,0.12,0.18,False,False,True,True,True,30.85106698401845,32.7876154140276,30.85106698401845,32.7876154140276,False,False,False,False,0.6058637537975758,0.8664006367242856,0.8664006367242856,False,both,right,none,none,0,moving_average,4,2.0,peak,14,-1,-1,14,False,0.8829345042107749,False,False,False,False,False,False,False,,,6.8965517241379315
frame_000061.jpg,32.55942522864767,33.23283982212158,61,True,0.19846481085628176,0.0,0.0,0.5287222001770578,False,False,False,False,False,0.3753668954884438,0.12,0.18,False,False,True,True,True,32.55942522864767,33.23283982212158,32.55942522864767,33.23283982212158,False,False,False,False,0.8742671178292519,0.9135628048369402,0.9135628048369402,False,both,right,none,none,0,moving_average,4,2.0,peak,14,-1,-1,14,False,0.8913156482722673,False,False,False,False,False,False,False,,,7.011494252873564
frame_000062.jpg,31.88461741676912,33.04800559362229,62,True,0.06540507594657648,0.0,0.0,0.17424305854534278,False,False,False,False,False,0.3753668954884438,0.12,0.18,False,False,True,True,True,31.88461741676912,33.04800559362229,31.88461741676912,33.04800559362229,False,False,False,False,0.7682467984071,0.8939835032555762,0.8939835032555762,False,both,right,none,none,0,moving_average,4,2.0,peak,14,-1,-1,14,False,0.8991274247350408,False,False,False,False,False,False,False,,,7.126436781609196
frame_000063.jpg,32.16872123356451,33.00885165215981,63,True,0.0774949330150774,0.0,0.0,0.2064511653704507,False,False,False,False,False,0.3753668954884438,0.12,0.18,False,False,True,True,True,32.16872123356451,33.00885165215981,32.16872123356451,33.00885165215981,False,False,False,False,0.8128828812672685,0.8898359661126064,0.8898359661126064,False,both,right,none,none,0,moving_average,4,2.0,peak,14,-1,-1,14,False,0.890218771587892,False,False,False,False,False,False,False,,,7.241379310344828
frame_000064.jpg,32.064328901709565,32.980539091488524,64,True,0.11698505342770463,0.0,0.0,0.31165522275340385,False,False,False,False,False,0.3753668954884438,0.12,0.18,False,False,True,True,True,32.064328901709565,32.980539091488524,32.064328901709565,32.980539091488524,False,False,False,False,0.7964816064544087,0.8868368453954935,0.8868368453954935,False,both,right,none,none,0,moving_average,4,2.0,peak,14,-1,-1,14,False,0.8699728922536342,False,False,False,False,False,False,False,,,7.356321839080461
frame_000065.jpg,29.891192831587407,32.47462485200292,65,True,0.23325645674895754,0.0,0.0,0.6214092386741618,False,False,False,False,True,0.3753668954884438,0.12,0.18,False,False,True,True,True,29.891192831587407,32.47462485200292,29.891192831587407,32.47462485200292,False,False,True,True,0.4550561276047092,0.8332458652528029,0.8332458652528029,False,both,right,none,none,0,moving_average,4,2.0,peak,14,-1,-1,14,False,0.6978088699861253,False,False,False,False,False,False,False,,,7.471264367816093
frame_000066.jpg,32.378218924437014,28.133018247340328,66,True,7.410961661537168,0.01116396338195553,0.06085799667826478,19.743247874572692,True,False,False,True,True,0.3753668954884438,0.12,0.18,False,False,True,True,True,32.378218924437014,28.133018247340328,32.378218924437014,28.133018247340328,False,False,True,True,0.8457974559261989,0.3733438993100801,0.3733438993100801,False,both,right,none,none,0,moving_average,4,2.0,peak,14,-1,-1,14,False,0.6766660155560023,False,False,False,False,False,False,False,,,7.586206896551725
frame_000067.jpg,26.99481003039865,32.381755242540976,67,True,7.837564664328109,0.01116396338195557,0.06085799667826478,20.879743947930006,True,False,False,True,True,0.3753668954884438,0.12,0.18,False,False,True,True,True,26.99481003039865,32.381755242540976,26.99481003039865,32.381755242540976,False,False,True,True,0.0,0.8234082821051238,0.8234082821051238,False,both,right,none,none,0,moving_average,4,2.0,peak,14,-1,-1,14,False,0.7322507271384013,False,False,False,False,False,False,False,,,7.701149425287357
frame_000068.jpg,28.296487378482805,34.048831762141226,68,True,9.699076314511013,0.0,0.0,25.838923013949195,True,False,False,True,True,0.3753668954884438,0.12,0.18,False,False,True,True,True,28.296487378482805,34.048831762141226,28.296487378482805,34.048831762141226,False,False,True,True,0.20450896655194584,1.0,1.0,False,both,right,none,none,0,moving_average,4,2.0,peak,14,-1,-1,14,False,0.9340134387181198,False,False,False,False,False,False,False,,,7.816091954022989
frame_000069.jpg,,,69,False,,,,0.0,False,False,False,False,True,0.3753668954884438,0.12,0.18,True,True,False,False,False,,,28.796902199944487,33.84711202843694,True,True,False,False,0.2831300765643701,0.9786320340492356,0.9786320340492356,False,missing,right,none,none,0,moving_average,4,2.0,peak,14,-1,-1,14,False,0.9786320340492355,True,False,False,False,False,False,False,4,,7.931034482758621
frame_000070.jpg,,,70,False,,,,0.0,False,False,False,False,False,0.3753668954884438,0.12,0.18,True,True,False,False,False,,,29.29731702140617,33.64539229473265,True,True,False,False,0.36175118657679445,0.9572640680984711,0.9572640680984711,False,missing,right,none,none,0,moving_average,4,2.0,peak,14,-1,-1,14,False,0.957264068098471,False,False,False,False,False,False,False,,,8.045977011494253
frame_000071.jpg,,,71,False,,,,0.0,False,False,False,False,False,0.3753668954884438,0.12,0.18,True,True,False,False,False,,,29.797731842867854,33.443672561028364,True,True,False,False,0.4403722965892193,0.9358961021477067,0.9358961021477067,False,missing,right,none,none,0,moving_average,4,2.0,peak,14,-1,-1,14,False,0.9358961021477066,False,False,False,False,False,False,False,,,8.160919540229886
frame_000072.jpg,,,72,False,,,,0.0,False,False,False,False,False,0.3753668954884438,0.12,0.18,True,True,False,False,False,,,30.298146664329536,33.24195282732408,True,True,False,False,0.5189934066016436,0.9145281361969423,0.9145281361969423,False,missing,right,none,none,0,moving_average,4,2.0,peak,14,-1,-1,14,False,0.9145281361969422,False,False,False,False,False,False,False,,,8.275862068965518
frame_000073.jpg,,,73,False,,,,0.0,False,False,False,False,False,0.3753668954884438,0.12,0.18,True,True,False,False,False,,,30.798561485791218,33.04023309361979,True,True,False,False,0.5976145166140678,0.8931601702461778,0.8931601702461778,False,missing,right,none,none,0,moving_average,4,2.0,peak,14,-1,-1,14,False,0.8931601702461778,False,False,False,False,False,False,False,,,8.39080459770115
frame_000074.jpg,31.2989763072529,32.8385133599155,74,True,,,,0.0,False,False,False,False,True,0.3753668954884438,0.12,0.18,False,False,True,True,True,31.2989763072529,32.8385133599155,31.2989763072529,32.8385133599155,False,False,True,True,0.6762356266264922,0.8717922042954134,0.8717922042954134,False,both,right,none,none,0,moving_average,4,2.0,peak,14,-1,-1,14,False,0.8667839327895609,False,False,False,False,False,False,False,,,8.505747126436782
frame_000075.jpg,31.781431600318637,32.49495506326978,75,True,0.37598105426161055,0.23454033807453573,0.012211934839859787,1.9545028172877978,True,True,False,True,True,0.3753668954884438,0.12,0.18,False,False,True,True,True,31.781431600318637,32.49495506326978,31.781431600318637,32.49495506326978,False,False,True,True,0.7520350814895655,0.8353994238270915,0.8353994238270915,False,both,right,none,none,0,moving_average,4,2.0,peak,14,-1,-1,14,False,0.8082216116925167,False,False,False,False,False,False,False,,,8.620689655172415
frame_000076.jpg,,,76,False,,,,0.0,False,False,False,False,True,0.3753668954884438,0.12,0.18,True,True,False,False,False,,,31.900559740847115,31.381697717250272,True,True,False,False,0.7707515268072872,0.7174732069550455,0.7174732069550455,False,missing,right,none,none,0,moving_average,4,2.0,peak,14,-1,-1,14,False,0.7174732069550454,False,False,False,False,False,False,False,,,8.735632183908047
frame_000077.jpg,,,77,False,,,,0.0,False,False,False,False,False,0.3753668954884438,0.12,0.18,True,True,False,False,False,,,32.01968788137559,30.268440371230767,True,True,False,False,0.7894679721250082,0.5995469900829993,0.5995469900829993,False,missing,right,none,none,0,moving_average,4,2.0,peak,14,-1,-1,14,False,0.5995469900829993,False,False,False,False,False,False,False,,,8.85057471264368
frame_000078.jpg,,,78,False,,,,0.0,False,False,False,False,False,0.3753668954884438,0.12,0.18,True,True,False,False,False,,,32.13881602190407,29.15518302521126,True,True,False,False,0.8081844174427303,0.4816207732109532,0.4816207732109532,False,missing,right,none,none,0,moving_average,4,2.0,peak,14,-1,-1,14,False,0.48162077321095315,False,False,False,False,False,False,False,,,8.965517241379311
frame_000079.jpg,32.257944162432544,28.041925679191756,79,True,,,,0.0,False,False,False,False,True,0.3753668954884438,0.12,0.18,False,False,True,True,True,32.257944162432544,28.041925679191756,32.257944162432544,28.041925679191756,False,False,True,True,0.8269008627604514,0.36369455633890707,0.36369455633890707,False,both,right,none,none,0,moving_average,4,2.0,peak,14,-1,-1,14,False,0.3799208200777012,False,False,False,False,False,False,False,,,9.080459770114944
frame_000080.jpg,32.39801245802619,27.38821009881532,80,True,0.9393881901430906,0.15248771765968164,0.030600274413250153,2.502586673022184,True,True,False,True,True,0.3753668954884438,0.12,0.18,False,False,True,True,True,32.39801245802619,27.38821009881532,32.39801245802619,27.38821009881532,False,False,True,True,0.8489072550670466,0.2944471306832436,0.2944471306832436,False,both,right,none,none,0,moving_average,4,2.0,peak,14,-1,-1,14,False,0.45110239177711164,False,False,False,False,False,False,False,,,9.195402298850576
frame_000081.jpg,32.51137456267764,31.171106448284295,81,True,0.6851354484907273,0.15248771765968158,0.030600274413250153,1.8252420677619934,True,True,False,True,True,0.3753668954884438,0.12,0.18,False,False,True,True,True,32.51137456267764,31.171106448284295,32.51137456267764,31.171106448284295,False,False,True,True,0.8667177876867806,0.6951654883091842,0.6951654883091842,False,both,right,none,none,0,moving_average,4,2.0,peak,14,-1,-1,14,False,0.4716799447783865,True,False,False,False,False,False,False,5,,9.310344827586208
frame_000082.jpg,32.987951452501484,28.62469970474956,82,True,7.636273604583425,0.0,0.0,20.343492450624268,True,False,False,True,True,0.3753668954884438,0.12,0.18,False,False,True,True,True,32.987951452501484,28.62469970474956,32.987951452501484,28.62469970474956,False,False,True,True,0.9415936756046782,0.42542721534273165,0.42542721534273165,False,both,right,none,none,0,moving_average,4,2.0,peak,14,-1,-1,14,False,0.3969001849331556,False,False,False,False,False,False,False,,,9.42528735632184
frame_000083.jpg,33.13904076154192,25.27038288813818,83,True,0.6447851681750808,0.0,0.0,1.7177464926310515,True,False,False,True,True,0.3753668954884438,0.12,0.18,False,False,True,True,True,33.13904076154192,25.27038288813818,33.13904076154192,25.27038288813818,False,False,True,True,0.9653315999792441,0.07010785114755097,0.07010785114755097,False,both,right,none,none,0,moving_average,4,2.0,peak,14,-1,-1,14,False,0.16517835549676085,False,False,False,False,False,False,False,,,9.540229885057473
frame_000084.jpg,32.841322498672916,24.608544644074623,84,True,0.11270313157958878,0.0,0.0,0.30024792525439553,False,False,False,False,True,0.3753668954884438,0.12,0.18,False,False,True,True,True,32.841322498672916,24.608544644074623,32.841322498672916,24.608544644074623,False,False,True,True,0.918556525992903,0.0,0.0,False,both,right,none,none,0,moving_average,4,2.0,peak,14,-1,-1,14,False,0.031024695316229957,False,False,False,False,False,False,False,,,9.655172413793105
frame_000085.jpg,32.887588740542284,24.825352494618308,85,True,0.05669608416733673,0.0,0.0,0.15104178031885657,False,False,False,False,False,0.3753668954884438,0.12,0.18,False,False,True,True,True,32.887588740542284,24.825352494618308,32.887588740542284,24.825352494618308,False,False,False,False,0.9258255019222092,0.02296623480113891,0.02296623480113891,False,both,right,none,none,0,moving_average,4,2.0,peak,14,-1,-1,14,False,0.015310823200759273,False,False,False,False,False,False,False,,,9.770114942528737
frame_000086.jpg,32.887588740542284,24.825352494618308,86,True,0.0,0.0,0.0,0.0,False,False,False,False,False,0.3753668954884438,0.12,0.18,False,False,True,True,True,32.887588740542284,24.825352494618308,32.887588740542284,24.825352494618308,False,False,False,False,0.9258255019222092,0.02296623480113891,0.02296623480113891,False,both,right,none,none,0,moving_average,4,2.0,peak,14,-1,-1,14,False,0.04181202599338685,False,False,False,False,False,False,False,,,9.88505747126437
frame_000087.jpg,32.98755902976216,25.35908153408416,87,True,0.039921022677363555,0.0,0.0,0.10635200694887217,False,False,False,False,False,0.3753668954884438,0.12,0.18,False,False,True,True,True,32.98755902976216,25.35908153408416,32.98755902976216,25.35908153408416,False,False,False,False,0.9415320213329889,0.07950360837788273,0.07950360837788273,False,both,right,none,none,0,moving_average,4,2.0,peak,14,-1,-1,14,False,0.09968216780322389,False,False,False,False,False,False,False,,,10.0
frame_000088.jpg,32.92152000298437,26.464284757362584,88,True,0.021328348944914477,0.0,0.0,0.05682000517696452,False,False,False,False,False,0.3753668954884438,0.12,0.18,False,False,True,True,True,32.92152000298437,26.464284757362584,32.92152000298437,26.464284757362584,False,False,False,False,0.9311565061269361,0.19657666023065004,0.19657666023065004,False,both,right,none,none,0,moving_average,4,2.0,peak,14,-1,-1,14,False,0.16229851770281117,False,False,False,False,False,False,False,,,10.114942528735632
frame_000089.jpg,,,89,False,,,,0.0,False,False,False,False,False,0.3753668954884438,0.12,0.18,True,True,False,False,False,,,32.92440999339863,26.598701458630583,True,True,False,False,0.9316105579346559,0.21081528449990078,0.21081528449990078,False,missing,right,none,none,0,moving_average,4,2.0,peak,14,-1,-1,14,False,0.2108152844999009,False,False,False,False,False,False,False,,,10.229885057471265
frame_000090.jpg,,,90,False,,,,0.0,False,False,False,False,False,0.3753668954884438,0.12,0.18,True,True,False,False,False,,,32.927299983812894,26.733118159898584,True,True,False,False,0.9320646097423756,0.22505390876915188,0.22505390876915188,False,missing,right,none,none,0,moving_average,4,2.0,peak,14,-1,-1,14,False,0.22505390876915174,False,False,False,False,False,False,False,,,10.344827586206897
frame_000091.jpg,,,91,False,,,,0.0,False,False,False,False,False,0.3753668954884438,0.12,0.18,True,True,False,False,False,,,32.930189974227154,26.867534861166583,True,True,False,False,0.9325186615500953,0.23929253303840262,0.23929253303840262,False,missing,right,none,none,0,moving_average,4,2.0,peak,14,-1,-1,14,False,0.23929253303840273,False,False,False,False,False,False,False,,,10.459770114942529
frame_000092.jpg,,,92,False,,,,0.0,False,False,False,False,False,0.3753668954884438,0.12,0.18,True,True,False,False,False,,,32.933079964641415,27.001951562434584,True,True,False,False,0.9329727133578151,0.25353115730765374,0.25353115730765374,False,missing,right,none,none,0,moving_average,4,2.0,peak,14,-1,-1,14,False,0.2535311573076536,False,False,False,False,False,False,False,,,10.574712643678161
frame_000093.jpg,,,93,False,,,,0.0,False,False,False,False,False,0.3753668954884438,0.12,0.18,True,True,False,False,False,,,32.935969955055675,27.136368263702582,True,True,False,False,0.9334267651655348,0.26776978157690445,0.26776978157690445,False,missing,right,none,none,0,moving_average,4,2.0,peak,14,-1,-1,14,False,0.26776978157690445,False,False,False,False,False,False,False,,,10.689655172413794
frame_000094.jpg,,,94,False,,,,0.0,False,False,False,False,False,0.3753668954884438,0.12,0.18,True,True,False,False,False,,,32.938859945469936,27.27078496497058,True,True,False,False,0.9338808169732545,0.2820084058461552,0.2820084058461552,False,missing,right,none,none,0,moving_average,4,2.0,peak,14,-1,-1,14,False,0.28200840584615533,False,False,False,False,False,False,False,,,10.804597701149426
frame_000095.jpg,,,95,False,,,,0.0,False,False,False,False,False,0.3753668954884438,0.12,0.18,True,True,False,False,False,,,32.9417499358842,27.405201666238582,True,True,False,False,0.9343348687809743,0.2962470301154063,0.2962470301154063,False,missing,right,none,none,0,moving_average,4,2.0,peak,14,-1,-1,14,False,0.29624703011540615,False,False,False,False,False,False,False,,,10.919540229885058
frame_000096.jpg,,,96,False,,,,0.0,False,False,False,False,False,0.3753668954884438,0.12,0.18,True,True,False,False,False,,,32.94463992629846,27.53961836750658,True,True,False,False,0.9347889205886941,0.31048565438465703,0.31048565438465703,False,missing,right,none,none,0,moving_average,4,2.0,peak,14,-1,-1,14,False,0.31048565438465703,False,False,False,False,False,False,False,,,11.03448275862069
frame_000097.jpg,,,97,False,,,,0.0,False,False,False,False,False,0.3753668954884438,0.12,0.18,True,True,False,False,False,,,32.94752991671271,27.67403506877458,True,True,False,False,0.9352429723964127,0.3247242786539078,0.3247242786539078,False,missing,right,none,none,0,moving_average,4,2.0,peak,14,-1,-1,14,False,0.3247242786539079,False,False,False,False,False,False,False,,,11.149425287356323
frame_000098.jpg,,,98,False,,,,0.0,False,False,False,False,False,0.3753668954884438,0.12,0.18,True,True,False,False,False,,,32.95041990712697,27.80845177004258,True,True,False,False,0.9356970242041325,0.3389629029231589,0.3389629029231589,False,missing,right,none,none,0,moving_average,4,2.0,peak,14,-1,-1,14,False,0.3389629029231588,False,False,False,False,False,False,False,,,11.264367816091955
frame_000099.jpg,,,99,False,,,,0.0,False,False,False,False,False,0.3753668954884438,0.12,0.18,True,True,False,False,False,,,32.95330989754123,27.94286847131058,True,True,False,False,0.9361510760118522,0.3532015271924096,0.3532015271924096,False,missing,right,none,none,0,moving_average,4,2.0,peak,14,-1,-1,14,False,0.3532015271924096,False,False,False,False,False,False,False,,,11.379310344827587
frame_000100.jpg,,,100,False,,,,0.0,False,False,False,False,False,0.3753668954884438,0.12,0.18,True,True,False,False,False,,,32.95619988795549,28.077285172578577,True,True,False,False,0.936605127819572,0.36744015146166037,0.36744015146166037,False,missing,right,none,none,0,moving_average,4,2.0,peak,14,-1,-1,14,False,0.3674401514616604,False,False,False,False,False,False,False,,,11.49425287356322
frame_000101.jpg,,,101,False,,,,0.0,False,False,False,False,False,0.3753668954884438,0.12,0.18,True,True,False,False,False,,,32.95908987836975,28.21170187384658,True,True,False,False,0.9370591796272917,0.38167877573091147,0.38167877573091147,False,missing,right,none,none,0,moving_average,4,2.0,peak,14,-1,-1,14,False,0.38167877573091136,False,False,False,False,False,False,False,,,11.609195402298852
frame_000102.jpg,,,102,False,,,,0.0,False,False,False,False,False,0.3753668954884438,0.12,0.18,True,True,False,False,False,,,32.96197986878401,28.346118575114577,True,True,False,False,0.9375132314350114,0.3959174000001622,0.3959174000001622,False,missing,right,none,none,0,moving_average,4,2.0,peak,14,-1,-1,14,False,0.3959174000001623,False,False,False,False,False,False,False,,,11.724137931034484
frame_000103.jpg,,,103,False,,,,0.0,False,False,False,False,False,0.3753668954884438,0.12,0.18,True,True,False,False,False,,,32.964869859198274,28.48053527638258,True,True,False,False,0.9379672832427312,0.41015602426941333,0.41015602426941333,False,missing,right,none,none,0,moving_average,4,2.0,peak,14,-1,-1,14,False,0.41015602426941317,False,False,False,False,False,False,False,,,11.839080459770116
frame_000104.jpg,,,104,False,,,,0.0,False,False,False,False,False,0.3753668954884438,0.12,0.18,True,True,False,False,False,,,32.967759849612534,28.614951977650577,True,True,False,False,0.9384213350504509,0.42439464853866404,0.42439464853866404,False,missing,right,none,none,0,moving_average,4,2.0,peak,14,-1,-1,14,False,0.42439464853866404,False,False,False,False,False,False,False,,,11.954022988505749
frame_000105.jpg,,,105,False,,,,0.0,False,False,False,False,False,0.3753668954884438,0.12,0.18,True,True,False,False,False,,,32.970649840026795,28.749368678918575,True,True,False,False,0.9388753868581706,0.4386332728079148,0.4386332728079148,False,missing,right,none,none,0,moving_average,4,2.0,peak,14,-1,-1,14,False,0.43863327280791486,False,False,False,False,False,False,False,,,12.06896551724138
frame_000106.jpg,,,106,False,,,,0.0,False,False,False,False,False,0.3753668954884438,0.12,0.18,True,True,False,False,False,,,32.973539830441055,28.883785380186577,True,True,False,False,0.9393294386658904,0.4528718970771659,0.4528718970771659,False,missing,right,none,none,0,moving_average,4,2.0,peak,14,-1,-1,14,False,0.4528718970771658,False,False,False,False,False,False,False,,,12.183908045977013
frame_000107.jpg,,,107,False,,,,0.0,False,False,False,False,False,0.3753668954884438,0.12,0.18,True,True,False,False,False,,,32.976429820855316,29.018202081454575,True,True,False,False,0.9397834904736101,0.4671105213464166,0.4671105213464166,False,missing,right,none,none,0,moving_average,4,2.0,peak,14,-1,-1,14,False,0.46711052134641673,False,False,False,False,False,False,False,,,12.298850574712645
frame_000108.jpg,,,108,False,,,,0.0,False,False,False,False,False,0.3753668954884438,0.12,0.18,True,True,False,False,False,,,32.979319811269576,29.152618782722577,True,True,False,False,0.9402375422813298,0.4813491456156677,0.4813491456156677,False,missing,right,none,none,0,moving_average,4,2.0,peak,14,-1,-1,14,False,0.48134914561566755,False,False,False,False,False,False,False,,,12.413793103448278
frame_000109.jpg,,,109,False,,,,0.0,False,False,False,False,False,0.3753668954884438,0.12,0.18,True,True,False,False,False,,,32.98220980168384,29.287035483990575,True,True,False,False,0.9406915940890496,0.4955877698849185,0.4955877698849185,False,missing,right,none,none,0,moving_average,4,2.0,peak,14,-1,-1,14,False,0.49558776988491837,False,False,False,False,False,False,False,,,12.52873563218391
frame_000110.jpg,,,110,False,,,,0.0,False,False,False,False,False,0.3753668954884438,0.12,0.18,True,True,False,False,False,,,32.9850997920981,29.421452185258573,True,True,False,False,0.9411456458967693,0.5098263941541692,0.5098263941541692,False,missing,right,none,none,0,moving_average,4,2.0,peak,14,-1,-1,14,False,0.5098263941541693,False,False,False,False,False,False,False,,,12.643678160919542
frame_000111.jpg,,,111,False,,,,0.0,False,False,False,False,False,0.3753668954884438,0.12,0.18,True,True,False,False,False,,,32.98798978251236,29.555868886526575,True,True,False,False,0.941599697704489,0.5240650184234203,0.5240650184234203,False,missing,right,none,none,0,moving_average,4,2.0,peak,14,-1,-1,14,False,0.5240650184234201,False,False,False,False,False,False,False,,,12.758620689655173
frame_000112.jpg,,,112,False,,,,0.0,False,False,False,False,False,0.3753668954884438,0.12,0.18,True,True,False,False,False,,,32.99087977292662,29.690285587794573,True,True,False,False,0.9420537495122088,0.5383036426926711,0.5383036426926711,False,missing,right,none,none,0,moving_average,4,2.0,peak,14,-1,-1,14,False,0.5383036426926711,False,False,False,False,False,False,False,,,12.873563218390805
frame_000113.jpg,,,113,False,,,,0.0,False,False,False,False,False,0.3753668954884438,0.12,0.18,True,True,False,False,False,,,32.99376976334088,29.82470228906257,True,True,False,False,0.9425078013199285,0.5525422669619218,0.5525422669619218,False,missing,right,none,none,0,moving_average,4,2.0,peak,14,-1,-1,14,False,0.5525422669619219,False,False,False,False,False,False,False,,,12.988505747126437
frame_000114.jpg,,,114,False,,,,0.0,False,False,False,False,False,0.3753668954884438,0.12,0.18,True,True,False,False,False,,,32.99665975375514,29.959118990330573,True,True,False,False,0.9429618531276482,0.5667808912311729,0.5667808912311729,False,missing,right,none,none,0,moving_average,4,2.0,peak,14,-1,-1,14,False,0.5667808912311727,False,False,False,False,False,False,False,,,13.10344827586207
frame_000115.jpg,,,115,False,,,,0.0,False,False,False,False,False,0.3753668954884438,0.12,0.18,True,True,False,False,False,,,32.99954974416939,30.09353569159857,True,True,False,False,0.9434159049353669,0.5810195155004236,0.5810195155004236,False,missing,right,none,none,0,moving_average,4,2.0,peak,14,-1,-1,14,False,0.5810195155004236,False,False,False,False,False,False,False,,,13.218390804597702
frame_000116.jpg,,,116,False,,,,0.0,False,False,False,False,False,0.3753668954884438,0.12,0.18,True,True,False,False,False,,,33.00243973458365,30.22795239286657,True,True,False,False,0.9438699567430866,0.5952581397696743,0.5952581397696743,False,missing,right,none,none,0,moving_average,4,2.0,peak,14,-1,-1,14,False,0.5952581397696745,False,False,False,False,False,False,False,,,13.333333333333334
frame_000117.jpg,,,117,False,,,,0.0,False,False,False,False,False,0.3753668954884438,0.12,0.18,True,True,False,False,False,,,33.005329724997914,30.36236909413457,True,True,False,False,0.9443240085508064,0.6094967640389255,0.6094967640389255,False,missing,right,none,none,0,moving_average,4,2.0,peak,14,-1,-1,14,False,0.6094967640389253,False,False,False,False,False,False,False,,,13.448275862068966
frame_000118.jpg,,,118,False,,,,0.0,False,False,False,False,False,0.3753668954884438,0.12,0.18,True,True,False,False,False,,,33.008219715412174,30.49678579540257,True,True,False,False,0.9447780603585262,0.6237353883081762,0.6237353883081762,False,missing,right,none,none,0,moving_average,4,2.0,peak,14,-1,-1,14,False,0.6237353883081762,False,False,False,False,False,False,False,,,13.563218390804598
frame_000119.jpg,,,119,False,,,,0.0,False,False,False,False,False,0.3753668954884438,0.12,0.18,True,True,False,False,False,,,33.011109705826435,30.631202496670568,True,True,False,False,0.9452321121662459,0.6379740125774269,0.6379740125774269,False,missing,right,none,none,0,moving_average,4,2.0,peak,14,-1,-1,14,False,0.637974012577427,False,False,False,False,False,False,False,,,13.67816091954023
frame_000120.jpg,,,120,False,,,,0.0,False,False,False,False,False,0.3753668954884438,0.12,0.18,True,True,False,False,False,,,33.013999696240695,30.76561919793857,True,True,False,False,0.9456861639739657,0.6522126368466781,0.6522126368466781,False,missing,right,none,none,0,moving_average,4,2.0,peak,14,-1,-1,14,False,0.6522126368466781,False,False,False,False,False,False,False,,,13.793103448275863
frame_000121.jpg,,,121,False,,,,0.0,False,False,False,False,False,0.3753668954884438,0.12,0.18,True,True,False,False,False,,,33.016889686654956,30.90003589920657,True,True,False,False,0.9461402157816854,0.6664512611159291,0.6664512611159291,False,missing,right,none,none,0,moving_average,4,2.0,peak,14,-1,-1,14,False,0.666451261115929,False,False,False,False,False,False,False,,,13.908045977011495
frame_000122.jpg,,,122,False,,,,0.0,False,False,False,False,False,0.3753668954884438,0.12,0.18,True,True,False,False,False,,,33.01977967706922,31.03445260047457,True,True,False,False,0.9465942675894051,0.6806898853851799,0.6806898853851799,False,missing,right,none,none,0,moving_average,4,2.0,peak,14,-1,-1,14,False,0.6806898853851799,False,False,False,False,False,False,False,,,14.022988505747128
frame_000123.jpg,33.02266966748348,31.168869301742568,123,True,,,,0.0,False,False,False,False,True,0.3753668954884438,0.12,0.18,False,False,True,True,True,33.02266966748348,31.168869301742568,33.02266966748348,31.168869301742568,False,False,True,True,0.9470483193971249,0.6949285096544306,0.6949285096544306,False,both,right,none,none,0,moving_average,4,2.0,peak,14,-1,-1,14,False,0.7365858276415232,False,False,False,False,False,False,False,,,14.13793103448276
frame_000124.jpg,33.060019102899574,32.48305713011083,124,True,0.451443351349247,0.0,0.0,1.2026722568643384,True,False,False,True,True,0.3753668954884438,0.12,0.18,False,False,True,True,True,33.060019102899574,32.48305713011083,33.060019102899574,32.48305713011083,False,False,True,True,0.9529163591609625,0.8341390878849592,0.8341390878849592,False,both,right,none,none,0,moving_average,4,2.0,peak,14,-1,-1,14,False,0.7818909596082655,False,False,False,False,False,False,False,,,14.252873563218392
frame_000125.jpg,32.854418200814855,32.317532961538404,125,True,0.32292934446365024,0.0,0.0,0.8603032082609215,False,False,False,False,True,0.3753668954884438,0.12,0.18,False,False,True,True,True,32.854418200814855,32.317532961538404,32.854418200814855,32.317532961538404,False,False,True,True,0.9206140162882224,0.8166052812854069,0.8166052812854069,False,both,right,none,none,0,moving_average,4,2.0,peak,14,-1,-1,14,False,0.8263455854031561,True,False,False,False,False,False,False,6,,14.367816091954024
frame_000126.jpg,32.654025298681425,32.4278625954325,126,True,0.19918637389511817,0.1753053951452505,0.006756187645247068,1.4608782928770876,False,True,False,True,True,0.3753668954884438,0.12,0.18,False,False,True,True,True,32.654025298681425,32.4278625954325,32.654025298681425,32.4278625954325,False,False,True,True,0.8891299120438244,0.8282923870391026,0.8282923870391026,False,both,right,none,none,0,moving_average,4,2.0,peak,14,-1,-1,14,False,0.8090032418336445,False,False,False,False,False,False,False,,,14.482758620689657
frame_000127.jpg,32.48388377638122,31.99190702232179,127,True,0.4774746107620041,0.06394596627214602,0.002987144921009455,1.2720210985592995,True,False,False,True,True,0.3753668954884438,0.12,0.18,False,False,True,True,True,32.48388377638122,31.99190702232179,32.48388377638122,31.99190702232179,False,False,True,True,0.8623986587540572,0.7821120571764241,0.7821120571764241,False,both,right,none,none,0,moving_average,4,2.0,peak,14,-1,-1,14,False,0.7857731457715194,False,False,False,False,False,False,False,,,14.597701149425289
frame_000128.jpg,32.30850719937458,31.659636631718215,128,True,0.25347562866960643,0.11135942887310447,0.009743332566256523,0.927995240609204,False,False,False,False,True,0.3753668954884438,0.12,0.18,False,False,True,True,True,32.30850719937458,31.659636631718215,32.30850719937458,31.659636631718215,False,False,True,True,0.8348449162126863,0.7469149930990313,0.7469149930990313,False,both,right,none,none,0,moving_average,4,2.0,peak,14,-1,-1,14,False,0.769435096762343,False,False,False,False,False,False,False,,,14.712643678160921
frame_000129.jpg,32.25195116872493,31.965154974645497,129,True,0.23304173958263488,0.0,0.0,0.6208372192209193,False,False,False,False,False,0.3753668954884438,0.12,0.18,False,False,True,True,True,32.25195116872493,31.965154974645497,32.25195116872493,31.965154974645497,False,False,False,False,0.8259592922925466,0.7792782400115736,0.7792782400115736,False,both,right,none,none,0,moving_average,4,2.0,peak,14,-1,-1,14,False,0.7754752520723166,False,False,False,False,False,False,False,,,14.827586206896553
frame_000130.jpg,32.465228172953054,32.16296942341339,130,True,0.08921465864269625,0.0,0.0,0.23767321976171135,False,False,False,False,False,0.3753668954884438,0.12,0.18,False,False,True,True,True,32.465228172953054,32.16296942341339,32.465228172953054,32.16296942341339,False,False,False,False,0.8594676419524571,0.800232523106345,0.800232523106345,False,both,right,none,none,0,moving_average,4,2.0,peak,14,-1,-1,14,False,0.7932477620747544,False,False,False,False,False,False,False,,,14.942528735632186
frame_000131.jpg,32.465228172953054,32.16296942341339,131,True,0.0,0.0,0.0,0.0,False,False,False,False,True,0.3753668954884438,0.12,0.18,False,False,True,True,True,32.465228172953054,32.16296942341339,32.465228172953054,32.16296942341339,False,False,True,True,0.8594676419524571,0.800232523106345,0.800232523106345,False,both,right,none,none,0,moving_average,4,2.0,peak,14,-1,-1,14,False,0.7861937495473501,False,False,False,False,False,False,False,,,15.057471264367818
frame_000132.jpg,32.65762030419047,31.76537926386609,132,True,0.1468992224565282,0.1461093563171265,0.0557763270153586,1.2175779693093873,False,True,False,True,True,0.3753668954884438,0.12,0.18,False,False,True,True,True,32.65762030419047,31.76537926386609,32.65762030419047,31.76537926386609,False,False,True,True,0.8896947300937705,0.7581162024293607,0.7581162024293607,False,both,right,none,none,0,moving_average,4,2.0,peak,14,-1,-1,14,False,0.7866151938703217,False,False,False,False,False,False,False,,,15.17241379310345
frame_000133.jpg,,,133,False,,,,0.0,False,False,False,False,True,0.3753668954884438,0.12,0.18,True,True,False,False,False,,,32.67909704096084,32.17490508965278,True,True,False,False,0.8930689804395113,0.8014968560752599,0.8014968560752599,False,missing,right,none,none,0,moving_average,4,2.0,peak,14,-1,-1,14,False,0.80149685607526,False,False,False,False,False,False,False,,,15.287356321839082
frame_000134.jpg,32.70057377773121,32.58443091543948,134,True,,,,0.0,False,False,False,False,False,0.3753668954884438,0.12,0.18,False,False,True,True,True,32.70057377773121,32.58443091543948,32.70057377773121,32.58443091543948,False,False,False,False,0.8964432307852522,0.8448775097211595,0.8448775097211595,False,both,right,none,none,0,moving_average,4,2.0,peak,14,-1,-1,14,False,0.8321913316025576,False,False,False,False,False,False,False,,,15.402298850574715
frame_000135.jpg,32.67058239935708,32.634673249614565,135,True,0.023991900235262677,0.0,0.0,0.06391586611292231,False,False,False,False,False,0.3753668954884438,0.12,0.18,False,False,True,True,True,32.67058239935708,32.634673249614565,32.67058239935708,32.634673249614565,False,False,False,False,0.8917312291469133,0.8501996290112536,0.8501996290112536,False,both,right,none,none,0,moving_average,4,2.0,peak,14,-1,-1,14,False,0.8487129250689059,False,False,False,False,False,False,False,,,15.517241379310347
frame_000136.jpg,32.735101442377214,32.64281084756369,136,True,0.023991900235262677,0.0,0.0,0.06391586611292231,False,False,False,False,False,0.3753668954884438,0.12,0.18,False,False,True,True,True,32.735101442377214,32.64281084756369,32.735101442377214,32.64281084756369,False,False,False,False,0.9018679368574596,0.8510616364743051,0.8510616364743051,False,both,right,none,none,0,moving_average,4,2.0,peak,14,-1,-1,14,False,0.841929576198367,False,False,False,False,False,False,False,,,15.632183908045977
frame_000137.jpg,32.910598312315464,32.39232063255977,137,True,0.10492732753258527,0.0,0.0,0.27953271530791024,False,False,False,False,False,0.3753668954884438,0.12,0.18,False,False,True,True,True,32.910598312315464,32.39232063255977,32.910598312315464,32.39232063255977,False,False,False,False,0.9294405788466574,0.8245274631095425,0.8245274631095425,False,both,right,none,none,0,moving_average,4,2.0,peak,14,-1,-1,14,False,0.8400616507191512,False,False,False,False,False,False,False,,,15.74712643678161
frame_000138.jpg,32.978841162497524,32.58177199109772,138,True,0.041529375639977835,0.0,0.0,0.11063675603555288,False,False,False,False,False,0.3753668954884438,0.12,0.18,False,False,True,True,True,32.978841162497524,32.58177199109772,32.978841162497524,32.58177199109772,False,False,False,False,0.9401623408761138,0.8445958525736061,0.8445958525736061,False,both,right,none,none,0,moving_average,4,2.0,peak,14,-1,-1,14,False,0.8413103736719301,False,False,False,False,False,False,False,,,15.862068965517242
frame_000139.jpg,33.024452188999966,32.67817575717915,139,True,0.041529375639977835,0.0,0.0,0.11063675603555288,False,False,False,False,False,0.3753668954884438,0.12,0.18,False,False,True,True,True,33.024452188999966,32.67817575717915,33.024452188999966,32.67817575717915,False,False,False,False,0.9473283746917264,0.8548078053326419,0.8548078053326419,False,both,right,none,none,0,moving_average,4,2.0,peak,14,-1,-1,14,False,0.8522929610924799,False,False,False,False,False,False,False,,,15.977011494252874
frame_000140.jpg,32.929748049367774,32.703356968207544,140,True,0.0075369636609051195,0.0,0.0,0.020078924783970876,False,False,False,False,False,0.3753668954884438,0.12,0.18,False,False,True,True,True,32.929748049367774,32.703356968207544,32.929748049367774,32.703356968207544,False,False,False,False,0.932449229907593,0.8574752253711919,0.8574752253711919,False,both,right,none,none,0,moving_average,4,2.0,peak,14,-1,-1,14,False,0.842594077378867,False,False,False,False,False,False,False,,,16.091954022988507
frame_000141.jpg,32.82746681130355,32.30709125015398,141,True,0.07018575808389164,0.0,0.0,0.1869790834712871,False,False,False,False,False,0.3753668954884438,0.12,0.18,False,False,True,True,True,32.82746681130355,32.30709125015398,32.82746681130355,32.30709125015398,False,False,False,False,0.9163796329948447,0.8154992014327676,0.8154992014327676,False,both,right,none,none,0,moving_average,4,2.0,peak,14,-1,-1,14,False,0.8339980750384659,False,False,False,False,False,False,False,,,16.20689655172414
frame_000142.jpg,32.844722648704995,32.43472956669627,142,True,0.04083212989437799,0.0,0.0,0.10877925140746746,False,False,False,False,False,0.3753668954884438,0.12,0.18,False,False,True,True,True,32.844722648704995,32.43472956669627,32.844722648704995,32.43472956669627,False,False,False,False,0.9190907299338453,0.8290197983114385,0.8290197983114385,False,both,right,none,none,0,moving_average,4,2.0,peak,14,-1,-1,14,False,0.8240325309601101,False,False,False,False,False,False,False,,,16.32183908045977
frame_000143.jpg,32.85658514590846,32.42112417604526,143,True,0.021195408261191328,0.0,0.0,0.056465843194858555,False,False,False,False,False,0.3753668954884438,0.12,0.18,False,False,True,True,True,32.85658514590846,32.42112417604526,32.85658514590846,32.42112417604526,False,False,False,False,0.9209544690911542,0.8275785931361244,0.8275785931361244,False,both,right,none,none,0,moving_average,4,2.0,peak,14,-1,-1,14,False,0.826247636798646,False,False,False,False,False,False,False,,,16.436781609195403
frame_000144.jpg,32.77251265434673,32.369824955492035,144,True,0.021195408261191328,0.0,0.0,0.056465843194858555,False,False,False,False,False,0.3753668954884438,0.12,0.18,False,False,True,True,True,32.77251265434673,32.369824955492035,32.77251265434673,32.369824955492035,False,False,False,False,0.9077456824513287,0.8221445189483754,0.8221445189483754,False,both,right,none,none,0,moving_average,4,2.0,peak,14,-1,-1,14,False,0.8242570659133683,False,False,False,False,False,False,False,,,16.551724137931036
frame_000145.jpg,32.7749357680431,32.37835488463861,145,True,0.008091681901931566,0.0,0.0,0.02155672756224897,False,False,False,False,False,0.3753668954884438,0.12,0.18,False,False,True,True,True,32.7749357680431,32.37835488463861,32.7749357680431,32.37835488463861,False,False,False,False,0.9081263823833146,0.8230480856556052,0.8230480856556052,False,both,right,none,none,0,moving_average,4,2.0,peak,14,-1,-1,14,False,0.8286210879935063,False,False,False,False,False,False,False,,,16.666666666666668
frame_000146.jpg,32.81156925593997,32.54471704032352,146,True,0.008091681901931566,0.0,0.0,0.02155672756224897,False,False,False,False,False,0.3753668954884438,0.12,0.18,False,False,True,True,True,32.81156925593997,32.54471704032352,32.81156925593997,32.54471704032352,False,False,False,False,0.913881938291243,0.8406706593765387,0.8406706593765387,False,both,right,none,none,0,moving_average,4,2.0,peak,14,-1,-1,14,False,0.8385723390433001,False,False,False,False,False,False,False,,,16.7816091954023
frame_000147.jpg,32.84637790285764,32.65165295677408,147,True,0.044340540360230406,0.0,0.0,0.11812586803248208,False,False,False,False,False,0.3753668954884438,0.12,0.18,False,False,True,True,True,32.84637790285764,32.65165295677408,32.84637790285764,32.65165295677408,False,False,False,False,0.919350790014507,0.8519982720977566,0.8519982720977566,False,both,right,none,none,0,moving_average,4,2.0,peak,14,-1,-1,14,False,0.8548175121745288,False,False,False,False,False,False,False,,,16.896551724137932
frame_000148.jpg,32.950818833275896,32.83843218056311,148,True,0.05461862756082907,0.04326030870174707,0.014457242197715766,0.3605025725145589,False,False,False,False,False,0.3753668954884438,0.12,0.18,False,False,True,True,True,32.950818833275896,32.83843218056311,32.950818833275896,32.83843218056311,False,False,False,False,0.9357597002386868,0.8717836050492912,0.8717836050492912,False,both,right,none,none,0,moving_average,4,2.0,peak,14,-1,-1,14,False,0.8689768203743763,False,False,False,False,False,False,False,,,17.011494252873565
frame_000149.jpg,32.95491939026941,32.945720844722786,149,True,0.018350758953971095,0.027338343730491557,0.022751778040005766,0.22781953108742964,False,False,False,False,False,0.3753668954884438,0.12,0.18,False,False,True,True,True,32.95491939026941,32.945720844722786,32.95491939026941,32.945720844722786,False,False,False,False,0.9364039464293924,0.8831485839760813,0.8831485839760813,False,both,right,none,none,0,moving_average,4,2.0,peak,14,-1,-1,14,False,0.8840705581980383,False,False,False,False,False,False,False,,,17.126436781609197
frame_000150.jpg,33.02095076354009,33.07912061299465,150,True,0.02107508956353487,0.031895967034099325,0.02213614585439301,0.26579972528416107,False,False,False,False,False,0.3753668954884438,0.12,0.18,False,False,True,True,True,33.02095076354009,33.07912061299465,33.02095076354009,33.07912061299465,False,False,False,False,0.9467782591786068,0.8972794855687424,0.8972794855687424,False,both,right,none,none,0,moving_average,4,2.0,peak,14,-1,-1,14,False,0.8880987645705716,False,False,False,False,False,False,False,,,17.24137931034483
frame_000151.jpg,33.0789055837766,32.95251445474573,151,True,0.02948486975725948,0.0021253491371488716,0.018370324691621275,0.10205735939789597,False,False,False,False,False,0.3753668954884438,0.12,0.18,False,False,True,True,True,33.0789055837766,32.95251445474573,33.0789055837766,32.95251445474573,False,False,False,False,0.9558836495510498,0.8838682241668913,0.8838682241668913,False,both,right,none,none,0,moving_average,4,2.0,peak,14,-1,-1,14,False,0.8890097523556462,True,False,False,False,False,False,False,7,,17.35632183908046
frame_000152.jpg,33.07054172841537,32.97152080347925,152,True,0.0036821127467691005,0.015037930714529383,2.5473372638702696e-05,0.12531608928774488,False,False,False,False,False,0.3753668954884438,0.12,0.18,False,False,True,True,True,33.07054172841537,32.97152080347925,33.07054172841537,32.97152080347925,False,False,False,False,0.9545695885674788,0.885881547331305,0.885881547331305,False,both,right,none,none,0,moving_average,4,2.0,peak,14,-1,-1,14,False,0.8844266765175547,False,False,False,False,False,False,False,,,17.471264367816094
frame_000153.jpg,33.02882207546931,32.94932395760828,153,True,0.011406381556927145,0.008281481827755057,0.004309490226945781,0.06901234856462549,False,False,False,False,False,0.3753668954884438,0.12,0.18,False,False,True,True,True,33.02882207546931,32.94932395760828,33.02882207546931,32.94932395760828,False,False,False,False,0.9480149357409061,0.8835302580544679,0.8835302580544679,False,both,right,none,none,0,moving_average,4,2.0,peak,14,-1,-1,14,False,0.8676371641601133,False,False,False,False,False,False,False,,,17.586206896551726
frame_000154.jpg,32.83881640180539,32.47702100306601,154,True,0.03531208880001675,0.026623868600219355,0.036639877800908785,0.22186557166849463,False,False,False,False,False,0.3753668954884438,0.12,0.18,False,False,True,True,True,32.83881640180539,32.47702100306601,32.83881640180539,32.47702100306601,False,False,False,False,0.9181627884194472,0.8334996870945668,0.8334996870945668,False,both,right,none,none,0,moving_average,4,2.0,peak,14,-1,-1,14,False,0.8512125380722411,False,False,False,False,False,False,False,,,17.70114942528736
frame_000155.jpg,32.86591898178226,32.506361245250055,155,True,0.010084929377137434,0.0,0.0,0.026866858794285742,False,False,False,False,False,0.3753668954884438,0.12,0.18,False,False,True,True,True,32.86591898178226,32.506361245250055,32.86591898178226,32.506361245250055,False,False,False,False,0.9224209255300906,0.8366076690676889,0.8366076690676889,False,both,right,none,none,0,moving_average,4,2.0,peak,14,-1,-1,14,False,0.8353741032682027,False,False,False,False,False,False,False,,,17.81609195402299
frame_000156.jpg,32.78071841192522,32.500765841455575,156,True,0.019986881997505465,0.0,0.0,0.05324625649658759,False,False,False,False,False,0.3753668954884438,0.12,0.18,False,False,True,True,True,32.78071841192522,32.500765841455575,32.78071841192522,32.500765841455575,False,False,False,False,0.9090349043960937,0.8360149536423528,0.8360149536423528,False,both,right,none,none,0,moving_average,4,2.0,peak,14,-1,-1,14,False,0.8323760406601427,False,False,False,False,False,False,False,,,17.931034482758623
frame_000157.jpg,32.758323594737476,32.39211328761193,157,True,0.048226710489013905,0.0,0.0,0.12847885913396598,False,False,False,False,False,0.3753668954884438,0.12,0.18,False,False,True,True,True,32.758323594737476,32.39211328761193,32.758323594737476,32.39211328761193,False,False,False,False,0.9055164127161652,0.8245054992703866,0.8245054992703866,False,both,right,none,none,0,moving_average,4,2.0,peak,14,-1,-1,14,False,0.830126325092543,False,False,False,False,False,False,False,,,18.045977011494255
frame_000158.jpg,32.79960504729326,32.44264736257368,158,True,0.04375258805813002,0.0,0.0,0.11655952771540291,False,False,False,False,False,0.3753668954884438,0.12,0.18,False,False,True,True,True,32.79960504729326,32.44264736257368,32.79960504729326,32.44264736257368,False,False,False,False,0.9120022190585533,0.82985852236489,0.82985852236489,False,both,right,none,none,0,moving_average,4,2.0,peak,14,-1,-1,14,False,0.8172469699692922,False,False,False,False,False,False,False,,,18.160919540229887
frame_000159.jpg,32.659412150744124,32.136011410678485,159,True,0.09192431957594369,0.0,0.0,0.2448919195613341,False,False,False,False,False,0.3753668954884438,0.12,0.18,False,False,True,True,True,32.659412150744124,32.136011410678485,32.659412150744124,32.136011410678485,False,False,False,False,0.8899762504624289,0.7973768882726003,0.7973768882726003,False,both,right,none,none,0,moving_average,4,2.0,peak,14,-1,-1,14,False,0.8084014680501268,False,False,False,False,False,False,False,,,18.27586206896552
frame_000160.jpg,32.81258372775128,32.14160105415093,160,True,0.08340754263071992,0.04757407528745454,0.05922149714064136,0.3964506273954545,False,False,False,False,False,0.3753668954884438,0.12,0.18,False,False,True,True,True,32.81258372775128,32.14160105415093,32.81258372775128,32.14160105415093,False,False,False,False,0.9140413238578985,0.7979689935128901,0.7979689935128901,False,both,right,none,none,0,moving_average,4,2.0,peak,14,-1,-1,14,False,0.8098897001748804,False,False,False,False,False,False,False,,,18.390804597701152
frame_000161.jpg,33.01796077946501,32.48479537824169,161,True,0.11812723185741437,0.008316874871064544,0.04243322169743391,0.31469805482900154,False,False,False,False,False,0.3753668954884438,0.12,0.18,False,False,True,True,True,33.01796077946501,32.48479537824169,33.01796077946501,32.48479537824169,False,False,False,False,0.9463084971795196,0.8343232187391507,0.8343232187391507,False,both,right,none,none,0,moving_average,4,2.0,peak,14,-1,-1,14,False,0.8382059101961242,False,False,False,False,False,False,False,,,18.505747126436784
frame_000162.jpg,33.22676340392843,32.937950868766535,162,True,0.10137993599688945,0.05356590220870733,0.018767236530185832,0.44638251840589444,False,False,False,False,False,0.3753668954884438,0.12,0.18,False,False,True,True,True,33.22676340392843,32.937950868766535,33.22676340392843,32.937950868766535,False,False,False,False,0.9791138686528719,0.8823255183363318,0.8823255183363318,False,both,right,none,none,0,moving_average,4,2.0,peak,14,-1,-1,14,False,0.8573723369304475,False,False,False,False,False,False,False,,,18.620689655172416
frame_000163.jpg,33.19953317538169,32.68441076834913,163,True,0.07870457580433732,0.047182377037474986,0.026950050958580045,0.39318647531229156,False,False,False,False,False,0.3753668954884438,0.12,0.18,False,False,True,True,True,33.19953317538169,32.68441076834913,33.19953317538169,32.68441076834913,False,False,False,False,0.9748356764362954,0.85546827371586,0.85546827371586,False,both,right,none,none,0,moving_average,4,2.0,peak,14,-1,-1,14,False,0.8669229068992168,False,False,False,False,False,False,False,,,18.73563218390805
frame_000164.jpg,33.2192122348456,32.75527574618079,164,True,0.12970938901409781,0.026797162339799997,0.026613496747664143,0.34555361853451216,False,False,False,False,False,0.3753668954884438,0.12,0.18,False,False,True,True,True,33.2192122348456,32.75527574618079,33.2192122348456,32.75527574618079,False,False,False,False,0.9779274903328822,0.8629749286454587,0.8629749286454587,False,both,right,none,none,0,moving_average,4,2.0,peak,14,-1,-1,14,False,0.8686467004871044,False,False,False,False,False,False,False,,,18.85057471264368
frame_000165.jpg,33.25949057275835,32.98677018797236,165,True,0.2031422349490604,0.00792379402053179,0.0015879694191696869,0.541183139458057,False,False,False,False,False,0.3753668954884438,0.12,0.18,False,False,True,True,True,33.25949057275835,32.98677018797236,33.25949057275835,32.98677018797236,False,False,False,False,0.9842556954545976,0.887496899099995,0.887496899099995,False,both,right,none,none,0,moving_average,4,2.0,peak,14,-1,-1,14,False,0.8826679630703078,False,False,False,False,False,False,False,,,18.965517241379313
frame_000166.jpg,33.18367994316535,33.08150500197886,166,True,0.1851924066099951,0.016339326147801772,0.004644879550106612,0.4933637165019964,False,False,False,False,False,0.3753668954884438,0.12,0.18,False,False,True,True,True,33.18367994316535,33.08150500197886,33.18367994316535,33.08150500197886,False,False,False,False,0.9723449454253864,0.8975320614654699,0.8975320614654699,False,both,right,none,none,0,moving_average,4,2.0,peak,14,-1,-1,14,False,0.894928421782289,True,False,False,False,False,False,False,8,,19.080459770114945
frame_000167.jpg,33.204194758894864,33.1025024975017,167,True,0.11384437919052875,0.039552842343997884,0.007159626644668549,0.3296070195333157,False,False,False,False,False,0.3753668954884438,0.12,0.18,False,False,True,True,True,33.204194758894864,33.1025024975017,33.204194758894864,33.1025024975017,False,False,False,False,0.9755680665544598,0.8997563047814022,0.8997563047814022,False,both,right,none,none,0,moving_average,4,2.0,peak,14,-1,-1,14,False,0.8926329202104294,False,False,False,False,False,False,False,,,19.195402298850578
frame_000168.jpg,33.147970417855994,32.92175960621738,168,True,0.018004132412472618,0.00915517661160904,0.002888090999109399,0.07629313843007533,False,False,False,False,False,0.3753668954884438,0.12,0.18,False,False,True,True,True,33.147970417855994,32.92175960621738,33.147970417855994,32.92175960621738,False,False,False,False,0.9667345550104146,0.8806103943844161,0.8806103943844161,False,both,right,none,none,0,moving_average,4,2.0,peak,14,-1,-1,14,False,0.8775468927681982,False,False,False,False,False,False,False,,,19.31034482758621
frame_000169.jpg,33.11284482670967,32.65425571040178,169,True,0.018463862134983848,0.007403154094859653,0.01712121512148147,0.09511786178600817,False,False,False,False,False,0.3753668954884438,0.12,0.18,False,False,True,True,True,33.11284482670967,32.65425571040178,33.11284482670967,32.65425571040178,False,False,False,False,0.9612159075856637,0.8522739791387762,0.8522739791387762,False,both,right,none,none,0,moving_average,4,2.0,peak,14,-1,-1,14,False,0.8611529988816693,False,False,False,False,False,False,False,,,19.425287356321842
frame_000170.jpg,33.069573554381314,32.63821330168585,170,True,0.04255561211525017,0.00760992580943319,0.0002122022894367956,0.11337071176688329,False,False,False,False,False,0.3753668954884438,0.12,0.18,False,False,True,True,True,33.069573554381314,32.63821330168585,33.069573554381314,32.63821330168585,False,False,False,False,0.9544174769313358,0.8505746231218153,0.8505746231218153,False,both,right,none,none,0,moving_average,4,2.0,peak,14,-1,-1,14,False,0.8463811170655164,False,False,False,False,False,False,False,,,19.540229885057474
frame_000171.jpg,33.01957278951825,32.50340718936149,171,True,0.038830808706609835,0.018353320173145872,0.004183386530755399,0.1529443347762156,False,False,False,False,False,0.3753668954884438,0.12,0.18,False,False,True,True,True,33.01957278951825,32.50340718936149,33.01957278951825,32.50340718936149,False,False,False,False,0.9465617630987163,0.8362947489359578,0.8362947489359578,False,both,right,none,none,0,moving_average,4,2.0,peak,14,-1,-1,14,False,0.8411568808807584,False,False,False,False,False,False,False,,,19.655172413793107
frame_000172.jpg,33.02002014573674,32.50630084173165,172,True,0.062016833464820696,0.05100709871203272,0.01822609494999296,0.425059155933606,False,False,False,False,False,0.3753668954884438,0.12,0.18,False,False,True,True,True,33.02002014573674,32.50630084173165,33.02002014573674,32.50630084173165,False,False,False,False,0.9466320480722222,0.8366012705845021,0.8366012705845021,False,both,right,none,none,0,moving_average,4,2.0,peak,14,-1,-1,14,False,0.8351293278963969,False,False,False,False,False,False,False,,,19.77011494252874
frame_000173.jpg,33.0266472340733,32.46750780931066,173,True,0.015578693618531533,0.016248079790849676,0.0032468430745100953,0.1354006649237473,False,False,False,False,False,0.3753668954884438,0.12,0.18,False,False,True,True,True,33.0266472340733,32.46750780931066,33.0266472340733,32.46750780931066,False,False,False,False,0.9476732423351124,0.8324919641687312,0.8324919641687312,False,both,right,none,none,0,moving_average,4,2.0,peak,14,-1,-1,14,False,0.8359297560482998,False,False,False,False,False,False,False,,,19.885057471264368
frame_000174.jpg,33.009849401993165,32.52607600407553,174,True,0.020110495597174243,0.037011411140737645,0.005159384394567776,0.30842842617281374,False,False,False,False,False,0.3753668954884438,0.12,0.18,False,False,True,True,True,33.009849401993165,32.52607600407553,33.009849401993165,32.52607600407553,False,False,False,False,0.9450341034701102,0.8386960333916662,0.8386960333916662,False,both,right,none,none,0,moving_average,4,2.0,peak,14,-1,-1,14,False,0.844316489229666,False,False,False,False,False,False,False,,,20.0
frame_000175.jpg,33.037707670977845,32.74382034937579,175,True,0.025678132046931996,0.036744621720151485,0.0013669099870876104,0.30620518100126237,False,False,False,False,False,0.3753668954884438,0.12,0.18,False,False,True,True,True,33.037707670977845,32.74382034937579,33.037707670977845,32.74382034937579,False,False,False,False,0.949410968296381,0.8617614701286005,0.8617614701286005,False,both,right,none,none,0,moving_average,4,2.0,peak,14,-1,-1,14,False,0.8673915835876367,False,False,False,False,False,False,False,,,20.114942528735632
frame_000176.jpg,33.27431691739548,33.12101435735783,176,True,0.018242285038429385,0.042693511967667346,0.00295826048466641,0.3557792663972279,False,False,False,False,False,0.3753668954884438,0.12,0.18,False,False,True,True,True,33.27431691739548,33.12101435735783,33.27431691739548,33.12101435735783,False,False,False,False,0.9865850902342985,0.9017172472426436,0.9017172472426436,False,both,right,none,none,0,moving_average,4,2.0,peak,14,-1,-1,14,False,0.8887624333726862,False,False,False,False,False,False,False,,,20.229885057471265
frame_000177.jpg,33.24919005942398,33.13131687785935,177,True,0.007961201772181365,0.0016462150874668082,0.00012719186986298158,0.02120912064400858,False,False,False,False,False,0.3753668954884438,0.12,0.18,False,False,True,True,True,33.24919005942398,33.13131687785935,33.24919005942398,33.13131687785935,False,False,False,False,0.9826373625089815,0.902808582746815,0.902808582746815,False,both,right,none,none,0,moving_average,4,2.0,peak,14,-1,-1,14,False,0.9021190834581789,False,False,False,False,False,False,False,,,20.344827586206897
frame_000178.jpg,33.214536155683355,33.12209218460359,178,True,0.011420429885337004,0.021305389677258004,0.003915787382358459,0.17754491397715005,False,False,False,False,False,0.3753668954884438,0.12,0.18,False,False,True,True,True,33.214536155683355,33.12209218460359,33.214536155683355,33.12209218460359,False,False,False,False,0.9771928227761384,0.9018314203850786,0.9018314203850786,False,both,right,none,none,0,moving_average,4,2.0,peak,14,-1,-1,14,False,0.9031184946895114,False,False,False,False,False,False,False,,,20.45977011494253
frame_000179.jpg,33.1833493688116,33.14931854427623,179,True,0.0055858347908594366,0.0010766053674326872,0.0026152120364209327,0.014881000050872638,False,False,False,False,False,0.3753668954884438,0.12,0.18,False,False,True,True,True,33.1833493688116,33.14931854427623,33.1833493688116,33.14931854427623,False,False,False,False,0.9722930082694128,0.904715480936641,0.904715480936641,False,both,right,none,none,0,moving_average,4,2.0,peak,14,-1,-1,14,False,0.904947932160098,False,False,False,False,False,False,False,,,20.57471264367816
frame_000180.jpg,33.179936826029895,33.18312812282001,180,True,0.002299558834274528,0.01230080413133931,0.0020712249795574985,0.10250670109449425,False,False,False,False,False,0.3753668954884438,0.12,0.18,False,False,True,True,True,33.179936826029895,33.18312812282001,33.179936826029895,33.18312812282001,False,False,False,False,0.9717568572803619,0.9082968951585747,0.9082968951585747,False,both,right,none,none,0,moving_average,4,2.0,peak,14,-1,-1,14,False,0.9057041549750338,False,False,False,False,False,False,False,,,20.689655172413794
frame_000181.jpg,33.14020667005583,33.14350906609827,181,True,0.010562741573004866,0.01841728878957501,0.0024814893663705805,0.15347740657979175,False,False,False,False,False,0.3753668954884438,0.12,0.18,False,False,True,True,True,33.14020667005583,33.14350906609827,33.14020667005583,33.14350906609827,False,False,False,False,0.9655147780499275,0.904100088829886,0.904100088829886,False,both,right,none,none,0,moving_average,4,2.0,peak,14,-1,-1,14,False,0.9058471105432176,True,False,False,False,False,False,False,9,,20.804597701149426
frame_000182.jpg,33.158228508972506,33.15336716910257,182,True,0.013222912013845779,0.005473104804802323,0.0047997564023534315,0.04560920670668603,False,False,False,False,False,0.3753668954884438,0.12,0.18,False,False,True,True,True,33.158228508972506,33.15336716910257,33.158228508972506,33.15336716910257,False,False,False,False,0.9683462229219145,0.9051443476411927,0.9051443476411927,False,both,right,none,none,0,moving_average,4,2.0,peak,14,-1,-1,14,False,0.8957568601719206,False,False,False,False,False,False,False,,,20.919540229885058
frame_000183.jpg,33.16429557858316,32.897363541025335,183,True,0.1622987880079982,0.005020132589400566,0.009911461523464353,0.4323737387571377,False,False,False,False,False,0.3753668954884438,0.12,0.18,False,False,True,True,True,33.16429557858316,32.897363541025335,33.16429557858316,32.897363541025335,False,False,False,False,0.9692994315937096,0.8780261440446829,0.8780261440446829,False,both,right,none,none,0,moving_average,4,2.0,peak,14,-1,-1,14,False,0.8765243703803117,False,False,False,False,False,False,False,,,21.03448275862069
frame_000184.jpg,33.10165497279171,32.598828389214056,184,True,0.1782235233762667,0.055521987944412994,0.010620680578264322,0.4747981921643742,False,False,False,False,False,0.3753668954884438,0.12,0.18,False,False,True,True,True,33.10165497279171,32.598828389214056,33.10165497279171,32.598828389214056,False,False,False,False,0.9594578486749837,0.84640261945506,0.84640261945506,False,both,right,none,none,0,moving_average,4,2.0,peak,14,-1,-1,14,False,0.8556291091182572,False,False,False,False,False,False,False,,,21.149425287356323
frame_000185.jpg,32.97431816065874,32.56159537194014,185,True,0.17720978198664294,0.051723582370906525,0.014191180704448383,0.4720975240931937,False,False,False,False,False,0.3753668954884438,0.12,0.18,False,False,True,True,True,32.97431816065874,32.56159537194014,32.97431816065874,32.56159537194014,False,False,False,False,0.9394517235844142,0.8424585638550289,0.8424585638550289,False,both,right,none,none,0,moving_average,4,2.0,peak,14,-1,-1,14,False,0.8382639995936594,False,False,False,False,False,False,False,,,21.264367816091955
frame_000186.jpg,32.7874924227864,32.4055686817787,186,True,0.17695646572976192,0.010841689270081832,0.0017559664235671027,0.4714226743397242,False,False,False,False,False,0.3753668954884438,0.12,0.18,False,False,True,True,True,32.7874924227864,32.4055686817787,32.7874924227864,32.4055686817787,False,False,False,False,0.9100991819320517,0.8259308154708892,0.8259308154708892,False,both,right,none,none,0,moving_average,4,2.0,peak,14,-1,-1,14,False,0.8318659638007161,False,False,False,False,False,False,False,,,21.379310344827587
frame_000187.jpg,32.76606083768398,32.4176305045829,187,True,0.09871896802755123,0.06947826915399605,0.04491918452344014,0.5789855762833004,False,False,False,False,False,0.3753668954884438,0.12,0.18,False,False,True,True,True,32.76606083768398,32.4176305045829,32.76606083768398,32.4176305045829,False,False,False,False,0.9067320254494434,0.8272085120762304,0.8272085120762304,False,both,right,none,none,0,moving_average,4,2.0,peak,14,-1,-1,14,False,0.8261365369262297,False,False,False,False,False,False,False,,,21.49425287356322
frame_000188.jpg,32.712448171256945,32.39933306778879,188,True,0.17410380281830012,0.06947826915399617,0.04491918452344014,0.5789855762833015,False,False,False,False,False,0.3753668954884438,0.12,0.18,False,False,True,True,True,32.712448171256945,32.39933306778879,32.712448171256945,32.39933306778879,False,False,False,False,0.898308838996038,0.8252702832315698,0.8252702832315698,False,both,right,none,none,0,moving_average,4,2.0,peak,14,-1,-1,14,False,0.8399195654564017,False,False,False,False,False,False,False,,,21.60919540229885
frame_000189.jpg,32.8517994711187,32.79591592182268,189,True,0.09277509898320528,0.0,0.0,0.24715844710408535,False,False,False,False,False,0.3753668954884438,0.12,0.18,False,False,True,True,True,32.8517994711187,32.79591592182268,32.8517994711187,32.79591592182268,False,False,False,False,0.9202025827600694,0.867279901061405,0.867279901061405,False,both,right,none,none,0,moving_average,4,2.0,peak,14,-1,-1,14,False,0.8532766951181265,False,False,False,False,False,False,False,,,21.724137931034484
frame_000190.jpg,32.8517994711187,32.79591592182268,190,True,0.0,0.0,0.0,0.0,False,False,False,False,True,0.3753668954884438,0.12,0.18,False,False,True,True,True,32.8517994711187,32.79591592182268,32.8517994711187,32.79591592182268,False,False,True,True,0.9202025827600694,0.867279901061405,0.867279901061405,False,both,right,none,none,0,moving_average,4,2.0,peak,14,-1,-1,14,False,0.8617406398989583,False,False,False,False,False,False,False,,,21.839080459770116
frame_000191.jpg,32.8472468031672,32.63903927443633,191,True,7.436386637538865,0.33457345785511267,0.030788278389269022,19.8109815407731,True,True,False,True,True,0.3753668954884438,0.12,0.18,False,False,True,True,True,32.8472468031672,32.63903927443633,32.8472468031672,32.63903927443633,False,False,True,True,0.9194873045698282,0.8506621175740651,0.8506621175740651,False,both,right,none,none,0,moving_average,4,2.0,peak,14,-1,-1,14,False,0.782272570334557,False,False,False,False,False,False,False,,,21.95402298850575
frame_000192.jpg,32.615293502490886,30.545311741603367,192,True,0.6793818633704423,0.4655397345215647,0.04329632918720321,3.879497787679706,True,True,False,True,True,0.3753668954884438,0.12,0.18,False,False,True,True,True,32.615293502490886,30.545311741603367,32.615293502490886,30.545311741603367,False,False,True,True,0.8830446869891776,0.628875692368201,0.628875692368201,False,both,right,none,none,0,moving_average,4,2.0,peak,14,-1,-1,14,False,0.7908064892440595,False,False,False,False,False,False,False,,,22.06896551724138
frame_000193.jpg,32.46200203194393,33.03760385606669,193,True,6.812571062797651,0.35523022326744347,0.01337217799993452,18.14909930704687,True,True,False,True,True,0.3753668954884438,0.12,0.18,False,False,True,True,True,32.46200203194393,33.03760385606669,32.46200203194393,33.03760385606669,False,False,True,True,0.8589607768950774,0.8928816577899126,0.8928816577899126,False,both,right,none,none,0,moving_average,4,2.0,peak,14,-1,-1,14,False,0.8038438721111296,False,False,False,False,False,False,False,,,22.183908045977013
frame_000194.jpg,,33.00826918703624,194,True,0.6402844985765204,0.9448416181137741,0.30194910859604635,7.873680150948117,True,True,True,True,True,0.3753668954884438,0.12,0.18,True,False,False,True,True,,33.00826918703624,32.229463818371734,33.00826918703624,True,False,False,True,0.8224262625536545,0.8897742661752754,0.8897742661752754,False,right_only,right,none,none,0,moving_average,4,2.0,peak,14,-1,-1,14,False,0.8883528001113861,True,False,False,False,False,False,False,10,,22.298850574712645
frame_000195.jpg,,,195,False,,,,0.0,False,False,False,False,True,0.3753668954884438,0.12,0.18,True,True,False,False,False,,,31.99692560479954,32.938677374690684,True,True,False,False,0.7858917482122322,0.8824024763689703,0.8824024763689703,False,missing,right,none,none,0,moving_average,4,2.0,peak,14,-1,-1,14,False,0.8824024763689701,False,False,False,False,False,False,False,,,22.413793103448278
frame_000196.jpg,,,196,False,,,,0.0,False,False,False,False,False,0.3753668954884438,0.12,0.18,True,True,False,False,False,,,31.764387391227345,32.86908556234512,True,True,False,False,0.7493572338708099,0.8750306865626645,0.8750306865626645,False,missing,right,none,none,0,moving_average,4,2.0,peak,14,-1,-1,14,False,0.8750306865626647,False,False,False,False,False,False,False,,,22.52873563218391
frame_000197.jpg,,,197,False,,,,0.0,False,False,False,False,False,0.3753668954884438,0.12,0.18,True,True,False,False,False,,,31.531849177655147,32.79949374999956,True,True,False,False,0.7128227195293869,0.8676588967563593,0.8676588967563593,False,missing,right,none,none,0,moving_average,4,2.0,peak,14,-1,-1,14,False,0.867658896756359,False,False,False,False,False,False,False,,,22.643678160919542
frame_000198.jpg,,,198,False,,,,0.0,False,False,False,False,False,0.3753668954884438,0.12,0.18,True,True,False,False,False,,,31.299310964082952,32.729901937654,True,True,False,False,0.6762882051879646,0.8602871069500534,0.8602871069500534,False,missing,right,none,none,0,moving_average,4,2.0,peak,14,-1,-1,14,False,0.8602871069500536,False,False,False,False,False,False,False,,,22.758620689655174
frame_000199.jpg,,,199,False,,,,0.0,False,False,False,False,False,0.3753668954884438,0.12,0.18,True,True,False,False,False,,,31.066772750510758,32.66031012530844,True,True,False,False,0.6397536908465422,0.8529153171437484,0.8529153171437484,False,missing,right,none,none,0,moving_average,4,2.0,peak,14,-1,-1,14,False,0.852915317143748,False,False,False,False,False,False,False,,,22.873563218390807
frame_000200.jpg,,,200,False,,,,0.0,False,False,False,False,False,0.3753668954884438,0.12,0.18,True,True,False,False,False,,,30.83423453693856,32.59071831296288,True,True,False,False,0.6032191765051194,0.8455435273374424,0.8455435273374424,False,missing,right,none,none,0,moving_average,4,2.0,peak,14,-1,-1,14,False,0.8455435273374425,False,False,False,False,False,False,False,,,22.98850574712644
frame_000201.jpg,30.601696323366365,32.52112650061732,201,True,,,,0.0,False,False,False,False,True,0.3753668954884438,0.12,0.18,False,False,True,True,True,30.601696323366365,32.52112650061732,30.601696323366365,32.52112650061732,False,False,True,True,0.566684662163697,0.8381717375311373,0.8381717375311373,False,both,right,none,none,0,moving_average,4,2.0,peak,14,-1,-1,14,False,0.8325552458000942,False,False,False,False,False,False,False,,,23.10344827586207
frame_000202.jpg,32.18797959434434,32.292470804659885,202,True,0.8234939954941775,0.0,0.0,2.1938375637058005,True,False,False,True,True,0.3753668954884438,0.12,0.18,False,False,True,True,True,32.18797959434434,32.292470804659885,32.18797959434434,32.292470804659885,False,False,True,True,0.8159085984055165,0.8139504725317032,0.8139504725317032,False,both,right,none,none,0,moving_average,4,2.0,peak,14,-1,-1,14,False,0.8368234040186238,False,False,False,False,False,False,False,,,23.218390804597703
frame_000203.jpg,32.79850386290962,32.711596230107645,203,True,0.5656282359602556,0.021271991530424427,0.0026734944953932136,1.5068676613696457,True,False,False,True,True,0.3753668954884438,0.12,0.18,False,False,True,True,True,32.79850386290962,32.711596230107645,32.79850386290962,32.711596230107645,False,False,True,True,0.9118292099172223,0.8583480019930314,0.8583480019930314,False,both,right,none,none,0,moving_average,4,2.0,peak,14,-1,-1,14,False,0.8578600298608079,False,False,False,False,False,False,False,,,23.333333333333336
frame_000204.jpg,33.18979405229451,33.11690186445399,204,True,0.3115144571061517,0.010176538862861854,0.002620882364251521,0.8298932613671098,False,False,False,False,True,0.3753668954884438,0.12,0.18,False,False,True,True,True,33.18979405229451,33.11690186445399,33.18979405229451,33.11690186445399,False,False,True,True,0.9733055445640517,0.9012816150576896,0.9012816150576896,False,both,right,none,none,0,moving_average,4,2.0,peak,14,-1,-1,14,False,0.8838340801927482,False,False,False,False,False,False,False,,,23.448275862068968
frame_000205.jpg,33.18449284990235,33.028078282917775,205,True,0.12756969428488452,0.03672614436945367,0.0011019989345089527,0.33985334300427655,False,False,False,False,False,0.3753668954884438,0.12,0.18,False,False,True,True,True,33.18449284990235,33.028078282917775,33.18449284990235,33.028078282917775,False,False,False,False,0.9724726627256305,0.8918726235275242,0.8918726235275242,False,both,right,none,none,0,moving_average,4,2.0,peak,14,-1,-1,14,False,0.9045190973582171,False,False,False,False,False,False,False,,,23.5632183908046
frame_000206.jpg,33.21934371138123,33.29741373336013,206,True,0.1966057477156608,0.0634733253067475,0.010130963316307535,0.5289443775562291,False,False,False,False,False,0.3753668954884438,0.12,0.18,False,False,True,True,True,33.21934371138123,33.29741373336013,33.21934371138123,33.29741373336013,False,False,False,False,0.9779481468576859,0.9204030534894379,0.9204030534894379,False,both,right,none,none,0,moving_average,4,2.0,peak,14,-1,-1,14,False,0.9028302230174231,False,False,False,False,False,False,False,,,23.678160919540232
frame_000207.jpg,33.177567662528176,33.0690714884037,207,True,0.1327645611706931,0.06097763434973696,0.006658288018749634,0.5081469529144746,False,False,False,False,False,0.3753668954884438,0.12,0.18,False,False,True,True,True,33.177567662528176,33.0690714884037,33.177567662528176,33.0690714884037,False,False,False,False,0.9713846335645216,0.8962149920353075,0.8962149920353075,False,both,right,none,none,0,moving_average,4,2.0,peak,14,-1,-1,14,False,0.9064006390516988,True,False,False,False,False,False,False,11,,23.793103448275865
frame_000208.jpg,33.17692616991291,33.129195540401305,208,True,0.17571948277844351,0.048302221828552414,0.0003837086190235338,0.468127277313013,False,False,False,False,False,0.3753668954884438,0.12,0.18,False,False,True,True,True,33.17692616991291,33.129195540401305,33.17692616991291,33.129195540401305,False,False,False,False,0.9712838474580476,0.9025838716303509,0.9025838716303509,False,both,right,none,none,0,moving_average,4,2.0,peak,14,-1,-1,14,False,0.8992211469925964,False,False,False,False,False,False,False,,,23.908045977011497
frame_000209.jpg,33.21520553517187,33.09408433416071,209,True,0.14984801879893284,0.0448099475038504,0.0012451599086702216,0.3992041402690667,False,False,False,False,False,0.3753668954884438,0.12,0.18,False,False,True,True,True,33.21520553517187,33.09408433416071,33.21520553517187,33.09408433416071,False,False,False,False,0.977297990241508,0.8988645773121307,0.8988645773121307,False,both,right,none,none,0,moving_average,4,2.0,peak,14,-1,-1,14,False,0.8914420580466501,False,False,False,False,False,False,False,,,24.02298850574713
frame_000210.jpg,33.05324023749303,32.84876098890357,210,True,0.09499015180206316,0.02813101551143806,0.004394095989821854,0.2530594811203524,False,False,False,False,False,0.3753668954884438,0.12,0.18,False,False,True,True,True,33.05324023749303,32.84876098890357,33.05324023749303,32.84876098890357,False,False,False,False,0.9518513189182881,0.8728777251974691,0.8728777251974691,False,both,right,none,none,0,moving_average,4,2.0,peak,14,-1,-1,14,False,0.8859148655211033,False,False,False,False,False,False,False,,,24.13793103448276
frame_000211.jpg,32.89016064833053,32.97266068720732,211,True,0.051462542233332506,0.029712483397631287,0.008943057804127455,0.24760402831359407,False,False,False,False,False,0.3753668954884438,0.12,0.18,False,False,True,True,True,32.89016064833053,32.97266068720732,32.89016064833053,32.97266068720732,False,False,False,False,0.9262295791727007,0.8860022940537103,0.8860022940537103,False,both,right,none,none,0,moving_average,4,2.0,peak,14,-1,-1,14,False,0.8740485893555572,False,False,False,False,False,False,False,,,24.252873563218394
frame_000212.jpg,32.807605149627044,32.758021172085634,212,True,0.03731558365418454,0.02148393037273938,0.0017275857540654405,0.1790327531061615,False,False,False,False,True,0.3753668954884438,0.12,0.18,False,False,True,True,True,32.807605149627044,32.758021172085634,32.807605149627044,32.758021172085634,False,False,True,True,0.9132591301225734,0.8632657488154922,0.8632657488154922,False,both,right,none,none,0,moving_average,4,2.0,peak,14,-1,-1,14,False,0.8407446504563527,False,False,False,False,False,False,False,,,24.367816091954026
frame_000213.jpg,32.87755138588679,31.905564752790458,213,True,0.04911325838592519,0.139312568336216,0.018735382541276942,1.1609380694684668,False,True,False,True,True,0.3753668954884438,0.12,0.18,False,False,True,True,True,32.87755138588679,31.905564752790458,32.87755138588679,31.905564752790458,False,False,True,True,0.924248514329599,0.7729659084998555,0.7729659084998555,False,both,right,none,none,0,moving_average,4,2.0,peak,14,-1,-1,14,False,0.793017788609421,False,False,False,False,False,False,False,,,24.48275862068966
frame_000214.jpg,32.817625380850004,31.620994849969325,214,True,0.018179078182255077,0.0,0.0,0.04843015833508617,False,False,False,False,True,0.3753668954884438,0.12,0.18,False,False,True,True,True,32.817625380850004,31.620994849969325,32.817625380850004,31.620994849969325,False,False,True,True,0.9148334274206213,0.7428217085129155,0.7428217085129155,False,both,right,none,none,0,moving_average,4,2.0,peak,14,-1,-1,14,False,0.762162254060327,False,False,False,False,False,False,False,,,24.59770114942529
frame_000215.jpg,32.90905623255725,31.88416585611102,215,True,0.018097663602834654,0.0,0.0,0.048213264995798796,False,False,False,False,False,0.3753668954884438,0.12,0.18,False,False,True,True,True,32.90905623255725,31.88416585611102,32.90905623255725,31.88416585611102,False,False,False,False,0.9291982998071107,0.7706991451682103,0.7706991451682103,False,both,right,none,none,0,moving_average,4,2.0,peak,14,-1,-1,14,False,0.757927935897496,False,False,False,False,False,False,False,,,24.712643678160923
frame_000216.jpg,32.92737484977252,31.78564521517135,216,True,0.006830962918035407,0.0,0.0,0.01819809631626321,False,False,False,False,False,0.3753668954884438,0.12,0.18,False,False,True,True,True,32.92737484977252,31.78564521517135,32.92737484977252,31.78564521517135,False,False,False,False,0.9320763720735366,0.7602629540113623,0.7602629540113623,False,both,right,none,none,0,moving_average,4,2.0,peak,14,-1,-1,14,False,0.7947364588128232,False,False,False,False,False,False,False,,,24.827586206896555
frame_000217.jpg,32.954546944067836,32.66344392410719,217,True,0.05996794079640118,0.06223164937995085,0.02295937350976577,0.5185970781662571,False,False,False,False,False,0.3753668954884438,0.12,0.18,False,False,True,True,True,32.954546944067836,32.66344392410719,32.954546944067836,32.66344392410719,False,False,False,False,0.9363454307089704,0.8532472772588969,0.8532472772588969,False,both,right,none,none,0,moving_average,4,2.0,peak,14,-1,-1,14,False,0.8250556094738102,False,False,False,False,False,False,False,,,24.942528735632187
frame_000218.jpg,33.05922583292018,32.74283031835793,218,True,0.09062525167808873,0.02265845242153622,0.06867320703666349,0.38151781687035274,False,False,False,False,False,0.3753668954884438,0.12,0.18,False,False,True,True,True,33.05922583292018,32.74283031835793,33.05922583292018,32.74283031835793,False,False,False,False,0.9527917270284898,0.8616565971511715,0.8616565971511715,False,both,right,none,none,0,moving_average,4,2.0,peak,14,-1,-1,14,False,0.8752587000927513,False,False,False,False,False,False,False,,,25.05747126436782
frame_000219.jpg,33.182162741810345,33.20743998414271,219,True,0.04708083749803974,0.016672132912534887,0.044205136278752624,0.24558409043751459,False,False,False,False,False,0.3753668954884438,0.12,0.18,False,False,True,True,True,33.182162741810345,33.20743998414271,33.182162741810345,33.20743998414271,False,False,False,False,0.972106575078372,0.9108722258681856,0.9108722258681856,False,both,right,none,none,0,moving_average,4,2.0,peak,14,-1,-1,14,False,0.8944670162958475,False,False,False,False,False,False,False,,,25.172413793103452
frame_000220.jpg,33.182162741810345,33.20743998414271,220,True,0.0,0.0,0.0,0.0,False,False,False,False,False,0.3753668954884438,0.12,0.18,False,False,True,True,True,33.182162741810345,33.20743998414271,33.182162741810345,33.20743998414271,False,False,False,False,0.972106575078372,0.9108722258681856,0.9108722258681856,False,both,right,none,none,0,moving_average,4,2.0,peak,14,-1,-1,14,False,0.9100962180845598,True,False,False,False,False,False,False,12,,25.287356321839084
frame_000221.jpg,33.230572570175724,33.18546277529286,221,True,0.04455538493753498,0.037762613396954844,0.010391966231297355,0.3146884449746237,False,False,False,False,False,0.3753668954884438,0.12,0.18,False,False,True,True,True,33.230572570175724,33.18546277529286,33.230572570175724,33.18546277529286,False,False,False,False,0.9797123338975848,0.9085442025173082,0.9085442025173082,False,both,right,none,none,0,moving_average,4,2.0,peak,14,-1,-1,14,False,0.9078429414022692,False,False,False,False,False,False,False,,,25.402298850574716
frame_000222.jpg,33.26131126350192,33.14362524763091,222,True,0.011749411484608448,0.0017341051309427812,0.00023199325529398148,0.03130113930084218,False,False,False,False,False,0.3753668954884438,0.12,0.18,False,False,True,True,True,33.26131126350192,33.14362524763091,33.26131126350192,33.14362524763091,False,False,False,False,0.9845417475879673,0.9041123958213141,0.9041123958213141,False,both,right,none,none,0,moving_average,4,2.0,peak,14,-1,-1,14,False,0.904591456545139,False,False,False,False,False,False,False,,,25.517241379310345
frame_000223.jpg,33.30418305237137,33.11535513230864,223,True,0.01672742259850899,0.012165356654399228,0.005272599731064648,0.10137797211999357,False,False,False,False,False,0.3753668954884438,0.12,0.18,False,False,True,True,True,33.30418305237137,33.11535513230864,33.30418305237137,33.11535513230864,False,False,False,False,0.9912774146477256,0.9011177712967948,0.9011177712967948,False,both,right,none,none,0,moving_average,4,2.0,peak,14,-1,-1,14,False,0.8886188608972913,False,False,False,False,False,False,False,,,25.632183908045977
frame_000224.jpg,33.03572358631301,32.73310510848347,224,True,0.19274425463299175,0.0733721403909477,0.035682881449288675,0.6114345032578975,False,False,False,False,False,0.3753668954884438,0.12,0.18,False,False,True,True,True,33.03572358631301,32.73310510848347,33.03572358631301,32.73310510848347,False,False,False,False,0.9490992450379607,0.860626415573765,0.860626415573765,False,both,right,none,none,0,moving_average,4,2.0,peak,14,-1,-1,14,False,0.8741235341481082,False,False,False,False,False,False,False,,,25.74712643678161
frame_000225.jpg,33.03572358631301,32.73310510848347,225,True,0.0,0.0,0.0,0.0,False,False,False,False,False,0.3753668954884438,0.12,0.18,False,False,True,True,True,33.03572358631301,32.73310510848347,33.03572358631301,32.73310510848347,False,False,False,False,0.9490992450379607,0.860626415573765,0.860626415573765,False,both,right,none,none,0,moving_average,4,2.0,peak,14,-1,-1,14,False,0.8383589271213441,False,False,False,False,False,False,False,,,25.862068965517242
frame_000226.jpg,32.86449628488634,32.10247065531622,226,True,0.20691026071342822,0.04303969341841575,0.03184021894190708,0.5512213868625456,False,False,False,False,False,0.3753668954884438,0.12,0.18,False,False,True,True,True,32.86449628488634,32.10247065531622,32.86449628488634,32.10247065531622,False,False,False,False,0.9221974029556765,0.7938239502165026,0.7938239502165026,False,both,right,none,none,0,moving_average,4,2.0,peak,14,-1,-1,14,False,0.820824702053594,False,False,False,False,False,False,False,,,25.977011494252874
frame_000227.jpg,32.836397670762686,32.23652075138639,227,True,0.009784594793069229,0.0,0.0,0.02606674938752147,False,False,False,False,False,0.3753668954884438,0.12,0.18,False,False,True,True,True,32.836397670762686,32.23652075138639,32.836397670762686,32.23652075138639,False,False,False,False,0.9177827770543894,0.8080237403705147,0.8080237403705147,False,both,right,none,none,0,moving_average,4,2.0,peak,14,-1,-1,14,False,0.8003413542644167,False,False,False,False,False,False,False,,,26.091954022988507
frame_000228.jpg,32.77991575626949,32.152999055676325,228,True,0.052834109587990216,0.013964111574984792,0.007599213230015238,0.14075324761721505,False,False,False,False,False,0.3753668954884438,0.12,0.18,False,False,True,True,True,32.77991575626949,32.152999055676325,32.77991575626949,32.152999055676325,False,False,False,False,0.90890879766243,0.7991763722062329,0.7991763722062329,False,both,right,none,none,0,moving_average,4,2.0,peak,14,-1,-1,14,False,0.806000301162433,False,False,False,False,False,False,False,,,26.20689655172414
frame_000229.jpg,32.80759207823553,32.26273690582572,229,True,0.04215087019912988,0.024627818810709075,0.0029179315671853507,0.20523182342257565,False,False,False,False,False,0.3753668954884438,0.12,0.18,False,False,True,True,True,32.80759207823553,32.26273690582572,32.80759207823553,32.26273690582572,False,False,False,False,0.9132570764517663,0.8108007909105518,0.8108007909105518,False,both,right,none,none,0,moving_average,4,2.0,peak,14,-1,-1,14,False,0.8047277242148746,False,False,False,False,False,False,False,,,26.32183908045977
frame_000230.jpg,32.7760838636779,32.20048027609203,230,True,0.012922705065928889,0.002048849718478891,0.0016469573120280198,0.03442686401291009,False,False,False,False,False,0.3753668954884438,0.12,0.18,False,False,True,True,True,32.7760838636779,32.20048027609203,32.7760838636779,32.20048027609203,False,False,False,False,0.9083067618391917,0.804206009527839,0.804206009527839,False,both,right,none,none,0,moving_average,4,2.0,peak,14,-1,-1,14,False,0.8066570577001272,False,False,False,False,False,False,False,,,26.436781609195403
frame_000231.jpg,32.76106350705832,32.20763944181818,231,True,0.004576476041566527,0.0013468755682005875,0.003871000097451091,0.021505556096950505,False,False,False,False,False,0.3753668954884438,0.12,0.18,False,False,True,True,True,32.76106350705832,32.20763944181818,32.76106350705832,32.20763944181818,False,False,False,False,0.9059468854734909,0.804964372661991,0.804964372661991,False,both,right,none,none,0,moving_average,4,2.0,peak,14,-1,-1,14,False,0.8077913759082319,False,False,False,False,False,False,False,,,26.551724137931036
frame_000232.jpg,32.93840841175624,32.294861774529,232,True,0.00480820083078149,0.001552209968480341,0.0050821162126844744,0.028233978959358193,False,False,False,False,False,0.3753668954884438,0.12,0.18,False,False,True,True,True,32.93840841175624,32.294861774529,32.93840841175624,32.294861774529,False,False,False,False,0.9338098756656511,0.814203745534866,0.814203745534866,False,both,right,none,none,0,moving_average,4,2.0,peak,14,-1,-1,14,False,0.83022971682716,False,False,False,False,False,False,False,,,26.666666666666668
frame_000233.jpg,33.02228305203111,32.83595341827526,233,True,0.03495370369200079,0.0694972093731357,0.019897289392391306,0.5791434114427975,False,False,False,False,False,0.3753668954884438,0.12,0.18,False,False,True,True,True,33.02228305203111,32.83595341827526,33.02228305203111,32.83595341827526,False,False,False,False,0.9469875775191685,0.8715210322846232,0.8715210322846232,False,both,right,none,none,0,moving_average,4,2.0,peak,14,-1,-1,14,False,0.859479671168987,False,False,False,False,False,False,False,,,26.7816091954023
frame_000234.jpg,33.326402392878116,33.03602334334974,234,True,0.06532495217323575,0.0013496947322191827,0.010068892344486498,0.1740296039911353,False,False,False,False,False,0.3753668954884438,0.12,0.18,False,False,True,True,True,33.326402392878116,33.03602334334974,33.326402392878116,33.03602334334974,False,False,False,False,0.9947683368575867,0.8927142356874721,0.8927142356874721,False,both,right,none,none,0,moving_average,4,2.0,peak,14,-1,-1,14,False,0.8856498345531891,False,False,False,False,False,False,False,,,26.896551724137932
frame_000235.jpg,33.326402392878116,33.03602334334974,235,True,0.0,0.0,0.0,0.0,False,False,False,False,False,0.3753668954884438,0.12,0.18,False,False,True,True,True,33.326402392878116,33.03602334334974,33.326402392878116,33.03602334334974,False,False,False,False,0.9947683368575867,0.8927142356874721,0.8927142356874721,False,both,right,none,none,0,moving_average,4,2.0,peak,14,-1,-1,14,False,0.8932531840028384,False,False,False,False,False,False,False,,,27.011494252873565
frame_000236.jpg,33.30078485138847,33.051286823866306,236,True,0.04198167937610118,0.008193651495837277,0.010712882778890653,0.11184172040923529,False,False,False,False,False,0.3753668954884438,0.12,0.18,False,False,True,True,True,33.30078485138847,33.051286823866306,33.30078485138847,33.051286823866306,False,False,False,False,0.9907435169255507,0.8943310806335708,0.8943310806335708,False,both,right,none,none,0,moving_average,4,2.0,peak,14,-1,-1,14,False,0.8953386232549916,False,False,False,False,False,False,False,,,27.126436781609197
frame_000237.jpg,33.33092078551736,33.09508477927258,237,True,0.009868139020857737,0.0072622024735092125,0.0015763279029646256,0.060518353945910104,False,False,False,False,False,0.3753668954884438,0.12,0.18,False,False,True,True,True,33.33092078551736,33.09508477927258,33.33092078551736,33.09508477927258,False,False,False,False,0.9954782299893118,0.8989705534439323,0.8989705534439323,False,both,right,none,none,0,moving_average,4,2.0,peak,14,-1,-1,14,False,0.896024269347298,True,False,False,False,False,False,False,13,,27.24137931034483
frame_000238.jpg,33.29977106170222,33.055441431267994,238,True,0.0073265568406260615,0.006057840205365753,0.001830946224516159,0.05048200171138128,False,False,False,False,False,0.3753668954884438,0.12,0.18,False,False,True,True,True,33.29977106170222,33.055441431267994,33.29977106170222,33.055441431267994,False,False,False,False,0.9905842385288404,0.8947711739643909,0.8947711739643909,False,both,right,none,none,0,moving_average,4,2.0,peak,14,-1,-1,14,False,0.8940088509983903,False,False,False,False,False,False,False,,,27.35632183908046
frame_000239.jpg,33.28553205492932,32.994208440236186,239,True,0.00820016691051648,0.016356299771409413,0.016396304686235846,0.13630249809507844,False,False,False,False,False,0.3753668954884438,0.12,0.18,False,False,True,True,True,33.28553205492932,32.994208440236186,33.28553205492932,32.994208440236186,False,False,False,False,0.9883471215012319,0.8882848255868482,0.8882848255868482,False,both,right,none,none,0,moving_average,4,2.0,peak,14,-1,-1,14,False,0.8792132811870192,False,False,False,False,False,False,False,,,27.471264367816094
frame_000240.jpg,32.97977460828796,32.67606149798836,240,True,0.010379788582495702,1.0583045147922586e-05,0.0005958465453272113,0.027652381462646213,False,False,False,False,False,0.3753668954884438,0.12,0.18,False,False,True,True,True,32.97977460828796,32.67606149798836,32.97977460828796,32.67606149798836,False,False,False,False,0.9403089962928464,0.854583844009819,0.854583844009819,False,both,right,none,none,0,moving_average,4,2.0,peak,14,-1,-1,14,False,0.8628736185497343,False,False,False,False,False,False,False,,,27.586206896551726
frame_000241.jpg,32.956300756933416,32.59268811114305,241,True,0.005331948785031286,0.011441043180354687,0.009419650874310723,0.09534202650295573,False,False,False,False,False,0.3753668954884438,0.12,0.18,False,False,True,True,True,32.956300756933416,32.59268811114305,32.956300756933416,32.59268811114305,False,False,False,False,0.9366209755336485,0.845752186052536,0.845752186052536,False,both,right,none,none,0,moving_average,4,2.0,peak,14,-1,-1,14,False,0.848696072038297,False,False,False,False,False,False,False,,,27.70114942528736
frame_000242.jpg,32.956300756933416,32.59268811114305,242,True,0.0,0.0,0.0,0.0,False,False,False,False,True,0.3753668954884438,0.12,0.18,False,False,True,True,True,32.956300756933416,32.59268811114305,32.956300756933416,32.59268811114305,False,False,True,True,0.9366209755336485,0.845752186052536,0.845752186052536,False,both,right,none,none,0,moving_average,4,2.0,peak,14,-1,-1,14,False,0.8053620215000454,False,False,False,False,False,False,False,,,27.81609195402299
frame_000243.jpg,32.94962259507906,31.448803860778646,243,True,0.04439770383782858,0.13400804856543144,0.013880499748722923,1.116733738045262,False,True,False,True,True,0.3753668954884438,0.12,0.18,False,False,True,True,True,32.94962259507906,31.448803860778646,32.94962259507906,31.448803860778646,False,False,True,True,0.9355717570147041,0.7245816923950643,0.7245816923950643,False,both,right,none,none,0,moving_average,4,2.0,peak,14,-1,-1,14,False,0.7616652416798152,False,False,False,False,False,False,False,,,27.931034482758623
frame_000244.jpg,32.88265831207583,31.355157668229314,244,True,0.03922723604548921,0.0,0.0,0.10450371760792868,False,False,False,False,True,0.3753668954884438,0.12,0.18,False,False,True,True,True,32.88265831207583,31.355157668229314,32.88265831207583,31.355157668229314,False,False,True,True,0.9250508730698164,0.7146618465918455,0.7146618465918455,False,both,right,none,none,0,moving_average,4,2.0,peak,14,-1,-1,14,False,0.7197398774514887,False,False,False,False,False,False,False,,,28.045977011494255
frame_000245.jpg,32.90853266900842,31.405325683608282,245,True,0.015486106354009857,0.0,0.0,0.04125591931557698,False,False,False,False,False,0.3753668954884438,0.12,0.18,False,False,True,True,True,32.90853266900842,31.405325683608282,32.90853266900842,31.405325683608282,False,False,False,False,0.9291160417571783,0.7199760933675562,0.7199760933675562,False,both,right,none,none,0,moving_average,4,2.0,peak,14,-1,-1,14,False,0.7161943738098517,False,False,False,False,False,False,False,,,28.160919540229887
frame_000246.jpg,32.92680230225352,31.34839214371304,246,True,0.003095662566314072,0.0,0.0,0.008247031380553313,False,False,False,False,False,0.3753668954884438,0.12,0.18,False,False,True,True,True,32.92680230225352,31.34839214371304,32.92680230225352,31.34839214371304,False,False,False,False,0.93198641806029,0.7139451814701537,0.7139451814701537,False,both,right,none,none,0,moving_average,4,2.0,peak,14,-1,-1,14,False,0.7180600153193317,False,False,False,False,False,False,False,,,28.27586206896552
frame_000247.jpg,33.00746438783605,31.407994242755937,247,True,0.011555713308969559,0.0,0.0,0.030785115703751018,False,False,False,False,False,0.3753668954884438,0.12,0.18,False,False,True,True,True,33.00746438783605,31.407994242755937,33.00746438783605,31.407994242755937,False,False,False,False,0.9446593894281082,0.7202587711202856,0.7202587711202856,False,both,right,none,none,0,moving_average,4,2.0,peak,14,-1,-1,14,False,0.7261095862547601,False,False,False,False,False,False,False,,,28.390804597701152
frame_000248.jpg,33.06081415445466,31.633296466031343,248,True,0.01616180404588345,0.0,0.0,0.04305601863172565,False,False,False,False,False,0.3753668954884438,0.12,0.18,False,False,True,True,True,33.06081415445466,31.633296466031343,33.06081415445466,31.633296466031343,False,False,False,False,0.9530412712001294,0.744124806173841,0.744124806173841,False,both,right,none,none,0,moving_average,4,2.0,peak,14,-1,-1,14,False,0.7763480012101587,False,False,False,False,False,False,False,,,28.505747126436784
frame_000249.jpg,33.0783026535049,32.77118732831964,249,True,0.08069805905111974,0.11121857636773319,0.0033260215667117597,0.9268214697311099,False,False,False,False,False,0.3753668954884438,0.12,0.18,False,False,True,True,True,33.0783026535049,32.77118732831964,33.0783026535049,32.77118732831964,False,False,False,False,0.9557889220466105,0.8646604263363495,0.8646604263363495,False,both,right,none,none,0,moving_average,4,2.0,peak,14,-1,-1,14,False,0.8259969118035784,False,False,False,False,False,False,False,,,28.620689655172416
frame_000250.jpg,33.071379482311706,32.81409415605924,250,True,0.001600476259719986,0.00023777469539453647,0.0004673415441647042,0.0042637650761327165,False,False,False,False,False,0.3753668954884438,0.12,0.18,False,False,True,True,True,33.071379482311706,32.81409415605924,33.071379482311706,32.81409415605924,False,False,False,False,0.954701209651472,0.8692055029005449,0.8692055029005449,False,both,right,none,none,0,moving_average,4,2.0,peak,14,-1,-1,14,False,0.8643244951219278,False,False,False,False,False,False,False,,,28.73563218390805
frame_000251.jpg,33.08684902139921,32.71876663923186,251,True,0.061067149154085905,0.007292832573322118,0.009880679749942542,0.16268656050401745,False,False,False,False,False,0.3753668954884438,0.12,0.18,False,False,True,True,True,33.08684902139921,32.71876663923186,33.08684902139921,32.71876663923186,False,False,False,False,0.9571316579161491,0.8591075561288894,0.8591075561288894,False,both,right,none,none,0,moving_average,4,2.0,peak,14,-1,-1,14,False,0.86428352357446,False,False,False,False,False,False,False,,,28.85057471264368
frame_000252.jpg,33.089536633120154,32.77002697880434,252,True,0.004275258645460283,0.015656503552922037,0.003100468895300348,0.13047086294101698,False,False,False,False,False,0.3753668954884438,0.12,0.18,False,False,True,True,True,33.089536633120154,32.77002697880434,33.089536633120154,32.77002697880434,False,False,False,False,0.9575539136282517,0.8645375116939462,0.8645375116939462,False,both,right,none,none,0,moving_average,4,2.0,peak,14,-1,-1,14,False,0.8673692137675304,False,False,False,False,False,False,False,,,28.965517241379313
frame_000253.jpg,33.15415882218984,32.901483560199196,253,True,0.04607394690158045,0.02266902330706668,0.010127868358903414,0.188908527558889,False,False,False,False,False,0.3753668954884438,0.12,0.18,False,False,True,True,True,33.15415882218984,32.901483560199196,33.15415882218984,32.901483560199196,False,False,False,False,0.9677068268078639,0.8784625734797555,0.8784625734797555,False,both,right,none,none,0,moving_average,4,2.0,peak,14,-1,-1,14,False,0.8738208862178191,False,False,False,False,False,False,False,,,29.080459770114945
frame_000254.jpg,33.15415882218984,32.901483560199196,254,True,0.0,0.0,0.0,0.0,False,False,False,False,False,0.3753668954884438,0.12,0.18,False,False,True,True,True,33.15415882218984,32.901483560199196,33.15415882218984,32.901483560199196,False,False,False,False,0.9677068268078639,0.8784625734797555,0.8784625734797555,False,both,right,none,none,0,moving_average,4,2.0,peak,14,-1,-1,14,False,0.8741858467532534,True,False,False,False,False,False,False,14,,29.195402298850578
frame_000255.jpg,33.09323299703631,32.78036297552813,255,True,0.03895058275765434,0.03199740912195946,0.015165017888703036,0.26664507601632886,False,False,False,False,False,0.3753668954884438,0.12,0.18,False,False,True,True,True,33.09323299703631,32.78036297552813,33.09323299703631,32.78036297552813,False,False,False,False,0.9581346562874102,0.8656323933002491,0.8656323933002491,False,both,right,none,none,0,moving_average,4,2.0,peak,14,-1,-1,14,False,0.8685541115419516,False,False,False,False,False,False,False,,,29.31034482758621
frame_000256.jpg,33.03582362808916,32.74198796809635,256,True,0.026070474876412657,0.010103328645165202,0.0018454944895989532,0.0841944053763767,False,False,False,False,False,0.3753668954884438,0.12,0.18,False,False,True,True,True,33.03582362808916,32.74198796809635,33.03582362808916,32.74198796809635,False,False,False,False,0.9491149627888171,0.8615673678458502,0.8615673678458502,False,both,right,none,none,0,moving_average,4,2.0,peak,14,-1,-1,14,False,0.8572799150495354,False,False,False,False,False,False,False,,,29.425287356321842
frame_000257.jpg,32.97854049774643,32.58218860445747,257,True,0.015857151021106658,0.00636389998323238,0.005347271828354506,0.05303249986026984,False,False,False,False,False,0.3753668954884438,0.12,0.18,False,False,True,True,True,32.97854049774643,32.58218860445747,32.97854049774643,32.58218860445747,False,False,False,False,0.9401151028738428,0.844639984002507,0.844639984002507,False,both,right,none,none,0,moving_average,4,2.0,peak,14,-1,-1,14,False,0.8483600788146548,False,False,False,False,False,False,False,,,29.540229885057474
frame_000258.jpg,32.96497047823343,32.527745530217906,258,True,0.003313049541302758,0.009545363297991832,0.00560017731411022,0.07954469414993194,False,False,False,False,True,0.3753668954884438,0.12,0.18,False,False,True,True,True,32.96497047823343,32.527745530217906,32.96497047823343,32.527745530217906,False,False,True,True,0.9379830916878317,0.8388728845956073,0.8388728845956073,False,both,right,none,none,0,moving_average,4,2.0,peak,14,-1,-1,14,False,0.8103482894451995,False,False,False,False,False,False,False,,,29.655172413793107
frame_000259.jpg,32.933056266677646,31.665461351538966,259,True,0.04917179411198877,0.13792813836820575,0.017125951926431127,1.1494011530683812,False,True,False,True,True,0.3753668954884438,0.12,0.18,False,False,True,True,True,32.933056266677646,31.665461351538966,32.933056266677646,31.665461351538966,False,False,True,True,0.9329689901263346,0.7475319997374845,0.7475319997374845,False,both,right,none,none,0,moving_average,4,2.0,peak,14,-1,-1,14,False,0.7765853939515543,False,False,False,False,False,False,False,,,29.77011494252874
frame_000260.jpg,32.938439910065334,31.62599432226561,260,True,0.0020549035467500045,0.0,0.0,0.005474386717230549,False,False,False,False,True,0.3753668954884438,0.12,0.18,False,False,True,True,True,32.938439910065334,31.62599432226561,32.938439910065334,31.62599432226561,False,False,True,True,0.9338148244239974,0.7433512975215714,0.7433512975215714,False,both,right,none,none,0,moving_average,4,2.0,peak,14,-1,-1,14,False,,False,False,False,False,False,False,False,,,29.88505747126437
